Food-Group-Name,Food-Group-Code,Sex,Age,Number-of-Respondents,Percentage-of-Eaters,All-Person-Consumption-Intake-g-per-person-Mean,All-Person-Consumption-Intake-g-per-person-SE-Mean,All-Person-Consumption-Intake-g-per-person-P50,All-Person-Consumption-Intake-g-per-person-SE-P50,All-Person-Consumption-Intake-g-per-person-P90,All-Person-Consumption-Intake-g-per-person-SE-P90,All-Person-Consumption-Intake-g-per-person-P95,All-Person-Consumption-Intake-g-per-person-SE-P95,All-Person-Consumption-Intake-g-per-kg-body-weight-Mean,All-Person-Consumption-Intake-g-per-kg-body-weight-SE-Mean,All-Person-Consumption-Intake-g-per-kg-body-weight-P50,All-Person-Consumption-Intake-g-per-kg-body-weight-SE-P50,All-Person-Consumption-Intake-g-per-kg-body-weight-P90,All-Person-Consumption-Intake-g-per-kg-body-weight-SE-P90,All-Person-Consumption-Intake-g-per-kg-body-weight-P95,All-Person-Consumption-Intake-g-per-kg-body-weight-SE-P95,Eaters-Only-Consumption-Intake-g-per-person-Mean,Eaters-Only-Consumption-Intake-g-per-person-SE-Mean,Eaters-Only-Consumption-Intake-g-per-person-P50,Eaters-Only-Consumption-Intake-g-per-person-SE-P50,Eaters-Only-Consumption-Intake-g-per-person-P90,Eaters-Only-Consumption-Intake-g-per-person-SE-P90,Eaters-Only-Consumption-Intake-g-per-person-P95,Eaters-Only-Consumption-Intake-g-per-person-SE-P95,Eaters-Only-Consumption-Intake-g-per-kg-body-weight-Mean,Eaters-Only-Consumption-Intake-g-per-kg-body-weight-SE-Mean,Eaters-Only-Consumption-Intake-g-per-kg-body-weight-P50,Eaters-Only-Consumption-Intake-g-per-kg-body-weight-SE-P50,Eaters-Only-Consumption-Intake-g-per-kg-body-weight-P90,Eaters-Only-Consumption-Intake-g-per-kg-body-weight-SE-P90,Eaters-Only-Consumption-Intake-g-per-kg-body-weight-P95,Eaters-Only-Consumption-Intake-g-per-kg-body-weight-SE-P95
MEATS - OVERALL,22 - 25 and 27 - 32 and 34 - 35,Both,All ages,19670,89.41325033,124.1522152,1.569090807,99.47234796,1.569090807,266.8055179,4.497609206,342.5496102,7.257269383,1.954886097,0.024897815,1.483644203,0.026439457,4.185811199,0.054748127,5.563212968,0.157871808,138.8521441,1.635529666,112.8683453,1.951644338,278.5058248,4.74586386,355.4420995,8.693232185,2.186442023,0.026320168,1.689493775,0.026906461,4.316485408,0.062650375,5.83384448,0.093441594
MEATS - OVERALL,22 - 25 and 27 - 32 and 34 - 35,Both,1-3 Years,1288,86.94562822,54.75674142,2.860899126,35.65644919,2.860899126,139.8968985,13.00176652,167.2447085,11.56042618,3.97654888,0.229621348,2.598099072,0.183014114,9.871567843,1.203372545,13.16830964,0.954435814,62.97814225,3.131988634,44.15014866,4.053889993,141.578812,9.650090088,176.7973346,12.3755255,4.59017842,0.25557517,3.119748651,0.208726209,11.07942922,1.455395534,13.45872896,0.858599862
MEATS - OVERALL,22 - 25 and 27 - 32 and 34 - 35,Both,4-8 Years,1199,90.25549964,82.12826798,3.984072353,63.25131013,3.984072353,165.0677339,9.518636696,237.4974686,22.53060591,3.644266508,0.177025103,2.808605467,0.160387579,7.358214291,0.418402349,10.4618121,1.121955594,90.9953059,4.183708902,70.00017048,2.936359695,173.5890974,11.01347092,252.422789,23.05551303,4.03772238,0.185814005,3.111013739,0.146560927,7.829770225,0.500455962,11.06190717,1.287232572
MEATS - OVERALL,22 - 25 and 27 - 32 and 34 - 35,Both,9-13 Years,1962,88.40837028,100.966462,3.09521894,80.26770965,3.09521894,213.4420377,11.32134128,265.3645056,18.90179198,2.469991566,0.081190687,1.885972752,0.104741896,5.52014705,0.21588934,6.761418692,0.354440478,114.2046411,3.067658377,90.33282236,3.503267653,228.1856609,10.83743217,291.6215106,19.77298965,2.793843567,0.083034504,2.189056101,0.082024158,5.756445214,0.216535761,7.104646058,0.406913051
MEATS - OVERALL,22 - 25 and 27 - 32 and 34 - 35,Both,14-18 Years,1890,87.02870587,131.7452006,4.950039537,99.22190041,4.950039537,285.5767077,13.79021887,444.8121368,47.68651102,2.045168886,0.076917918,1.508491037,0.07311764,4.68248062,0.300361678,6.690885814,0.396106268,151.3813164,5.226529459,115.8349877,3.556029955,304.6487662,18.34183025,467.221757,39.45655371,2.349993448,0.08093253,1.807961747,0.081376931,5.168205053,0.3896871,6.700717982,0.310132866
MEATS - OVERALL,22 - 25 and 27 - 32 and 34 - 35,Both,19-30 Years,1849,89.10269701,150.1810804,7.481123721,124.5037275,7.481123721,315.1596167,23.58352574,401.8052544,43.22196241,2.083711621,0.100785194,1.754610484,0.095619008,4.232353929,0.226424544,5.810034508,0.431318183,168.5482992,7.757003591,143.1956909,8.870165855,335.35392,24.94841377,420.8907535,49.31224103,2.338550562,0.105527735,1.922219151,0.08538822,4.408392287,0.316428419,5.906301622,0.521835377
MEATS - OVERALL,22 - 25 and 27 - 32 and 34 - 35,Both,31-50 Years,4389,88.67080267,133.318311,3.501290992,106.7693494,3.501290992,283.8712807,9.557183374,355.2231031,16.34455595,1.736321071,0.04818259,1.357980378,0.050688175,3.822353375,0.14692496,4.740036875,0.200124353,150.351984,3.53656523,121.3866921,3.256497205,297.9682342,10.14887033,377.1321399,14.05924249,1.958165505,0.048382781,1.579000289,0.05453125,4.053541604,0.156699263,4.946582737,0.191282762
MEATS - OVERALL,22 - 25 and 27 - 32 and 34 - 35,Both,51-70 Years,4465,91.47302256,129.9807368,2.556151507,111.35226,2.556151507,268.3021136,6.387342095,341.5118452,13.54809229,1.655409614,0.03150133,1.406681134,0.040261923,3.350993494,0.09699002,4.051490537,0.140746992,142.0973454,2.618070415,120.026619,2.560718398,274.9357569,6.98352087,345.3241931,10.81021843,1.809724406,0.032892555,1.532928362,0.0352295,3.500780518,0.100087431,4.205795192,0.149107612
MEATS - OVERALL,22 - 25 and 27 - 32 and 34 - 35,Both,71+ Years,2628,88.879709,98.41181569,2.627333238,81.77562571,2.627333238,202.8873417,6.658000782,254.3462236,10.3243329,1.352077066,0.036240845,1.109024443,0.032919279,2.780743627,0.133131977,3.65186234,0.237049317,110.7247276,2.615911839,92.03401623,2.758540024,213.6104915,7.15396388,263.6476006,10.82153878,1.521243803,0.035436321,1.271736317,0.04010782,2.961866039,0.1452597,3.912627605,0.258899987
MEATS - OVERALL,22 - 25 and 27 - 32 and 34 - 35,Both,1-18 Years,6339,88.28612137,96.83393401,2.098924943,70.03052767,2.098924943,211.6013907,5.490338875,287.0559987,11.35749959,2.91482738,0.071241641,2.016329747,0.049618156,6.468543587,0.169092156,8.551525202,0.265471978,109.6819438,2.206393559,81.18233459,2.310452913,225.2217378,7.613496466,305.4776888,13.21240351,3.302802055,0.077102274,2.319567915,0.061718978,6.79277827,0.158864246,8.926364792,0.448692366
MEATS - OVERALL,22 - 25 and 27 - 32 and 34 - 35,Both,19+ Years,13331,89.69008365,130.8618383,1.904725223,105.9550047,1.904725223,275.8170191,5.172725551,349.3192743,9.206949172,1.721920058,0.025633933,1.391301956,0.025139885,3.679320721,0.075581694,4.535357999,0.133358678,145.9044668,1.962995287,120,1.673855811,286.1482055,5.017599017,366.71253,9.850400686,1.91985556,0.026876698,1.572702081,0.026883451,3.826869745,0.068847289,4.759187233,0.142673926
MEATS - OVERALL,22 - 25 and 27 - 32 and 34 - 35,Male,9-13 Years,1023,87.6652399,111.1040567,4.551772764,92.09406426,4.551772764,241.8979847,9.402782891,302.3915014,24.32095764,2.714663718,0.122670403,2.182915671,0.130015448,5.712359652,0.361721657,7.105095394,0.453537328,126.7367281,4.523349274,104.1737598,4.374832817,242.7362623,8.890395303,316.330574,22.48989597,3.09662498,0.125798302,2.535070963,0.140273983,6.111070393,0.388691615,7.46369803,0.489976066
MEATS - OVERALL,22 - 25 and 27 - 32 and 34 - 35,Male,14-18 Years,900,91.01297442,158.0140975,8.122520996,118.125443,8.122520996,348.1864065,37.9246335,514.034184,37.53212331,2.296585438,0.11426697,1.747795139,0.110717015,5.596745316,0.614488621,6.831399954,0.353563598,173.6171118,8.399734373,126.9474673,5.551455275,353.3626313,45.61776726,525.5013742,35.97234012,2.52336049,0.11817375,1.925619446,0.092386398,5.836703977,0.568789069,7.074114674,0.385024479
MEATS - OVERALL,22 - 25 and 27 - 32 and 34 - 35,Male,19-30 Years,857,92.9593111,188.8001978,11.50545847,167.9991372,11.50545847,385.1669984,30.98116636,512.5938051,58.38452895,2.443173159,0.146907588,2.111094789,0.15059153,5.11662337,0.533930157,6.023836887,0.933764542,203.0998246,11.74050945,180.0937658,9.465252206,387.1387041,36.39511581,517.5847215,58.15094671,2.628217798,0.151212906,2.31321358,0.161893644,5.173822101,0.517810746,6.171377131,0.984581144
MEATS - OVERALL,22 - 25 and 27 - 32 and 34 - 35,Male,31-50 Years,2005,91.37333608,163.5973186,5.816615032,132.1202961,5.816615032,332.6303219,13.53907136,410.4444762,19.94355388,1.918490026,0.070150071,1.487528802,0.087484609,3.981063174,0.205428077,5.245090165,0.385656791,179.0427335,5.937035898,146.6010338,6.037172715,339.9042975,18.17696146,430.9583345,19.37572349,2.099616921,0.071383926,1.682318441,0.06859233,4.186246995,0.190383888,5.571594698,0.364807396
MEATS - OVERALL,22 - 25 and 27 - 32 and 34 - 35,Male,51-70 Years,2151,92.30409603,157.5871391,4.770571282,137.0460677,4.770571282,306.2284558,13.58070784,384.3382825,19.14325908,1.832932872,0.055580295,1.579042032,0.061250419,3.698068724,0.119891356,4.377280827,0.290602161,170.7260521,4.82137018,148.0636156,4.232738504,317.8889272,15.44209681,387.2969499,20.46516383,1.985754643,0.05662563,1.723065633,0.067368231,3.739712719,0.108608323,4.651168905,0.283170564
MEATS - OVERALL,22 - 25 and 27 - 32 and 34 - 35,Male,71+ Years,1180,91.27779271,113.6081073,4.554255285,92.62054314,4.554255285,226.7969502,11.55051391,279.9446969,21.16727443,1.409861637,0.053797002,1.141614776,0.054529619,2.874873842,0.206241539,3.912994769,0.362900085,124.4641264,4.61102446,101.2663365,3.874942804,239.8339001,12.18910571,294.6747809,24.73334134,1.544583403,0.054340188,1.280840645,0.063342725,3.025125715,0.212646201,4.246174437,0.424918315
MEATS - OVERALL,22 - 25 and 27 - 32 and 34 - 35,Male,19+ Years,6193,91.95596246,160.735635,3.30890536,135.0608931,3.30890536,325.8669327,9.425126702,409.0714206,13.93626623,1.929488623,0.040573641,1.589235188,0.043910607,3.924617653,0.14136087,5.092288022,0.226802188,174.7963163,3.37348356,147.8846838,3.396168093,336.0527616,10.25138444,420.9985048,15.76812328,2.098274621,0.04169975,1.731069951,0.035819425,4.091186019,0.125297667,5.216717516,0.277808452
MEATS - OVERALL,22 - 25 and 27 - 32 and 34 - 35,Female,9-13 Years,939,89.19047915,90.29713264,4.196677835,67.41339566,4.196677835,197.7123889,7.77216998,247.9791349,18.33868467,2.212485933,0.111888996,1.617193343,0.104930639,4.887301909,0.398318452,6.430843346,0.514295866,101.2407754,4.246687384,76.48249377,3.893613472,203.2281403,7.149909679,256.2208386,20.80214403,2.480630168,0.114651428,1.885942851,0.133965042,5.289709069,0.406363422,6.514135093,0.639763987
MEATS - OVERALL,22 - 25 and 27 - 32 and 34 - 35,Female,14-18 Years,990,82.81598569,103.9700868,6.090738292,79.79268163,6.090738292,227.7928471,17.08448379,315.5243588,37.24456892,1.779336508,0.110856898,1.264238327,0.099473778,3.948353738,0.403445541,5.828958631,0.691772301,125.5434998,6.377915323,99.84735512,4.709875625,250.6612311,18.0721058,333.1578222,45.39893755,2.14854233,0.117911556,1.60122735,0.115152749,4.304319957,0.510962593,6.281231787,0.71618759
MEATS - OVERALL,22 - 25 and 27 - 32 and 34 - 35,Female,19-30 Years,992,84.83224518,107.417901,6.676391156,86.90818158,6.676391156,219.6663274,16.53431505,282.0543437,23.54287659,1.685677713,0.117302399,1.286242299,0.126911374,3.851514876,0.202794674,4.276332106,0.522390431,126.6239044,6.990197455,106.8253727,8.204506445,239.2814428,19.41241548,302.0081824,25.70393941,1.987071908,0.12670567,1.613161852,0.146448697,4.023410099,0.167505692,4.54 E,0.805441718
MEATS - OVERALL,22 - 25 and 27 - 32 and 34 - 35,Female,31-50 Years,2384,86.08457867,104.3424265,3.877866432,89.16443052,3.877866432,218.5197699,10.18246045,279.9803237,17.02982132,1.561992154,0.063782434,1.215317874,0.064492219,3.697196627,0.233131773,4.438120048,0.248833992,121.2091969,3.904960243,103.9616492,4.543166642,235.4106293,14.12719083,290.8765369,18.74995595,1.81448545,0.065565706,1.476039488,0.080134291,3.897271552,0.215667726,4.586559362,0.259792733
MEATS - OVERALL,22 - 25 and 27 - 32 and 34 - 35,Female,51-70 Years,2314,90.66087998,103.0031762,2.695349891,83.44819441,2.695349891,211.8154952,7.66574978,267.0137961,10.28581032,1.481930129,0.039087069,1.208605386,0.046679747,3.109012138,0.069076145,3.760852608,0.115880096,113.6136955,2.855136115,94.22925068,4.243440228,221.6611713,7.780025556,270.1380632,10.04152067,1.634586085,0.041215438,1.367298703,0.058683744,3.147209825,0.058926638,3.806312899,0.125782543
MEATS - OVERALL,22 - 25 and 27 - 32 and 34 - 35,Female,71+ Years,1448,86.98000329,86.37366968,3.042402748,70.31274056,3.042402748,185.8034197,9.404690897,226.5011615,11.43262662,1.306301483,0.047402301,1.089213082,0.043720519,2.725201949,0.154152646,3.362821288,0.259711806,99.30290459,2.959566787,83.92095101,3.603255464,196.1696258,7.787795372,233.0780228,13.73144256,1.501841151,0.046091457,1.261642392,0.049368335,2.851225866,0.190134841,3.661740381,0.271509103
MEATS - OVERALL,22 - 25 and 27 - 32 and 34 - 35,Female,19+ Years,7138,87.50251495,102.0204977,2.010560753,84,2.010560753,211.81465,4.134090807,271.8227072,7.37294844,1.521525186,0.032259452,1.202950859,0.033443044,3.327058893,0.10613666,4.137813098,0.083456212,116.5915034,2.082236465,99.95582352,1.912719348,223.2967334,6.264500427,279.4404467,8.053943385,1.738835948,0.033798151,1.408891524,0.039114975,3.574164352,0.128097894,4.228200056,0.12582231
BEEF,22,Both,All ages,19670,34.58798687,29.19411952,0.946411573,F,F,103.7225732,4.104420982,156.7226252,5.819818389,0.43784449,0.013658189,F,F,1.516585266,0.044343755,2.310451103,0.078555223,84.40537354,2.01652924,66.16586866,2.373198608,188.6886206,7.16044485,237.4754815,8.781620192,1.264811435,0.029201162,0.931425167,0.027676276,2.715351626,0.077257925,3.607244432,0.140729907
BEEF,22,Both,1-3 Years,1288,28.93250235,10.99225331,1.646705727,F,F,35.96 E,6.98087028,67.75501027,9.467012938,0.808547656,0.126978667,F,F,3.00223155,0.393554515,4.183473562,0.658723816,37.9927501,4.139957018,24.19578339,3.979550101,86.94159796,12.06831775,116.07 E,25.97616309,2.744617877,0.322810959,1.809497459,0.268485784,5.48 E,0.993126879,7.79 E,2.290275047
BEEF,22,Both,4-8 Years,1199,28.31295828,12.95026904,1.177978148,F,F,53.21612751,4.831407773,73.75824915,4.505373338,0.555572678,0.052188545,F,F,2.058774233,0.26067481,3.15892895,0.192471337,45.73972424,2.582529962,38.50502004,3.749903812,87,5.627160117,111.0775266,11.82256899,1.962255842,0.113261092,1.686500987,0.138432887,3.734595665,0.221609451,4.626867981,0.600858346
BEEF,22,Both,9-13 Years,1962,33.10971584,23.86360128,1.910147489,F,F,84,5.319070227,121.8837792,15.39762085,0.58789889,0.046983184,F,F,2.033261585,0.160206917,3.112352954,0.297009759,72.07431616,4.438586411,53.40850212,3.907179036,161.7114118,11.69034121,189.5211823,25.4291833,1.775608384,0.108580588,1.230773322,0.089192701,4.037633987,0.394125487,5.599831323,0.606340677
BEEF,22,Both,14-18 Years,1890,34.81182072,29.17537927,2.698222287,F,F,100.1675324,6.576505629,127.8287243,13.47828035,0.443869034,0.04081742,F,F,1.547259536,0.096130602,2.167013397,0.226047036,83.80882892,6.206079256,67.19577315,5.581940565,170.0966481,22.45550479,258.89 E,43.92582385,1.275052626,0.092170787,0.935990723,0.081880814,2.75161324,0.309839394,3.86 E,0.735646485
BEEF,22,Both,19-30 Years,1849,38.45330754,35.15599519,3.631891399,F,F,125.2953945,9.57041244,173.9880991,17.8512623,0.485200893,0.053502859,F,F,1.706907356,0.121719891,2.506139603,0.282935659,91.42515285,7.634938382,67.54 E,11.42563286,200.4782307,23.62412724,284.9315695,39.7724578,1.261792351,0.115457562,0.921350748,0.132091951,2.737052888,0.374133077,3.851098358,0.525694968
BEEF,22,Both,31-50 Years,4389,34.93348087,31.06248183,1.830861497,F,F,108.9490294,7.329702154,170.1,15.63893873,0.391953102,0.022815762,F,F,1.382705165,0.090097683,2.137982952,0.150142351,88.91894267,3.78647209,67.00177868,3.351243242,201.0082608,7.56924474,250.0226507,11.35149447,1.121998415,0.047917002,0.825754327,0.04195123,2.437377714,0.149348139,3.415203074,0.276268421
BEEF,22,Both,51-70 Years,4465,35.5024482,33.13674622,1.820486851,F,F,113.3984892,6.869830981,184.6341784,13.68091279,0.414580097,0.022700526,F,F,1.421541055,0.066428511,2.175546837,0.147628457,93.3365103,3.700315433,76.81833437,3.94074914,201.0097082,11.36894491,249.4664935,14.88451088,1.167750727,0.046454145,0.938138496,0.051382148,2.506560074,0.115129221,3.004783462,0.138918234
BEEF,22,Both,71+ Years,2628,31.76683144,22.50892951,1.417856586,F,F,83.9887809,3.748506903,120.8920363,6.571016029,0.311727246,0.020656998,F,F,1.144874902,0.080474125,1.798392299,0.122594157,70.85670333,2.83799971,56.84729675,3.477212916,150.0417419,8.783111981,171.5787879,8.54755211,0.981297888,0.04233151,0.763873576,0.056150969,2.148058303,0.114624068,2.414061404,0.07834412
BEEF,22,Both,1-18 Years,6339,31.56046413,20.19128964,1.028759129,F,F,72.10893828,3.219547745,104.3728222,4.788714413,0.571433681,0.030890678,F,F,1.976810809,0.092862729,3.108749508,0.14033075,63.97652949,2.459484129,44.04436467,2.091050767,129.8307189,7.405085808,184.4515382,10.36289019,1.804081706,0.068810211,1.288342662,0.051533873,3.946615045,0.201806742,5.317399693,0.276704313
BEEF,22,Both,19+ Years,13331,35.33157453,31.405298,1.143150186,F,F,113.4,4.43031752,168.130778,7.12399992,0.405424023,0.015041399,F,F,1.434250333,0.044460614,2.163769635,0.095197725,88.88734347,2.344975386,68.94765973,2.128773696,201.0030095,6.809937131,246.99039,9.322119682,1.147483598,0.031926361,0.871953911,0.031673001,2.495599333,0.070760468,3.132333558,0.153767264
BEEF,22,Male,9-13 Years,1023,32.20578137,29.10023167,3.181233583,F,F,95.77868105,8.813951824,156.6159464,16.73990156,0.70517827,0.076625858,F,F,2.275788605,0.308300908,3.50312629,0.473884419,90.35716704,7.486675886,66.82152429,8.921874904,176.7491279,21.5647209,260.77 E,52.19237952,2.189601495,0.176112308,1.551063884,0.132074854,4.763676919,0.652918911,5.791093205,0.866369211
BEEF,22,Male,14-18 Years,900,39.62555141,37.71293684,4.17985977,F,F,113.7599494,7.936863942,178.5103274,26.53109314,0.534889423,0.055906451,F,F,1.724084635,0.15260921,2.678907698,0.33804142,95.17327963,8.396081579,72.91525777,7.329907389,193.872503,27.149372,284.43 E,51.83826636,1.349859885,0.108253032,0.977726623,0.09190208,2.986197635,0.367178869,4.209629675,0.594309501
BEEF,22,Male,19-30 Years,857,42.62459278,44.90943056,6.008525441,F,F,156.8116868,19.73425095,215.32 E,37.03474988,0.581642598,0.085501251,F,F,1.84 E,0.342030749,2.93 E,0.625909436,105.3603745,11.6419671,84 E,16.29198928,240.3640005,35.31869038,285.8147491,26.11953605,1.364570451,0.170125913,1.01 E,0.212027248,3.13 E,0.664365605,4.395798558,0.621093719
BEEF,22,Male,31-50 Years,2005,38.84622007,41.75960161,3.283911057,F,F,140.7163481,12.88972622,204.0626482,14.65305288,0.482499298,0.037950997,F,F,1.657673349,0.137893305,2.374486309,0.184591029,107.4997813,6.126381838,79.01756201,5.677115563,235.4347536,15.84659895,267.3478792,15.21835554,1.242075285,0.070809089,0.914827786,0.081257823,2.673963756,0.206315546,3.53614115,0.281606517
BEEF,22,Male,51-70 Years,2151,39.93799636,42.54284584,3.224682391,F,F,150.7631449,16.25808017,205.7050482,14.48063331,0.488122028,0.037323034,F,F,1.649371625,0.145074367,2.524900267,0.190638369,106.5222338,5.294252431,85.08068244,3.682135191,224.6179164,13.89183669,267.9910178,17.61269391,1.222199591,0.062287159,0.944491524,0.069417784,2.608954337,0.13226993,2.992324039,0.135757739
BEEF,22,Male,71+ Years,1180,32.30907983,24.82982904,2.236167771,F,F,87.64384085,10.24972754,133.5774017,12.5274551,0.317102422,0.030323343,F,F,1.144802805,0.120852794,1.815412413,0.224501434,76.85093222,4.289465976,67.00399968,5.874263646,167.0722619,12.37293355,179.9610387,12.74593959,0.981465346,0.059750424,0.821797936,0.090531158,2.169544987,0.156399157,2.419130478,0.131859255
BEEF,22,Male,19+ Years,6193,39.18009945,40.75570881,2.050384107,F,F,139.2095298,7.709328049,203.9995527,8.079635614,0.484303187,0.025319028,F,F,1.657754094,0.085879312,2.46293481,0.10806317,104.0214532,3.650167777,84,3.339124629,226.8,12.04647748,271.5071986,11.30010609,1.23609484,0.047051525,0.942602869,0.047633189,2.633387902,0.11478988,3.294796181,0.248170763
BEEF,22,Female,9-13 Years,939,34.06106326,18.35230047,1.906952809,F,F,69.66135646,7.929709299,98.79878274,10.10422729,0.464468002,0.051415842,F,F,1.54 E,0.267398991,2.432915227,0.205506528,53.88058595,4.182632259,34.98163287,5.001903059,113.4959987,13.09622033,165.2866705,19.96605704,1.363633303,0.115219253,0.919969895,0.095606861,2.899770101,0.429789867,4.121064673,0.468800011
BEEF,22,Female,14-18 Years,990,29.72207836,20.14829171,3.337737143,F,F,79,8.740666551,107.0033731,9.189725863,0.35 E,0.058853652,F,F,1.375447998,0.152303522,1.777597648,0.195800672,67.78897312,8.558965279,53.79136595,8.575244469,126.01 E,29.69694651,F,F,1.16960085,0.151370451,0.854911623,0.138464867,2.22 E,0.523120105,F,F
BEEF,22,Female,19-30 Years,992,33.83441846,24.35595793,3.207096467,F,F,99.52944851,15.18412903,125.1248297,10.25536011,0.378410417,0.054256518,F,F,1.502884808,0.240868942,1.91893935,0.192586322,71.98574422,7.133718174,53.42 E,9.262413619,134.0098516,20.9439735,179.8482861,13.71611408,1.118418565,0.128171995,0.761551854,0.119342331,2.07 E,0.405450619,3.107600987,0.359603663
BEEF,22,Female,31-50 Years,2384,31.18913493,20.8257359,1.689852245,F,F,79.08396253,9.490842561,120.9941272,12.47266542,0.305303758,0.025533706,F,F,1.105661103,0.098609955,1.617119859,0.158576013,66.77240631,3.803847599,53.33255427,4.159557827,145.6910523,14.05439362,200.2549946,14.14876865,0.978878569,0.062537757,0.664722521,0.077030559,2.209846354,0.202724308,2.969514556,0.442797853
BEEF,22,Female,51-70 Years,2314,31.16793666,23.94490658,1.715025898,F,F,84,2.240083649,126.1663936,9.684233797,0.342713365,0.024978758,F,F,1.213940568,0.052073041,1.828925046,0.129061027,76.82544677,4.098236964,63.27672001,4.64796093,156.554106,12.34460935,214.1508608,22.03379245,1.099570269,0.060690405,0.924867447,0.07165679,2.174831355,0.161813177,2.999290575,0.377142198
BEEF,22,Female,71+ Years,1448,31.33727498,20.67036731,1.812190081,F,F,82.42043652,9.495347048,113.4,9.675884117,0.307469158,0.027781759,F,F,1.153824828,0.118975167,1.798075594,0.155203961,65.96095966,4.176846002,49.01743458,4.784637843,133.5390766,12.39529957,168.3428492,15.60547656,0.981161118,0.064315157,0.730892138,0.076623432,2.036649798,0.159040827,2.386836209,0.235866473
BEEF,22,Female,19+ Years,7138,31.6160569,22.37804293,0.999791491,F,F,84,2.456966261,123.1319497,5.825392955,0.329270968,0.015605855,F,F,1.201471982,0.039148963,1.794802591,0.060072839,70.7806258,2.31800656,56.6174079,1.901127413,151.948615,7.486402369,200.2242505,8.686072118,1.041467534,0.037874616,0.804382244,0.044156358,2.155428315,0.109012208,2.82597484,0.229887885
BEEF- LEAN ONLY ,22A,Both,All ages,19670,10.05256477,10.9597634,0.584413787,F,F,F,F,85.05,7.017045297,0.164668555,0.008509924,F,F,F,F,1.282615745,0.079862871,109.024549,3.591234693,84.99985244,5.184441752,211.7813144,10.84841609,253.679927,10.28188642,1.634673983,0.056542431,1.268420439,0.058035087,3.162728853,0.136844377,4.079643793,0.166102596
BEEF- LEAN ONLY ,22A,Both,1-3 Years,1288,7.2911677,3.61 E,1.137263065,F,F,F,.,F,F,0.28 E,0.091286685,F,F,F,.,F,F,49.45 E,9.870215322,33.42491365,4.881032209,112.93 E,34.17731726,158.24 E,40.6563552,3.64 E,0.735824244,2.760966314,0.444065474,7.8 E,1.879643642,9.94 E,2.115857286
BEEF- LEAN ONLY ,22A,Both,4-8 Years,1199,7.370911436,4.4 E,0.7479692,F,F,F,.,F,F,0.18 E,0.031697539,F,F,F,.,F,F,59.74786323,4.453894908,63.63 E,10.97574988,100.3931198,9.413236246,114.3245493,13.60869397,2.483582115,0.206536337,2.48 E,0.473547718,4.071216268,0.497041538,5.121508607,0.523914171
BEEF- LEAN ONLY ,22A,Both,9-13 Years,1962,6.917153522,6.4 E,1.253600713,F,F,F,.,F,F,0.15 E,0.02999379,F,F,F,.,1.03 E,0.282465947,92.59329341,13.63467781,67 E,12.19276782,187.13 E,41.02263874,257.14 E,55.09448151,2.236347198,0.311195607,1.36 E,0.30815266,4.66 E,1.067816844,6.475735207,1.051482892
BEEF- LEAN ONLY ,22A,Both,14-18 Years,1890,8.436473184,9.08 E,1.907391282,F,F,F,.,69.1 E,14.34511208,0.15 E,0.032242456,F,F,F,.,0.98 E,0.23483394,107.5881662,15.52570181,70.76581099,9.971995643,233.79 E,68.55890326,309.81 E,68.36824785,1.733214762,0.266531588,1.263367558,0.168474013,3.49 E,1.113834465,5.24 E,1.271474583
BEEF- LEAN ONLY ,22A,Both,19-30 Years,1849,9.112100286,10.68512592,1.660097464,F,F,F,.,97.48 E,19.2522156,0.155259795,0.02559808,F,F,F,.,1.19 E,0.220754641,117.2630412,10.79907684,101.5947182,15.74574806,194.691965,29.49818193,250.29 E,61.47996554,1.703885928,0.176300214,1.376681995,0.179920494,3.273403466,0.399844459,3.83 E,1.021294114
BEEF- LEAN ONLY ,22A,Both,31-50 Years,4389,10.2731339,11.95850155,1.307705678,F,F,F,F,100.3820143,13.7774026,0.155906329,0.016407809,F,F,F,F,1.24026686,0.181735044,116.4055844,7.292712151,100.2052653,9.72066381,226.7985157,20.41680386,266.6629392,17.07660707,1.517612162,0.088953383,1.214539633,0.118277416,3.172223973,0.340232473,3.930213969,0.234311572
BEEF- LEAN ONLY ,22A,Both,51-70 Years,4465,12.01475126,14.25797569,1.356557985,F,F,50.01 E,14.10329417,111.6792169,15.08186679,0.183725103,0.017619276,F,F,0.6 E,0.158670183,1.431091679,0.175026461,118.6705857,6.438985058,91.98113906,8.014934314,225.5399181,14.2126359,266.4105199,12.78677079,1.52916277,0.085758811,1.265414713,0.101863425,2.984214779,0.275507448,3.418746021,0.376973047
BEEF- LEAN ONLY ,22A,Both,71+ Years,2628,10.42437772,8.970213824,0.88195429,F,F,F,F,75.44344526,8.552854622,0.122017318,0.012084738,F,F,F,F,1.031663501,0.081019438,86.05035294,4.591295107,68.9934036,8.100216375,167.7224964,9.658237166,178.6354993,14.85353062,1.170499777,0.061467111,1.028604098,0.036969366,2.17150282,0.063183483,2.484153117,0.178556569
BEEF- LEAN ONLY ,22A,Both,1-18 Years,6339,7.542203106,6.145467574,0.705876436,F,F,F,.,36.63 E,7.903840268,0.180283645,0.021061304,F,F,F,.,1.174621997,0.158539577,81.4810671,6.559427462,67.00275759,5.97505483,165.0210956,22.96691184,250.19 E,49.85761416,2.366212897,0.190237855,1.592485101,0.170217317,4.875612654,0.585351824,6.502010267,0.878691698
BEEF- LEAN ONLY ,22A,Both,19+ Years,13331,10.66913287,12.14219909,0.709182775,F,F,F,F,100.3622186,6.367971211,0.160878963,0.009395565,F,F,F,F,1.297011403,0.094709977,113.8068036,3.985865585,95.37732808,6.131475524,224.136409,13.07046679,262.616432,9.352959645,1.507891641,0.053451338,1.210570388,0.065772727,3.007915431,0.215527397,3.609035251,0.196697577
BEEF- LEAN ONLY ,22A,Male,9-13 Years,1023,6.831509842,8.57 E,2.25323212,F,F,F,.,F,F,0.2 E,0.051540021,F,F,F,.,F,F,125.51 E,21.31104959,92.81947364,13.7339455,256.68 E,56.79630613,333.55 E,75.99583765,2.96 E,0.4959529,2.18 E,0.443810546,6.23 E,1.198978051,7.22 E,1.850012267
BEEF- LEAN ONLY ,22A,Male,14-18 Years,900,6.338172887,8.39 E,1.86693809,F,F,F,.,F,F,0.12 E,0.028453986,F,F,F,.,F,F,132.3289482,20.1248553,84.89026446,8.474577209,238.72 E,72.58894746,408.43 E,112.5224003,1.968445294,0.320728447,1.24850297,0.191448066,F,F,6.21 E,1.884743017
BEEF- LEAN ONLY ,22A,Male,19-30 Years,857,9.15378378,11.32 E,2.362847388,F,F,F,.,100.49 E,30.48669848,0.15 E,0.03408365,F,F,F,.,1.01 E,0.21639904,123.6610104,19.16951638,102.08 E,26.92179219,227.15 E,63.11888109,325.26 E,78.27779323,1.63 E,0.284651992,1.19 E,0.206927846,3.14 E,0.725725807,4.06 E,1.080567539
BEEF- LEAN ONLY ,22A,Male,31-50 Years,2005,12.39998943,16.74556885,2.412650224,F,F,F,F,136.9877263,20.55660485,0.201662838,0.028792855,F,F,F,F,1.739129535,0.242417319,135.0450252,11.56077759,120.5400442,14.85150272,250.2626228,20.63867145,281.93 E,53.11037918,1.626314592,0.138743693,1.451557812,0.188233238,3.330468483,0.392926055,3.891333936,0.337528043
BEEF- LEAN ONLY ,22A,Male,51-70 Years,2151,12.53847174,17.10567503,2.312513101,F,F,F,F,135.8 E,28.12193071,0.19974426,0.027697759,F,F,F,F,1.808552786,0.289072647,136.4255181,8.934595222,122.9943605,16.49748605,226.7306935,16.94648814,266.4055006,14.32718847,1.593051087,0.112339272,1.421112517,0.148983801,2.924745942,0.271669088,3.106826139,0.170742293
BEEF- LEAN ONLY ,22A,Male,71+ Years,1180,10.8887883,10.51529403,1.514344369,F,F,F,F,87.72700019,11.30072924,0.135960741,0.019941098,F,F,F,F,1.150830544,0.156017603,96.56991891,6.591215912,85.02274664,6.222192579,167.6763889,11.46675753,187.62802,16.03121016,1.248630583,0.087345772,1.103131045,0.098002706,2.176896914,0.137368145,2.490229801,0.197788812
BEEF- LEAN ONLY ,22A,Male,19+ Years,6193,11.69936602,15.21688165,1.215431947,F,F,F,F,134.004576,10.28510144,0.184572183,0.014885728,F,F,F,F,1.540261079,0.122967654,130.0658653,6.168819701,113.140274,11.37446183,241.9139124,13.85709972,266.9238711,19.03927048,1.577625508,0.076943394,1.381518351,0.101755644,3.018069512,0.211438873,3.600362191,0.250382047
BEEF- LEAN ONLY ,22A,Female,9-13 Years,939,7.007289363,4.12 E,0.956805816,F,F,F,.,F,F,0.1 E,0.026621824,F,F,F,.,F,F,58.81722345,9.112411473,F,F,105.49 E,24.22096833,152.8 E,26.52163963,1.496094666,0.221362886,1.194321742,0.169565324,2.47 E,0.786226123,4.05 E,0.90037318
BEEF- LEAN ONLY ,22A,Female,14-18 Years,990,10.65508669,9.81 E,3.250776776,F,F,F,F,68.7 E,20.75022916,F,F,F,F,F,F,1.28 E,0.359706154,92.03 E,22.12750767,67.71 E,16.28353979,192.12 E,56.94539298,254.68 E,73.86830464,1.59 E,0.38950113,1.27 E,0.328696712,F,F,4.95 E,1.597399291
BEEF- LEAN ONLY ,22A,Female,19-30 Years,992,9.065943903,9.98 E,2.181899655,F,F,F,.,97.05 E,22.23028293,0.16 E,0.036761737,F,F,F,.,1.53 E,0.344729576,110.10989,10.14642755,99.68571541,12.96050704,179.6893312,22.19506188,196.62 E,53.99465754,1.781991793,0.198852167,1.604795103,0.183779294,3.294289549,0.499404101,3.7 E,0.99707791
BEEF- LEAN ONLY ,22A,Female,31-50 Years,2384,8.237812225,7.377456123,0.890462638,F,F,F,.,53.23 E,12.04363694,0.112119052,0.013969253,F,F,F,.,0.878781031,0.143261795,89.55601222,6.91038087,67 E,14.24108213,177.4678666,18.61981974,217.7958396,21.75399264,1.361029474,0.109806057,0.972768812,0.143403177,2.74 E,0.5356708,3.906840817,0.307311507
BEEF- LEAN ONLY ,22A,Female,51-70 Years,2314,11.50296051,11.47514362,1.373111645,F,F,F,F,83.51286364,9.124811211,0.168070844,0.020951306,F,F,F,F,1.246962268,0.140378154,99.75817624,8.281638733,76.53973991,6.412299937,212.2189869,25.9471968,267.3721795,30.13480948,1.461109454,0.126421016,1.134925515,0.081332847,2.6 E,0.562258311,4.212542481,0.683274541
BEEF- LEAN ONLY ,22A,Female,71+ Years,1448,10.05648255,7.746237501,1.085070825,F,F,F,F,57.23 E,9.754767997,0.110971665,0.015634791,F,F,F,F,0.952589202,0.135627932,77.02730513,6.317912783,57.08012763,7.608550293,152.9083822,11.85396402,174.9129854,18.88673145,1.103483894,0.087157513,0.945245409,0.092098366,2.133210583,0.143283541,2.420213225,0.371408538
BEEF- LEAN ONLY ,22A,Female,19+ Years,7138,9.674505177,9.173779376,0.711128523,F,F,F,.,72.15245622,7.974625427,0.138004594,0.011184975,F,F,F,.,1.09184844,0.082596525,94.82427481,4.594027472,76.32091279,6.18978731,190.3194647,12.69072151,234.2086953,19.54232301,1.426477032,0.073088098,1.09990898,0.070207177,2.706104036,0.334028866,3.73520549,0.305624494
BEEF-  LEAN + FAT ,22B,Both,All ages,19670,3.832290241,3.689641517,0.385076596,F,F,F,.,F,.,0.053653183,0.00546076,F,F,F,.,F,.,96.27771608,6.659326113,69.35550721,5.635163635,203.8832022,13.2270723,250.8421328,20.45061193,1.39694957,0.095906231,0.99673548,0.116788218,2.939524154,0.176417326,3.619274392,0.350491565
BEEF-  LEAN + FAT ,22B,Both,1-3 Years,1288,F,F,F,F,F,F,.,F,.,F,F,F,F,F,.,F,.,F,F,F,.,F,.,F,.,F,F,F,.,F,.,F,.
BEEF-  LEAN + FAT ,22B,Both,4-8 Years,1199,2.783700028,0.98 E,0.280279162,F,F,F,.,F,.,0.04 E,0.014125621,F,F,F,.,F,.,35.05284485,4.600348242,29.16 E,5.241222531,58.71 E,15.98427565,88.38 E,20.1376607,1.600702917,0.20159458,1.5 E,0.360450805,2.70021735,0.34492613,3.07 E,0.526423983
BEEF-  LEAN + FAT ,22B,Both,9-13 Years,1962,2.497484441,F,F,F,F,F,.,F,.,0.06 E,0.018806209,F,F,F,.,F,.,87.22 E,22.91225774,F,F,F,F,275.72 E,91.23449983,2.31 E,0.548323927,F,F,5.44 E,1.664874392,7.89 E,2.096812443
BEEF-  LEAN + FAT ,22B,Both,14-18 Years,1890,4.170813025,3.47 E,0.722847781,F,F,F,.,F,.,0.06 E,0.012212372,F,F,F,.,F,.,83.10170574,9.897007374,89.68 E,22.84061557,142.9821833,13.41184459,158.2297454,25.0900782,1.359334862,0.168859426,1.27 E,0.358353299,2.61708856,0.277959957,2.64038222,0.294220837
BEEF-  LEAN + FAT ,22B,Both,19-30 Years,1849,2.300533139,3.13 E,0.92726471,F,F,F,.,F,.,0.04 E,0.011283411,F,F,F,.,F,.,136.12 E,24.96885758,98.36 E,18.66414232,203.44 E,53.46808912,F,F,1.835195011,0.249083058,1.51 E,0.310581765,3.11 E,0.53032096,F,F
BEEF-  LEAN + FAT ,22B,Both,31-50 Years,4389,4.276517111,4.57 E,0.848860735,F,F,F,.,F,.,0.06 E,0.011287925,F,F,F,.,F,.,106.783584,12.78201108,69.1 E,19.42366222,219.4085254,18.93571613,250.1799919,22.7115791,1.357758899,0.172959698,0.87 E,0.224589415,2.995144901,0.417731531,3.623975647,0.425532293
BEEF-  LEAN + FAT ,22B,Both,51-70 Years,4465,4.760607819,4.49 E,0.801797361,F,F,F,.,F,.,0.06 E,0.009532524,F,F,F,.,F,.,94.41712235,11.75586632,70.240773,8.920443577,203.94 E,40.99925223,270.8311589,36.42128806,1.16423361,0.132598988,0.949635504,0.149799899,2.76 E,0.526947111,2.961818799,0.443431725
BEEF-  LEAN + FAT ,22B,Both,71+ Years,2628,3.662014207,2.87 E,0.623769605,F,F,F,.,F,.,0.04 E,0.008729136,F,F,F,.,F,.,78.42289554,9.034211499,56.1 E,14.81228912,152.9998258,13.28667895,166.8527723,15.7726246,1.087411492,0.133126056,0.73 E,0.163981831,2.327319263,0.30598908,2.392183615,0.173349624
BEEF-  LEAN + FAT ,22B,Both,1-18 Years,6339,3.026861215,2.02492068,0.293391852,F,F,F,.,F,.,0.06 E,0.009890001,F,F,F,.,F,.,66.89836553,7.616267485,41.84 E,7.038601579,135.6809383,14.91155178,158.36 E,32.37370794,1.929255573,0.241789443,1.46753536,0.204882524,F,F,F,F
BEEF-  LEAN + FAT ,22B,Both,19+ Years,13331,4.030111077,4.098512389,0.470499298,F,F,F,.,F,.,0.052345033,0.006151565,F,F,F,.,F,.,101.6972563,7.637477994,70.37508352,7.316809472,212.6582227,15.52395298,266.0180853,22.18930321,1.298848404,0.100450253,0.964486422,0.111341178,2.845156597,0.175117759,3.595083774,0.428042308
BEEF-  LEAN + FAT ,22B,Male,9-13 Years,1023,F,F,F,F,F,F,.,F,.,F,F,F,F,F,.,F,.,F,F,F,.,F,.,F,.,F,F,F,.,F,.,F,.
BEEF-  LEAN + FAT ,22B,Male,14-18 Years,900,5.886871355,5.56 E,1.323723567,F,F,F,.,F,F,0.09 E,0.022376809,F,F,F,.,F,F,94.38313422,13.10970485,101.47 E,17.8074632,145.1414684,17.48707705,167.05 E,35.84717251,1.511346542,0.224656217,1.74 E,0.456910054,2.620891046,0.294264556,2.637788055,0.381887959
BEEF-  LEAN + FAT ,22B,Male,19-30 Years,857,2.623921503,F,F,F,F,F,.,F,.,0.05 E,0.017312766,F,F,F,.,F,.,166.77 E,37.75158522,127.69 E,33.17065298,F,F,F,F,2.06 E,0.351982053,1.69 E,0.426423825,2.98 E,0.760646199,4.55 E,1.154835068
BEEF-  LEAN + FAT ,22B,Male,31-50 Years,2005,4.752361353,6.19 E,1.510155954,F,F,F,.,F,.,0.07 E,0.017157279,F,F,F,.,F,.,130.1621274,16.56509694,F,F,249.0366605,24.84917162,266.2156394,39.12494159,1.467356513,0.191677932,1.13 E,0.281978626,2.825150411,0.347336347,3.54436471,0.519058568
BEEF-  LEAN + FAT ,22B,Male,51-70 Years,2151,5.779977295,6.57 E,1.475231012,F,F,F,.,F,F,0.07 E,0.016222375,F,F,F,.,F,F,113.7532898,17.34241505,70.34 E,18.92760821,269.8595194,41.54106294,308.935879,36.13456077,1.269756684,0.189974801,0.95 E,0.190283411,2.876754065,0.469366267,3.62 E,0.609876956
BEEF-  LEAN + FAT ,22B,Male,71+ Years,1180,3.976829903,2.85 E,0.767170398,F,F,F,.,F,.,0.03 E,0.009120321,F,F,F,.,F,.,71.64839385,9.84677477,F,F,133.6755448,11.18803997,142.2979977,10.99793169,0.866222511,0.109941225,0.61 E,0.163395358,1.563672053,0.140396238,1.788564808,0.157401386
BEEF-  LEAN + FAT ,22B,Male,19+ Years,6193,4.626271661,5.628959317,0.834277033,F,F,F,.,F,.,0.064306673,0.009363544,F,F,F,.,F,.,121.6737738,10.60330348,87.76453013,12.31238882,249.9741514,21.771752,278.7754986,27.67522516,1.390032348,0.11901199,0.993129264,0.150490032,2.877719736,0.1716819,3.552202169,0.461628468
BEEF-  LEAN + FAT ,22B,Female,9-13 Years,939,F,F,F,F,F,F,.,F,.,F,F,F,F,F,.,F,.,F,F,F,.,F,.,F,.,F,F,F,.,F,.,F,.
BEEF-  LEAN + FAT ,22B,Female,14-18 Years,990,2.356358635,1.26 E,0.360770352,F,F,F,.,F,.,0.02 E,0.006522637,F,F,F,.,F,.,53.30136297,8.843307005,33.81 E,8.930092406,100.99 E,21.57073731,153.07 E,37.9851219,0.96 E,0.164019561,0.67 E,0.166020862,1.89 E,0.387134948,2.52 E,0.482682057
BEEF-  LEAN + FAT ,22B,Female,19-30 Years,992,1.942443272,F,F,F,F,F,.,F,.,F,F,F,F,F,.,F,.,90.27 E,18.44341514,F,F,170.64 E,37.69611292,186.36 E,38.7761561,1.5 E,0.296246698,F,F,2.83 E,0.560706068,3 E,0.533421254
BEEF-  LEAN + FAT ,22B,Female,31-50 Years,2384,3.821151863,3.02 E,0.899367165,F,F,F,.,F,.,0.05 E,0.015293858,F,F,F,.,F,.,78.96 E,16.59837681,F,F,205.01 E,36.8675432,213.3321829,25.39132754,1.23 E,0.294118921,F,F,3.49 E,0.827145935,3.57 E,0.66605673
BEEF-  LEAN + FAT ,22B,Female,51-70 Years,2314,3.764458392,2.46 E,0.65339757,F,F,F,.,F,.,0.04 E,0.010285939,F,F,F,.,F,.,65.4 E,11.49627715,66.81 E,17.90368101,116.64 E,25.3376988,146.65 E,28.97981982,1.01 E,0.168566649,0.89 E,0.260119376,1.55 E,0.460398212,2.57 E,0.706420632
BEEF-  LEAN + FAT ,22B,Female,71+ Years,1448,3.412624592,2.89 E,0.823843326,F,F,F,.,F,.,0.04 E,0.012609247,F,F,F,.,F,.,84.68 E,14.67845507,F,F,165.5186654,23.93646513,169.0867136,17.96052831,1.29 E,0.224429943,F,F,2.384167056,0.286863701,2.415102968,0.212360267
BEEF-  LEAN + FAT ,22B,Female,19+ Years,7138,3.454554155,2.62 E,0.491082822,F,F,F,.,F,.,0.04 E,0.008335591,F,F,F,.,F,.,75.86966349,9.553326075,52.99 E,12.90705355,170.0351942,23.15260357,203.2890364,19.13012764,1.180956897,0.168360199,0.82 E,0.178844299,2.685789879,0.434485877,3.53 E,0.679105839
BEEF- GROUND ,22C,Both,All ages,19670,22.82070625,14.5447146,0.680596043,F,F,56.8731204,2.799154036,92.25048352,5.969332263,0.219522752,0.0098463,F,F,0.825332464,0.036322478,1.432098765,0.060031445,63.73472602,2.099337849,50.57106645,2.964272347,133.2685543,6.710201696,180.0395696,10.475755,0.961734739,0.03106956,0.712985654,0.029243883,2.055016925,0.101793341,2.801203744,0.178740791
BEEF- GROUND ,22C,Both,1-3 Years,1288,20.73634607,6.33 E,1.108934521,F,F,18.58 E,5.838336103,43.17 E,11.39543272,0.43 E,0.073230231,F,F,1.51 E,0.355680994,3 E,0.629020037,30.51408086,3.408614691,18.12 E,3.096602993,78.94246181,9.218142252,87.07844973,6.302281422,2.092027761,0.220119737,1.38 E,0.247205311,5.066246622,0.567379253,5.352926841,0.390352382
BEEF- GROUND ,22C,Both,4-8 Years,1199,20.11294346,7.570540905,0.921350063,F,F,29.28335606,4.246408089,53.23458601,4.879385223,0.327951272,0.041181944,F,F,1.23451481,0.193924913,2.093317693,0.300722841,37.64014412,3.204456893,29.15756465,3.00310584,78.99027903,5.615471949,92.18569561,14.80581127,1.630548372,0.144223825,1.232973332,0.128758169,3.355115343,0.383668371,4.12 E,0.803027248
BEEF- GROUND ,22C,Both,9-13 Years,1962,24.806718,15.28056003,1.364179553,F,F,57.24366055,6.165607078,91.47220056,6.506971072,0.375519208,0.034881084,F,F,1.40166855,0.158850825,2.211496422,0.228283604,61.59847519,3.838477551,46.60774391,4.521096192,139.6504551,19.03440266,171.2795349,9.743757692,1.513780293,0.102093603,1.033788073,0.111941704,3.420267651,0.29170617,4.266324275,0.438718675
BEEF- GROUND ,22C,Both,14-18 Years,1890,24.72218762,16.63271572,1.837653542,F,F,68.04994055,7.676769653,95.19200989,8.622259082,0.24095152,0.023386198,F,F,0.966756586,0.106236773,1.565407349,0.114647821,67.27849484,5.907585099,51.84896628,6.82422843,124.9054865,11.80167477,182.9083556,28.6100726,0.974636727,0.069832665,0.750895195,0.075711942,2.111442404,0.160998144,2.771828396,0.396222685
BEEF- GROUND ,22C,Both,19-30 Years,1849,29.09517783,21.3394376,2.945786451,F,F,84 E,18.41698888,125.6554879,19.49221234,0.287721829,0.041845473,F,F,1.08 E,0.243875864,1.732259375,0.233650721,73.34355446,8.06791059,48.28 E,10.55724671,173.5673389,27.67504494,226.5375975,25.73400124,0.988898679,0.116790963,0.69 E,0.121871833,2.46 E,0.519275108,3.46 E,0.631712682
BEEF- GROUND ,22C,Both,31-50 Years,4389,22.15105427,14.53736204,1.141316613,F,F,56.88065072,5.439957126,97.63106341,9.039621397,0.177981981,0.013242056,F,F,0.724339458,0.071938039,1.191554205,0.08927186,65.62830763,3.624814691,53.04149971,3.607136799,134.7228004,8.049178541,171.2223529,22.77454041,0.803492142,0.042004326,0.659573335,0.055193475,1.592832482,0.09713137,2.124531709,0.148628068
BEEF- GROUND ,22C,Both,51-70 Years,4465,21.87397626,14.38394162,1.009399625,F,F,61.39990836,5.846587563,88.5147246,6.485991335,0.175430398,0.012162366,F,F,0.763520078,0.058202765,1.198521348,0.059497864,65.75823917,3.054015932,56.78120419,3.875931534,128.2927289,7.59782944,173.9998486,11.52537076,0.802005065,0.036766252,0.71219731,0.05042898,1.58050903,0.083552083,2.150199443,0.163901154
BEEF- GROUND ,22C,Both,71+ Years,2628,18.83364574,10.66685811,1.048518425,F,F,37.33656881,5.314692853,80.23374407,8.328271275,0.149888765,0.015979083,F,F,0.504542392,0.074240683,0.992278293,0.093333348,56.63724518,3.688455517,40.98538337,4.411208819,113.8674131,8.380048024,166.5340067,24.06037813,0.795856346,0.05927084,0.540679688,0.058817932,1.790851546,0.168086142,2.164743521,0.22283192
BEEF- GROUND ,22C,Both,1-18 Years,6339,22.79155976,12.02090139,0.73869313,F,F,43.86270492,4.28818414,80.65849572,3.740353536,0.332106597,0.020590825,F,F,1.221541807,0.100346253,2.099387645,0.102566595,52.74277634,2.257408771,36.09910715,2.692552704,113.3990346,6.880140325,157.0920823,14.23109225,1.455534446,0.061054321,1.02786248,0.062750655,3.295037967,0.216691372,4.275597681,0.354937212
BEEF- GROUND ,22C,Both,19+ Years,13331,22.8278649,15.16458653,0.814093921,F,F,60.78159024,4.175292134,103.966754,9.010640044,0.192200027,0.01059292,F,F,0.769193143,0.044055741,1.288416016,0.073007241,66.43015716,2.48011049,53.01486758,2.349046971,135.8641724,8.183063399,186.2524595,14.15124699,0.841953583,0.033472775,0.661047845,0.032428001,1.764869088,0.0767692,2.327695473,0.153319171
BEEF- GROUND ,22C,Male,9-13 Years,1023,24.05869274,17.352984,2.121589466,F,F,72.65935466,12.00765136,98.81371998,14.06720768,0.423463075,0.054026809,F,F,1.604376908,0.203031568,2.75 E,0.460352459,72.12770948,5.736478932,56.91774593,4.798137092,156.1068757,17.16752329,176.1017658,18.06564264,1.760125039,0.145202228,1.3820444,0.124544445,3.659627288,0.355187419,4.735058603,0.549559411
BEEF- GROUND ,22C,Male,14-18 Years,900,30.91734718,23.76948564,3.399874508,F,F,86.96263006,7.112556513,123.7658602,13.91989471,0.32115493,0.041136266,F,F,1.137529492,0.144157794,1.714459686,0.202883038,76.8807411,8.93385319,58.07728051,9.608272781,167.6788224,27.13930672,238.99 E,40.15288462,1.03875319,0.101532574,0.795237356,0.096038481,2.148081729,0.241773361,3.25 E,0.563257297
BEEF- GROUND ,22C,Male,19-30 Years,857,34.12415952,29.21 E,5.01182908,F,F,123.01 E,23.67768265,173.6 E,31.00698938,0.38 E,0.069988085,F,F,1.51 E,0.27429979,2.46 E,0.62525755,85.61050712,11.9579792,61.96 E,19.41874996,204.7171971,25.80704508,226.7177904,20.73654393,1.107902485,0.170114972,0.78 E,0.227021444,2.54 E,0.627322931,3.493592022,0.514162941
BEEF- GROUND ,22C,Male,31-50 Years,2005,23.56779663,18.82825812,1.917117778,F,F,78.96123034,7.912980583,114.4783853,8.324007577,0.211102377,0.022010297,F,F,0.844905402,0.096780023,1.407018232,0.161852734,79.88976831,5.607623675,68.43740139,7.71871794,162.6376425,21.96490811,227.6611548,16.78944864,0.895723857,0.065096861,0.743041377,0.063577098,1.798959829,0.139228726,2.348597238,0.266650637
BEEF- GROUND ,22C,Male,51-70 Years,2151,26.27693078,18.86225649,1.705652455,F,F,80.58744704,7.006061512,113.3975,7.728574589,0.21498612,0.019390863,F,F,0.834152494,0.050565313,1.33648317,0.108498575,71.78257099,4.262780297,61.49960634,6.730055487,135.95287,13.94371621,184.1052213,14.34727483,0.818155369,0.048328872,0.708279678,0.04923349,1.577162075,0.10487463,2.216233965,0.219179545
BEEF- GROUND ,22C,Male,71+ Years,1180,18.76124386,11.46520026,1.472829704,F,F,40 E,10.24058695,81.04371175,8.582183226,0.146693485,0.021310321,F,F,0.48 E,0.102385108,0.968611303,0.134671536,61.11108808,5.22720853,47.19 E,9.194628911,123 E,24.2246467,170.1,11.07368259,0.781896374,0.080031468,0.52 E,0.087453479,2.029108373,0.332997361,2.342939118,0.203092566
BEEF- GROUND ,22C,Male,19+ Years,6193,25.84156915,19.90986784,1.372234672,F,F,83.96813365,5.683053237,121.9341881,5.718927483,0.235424332,0.017426802,F,F,0.878243288,0.062439867,1.434328376,0.070821652,77.0458935,3.753683287,63.16794731,5.699454311,168,13.00018896,226.795,16.61821997,0.911029554,0.049749059,0.72442436,0.04180505,1.88497227,0.193820534,2.538413974,0.293787821
BEEF- GROUND ,22C,Female,9-13 Years,939,25.5939785,13.0994338,1.628104408,F,F,46.13 E,7.952536219,82.42468437,8.419653821,0.325060602,0.043132824,F,F,1.028905109,0.170635092,2.007580129,0.237037958,51.18170199,4.683844831,34.87209131,5.491912992,112.2520172,14.65376602,168.35 E,31.85399432,1.270066717,0.132500406,0.803084243,0.073334737,2.855725739,0.367214644,4.1 E,0.717190764
BEEF- GROUND ,22C,Female,14-18 Years,990,18.17180745,9.08673475,1.213371164,F,F,F,F,76.71062264,9.182844316,0.156149374,0.021204224,F,F,0.55 E,0.145472611,1.33468444,0.19541901,50.00457317,4.16444559,39.43 E,7.845526493,109.5864487,8.83969341,121.1608638,9.887547917,0.859294677,0.074754279,0.62 E,0.111098549,1.804212417,0.126717304,2.173730281,0.247192612
BEEF- GROUND ,22C,Female,19-30 Years,992,23.52655636,12.62 E,2.110547034,F,F,42.53 E,11.07371272,92.25 E,20.56762325,0.19 E,0.03324176,F,F,0.71 E,0.156228865,1.41 E,0.340391759,53.64166252,6.785609362,35.05 E,7.184557413,123.0622326,10.53589751,125.2209004,12.57455808,0.797767256,0.11152045,0.57 E,0.128837446,1.762620618,0.178549583,1.916503496,0.291285335
BEEF- GROUND ,22C,Female,31-50 Years,2384,20.7952845,10.43113401,1.317270686,F,F,40.42 E,8.956860712,75.13597557,11.11669724,0.146286992,0.015938454,F,F,0.57 E,0.097933255,1.086599753,0.128322692,50.1610546,4.332744897,36.16 E,7.365770193,108.4499961,13.82053993,134.8650232,14.82532541,0.703462328,0.05162034,0.548864336,0.074696391,1.445316353,0.096723636,1.65664884,0.254211744
BEEF- GROUND ,22C,Female,51-70 Years,2314,17.57131591,10.00763755,1.093819659,F,F,F,F,84,8.081692563,0.136775708,0.014525468,F,F,F,F,1.174783506,0.125615918,56.95440001,4.160075815,51.23 E,9.210534167,115.8071726,8.477136551,148.3152362,16.85174611,0.778403332,0.054898872,0.71 E,0.129742153,1.681619278,0.166933282,1.978908834,0.177609063
BEEF- GROUND ,22C,Female,71+ Years,1448,18.89100081,10.03443018,1.340752351,F,F,37.08 E,6.354213709,72.70433513,10.44905932,0.15241999,0.021160276,F,F,0.51 E,0.095413185,1.073734967,0.138865337,53.11751495,4.952606156,37.99924571,4.538034363,113.4,16.0001486,113.44 E,24.3892576,0.806839149,0.081879956,0.55819189,0.080389164,1.775933504,0.257860752,1.8 E,0.326188742
BEEF- GROUND ,22C,Female,19+ Years,7138,19.91831605,10.58330494,0.715464534,F,F,37.63304049,5.449215068,80.8804013,6.037005555,0.150469578,0.009606109,F,F,0.568043699,0.069547702,1.141590976,0.086581351,53.13353255,2.554008874,37.6368739,4.683782199,113.9383888,5.714545095,135.0736902,6.368370143,0.75543323,0.034787591,0.569513163,0.052193575,1.643703,0.104346538,1.921876086,0.086501283
VEAL,23,Both,All ages,19670,0.902207305,0.64 E,0.116022804,F,F,F,.,F,.,0.01 E,0.001870606,F,F,F,.,F,.,71.27597198,8.586424049,F,F,141.7225841,19.14199782,190.8126806,25.93865956,1.09983004,0.143429396,0.81 E,0.17593445,2.41 E,0.461983007,3.37 E,0.697235671
VEAL,23,Both,1-3 Years,1288,F,F,F,F,F,F,.,F,.,F,F,F,F,F,.,F,.,F,F,F,.,F,.,F,.,F,F,F,.,F,.,F,.
VEAL,23,Both,4-8 Years,1199,F,F,F,F,F,F,.,F,.,F,F,F,F,F,.,F,.,F,F,F,.,F,.,F,.,F,F,F,.,F,.,F,.
VEAL,23,Both,9-13 Years,1962,F,F,F,F,F,F,.,F,.,F,F,F,F,F,.,F,.,F,F,F,.,F,.,F,.,F,F,F,.,F,.,F,.
VEAL,23,Both,14-18 Years,1890,F,F,F,F,F,F,.,F,.,F,F,F,F,F,.,F,.,F,F,F,.,F,.,F,.,F,F,F,.,F,.,F,.
VEAL,23,Both,19-30 Years,1849,F,F,F,F,F,F,.,F,.,F,F,F,F,F,.,F,.,F,F,F,.,F,.,F,.,F,F,F,.,F,.,F,.
VEAL,23,Both,31-50 Years,4389,F,0.61 E,0.18130938,F,F,F,.,F,.,0.01 E,0.002645023,F,F,F,.,F,.,F,F,F,.,F,.,F,.,F,F,F,.,F,.,F,.
VEAL,23,Both,51-70 Years,4465,F,0.69 E,0.190974951,F,F,F,.,F,.,0.01 E,0.002676851,F,F,F,.,F,.,F,F,F,.,F,.,F,.,F,F,F,.,F,.,F,.
VEAL,23,Both,71+ Years,2628,F,F,F,F,F,F,.,F,.,F,F,F,F,F,.,F,.,F,F,F,.,F,.,F,.,F,F,F,.,F,.,F,.
VEAL,23,Both,1-18 Years,6339,0.765984207,F,F,F,F,F,.,F,.,F,F,F,F,F,.,F,.,F,F,F,F,F,F,117.45 E,25.25033676,F,F,F,F,F,F,4.18 E,1.345140921
VEAL,23,Both,19+ Years,13331,0.935664961,0.74 E,0.139800366,F,F,F,.,F,.,0.01 E,0.002011373,F,F,F,.,F,.,78.99014436,10.42811446,67 E,16.41795405,146.7737486,20.92854241,198.6692097,28.23680723,1.09146284,0.14949918,0.9 E,0.209529866,2.167384295,0.343848602,2.6 E,0.468102289
VEAL,23,Male,9-13 Years,1023,F,F,F,F,F,F,.,F,.,F,F,F,F,F,.,F,.,F,F,F,.,F,.,F,.,F,F,F,.,F,.,F,.
VEAL,23,Male,14-18 Years,900,F,F,F,F,F,F,.,F,.,F,F,F,F,F,.,F,.,F,F,F,.,F,.,F,.,F,F,F,.,F,.,F,.
VEAL,23,Male,19-30 Years,857,F,F,F,F,F,F,.,F,.,F,F,F,F,F,.,F,.,F,F,F,.,F,.,F,.,F,F,F,.,F,.,F,.
VEAL,23,Male,31-50 Years,2005,F,F,F,F,F,F,.,F,.,F,F,F,F,F,.,F,.,F,F,F,.,F,.,F,.,F,F,F,.,F,.,F,.
VEAL,23,Male,51-70 Years,2151,F,F,F,F,F,F,.,F,.,F,F,F,F,F,.,F,.,F,F,F,.,F,.,F,.,F,F,F,.,F,.,F,.
VEAL,23,Male,71+ Years,1180,F,F,F,F,F,F,.,F,.,F,F,F,F,F,.,F,.,F,F,F,.,F,.,F,.,F,F,F,.,F,.,F,.
VEAL,23,Male,19+ Years,6193,1.035793814,0.86 E,0.237105332,F,F,F,.,F,.,0.01 E,0.003313099,F,F,F,.,F,.,82.98 E,16.41458493,F,F,162.3436925,26.94838564,199.4049659,26.30478289,1.07 E,0.237657639,F,F,2.17 E,0.389486201,2.600491849,0.367256905
VEAL,23,Female,9-13 Years,939,F,F,F,F,F,F,.,F,.,F,F,F,F,F,.,F,.,F,F,F,.,F,.,F,.,F,F,F,.,F,.,F,.
VEAL,23,Female,14-18 Years,990,F,F,F,F,F,F,.,F,.,F,F,F,F,F,.,F,.,F,F,F,.,F,.,F,.,F,F,F,.,F,.,F,.
VEAL,23,Female,19-30 Years,992,F,F,F,F,F,F,.,F,.,F,F,F,F,F,.,F,.,F,F,F,.,F,.,F,.,F,F,F,.,F,.,F,.
VEAL,23,Female,31-50 Years,2384,F,F,F,F,F,F,.,F,.,F,F,F,F,F,.,F,.,F,F,F,.,F,.,F,.,F,F,F,.,F,.,F,.
VEAL,23,Female,51-70 Years,2314,F,F,F,F,F,F,.,F,.,F,F,F,F,F,.,F,.,F,F,F,.,F,.,F,.,F,F,F,.,F,.,F,.
VEAL,23,Female,71+ Years,1448,F,F,F,F,F,F,.,F,.,F,F,F,F,F,.,F,.,F,F,F,.,F,.,F,.,F,F,F,.,F,.,F,.
VEAL,23,Female,19+ Years,7138,0.83899662,0.62 E,0.159181897,F,F,F,.,F,.,0.01 E,0.002380574,F,F,F,.,F,.,74.24 E,13.12203879,46.03 E,13.22676835,138.3056542,22.24570291,145.12 E,31.75018242,1.117516568,0.177954811,0.73 E,0.222209897,1.98 E,0.492039227,2.46 E,0.757731616
VEAL-LEAN ONLY ,23A,Both,All ages,19670,0.349379141,0.27 E,0.063332365,F,F,F,.,F,.,0 E,0.00087855,F,F,F,.,F,.,76.21806868,9.303205386,67.00394419,9.25166645,137.38 E,24.02798941,156.33 E,29.99222941,1.056920044,0.141835374,0.90853276,0.107378487,1.76 E,0.371715598,2.14 E,0.672148486
VEAL-LEAN ONLY ,23A,Both,1-3 Years,1288,F,F,F,F,F,F,.,F,.,F,F,F,F,F,.,F,.,F,F,F,.,F,.,F,.,F,F,F,.,F,.,F,.
VEAL-LEAN ONLY ,23A,Both,4-8 Years,1199,F,F,F,F,F,F,.,F,.,F,F,F,F,F,.,F,.,F,F,F,.,F,.,F,.,F,F,F,.,F,.,F,.
VEAL-LEAN ONLY ,23A,Both,9-13 Years,1962,F,F,F,F,F,F,.,F,.,F,F,F,F,F,.,F,.,F,F,F,.,F,.,F,.,F,F,F,.,F,.,F,.
VEAL-LEAN ONLY ,23A,Both,14-18 Years,1890,F,F,F,F,F,F,.,F,.,F,F,F,F,F,.,F,.,F,F,F,.,F,.,F,.,F,F,F,.,F,.,F,.
VEAL-LEAN ONLY ,23A,Both,19-30 Years,1849,F,F,F,F,F,F,.,F,.,F,F,F,F,F,.,F,.,F,F,F,.,F,.,F,.,F,F,F,.,F,.,F,.
VEAL-LEAN ONLY ,23A,Both,31-50 Years,4389,F,F,F,F,F,F,.,F,.,F,F,F,F,F,.,F,.,F,F,F,.,F,.,F,.,F,F,F,.,F,.,F,.
VEAL-LEAN ONLY ,23A,Both,51-70 Years,4465,F,F,F,F,F,F,.,F,.,F,F,F,F,F,.,F,.,F,F,F,.,F,.,F,.,F,F,F,.,F,.,F,.
VEAL-LEAN ONLY ,23A,Both,71+ Years,2628,F,F,F,F,F,F,.,F,.,F,F,F,F,F,.,F,.,F,F,F,.,F,.,F,.,F,F,F,.,F,.,F,.
VEAL-LEAN ONLY ,23A,Both,1-18 Years,6339,F,F,F,F,F,F,.,F,.,F,F,F,F,F,.,F,.,F,F,F,.,F,.,F,.,F,F,F,.,F,.,F,.
VEAL-LEAN ONLY ,23A,Both,19+ Years,13331,0.409876272,0.32 E,0.078984225,F,F,F,.,F,.,0 E,0.001084918,F,F,F,.,F,.,78.85443345,9.759296396,67.0043799,11.04338083,138.01 E,25.02305482,166.88 E,30.28491955,1.061312118,0.150847965,0.905629096,0.117008594,1.78 E,0.432220031,2.15 E,0.70962187
VEAL-LEAN ONLY ,23A,Male,9-13 Years,1023,F,F,F,F,F,F,.,F,.,F,F,F,F,F,.,F,.,F,F,F,.,F,.,F,.,F,F,F,.,F,.,F,.
VEAL-LEAN ONLY ,23A,Male,14-18 Years,900,F,F,F,F,F,F,.,F,.,F,F,F,F,F,.,F,.,F,F,F,.,F,.,F,.,F,F,F,.,F,.,F,.
VEAL-LEAN ONLY ,23A,Male,19-30 Years,857,F,F,F,F,F,F,.,F,.,F,F,F,F,F,.,F,.,F,F,F,.,F,.,F,.,F,F,F,.,F,.,F,.
VEAL-LEAN ONLY ,23A,Male,31-50 Years,2005,F,F,F,F,F,F,.,F,.,F,F,F,F,F,.,F,.,F,F,F,.,F,.,F,.,F,F,F,.,F,.,F,.
VEAL-LEAN ONLY ,23A,Male,51-70 Years,2151,F,F,F,F,F,F,.,F,.,F,F,F,F,F,.,F,.,F,F,F,.,F,.,F,.,F,F,F,.,F,.,F,.
VEAL-LEAN ONLY ,23A,Male,71+ Years,1180,F,F,F,F,F,F,.,F,.,F,F,F,F,F,.,F,.,F,F,F,.,F,.,F,.,F,F,F,.,F,.,F,.
VEAL-LEAN ONLY ,23A,Male,19+ Years,6193,F,F,F,F,F,F,.,F,.,0 E,0.001112619,F,F,F,.,F,.,F,F,F,.,F,.,F,.,F,F,F,.,F,.,F,.
VEAL-LEAN ONLY ,23A,Female,9-13 Years,939,F,F,F,F,F,F,.,F,.,F,F,F,F,F,.,F,.,F,F,F,.,F,.,F,.,F,F,F,.,F,.,F,.
VEAL-LEAN ONLY ,23A,Female,14-18 Years,990,F,F,F,F,F,F,.,F,.,F,F,F,F,F,.,F,.,F,F,F,.,F,.,F,.,F,F,F,.,F,.,F,.
VEAL-LEAN ONLY ,23A,Female,19-30 Years,992,F,F,F,F,F,F,.,F,.,F,F,F,F,F,.,F,.,F,F,F,.,F,.,F,.,F,F,F,.,F,.,F,.
VEAL-LEAN ONLY ,23A,Female,31-50 Years,2384,F,F,F,F,F,F,.,F,.,F,F,F,F,F,.,F,.,F,F,F,.,F,.,F,.,F,F,F,.,F,.,F,.
VEAL-LEAN ONLY ,23A,Female,51-70 Years,2314,F,F,F,F,F,F,.,F,.,F,F,F,F,F,.,F,.,F,F,F,.,F,.,F,.,F,F,F,.,F,.,F,.
VEAL-LEAN ONLY ,23A,Female,71+ Years,1448,F,F,F,F,F,F,.,F,.,F,F,F,F,F,.,F,.,F,F,F,.,F,.,F,.,F,F,F,.,F,.,F,.
VEAL-LEAN ONLY ,23A,Female,19+ Years,7138,F,F,F,F,F,F,.,F,.,F,F,F,F,F,.,F,.,F,F,F,.,F,.,F,.,F,F,F,.,F,.,F,.
VEAL- LEAN + FAT (INCL GROUND VEAL),23B,Both,All ages,19670,0.572996754,0.38 E,0.092696918,F,F,F,.,F,.,0.01 E,0.001587321,F,F,F,.,F,.,65.75 E,11.47978166,F,F,131.5305071,17.53471468,153.57 E,31.18485712,1.09 E,0.205529802,F,F,2.23 E,0.626268857,3.37 E,0.889443486
VEAL- LEAN + FAT (INCL GROUND VEAL),23B,Both,1-3 Years,1288,F,F,F,F,F,F,.,F,.,F,F,F,F,F,.,F,.,F,F,F,.,F,.,F,.,F,F,F,.,F,.,F,.
VEAL- LEAN + FAT (INCL GROUND VEAL),23B,Both,4-8 Years,1199,F,F,F,F,F,F,.,F,.,F,F,F,F,F,.,F,.,F,F,F,.,F,.,F,.,F,F,F,.,F,.,F,.
VEAL- LEAN + FAT (INCL GROUND VEAL),23B,Both,9-13 Years,1962,F,F,F,F,F,F,.,F,.,F,F,F,F,F,.,F,.,F,F,F,.,F,.,F,.,F,F,F,.,F,.,F,.
VEAL- LEAN + FAT (INCL GROUND VEAL),23B,Both,14-18 Years,1890,F,F,F,F,F,F,.,F,.,F,F,F,F,F,.,F,.,F,F,F,.,F,.,F,.,F,F,F,.,F,.,F,.
VEAL- LEAN + FAT (INCL GROUND VEAL),23B,Both,19-30 Years,1849,F,F,F,F,F,F,.,F,.,F,F,F,F,F,.,F,.,F,F,F,.,F,.,F,.,F,F,F,.,F,.,F,.
VEAL- LEAN + FAT (INCL GROUND VEAL),23B,Both,31-50 Years,4389,F,F,F,F,F,F,.,F,.,F,F,F,F,F,.,F,.,F,F,F,.,F,.,F,.,F,F,F,.,F,.,F,.
VEAL- LEAN + FAT (INCL GROUND VEAL),23B,Both,51-70 Years,4465,F,F,F,F,F,F,.,F,.,F,F,F,F,F,.,F,.,F,F,F,.,F,.,F,.,F,F,F,.,F,.,F,.
VEAL- LEAN + FAT (INCL GROUND VEAL),23B,Both,71+ Years,2628,F,F,F,F,F,F,.,F,.,F,F,F,F,F,.,F,.,F,F,F,.,F,.,F,.,F,F,F,.,F,.,F,.
VEAL- LEAN + FAT (INCL GROUND VEAL),23B,Both,1-18 Years,6339,F,F,F,F,F,F,.,F,.,F,F,F,F,F,.,F,.,F,F,F,.,F,.,F,.,F,F,F,.,F,.,F,.
VEAL- LEAN + FAT (INCL GROUND VEAL),23B,Both,19+ Years,13331,0.550910871,0.42 E,0.110987742,F,F,F,.,F,.,0.01 E,0.001640172,F,F,F,.,F,.,75.49 E,15.27420418,F,F,138.71 E,24.63284686,186.8 E,37.19703489,1.06 E,0.217772039,F,F,1.98 E,0.337839085,2.51 E,0.458657036
VEAL- LEAN + FAT (INCL GROUND VEAL),23B,Male,9-13 Years,1023,F,F,F,F,F,F,.,F,.,F,F,F,F,F,.,F,.,F,F,F,.,F,.,F,.,F,F,F,.,F,.,F,.
VEAL- LEAN + FAT (INCL GROUND VEAL),23B,Male,14-18 Years,900,F,F,F,F,F,F,.,F,.,F,F,F,F,F,.,F,.,F,F,F,.,F,.,F,.,F,F,F,.,F,.,F,.
VEAL- LEAN + FAT (INCL GROUND VEAL),23B,Male,19-30 Years,857,F,F,F,F,F,F,.,F,.,F,F,F,F,F,.,F,.,F,F,F,.,F,.,F,.,F,F,F,.,F,.,F,.
VEAL- LEAN + FAT (INCL GROUND VEAL),23B,Male,31-50 Years,2005,F,F,F,F,F,F,.,F,.,F,F,F,F,F,.,F,.,F,F,F,.,F,.,F,.,F,F,F,.,F,.,F,.
VEAL- LEAN + FAT (INCL GROUND VEAL),23B,Male,51-70 Years,2151,F,F,F,F,F,F,.,F,.,F,F,F,F,F,.,F,.,F,F,F,.,F,.,F,.,F,F,F,.,F,.,F,.
VEAL- LEAN + FAT (INCL GROUND VEAL),23B,Male,71+ Years,1180,F,F,F,F,F,F,.,F,.,F,F,F,F,F,.,F,.,F,F,F,.,F,.,F,.,F,F,F,.,F,.,F,.
VEAL- LEAN + FAT (INCL GROUND VEAL),23B,Male,19+ Years,6193,F,F,F,F,F,F,.,F,.,F,F,F,F,F,.,F,.,F,F,F,.,F,.,F,.,F,F,F,.,F,.,F,.
VEAL- LEAN + FAT (INCL GROUND VEAL),23B,Female,9-13 Years,939,F,F,F,F,F,F,.,F,.,F,F,F,F,F,.,F,.,F,F,F,.,F,.,F,.,F,F,F,.,F,.,F,.
VEAL- LEAN + FAT (INCL GROUND VEAL),23B,Female,14-18 Years,990,F,F,F,F,F,F,.,F,.,F,F,F,F,F,.,F,.,F,F,F,.,F,.,F,.,F,F,F,.,F,.,F,.
VEAL- LEAN + FAT (INCL GROUND VEAL),23B,Female,19-30 Years,992,F,F,F,F,F,F,.,F,.,F,F,F,F,F,.,F,.,F,F,F,.,F,.,F,.,F,F,F,.,F,.,F,.
VEAL- LEAN + FAT (INCL GROUND VEAL),23B,Female,31-50 Years,2384,F,F,F,F,F,F,.,F,.,F,F,F,F,F,.,F,.,F,F,F,.,F,.,F,.,F,F,F,.,F,.,F,.
VEAL- LEAN + FAT (INCL GROUND VEAL),23B,Female,51-70 Years,2314,F,F,F,F,F,F,.,F,.,F,F,F,F,F,.,F,.,F,F,F,.,F,.,F,.,F,F,F,.,F,.,F,.
VEAL- LEAN + FAT (INCL GROUND VEAL),23B,Female,71+ Years,1448,F,F,F,F,F,F,.,F,.,F,F,F,F,F,.,F,.,F,F,F,.,F,.,F,.,F,F,F,.,F,.,F,.
VEAL- LEAN + FAT (INCL GROUND VEAL),23B,Female,19+ Years,7138,F,F,F,F,F,F,.,F,.,F,F,F,F,F,.,F,.,F,F,F,.,F,.,F,.,F,F,F,.,F,.,F,.
LAMB,24,Both,All ages,19670,0.947448164,0.866667954,0.131618149,F,F,F,.,F,.,0.014281907,0.002254117,F,F,F,.,F,.,91.4739177,10.0145354,66.10486299,9.452924531,202.7387331,14.63740727,217.7161437,27.08464453,1.504475462,0.198339381,0.91 E,0.154841483,3.736384415,0.619267425,4.39 E,0.83574078
LAMB,24,Both,1-3 Years,1288,F,F,F,F,F,F,.,F,.,F,F,F,F,F,.,F,.,F,F,F,.,F,.,F,.,F,F,F,.,F,.,F,.
LAMB,24,Both,4-8 Years,1199,F,F,F,F,F,F,.,F,.,F,F,F,F,F,.,F,.,F,F,F,.,F,.,F,.,F,F,F,.,F,.,F,.
LAMB,24,Both,9-13 Years,1962,F,F,F,F,F,F,.,F,.,F,F,F,F,F,.,F,.,F,F,F,.,F,.,F,.,F,F,F,.,F,.,F,.
LAMB,24,Both,14-18 Years,1890,F,F,F,F,F,F,.,F,.,F,F,F,F,F,.,F,.,F,F,F,.,F,.,F,.,F,F,F,.,F,.,F,.
LAMB,24,Both,19-30 Years,1849,F,F,F,F,F,F,.,F,.,F,F,F,F,F,.,F,.,F,F,F,.,F,.,F,.,F,F,F,.,F,.,F,.
LAMB,24,Both,31-50 Years,4389,1.335898321,1.17 E,0.30288987,F,F,F,.,F,.,0.02 E,0.003866142,F,F,F,.,F,.,87.46712649,14.51241633,70.08 E,14.18034353,203.32 E,34.71671335,209.7058009,18.25846408,1.17 E,0.206629456,0.91 E,0.267150651,2.49 E,0.541874665,3.28 E,0.609104116
LAMB,24,Both,51-70 Years,4465,0.872907141,0.59 E,0.135090518,F,F,F,.,F,.,0.01 E,0.001923127,F,F,F,.,F,.,67.17 E,12.7579769,48.79 E,13.50547676,140.98 E,36.23884284,168.66 E,36.5174987,0.91 E,0.196387414,0.62 E,0.199768881,1.94 E,0.487019706,2.63 E,0.574178935
LAMB,24,Both,71+ Years,2628,F,F,F,F,F,F,.,F,.,F,F,F,F,F,.,F,.,F,F,F,.,F,.,F,.,F,F,F,.,F,.,F,.
LAMB,24,Both,1-18 Years,6339,1.02471933,F,F,F,F,F,.,F,.,0.03 E,0.008552499,F,F,F,.,F,.,104.8 E,30.83960322,F,F,F,F,329.61 E,105.6336607,2.61 E,0.667012642,F,F,5.83 E,1.799474037,8.65 E,2.00039596
LAMB,24,Both,19+ Years,13331,0.92846965,0.815762356,0.135493017,F,F,F,.,F,.,0.011199834,0.001827337,F,F,F,.,F,.,87.86096091,9.565387115,66.38224427,9.691303695,202.905811,18.77163197,214.9850763,10.79969641,1.206268196,0.142063186,0.9 E,0.190285125,2.71 E,0.472376841,3.437937705,0.468264477
LAMB,24,Male,9-13 Years,1023,F,F,F,F,F,F,.,F,.,F,F,F,F,F,.,F,.,F,F,F,.,F,.,F,.,F,F,F,.,F,.,F,.
LAMB,24,Male,14-18 Years,900,F,F,F,F,F,F,.,F,.,F,F,F,F,F,.,F,.,F,F,F,.,F,.,F,.,F,F,F,.,F,.,F,.
LAMB,24,Male,19-30 Years,857,F,F,F,F,F,F,.,F,.,F,F,F,F,F,.,F,.,F,F,F,.,F,.,F,.,F,F,F,.,F,.,F,.
LAMB,24,Male,31-50 Years,2005,F,F,F,F,F,F,.,F,.,F,F,F,F,F,.,F,.,F,F,F,.,F,.,F,.,F,F,F,.,F,.,F,.
LAMB,24,Male,51-70 Years,2151,F,0.51 E,0.164245602,F,F,F,.,F,.,0.01 E,0.001968008,F,F,F,.,F,.,F,F,F,.,F,.,F,.,F,F,F,.,F,.,F,.
LAMB,24,Male,71+ Years,1180,F,F,F,F,F,F,.,F,.,F,F,F,F,F,.,F,.,F,F,F,.,F,.,F,.,F,F,F,.,F,.,F,.
LAMB,24,Male,19+ Years,6193,1.090702497,1 E,0.231516993,F,F,F,.,F,.,0.01 E,0.002739669,F,F,F,.,F,.,91.52261587,12.69736506,70.94600811,9.032501029,203.2364056,27.24532108,211.554022,11.79883362,1.112157237,0.162516893,0.88 E,0.175781303,2.45 E,0.471158791,2.77293204,0.445747418
LAMB,24,Female,9-13 Years,939,F,F,F,F,F,F,.,F,.,F,F,F,F,F,.,F,.,F,F,F,.,F,.,F,.,F,F,F,.,F,.,F,.
LAMB,24,Female,14-18 Years,990,F,F,F,F,F,F,.,F,.,F,F,F,F,F,.,F,.,F,F,F,.,F,.,F,.,F,F,F,.,F,.,F,.
LAMB,24,Female,19-30 Years,992,F,F,F,F,F,F,.,F,.,F,F,F,F,F,.,F,.,F,F,F,.,F,.,F,.,F,F,F,.,F,.,F,.
LAMB,24,Female,31-50 Years,2384,F,F,F,F,F,F,.,F,.,F,F,F,F,F,.,F,.,F,F,F,.,F,.,F,.,F,F,F,.,F,.,F,.
LAMB,24,Female,51-70 Years,2314,F,F,F,F,F,F,.,F,.,F,F,F,F,F,.,F,.,F,F,F,.,F,.,F,.,F,F,F,.,F,.,F,.
LAMB,24,Female,71+ Years,1448,F,F,F,F,F,F,.,F,.,F,F,F,F,F,.,F,.,F,F,F,.,F,.,F,.,F,F,F,.,F,.,F,.
LAMB,24,Female,19+ Years,7138,0.771843666,0.64 E,0.146845624,F,F,F,.,F,.,0.01 E,0.002486863,F,F,F,.,F,.,82.87 E,15.04806741,F,F,181.64 E,31.3708496,222.4860593,27.57114773,1.33 E,0.260603941,F,F,3.33 E,0.667622769,3.986271948,0.489710483
LAMB- LEAN ONLY,24A,Both,All ages,19670,0.684108143,0.61 E,0.118683106,F,F,F,.,F,.,0.01 E,0.002035824,F,F,F,.,F,.,88.76237575,12.68110157,66.43 E,13.29979203,200.0776689,21.99345102,212.27 E,40.33849992,1.513760114,0.248813271,0.9 E,0.175461958,3.3 E,0.654870761,4.58 E,1.000082454
LAMB- LEAN ONLY,24A,Both,1-3 Years,1288,F,F,F,F,F,F,.,F,.,F,F,F,F,F,.,F,.,F,F,F,.,F,.,F,.,F,F,F,.,F,.,F,.
LAMB- LEAN ONLY,24A,Both,4-8 Years,1199,F,F,F,F,F,F,.,F,.,F,F,F,F,F,.,F,.,F,F,F,.,F,.,F,.,F,F,F,.,F,.,F,.
LAMB- LEAN ONLY,24A,Both,9-13 Years,1962,F,F,F,F,F,F,.,F,.,F,F,F,F,F,.,F,.,F,F,F,.,F,.,F,.,F,F,F,.,F,.,F,.
LAMB- LEAN ONLY,24A,Both,14-18 Years,1890,F,F,F,F,F,F,.,F,.,F,F,F,F,F,.,F,.,F,F,F,.,F,.,F,.,F,F,F,.,F,.,F,.
LAMB- LEAN ONLY,24A,Both,19-30 Years,1849,F,F,F,F,F,F,.,F,.,F,F,F,F,F,.,F,.,F,F,F,.,F,.,F,.,F,F,F,.,F,.,F,.
LAMB- LEAN ONLY,24A,Both,31-50 Years,4389,F,0.83 E,0.271362542,F,F,F,.,F,.,0.01 E,0.003495604,F,F,F,.,F,.,F,F,F,.,F,.,F,.,F,F,F,.,F,.,F,.
LAMB- LEAN ONLY,24A,Both,51-70 Years,4465,F,0.48 E,0.128214252,F,F,F,.,F,.,0.01 E,0.001838201,F,F,F,.,F,.,F,F,F,.,F,.,F,.,F,F,F,.,F,.,F,.
LAMB- LEAN ONLY,24A,Both,71+ Years,2628,F,F,F,F,F,F,.,F,.,F,F,F,F,F,.,F,.,F,F,F,.,F,.,F,.,F,F,F,.,F,.,F,.
LAMB- LEAN ONLY,24A,Both,1-18 Years,6339,F,F,F,F,F,F,.,F,.,F,F,F,F,F,.,F,.,F,F,F,.,F,.,F,.,F,F,F,.,F,.,F,.
LAMB- LEAN ONLY,24A,Both,19+ Years,13331,0.676677107,0.55 E,0.118887641,F,F,F,.,F,.,0.01 E,0.001626636,F,F,F,.,F,.,81.93478155,11.47428164,66.31 E,13.57804259,198.5506795,32.94877338,203.6197665,14.74122464,1.146695445,0.172256437,0.85 E,0.188149344,2.47 E,0.596983194,3.387344164,0.558436403
LAMB- LEAN ONLY,24A,Male,9-13 Years,1023,F,F,F,F,F,F,.,F,.,F,F,F,F,F,.,F,.,F,F,F,.,F,.,F,.,F,F,F,.,F,.,F,.
LAMB- LEAN ONLY,24A,Male,14-18 Years,900,F,F,F,F,F,F,.,F,.,F,F,F,F,F,.,F,.,F,F,F,.,F,.,F,.,F,F,F,.,F,.,F,.
LAMB- LEAN ONLY,24A,Male,19-30 Years,857,F,F,F,F,F,F,.,F,.,F,F,F,F,F,.,F,.,F,F,F,.,F,.,F,.,F,F,F,.,F,.,F,.
LAMB- LEAN ONLY,24A,Male,31-50 Years,2005,F,F,F,F,F,F,.,F,.,F,F,F,F,F,.,F,.,F,F,F,.,F,.,F,.,F,F,F,.,F,.,F,.
LAMB- LEAN ONLY,24A,Male,51-70 Years,2151,F,F,F,F,F,F,.,F,.,F,F,F,F,F,.,F,.,F,F,F,.,F,.,F,.,F,F,F,.,F,.,F,.
LAMB- LEAN ONLY,24A,Male,71+ Years,1180,F,F,F,F,F,F,.,F,.,F,F,F,F,F,.,F,.,F,F,F,.,F,.,F,.,F,F,F,.,F,.,F,.
LAMB- LEAN ONLY,24A,Male,19+ Years,6193,0.764566832,0.66 E,0.207576481,F,F,F,.,F,.,0.01 E,0.002492508,F,F,F,.,F,.,86.3 E,15.05607639,73.64 E,14.33481112,201.83 E,51.80235525,203.4740773,25.17774762,1.07 E,0.186143779,0.89 E,0.187532568,2.01 E,0.577370494,2.78 E,0.656788597
LAMB- LEAN ONLY,24A,Female,9-13 Years,939,F,F,F,F,F,F,.,F,.,F,F,F,F,F,.,F,.,F,F,F,.,F,.,F,.,F,F,F,.,F,.,F,.
LAMB- LEAN ONLY,24A,Female,14-18 Years,990,F,F,F,F,F,F,.,F,.,F,F,F,F,F,.,F,.,F,F,F,.,F,.,F,.,F,F,F,.,F,.,F,.
LAMB- LEAN ONLY,24A,Female,19-30 Years,992,F,F,F,F,F,F,.,F,.,F,F,F,F,F,.,F,.,F,F,F,.,F,.,F,.,F,F,F,.,F,.,F,.
LAMB- LEAN ONLY,24A,Female,31-50 Years,2384,F,F,F,F,F,F,.,F,.,F,F,F,F,F,.,F,.,F,F,F,.,F,.,F,.,F,F,F,.,F,.,F,.
LAMB- LEAN ONLY,24A,Female,51-70 Years,2314,F,F,F,F,F,F,.,F,.,F,F,F,F,F,.,F,.,F,F,F,.,F,.,F,.,F,F,F,.,F,.,F,.
LAMB- LEAN ONLY,24A,Female,71+ Years,1448,F,F,F,F,F,F,.,F,.,F,F,F,F,F,.,F,.,F,F,F,.,F,.,F,.,F,F,F,.,F,.,F,.
LAMB- LEAN ONLY,24A,Female,19+ Years,7138,F,0.45 E,0.129661868,F,F,F,.,F,.,0.01 E,0.002227287,F,F,F,.,F,.,F,F,F,.,F,.,F,.,F,F,F,.,F,.,F,.
LAMB- LEAN + FAT (INCL GROUND LAMB) ,24B,Both,All ages,19670,0.286710068,0.26 E,0.055362491,F,F,F,.,F,.,0 E,0.000843836,F,F,F,.,F,.,90.4876889,13.79760414,65.05 E,12.64550635,207.6197574,31.59379548,216.3968497,22.28347582,1.359702592,0.213950664,1.12 E,0.233217916,2.72 E,0.575863589,3.801293751,0.565204584
LAMB- LEAN + FAT (INCL GROUND LAMB) ,24B,Both,1-3 Years,1288,F,F,F,F,F,F,.,F,.,F,F,F,F,F,.,F,.,F,F,F,.,F,.,F,.,F,F,F,.,F,.,F,.
LAMB- LEAN + FAT (INCL GROUND LAMB) ,24B,Both,4-8 Years,1199,F,F,F,F,F,F,.,F,.,F,F,F,F,F,.,F,.,F,F,F,.,F,.,F,.,F,F,F,.,F,.,F,.
LAMB- LEAN + FAT (INCL GROUND LAMB) ,24B,Both,9-13 Years,1962,F,F,F,F,F,F,.,F,.,F,F,F,F,F,.,F,.,F,F,F,.,F,.,F,.,F,F,F,.,F,.,F,.
LAMB- LEAN + FAT (INCL GROUND LAMB) ,24B,Both,14-18 Years,1890,F,F,F,F,F,F,.,F,.,F,F,F,F,F,.,F,.,F,F,F,.,F,.,F,.,F,F,F,.,F,.,F,.
LAMB- LEAN + FAT (INCL GROUND LAMB) ,24B,Both,19-30 Years,1849,F,F,F,F,F,F,.,F,.,F,F,F,F,F,.,F,.,F,F,F,.,F,.,F,.,F,F,F,.,F,.,F,.
LAMB- LEAN + FAT (INCL GROUND LAMB) ,24B,Both,31-50 Years,4389,F,F,F,F,F,F,.,F,.,F,F,F,F,F,.,F,.,F,F,F,.,F,.,F,.,F,F,F,.,F,.,F,.
LAMB- LEAN + FAT (INCL GROUND LAMB) ,24B,Both,51-70 Years,4465,F,F,F,F,F,F,.,F,.,F,F,F,F,F,.,F,.,F,F,F,.,F,.,F,.,F,F,F,.,F,.,F,.
LAMB- LEAN + FAT (INCL GROUND LAMB) ,24B,Both,71+ Years,2628,F,F,F,F,F,F,.,F,.,F,F,F,F,F,.,F,.,F,F,F,.,F,.,F,.,F,F,F,.,F,.,F,.
LAMB- LEAN + FAT (INCL GROUND LAMB) ,24B,Both,1-18 Years,6339,F,F,F,F,F,F,.,F,.,F,F,F,F,F,.,F,.,F,F,F,.,F,.,F,.,F,F,F,.,F,.,F,.
LAMB- LEAN + FAT (INCL GROUND LAMB) ,24B,Both,19+ Years,13331,0.260533834,0.26 E,0.062512341,F,F,F,.,F,.,0 E,0.000834333,F,F,F,.,F,.,100.3 E,17.19256954,65.93 E,21.65159354,210.9480626,28.48335825,217.140244,24.43793605,1.32 E,0.25295288,F,F,2.68 E,0.560839885,3.82 E,0.707465355
LAMB- LEAN + FAT (INCL GROUND LAMB) ,24B,Male,9-13 Years,1023,F,F,F,F,F,F,.,F,.,F,F,F,F,F,.,F,.,F,F,F,.,F,.,F,.,F,F,F,.,F,.,F,.
LAMB- LEAN + FAT (INCL GROUND LAMB) ,24B,Male,14-18 Years,900,F,F,F,F,F,F,.,F,.,F,F,F,F,F,.,F,.,F,F,F,.,F,.,F,.,F,F,F,.,F,.,F,.
LAMB- LEAN + FAT (INCL GROUND LAMB) ,24B,Male,19-30 Years,857,F,F,F,F,F,F,.,F,.,F,F,F,F,F,.,F,.,F,F,F,.,F,.,F,.,F,F,F,.,F,.,F,.
LAMB- LEAN + FAT (INCL GROUND LAMB) ,24B,Male,31-50 Years,2005,F,F,F,F,F,F,.,F,.,F,F,F,F,F,.,F,.,F,F,F,.,F,.,F,.,F,F,F,.,F,.,F,.
LAMB- LEAN + FAT (INCL GROUND LAMB) ,24B,Male,51-70 Years,2151,F,F,F,F,F,F,.,F,.,F,F,F,F,F,.,F,.,F,F,F,.,F,.,F,.,F,F,F,.,F,.,F,.
LAMB- LEAN + FAT (INCL GROUND LAMB) ,24B,Male,71+ Years,1180,F,F,F,F,F,F,.,F,.,F,F,F,F,F,.,F,.,F,F,F,.,F,.,F,.,F,F,F,.,F,.,F,.
LAMB- LEAN + FAT (INCL GROUND LAMB) ,24B,Male,19+ Years,6193,F,0.34 E,0.10670888,F,F,F,.,F,.,0 E,0.001233897,F,F,F,.,F,.,F,F,F,.,F,.,F,.,F,F,F,.,F,.,F,.
LAMB- LEAN + FAT (INCL GROUND LAMB) ,24B,Female,9-13 Years,939,F,F,F,F,F,F,.,F,.,F,F,F,F,F,.,F,.,F,F,F,.,F,.,F,.,F,F,F,.,F,.,F,.
LAMB- LEAN + FAT (INCL GROUND LAMB) ,24B,Female,14-18 Years,990,F,F,F,F,F,F,.,F,.,F,F,F,F,F,.,F,.,F,F,F,.,F,.,F,.,F,F,F,.,F,.,F,.
LAMB- LEAN + FAT (INCL GROUND LAMB) ,24B,Female,19-30 Years,992,F,F,F,F,F,F,.,F,.,F,F,F,F,F,.,F,.,F,F,F,.,F,.,F,.,F,F,F,.,F,.,F,.
LAMB- LEAN + FAT (INCL GROUND LAMB) ,24B,Female,31-50 Years,2384,F,F,F,F,F,F,.,F,.,F,F,F,F,F,.,F,.,F,F,F,.,F,.,F,.,F,F,F,.,F,.,F,.
LAMB- LEAN + FAT (INCL GROUND LAMB) ,24B,Female,51-70 Years,2314,F,F,F,F,F,F,.,F,.,F,F,F,F,F,.,F,.,F,F,F,.,F,.,F,.,F,F,F,.,F,.,F,.
LAMB- LEAN + FAT (INCL GROUND LAMB) ,24B,Female,71+ Years,1448,F,F,F,F,F,F,.,F,.,F,F,F,F,F,.,F,.,F,F,F,.,F,.,F,.,F,F,F,.,F,.,F,.
LAMB- LEAN + FAT (INCL GROUND LAMB) ,24B,Female,19+ Years,7138,F,F,F,F,F,F,.,F,.,F,F,F,F,F,.,F,.,F,F,F,.,F,.,F,.,F,F,F,.,F,.,F,.
PORK- FRESH AND HAM,25,Both,All ages,19670,23.0280208,14.1656987,0.654705188,F,F,42.38979385,2.518570055,84.99996144,3.906886766,0.226054593,0.009907071,F,F,0.687624536,0.037357055,1.382722011,0.072037164,61.51505084,2.410902835,33.90496527,2.001384935,135.1190099,4.283424135,194.0759206,10.59033891,0.980952136,0.036553448,0.540699765,0.03529425,2.182234519,0.074955188,3.157826878,0.166594248
PORK- FRESH AND HAM,25,Both,1-3 Years,1288,19.31646849,6.19 E,1.130094808,F,F,F,F,36.96 E,9.625505898,0.52 E,0.11091735,F,F,F,F,3.16 E,0.903432366,32.04401907,4.616527557,19.15 E,4.429048029,82.13 E,14.36506985,83.58368473,7.776896933,2.64 E,0.460503395,1.54 E,0.46383419,7.51 E,1.868961487,7.682598428,1.134595536
PORK- FRESH AND HAM,25,Both,4-8 Years,1199,18.61727816,8.270200691,1.203761616,F,F,24.57901962,3.936888849,49.77888487,7.739091614,0.355856867,0.04701584,F,F,1.09 E,0.222867796,2.098427147,0.315556705,44.42217933,5.482579874,26.1919293,3.076117866,82.45785392,9.986992383,113.14 E,27.10735477,1.911433368,0.203093083,1.209563244,0.180958392,3.47 E,0.619162981,4.9 E,1.503083998
PORK- FRESH AND HAM,25,Both,9-13 Years,1962,20.51081553,11.88456004,1.280457832,F,F,35.00168491,3.985353782,78.03531427,8.44766166,0.301797751,0.035720086,F,F,0.83912307,0.133902073,1.760392,0.185242552,57.94289372,5.319371749,33.49827099,2.81162804,125.44 E,22.22979,205.9896288,30.48990234,1.471407855,0.150702973,0.796324519,0.103397274,3.447415474,0.459354297,5.03 E,1.218986967
PORK- FRESH AND HAM,25,Both,14-18 Years,1890,22.9169134,14.11677008,1.414644677,F,F,50.23837526,7.058541545,86.25766881,9.379488016,0.227251159,0.023638246,F,F,0.725966201,0.118636705,1.314187196,0.181998491,61.59978803,4.483779794,41.87822521,5.593390616,133.4213177,21.75220307,196.674856,23.01340907,0.991630745,0.075781584,0.648424636,0.085046094,2.226106181,0.281142432,3.291804039,0.403998563
PORK- FRESH AND HAM,25,Both,19-30 Years,1849,24.53897713,14.90654683,2.449955004,F,F,39.05622198,4.905481258,84.02 E,15.03431589,0.22 E,0.036777936,F,F,0.540734298,0.085806667,1.04 E,0.237825614,60.7464066,8.269472174,31.57180781,2.759365044,136.9 E,31.86422579,221.75 E,65.48447974,0.877617743,0.126670718,0.451345014,0.06477291,2.3 E,0.445083915,3.31 E,0.984642942
PORK- FRESH AND HAM,25,Both,31-50 Years,4389,23.35172593,14.59697325,0.98557912,F,F,48.55802714,6.684330417,98.13537621,6.019684228,0.193105597,0.013491527,F,F,0.656882877,0.077339596,1.32160705,0.113514444,62.50918368,3.33317851,38.37395385,3.978042314,138.0628568,9.276103384,200.7255043,20.38745204,0.826943574,0.046875061,0.45 E,0.075079541,1.969176021,0.130446897,2.671159713,0.275941416
PORK- FRESH AND HAM,25,Both,51-70 Years,4465,24.08579714,16.30175339,1.621348484,F,F,46.99938254,6.95932181,95.2421295,9.044039747,0.208652265,0.019368207,F,F,0.657889624,0.079184501,1.363306916,0.119366458,67.6820173,5.869256583,34.10682355,3.892554582,151.9065387,12.83522636,190.2512414,22.1765165,0.866287564,0.06891631,0.460074699,0.054690992,1.988900784,0.129628001,2.346426755,0.321779321
PORK- FRESH AND HAM,25,Both,71+ Years,2628,22.21190905,13.26597373,1.000521871,F,F,56.70977243,7.342351725,83.9118562,3.224126132,0.185804324,0.014407484,F,F,0.730582782,0.07941795,1.239392778,0.110190626,59.72459953,2.795046009,46.21123568,4.418037315,120.9382665,9.422938367,149.4758393,13.54705152,0.836507676,0.041012923,0.637741622,0.057722579,1.717530175,0.14131496,2.117148457,0.156977603
PORK- FRESH AND HAM,25,Both,1-18 Years,6339,20.47235595,10.56573516,0.680338479,F,F,31.99999964,2.465007382,67.00352616,3.420226693,0.32896441,0.025946705,F,F,0.896216096,0.08355653,1.895343584,0.109083246,51.60976681,2.563947968,31.31455983,2.045584019,102.2516469,7.241039636,160.8780868,22.89882406,1.602711481,0.100826626,0.875819671,0.053000123,3.449351225,0.284862596,5.317650706,0.624959242
PORK- FRESH AND HAM,25,Both,19+ Years,13331,23.65571578,15.04988312,0.789955348,F,F,45.97510437,3.389546106,91.94289954,4.755465467,0.201079635,0.010606389,F,F,0.642994225,0.040302488,1.240797211,0.069995746,63.62049351,2.828597882,36.49424154,2.343824232,138.3948649,6.850648442,198.5051639,12.60464027,0.850025581,0.037758951,0.485958325,0.033233157,1.970115637,0.080281481,2.598450772,0.203786636
PORK- FRESH AND HAM,25,Male,9-13 Years,1023,21.12631254,12.76367479,1.727449825,F,F,35.04487461,4.576967449,70.00065335,11.35259165,0.332449335,0.049992248,F,F,1.02 E,0.180905777,1.843654856,0.302384666,60.41600852,7.299675515,35.03436937,3.647109944,128.04 E,29.13424503,207 E,42.91561349,1.573626891,0.214065421,0.894352582,0.14834727,3.555128594,0.578451257,4.91 E,1.572472511
PORK- FRESH AND HAM,25,Male,14-18 Years,900,23.146262,14.69859112,1.891546813,F,F,54.87 E,11.85216389,73.38 E,13.92241353,0.226801131,0.03135648,F,F,0.71 E,0.14922774,1.11 E,0.273103737,63.50308798,6.456519206,40.68 E,6.792401385,146.88 E,30.00858183,198.5611688,24.15037986,0.979860729,0.111568927,0.59 E,0.107695546,2.38 E,0.446084097,3.326152752,0.37589368
PORK- FRESH AND HAM,25,Male,19-30 Years,857,26.41546659,18.53 E,4.455629329,F,F,41.85 E,9.805188867,F,F,0.25 E,0.065385433,F,F,0.63 E,0.15904075,F,F,70.16 E,13.59084221,31.94 E,5.53922127,204.32 E,57.56606605,260.88 E,79.0360848,0.93 E,0.20408142,0.45 E,0.110423088,2.5 E,0.808856298,3.56 E,1.027958817
PORK- FRESH AND HAM,25,Male,31-50 Years,2005,25.94389054,18.53118509,1.671678231,F,F,61.78492085,8.619487317,125.4073551,12.76648378,0.222651807,0.021232198,F,F,0.767369382,0.09795345,1.450104973,0.182446816,71.42793431,5.47246016,40.44 E,7.473145403,181.62726,21.29817683,261.0865714,21.39321443,0.858205159,0.071442785,0.44 E,0.11037418,2.01 E,0.358469192,3.161188409,0.299103707
PORK- FRESH AND HAM,25,Male,51-70 Years,2151,24.65822338,19.03204193,2.968968944,F,F,46.98 E,10.19479546,125.9243845,19.95672875,0.218196491,0.033030621,F,F,0.58 E,0.108531672,1.31 E,0.21892015,77.18334625,10.79638873,32.68592397,4.58740906,174.8137877,19.53326342,F,F,0.884883259,0.120451379,0.369257824,0.060572006,2.172506472,0.210546481,3 E,0.932195686
PORK- FRESH AND HAM,25,Male,71+ Years,1180,26.57645485,16.65458886,1.772833207,F,F,72.67484684,10.72761529,91.19156627,9.006056838,0.209388454,0.022400623,F,F,0.823734158,0.106208935,1.238087837,0.143719402,62.66670614,4.315261171,50.55939858,7.562944839,124.2079829,12.1641284,161.5940139,20.94609184,0.787872029,0.056679707,0.55 E,0.09649834,1.664335023,0.145474889,2.040145094,0.254598529
PORK- FRESH AND HAM,25,Male,19+ Years,6193,25.67147503,18.49443905,1.458418561,F,F,56.11379981,4.800502147,113.66041,11.98781994,0.223974962,0.018562132,F,F,0.698844821,0.060889858,1.318271217,0.125036685,72.04275964,4.903963107,39.33512208,3.175402102,168,15.62483314,249.9924826,20.2722649,0.872466277,0.062692158,0.430863947,0.052034731,2.113203762,0.181019389,3.160697442,0.319438532
PORK- FRESH AND HAM,25,Female,9-13 Years,939,19.86303461,10.96 E,1.956087628,F,F,32.06 E,7.914727864,83.4 E,16.37261156,0.27 E,0.052142448,F,F,F,F,1.76 E,0.322262079,55.17452092,7.706439521,32.08 E,6.130420999,F,F,203.26 E,57.05609784,1.356985186,0.210332446,0.63 E,0.166524166,F,F,5.74 E,1.703063115
PORK- FRESH AND HAM,25,Female,14-18 Years,990,22.67441431,13.50158834,2.060668849,F,F,49.68 E,11.4611265,88.04587905,10.20392074,0.227726991,0.033870219,F,F,0.85 E,0.16860064,1.456946095,0.227730082,59.54547779,6.280073998,42.83 E,7.555833707,125.02 E,24.05633829,163.47 E,37.5493597,1.00433461,0.101764336,0.73810116,0.120013967,2.216957988,0.324557798,2.66 E,0.637989143
PORK- FRESH AND HAM,25,Female,19-30 Years,992,22.46112915,10.8915041,1.602271674,F,F,32.767399,4.075321087,F,F,0.181207701,0.028290937,F,F,0.513094676,0.074307549,F,F,48.49045667,6.159596359,29.37219035,3.597117199,102.1489561,13.09363499,131.8 E,28.82588568,0.806761316,0.110139852,0.439518987,0.06211749,2.04 E,0.349112923,2.598110162,0.385351809
PORK- FRESH AND HAM,25,Female,31-50 Years,2384,20.87112077,10.83207879,0.937666364,F,F,36.48595521,5.865854757,83.91832429,7.833266202,0.164830973,0.015148669,F,F,0.51 E,0.093484065,1.194085608,0.121630328,51.89984242,3.667090168,33.49897767,5.195199607,114.0421445,7.83806976,142.1824908,8.354660134,0.789756211,0.060704911,0.45 E,0.078644114,1.96575021,0.160364902,2.361945867,0.15314178
PORK- FRESH AND HAM,25,Female,51-70 Years,2314,23.5264101,13.63365763,1.423351939,F,F,48.38 E,8.991615455,85.37963891,7.937829809,0.199325446,0.021521702,F,F,0.72 E,0.122829475,1.379325852,0.137434059,57.95043772,4.763664273,37.19043842,5.335802981,133.0920098,13.13536009,168.742614,14.8948548,0.847241228,0.072317953,0.558729274,0.084104764,1.888261085,0.162999615,2.149481798,0.127020872
PORK- FRESH AND HAM,25,Female,71+ Years,1448,18.75441818,10.58159225,1.058159666,F,F,41.8403227,5.321064776,79.16030356,6.87166132,0.167121529,0.018117456,F,F,0.615970316,0.088753123,1.166182741,0.162702643,56.42186364,3.668925856,44.91442099,4.069934216,109.3083046,10.94790152,143.4403626,14.49864203,0.891104847,0.063091304,0.671671663,0.064074936,1.981172248,0.158998358,2.11569127,0.190562682
PORK- FRESH AND HAM,25,Female,19+ Years,7138,21.70962236,11.72437308,0.657998595,F,F,38.85720032,3.332606429,83.940812,3.870645984,0.178975584,0.010481835,F,F,0.606989762,0.053889884,1.207865826,0.073044294,54.00542159,2.410481749,33.50246629,2.645520478,120.1654929,7.598539284,148.2592514,11.58883966,0.824406714,0.038673026,0.516739334,0.044249269,1.964910229,0.096347268,2.303629604,0.08967149
PORK- FRESH- LEAN ONLY,25A,Both,All ages,19670,6.993681243,5.055681553,0.28907557,F,F,F,.,32.05075092,4.976500996,0.089086946,0.005774445,F,F,F,.,0.481753163,0.075034643,72.28927624,2.686681387,58.07440409,4.317627453,145.9970676,9.85383181,184.0069419,9.989922136,1.273068388,0.060526901,0.886450858,0.048577974,2.480913373,0.12468786,3.305467886,0.336587327
PORK- FRESH- LEAN ONLY,25A,Both,1-3 Years,1288,8.211357253,3.61 E,1.032752576,F,F,F,.,F,F,0.31 E,0.101291553,F,F,F,.,F,F,43.99 E,8.183895577,33.5 E,6.990328394,80.04911439,9.876971238,83.17100754,7.355604618,3.67 E,0.850354154,2.68 E,0.676726547,7.67 E,1.753381071,7.743757912,1.092100608
PORK- FRESH- LEAN ONLY,25A,Both,4-8 Years,1199,8.011670614,4.3 E,1.027096416,F,F,F,.,F,F,0.18 E,0.03806283,F,F,F,.,F,F,53.65 E,11.98295608,27.22 E,7.722014008,84.85 E,25.48925532,F,F,2.22 E,0.417603388,F,F,4.24 E,0.792709748,F,F
PORK- FRESH- LEAN ONLY,25A,Both,9-13 Years,1962,7.338929832,5.09 E,0.981513948,F,F,F,.,F,F,0.14 E,0.029762381,F,F,F,.,F,F,69.29715508,10.40568884,45.9 E,11.38337393,160.97 E,31.0701626,206.55 E,50.19285509,1.85 E,0.335603102,1.17 E,0.264370819,4.42 E,1.306184397,6.11 E,1.576770508
PORK- FRESH- LEAN ONLY,25A,Both,14-18 Years,1890,5.540251842,4.32 E,0.776064027,F,F,F,.,F,F,0.07 E,0.013375988,F,F,F,.,F,F,77.9437315,10.1779218,46.02 E,13.06357834,152.02 E,27.1745752,221.33 E,42.3164313,1.276182623,0.195142005,0.83 E,0.198927993,2.474835261,0.37207407,3.29 E,0.86062093
PORK- FRESH- LEAN ONLY,25A,Both,19-30 Years,1849,5.648030173,4.14 E,0.828100829,F,F,F,.,F,F,0.06 E,0.013764964,F,F,F,.,F,F,73.32109383,10.3009858,46.93 E,10.12953378,159.59 E,29.85513772,204.45 E,52.94122561,1.126684595,0.170470591,0.75 E,0.15033862,2.485834329,0.281096852,2.97 E,0.565924446
PORK- FRESH- LEAN ONLY,25A,Both,31-50 Years,4389,6.776965682,5.10098605,0.567486188,F,F,F,.,F,F,0.069182282,0.007568314,F,F,F,.,F,F,75.2694685,5.221413083,58.15649009,5.85453402,146.6289815,14.31220414,200.6878227,24.5331136,1.020844512,0.076005465,0.769140692,0.070959897,2.292827707,0.278183041,2.60920104,0.298452426
PORK- FRESH- LEAN ONLY,25A,Both,51-70 Years,4465,7.397372954,5.858486692,0.617346912,F,F,F,.,F,F,0.079348716,0.008588575,F,F,F,.,0.53 E,0.129835442,79.19685446,6.033508764,66.40100124,7.11426326,165.0020254,10.58906575,172.6618741,10.69450281,1.072660741,0.081354514,0.966966395,0.119284798,2.10476114,0.135204688,2.302538199,0.095490689
PORK- FRESH- LEAN ONLY,25A,Both,71+ Years,2628,8.128736435,5.332359742,0.633638299,F,F,F,.,50.25 E,13.48253699,0.079447643,0.010361437,F,F,F,.,0.69 E,0.155354246,65.5988761,4.238221066,66.94332091,9.765857598,104.3946268,10.72183745,129.2332121,11.89797416,0.97736768,0.07244319,0.992615809,0.119774202,1.897760807,0.19355103,2.008323157,0.148427697
PORK- FRESH- LEAN ONLY,25A,Both,1-18 Years,6339,7.156416728,4.400009481,0.490243699,F,F,F,.,20.98 E,6.178029798,0.156086593,0.021930305,F,F,F,.,0.73 E,0.213548311,61.48341619,5.229422506,33.50254009,5.025920594,125.9321898,13.90867733,173.2 E,39.15377364,2.174049433,0.225018272,1.208403006,0.166754875,5.25 E,0.920725317,7.596599629,1.23942032
PORK- FRESH- LEAN ONLY,25A,Both,19+ Years,13331,6.953711899,5.216720693,0.34608477,F,F,F,.,33.5 E,5.712175439,0.072826949,0.005069996,F,F,F,.,0.46 E,0.083340468,75.02066189,3.145024819,65.24981811,4.940080755,149.5954863,10.48279081,184.022445,9.944126337,1.047310417,0.046906995,0.852529935,0.062606552,2.17950459,0.111937133,2.595427317,0.130188505
PORK- FRESH- LEAN ONLY,25A,Male,9-13 Years,1023,6.761980396,4.74 E,1.288398627,F,F,F,.,F,F,0.13 E,0.040603915,F,F,F,.,F,F,70.14 E,17.35672737,F,F,168.2 E,48.04848038,235.59 E,68.5986111,1.94 E,0.552732908,1 E,0.298882047,F,F,F,F
PORK- FRESH- LEAN ONLY,25A,Male,14-18 Years,900,6.216568871,5.11 E,1.201131275,F,F,F,.,F,F,0.08 E,0.021439065,F,F,F,.,F,F,82.27 E,18.21409891,F,F,192.09 E,40.29982361,232.65 E,44.07559369,1.35 E,0.347177679,F,F,2.53 E,0.744049678,3.84 E,0.964928726
PORK- FRESH- LEAN ONLY,25A,Male,19-30 Years,857,5.839509574,3.63 E,1.028211376,F,F,F,.,F,F,0.05 E,0.014729809,F,F,F,.,F,F,62.09 E,11.19230256,44.65 E,9.606145811,157.8 E,45.1496903,183.87 E,39.89112864,0.798997902,0.124960216,0.66 E,0.167924714,1.91 E,0.526668294,2.07 E,0.381246681
PORK- FRESH- LEAN ONLY,25A,Male,31-50 Years,2005,7.22952872,5.782984755,0.905752288,F,F,F,.,F,F,0.07013866,0.010756581,F,F,F,.,F,F,79.99117203,8.041565998,57.97113349,7.733939799,181.04 E,31.09137317,244.5655047,33.38613588,0.970169182,0.101720155,0.740532026,0.091887919,1.92 E,0.395204176,2.87 E,0.497995404
PORK- FRESH- LEAN ONLY,25A,Male,51-70 Years,2151,5.547885835,5.097244273,0.801956075,F,F,F,.,F,F,0.063639656,0.010452799,F,F,F,.,F,F,91.87723802,9.099338954,82.28552308,7.856836442,165.0435241,10.8534058,182.62 E,39.42272779,1.147097432,0.12520315,0.981267187,0.074777837,2.166489036,0.200145803,F,F
PORK- FRESH- LEAN ONLY,25A,Male,71+ Years,1180,8.592539147,5.580134931,0.880109662,F,F,F,.,F,F,0.08 E,0.013739937,F,F,F,.,0.74 E,0.229553526,64.94162942,5.350371954,75.99 E,13.54441676,103.8505142,5.496577356,113.3722917,13.1248717,0.884299089,0.089979457,0.915900551,0.144003707,1.591494107,0.194626692,1.65946572,0.162054998
PORK- FRESH- LEAN ONLY,25A,Male,19+ Years,6193,6.570540561,5.146563258,0.471999006,F,F,F,.,F,F,0.064400903,0.006104491,F,F,F,.,F,F,78.32785156,4.684887042,59.02896087,6.51121244,165.2207841,12.68033773,200.6459658,23.53494415,0.980146183,0.059767592,0.813872286,0.07205883,1.886534039,0.168734645,2.424832688,0.331222032
PORK- FRESH- LEAN ONLY,25A,Female,9-13 Years,939,7.946141275,5.45 E,1.422066188,F,F,F,.,F,F,0.14 E,0.04169926,F,F,F,.,F,F,68.54 E,13.14904688,F,F,131.85 E,31.73841352,169.47 E,39.91147367,1.78 E,0.414411186,F,F,F,F,6.02 E,1.634555271
PORK- FRESH- LEAN ONLY,25A,Female,14-18 Years,990,4.825155869,3.48 E,0.89241427,F,F,F,.,F,.,0.06 E,0.014167304,F,F,F,.,F,.,72.0548962,11.51769748,46.01 E,14.81512498,128.026351,19.90543789,F,F,1.17 E,0.207284018,0.8 E,0.171573312,2.07 E,0.35271173,F,F
PORK- FRESH- LEAN ONLY,25A,Female,19-30 Years,992,5.436003889,4.71 E,1.347619395,F,F,F,.,F,F,0.08 E,0.024100168,F,F,F,.,F,F,86.68 E,18.45715448,F,F,151.62 E,36.07104368,198.99 E,63.2740555,1.52 E,0.326136759,F,F,2.70967941,0.451395856,3.3 E,0.791931318
PORK- FRESH- LEAN ONLY,25A,Female,31-50 Years,2384,6.34387968,4.448338644,0.624773658,F,F,F,.,F,F,0.068267065,0.009782788,F,F,F,.,F,F,70.12016097,6.754069223,60.67 E,10.31683231,141.798692,12.15259376,161.4379118,19.98660799,1.076109071,0.112484348,0.822494557,0.111758227,2.457271084,0.319037785,2.602655254,0.300331324
PORK- FRESH- LEAN ONLY,25A,Female,51-70 Years,2314,9.204730913,6.602388896,0.96913865,F,F,F,.,48.1 E,14.30156642,0.094699941,0.013775402,F,F,F,.,F,F,71.72821192,7.689807482,65.59 E,11.34932931,157.6341473,17.71917908,169.6130519,12.91655741,1.028818137,0.105407045,0.85 E,0.22236675,2.001740528,0.185227775,2.302741295,0.158889596
PORK- FRESH- LEAN ONLY,25A,Female,71+ Years,1448,7.761322797,5.14 E,0.895409482,F,F,F,.,F,F,0.08 E,0.014976774,F,F,F,.,0.68 E,0.21339889,66.17529228,6.466490161,66.71 E,11.20083958,118.8605165,16.29237871,134.0090533,15.36233784,1.05899037,0.109557952,1.033381079,0.169780272,1.999156398,0.177424008,2.055547619,0.316878318
PORK- FRESH- LEAN ONLY,25A,Female,19+ Years,7138,7.323640609,5.284453446,0.46490214,F,F,F,.,33.5 E,6.049470497,0.080961786,0.007264108,F,F,F,.,0.515548203,0.085343885,72.15610006,4.258759554,65.61079383,7.724646834,145.0058785,10.40417439,168.6738019,8.295659586,1.10548552,0.068716312,0.852840259,0.123393208,2.303712213,0.13519011,2.614239325,0.124286994
PORK- FRESH- LEAN + FAT (INCL GROUND PORK),25B,Both,All ages,19670,5.651180998,4.83361676,0.533761873,F,F,F,.,15.43 E,4.713682334,0.071091293,0.00704263,F,F,F,.,0.24 E,0.0651914,85.53286052,7.529867704,49.98612931,5.419126833,189.9280942,16.88455462,261.22 E,51.9092188,1.257410741,0.096160534,0.862952137,0.056261278,2.847514328,0.296192316,3.68 E,0.762016547
PORK- FRESH- LEAN + FAT (INCL GROUND PORK),25B,Both,1-3 Years,1288,4.411996048,0.82 E,0.166773588,F,F,F,.,F,.,0.06 E,0.013011282,F,F,F,.,F,.,18.68570773,2.718060004,F,F,35.5794387,3.718988188,45.71 E,14.67498403,1.385586084,0.22184391,F,F,2.830516573,0.306434638,3.87 E,0.772399745
PORK- FRESH- LEAN + FAT (INCL GROUND PORK),25B,Both,4-8 Years,1199,4.516161919,1.42 E,0.360219331,F,F,F,.,F,.,0.06 E,0.015308881,F,F,F,.,F,.,31.51214741,4.673488933,24.75 E,6.095886612,50.33269313,7.040234406,68.24 E,12.21623247,1.409965383,0.193745265,1.2 E,0.377242397,2.39728466,0.38141645,3.086008053,0.508226821
PORK- FRESH- LEAN + FAT (INCL GROUND PORK),25B,Both,9-13 Years,1962,6.495597634,3.84 E,0.795673641,F,F,F,.,F,F,0.1 E,0.01857233,F,F,F,.,F,F,59.13 E,11.20546119,34.33265166,5.470236797,F,F,266.75 E,84.39293481,1.463061295,0.24330547,1.09 E,0.209591281,3.37 E,0.775959555,4.75 E,1.560197522
PORK- FRESH- LEAN + FAT (INCL GROUND PORK),25B,Both,14-18 Years,1890,6.682416418,5.3 E,0.988485373,F,F,F,.,F,F,0.09 E,0.017125038,F,F,F,.,F,F,79.24094844,7.919992966,66.71543546,8.725281469,163.6937055,25.67987255,197.1864998,31.89373611,1.316168747,0.14302631,1.073263863,0.145143164,3.24 E,0.611651267,3.856058002,0.410216881
PORK- FRESH- LEAN + FAT (INCL GROUND PORK),25B,Both,19-30 Years,1849,5.831837097,F,F,F,F,F,.,F,F,F,F,F,F,F,.,F,F,95.03 E,29.85315052,F,F,F,F,426.67 E,129.2163582,1.37 E,0.449025307,F,F,F,F,6.5 E,2.129459804
PORK- FRESH- LEAN + FAT (INCL GROUND PORK),25B,Both,31-50 Years,4389,5.63352633,5.227924593,0.707141307,F,F,F,.,F,F,0.070032088,0.009664799,F,F,F,.,F,F,92.80021584,7.164937356,73.57719697,8.659721149,188.4157787,23.09876969,253.213133,29.22832098,1.243130568,0.100864181,1.040698644,0.101045213,3.01 E,0.525937515,3.165902665,0.356808326
PORK- FRESH- LEAN + FAT (INCL GROUND PORK),25B,Both,51-70 Years,4465,5.822122821,5.8 E,1.401259406,F,F,F,.,F,F,0.07 E,0.015774684,F,F,F,.,F,F,99.59 E,19.7651576,51.48515448,7.529976316,F,F,F,F,1.23 E,0.213775553,0.795682967,0.105180579,F,F,F,F
PORK- FRESH- LEAN + FAT (INCL GROUND PORK),25B,Both,71+ Years,2628,4.991951716,3.53 E,0.6197556,F,F,F,.,F,.,0.04 E,0.007512846,F,F,F,.,F,.,70.71251625,8.437637052,49.0306662,5.027006432,171.04 E,29.64128284,197.7621302,23.058046,0.897683107,0.103683855,0.56 E,0.122328838,1.99272025,0.306127924,2.443554951,0.219106825
PORK- FRESH- LEAN + FAT (INCL GROUND PORK),25B,Both,1-18 Years,6339,5.64850849,3.079444657,0.365135107,F,F,F,.,F,F,0.078773628,0.008339686,F,F,F,.,F,F,54.51783711,4.923603282,33.03304748,3.747226219,110.4422446,16.70353268,182.3478058,29.15706258,1.391315946,0.099313413,1.076391141,0.127022054,2.935100427,0.3074404,3.873506259,0.402895075
PORK- FRESH- LEAN + FAT (INCL GROUND PORK),25B,Both,19+ Years,13331,5.651837391,5.264457692,0.656410434,F,F,F,.,F,F,0.069226884,0.008453314,F,F,F,.,F,F,93.14595109,9.291095336,60.55342009,6.611947768,199.053857,21.23834393,267.68 E,69.34436803,1.224856256,0.118009617,0.851008864,0.069988434,2.840270133,0.372388715,3.55 E,0.98528995
PORK- FRESH- LEAN + FAT (INCL GROUND PORK),25B,Male,9-13 Years,1023,7.511436895,4.59 E,1.107348876,F,F,F,.,F,F,0.12 E,0.028615704,F,F,F,.,F,F,61.11 E,12.71850737,35.03 E,7.002872278,F,F,F,F,1.55 E,0.302263929,1.107942435,0.128585396,3.37 E,0.762358725,4.51 E,1.156393905
PORK- FRESH- LEAN + FAT (INCL GROUND PORK),25B,Male,14-18 Years,900,6.164495618,5.32 E,1.250897426,F,F,F,.,F,F,0.08 E,0.01887658,F,F,F,.,F,F,86.23 E,14.72937587,62.18 E,12.3176225,193.37 E,48.61062869,248.55 E,68.42425022,1.338659421,0.208533977,1.07 E,0.2564669,2.97 E,0.609621326,3.86 E,0.690535589
PORK- FRESH- LEAN + FAT (INCL GROUND PORK),25B,Male,19-30 Years,857,6.149566596,F,F,F,F,F,.,F,F,F,F,F,F,F,.,F,F,135.16 E,43.78475083,F,F,379.37 E,110.1765808,418.2 E,112.4325873,F,F,F,F,5.03 E,1.409968348,5.95 E,1.689478298
PORK- FRESH- LEAN + FAT (INCL GROUND PORK),25B,Male,31-50 Years,2005,6.587320853,7.3 E,1.305380085,F,F,F,.,F,F,0.09 E,0.017570823,F,F,F,.,F,F,110.7456748,10.97646756,98.10818438,14.44160216,225.7677096,32.41505987,263.6811201,23.08254626,1.401203001,0.155903691,1.107166579,0.15535272,3.161227132,0.396420435,3.262264573,0.33365389
PORK- FRESH- LEAN + FAT (INCL GROUND PORK),25B,Male,51-70 Years,2151,7.02264986,8.82 E,2.777234045,F,F,F,.,F,F,0.1 E,0.030449821,F,F,F,.,F,F,125.58 E,32.00071435,56.05 E,16.23877852,F,F,F,F,1.42 E,0.350766747,0.74 E,0.188669307,F,F,5.75 E,1.83743434
PORK- FRESH- LEAN + FAT (INCL GROUND PORK),25B,Male,71+ Years,1180,6.723956614,5.32 E,1.27891449,F,F,F,.,F,F,0.06 E,0.015260767,F,F,F,.,F,F,79.18 E,13.78821196,49.06 E,13.57630651,172.113408,28.40123008,200.0298406,28.97633813,0.95 E,0.170060841,F,F,2.03067247,0.335219996,2.43 E,0.452094573
PORK- FRESH- LEAN + FAT (INCL GROUND PORK),25B,Male,19+ Years,6193,6.667503987,7.769100337,1.293339168,F,F,F,.,29.16 E,9.387451526,0.1 E,0.016425754,F,F,F,.,F,F,116.5218701,14.95649712,77.77013464,12.32536299,251.92 E,43.44339783,377.67 E,104.23404,1.439427785,0.190564789,0.899180033,0.114457873,3.17 E,0.611143358,4.65 E,1.262882273
PORK- FRESH- LEAN + FAT (INCL GROUND PORK),25B,Female,9-13 Years,939,5.426475827,F,F,F,F,F,.,F,F,0.07 E,0.023443169,F,F,F,.,F,F,F,F,F,F,F,F,F,F,1.34 E,0.406351102,F,F,F,F,F,F
PORK- FRESH- LEAN + FAT (INCL GROUND PORK),25B,Female,14-18 Years,990,7.230033974,5.27 E,1.46261897,F,F,F,.,F,F,0.09 E,0.027455581,F,F,F,.,F,F,72.94285613,9.514839684,70.64 E,13.45343803,133.45 E,28.84355686,181.37 E,31.71414235,1.295893147,0.208259256,1.05 E,0.186563318,3.36 E,1.024505498,3.74 E,0.645790225
PORK- FRESH- LEAN + FAT (INCL GROUND PORK),25B,Female,19-30 Years,992,5.480013325,2.48 E,0.563164085,F,F,F,.,F,F,0.04 E,0.009350319,F,F,F,.,F,F,45.17 E,13.03140197,F,F,93.64 E,20.68654264,112.46 E,32.3589734,0.72 E,0.212463713,F,F,1.59 E,0.408735169,2.1 E,0.478404132
PORK- FRESH- LEAN + FAT (INCL GROUND PORK),25B,Female,31-50 Years,2384,4.720780431,3.249644791,0.512203396,F,F,F,.,F,.,0.048720861,0.007848484,F,F,F,.,F,.,68.83702469,6.289258358,63.08038077,7.806627871,122.7194878,14.53613176,170.04 E,32.80869141,1.032050988,0.099491388,0.858318407,0.104519436,1.823640197,0.185757942,F,F
PORK- FRESH- LEAN + FAT (INCL GROUND PORK),25B,Female,51-70 Years,2314,4.648942389,2.85 E,0.652480562,F,F,F,.,F,.,0.04 E,0.01031483,F,F,F,.,F,.,61.22722555,5.98374535,49.50065403,8.046582374,105.6563743,16.39432247,138.5944787,13.02276115,0.957600665,0.093785209,0.84 E,0.15496778,1.699690168,0.233706797,2.072708843,0.218330321
PORK- FRESH- LEAN + FAT (INCL GROUND PORK),25B,Female,71+ Years,1448,3.619898035,2.11 E,0.432693798,F,F,F,.,F,.,0.03 E,0.005667288,F,F,F,.,F,.,58.25974543,8.701690705,41.5 E,7.450874604,123.65 E,26.03889017,151.96 E,35.45869885,0.8158376,0.103559789,0.54 E,0.114320247,1.67 E,0.306891736,2.279652945,0.377223473
PORK- FRESH- LEAN + FAT (INCL GROUND PORK),25B,Female,19+ Years,7138,4.671272834,2.846376979,0.296568089,F,F,F,.,F,.,0.043404256,0.004653764,F,F,F,.,F,.,60.93364872,4.080543505,48.85101063,4.966660897,109.3601674,10.3426194,140.1937958,12.53745135,0.929174064,0.062611437,0.694838074,0.084926198,1.801102452,0.156591561,2.144093916,0.166394012
BACON,25C,Both,All ages,19670,8.985865284,1.90294892,0.119066053,F,F,F,.,15.71433215,0.491960147,0.027725116,0.001862385,F,F,F,.,0.211567491,0.015136153,21.17713609,0.926690591,15.99646528,0.786688829,39.4566499,1.664871217,47.12382598,2.879263957,0.308237235,0.016059073,0.236078719,0.011284555,0.596767047,0.034203539,0.781003578,0.064465606
BACON,25C,Both,1-3 Years,1288,5.273325992,F,F,F,F,F,.,F,F,F,F,F,F,F,.,F,F,10.57 E,2.286124063,7.48 E,2.114457204,23.64 E,5.189245535,23.67629408,3.855404435,0.78 E,0.199266387,0.57 E,0.164084134,1.83 E,0.529394239,1.87 E,0.420694799
BACON,25C,Both,4-8 Years,1199,3.775870396,0.63 E,0.16437167,F,F,F,.,F,.,0.03 E,0.008133811,F,F,F,.,F,.,16.61673356,2.712366949,14.15855613,2.067253495,F,F,F,F,0.78 E,0.140289068,0.529207787,0.0590482,1.44 E,0.343549843,F,F
BACON,25C,Both,9-13 Years,1962,6.804022249,1.300504236,0.178108835,F,F,F,.,F,F,0.029447349,0.004167279,F,F,F,.,F,F,19.11375637,1.509676308,15.4425268,2.072264833,32.01534546,2.8417647,36.92412933,5.61195451,0.432793254,0.038862013,0.349295045,0.042994009,0.7365092,0.07243456,0.969644745,0.129680304
BACON,25C,Both,14-18 Years,1890,9.871023278,2.064348072,0.251065727,F,F,F,.,18.27293129,2.89199838,0.030792732,0.003756186,F,F,F,.,0.272256004,0.032425907,20.91321248,1.404144928,18.46888575,2.525588022,39.44191608,5.954734771,47.60009247,3.693886712,0.311950756,0.021691178,0.272646831,0.022242976,0.610483955,0.062916763,0.800011148,0.1082758
BACON,25C,Both,19-30 Years,1849,11.71167993,2.45 E,0.42758367,F,F,F,F,18.5 E,4.739776,0.03 E,0.006348863,F,F,F,F,0.276945142,0.044346628,20.95813448,2.096239436,15.99174123,2.489403215,39.71558419,3.64082624,41.68722852,3.121914013,0.290772315,0.034047841,0.238396084,0.037458232,0.540652113,0.081812956,0.683453196,0.085558218
BACON,25C,Both,31-50 Years,4389,9.413772357,2.050698649,0.277515726,F,F,F,.,14.67 E,3.200926677,0.026112611,0.004182186,F,F,F,.,0.16 E,0.030404909,21.78402633,2.485747557,15.65734899,2.095085812,38.92 E,7.07949654,F,F,0.277387323,0.03907912,0.17 E,0.029794053,0.52 E,0.087239926,F,F
BACON,25C,Both,51-70 Years,4465,9.403563606,2.050313149,0.186153244,F,F,F,.,16.64 E,2.934643202,0.025217356,0.002268223,F,F,F,.,0.232013672,0.024692688,21.80357612,1.103542651,19.52518994,2.747024229,39.15623849,3.620638854,46.88873942,3.460635394,0.268168079,0.013539322,0.248386469,0.01452766,0.448896066,0.03224484,0.596821453,0.063811907
BACON,25C,Both,71+ Years,2628,7.581543405,1.678683053,0.208326125,F,F,F,.,15.24 E,2.977886174,0.022899592,0.002873702,F,F,F,.,0.2 E,0.036953879,22.14170602,1.450131692,18.51 E,3.106609987,41.19216775,4.055589982,47.10695055,4.910409754,0.302043933,0.020862047,0.248199017,0.019584083,0.596763924,0.061348574,0.675334607,0.059799006
BACON,25C,Both,1-18 Years,6339,6.581649146,1.207598961,0.104646178,F,F,F,.,7.89 E,1.62504476,0.031676474,0.003775006,F,F,F,.,0.18 E,0.038041418,18.34796925,0.915547829,15.60518353,0.312509139,31.73146427,2.553029963,47.02792122,5.39637533,0.480083755,0.04058332,0.337232705,0.035476883,0.87 E,0.166758141,1.42 E,0.298303101
BACON,25C,Both,19+ Years,13331,9.576363056,2.073733317,0.143600509,F,F,F,.,15.98954832,0.919052712,0.02676617,0.002068572,F,F,F,.,0.212337019,0.016131669,21.65470653,1.060761339,16.11943059,1.250711327,39.36213496,1.759240425,47.15118104,4.708191584,0.279502453,0.016543082,0.220984589,0.012469624,0.535817244,0.038221829,0.702384238,0.054290914
BACON,25C,Male,9-13 Years,1023,6.84376078,1.37 E,0.24876839,F,F,F,.,F,F,0.03 E,0.005981537,F,F,F,.,F,F,20.04064633,1.603714377,16.12 E,4.178010724,29.21296946,3.565253563,38.78 E,9.695046464,0.473655433,0.040813574,0.405104305,0.046353853,0.777019275,0.118302734,1.029453269,0.142941003
BACON,25C,Male,14-18 Years,900,11.05998001,2.51 E,0.41984864,F,F,F,F,21.95080332,3.308112323,0.03 E,0.005952553,F,F,F,F,0.297559316,0.039498649,22.67660621,1.938668633,21.33153779,3.303794139,40.28244635,6.095642254,48.06039231,4.409151156,0.315965306,0.02883116,0.273124913,0.024744289,0.59 E,0.103818499,0.800380221,0.117495303
BACON,25C,Male,19-30 Years,857,13.38856919,3.42 E,0.769229268,F,F,F,F,27.36 E,6.198097603,0.05 E,0.01140188,F,F,F,F,0.31 E,0.098099611,25.51954306,2.585187971,23.36281019,3.875501165,41.45531471,3.22446806,43.81 E,13.55720908,0.342608146,0.046549782,0.28 E,0.050148482,0.639693811,0.093416889,F,F
BACON,25C,Male,31-50 Years,2005,10.44324818,2.522942164,0.372901251,F,F,F,F,18.51 E,3.852950541,0.027394655,0.003659707,F,F,F,F,0.2 E,0.037516101,24.15859626,3.281150831,16.61 E,4.267532568,39.35 E,6.850736148,61.17 E,13.23978338,0.262319297,0.0318135,0.19 E,0.037494302,0.426353101,0.062513904,0.63 E,0.126713151
BACON,25C,Male,51-70 Years,2151,11.1485672,2.650872008,0.330194537,F,F,F,F,23.63531537,2.161985407,0.029022194,0.003598187,F,F,F,F,0.248390074,0.022832561,23.77769233,1.743162869,23.59611429,2.121111818,39.41056151,4.402981813,47.59 E,8.855805974,0.260322186,0.020636794,0.227222118,0.018410414,0.450976291,0.056492309,0.596810058,0.097019609
BACON,25C,Male,71+ Years,1180,9.629952319,2.121172982,0.351718108,F,F,F,.,19.63 E,3.633275234,0.03 E,0.004267986,F,F,F,.,0.219289879,0.026547941,22.02682747,1.858541237,19.8544067,3.116152747,39.36490314,4.561370219,46.00874955,4.593260683,0.26169052,0.02553653,0.227121823,0.016631661,0.490890219,0.064983622,0.58 E,0.097083823
BACON,25C,Male,19+ Years,6193,11.11793844,2.682441546,0.224051452,F,F,F,F,23.6078151,1.751879926,0.031015465,0.002734791,F,F,F,F,0.244574458,0.018661991,24.12714876,1.391109507,20.01068027,2.755728679,41.20122996,2.377756269,47.39297313,6.697490275,0.278967773,0.017221823,0.226438058,0.014909147,0.540234366,0.047514368,0.698684922,0.064518054
BACON,25C,Female,9-13 Years,939,6.762199363,1.23 E,0.270318996,F,F,F,.,F,F,0.03 E,0.006133538,F,F,F,.,F,F,18.12648345,2.768120672,15.1 E,3.359960093,31.96538098,3.971201973,36.55302938,6.058188609,0.39 E,0.072593501,0.33 E,0.094211065,0.6 E,0.105664178,0.78 E,0.200117891
BACON,25C,Female,14-18 Years,990,8.613893656,1.6 E,0.290806303,F,F,F,.,13.77 E,3.957573737,0.03 E,0.004840013,F,F,F,.,0.21 E,0.062561297,18.5192456,1.891107463,15.86176301,2.235908311,31.77 E,6.153073905,46.93 E,8.920851593,0.30650064,0.030697161,0.25 E,0.045892294,0.61790684,0.066238582,0.654330479,0.068735256
BACON,25C,Female,19-30 Years,992,9.854850443,1.39 E,0.330909996,F,F,F,.,12.60442772,4.200136818,0.02 E,0.005058401,F,F,F,.,F,F,14.1 E,2.456292238,12.7 E,3.299365502,29.37909511,4.170541152,31.79630262,2.150745431,0.21 E,0.036951817,0.21 E,0.059516424,0.41 E,0.072196498,0.507661115,0.064760783
BACON,25C,Female,31-50 Years,2384,8.428602269,1.6 E,0.392442127,F,F,F,.,F,F,0.02 E,0.007263957,F,F,F,.,0.12 E,0.037029316,18.97 E,3.98543723,12.09 E,2.937572417,F,F,F,F,0.3 E,0.077062553,0.16 E,0.036235177,F,F,F,F
BACON,25C,Female,51-70 Years,2314,7.69830916,1.46343432,0.198451265,F,F,F,.,15.7 E,4.575784397,0.021499188,0.00302656,F,F,F,.,0.19 E,0.054929403,19.00981488,1.263424127,16.11169092,1.499716946,31.4691278,2.624333471,40.23638901,5.158327395,0.279271554,0.018249552,0.270368821,0.02842178,0.437933007,0.032024457,0.615689804,0.092655632
BACON,25C,Female,71+ Years,1448,5.958841879,1.33 E,0.259286929,F,F,F,.,F,F,0.02 E,0.004074517,F,F,F,.,F,F,22.28877573,2.444351777,15.61 E,3.57937775,43.35874799,6.122782157,53.03819549,8.250745914,0.353705137,0.034722262,0.337208723,0.038190428,0.668847319,0.08735183,0.793882188,0.114730744
BACON,25C,Female,19+ Years,7138,8.088065431,1.486062404,0.175377442,F,F,F,.,11.42 E,2.781495137,0.022663732,0.003122033,F,F,F,.,0.15 E,0.030998565,18.37352104,1.716902612,15.69085971,0.669368505,35.94844254,3.681065771,46.7 E,11.60538757,0.280212028,0.032172585,0.218330018,0.02105982,0.516916855,0.061127056,0.68 E,0.198479593
HAM- CURED- LEAN ONLY,25D,Both,All ages,19670,2.739489033,1.59614832,0.190489652,F,F,F,.,F,.,0.025999252,0.003120638,F,F,F,.,F,.,58.26445373,5.389137997,31.92328021,4.516202022,134.0533083,11.36917704,186.4258837,26.51488136,0.946987235,0.091374386,0.51 E,0.117049096,2.037428183,0.213652127,2.854896109,0.434349883
HAM- CURED- LEAN ONLY,25D,Both,1-3 Years,1288,2.554471651,F,F,F,F,F,.,F,.,F,F,F,F,F,.,F,.,F,F,F,F,F,F,F,F,F,F,F,F,F,F,F,F
HAM- CURED- LEAN ONLY,25D,Both,4-8 Years,1199,3.215462303,F,F,F,F,F,.,F,.,F,F,F,F,F,.,F,.,41.88 E,8.783572863,F,F,76.1 E,22.44490161,119.55 E,29.75483373,1.66 E,0.36377397,F,F,3.21 E,0.715268754,4.25 E,1.14896032
HAM- CURED- LEAN ONLY,25D,Both,9-13 Years,1962,2.425461755,1.12 E,0.3674009,F,F,F,.,F,.,0.03 E,0.008567465,F,F,F,.,F,.,46.06 E,10.62589285,31.57 E,9.930546749,F,F,F,F,1.18 E,0.229468184,0.85 E,0.237980138,F,F,4.02 E,1.130312345
HAM- CURED- LEAN ONLY,25D,Both,14-18 Years,1890,2.6456711,F,F,F,F,F,.,F,.,0.02 E,0.006535042,F,F,F,.,F,.,50.84 E,10.29905042,F,F,128.1 E,33.07652301,132.59 E,23.58961643,0.79 E,0.139541508,F,F,1.41 E,0.315511397,2.12 E,0.523987667
HAM- CURED- LEAN ONLY,25D,Both,19-30 Years,1849,2.561187961,F,F,F,F,F,.,F,.,F,F,F,F,F,.,F,.,65.4 E,15.06418515,F,F,126.4537405,20.69996042,137.3082737,22.17724874,0.82 E,0.178884486,F,F,1.72 E,0.336238601,1.798405604,0.26801851
HAM- CURED- LEAN ONLY,25D,Both,31-50 Years,4389,3.008175546,1.48 E,0.27091476,F,F,F,.,F,.,0.02 E,0.003507832,F,F,F,.,F,.,49.22513282,7.519085174,24.21 E,5.534840677,122.4044393,19.43016548,174.49 E,37.29240704,0.621357207,0.094110537,0.33 E,0.071142653,1.49 E,0.270266888,2.183879668,0.295518497
HAM- CURED- LEAN ONLY,25D,Both,51-70 Years,4465,2.339719285,1.82 E,0.495937312,F,F,F,.,F,.,0.02 E,0.007314764,F,F,F,.,F,.,77.65 E,17.27690697,F,F,186.83 E,59.5469593,282.33 E,84.99095995,1.02 E,0.258401046,F,F,F,F,F,F
HAM- CURED- LEAN ONLY,25D,Both,71+ Years,2628,3.243744152,2.02 E,0.39201157,F,F,F,.,F,.,0.03 E,0.005838967,F,F,F,.,F,.,62.31416069,6.22031616,44.63 E,11.87160617,126.95 E,29.3584321,138.13 E,26.7699282,0.905690794,0.087383599,0.824213987,0.089290227,1.462986919,0.188896929,1.83 E,0.586226514
HAM- CURED- LEAN ONLY,25D,Both,1-18 Years,6339,2.73118284,1.22 E,0.225503071,F,F,F,.,F,.,0.04 E,0.008798677,F,F,F,.,F,.,44.63255529,5.311260107,29.56462966,4.81659316,85.03 E,25.10336964,135.416082,21.62159597,1.526324273,0.24755569,0.84 E,0.145652472,2.923193918,0.455553653,4.291392195,0.669688367
HAM- CURED- LEAN ONLY,25D,Both,19+ Years,13331,2.741529111,1.688780256,0.227345054,F,F,F,.,F,.,0.022079022,0.003164269,F,F,F,.,F,.,61.59993887,6.54398177,32.15 E,6.44494484,137.6316335,16.50523202,188.23 E,35.8185271,0.805354281,0.09213397,0.43 E,0.118283005,1.788964399,0.206934906,2.19 E,0.437345424
HAM- CURED- LEAN ONLY,25D,Male,9-13 Years,1023,F,F,F,F,F,F,.,F,.,F,F,F,F,F,.,F,.,F,F,F,.,F,.,F,.,F,F,F,.,F,.,F,.
HAM- CURED- LEAN ONLY,25D,Male,14-18 Years,900,F,0.24 E,0.078895659,F,F,F,.,F,.,0 E,0.001154231,F,F,F,.,F,.,F,F,F,.,F,.,F,.,F,F,F,.,F,.,F,.
HAM- CURED- LEAN ONLY,25D,Male,19-30 Years,857,F,F,F,F,F,F,.,F,.,F,F,F,F,F,.,F,.,F,F,F,.,F,.,F,.,F,F,F,.,F,.,F,.
HAM- CURED- LEAN ONLY,25D,Male,31-50 Years,2005,3.762797834,1.87 E,0.414153746,F,F,F,.,F,.,0.02 E,0.004464879,F,F,F,.,F,.,49.74 E,11.48912179,21.02 E,6.675464816,133.42 E,39.90499926,200.81 E,42.05011295,0.55 E,0.120484485,0.27 E,0.063388544,1.51 E,0.342324101,1.95 E,0.41755868
HAM- CURED- LEAN ONLY,25D,Male,51-70 Years,2151,1.78533773,F,F,F,F,F,.,F,.,F,F,F,F,F,.,F,.,84.56 E,24.08779731,F,F,188.33 E,48.85270507,F,F,0.92 E,0.236089292,F,F,2.15 E,0.563147966,2.8 E,0.764822025
HAM- CURED- LEAN ONLY,25D,Male,71+ Years,1180,3.651672583,2.82 E,0.759786954,F,F,F,.,F,.,0.03 E,0.009336861,F,F,F,.,F,.,77.09834383,8.70386674,78.91259425,7.953067458,131.87 E,24.55340411,139.0136055,17.14934603,0.952636106,0.103171353,1.015834694,0.15109327,1.507916354,0.19888038,1.907101137,0.315214358
HAM- CURED- LEAN ONLY,25D,Male,19+ Years,6193,2.968745657,1.91 E,0.322291214,F,F,F,.,F,.,0.021296209,0.003276007,F,F,F,.,F,.,64.50134209,9.222891866,31.85 E,9.574854543,139.34 E,29.83529569,200.1531225,26.62542021,0.717347022,0.093749013,F,F,1.800852178,0.262657812,2.14582557,0.245397792
HAM- CURED- LEAN ONLY,25D,Female,9-13 Years,939,F,F,F,F,F,F,.,F,.,F,F,F,F,F,.,F,.,F,F,F,.,F,.,F,.,F,F,F,.,F,.,F,.
HAM- CURED- LEAN ONLY,25D,Female,14-18 Years,990,4.078272454,F,F,F,F,F,.,F,.,F,F,F,F,F,.,F,.,61.56 E,12.01664495,63.19 E,19.84870582,130.35 E,32.11577547,133.71 E,23.63100971,0.968266041,0.152018244,F,F,1.44 E,0.321845743,2.12 E,0.505817256
HAM- CURED- LEAN ONLY,25D,Female,19-30 Years,992,F,F,F,F,F,F,.,F,.,F,F,F,F,F,.,F,.,F,F,F,.,F,.,F,.,F,F,F,.,F,.,F,.
HAM- CURED- LEAN ONLY,25D,Female,31-50 Years,2384,2.286030072,1.11 E,0.326065045,F,F,F,.,F,.,0.02 E,0.005049129,F,F,F,.,F,.,48.42 E,9.510129755,F,F,100.5002847,14.77139085,123.3650265,20.44076871,0.73 E,0.147675071,F,F,1.45 E,0.328623991,2.14 E,0.400525892
HAM- CURED- LEAN ONLY,25D,Female,51-70 Years,2314,2.881472674,F,F,F,F,F,.,F,.,F,F,F,F,F,.,F,.,F,F,F,F,F,F,F,F,F,F,F,F,F,F,F,F
HAM- CURED- LEAN ONLY,25D,Female,71+ Years,1448,2.920592811,1.39 E,0.377313087,F,F,F,.,F,.,0.03 E,0.007678615,F,F,F,.,F,.,47.67082089,6.872503866,41.18877671,4.188746385,F,F,F,F,0.86 E,0.152468818,0.76 E,0.148772496,F,F,F,F
HAM- CURED- LEAN ONLY,25D,Female,19+ Years,7138,2.522165303,1.47 E,0.35469161,F,F,F,.,F,.,0.02 E,0.005687882,F,F,F,.,F,.,58.3 E,10.35969865,38.36 E,8.61090644,105.38 E,25.69150932,F,F,0.91 E,0.16855648,0.59 E,0.157017222,1.74 E,0.434421548,F,F
HAM- CURED- LEAN + FAT,25E,Both,All ages,19670,1.611045532,0.777303148,0.08371331,F,F,F,.,F,.,0.012151986,0.001460587,F,F,F,.,F,.,48.24836617,2.904294576,38.13061647,3.143752207,79.47645785,5.203093641,125.1930863,19.05631248,0.753476227,0.070196584,0.551689294,0.046490706,1.355265833,0.138375497,1.792762985,0.2143853
HAM- CURED- LEAN + FAT,25E,Both,1-3 Years,1288,F,F,F,F,F,F,.,F,.,F,F,F,F,F,.,F,.,F,F,F,.,F,.,F,.,F,F,F,.,F,.,F,.
HAM- CURED- LEAN + FAT,25E,Both,4-8 Years,1199,F,F,F,F,F,F,.,F,.,F,F,F,F,F,.,F,.,F,F,F,.,F,.,F,.,F,F,F,.,F,.,F,.
HAM- CURED- LEAN + FAT,25E,Both,9-13 Years,1962,F,F,F,F,F,F,.,F,.,F,F,F,F,F,.,F,.,F,F,F,.,F,.,F,.,F,F,F,.,F,.,F,.
HAM- CURED- LEAN + FAT,25E,Both,14-18 Years,1890,2.180356184,1.09 E,0.313882679,F,F,F,.,F,.,0.02 E,0.005116598,F,F,F,.,F,.,50.16923534,6.608216224,45.62958133,7.241446382,79.91 E,15.86245736,95.38 E,18.71264056,0.77 E,0.142275205,0.67 E,0.222336273,1.13 E,0.350698647,1.85 E,0.522127731
HAM- CURED- LEAN + FAT,25E,Both,19-30 Years,1849,2.404308988,1.09 E,0.287709299,F,F,F,.,F,.,0.02 E,0.004516114,F,F,F,.,F,.,45.48641224,4.941690871,38.20105508,4.006183249,75.84 E,12.69467154,82.58616916,9.581275758,0.687499612,0.060777217,0.594358014,0.048996119,1.121912071,0.186093382,1.145435054,0.117040087
HAM- CURED- LEAN + FAT,25E,Both,31-50 Years,4389,1.495083348,0.74 E,0.137340759,F,F,F,.,F,.,0.01 E,0.001755348,F,F,F,.,F,.,49.26719003,6.303376218,38.45 E,8.794027829,76.26 E,23.2284794,132.04 E,26.15889121,0.607798912,0.080952291,0.47 E,0.099108981,1.35 E,0.258040442,1.41 E,0.297837069
HAM- CURED- LEAN + FAT,25E,Both,51-70 Years,4465,1.595248672,0.78 E,0.202755366,F,F,F,.,F,.,0.01 E,0.002018051,F,F,F,.,F,.,48.76418953,6.605777214,38.13 E,12.3982127,77.97583225,10.3402485,110.75 E,21.49072938,0.535712139,0.060301514,0.46 E,0.080217844,0.934793332,0.134367528,1.084223331,0.171809776
HAM- CURED- LEAN + FAT,25E,Both,71+ Years,2628,1.415655491,0.7 E,0.176306498,F,F,F,.,F,.,0.01 E,0.002254268,F,F,F,.,F,.,49.70731416,7.010001655,F,F,84.97 E,16.69813535,134.28 E,32.29804465,0.654600669,0.09038671,0.56 E,0.143578642,1.2 E,0.255281086,1.72 E,0.311029194
HAM- CURED- LEAN + FAT,25E,Both,1-18 Years,6339,1.366164982,0.66 E,0.137496189,F,F,F,.,F,.,0.02 E,0.005829851,F,F,F,.,F,.,48.2873871,6.13448481,36.32 E,6.452840299,92.96 E,28.817319,152.56 E,39.85374595,1.48 E,0.346062255,0.85 E,0.154993849,F,F,F,F
HAM- CURED- LEAN + FAT,25E,Both,19+ Years,13331,1.671190466,0.806191163,0.099343183,F,F,F,.,F,.,0.010180611,0.001240933,F,F,F,.,F,.,48.24053152,3.356598445,38.16471315,3.698824999,78.24720787,4.814411449,117.02 E,20.32801112,0.609183152,0.038397437,0.516480241,0.047828675,1.128361599,0.109694159,1.364891772,0.116670963
HAM- CURED- LEAN + FAT,25E,Male,9-13 Years,1023,F,F,F,F,F,F,.,F,.,F,F,F,F,F,.,F,.,F,F,F,.,F,.,F,.,F,F,F,.,F,.,F,.
HAM- CURED- LEAN + FAT,25E,Male,14-18 Years,900,F,F,F,F,F,F,.,F,.,F,F,F,F,F,.,F,.,F,F,F,.,F,.,F,.,F,F,F,.,F,.,F,.
HAM- CURED- LEAN + FAT,25E,Male,19-30 Years,857,F,F,F,F,F,F,.,F,.,F,F,F,F,F,.,F,.,F,F,F,.,F,.,F,.,F,F,F,.,F,.,F,.
HAM- CURED- LEAN + FAT,25E,Male,31-50 Years,2005,1.797765548,1.06 E,0.240274401,F,F,F,.,F,.,0.01 E,0.002732,F,F,F,.,F,.,58.88066826,7.317247148,50.07430293,8.085706747,123.23 E,27.09927828,134.01 E,32.91920536,0.674104929,0.082973801,0.6 E,0.115201532,1.33 E,0.322896855,1.89 E,0.418273046
HAM- CURED- LEAN + FAT,25E,Male,51-70 Years,2151,1.790626171,F,F,F,F,F,.,F,.,F,F,F,F,F,.,F,.,53.35 E,11.16944932,F,F,81.47684556,12.61225882,110.1 E,21.67879889,0.54 E,0.102797601,0.56 E,0.180952401,0.901291267,0.130500168,0.976855826,0.159403811
HAM- CURED- LEAN + FAT,25E,Male,71+ Years,1180,F,F,F,F,F,F,.,F,.,F,F,F,F,F,.,F,.,F,F,F,.,F,.,F,.,F,F,F,.,F,.,F,.
HAM- CURED- LEAN + FAT,25E,Male,19+ Years,6193,1.790734897,0.98 E,0.163982207,F,F,F,.,F,.,0.011288481,0.001780507,F,F,F,.,F,.,54.80728169,4.781725388,46.56 E,7.961677383,84.11 E,15.41596139,126.1919759,17.92003202,0.63038259,0.051316893,0.585531358,0.070790918,1.107808501,0.133411151,1.35 E,0.279549704
HAM- CURED- LEAN + FAT,25E,Female,9-13 Years,939,F,F,F,F,F,F,.,F,.,F,F,F,F,F,.,F,.,F,F,F,.,F,.,F,.,F,F,F,.,F,.,F,.
HAM- CURED- LEAN + FAT,25E,Female,14-18 Years,990,F,F,F,F,F,F,.,F,.,F,F,F,F,F,.,F,.,F,F,F,.,F,.,F,.,F,F,F,.,F,.,F,.
HAM- CURED- LEAN + FAT,25E,Female,19-30 Years,992,F,F,F,F,F,F,.,F,.,F,F,F,F,F,.,F,.,F,F,F,.,F,.,F,.,F,F,F,.,F,.,F,.
HAM- CURED- LEAN + FAT,25E,Female,31-50 Years,2384,1.205427737,0.43 E,0.135246701,F,F,F,.,F,.,F,F,F,F,F,.,F,.,35.55 E,8.258731033,F,F,75.4605934,8.964822289,76.26422677,4.787909394,0.51 E,0.138534285,F,F,1.35 E,0.37116004,1.37 E,0.286199403
HAM- CURED- LEAN + FAT,25E,Female,51-70 Years,2314,1.404321644,0.6 E,0.156086781,F,F,F,.,F,.,0.01 E,0.001911948,F,F,F,.,F,.,43.05045962,5.838888343,33.88 E,5.708340175,76.26 E,17.80392363,91.69 E,23.04654983,0.529403549,0.064447027,0.4219314,0.040172772,1.08 E,0.314728836,1.32 E,0.263642014
HAM- CURED- LEAN + FAT,25E,Female,71+ Years,1448,F,0.62 E,0.177748107,F,F,F,.,F,.,0.01 E,0.002673484,F,F,F,.,F,.,F,F,F,.,F,.,F,.,F,F,F,.,F,.,F,.
HAM- CURED- LEAN + FAT,25E,Female,19+ Years,7138,1.555777561,0.64 E,0.108202356,F,F,F,.,F,.,0.01 E,0.001660944,F,F,F,.,F,.,40.9432801,3.908104568,33.57704006,4.875230537,76.26422677,4.595199984,85.41464371,13.39876583,0.585625437,0.056787216,0.515812377,0.049121921,1.135916611,0.169393251,1.357928828,0.134818357
CHICKEN & TURKEY & OTHER BIRDS ,27,Both,All ages,19670,39.83969059,42.6335782,1.358512009,F,F,136.4530426,2.385003662,204.6577933,5.584110425,0.671963161,0.01967169,F,F,2.121213238,0.062840606,3.143749712,0.097664822,107.0128246,2.591452838,80.41453232,3.029789345,228.5930533,8.593746263,295.6648284,16.3641145,1.689284656,0.036818619,1.214678083,0.030480218,3.53856146,0.152184984,4.952930199,0.243004197
CHICKEN & TURKEY & OTHER BIRDS ,27,Both,1-3 Years,1288,39.07146758,18.91237748,1.901206895,F,F,59.95383337,6.086096663,96.36859612,13.05614442,1.363876569,0.164276397,F,F,4.475096402,0.472333973,6.48 E,1.188071174,48.40457409,3.666261943,35.23240341,3.39275319,110.4520077,13.38093712,139.481883,18.57921648,3.687021881,0.351411259,2.485217924,0.245472522,7.76 E,1.919963346,12.92 E,2.167023071
CHICKEN & TURKEY & OTHER BIRDS ,27,Both,4-8 Years,1199,39.59936917,29.6044671,2.459022108,F,F,103.9905539,13.91937203,140.2792447,10.020071,1.315022679,0.1128128,F,F,4.31300206,0.485073873,6.362535814,0.444005076,74.75994623,4.962624003,50.22508094,6.101635106,154.5365143,18.61302692,237.0662711,29.90787472,3.320817241,0.23330746,2.190837902,0.251252404,6.820061143,0.475630574,8.35115412,0.981266769
CHICKEN & TURKEY & OTHER BIRDS ,27,Both,9-13 Years,1962,37.00676583,30.85208765,2.076319629,F,F,105.5638844,4.823934654,139.8369883,8.637220263,0.735006129,0.050152952,F,F,2.568332193,0.228209305,3.260994526,0.207724588,83.36877582,3.924119571,66.50149105,3.406507504,161.6424755,17.6958285,202.4942875,12.76450007,1.986139866,0.095961831,1.562103375,0.089711617,3.831000302,0.28558725,5.233141333,0.697665673
CHICKEN & TURKEY & OTHER BIRDS ,27,Both,14-18 Years,1890,41.70669472,49.17218112,3.617237264,F,F,140.0002524,7.575070485,230.4996325,21.01916998,0.763506387,0.054295707,F,F,2.261673011,0.167234791,3.708436997,0.506077296,117.8999713,6.987986086,88.1259517,6.583016665,255.8471879,21.99859093,322.143322,39.822106,1.830656665,0.105741108,1.29890088,0.122276765,4.34919896,0.59217506,5.887833664,0.555173944
CHICKEN & TURKEY & OTHER BIRDS ,27,Both,19-30 Years,1849,44.98372278,61.63739988,6.478973129,F,F,188.1803601,17.16240055,257.7623011,37.7437043,0.836538417,0.080247363,F,F,2.389019676,0.268962152,4.005093946,0.413221137,137.0215626,10.92047771,105.0000834,6.392456322,263.3061286,42.99899178,367.46 E,72.30671351,1.859646924,0.124838417,1.436423033,0.114295078,4.019440696,0.366631422,5.447044475,0.793075997
CHICKEN & TURKEY & OTHER BIRDS ,27,Both,31-50 Years,4389,41.11672968,48.80087776,2.810162313,F,F,147.628941,5.317996004,228.5408201,17.12793523,0.639060604,0.037615094,F,F,2.057728021,0.110404722,2.973576127,0.146170728,118.6886169,5.302178802,99.40386799,6.593855955,259.8671611,18.88302558,321.5278827,16.30609018,1.554259322,0.072202994,1.196361162,0.073591434,3.220551372,0.236127948,4.379257123,0.346971184
CHICKEN & TURKEY & OTHER BIRDS ,27,Both,51-70 Years,4465,39.0008308,38.30807174,1.819553406,F,F,121.1152782,7.755777606,198.2655013,16.12030467,0.492977659,0.022678387,F,F,1.644882357,0.086371399,2.463781228,0.141281938,98.22373256,3.625407798,70.38652683,4.493251376,214.0996835,10.47122563,257.2282205,12.33769077,1.264018353,0.043156214,0.987608132,0.038462644,2.755771986,0.123565828,3.2375147,0.159209434
CHICKEN & TURKEY & OTHER BIRDS ,27,Both,71+ Years,2628,31.71715774,26.35040448,1.653789001,F,F,98.49460902,6.190106943,139.9434422,6.191769958,0.362060617,0.021825383,F,F,1.336363811,0.079775888,1.929998547,0.126095102,83.07933737,3.773088808,67.49955852,1.39216695,157.6973294,15.44582388,235.4822922,18.89797659,1.141529199,0.046969812,0.975833963,0.054151017,2.318431171,0.14556808,2.8570144,0.201118657
CHICKEN & TURKEY & OTHER BIRDS ,27,Both,1-18 Years,6339,39.42409706,33.77129884,1.440213929,F,F,113.7465268,3.987637745,152.1011155,8.115058083,1.005891897,0.04528138,F,F,3.163070556,0.130397483,5.079849588,0.306705099,85.66156579,2.751298306,60,2.59023743,179.8424332,11.47767353,256.1878647,15.34671597,2.572412375,0.092461802,1.819057194,0.052233359,5.824981649,0.234617285,7.236041378,0.399701832
CHICKEN & TURKEY & OTHER BIRDS ,27,Both,19+ Years,13331,39.94176422,44.81023617,1.649419899,F,F,141.1220472,2.605646127,211.109161,7.974760748,0.59092273,0.021381872,F,F,1.944241309,0.065440648,2.855938258,0.087266898,112.1889257,3.137741326,85.94122648,4.005586613,239.7472033,8.340269997,316.6004727,20.77420189,1.479460764,0.039574437,1.128929637,0.032935993,3.072052906,0.108712896,4.122791028,0.176254609
CHICKEN & TURKEY & OTHER BIRDS ,27,Male,9-13 Years,1023,38.32523231,32.9298761,2.725497717,F,F,106.7340852,7.328289062,165.4634399,19.24848839,0.799732461,0.07008656,F,F,2.984524388,0.249447884,3.855755889,0.345133853,85.92218263,4.996904626,69.23433537,5.607411066,186.3338599,17.76460898,202.4940138,10.81287829,2.086699578,0.13299383,1.650180723,0.129577872,4.132601766,0.396143761,5.234813825,0.626623619
CHICKEN & TURKEY & OTHER BIRDS ,27,Male,14-18 Years,900,43.21581271,58.21698597,6.044814783,F,F,159.4839098,15.93453159,268.4314973,33.38162112,0.839162208,0.080431233,F,F,2.468460781,0.286820669,3.978099541,0.630399557,134.7122322,11.31972391,109.6261664,6.823305979,281.4761558,33.39912622,439.62 E,103.2705892,1.941794347,0.15010831,1.50974031,0.154901459,4.410828435,0.699584558,6.291503769,0.862683492
CHICKEN & TURKEY & OTHER BIRDS ,27,Male,19-30 Years,857,46.32923185,78.96768848,11.22596708,F,F,230.2 E,40.76814464,357.02 E,62.7793013,1.001870769,0.13233524,F,F,2.90576756,0.482286855,4.505210115,0.748022838,170.4489484,18.75725652,135.0621635,9.204253027,358.66 E,66.13819864,433.91 E,129.5054987,2.162502439,0.201514573,1.840381244,0.149907089,4.550658634,0.742043358,5.79 E,1.11393818
CHICKEN & TURKEY & OTHER BIRDS ,27,Male,31-50 Years,2005,40.57833222,53.92656933,4.238735165,F,F,164.0573005,18.27934665,263.0608771,20.13967074,0.631562284,0.050926826,F,F,1.965398266,0.144818914,2.98057494,0.250456066,132.894987,8.472464469,101.2453679,7.849446103,284.7134786,24.55928982,352.3049777,36.50238833,1.556402762,0.102305599,1.109378079,0.09814511,3.281125457,0.369390436,4.574795552,0.537029105
CHICKEN & TURKEY & OTHER BIRDS ,27,Male,51-70 Years,2151,38.29502435,42.13497358,2.998544953,F,F,140.0015763,9.582448736,232.8001711,18.59477684,0.492759052,0.035163547,F,F,1.611391619,0.169966341,2.834388158,0.27773053,110.0272798,6.303348808,84.26472165,9.473815731,241.4477968,8.16743171,275.2022574,20.43430441,1.286744323,0.073663809,0.970083474,0.087620286,2.930631222,0.139645308,3.464907797,0.24949503
CHICKEN & TURKEY & OTHER BIRDS ,27,Male,71+ Years,1180,30.60045537,29.26303396,2.975453729,F,F,104.1738493,8.852353743,152.3485803,15.95697152,0.349687984,0.032124241,F,F,1.382732836,0.159990064,1.876921059,0.215316263,95.62940685,7.019277256,68.50292267,6.019517796,214.0825195,34.41945407,254.4945699,37.9048673,1.142754184,0.070462193,0.908844971,0.083364678,2.353417907,0.295970811,2.854137434,0.238070904
CHICKEN & TURKEY & OTHER BIRDS ,27,Male,19+ Years,6193,39.77793272,51.85855526,2.756606927,F,F,160.9799199,11.60632146,249.4724686,10.82538777,0.621702801,0.032843772,F,F,2.055448653,0.110993447,2.931877633,0.124493984,130.3701618,5.638506752,101.0746351,3.471044639,269.9992514,16.83449046,356.5829914,28.6753789,1.562933914,0.06454376,1.144482891,0.054636061,3.197448557,0.22306755,4.395449699,0.369830154
CHICKEN & TURKEY & OTHER BIRDS ,27,Female,9-13 Years,939,35.61914349,28.66531556,2.954987363,F,F,102.3050879,10.23548498,125.9707568,7.556617056,0.666884789,0.070045933,F,F,2.35651499,0.263538801,3.017856097,0.129404045,80.4772736,5.602406511,60.02238609,4.363753867,135.1783588,10.54768631,210.49 E,48.86636512,1.872265089,0.134556515,1.456230813,0.126028814,3.187377701,0.213991264,4.46 E,1.455784213
CHICKEN & TURKEY & OTHER BIRDS ,27,Female,14-18 Years,990,40.1110463,39.60876153,3.76914078,F,F,124.4511126,8.375822065,201.7070535,26.77253119,0.683512581,0.072736515,F,F,2.051692535,0.165608675,3.03 E,0.644928901,98.74776448,6.939736122,67.4992787,6.755487887,217.1567989,19.44436247,277.5822245,26.81835458,1.704050738,0.139684009,1.122857932,0.143296258,3.65 E,0.793831914,5.268444825,0.496093842
CHICKEN & TURKEY & OTHER BIRDS ,27,Female,19-30 Years,992,43.49383256,42.44746778,4.746256877,F,F,128.2580336,12.89275664,198.1866842,30.7820005,0.653464916,0.080122801,F,F,2.018899116,0.276404085,3.21 E,0.632812933,97.59422263,6.92921623,81.74910851,11.39141504,199.6691777,25.9326422,236.1068759,19.24923162,1.502431214,0.132409773,1.17015546,0.073763247,3.65 E,0.651987509,4.065270836,0.361932378
CHICKEN & TURKEY & OTHER BIRDS ,27,Female,31-50 Years,2384,41.63195604,43.89578149,3.623072222,F,F,140.1156742,6.863690332,203.2853207,22.68675768,0.646236218,0.054651082,F,F,2.127846967,0.166164932,2.971218176,0.222382812,105.437711,6.224472033,95.00167887,8.92057675,210.0061548,23.36824782,279.5671825,31.42934606,1.55226004,0.09651803,1.228610455,0.097823777,3.211034988,0.303516751,4.342615969,0.552513329
CHICKEN & TURKEY & OTHER BIRDS ,27,Female,51-70 Years,2314,39.6905598,34.56834226,2.192237435,F,F,109.8454771,5.806054894,159.1445683,11.70180943,0.493191287,0.030728091,F,F,1.667408573,0.099531055,2.292910447,0.166850941,87.09462007,4.01225702,69.73674865,2.238910921,173.473944,16.58269872,215.8460093,14.45058397,1.242590907,0.050395723,0.987338127,0.040775963,2.557439378,0.161776814,3.04760598,0.224543956
CHICKEN & TURKEY & OTHER BIRDS ,27,Female,71+ Years,1448,32.60178318,24.04308767,1.995318589,F,F,84.9302178,10.01987152,121.9807879,10.72839112,0.371861926,0.031209132,F,F,1.321972177,0.093123887,1.956806822,0.132976456,73.74776878,4.266291303,65.64813142,3.990224458,146.5123988,8.083377057,181.5138136,27.43631873,1.140618365,0.065766136,0.98742473,0.07009477,2.205914474,0.167049886,2.998143218,0.33640353
CHICKEN & TURKEY & OTHER BIRDS ,27,Female,19+ Years,7138,40.09993359,38.00551115,1.758638744,F,F,121.9734767,6.220194915,172.3129365,14.14398246,0.561206436,0.027062751,F,F,1.818691166,0.079484827,2.673958363,0.161613291,94.77699275,3.160622017,74.81838239,4.29895619,200.8293069,12.64458999,239.8840948,15.73976494,1.399519615,0.050047339,1.107579993,0.041063136,2.91505772,0.149472952,3.904828265,0.284142785
CHICKEN- MEAT ONLY,27A,Both,All ages,19670,31.27283031,29.51182866,1.04203583,F,F,105.5313607,4.347824221,149.9228122,6.106416445,0.47329174,0.015272751,F,F,1.652591278,0.050003426,2.524145478,0.105679211,94.36890864,2.474892203,68.75268851,1.147459807,202.5059206,6.709194815,259.2116,10.07823805,1.516560073,0.037476913,1.071571252,0.032032346,3.195169915,0.111146767,4.367029129,0.130044209
CHICKEN- MEAT ONLY,27A,Both,1-3 Years,1288,34.12107404,15.55224288,1.463805433,F,F,51.0325115,5.856725403,81.62071176,10.60588491,1.120390013,0.125808131,F,F,3.874742327,0.465117907,5.854177398,0.479294551,45.57958187,3.051537193,35.00135489,3.453450581,99.99087283,9.99343199,124.3857737,11.38331944,3.476734002,0.297964469,2.439393256,0.244489697,6.74 E,1.201756782,11.05306391,1.795922647
CHICKEN- MEAT ONLY,27A,Both,4-8 Years,1199,32.16818129,21.30836886,1.873181331,F,F,70.00370203,7.958902475,119.3016983,9.794721159,0.966280754,0.088370124,F,F,3.274791389,0.372509283,5.619236602,0.47634011,66.24051472,4.135685635,45.67118887,4.6447249,134.7727536,7.292059607,180.99 E,30.54277009,3.003840178,0.202028969,2.13367279,0.203866038,6.183590295,0.339721528,7.035235417,0.853960796
CHICKEN- MEAT ONLY,27A,Both,9-13 Years,1962,27.960452,22.11816653,1.815048624,F,F,78.19651284,10.01585982,119.304666,9.823674438,0.541427035,0.04540661,F,F,1.933709989,0.199621008,3.080872229,0.120142612,79.10518232,4.389219887,60.25680414,4.074256009,165.7580362,21.77846189,202.3964197,18.25523697,1.936403014,0.112228487,1.451814516,0.088957065,3.599862419,0.513334782,5.945275574,0.850548117
CHICKEN- MEAT ONLY,27A,Both,14-18 Years,1890,31.28822404,32.46410251,3.206297034,F,F,115.5933831,7.06012286,165.0018693,23.78547923,0.510127911,0.045996224,F,F,1.77656608,0.119865421,2.726611343,0.409702511,103.7582142,8.30487252,68.67391262,3.601652968,234.3105479,24.21601021,285.8311138,31.37852003,1.630415042,0.116431311,1.042477298,0.076081494,4.189249954,0.6621961,5.287217941,0.572520764
CHICKEN- MEAT ONLY,27A,Both,19-30 Years,1849,34.84154234,39.69512073,4.083861537,F,F,139.3994634,11.29787947,199.9225174,20.18451411,0.553135933,0.057310193,F,F,2.058644788,0.210281606,2.642189363,0.376370382,113.9304349,7.647971001,101.7962864,8.374146015,233.7667004,21.79865891,279.5094143,40.9614574,1.587575911,0.112052739,1.243949033,0.129092135,3.421063067,0.46279939,4.11685204,0.337187327
CHICKEN- MEAT ONLY,27A,Both,31-50 Years,4389,33.14984107,34.83058085,2.29094319,F,F,121.9693461,7.095223096,170.0956596,18.09812221,0.451308386,0.02820267,F,F,1.663002134,0.092532664,2.375686066,0.191231428,105.0701292,5.385553304,76.05441522,7.055681194,219.5364136,16.19648234,279.9915298,20.83435151,1.361419456,0.06610894,0.975062012,0.062295048,2.893037309,0.139281133,4.004256734,0.344474216
CHICKEN- MEAT ONLY,27A,Both,51-70 Years,4465,29.99605191,26.85761476,1.545185164,F,F,101.2374443,3.261096797,140.7017028,6.933001914,0.34278828,0.018631005,F,F,1.250059247,0.073854364,1.86941733,0.12972063,89.53716591,3.942350713,67.50198,2.233901137,202.4979119,14.80295834,238.2761216,12.54635582,1.142777993,0.045563606,0.897587303,0.049337362,2.488402336,0.155976781,2.957438052,0.146171003
CHICKEN- MEAT ONLY,27A,Both,71+ Years,2628,24.10621929,17.31941642,1.308919777,F,F,68.77040193,3.027102834,104.9890383,5.853042764,0.243661893,0.018408487,F,F,1.019855849,0.065318623,1.451957252,0.085451645,71.84625765,3.094255171,64.90062133,4.425624319,141.3462957,6.978914346,167.19 E,31.00596158,1.010784353,0.043328438,0.885810027,0.071108577,1.953317101,0.105128892,2.487188877,0.318577634
CHICKEN- MEAT ONLY,27A,Both,1-18 Years,6339,31.11776279,23.7667114,1.234755307,F,F,80.73537473,5.700465982,125.0376124,4.906109297,0.743202743,0.037503797,F,F,2.561932062,0.172949961,4.224801614,0.260676577,76.37667128,3.00616832,53.34287923,2.573468116,144.3604738,12.18327779,233.3349809,16.54307813,2.41415822,0.089770298,1.665444563,0.060125398,5.628058232,0.25810095,6.695292015,0.228406464
CHICKEN- MEAT ONLY,27A,Both,19+ Years,13331,31.31091633,30.92288273,1.249941751,F,F,113.3987559,4.999501137,157.2212795,9.458667556,0.407787633,0.016000617,F,F,1.502664854,0.058458201,2.23292937,0.101682379,98.76070826,2.974958176,70.42550637,3.669814553,209.9918851,7.47719863,264.026867,10.49322218,1.302381663,0.038123004,0.987523221,0.033933366,2.80446685,0.095958676,3.536800222,0.216963658
CHICKEN- MEAT ONLY,27A,Male,9-13 Years,1023,29.83705178,24.70311362,2.561007489,F,F,100.982723,9.613913121,135.3593965,16.12031122,0.621641446,0.068957531,F,F,2.551427021,0.367788018,3.175644506,0.332768061,82.79341337,5.23936199,68.17623659,4.72558726,172.9688642,21.88321551,201.7311037,15.63508366,2.083454662,0.150890788,1.650177417,0.149790144,4.152282783,0.614018887,5.24913046,0.712917001
CHICKEN- MEAT ONLY,27A,Male,14-18 Years,900,31.36934701,37.66022883,5.647588602,F,F,120,8.8088297,193.91 E,42.66425148,0.546456115,0.072700329,F,F,1.855096909,0.143243089,3.16 E,0.750108147,120.0542326,14.4478167,90.54908478,12.39863221,264.4835574,42.17513596,329.36 E,104.7244821,1.742006663,0.178460709,1.141788021,0.166401131,4.39 E,0.779079975,6.1 E,1.062814532
CHICKEN- MEAT ONLY,27A,Male,19-30 Years,857,35.60678466,47.20640892,6.900032581,F,F,169.5948529,21.0071148,227.0873009,35.44405215,0.615776414,0.091006264,F,F,2.36300509,0.263419435,2.799701214,0.436959297,132.5770057,11.62137911,127.0268727,16.03861681,257.8570441,41.18447085,345.2325523,46.8691068,1.729379441,0.154965969,1.581716012,0.204214506,3.19 E,0.625469521,4.53763107,0.652668666
CHICKEN- MEAT ONLY,27A,Male,31-50 Years,2005,31.59409347,39.17240419,4.001933174,F,F,134.9891128,8.900655629,211.2384377,24.83299805,0.459157439,0.04719192,F,F,1.580364503,0.156859821,2.6218814,0.286577922,123.9864794,10.19486708,92.00102583,12.71766591,269.9982127,28.01058789,333.7681208,51.09096345,1.453301514,0.120962525,0.974009614,0.107393202,3.194740911,0.420944787,4.376480282,0.650686721
CHICKEN- MEAT ONLY,27A,Male,51-70 Years,2151,29.33904929,28.56609242,2.410547628,F,F,101.3952027,8.978238662,155.2197589,23.0969726,0.333787239,0.027697078,F,F,1.184134498,0.080715054,2.007180545,0.247560017,97.36543312,6.840852385,69.04951569,8.629595357,230.1358947,17.08285491,272.7018013,20.42289933,1.137689348,0.080041363,0.796111263,0.109338779,2.736139776,0.206003539,3.192762809,0.206804458
CHICKEN- MEAT ONLY,27A,Male,71+ Years,1180,21.82515562,17.02005652,1.901530252,F,F,68.30813944,7.844775633,104.648337,11.70791346,0.209241264,0.023598456,F,F,0.83010455,0.116743602,1.367611089,0.121737525,77.98366625,4.778005482,65.734627,5.463717669,151.8498776,13.31479467,220.19 E,39.57555003,0.958716022,0.062672323,0.765019279,0.07420854,1.739500678,0.166366774,2.38 E,0.405729123
CHICKEN- MEAT ONLY,27A,Male,19+ Years,6193,30.51334435,34.71254515,2.161762058,F,F,132.0159997,7.677368411,192.7642273,12.85975462,0.418805873,0.026281082,F,F,1.529245008,0.102259385,2.390538419,0.120280782,113.7618504,5.325094235,86.2193847,7.591188512,239.9710253,13.83498933,319.1391615,22.02702576,1.372533499,0.065126765,0.97722053,0.065077059,2.893010199,0.136562289,3.865182536,0.367927648
CHICKEN- MEAT ONLY,27A,Female,9-13 Years,939,25.98542127,19.39763444,2.462599407,F,F,60.54956126,6.851817512,102.3285427,13.52455962,0.457005238,0.057965601,F,F,1.550262058,0.176576507,2.640157774,0.374374879,74.64814305,7.215320481,54.25453223,4.19307516,135 E,24.08009901,218.06 E,66.49071054,1.758698591,0.174674445,1.218380009,0.152397855,3.217342892,0.529789122,6.3 E,1.747353753
CHICKEN- MEAT ONLY,27A,Female,14-18 Years,990,31.2024496,26.97003856,2.993274632,F,F,92 E,16.34634724,140.67 E,25.68224392,0.471716705,0.060441866,F,F,1.629518303,0.210980959,2.508604541,0.416450829,86.43564498,6.572498803,57.72627053,4.549933677,213.1332117,31.7790827,249.9539399,20.00386354,1.511793822,0.143865395,0.941659911,0.073320064,3.42 E,0.841812392,5.203178014,0.749234846
CHICKEN- MEAT ONLY,27A,Female,19-30 Years,992,33.99418495,31.37782644,4.221610318,F,F,105.8976978,10.96434211,140.01 E,34.6181078,0.483773755,0.071428881,F,F,1.647285257,0.248543518,F,F,92.30351158,7.772039625,79.84 E,14.34208166,198.77 E,35.12152012,234.166216,22.20254306,1.423107382,0.149452426,1.161461778,0.099930119,3.64 E,0.810985762,3.992922307,0.425971738
CHICKEN- MEAT ONLY,27A,Female,31-50 Years,2384,34.63863369,30.67561733,2.248458368,F,F,119.4351104,6.479811995,152.2724781,8.867268385,0.443797134,0.031649245,F,F,1.71983223,0.110695806,2.232245043,0.179231278,88.55897031,4.367661645,69.78349003,6.060014208,171.3692021,18.37126773,233.9950623,19.05975298,1.281220091,0.062829712,0.996805688,0.076240379,2.81584976,0.228442586,3.300364794,0.282719608
CHICKEN- MEAT ONLY,27A,Female,51-70 Years,2314,30.63808877,25.18805424,1.917088319,F,F,98.89209787,7.917764022,128.0357105,10.22610543,0.351584288,0.025255421,F,F,1.369683981,0.144510906,1.819908377,0.116073581,82.21157144,4.525334478,67.50019937,2.901936882,159.8586215,19.49387346,213.7832639,11.18848889,1.147539883,0.052762029,0.964058658,0.05693049,2.315070262,0.212267448,2.876910267,0.141868581
CHICKEN- MEAT ONLY,27A,Female,71+ Years,1448,25.91322447,17.55656232,1.710421118,F,F,69.80201816,4.387112142,104.5909935,7.907738059,0.270929108,0.025964248,F,F,1.112957069,0.08412189,1.540132288,0.144432337,67.75136126,4.338284486,64.4669509,6.287847542,133.9457692,11.79126436,152.82 E,32.17979835,1.04552449,0.063670059,0.960755244,0.08491382,1.995664418,0.135618244,2.51875407,0.400899733
CHICKEN- MEAT ONLY,27A,Female,19+ Years,7138,32.08092375,27.26419328,1.292486029,F,F,104.9968453,2.591286765,137.417967,4.945841118,0.397150189,0.019116879,F,F,1.487998784,0.068515755,2.078088355,0.086781905,84.98568648,2.843633344,68.45065412,1.736032769,166.7322882,16.43346638,215.8727399,11.85303716,1.237963696,0.043359775,0.987659927,0.036876541,2.545318974,0.188454703,3.276891862,0.248056197
CHICKEN- MEAT + SKIN ,27B,Both,All ages,19670,7.707747934,10.62706593,0.954029502,F,F,F,.,81.97303078,6.949005909,0.160057829,0.012405528,F,F,F,.,1.21869026,0.109319231,137.8751099,8.22826992,113.3987966,5.742764571,270.2821619,14.16446014,318.7822321,48.24346106,2.074906731,0.095834119,1.612854393,0.083249941,4.052599057,0.264145155,5.259133688,0.443265391
CHICKEN- MEAT + SKIN ,27B,Both,1-3 Years,1288,3.784955626,F,F,F,F,F,.,F,.,F,F,F,F,F,.,F,.,71.24 E,20.38687735,F,F,176.51 E,51.17955429,178.26 E,44.25531515,F,F,F,F,F,F,14.56 E,4.769655257
CHICKEN- MEAT + SKIN ,27B,Both,4-8 Years,1199,7.405542806,6.79 E,1.481151374,F,F,F,.,F,F,0.27 E,0.056428926,F,F,F,.,F,F,91.75020694,13.46060429,69.9 E,17.49282594,177.903263,24.7048271,203.869663,28.47546673,3.614333039,0.475539049,2.78 E,0.818998969,5.815968398,0.724181703,6.76 E,1.584330381
CHICKEN- MEAT + SKIN ,27B,Both,9-13 Years,1962,8.542320354,7.453997336,1.0919852,F,F,F,.,62.14 E,14.02816361,0.164514401,0.02511661,F,F,F,.,1.43 E,0.324042937,87.25963237,6.758039615,76.92051652,12.49886102,146.3980049,18.52707719,195.6138269,17.04943147,1.925874873,0.165548003,1.64 E,0.287698252,3.363193158,0.318053981,3.994030623,0.318463896
CHICKEN- MEAT + SKIN ,27B,Both,14-18 Years,1890,10.73669564,14.5794028,1.649056535,F,F,F,F,117.063848,10.32886212,0.220562552,0.026427802,F,F,F,F,1.809429239,0.169059938,135.7904079,9.966510345,116.4574013,7.937742964,280.3689447,45.64265498,302.1767705,47.06545139,2.054287082,0.171922182,1.795320617,0.144674374,3.713771998,0.412179016,5.06 E,0.928340231
CHICKEN- MEAT + SKIN ,27B,Both,19-30 Years,1849,10.38472557,20.4 E,5.414542367,F,F,F,F,140.04 E,29.72672099,0.26 E,0.058001365,F,F,F,F,1.94 E,0.421606947,196.46 E,35.59462182,134.3928156,15.60834637,F,F,F,F,2.531652346,0.288659484,1.917917656,0.2457569,5.358895138,0.73032365,5.662063147,0.479130833
CHICKEN- MEAT + SKIN ,27B,Both,31-50 Years,4389,8.182834512,11.24843476,1.471468457,F,F,F,.,101.1637568,15.81110946,0.154622266,0.022262504,F,F,F,.,1.27 E,0.215735208,137.4637938,9.383751225,119.6972315,8.38441708,263.2178269,14.96680371,315.2123633,22.64091494,1.889592972,0.156513392,1.535777738,0.148637318,4.047408034,0.49006291,4.129826197,0.326065378
CHICKEN- MEAT + SKIN ,27B,Both,51-70 Years,4465,6.415610502,8.027720858,1.078341726,F,F,F,.,F,F,0.102120992,0.013283661,F,F,F,.,F,F,125.1279337,9.88157736,100.3133213,12.16747073,243.7705111,17.07107343,284.28 E,56.51777444,1.591757984,0.10987313,1.219112516,0.123476451,3.096522787,0.25959097,3.775831869,0.273821434
CHICKEN- MEAT + SKIN ,27B,Both,71+ Years,2628,5.262223613,6.4 E,1.211896979,F,F,F,.,F,F,0.081046757,0.013436044,F,F,F,.,F,F,121.6028812,15.45266402,89.97 E,15.62140587,284.87 E,64.95522965,303.07 E,51.9811499,1.540161777,0.152497205,1.404443899,0.150373977,2.821841739,0.367335858,3.17321606,0.508940056
CHICKEN- MEAT + SKIN ,27B,Both,1-18 Years,6339,8.061997012,8.521710799,0.717343178,F,F,F,.,69.3892798,8.632323327,0.215072313,0.025305993,F,F,F,.,1.803983161,0.274344711,105.7022322,5.583963871,85.3898628,9.647856013,194.3723055,11.4349309,248.136057,27.17261471,2.655817781,0.229491998,1.904296703,0.104498172,5.736394859,0.737984042,F,F
CHICKEN- MEAT + SKIN ,27B,Both,19+ Years,13331,7.620741077,11.14416067,1.180431181,F,F,F,.,83.17307692,9.574884331,0.146706485,0.014184085,F,F,F,.,1.145684209,0.133698501,146.2346058,10.04084963,119.6330328,7.141786929,284.6303077,17.79139524,326.51 E,75.31179202,1.925094729,0.103723326,1.53270305,0.087406001,4.045992189,0.352749708,5.110292578,0.646246119
CHICKEN- MEAT + SKIN ,27B,Male,9-13 Years,1023,8.365026366,6.695573972,1.047450711,F,F,F,.,55.85 E,11.78815188,0.142262266,0.022385544,F,F,F,.,1.05 E,0.225262008,80.04247301,11.65153035,57.87769095,8.869530503,194.2124014,22.17517251,202.6796072,9.001107871,1.700679236,0.26053806,1.201333682,0.190800658,3.833906477,0.393614418,4.267130529,0.556821519
CHICKEN- MEAT + SKIN ,27B,Male,14-18 Years,900,12.65848924,18.36706473,2.594538113,F,F,F,F,128.2406479,15.02305208,0.26394558,0.037761713,F,F,F,F,1.908132153,0.20736302,145.0968151,11.78625995,117.1058708,7.682986274,281.8912162,42.04945972,328.3334033,51.40957109,2.085127027,0.193076757,1.731854516,0.176867735,3.740496752,0.485190603,5.14 E,0.992807292
CHICKEN- MEAT + SKIN ,27B,Male,19-30 Years,857,12.39867889,29.77 E,9.680711135,F,F,F,F,F,F,0.36 E,0.096980269,F,F,F,F,F,F,240.13 E,52.49938366,148.31 E,44.7034979,F,F,708.26 E,231.7593347,2.916061199,0.414923217,2.23 E,0.423544261,5.426006124,0.773917739,5.696365395,0.649565094
CHICKEN- MEAT + SKIN ,27B,Male,31-50 Years,2005,8.142891877,11.30450498,1.409637617,F,F,F,.,93.04933421,13.22115827,0.134249197,0.016700882,F,F,F,.,0.95 E,0.198370959,138.826662,10.51568566,108.5441003,11.01617519,281.7040793,18.77648043,360.3059639,38.93712712,1.648667311,0.131000915,1.312544564,0.151025768,3.375628661,0.386259896,4.199205837,0.312134376
CHICKEN- MEAT + SKIN ,27B,Male,51-70 Years,2151,6.288756441,10.04 E,1.976113714,F,F,F,.,F,F,0.11 E,0.022721309,F,F,F,.,F,F,159.6693307,16.49006728,131.1087895,18.77487923,272.5 E,54.41819651,365.93 E,72.86643359,1.824353961,0.185206874,1.32 E,0.24467837,3.197358737,0.462349873,3.967434153,0.305437819
CHICKEN- MEAT + SKIN ,27B,Male,71+ Years,1180,6.498722037,9.51 E,2.520163562,F,F,F,.,F,F,0.11 E,0.024085322,F,F,F,.,F,F,146.4 E,25.30602902,124.41 E,23.57908148,299.94 E,70.00308327,310.44 E,56.56474489,1.630588084,0.210440606,1.471511309,0.226148856,2.823170527,0.376231244,2.852069407,0.388686509
CHICKEN- MEAT + SKIN ,27B,Male,19+ Years,6193,8.116234336,14.01084935,2.001882813,F,F,F,.,106.6602651,14.27703688,0.165569908,0.020849121,F,F,F,.,1.28576388,0.175239768,172.6274621,17.01902083,130.5426733,8.00887648,318.79 E,63.6349698,455.96 E,135.5853052,2.039984316,0.151223556,1.611445491,0.151900568,4.096637441,0.596838078,5.234439151,0.552490107
CHICKEN- MEAT + SKIN ,27B,Female,9-13 Years,939,8.728913721,8.25 E,1.903799523,F,F,F,.,89.87 E,26.07506186,0.19 E,0.045216566,F,F,F,.,2.02 E,0.60502602,94.53869744,6.679075449,99.53940952,13.58191894,139.4934713,9.615784783,142.3076669,7.390308967,2.153002143,0.174645053,2.350908432,0.303866936,3.022842088,0.261544699,3.245800939,0.463303458
CHICKEN- MEAT + SKIN ,27B,Female,14-18 Years,990,8.704709447,10.57 E,2.115231398,F,F,F,.,83.2 E,19.32603553,0.17 E,0.03801374,F,F,F,.,1.42 E,0.426996461,121.4809343,18.35110737,84.84 E,17.13334823,202.11 E,51.7671972,300.4 E,98.33281755,2.006867776,0.329268168,1.79 E,0.310104318,2.99 E,0.830791532,F,F
CHICKEN- MEAT + SKIN ,27B,Female,19-30 Years,992,8.154663029,10.03 E,2.6827807,F,F,F,.,81.19 E,27.02141482,0.15 E,0.043090455,F,F,F,.,1.2 E,0.381755901,122.9405476,16.01484783,92.79 E,20.47104539,193.73 E,58.57513655,290.34 E,68.53784764,1.884464404,0.308601345,1.25 E,0.264153985,3.88 E,1.189750803,5.35 E,1.405105129
CHICKEN- MEAT + SKIN ,27B,Female,31-50 Years,2384,8.221058128,11.19 E,2.629305671,F,F,F,.,110.6 E,32.3001687,0.17 E,0.041462239,F,F,F,.,1.44 E,0.451556063,136.1719802,16.7287878,118.1196929,10.56213324,261.97 E,50.60145031,263.2001174,30.60133153,2.117957726,0.27094214,1.79 E,0.327123153,4.006601441,0.624133984,4.05 E,0.675321689
CHICKEN- MEAT + SKIN ,27B,Female,51-70 Years,2314,6.539574975,6.060091451,0.892244511,F,F,F,.,F,F,0.089800007,0.014024279,F,F,F,.,F,F,92.66797115,9.204250101,79.70190151,9.451241991,158.2036,16.68351298,205.0918409,32.50764057,1.373178037,0.131122129,1.11 E,0.20942939,2.609601718,0.256857959,3.21281197,0.398121815
CHICKEN- MEAT + SKIN ,27B,Female,71+ Years,1448,4.282698545,3.93 E,0.970295305,F,F,F,.,F,.,0.06 E,0.015653896,F,F,F,.,F,.,91.79963665,13.59143991,83.2 E,14.78781904,154.52 E,28.56779757,201.16 E,33.72200345,1.431462355,0.217884526,1.27 E,0.218674444,2.58 E,0.509849075,3.34 E,0.568198703
CHICKEN- MEAT + SKIN ,27B,Female,19+ Years,7138,7.142372357,8.376546455,1.130384395,F,F,F,.,72.45 E,15.49948966,0.128494993,0.017830819,F,F,F,.,1 E,0.210109943,117.2796101,8.735792865,103.0423457,10.38557037,260.33 E,49.29835939,263.0941053,22.76827461,1.799052005,0.141912506,1.447642057,0.121182262,4.010617473,0.647225204,4.053180145,0.484244649
TURKEY- MEAT ONLY,27C,Both,All ages,19670,2.20346851,1.658181552,0.231018662,F,F,F,.,F,.,0.025928748,0.004219089,F,F,F,.,F,.,75.25324479,5.939169731,66.66529155,6.108454685,146.4290567,10.46189605,176.88 E,35.93705855,1.177343641,0.142280192,0.85347728,0.111161325,1.944391297,0.183372674,2.81 E,0.765144862
TURKEY- MEAT ONLY,27C,Both,1-3 Years,1288,F,0.27 E,0.085464366,F,F,F,.,F,.,0.02 E,0.005124792,F,F,F,.,F,.,F,F,F,.,F,.,F,.,F,F,F,.,F,.,F,.
TURKEY- MEAT ONLY,27C,Both,4-8 Years,1199,F,F,F,F,F,F,.,F,.,F,F,F,F,F,.,F,.,F,F,F,.,F,.,F,.,F,F,F,.,F,.,F,.
TURKEY- MEAT ONLY,27C,Both,9-13 Years,1962,1.591387255,1.05 E,0.29201432,F,F,F,.,F,.,0.02 E,0.006575615,F,F,F,.,F,.,65.86 E,12.41657078,F,F,F,F,F,F,1.49 E,0.257083906,1.13 E,0.273951736,F,F,F,F
TURKEY- MEAT ONLY,27C,Both,14-18 Years,1890,1.555903157,F,F,F,F,F,.,F,.,F,F,F,F,F,.,F,.,87.13 E,26.10102835,50.26 E,9.875868472,F,F,F,F,1.27 E,0.380478414,0.7 E,0.148101491,F,F,6.21 E,2.025428262
TURKEY- MEAT ONLY,27C,Both,19-30 Years,1849,1.598126572,1.04 E,0.331880865,F,F,F,.,F,.,0.01 E,0.003838414,F,F,F,.,F,.,65.24 E,18.64827602,F,F,138.91 E,23.34447523,175.570971,28.32596959,0.82 E,0.231123782,F,F,1.6 E,0.380633947,2.02 E,0.58966365
TURKEY- MEAT ONLY,27C,Both,31-50 Years,4389,2.196843888,1.59 E,0.455466047,F,F,F,.,F,.,0.02 E,0.005893951,F,F,F,.,F,.,72.39091583,10.58398194,67.5 E,12.55021899,145.4741487,22.53288399,147.4625577,20.63479033,0.914060993,0.141751119,0.74 E,0.169746749,1.94 E,0.405398808,1.942789063,0.274305409
TURKEY- MEAT ONLY,27C,Both,51-70 Years,4465,3.014749609,2.52 E,0.5680664,F,F,F,.,F,.,0.04 E,0.008963432,F,F,F,.,F,.,83.66241408,10.3758436,67.49961276,9.28681103,148.74 E,34.16783989,203.98 E,45.43985237,1.218861012,0.170446154,1.09 E,0.225306899,F,F,F,F
TURKEY- MEAT ONLY,27C,Both,71+ Years,2628,2.648291507,1.75 E,0.337332945,F,F,F,.,F,.,0.02 E,0.004802501,F,F,F,.,F,.,66.07478307,6.585400923,67.5 E,12.61568673,134.6724366,20.67779487,135.9302786,16.69878488,0.943478096,0.098941579,0.72 E,0.182323918,1.767385669,0.151055132,2.03827029,0.272327864
TURKEY- MEAT ONLY,27C,Both,1-18 Years,6339,1.323868488,0.98 E,0.277010053,F,F,F,.,F,.,F,F,F,F,F,.,F,.,74.26 E,16.6625453,33.75 E,8.057721342,F,F,351.75 E,110.8404857,F,F,0.971443725,0.150217418,F,F,F,F
TURKEY- MEAT ONLY,27C,Both,19+ Years,13331,2.419506431,1.823985088,0.277579935,F,F,F,.,F,.,0.024991157,0.003966029,F,F,F,.,F,.,75.38666008,6.233128596,67.49930021,5.084518029,146.4433462,10.31759564,170.21 E,31.99013042,1.032903123,0.094903712,0.844697526,0.12128895,1.941728608,0.173325701,F,F
TURKEY- MEAT ONLY,27C,Male,9-13 Years,1023,F,F,F,F,F,F,.,F,.,F,F,F,F,F,.,F,.,F,F,F,.,F,.,F,.,F,F,F,.,F,.,F,.
TURKEY- MEAT ONLY,27C,Male,14-18 Years,900,F,F,F,F,F,F,.,F,.,F,F,F,F,F,.,F,.,F,F,F,.,F,.,F,.,F,F,F,.,F,.,F,.
TURKEY- MEAT ONLY,27C,Male,19-30 Years,857,F,F,F,F,F,F,.,F,.,F,F,F,F,F,.,F,.,F,F,F,.,F,.,F,.,F,F,F,.,F,.,F,.
TURKEY- MEAT ONLY,27C,Male,31-50 Years,2005,2.147974858,F,F,F,F,F,.,F,.,F,F,F,F,F,.,F,.,94.58 E,16.25597614,F,F,145.2888744,22.53958647,147.66 E,27.64810016,1.08 E,0.24371308,F,F,1.88 E,0.42923127,1.91 E,0.326622425
TURKEY- MEAT ONLY,27C,Male,51-70 Years,2151,2.386531274,F,F,F,F,F,.,F,.,F,F,F,F,F,.,F,.,80.97 E,14.58349318,F,F,F,F,F,F,1.04 E,0.202828614,F,F,F,F,F,F
TURKEY- MEAT ONLY,27C,Male,71+ Years,1180,F,1.72 E,0.548436617,F,F,F,.,F,.,0.02 E,0.00669503,F,F,F,.,F,.,F,F,F,.,F,.,F,.,F,F,F,.,F,.,F,.
TURKEY- MEAT ONLY,27C,Male,19+ Years,6193,2.282589337,1.85 E,0.437554149,F,F,F,.,F,.,0.02 E,0.005774071,F,F,F,.,F,.,81.10177949,9.710495858,67.5 E,17.22026231,145.590276,11.1944827,160.8233437,23.42829981,0.978616375,0.132738453,0.8 E,0.201836146,1.933727444,0.263563277,1.942366737,0.254588155
TURKEY- MEAT ONLY,27C,Female,9-13 Years,939,F,F,F,F,F,F,.,F,.,F,F,F,F,F,.,F,.,F,F,F,.,F,.,F,.,F,F,F,.,F,.,F,.
TURKEY- MEAT ONLY,27C,Female,14-18 Years,990,F,F,F,F,F,F,.,F,.,F,F,F,F,F,.,F,.,F,F,F,.,F,.,F,.,F,F,F,.,F,.,F,.
TURKEY- MEAT ONLY,27C,Female,19-30 Years,992,F,F,F,F,F,F,.,F,.,F,F,F,F,F,.,F,.,F,F,F,.,F,.,F,.,F,F,F,.,F,.,F,.
TURKEY- MEAT ONLY,27C,Female,31-50 Years,2384,2.243609733,1.17 E,0.258944947,F,F,F,.,F,.,0.02 E,0.003904059,F,F,F,.,F,.,52.06385935,6.811669747,F,F,98.86 E,21.51796798,132.16 E,23.45346301,0.759041865,0.109783384,F,F,1.28 E,0.414352672,1.92 E,0.588475552
TURKEY- MEAT ONLY,27C,Female,51-70 Years,2314,3.628657863,3.1 E,0.894372262,F,F,F,.,F,.,0.05 E,0.014777918,F,F,F,.,F,.,85.39423227,14.01874212,67.49958538,7.497522658,149.9 E,41.67330224,211.71 E,48.07880721,1.33 E,0.241926111,1.1 E,0.21012032,F,F,3.84 E,1.234020264
TURKEY- MEAT ONLY,27C,Female,71+ Years,1448,2.574633807,1.78 E,0.418685616,F,F,F,.,F,.,0.03 E,0.006705524,F,F,F,.,F,.,68.95226817,8.560183602,67.5 E,12.50624894,134.71 E,25.22069766,156.4888432,19.84171648,1.072456217,0.134753621,1.07 E,0.252477934,1.88074939,0.265315476,2.15 E,0.391024618
TURKEY- MEAT ONLY,27C,Female,19+ Years,7138,2.551691589,1.8 E,0.304837031,F,F,F,.,F,.,0.03 E,0.004960604,F,F,F,.,F,.,70.45094669,7.666209513,56.68136071,7.666835897,145.62 E,27.9083745,172.49 E,46.31357422,1.079786452,0.131692728,0.85 E,0.148095424,2.03 E,0.424685196,2.89 E,0.756418137
TURKEY- MEAT + SKIN (INCL GROUND TURKEY) ,27D,Both,All ages,19670,0.97902194,0.64 E,0.134967652,F,F,F,.,F,.,0.01 E,0.001691069,F,F,F,.,F,.,65.51 E,12.36355302,33.75 E,7.194641804,137.14 E,26.85894329,F,F,1.015031181,0.151323396,0.615997949,0.101873641,1.92 E,0.371244394,F,F
TURKEY- MEAT + SKIN (INCL GROUND TURKEY) ,27D,Both,1-3 Years,1288,F,F,F,F,F,F,.,F,.,F,F,F,F,F,.,F,.,F,F,F,.,F,.,F,.,F,F,F,.,F,.,F,.
TURKEY- MEAT + SKIN (INCL GROUND TURKEY) ,27D,Both,4-8 Years,1199,F,F,F,F,F,F,.,F,.,F,F,F,F,F,.,F,.,F,F,F,.,F,.,F,.,F,F,F,.,F,.,F,.
TURKEY- MEAT + SKIN (INCL GROUND TURKEY) ,27D,Both,9-13 Years,1962,F,F,F,F,F,F,.,F,.,F,F,F,F,F,.,F,.,F,F,F,.,F,.,F,.,F,F,F,.,F,.,F,.
TURKEY- MEAT + SKIN (INCL GROUND TURKEY) ,27D,Both,14-18 Years,1890,F,F,F,F,F,F,.,F,.,F,F,F,F,F,.,F,.,F,F,F,.,F,.,F,.,F,F,F,.,F,.,F,.
TURKEY- MEAT + SKIN (INCL GROUND TURKEY) ,27D,Both,19-30 Years,1849,F,F,F,F,F,F,.,F,.,F,F,F,F,F,.,F,.,F,F,F,.,F,.,F,.,F,F,F,.,F,.,F,.
TURKEY- MEAT + SKIN (INCL GROUND TURKEY) ,27D,Both,31-50 Years,4389,1.000415146,F,F,F,F,F,.,F,.,F,F,F,F,F,.,F,.,F,F,F,F,F,F,F,F,F,F,0.6 E,0.192511705,F,F,F,F
TURKEY- MEAT + SKIN (INCL GROUND TURKEY) ,27D,Both,51-70 Years,4465,0.899879361,F,F,F,F,F,.,F,.,F,F,F,F,F,.,F,.,74.44 E,23.75829095,48.08 E,15.66938155,F,F,F,F,F,F,0.52 E,0.157401991,F,F,F,F
TURKEY- MEAT + SKIN (INCL GROUND TURKEY) ,27D,Both,71+ Years,2628,F,0.66 E,0.208228878,F,F,F,.,F,.,0.01 E,0.002934989,F,F,F,.,F,.,F,F,F,.,F,.,F,.,F,F,F,.,F,.,F,.
TURKEY- MEAT + SKIN (INCL GROUND TURKEY) ,27D,Both,1-18 Years,6339,1.131725341,0.45 E,0.107044723,F,F,F,.,F,.,0.02 E,0.004117603,F,F,F,.,F,.,39.74 E,6.795975987,27.51470943,4.170848596,100.56 E,24.67146026,143.24 E,29.01052513,1.461454424,0.215426457,1.29 E,0.338119719,2.556949776,0.402546727,F,F
TURKEY- MEAT + SKIN (INCL GROUND TURKEY) ,27D,Both,19+ Years,13331,0.941516569,0.69 E,0.166822923,F,F,F,.,F,.,0.01 E,0.001832043,F,F,F,.,F,.,73.11 E,16.18402685,F,F,139.74 E,41.3219705,F,F,0.89 E,0.175703757,0.56 E,0.102327481,1.78 E,0.484153135,F,F
TURKEY- MEAT + SKIN (INCL GROUND TURKEY) ,27D,Male,9-13 Years,1023,F,F,F,F,F,F,.,F,.,F,F,F,F,F,.,F,.,F,F,F,.,F,.,F,.,F,F,F,.,F,.,F,.
TURKEY- MEAT + SKIN (INCL GROUND TURKEY) ,27D,Male,14-18 Years,900,F,F,F,F,F,F,.,F,.,F,F,F,F,F,.,F,.,F,F,F,.,F,.,F,.,F,F,F,.,F,.,F,.
TURKEY- MEAT + SKIN (INCL GROUND TURKEY) ,27D,Male,19-30 Years,857,F,F,F,F,F,F,.,F,.,F,F,F,F,F,.,F,.,F,F,F,.,F,.,F,.,F,F,F,.,F,.,F,.
TURKEY- MEAT + SKIN (INCL GROUND TURKEY) ,27D,Male,31-50 Years,2005,1.25850144,F,F,F,F,F,.,F,.,F,F,F,F,F,.,F,.,F,F,F,F,F,F,F,F,F,F,F,F,F,F,F,F
TURKEY- MEAT + SKIN (INCL GROUND TURKEY) ,27D,Male,51-70 Years,2151,1.322799114,F,F,F,F,F,.,F,.,F,F,F,F,F,.,F,.,F,F,55.43 E,17.5848852,F,F,F,F,F,F,0.6 E,0.186003381,F,F,F,F
TURKEY- MEAT + SKIN (INCL GROUND TURKEY) ,27D,Male,71+ Years,1180,F,F,F,F,F,F,.,F,.,F,F,F,F,F,.,F,.,F,F,F,.,F,.,F,.,F,F,F,.,F,.,F,.
TURKEY- MEAT + SKIN (INCL GROUND TURKEY) ,27D,Male,19+ Years,6193,1.166399563,1.08 E,0.329932122,F,F,F,.,F,.,0.01 E,0.003567644,F,F,F,.,F,.,92.47 E,27.62690064,F,F,F,F,F,F,1.05 E,0.297132431,0.61 E,0.197669882,F,F,F,F
TURKEY- MEAT + SKIN (INCL GROUND TURKEY) ,27D,Female,9-13 Years,939,F,F,F,F,F,F,.,F,.,F,F,F,F,F,.,F,.,F,F,F,.,F,.,F,.,F,F,F,.,F,.,F,.
TURKEY- MEAT + SKIN (INCL GROUND TURKEY) ,27D,Female,14-18 Years,990,F,F,F,F,F,F,.,F,.,F,F,F,F,F,.,F,.,F,F,F,.,F,.,F,.,F,F,F,.,F,.,F,.
TURKEY- MEAT + SKIN (INCL GROUND TURKEY) ,27D,Female,19-30 Years,992,F,F,F,F,F,F,.,F,.,F,F,F,F,F,.,F,.,F,F,F,.,F,.,F,.,F,F,F,.,F,.,F,.
TURKEY- MEAT + SKIN (INCL GROUND TURKEY) ,27D,Female,31-50 Years,2384,0.753436158,0.4 E,0.130455381,F,F,F,.,F,.,0.01 E,0.001761696,F,F,F,.,F,.,52.67 E,9.409590339,42.11 E,8.750684102,118.61 E,35.26832452,141.97 E,31.69259758,0.744267617,0.116186127,0.618156822,0.094896403,1.78 E,0.575857104,1.85 E,0.401368342
TURKEY- MEAT + SKIN (INCL GROUND TURKEY) ,27D,Female,51-70 Years,2314,F,F,F,F,F,F,.,F,.,F,F,F,F,F,.,F,.,F,F,F,.,F,.,F,.,F,F,F,.,F,.,F,.
TURKEY- MEAT + SKIN (INCL GROUND TURKEY) ,27D,Female,71+ Years,1448,F,F,F,F,F,F,.,F,.,F,F,F,F,F,.,F,.,F,F,F,.,F,.,F,.,F,F,F,.,F,.,F,.
TURKEY- MEAT + SKIN (INCL GROUND TURKEY) ,27D,Female,19+ Years,7138,0.724405665,0.31 E,0.071134954,F,F,F,.,F,.,0 E,0.001009218,F,F,F,.,F,.,43.02702838,6.047161647,33.3557253,5.439641575,F,F,133.9 E,31.9027873,0.622123343,0.085156181,0.48 E,0.085497794,F,F,1.83 E,0.419282595
OTHER BIRDS (DUCK- PHEASANT- PIGEON),27E,Both,All ages,19670,0.252114628,0.19 E,0.056968022,F,F,F,.,F,.,0 E,0.000716374,F,F,F,.,F,.,76.99 E,19.76819408,F,F,183.4 E,42.68663341,241.03 E,52.33991889,1.09 E,0.24541404,F,F,2.4 E,0.417672983,2.671453957,0.408206751
OTHER BIRDS (DUCK- PHEASANT- PIGEON),27E,Both,1-3 Years,1288,F,F,F,F,F,F,.,F,.,F,F,F,F,F,.,F,.,F,F,F,.,F,.,F,.,F,F,F,.,F,.,F,.
OTHER BIRDS (DUCK- PHEASANT- PIGEON),27E,Both,4-8 Years,1199,F,F,F,F,F,F,.,F,.,F,F,F,F,F,.,F,.,F,F,F,.,F,.,F,.,F,F,F,.,F,.,F,.
OTHER BIRDS (DUCK- PHEASANT- PIGEON),27E,Both,9-13 Years,1962,F,F,F,F,F,F,.,F,.,F,F,F,F,F,.,F,.,F,F,F,.,F,.,F,.,F,F,F,.,F,.,F,.
OTHER BIRDS (DUCK- PHEASANT- PIGEON),27E,Both,14-18 Years,1890,F,F,F,F,F,F,.,F,.,F,F,F,F,F,.,F,.,F,F,F,.,F,.,F,.,F,F,F,.,F,.,F,.
OTHER BIRDS (DUCK- PHEASANT- PIGEON),27E,Both,19-30 Years,1849,F,F,F,F,F,F,.,F,.,F,F,F,F,F,.,F,.,F,F,F,.,F,.,F,.,F,F,F,.,F,.,F,.
OTHER BIRDS (DUCK- PHEASANT- PIGEON),27E,Both,31-50 Years,4389,F,F,F,F,F,F,.,F,.,F,F,F,F,F,.,F,.,F,F,F,.,F,.,F,.,F,F,F,.,F,.,F,.
OTHER BIRDS (DUCK- PHEASANT- PIGEON),27E,Both,51-70 Years,4465,F,F,F,F,F,F,.,F,.,F,F,F,F,F,.,F,.,F,F,F,.,F,.,F,.,F,F,F,.,F,.,F,.
OTHER BIRDS (DUCK- PHEASANT- PIGEON),27E,Both,71+ Years,2628,F,F,F,F,F,F,.,F,.,F,F,F,F,F,.,F,.,F,F,F,.,F,.,F,.,F,F,F,.,F,.,F,.
OTHER BIRDS (DUCK- PHEASANT- PIGEON),27E,Both,1-18 Years,6339,F,F,F,F,F,F,.,F,.,F,F,F,F,F,.,F,.,F,F,F,.,F,.,F,.,F,F,F,.,F,.,F,.
OTHER BIRDS (DUCK- PHEASANT- PIGEON),27E,Both,19+ Years,13331,0.285052796,0.23 E,0.070787728,F,F,F,.,F,.,0 E,0.000883953,F,F,F,.,F,.,80.51 E,22.25067334,F,F,195.55 E,45.4736604,244.48 E,52.9969262,1.08 E,0.271713905,F,F,2.41 E,0.433741885,2.679438602,0.435246971
OTHER BIRDS (DUCK- PHEASANT- PIGEON),27E,Male,9-13 Years,1023,F,F,F,F,F,F,.,F,.,F,F,F,F,F,.,F,.,F,F,F,.,F,.,F,.,F,F,F,.,F,.,F,.
OTHER BIRDS (DUCK- PHEASANT- PIGEON),27E,Male,14-18 Years,900,F,F,F,F,F,F,.,F,.,F,F,F,F,F,.,F,.,F,F,F,.,F,.,F,.,F,F,F,.,F,.,F,.
OTHER BIRDS (DUCK- PHEASANT- PIGEON),27E,Male,19-30 Years,857,F,F,F,F,F,F,.,F,.,F,F,F,F,F,.,F,.,F,F,F,.,F,.,F,.,F,F,F,.,F,.,F,.
OTHER BIRDS (DUCK- PHEASANT- PIGEON),27E,Male,31-50 Years,2005,F,F,F,F,F,F,.,F,.,F,F,F,F,F,.,F,.,F,F,F,.,F,.,F,.,F,F,F,.,F,.,F,.
OTHER BIRDS (DUCK- PHEASANT- PIGEON),27E,Male,51-70 Years,2151,F,F,F,F,F,F,.,F,.,F,F,F,F,F,.,F,.,F,F,F,.,F,.,F,.,F,F,F,.,F,.,F,.
OTHER BIRDS (DUCK- PHEASANT- PIGEON),27E,Male,71+ Years,1180,F,F,F,F,F,F,.,F,.,F,F,F,F,F,.,F,.,F,F,F,.,F,.,F,.,F,F,F,.,F,.,F,.
OTHER BIRDS (DUCK- PHEASANT- PIGEON),27E,Male,19+ Years,6193,F,F,F,F,F,F,.,F,.,F,F,F,F,F,.,F,.,F,F,F,.,F,.,F,.,F,F,F,.,F,.,F,.
OTHER BIRDS (DUCK- PHEASANT- PIGEON),27E,Female,9-13 Years,939,F,F,F,F,F,F,.,F,.,F,F,F,F,F,.,F,.,F,F,F,.,F,.,F,.,F,F,F,.,F,.,F,.
OTHER BIRDS (DUCK- PHEASANT- PIGEON),27E,Female,14-18 Years,990,F,F,F,F,F,F,.,F,.,F,F,F,F,F,.,F,.,F,F,F,.,F,.,F,.,F,F,F,.,F,.,F,.
OTHER BIRDS (DUCK- PHEASANT- PIGEON),27E,Female,19-30 Years,992,F,F,F,F,F,F,.,F,.,F,F,F,F,F,.,F,.,F,F,F,.,F,.,F,.,F,F,F,.,F,.,F,.
OTHER BIRDS (DUCK- PHEASANT- PIGEON),27E,Female,31-50 Years,2384,F,F,F,F,F,F,.,F,.,F,F,F,F,F,.,F,.,F,F,F,.,F,.,F,.,F,F,F,.,F,.,F,.
OTHER BIRDS (DUCK- PHEASANT- PIGEON),27E,Female,51-70 Years,2314,F,F,F,F,F,F,.,F,.,F,F,F,F,F,.,F,.,F,F,F,.,F,.,F,.,F,F,F,.,F,.,F,.
OTHER BIRDS (DUCK- PHEASANT- PIGEON),27E,Female,71+ Years,1448,F,F,F,F,F,F,.,F,.,F,F,F,F,F,.,F,.,F,F,F,.,F,.,F,.,F,F,F,.,F,.,F,.
OTHER BIRDS (DUCK- PHEASANT- PIGEON),27E,Female,19+ Years,7138,F,F,F,F,F,F,.,F,.,F,F,F,F,F,.,F,.,F,F,F,.,F,.,F,.,F,F,F,.,F,.,F,.
BIRDS- SKIN ONLY ,27F,Both,All ages,19670,F,F,F,F,F,F,.,F,.,F,F,F,F,F,.,F,.,F,F,F,.,F,.,F,.,F,F,F,.,F,.,F,.
LIVERS & LIVER PATES ,28,Both,All ages,19670,0.406257175,0.24 E,0.051516526,F,F,F,.,F,.,0 E,0.000809138,F,F,F,.,F,.,60.05391608,7.169834804,42 E,11.55760997,121.02 E,23.00032436,163.64 E,31.29607859,0.958247437,0.131943919,0.63 E,0.109562637,2.16 E,0.491023859,3.16 E,0.7224555
LIVERS & LIVER PATES ,28,Both,1-3 Years,1288,F,F,F,F,F,F,.,F,.,F,F,F,F,F,.,F,.,F,F,F,.,F,.,F,.,F,F,F,.,F,.,F,.
LIVERS & LIVER PATES ,28,Both,4-8 Years,1199,F,F,F,F,F,F,.,F,.,F,F,F,F,F,.,F,.,F,F,F,.,F,.,F,.,F,F,F,.,F,.,F,.
LIVERS & LIVER PATES ,28,Both,9-13 Years,1962,F,F,F,F,F,F,.,F,.,F,F,F,F,F,.,F,.,F,F,F,.,F,.,F,.,F,F,F,.,F,.,F,.
LIVERS & LIVER PATES ,28,Both,14-18 Years,1890,F,F,F,F,F,F,.,F,.,F,F,F,F,F,.,F,.,F,F,F,.,F,.,F,.,F,F,F,.,F,.,F,.
LIVERS & LIVER PATES ,28,Both,19-30 Years,1849,F,F,F,F,F,F,.,F,.,F,F,F,F,F,.,F,.,F,F,F,.,F,.,F,.,F,F,F,.,F,.,F,.
LIVERS & LIVER PATES ,28,Both,31-50 Years,4389,F,F,F,F,F,F,.,F,.,F,F,F,F,F,.,F,.,F,F,F,.,F,.,F,.,F,F,F,.,F,.,F,.
LIVERS & LIVER PATES ,28,Both,51-70 Years,4465,F,0.33 E,0.092378111,F,F,F,.,F,.,0 E,0.001308799,F,F,F,.,F,.,F,F,F,.,F,.,F,.,F,F,F,.,F,.,F,.
LIVERS & LIVER PATES ,28,Both,71+ Years,2628,F,F,F,F,F,F,.,F,.,F,F,F,F,F,.,F,.,F,F,F,.,F,.,F,.,F,F,F,.,F,.,F,.
LIVERS & LIVER PATES ,28,Both,1-18 Years,6339,F,F,F,F,F,F,.,F,.,F,F,F,F,F,.,F,.,F,F,F,.,F,.,F,.,F,F,F,.,F,.,F,.
LIVERS & LIVER PATES ,28,Both,19+ Years,13331,0.46651045,0.27 E,0.061747214,F,F,F,.,F,.,0 E,0.00091535,F,F,F,.,F,.,58.22950139,7.673888844,40.9 E,10.19782019,121.51 E,25.2257842,175.88 E,37.41876344,0.862847322,0.129813856,0.6 E,0.102336262,2.09 E,0.556400158,2.45 E,0.583313058
LIVERS & LIVER PATES ,28,Male,9-13 Years,1023,F,F,F,F,F,F,.,F,.,F,F,F,F,F,.,F,.,F,F,F,.,F,.,F,.,F,F,F,.,F,.,F,.
LIVERS & LIVER PATES ,28,Male,14-18 Years,900,F,F,F,F,F,F,.,F,.,F,F,F,F,F,.,F,.,F,F,F,.,F,.,F,.,F,F,F,.,F,.,F,.
LIVERS & LIVER PATES ,28,Male,19-30 Years,857,F,F,F,F,F,F,.,F,.,F,F,F,F,F,.,F,.,F,F,F,.,F,.,F,.,F,F,F,.,F,.,F,.
LIVERS & LIVER PATES ,28,Male,31-50 Years,2005,F,F,F,F,F,F,.,F,.,F,F,F,F,F,.,F,.,F,F,F,.,F,.,F,.,F,F,F,.,F,.,F,.
LIVERS & LIVER PATES ,28,Male,51-70 Years,2151,F,F,F,F,F,F,.,F,.,F,F,F,F,F,.,F,.,F,F,F,.,F,.,F,.,F,F,F,.,F,.,F,.
LIVERS & LIVER PATES ,28,Male,71+ Years,1180,F,F,F,F,F,F,.,F,.,F,F,F,F,F,.,F,.,F,F,F,.,F,.,F,.,F,F,F,.,F,.,F,.
LIVERS & LIVER PATES ,28,Male,19+ Years,6193,F,F,F,F,F,F,.,F,.,F,F,F,F,F,.,F,.,F,F,F,.,F,.,F,.,F,F,F,.,F,.,F,.
LIVERS & LIVER PATES ,28,Female,9-13 Years,939,F,F,F,F,F,F,.,F,.,F,F,F,F,F,.,F,.,F,F,F,.,F,.,F,.,F,F,F,.,F,.,F,.
LIVERS & LIVER PATES ,28,Female,14-18 Years,990,F,F,F,F,F,F,.,F,.,F,F,F,F,F,.,F,.,F,F,F,.,F,.,F,.,F,F,F,.,F,.,F,.
LIVERS & LIVER PATES ,28,Female,19-30 Years,992,F,F,F,F,F,F,.,F,.,F,F,F,F,F,.,F,.,F,F,F,.,F,.,F,.,F,F,F,.,F,.,F,.
LIVERS & LIVER PATES ,28,Female,31-50 Years,2384,F,F,F,F,F,F,.,F,.,F,F,F,F,F,.,F,.,F,F,F,.,F,.,F,.,F,F,F,.,F,.,F,.
LIVERS & LIVER PATES ,28,Female,51-70 Years,2314,F,F,F,F,F,F,.,F,.,F,F,F,F,F,.,F,.,F,F,F,.,F,.,F,.,F,F,F,.,F,.,F,.
LIVERS & LIVER PATES ,28,Female,71+ Years,1448,F,F,F,F,F,F,.,F,.,F,F,F,F,F,.,F,.,F,F,F,.,F,.,F,.,F,F,F,.,F,.,F,.
LIVERS & LIVER PATES ,28,Female,19+ Years,7138,F,0.28 E,0.084108947,F,F,F,.,F,.,0 E,0.001452378,F,F,F,.,F,.,F,F,F,.,F,.,F,.,F,F,F,.,F,.,F,.
LIVER,28A,Both,All ages,19670,0.28510064,0.2 E,0.049438717,F,F,F,.,F,.,0 E,0.000757401,F,F,F,.,F,.,71.5390333,10.10618009,62.24 E,19.37932904,129.84 E,29.92067484,188.14 E,33.81691265,1.099264037,0.180544034,F,F,2.31 E,0.530757436,3.31 E,0.719182432
LIVER,28A,Both,1-3 Years,1288,F,F,F,F,F,F,.,F,.,F,F,F,F,F,.,F,.,F,F,F,.,F,.,F,.,F,F,F,.,F,.,F,.
LIVER,28A,Both,4-8 Years,1199,F,F,F,F,F,F,.,F,.,F,F,F,F,F,.,F,.,F,F,F,.,F,.,F,.,F,F,F,.,F,.,F,.
LIVER,28A,Both,9-13 Years,1962,F,F,F,F,F,F,.,F,.,F,F,F,F,F,.,F,.,F,F,F,.,F,.,F,.,F,F,F,.,F,.,F,.
LIVER,28A,Both,14-18 Years,1890,F,F,F,F,F,F,.,F,.,F,F,F,F,F,.,F,.,F,F,F,.,F,.,F,.,F,F,F,.,F,.,F,.
LIVER,28A,Both,19-30 Years,1849,F,F,F,F,F,F,.,F,.,F,F,F,F,F,.,F,.,F,F,F,.,F,.,F,.,F,F,F,.,F,.,F,.
LIVER,28A,Both,31-50 Years,4389,F,F,F,F,F,F,.,F,.,F,F,F,F,F,.,F,.,F,F,F,.,F,.,F,.,F,F,F,.,F,.,F,.
LIVER,28A,Both,51-70 Years,4465,F,0.24 E,0.072522591,F,F,F,.,F,.,0 E,0.001004258,F,F,F,.,F,.,F,F,F,.,F,.,F,.,F,F,F,.,F,.,F,.
LIVER,28A,Both,71+ Years,2628,F,F,F,F,F,F,.,F,.,F,F,F,F,F,.,F,.,F,F,F,.,F,.,F,.,F,F,F,.,F,.,F,.
LIVER,28A,Both,1-18 Years,6339,F,F,F,F,F,F,.,F,.,F,F,F,F,F,.,F,.,F,F,F,.,F,.,F,.,F,F,F,.,F,.,F,.
LIVER,28A,Both,19+ Years,13331,0.326252454,0.23 E,0.058981154,F,F,F,.,F,.,0 E,0.000876659,F,F,F,.,F,.,69.13002783,10.77058524,F,F,128.09 E,32.37841684,190.17 E,36.32097468,1.02 E,0.185391717,F,F,2.31 E,0.558167023,3.25 E,0.741011783
LIVER,28A,Male,9-13 Years,1023,F,F,F,F,F,F,.,F,.,F,F,F,F,F,.,F,.,F,F,F,.,F,.,F,.,F,F,F,.,F,.,F,.
LIVER,28A,Male,14-18 Years,900,F,F,F,F,F,F,.,F,.,F,F,F,F,F,.,F,.,F,F,F,.,F,.,F,.,F,F,F,.,F,.,F,.
LIVER,28A,Male,19-30 Years,857,F,F,F,F,F,F,.,F,.,F,F,F,F,F,.,F,.,F,F,F,.,F,.,F,.,F,F,F,.,F,.,F,.
LIVER,28A,Male,31-50 Years,2005,F,F,F,F,F,F,.,F,.,F,F,F,F,F,.,F,.,F,F,F,.,F,.,F,.,F,F,F,.,F,.,F,.
LIVER,28A,Male,51-70 Years,2151,F,F,F,F,F,F,.,F,.,F,F,F,F,F,.,F,.,F,F,F,.,F,.,F,.,F,F,F,.,F,.,F,.
LIVER,28A,Male,71+ Years,1180,F,F,F,F,F,F,.,F,.,F,F,F,F,F,.,F,.,F,F,F,.,F,.,F,.,F,F,F,.,F,.,F,.
LIVER,28A,Male,19+ Years,6193,F,F,F,F,F,F,.,F,.,F,F,F,F,F,.,F,.,F,F,F,.,F,.,F,.,F,F,F,.,F,.,F,.
LIVER,28A,Female,9-13 Years,939,F,F,F,F,F,F,.,F,.,F,F,F,F,F,.,F,.,F,F,F,.,F,.,F,.,F,F,F,.,F,.,F,.
LIVER,28A,Female,14-18 Years,990,F,F,F,F,F,F,.,F,.,F,F,F,F,F,.,F,.,F,F,F,.,F,.,F,.,F,F,F,.,F,.,F,.
LIVER,28A,Female,19-30 Years,992,F,F,F,F,F,F,.,F,.,F,F,F,F,F,.,F,.,F,F,F,.,F,.,F,.,F,F,F,.,F,.,F,.
LIVER,28A,Female,31-50 Years,2384,F,F,F,F,F,F,.,F,.,F,F,F,F,F,.,F,.,F,F,F,.,F,.,F,.,F,F,F,.,F,.,F,.
LIVER,28A,Female,51-70 Years,2314,F,F,F,F,F,F,.,F,.,F,F,F,F,F,.,F,.,F,F,F,.,F,.,F,.,F,F,F,.,F,.,F,.
LIVER,28A,Female,71+ Years,1448,F,F,F,F,F,F,.,F,.,F,F,F,F,F,.,F,.,F,F,F,.,F,.,F,.,F,F,F,.,F,.,F,.
LIVER,28A,Female,19+ Years,7138,F,0.25 E,0.083440748,F,F,F,.,F,.,F,F,F,F,F,.,F,.,F,F,F,.,F,.,F,.,F,F,F,.,F,.,F,.
LIVER PATE,28B,Both,All ages,19670,F,F,F,F,F,F,.,F,.,F,F,F,F,F,.,F,.,F,F,F,.,F,.,F,.,F,F,F,.,F,.,F,.
OFFALS (EXCL LIVERS),29,Both,All ages,19670,0.201369817,F,F,F,F,F,.,F,.,F,F,F,F,F,.,F,.,F,F,F,F,F,F,F,F,F,F,F,F,2.76 E,0.777605071,3.56 E,0.889256775
SAUSAGES (FRESH & CURED),30,Both,All ages,19670,11.9097222,7.709474821,0.413969911,F,F,9.93 E,2.735762217,63.53680054,7.884097241,0.137919072,0.007029124,F,F,0.14 E,0.044726449,0.862054277,0.051128573,64.73261669,2.63346679,39.05454545,4.473247448,149.3584293,4.296073197,191.9684232,13.42578271,1.162666511,0.050622477,0.690750417,0.03797771,2.697764287,0.132375854,3.57836575,0.211501369
SAUSAGES (FRESH & CURED),30,Both,1-3 Years,1288,13.28592159,6.10667643,0.879254667,F,F,F,F,37.5 E,9.41889388,0.440777786,0.068566743,F,F,F,F,3.17 E,0.673434336,45.96351398,5.304358154,29.17 E,6.775160836,111.1233656,10.72754198,127.5829985,14.12721194,3.723028336,0.37959187,2.796070208,0.423718939,7.617390859,0.818907484,11.52 E,2.565629807
SAUSAGES (FRESH & CURED),30,Both,4-8 Years,1199,15.84624302,10.49805493,1.644173754,F,F,37.5 E,6.661362782,74.34525215,5.56842799,0.508734251,0.080201481,F,F,1.57 E,0.348949676,3.424886598,0.383464449,66.24948841,8.527757284,37.5 E,9.206798368,141.33 E,24.46372988,F,F,3.210440798,0.415999866,2.078130137,0.28114692,6.660429619,0.898592263,8.71 E,1.626009404
SAUSAGES (FRESH & CURED),30,Both,9-13 Years,1962,17.18487733,10.56805791,1.058235317,F,F,37.5,4.131527607,75,4.420161911,0.268619858,0.028453172,F,F,0.98 E,0.212690916,1.707860988,0.137423808,61.49626621,4.111817617,47.78643065,7.609029176,126.7629074,15.52166203,149.8654229,18.11633191,1.563117694,0.109868457,1.413446998,0.182950495,3.515492704,0.351273754,4.124551366,0.451442814
SAUSAGES (FRESH & CURED),30,Both,14-18 Years,1890,13.8971047,8.462234136,1.137404691,F,F,F,F,73.84 E,16.68917192,0.130842246,0.017624337,F,F,F,F,0.96 E,0.228392238,60.89206577,5.896810792,37.5,5.239410874,142.2332696,10.53585751,149.57 E,35.64638991,0.941507236,0.093384585,0.543975822,0.088360396,2.301292145,0.240353513,2.699062471,0.351995444
SAUSAGES (FRESH & CURED),30,Both,19-30 Years,1849,12.67254751,9.38 E,2.082894377,F,F,F,F,74.27 E,16.85891105,0.13 E,0.029488681,F,F,F,F,0.96 E,0.235605707,74.00774358,11.72081799,60.32 E,16.01487232,184.49 E,31.98073555,192.892301,17.07306421,1 E,0.171130016,0.81 E,0.184730392,2.72 E,0.624947178,2.768551475,0.427183662
SAUSAGES (FRESH & CURED),30,Both,31-50 Years,4389,10.73143554,6.281308719,0.68509339,F,F,F,F,37.5,5.329245403,0.077571076,0.008545425,F,F,F,F,0.522847634,0.081648992,58.531859,5.053882251,37.5,2.620621575,121.18 E,20.41117996,193.04 E,34.3542585,0.722839695,0.062837426,0.460706432,0.065703307,1.596316274,0.191490878,2.156401456,0.280581968
SAUSAGES (FRESH & CURED),30,Both,51-70 Years,4465,10.99985558,7.78577046,0.826982795,F,F,F,F,72.68532952,12.00401257,0.095269434,0.010365344,F,F,F,F,0.718827313,0.07539446,70.78066071,5.208835868,56.4 E,10.0987898,149.5555061,23.36490485,221.0349862,25.44010474,0.866097134,0.066183145,0.641025641,0.06129394,2.287757266,0.339986143,2.630898464,0.16889145
SAUSAGES (FRESH & CURED),30,Both,71+ Years,2628,10.32647449,6.66933162,0.719615361,F,F,F,F,54.4 E,14.16916078,0.087052689,0.009451976,F,F,F,F,0.67 E,0.112589525,64.58478763,5.236265228,48.54 E,12.25482881,144.9085274,14.60520818,149.894533,22.21330091,0.843004927,0.068417993,0.644047415,0.09171096,1.79625196,0.209502874,2.416013639,0.228059075
SAUSAGES (FRESH & CURED),30,Both,1-18 Years,6339,15.2183255,9.201994034,0.648511506,F,F,27.18 E,5.984612429,75,4.666989013,0.323548453,0.027083042,F,F,0.76 E,0.146374502,2.021367894,0.193001938,60.46653447,3.309222378,37.5,2.377069471,148.7039746,17.04760348,149.8098672,9.662217764,2.154782544,0.150802808,1.501664949,0.077948968,4.889354704,0.457953741,6.928168083,0.648243053
SAUSAGES (FRESH & CURED),30,Both,19+ Years,13331,11.09709856,7.342898265,0.511265674,F,F,F,F,54.76 E,9.570000056,0.092869086,0.006718073,F,F,F,F,0.677069216,0.052235145,66.16953277,3.463064526,43.60741702,5.760606168,149.6262561,13.92586142,196.1841194,15.58977848,0.836877185,0.04550812,0.589303873,0.038692396,2.017087737,0.217813631,2.6927248,0.173491288
SAUSAGES (FRESH & CURED),30,Male,9-13 Years,1023,19.42461428,12.68865977,1.733139916,F,F,47.99 E,10.07185516,75 E,18.76290617,0.314906404,0.045206511,F,F,1.34 E,0.262015361,1.89 E,0.382091921,65.32258293,5.567927118,50.14 E,8.461089582,127.449554,15.84709254,149.6680382,18.2059314,1.62117198,0.152151001,1.38894373,0.195364867,3.743809427,0.459686777,4.038079752,0.4066198
SAUSAGES (FRESH & CURED),30,Male,14-18 Years,900,15.29477252,8.69 E,1.491895111,F,F,F,F,75 E,17.18982415,0.13 E,0.022136952,F,F,F,F,F,F,56.81151526,7.249493577,33.42 E,10.63326783,139.1506399,16.62440442,147.0207378,11.92095166,0.834963424,0.106376151,0.51 E,0.123046612,1.885667168,0.2684649,2.492679348,0.305088513
SAUSAGES (FRESH & CURED),30,Male,19-30 Years,857,15.69015419,13.59 E,3.888964304,F,F,F,F,F,F,0.18 E,0.054980146,F,F,F,F,F,F,86.62 E,17.05821963,73.93 E,22.69114523,189.5646538,25.43110497,197.1496375,14.13516474,1.14 E,0.252699158,0.85 E,0.265983173,2.71 E,0.584584303,2.763930363,0.419045669
SAUSAGES (FRESH & CURED),30,Male,31-50 Years,2005,11.73389183,8.635744672,1.194168421,F,F,F,F,72.0638537,11.26332607,0.101146032,0.014712508,F,F,F,F,0.7 E,0.117381501,73.59659352,7.346690339,48.18 E,13.64038511,149.73 E,32.06062801,224.83 E,38.73206289,0.861999016,0.09531939,0.54 E,0.096221188,1.844473032,0.223024941,2.38 E,0.680879462
SAUSAGES (FRESH & CURED),30,Male,51-70 Years,2151,14.29361203,10.56315172,1.430099675,F,F,F,F,75,4.404539161,0.115739942,0.015728519,F,F,0.37 E,0.110683031,0.788540872,0.094418302,73.90120635,7.062756361,66.47007726,10.17786521,149.25 E,40.57192885,222.2554526,25.71756795,0.809731938,0.08110146,0.628603345,0.069891288,1.81 E,0.351069084,2.596255149,0.334430057
SAUSAGES (FRESH & CURED),30,Male,71+ Years,1180,13.39311908,9.563924255,1.348039788,F,F,F,F,75,11.55768921,0.113578291,0.016039658,F,F,F,F,0.874681529,0.13098492,71.40923781,7.678429323,60.25 E,14.54600193,138.7001547,16.46909137,175.12 E,36.01034339,0.848034651,0.092609916,0.65 E,0.130853038,1.6922541,0.263218493,2.392639021,0.387641842
SAUSAGES (FRESH & CURED),30,Male,19+ Years,6193,13.47100385,10.26407123,0.951715592,F,F,24.79 E,7.093546513,75,0.912407043,0.121370439,0.012262129,F,F,0.27 E,0.076294137,0.857607174,0.073479621,76.19381112,4.866280134,63.53184215,8.665979404,189.6603951,23.21527845,224.171152,13.5430174,0.900975458,0.065223932,0.637009518,0.059537598,2.280809783,0.327249365,2.802247999,0.242641457
SAUSAGES (FRESH & CURED),30,Female,9-13 Years,939,14.82766226,8.33622677,1.310889535,F,F,F,F,71.88 E,14.57841029,0.219905502,0.035848054,F,F,F,F,1.654682734,0.112818535,56.2207759,5.902421134,37.5 E,7.940540566,102.5 E,31.06554665,162.1443838,25.63944499,1.483076013,0.160556216,1.44 E,0.288580211,3.24 E,0.615272439,4.41 E,0.808573246
SAUSAGES (FRESH & CURED),30,Female,14-18 Years,990,12.41929683,8.22 E,1.740728586,F,F,F,F,56.97 E,16.82034836,0.13 E,0.027685734,F,F,F,F,0.94 E,0.302479126,66.20554251,10.47224274,37.5 E,10.01544428,144.96 E,30.28445636,217.33 E,44.58195201,1.080242944,0.167177607,0.66 E,0.159769263,2.31 E,0.420680306,3.31 E,0.637169042
SAUSAGES (FRESH & CURED),30,Female,19-30 Years,992,9.331133617,4.71 E,1.044600904,F,F,F,.,F,F,0.07 E,0.014801128,F,F,F,.,0.58 E,0.190539746,50.52421668,6.300886297,37.25 E,10.34891667,111.14 E,24.73775048,119.13 E,26.34069035,0.744698967,0.095285218,0.59 E,0.133843386,1.61 E,0.316048662,1.92 E,0.449410149
SAUSAGES (FRESH & CURED),30,Female,31-50 Years,2384,9.772122143,4.028201045,0.621758584,F,F,F,.,25.89 E,5.340368255,0.055010719,0.007827948,F,F,F,.,0.34 E,0.082244669,41.22135383,5.422428957,26.07323883,4.06842865,75 E,17.15088347,112.49 E,19.41667704,0.562935242,0.063447371,0.35 E,0.060704393,1.169571113,0.154148465,1.72 E,0.306565639
SAUSAGES (FRESH & CURED),30,Female,51-70 Years,2314,7.781127071,5.07 E,0.847231629,F,F,F,.,37.5 E,12.00897386,0.08 E,0.013489971,F,F,F,.,F,F,65.17892152,7.353672192,F,F,149.0794493,14.60850231,178.2155445,21.09546685,0.96727916,0.116753791,0.719576851,0.114841262,2.424134769,0.339534852,2.851530217,0.319686249
SAUSAGES (FRESH & CURED),30,Female,71+ Years,1448,7.897150529,4.38 E,0.763835347,F,F,F,.,29.25 E,9.725659282,0.07 E,0.011608548,F,F,F,.,F,F,55.41623106,7.229087949,37.5 E,11.71387329,132.95 E,29.06914554,148.4047872,16.35878082,0.836247561,0.107994384,0.64 E,0.125865536,1.943646669,0.294589575,2.448814403,0.325338251
SAUSAGES (FRESH & CURED),30,Female,19+ Years,7138,8.805236837,4.52268277,0.409504073,F,F,F,.,28.87 E,5.517657173,0.065352757,0.006108287,F,F,F,.,0.4 E,0.081645252,51.36355619,3.368040275,36.88611419,2.158222463,112.4976184,13.20898373,149.3573521,6.437125265,0.742203285,0.047925231,0.516674109,0.063140723,1.660626772,0.205577381,2.439693843,0.188894881
GAME MEATS,31,Both,All ages,19670,0.819134752,0.7 E,0.137271664,F,F,F,.,F,.,0.01 E,0.001675428,F,F,F,.,F,.,85.89357329,12.70745886,F,F,176.1892407,25.96567196,227.2892432,24.3114746,1.2220155,0.151842494,F,F,2.801183311,0.330879028,3.084881021,0.175640545
GAME MEATS,31,Both,1-3 Years,1288,F,F,F,F,F,F,.,F,.,F,F,F,F,F,.,F,.,F,F,F,.,F,.,F,.,F,F,F,.,F,.,F,.
GAME MEATS,31,Both,4-8 Years,1199,F,F,F,F,F,F,.,F,.,F,F,F,F,F,.,F,.,F,F,F,.,F,.,F,.,F,F,F,.,F,.,F,.
GAME MEATS,31,Both,9-13 Years,1962,F,F,F,F,F,F,.,F,.,0.01 E,0.002215207,F,F,F,.,F,.,F,F,F,.,F,.,F,.,F,F,F,.,F,.,F,.
GAME MEATS,31,Both,14-18 Years,1890,F,F,F,F,F,F,.,F,.,F,F,F,F,F,.,F,.,F,F,F,.,F,.,F,.,F,F,F,.,F,.,F,.
GAME MEATS,31,Both,19-30 Years,1849,F,F,F,F,F,F,.,F,.,F,F,F,F,F,.,F,.,F,F,F,.,F,.,F,.,F,F,F,.,F,.,F,.
GAME MEATS,31,Both,31-50 Years,4389,0.921968222,F,F,F,F,F,.,F,.,F,F,F,F,F,.,F,.,83.98 E,27.25609112,F,F,163.73 E,39.97051299,168.23 E,32.76298219,0.95 E,0.226425876,F,F,1.57 E,0.403077508,F,F
GAME MEATS,31,Both,51-70 Years,4465,0.908039116,1.03 E,0.317266664,F,F,F,.,F,.,0.01 E,0.004074232,F,F,F,.,F,.,113.39 E,22.97309064,F,F,227.7632623,34.44569058,228.591401,27.7844974,1.45 E,0.268857258,F,F,2.814281194,0.371987571,2.846306633,0.253349465
GAME MEATS,31,Both,71+ Years,2628,F,F,F,F,F,F,.,F,.,F,F,F,F,F,.,F,.,F,F,F,.,F,.,F,.,F,F,F,.,F,.,F,.
GAME MEATS,31,Both,1-18 Years,6339,0.574694049,0.34 E,0.08615254,F,F,F,.,F,.,0.01 E,0.003235467,F,F,F,.,F,.,58.69704906,8.769461982,F,F,98.39 E,23.65820307,161.24 E,39.05537712,1.980212204,0.29229365,F,F,3.344321495,0.387475833,4.16275283,0.541313776
GAME MEATS,31,Both,19+ Years,13331,0.879171655,0.79 E,0.169629901,F,F,F,.,F,.,0.01 E,0.001895777,F,F,F,.,F,.,90.2599498,14.81051124,F,F,190.5253804,25.08536498,227.6471788,23.49828914,1.100885823,0.158951643,F,F,2.481592728,0.371566778,2.818003416,0.290595036
GAME MEATS,31,Male,9-13 Years,1023,F,F,F,F,F,F,.,F,.,F,F,F,F,F,.,F,.,F,F,F,.,F,.,F,.,F,F,F,.,F,.,F,.
GAME MEATS,31,Male,14-18 Years,900,F,F,F,F,F,F,.,F,.,F,F,F,F,F,.,F,.,F,F,F,.,F,.,F,.,F,F,F,.,F,.,F,.
GAME MEATS,31,Male,19-30 Years,857,F,F,F,F,F,F,.,F,.,F,F,F,F,F,.,F,.,F,F,F,.,F,.,F,.,F,F,F,.,F,.,F,.
GAME MEATS,31,Male,31-50 Years,2005,F,F,F,F,F,F,.,F,.,F,F,F,F,F,.,F,.,F,F,F,.,F,.,F,.,F,F,F,.,F,.,F,.
GAME MEATS,31,Male,51-70 Years,2151,F,0.91 E,0.256647532,F,F,F,.,F,.,0.01 E,0.003218337,F,F,F,.,F,.,F,F,F,.,F,.,F,.,F,F,F,.,F,.,F,.
GAME MEATS,31,Male,71+ Years,1180,F,F,F,F,F,F,.,F,.,F,F,F,F,F,.,F,.,F,F,F,.,F,.,F,.,F,F,F,.,F,.,F,.
GAME MEATS,31,Male,19+ Years,6193,0.80004018,0.92 E,0.275763111,F,F,F,.,F,.,0.01 E,0.00271915,F,F,F,.,F,.,114.6107847,16.73621195,113.6 E,34.91599417,170.0934696,13.54292893,201.9 E,41.06803226,1.269831365,0.151828496,1.46 E,0.371884855,2.088724277,0.194854927,2.45 E,0.435741019
GAME MEATS,31,Female,9-13 Years,939,F,F,F,F,F,F,.,F,.,F,F,F,F,F,.,F,.,F,F,F,.,F,.,F,.,F,F,F,.,F,.,F,.
GAME MEATS,31,Female,14-18 Years,990,F,F,F,F,F,F,.,F,.,F,F,F,F,F,.,F,.,F,F,F,.,F,.,F,.,F,F,F,.,F,.,F,.
GAME MEATS,31,Female,19-30 Years,992,F,F,F,F,F,F,.,F,.,F,F,F,F,F,.,F,.,F,F,F,.,F,.,F,.,F,F,F,.,F,.,F,.
GAME MEATS,31,Female,31-50 Years,2384,F,F,F,F,F,F,.,F,.,F,F,F,F,F,.,F,.,F,F,F,.,F,.,F,.,F,F,F,.,F,.,F,.
GAME MEATS,31,Female,51-70 Years,2314,F,F,F,F,F,F,.,F,.,F,F,F,F,F,.,F,.,F,F,F,.,F,.,F,.,F,F,F,.,F,.,F,.
GAME MEATS,31,Female,71+ Years,1448,F,F,F,F,F,F,.,F,.,F,F,F,F,F,.,F,.,F,F,F,.,F,.,F,.,F,F,F,.,F,.,F,.
GAME MEATS,31,Female,19+ Years,7138,0.9555683,0.67 E,0.211578305,F,F,F,.,F,.,0.01 E,0.00278798,F,F,F,.,F,.,70.58 E,19.42646828,F,F,212.76 E,51.55963885,224.31044,35.7531209,0.96 E,0.2418841,F,F,2.74 E,0.633401499,2.819202299,0.424122156
LUNCHEON MEATS (CANNED & COLD CUTS),32,Both,All ages,19670,20.77216325,11.02995616,0.506560602,F,F,42,4.117283405,68.7917004,3.620715908,0.17714818,0.0076747,F,F,0.63611464,0.040983127,1.117488025,0.042986975,53.09969901,1.82940212,36.98136556,3.165205685,110.242778,5.177269587,146.8069333,7.987254555,0.852068937,0.028341584,0.596798725,0.029382709,1.786530947,0.072882263,2.551614267,0.163517568
LUNCHEON MEATS (CANNED & COLD CUTS),32,Both,1-3 Years,1288,15.42528276,3.8 E,0.681647953,F,F,F,F,22.27 E,4.416006957,0.26 E,0.045787079,F,F,F,F,1.618209889,0.209862114,24.60322011,3.72250563,16.05008052,2.08589536,58.97 E,14.72912667,87.61 E,26.92022098,1.659830241,0.243163305,1.31 E,0.235298964,3.19 E,0.686403068,F,F
LUNCHEON MEATS (CANNED & COLD CUTS),32,Both,4-8 Years,1199,27.86264536,10.24072959,1.118121522,F,F,30 E,6.343420779,60,4.079275463,0.441401877,0.050743907,F,F,1.48 E,0.249208835,3.012692777,0.381577053,36.75433348,2.830201795,27.38350959,2.555124893,75.01949868,11.01919659,90 E,27.93922863,1.584206638,0.131103637,0.97245771,0.084908364,3.422356357,0.483864742,4.562945948,0.417320901
LUNCHEON MEATS (CANNED & COLD CUTS),32,Both,9-13 Years,1962,29.12725257,14.2188624,1.050373817,F,F,60,2.931353855,75.93043178,5.697782154,0.344989875,0.026412391,F,F,1.294621133,0.11077522,1.959054509,0.182490599,48.81635289,2.549492152,36.17261146,5.204191181,90,6.083760553,131.9877349,18.17451698,1.184422987,0.068313014,0.876917707,0.08011853,2.396399163,0.126527889,3.26 E,0.577786505
LUNCHEON MEATS (CANNED & COLD CUTS),32,Both,14-18 Years,1890,25.25425441,14.62580079,1.426777318,F,F,60,2.992189414,85.36226645,7.266373237,0.222293167,0.022212076,F,F,0.913441141,0.077528554,1.326092058,0.102672372,57.9142055,4.545430481,44.9685043,7.301468092,120,12.00743086,179.2804457,28.39753031,0.880220671,0.070590205,0.653976281,0.099641683,1.782579995,0.186624539,2.307759835,0.376740628
LUNCHEON MEATS (CANNED & COLD CUTS),32,Both,19-30 Years,1849,23.05443404,11.30930032,1.34782956,F,F,44.94 E,7.743522123,74.81671723,9.588646643,0.15132745,0.018647756,F,F,0.61 E,0.112245101,1.004912026,0.093749688,49.05477316,4.099100247,42.60188287,5.679903345,104.679955,11.70364922,127.7901145,12.01084987,0.656391956,0.057389957,0.49 E,0.085159645,1.400315157,0.171677143,1.826440721,0.198669519
LUNCHEON MEATS (CANNED & COLD CUTS),32,Both,31-50 Years,4389,19.57085761,11.21841326,1.201239543,F,F,37.65 E,7.670080645,73.49983469,7.247065907,0.144639751,0.016964745,F,F,0.532015167,0.078647017,0.932760384,0.107574527,57.32203197,4.812824342,43.18309633,6.377946304,114.3823468,7.592085976,149.93 E,42.11703932,0.739056784,0.070287647,0.551664445,0.058447142,1.437794105,0.105235932,1.87 E,0.507271265
LUNCHEON MEATS (CANNED & COLD CUTS),32,Both,51-70 Years,4465,18.12705607,10.75385556,0.885047195,F,F,36.75 E,7.054409081,72.60735826,8.84538313,0.134870186,0.011159589,F,F,0.473186085,0.058853801,0.941963507,0.087797669,59.32488716,3.556888134,46.73513643,6.192762976,120,11.51770619,159.6021406,23.5332476,0.744026973,0.046638565,0.540678394,0.052364648,1.485942476,0.152752634,2.09534316,0.207653987
LUNCHEON MEATS (CANNED & COLD CUTS),32,Both,71+ Years,2628,19.22817712,9.857754149,1.047521269,F,F,30,4.115074146,60,1.566766139,0.137500859,0.014771745,F,F,0.472739564,0.046600402,0.820274531,0.074256874,51.26723188,4.136852181,32.71816749,3.701731166,102.8105813,14.28048779,137.7792422,19.95888755,0.715100857,0.057367743,0.479906761,0.037888428,1.37 E,0.268745004,2.176060103,0.288609973
LUNCHEON MEATS (CANNED & COLD CUTS),32,Both,1-18 Years,6339,25.38224941,11.48771191,0.611378547,F,F,44.8,4.992707204,67.49966023,3.690558099,0.323243732,0.018579119,F,F,1.10135297,0.063415466,1.939373688,0.143230163,45.25884102,1.813234832,30,0.329588,90,3.026809581,136.9243108,10.85798104,1.266087746,0.055589994,0.885909954,0.03519965,2.941883067,0.183039046,3.902439459,0.417768236
LUNCHEON MEATS (CANNED & COLD CUTS),32,Both,19+ Years,13331,19.63988335,10.91752711,0.60735882,F,F,40.63123118,4.589629593,69.81270241,4.734211734,0.141692572,0.00828711,F,F,0.501775247,0.043043503,0.939909422,0.056598803,55.58855373,2.336846218,42.66707476,3.458259779,113.4,4.810200052,150,10.04874994,0.721453225,0.032912556,0.518768432,0.033675121,1.438905201,0.072537699,1.896006251,0.151685809
LUNCHEON MEATS (CANNED & COLD CUTS),32,Male,9-13 Years,1023,30.14697902,15.07549401,1.582399277,F,F,60,2.878808768,83.21226686,5.951428648,0.35520155,0.038190149,F,F,1.33260992,0.135559172,1.854398829,0.191729425,50.00664909,3.639369442,42.12450593,6.086063696,90,9.861872011,127.52 E,29.00458172,1.178232652,0.090425059,0.951023931,0.085390607,2.307493553,0.303868876,3.42 E,0.639318465
LUNCHEON MEATS (CANNED & COLD CUTS),32,Male,14-18 Years,900,29.51087054,19.86713338,2.478625698,F,F,69.99989472,7.872827107,114.2464003,16.19735707,0.289201018,0.037839988,F,F,1.060587794,0.122030862,1.578017335,0.173455269,67.32140739,7.330564616,54.55375462,7.706808837,140.0543831,18.95148257,196.27 E,42.77888564,0.979981316,0.112487109,0.711804819,0.110958269,2.122354512,0.226493288,2.88 E,0.611381609
LUNCHEON MEATS (CANNED & COLD CUTS),32,Male,19-30 Years,857,31.64771464,15.75134726,2.202152435,F,F,60,8.427970946,85.67183656,12.32709162,0.198082098,0.028269352,F,F,0.796171512,0.113863106,1.053365035,0.115590452,49.77088374,5.243803043,42.66 E,7.2394866,111.5562859,12.10345848,129.3153576,14.00681919,0.625897006,0.066747869,0.49 E,0.124051882,1.395630464,0.193280811,1.793562561,0.209452701
LUNCHEON MEATS (CANNED & COLD CUTS),32,Male,31-50 Years,2005,24.75777173,16.22006242,2.221430215,F,F,60,4.601656994,98.21505164,8.558451095,0.193525887,0.030458796,F,F,0.746200297,0.072799784,1.056044371,0.116281794,65.51503339,7.478704452,55.03 E,9.415739498,119.8 E,22.21857972,F,F,0.781677322,0.106997892,0.597280297,0.078642039,1.4 E,0.280356511,F,F
LUNCHEON MEATS (CANNED & COLD CUTS),32,Male,51-70 Years,2151,23.51927537,15.43637001,1.57073512,F,F,60,4.407105233,98.4952946,9.037170636,0.181900758,0.018616505,F,F,0.740222086,0.105062909,1.169272815,0.125068933,65.63284696,4.763647348,56,5.907137676,120,18.02536363,163.24 E,28.19816466,0.773411405,0.057794754,0.592749645,0.075021544,1.634844616,0.183276769,1.998576062,0.251816876
LUNCHEON MEATS (CANNED & COLD CUTS),32,Male,71+ Years,1180,23.21849251,12.28278345,1.874932334,F,F,45 E,7.877810813,60,6.013055007,0.15334398,0.022257387,F,F,0.59 E,0.098609499,0.867290729,0.087907532,52.90086529,6.630772308,35.56 E,6.675389364,89.67 E,18.72031119,151.91 E,37.9594214,0.660439002,0.076351094,0.461005904,0.066787904,1.23 E,0.268088394,1.880190458,0.276089841
LUNCHEON MEATS (CANNED & COLD CUTS),32,Male,19+ Years,6193,25.41941866,15.45114773,1.086471298,F,F,60,1.553454841,90,5.031313301,0.186156279,0.014355455,F,F,0.73805252,0.051692832,1.058436375,0.061869109,60.78481941,3.523880702,48,4.336894074,120,5.909168184,159.1601813,18.34692579,0.732338851,0.048183877,0.581614248,0.0546479,1.441557366,0.123695539,1.892754122,0.193245504
LUNCHEON MEATS (CANNED & COLD CUTS),32,Female,9-13 Years,939,28.05403969,13.31729897,1.375135025,F,F,55.90390403,7.577101167,71.85885045,6.459492947,0.33424258,0.03711909,F,F,1.219131865,0.183324818,2.204097784,0.298100582,47.47016514,3.678793349,30 E,5.911402768,88.92954698,9.933952501,125.98 E,21.01710095,1.191424063,0.107349288,0.781356001,0.111188131,2.414936167,0.146293635,2.96 E,0.684851598
LUNCHEON MEATS (CANNED & COLD CUTS),32,Female,14-18 Years,990,20.75357066,9.083938522,1.120558551,F,F,38.21 E,11.25085774,60.08434664,3.460830656,0.151548927,0.018762067,F,F,0.58 E,0.183576778,1.040879812,0.070775308,43.77048494,3.423018675,F,F,79.01112995,7.581081089,96.49 E,17.20226174,0.730230619,0.059390543,0.55 E,0.149020457,1.357496155,0.077170143,1.53 E,0.264953606
LUNCHEON MEATS (CANNED & COLD CUTS),32,Female,19-30 Years,992,13.53904308,6.39 E,1.304825995,F,F,F,F,48.33 E,10.79236205,0.1 E,0.022522786,F,F,F,F,F,F,47.2012325,5.184698507,39.8 E,7.077984733,89.8 E,15.54778934,120 E,23.96260665,0.735323382,0.10369449,0.465116279,0.071852643,1.59 E,0.345193556,2.15 E,0.57967036
LUNCHEON MEATS (CANNED & COLD CUTS),32,Female,31-50 Years,2384,14.60717363,6.432020961,0.807425286,F,F,F,F,53.07 E,9.175590065,0.097857536,0.013364195,F,F,F,F,0.75 E,0.144878001,44.03330256,3.542625763,30,4.443155207,89.87818103,6.956036165,104.998313,12.32931818,0.66992793,0.060014051,0.476840817,0.060133789,1.428344961,0.102587958,1.629192295,0.164358046
LUNCHEON MEATS (CANNED & COLD CUTS),32,Female,51-70 Years,2314,12.85766524,6.178003326,0.769050901,F,F,F,F,45 E,9.262242178,0.088910916,0.011564292,F,F,F,F,0.66 E,0.111433676,48.04918476,4.131387588,29.99256915,3.997275973,99.61260772,8.952868188,147.2 E,33.25643522,0.691501255,0.064980547,0.478675372,0.063804677,1.413645217,0.130921708,2.13 E,0.423077456
LUNCHEON MEATS (CANNED & COLD CUTS),32,Female,71+ Years,1448,16.06714279,7.936702781,1.164129882,F,F,30,2.165993165,58.42 E,10.03177038,0.124950311,0.020047992,F,F,0.435171288,0.049488128,0.75 E,0.128295733,49.39710118,4.621839333,31.25859039,3.212605185,109.83 E,20.60917156,128.58 E,24.48789904,0.777675982,0.087086815,0.488091105,0.047577644,1.54 E,0.430445389,2.46 E,0.440419624
LUNCHEON MEATS (CANNED & COLD CUTS),32,Female,19+ Years,7138,14.0600922,6.540591104,0.467225834,F,F,18.19 E,5.399747579,51.57724966,6.040109348,0.098765557,0.007501447,F,F,0.27 E,0.066147822,0.699295975,0.068974107,46.51883508,2.102407552,30,3.090563316,90,6.286435539,119.6737722,12.24611638,0.702453125,0.035863142,0.480511435,0.027202712,1.438273635,0.080620071,1.954126573,0.238978291
FISH ,34,Both,All ages,19670,13.73393132,13.77417748,0.645808671,F,F,46.58239181,5.970375926,105.6948695,7.291088857,0.218516716,0.01067676,F,F,0.712649516,0.069278272,1.593442086,0.064099559,100.2930418,2.903625462,80.02309845,3.450776491,192.5004495,7.198790159,247.9844859,8.675131478,1.588485537,0.053189009,1.242042675,0.03985459,3.124923327,0.166063587,4.083582084,0.22054263
FISH ,34,Both,1-3 Years,1288,13.63810709,7.52 E,1.353350977,F,F,F,F,67.31 E,15.72357369,0.506274887,0.084259856,F,F,F,F,3.986704246,0.647098701,55.14243297,6.015063854,F,F,118.51 E,23.39200881,143.4049472,14.68917595,3.524864374,0.347071955,2.82 E,0.615779307,6.354954259,1.02868578,8.430389652,0.956235327
FISH ,34,Both,4-8 Years,1199,11.06238429,7.86 E,1.640045209,F,F,F,F,42.1 E,11.74903347,0.35 E,0.077256415,F,F,F,F,1.61 E,0.530776476,71.03956717,11.24419994,40.21 E,8.483037696,173.45 E,47.68642558,282.2 E,74.594443,3.13 E,0.52579979,1.51 E,0.380754035,6.75 E,2.021200554,F,F
FISH ,34,Both,9-13 Years,1962,9.040472672,6.451146738,0.840205217,F,F,F,.,51.69122631,8.213441245,0.158439559,0.020565519,F,F,F,.,1.333578056,0.20870131,71.35851158,6.759487555,57.93604824,4.97056411,151.1918764,16.18769726,190.98 E,50.20196181,1.752558351,0.164032576,1.401386757,0.153449403,3.436976642,0.281674943,4.25 E,1.207739754
FISH ,34,Both,14-18 Years,1890,8.883331359,10.44 E,1.826136984,F,F,F,.,70.97 E,13.36911408,0.16 E,0.027763125,F,F,F,.,1.2 E,0.242459372,117.4729521,14.57920118,79.61421595,12.27244856,189.54 E,50.70568736,385.84 E,115.2401471,1.822632641,0.202719925,1.410239348,0.176191665,3.37 E,0.892849492,6.609108081,2.201505915
FISH ,34,Both,19-30 Years,1849,9.711677353,11.78 E,2.269873555,F,F,F,.,86.86 E,17.61422806,0.18 E,0.03742092,F,F,F,.,1.28 E,0.237757356,121.2783237,16.09342847,88.26896665,11.31815209,247.73 E,64.52654443,334.35 E,107.9942354,1.810591023,0.283903952,1.290197383,0.157138886,3.71 E,0.9122084,F,F
FISH ,34,Both,31-50 Years,4389,13.39751838,14.28748255,1.216090185,F,F,50.22 E,9.514815126,119.9722247,11.40987418,0.196795863,0.018119584,F,F,0.72 E,0.141883571,1.485526466,0.129184556,106.6427538,5.417245859,89.92436053,8.889242964,207.7949786,12.29215989,250.9543353,8.689300233,1.468897876,0.08914721,1.185583428,0.080775786,3.032657143,0.322223394,3.925357527,0.37950115
FISH ,34,Both,51-70 Years,4465,18.1940693,18.31560237,1.426084596,F,F,76.49993603,7.899786502,129.8731884,10.54862847,0.24035873,0.018207735,F,F,1.070074192,0.12460304,1.769884489,0.094292478,100.6679818,4.544112527,84.54188199,5.416293066,185.9329802,9.875801651,236.9894454,17.37690881,1.321082856,0.056373176,1.195285345,0.072493143,2.468195576,0.16219629,3.026867924,0.195952878
FISH ,34,Both,71+ Years,2628,15.18628392,13.96001813,1.156070707,F,F,56.58092897,7.504672496,103.3189571,9.955497485,0.1897748,0.015600704,F,F,0.758157536,0.104241973,1.405383068,0.112834643,91.92517538,4.918403387,75.26083975,4.509625966,174.6887188,16.51373526,223.342271,18.14646884,1.249646066,0.063670384,1.057916882,0.064917069,2.418235987,0.171762523,2.79389909,0.308070932
FISH ,34,Both,1-18 Years,6339,10.32631539,8.165912837,0.754215261,F,F,F,F,61.85914135,7.764961998,0.266954543,0.026736756,F,F,F,F,1.729602618,0.132809849,79.07866967,5.653067798,57.02345568,5.874841141,161.1706945,15.95877489,199.82 E,50.50590281,2.566921126,0.193569007,1.700057634,0.087979691,5.523595423,0.824998038,7.842808613,0.882624294
FISH ,34,Both,19+ Years,13331,14.57087338,15.15161927,0.774172167,F,F,58.35840382,4.613918105,119.9164229,5.709855284,0.206761447,0.011232021,F,F,0.758770177,0.07303216,1.561310078,0.068418363,103.9856629,3.186307459,84.99974608,3.590447266,201.8593686,7.782645769,250.6025301,8.642899435,1.41900517,0.050823393,1.187579534,0.043328641,2.704490474,0.13482981,3.484291069,0.220472466
FISH ,34,Male,9-13 Years,1023,9.0567745,6.53889815,1.060392285,F,F,F,.,60 E,10.06788098,0.160522421,0.025447877,F,F,F,.,1.400578166,0.220842854,72.19897272,7.108226949,63.25543118,6.427641283,145.1737505,21.55625032,156.0808998,19.35910731,1.772401651,0.168476727,1.475904474,0.181328027,3.449512761,0.250287725,3.58457574,0.147745927
FISH ,34,Male,14-18 Years,900,7.775973281,10.86 E,2.677821278,F,F,F,.,F,F,0.15 E,0.034954425,F,F,F,.,F,F,139.68 E,28.32369621,109.3779243,17.19150898,F,F,F,F,1.93 E,0.352876147,1.681454926,0.186371434,F,F,F,F
FISH ,34,Male,19-30 Years,857,8.449268736,11.46 E,2.415748072,F,F,F,.,F,F,0.15 E,0.033109484,F,F,F,.,F,F,135.6166721,14.37986412,137.12 E,25.79237587,262.76 E,49.79478113,275.84 E,81.59022357,1.812148634,0.201591084,1.74 E,0.353541424,3.589260959,0.55867899,4.122471637,0.587946695
FISH ,34,Male,31-50 Years,2005,12.67690988,15.9593505,1.89170634,F,F,54.44 E,16.92865446,140.7050485,14.2504958,0.189568891,0.022412002,F,F,0.72 E,0.226791285,1.48411621,0.12226879,125.8930658,7.545224208,119.9511321,12.71045362,233.5490197,12.996332,253.5415697,23.14232149,1.495387222,0.09172177,1.348591768,0.111703729,2.704215865,0.277556323,3.286110429,0.271301675
FISH ,34,Male,51-70 Years,2151,19.34154019,21.83204071,2.434466668,F,F,94.84 E,16.19317077,153.0588361,11.67609949,0.267175779,0.029705563,F,F,1.193839127,0.190454623,1.812848086,0.10625509,112.8764333,7.139642038,95.58450019,10.65928885,190.773271,18.50699585,240.553472,23.37991184,1.381357309,0.088216424,1.207048498,0.128397992,2.580683201,0.250493682,3.322905428,0.275894685
FISH ,34,Male,71+ Years,1180,15.57052279,14.82591183,1.738535306,F,F,63.14726864,7.78811007,103.4269297,10.57582223,0.188174155,0.02200397,F,F,0.758980157,0.119414951,1.291079654,0.118836834,95.21781657,6.53798131,75.60862472,5.911517404,189.2308521,17.47517108,213.65 E,37.94679262,1.208528175,0.083786404,0.959504677,0.076263972,2.280107093,0.247222684,2.78 E,0.62125986
FISH ,34,Male,19+ Years,6193,14.43557153,16.97181395,1.144961745,F,F,63.93551742,6.679776702,140.9202899,8.74822177,0.208551758,0.014192913,F,F,0.793387312,0.103368737,1.614427966,0.093331627,117.5693938,4.131881426,101.9908317,7.694889673,214.4223815,13.04491628,261.5283527,11.19116581,1.444707316,0.053389033,1.264632345,0.076559567,2.643514285,0.148741305,3.396532852,0.15435938
FISH ,34,Female,9-13 Years,939,9.023315784,6.36 E,1.31690781,F,F,F,.,44.4 E,11.76121796,0.16 E,0.033467453,F,F,F,.,F,F,70.47 E,12.15575054,51.07 E,8.526763352,F,F,291.71 E,75.6599864,1.73 E,0.302679807,1.26 E,0.265200989,F,F,6.67 E,1.569167334
FISH ,34,Female,14-18 Years,990,10.05418359,9.99 E,2.366953905,F,F,F,F,63.05 E,10.99644201,0.17 E,0.042041239,F,F,F,F,1.13 E,0.234114917,99.31459502,14.61626742,63.00930897,6.819832027,189.71 E,32.61641225,246.66 E,69.90434636,1.732240138,0.263626039,1.12732061,0.160621737,F,F,F,F
FISH ,34,Female,19-30 Years,992,11.10954996,12.13199073,4.040446006,F,F,F,F,85.03 E,18.95360471,F,F,F,F,F,F,1.28 E,0.279218161,109.2 E,28.8979583,74.12 E,14.22728775,F,F,F,F,1.81 E,0.522731936,1.25 E,0.240971732,F,F,F,F
FISH ,34,Female,31-50 Years,2384,14.08711392,12.68756707,1.578283447,F,F,45.43 E,12.91626139,99.31620446,11.57867715,0.203711807,0.028432231,F,F,0.63 E,0.196568926,1.5 E,0.27997849,90.06505622,7.229968191,70.84214491,8.625986325,191.5295702,21.60328051,217.9197306,20.67083455,1.446086174,0.142458358,1.092154356,0.089765765,3.245973577,0.536995608,4.211195576,0.498210465
FISH ,34,Female,51-70 Years,2314,17.07273645,14.8792644,1.504617671,F,F,67.64511494,9.588676512,112.0834764,9.713564146,0.214152542,0.021074857,F,F,0.94 E,0.174465956,1.498741457,0.138658682,87.15219403,5.033665378,80.70851224,5.909374949,155.3869121,10.49594786,200.5341947,23.77136252,1.25435394,0.068016105,1.194498817,0.102003266,2.396599012,0.196321697,2.832983342,0.159464819
FISH ,34,Female,71+ Years,1448,14.88189889,13.27407743,1.431058787,F,F,45.59 E,12.34241111,101.994122,14.11546309,0.191042793,0.020723021,F,F,0.72 E,0.177733329,1.535504561,0.184912,89.19612697,6.532807921,75.166588,7.61828251,166.1678775,23.62504289,223.8926295,21.95618102,1.283725915,0.089812677,1.122378233,0.106576553,2.497843476,0.230201767,2.79489517,0.328961141
FISH ,34,Female,19+ Years,7138,14.70149912,13.3943316,1.034143204,F,F,50.25917816,8.238856807,99.35221747,5.793157262,0.205033009,0.017285036,F,F,0.723116116,0.114701435,1.494544488,0.096991304,91.1086107,4.896478375,75.13248186,4.215973927,169.8539353,17.39749894,224.4820049,18.11673448,1.394640149,0.086478991,1.132290982,0.05308409,2.818545318,0.221106736,3.693605404,0.365131591
FISH- LESS THAN 6% TOTAL FAT ,34A,Both,All ages,19670,10.36823293,8.435385097,0.482900536,F,F,F,F,67.4732133,4.512907377,0.133646327,0.007917788,F,F,F,F,1.046680364,0.081589294,81.35798215,2.919789586,64.12252596,2.989902003,168.4083142,11.25495123,220.3090858,13.11400503,1.286849839,0.052752533,1.019414692,0.055173836,2.595923957,0.119941767,3.484021311,0.157244678
FISH- LESS THAN 6% TOTAL FAT ,34A,Both,1-3 Years,1288,11.25641402,5.78 E,1.287563937,F,F,F,F,F,F,0.38 E,0.078682324,F,F,F,F,3.51 E,1.042758794,51.34329865,7.118215156,F,F,84.82 E,27.68508142,136.57 E,27.36126494,3.192699052,0.393788984,2.79 E,0.802691047,5.733824936,0.931170362,7.551491078,1.229867726
FISH- LESS THAN 6% TOTAL FAT ,34A,Both,4-8 Years,1199,8.164595178,4.86 E,1.32160939,F,F,F,.,F,F,0.23 E,0.069925533,F,F,F,.,F,F,59.56 E,12.35965172,31.23 E,6.565285162,F,F,276.8055809,92.24748133,2.82 E,0.654041245,1.16 E,0.340869789,F,F,F,F
FISH- LESS THAN 6% TOTAL FAT ,34A,Both,9-13 Years,1962,6.396628435,3.924754247,0.643403508,F,F,F,.,F,F,0.09 E,0.015887858,F,F,F,.,F,F,61.3566082,7.63584381,51.50812186,5.487609413,126.46 E,27.65445503,190.25 E,44.70086663,1.481931684,0.185792719,1.222226142,0.149377416,3.05 E,0.574499458,4 E,1.112527072
FISH- LESS THAN 6% TOTAL FAT ,34A,Both,14-18 Years,1890,5.622486871,4.28 E,0.73250265,F,F,F,.,F,F,0.07 E,0.011063425,F,F,F,.,F,F,76.1781818,10.48745197,57.26 E,14.44821049,158.0430232,18.87378065,189.12 E,35.84090037,1.169449188,0.156525963,0.82 E,0.270206279,2.07215067,0.290265884,2.82 E,0.526126731
FISH- LESS THAN 6% TOTAL FAT ,34A,Both,19-30 Years,1849,7.375204433,7 E,1.368304814,F,F,F,.,F,F,0.1 E,0.022319434,F,F,F,.,F,F,94.94678413,11.46803722,76.33 E,13.69623209,220.96 E,43.53167544,273.6397926,35.3376016,1.411396468,0.202680339,1.07 E,0.195221008,3.35 E,0.570398619,3.848347983,0.507634656
FISH- LESS THAN 6% TOTAL FAT ,34A,Both,31-50 Years,4389,9.687884014,8.462296228,0.853240663,F,F,F,.,67.4732133,6.967405272,0.111275712,0.010993062,F,F,F,.,0.954406277,0.135045092,87.34927272,5.43577916,67.73062552,4.817780505,187.5530697,16.83533512,230.9712704,16.03119073,1.148606979,0.068313945,0.992779599,0.100376905,2.196704833,0.250947575,3.075448577,0.250468692
FISH- LESS THAN 6% TOTAL FAT ,34A,Both,51-70 Years,4465,14.76182135,11.95457443,1.155605539,F,F,33.73 E,10.61245645,96.72066608,12.03343115,0.155982359,0.014510493,F,F,0.49 E,0.129806655,1.332211534,0.132723579,80.98305858,5.073422973,61.34706354,6.685209495,165.298645,13.09879564,204.3785356,18.82571087,1.056660658,0.061443869,0.862029466,0.102196588,2.105262911,0.169768937,2.594426545,0.148852606
FISH- LESS THAN 6% TOTAL FAT ,34A,Both,71+ Years,2628,10.60210188,8.561860448,0.964150724,F,F,F,F,68.64749138,8.494701317,0.113322337,0.012784251,F,F,F,F,0.973805151,0.122723428,80.75625517,6.010107966,63.07195451,6.052103961,169.631944,18.81647373,212.3745043,17.48343347,1.068866707,0.076357639,0.904562611,0.096764886,2.229843394,0.229310209,2.750129198,0.372912135
FISH- LESS THAN 6% TOTAL FAT ,34A,Both,1-18 Years,6339,7.478037737,4.598653089,0.485652424,F,F,F,.,29.86 E,6.563936313,0.169193399,0.023049968,F,F,F,.,0.91 E,0.220047135,61.49545176,5.096824716,42.09766954,5.406367357,128.3281375,14.70985368,176.05 E,43.70674674,2.246364704,0.237647082,1.453706814,0.160659913,4.525224246,0.690308648,6.31 E,1.700338473
FISH- LESS THAN 6% TOTAL FAT ,34A,Both,19+ Years,13331,11.07809166,9.377722048,0.581459803,F,F,F,F,75.41661029,5.677043599,0.125019487,0.007850204,F,F,F,F,1.074758573,0.088834381,84.65106024,3.182357146,67.55530709,3.326613408,176.077825,10.88293796,226.7500566,13.04708477,1.128529085,0.043150757,0.951374513,0.05937236,2.333801763,0.130856636,2.978715231,0.194675677
FISH- LESS THAN 6% TOTAL FAT ,34A,Male,9-13 Years,1023,5.857882673,3.59 E,0.776006688,F,F,F,.,F,F,0.09 E,0.017623077,F,F,F,.,F,F,61.26787512,7.706320096,52.34318646,7.35868939,100.71 E,30.19638529,154.63 E,38.74901066,1.451420146,0.167942717,1.290537335,0.156912566,3.08 E,0.635346978,3.409322185,0.469858846
FISH- LESS THAN 6% TOTAL FAT ,34A,Male,14-18 Years,900,4.43241151,4.59 E,1.063694303,F,F,F,.,F,.,0.06 E,0.014923883,F,F,F,.,F,.,103.6403651,10.20639199,101.208394,14.3383859,162.4968618,23.27740844,188.5 E,50.88587281,1.448254115,0.136522505,1.56 E,0.282948562,2.047511389,0.207280349,2.53 E,0.422277687
FISH- LESS THAN 6% TOTAL FAT ,34A,Male,19-30 Years,857,5.833738215,6.65 E,1.772337886,F,F,F,.,F,F,0.09 E,0.025009576,F,F,F,.,F,F,113.9790956,13.41589347,F,F,223.5703536,34.9860861,263.735783,35.98405903,1.517344085,0.202595378,F,F,2.935081337,0.38375718,3.464682892,0.396836248
FISH- LESS THAN 6% TOTAL FAT ,34A,Male,31-50 Years,2005,9.747572801,10.42230764,1.500424444,F,F,F,.,91.93 E,23.25149765,0.121395396,0.016958182,F,F,F,.,1.11 E,0.206024386,106.9220805,8.24904823,96.93 E,19.41293049,202.4492374,18.65200402,236.055029,12.87520087,1.245391021,0.089393919,1.207058732,0.189258301,2.321303722,0.278481536,2.840792982,0.240018965
FISH- LESS THAN 6% TOTAL FAT ,34A,Male,51-70 Years,2151,15.48893305,13.80863483,1.852590625,F,F,47.08 E,14.78443494,126.28 E,21.92017211,0.165460897,0.021801314,F,F,F,F,1.420715313,0.230565697,89.15162061,7.997766389,60.38 E,10.52278724,188.9495241,14.67426478,230.9702845,28.72427016,1.068252388,0.093064861,0.858669957,0.119635595,2.056129686,0.222662733,2.594092423,0.291486158
FISH- LESS THAN 6% TOTAL FAT ,34A,Male,71+ Years,1180,10.6833613,9.322428379,1.436309433,F,F,F,F,75.84185898,12.11649636,0.117681076,0.018495409,F,F,F,F,0.980821289,0.143600106,87.26119167,8.373906725,70.44670099,8.075401213,182.4661102,18.91269096,195.35 E,51.38317317,1.101536048,0.109400412,0.903096447,0.1086769,2.339337823,0.300032576,2.69 E,0.669495349
FISH- LESS THAN 6% TOTAL FAT ,34A,Male,19+ Years,6193,11.04555781,10.74629745,0.909204812,F,F,F,F,92.96359139,15.08109274,0.129670428,0.01089959,F,F,F,F,1.096393623,0.126931147,97.29067231,4.795945323,74.90574045,9.124675395,189.2890282,10.08372115,234.7928014,12.19482459,1.173959982,0.056802099,0.979680754,0.081988602,2.417557016,0.138304708,2.838402844,0.230385291
FISH- LESS THAN 6% TOTAL FAT ,34A,Female,9-13 Years,939,6.963632354,4.28 E,1.069614749,F,F,F,.,F,F,0.11 E,0.027708829,F,F,F,.,F,F,61.44 E,13.46881174,50.37 E,12.45721487,F,F,F,F,1.51 E,0.339757333,1.04 E,0.320702552,F,F,5.89 E,1.755708463
FISH- LESS THAN 6% TOTAL FAT ,34A,Female,14-18 Years,990,6.880799263,3.95 E,0.911242962,F,F,F,.,F,F,0.07 E,0.015121164,F,F,F,.,F,F,57.47 E,13.16268284,F,F,129.8 E,32.83457949,187.9 E,44.39000509,0.98 E,0.219234367,F,F,2.07 E,0.489431097,2.84 E,0.656864092
FISH- LESS THAN 6% TOTAL FAT ,34A,Female,19-30 Years,992,9.082079185,7.39 E,2.164582706,F,F,F,.,F,F,0.12 E,0.038851702,F,F,F,.,F,F,81.41 E,17.3678847,F,F,206.53 E,64.84255813,258.97 E,63.70850146,1.34 E,0.324985086,1.03 E,0.278004157,3.35 E,0.91014387,4.08 E,0.875344263
FISH- LESS THAN 6% TOTAL FAT ,34A,Female,31-50 Years,2384,9.630764064,6.586638178,0.919084013,F,F,F,.,59.13 E,11.28176636,0.10159155,0.015031648,F,F,F,.,0.83 E,0.20189615,68.39164716,6.375964304,63.08121269,6.499076892,142.5623269,17.81534455,189.2016116,25.68328166,1.054864904,0.103831198,0.914250486,0.134529991,2.03 E,0.359813009,3.180836966,0.41967869
FISH- LESS THAN 6% TOTAL FAT ,34A,Female,51-70 Years,2314,14.05127241,10.14274737,1.38489533,F,F,F,F,83.52161042,10.51198826,0.14671973,0.019404974,F,F,F,F,1.249253756,0.167690107,72.18383556,6.286384386,62.80546679,10.38908126,145.1970043,15.4790537,172.3712803,26.50519057,1.044173979,0.086113603,0.86 E,0.17491278,2.11080843,0.225326888,2.617257364,0.202485373
FISH- LESS THAN 6% TOTAL FAT ,34A,Female,71+ Years,1448,10.53773008,7.959356361,1.20735897,F,F,F,F,62.71 E,12.71595423,0.109869447,0.016443983,F,F,F,F,0.97 E,0.19869198,75.53198178,7.482492107,59.19344497,9.253809641,150.85 E,26.30109885,202.6276538,24.45401897,1.042629162,0.094641423,0.91 E,0.153919155,2.078900323,0.292531296,2.751020352,0.418517162
FISH- LESS THAN 6% TOTAL FAT ,34A,Female,19+ Years,7138,11.10950113,8.056445421,0.730486204,F,F,F,F,67.743784,6.679286868,0.120529284,0.011192563,F,F,F,F,1.031243124,0.120576383,72.51851659,4.237227599,62.9961913,5.465472376,148.1804418,11.33464044,201.6422653,24.19200138,1.084920759,0.065923347,0.925785289,0.093895531,2.249312616,0.227111612,3.018121909,0.29873618
FISH- SUPERIOR OR EQUAL TO 6% TOTAL FAT,34B,Both,All ages,19670,7.689864441,5.338792383,0.369907855,F,F,F,.,14.06 E,4.325770954,0.084870389,0.005990444,F,F,F,.,F,F,69.42635236,3.55857903,38.05099407,5.860059822,169.9998873,7.167228355,215.8284091,13.87877151,1.10163456,0.059703404,0.62311577,0.093217949,2.608385196,0.10196121,3.50870376,0.217815845
FISH- SUPERIOR OR EQUAL TO 6% TOTAL FAT,34B,Both,1-3 Years,1288,7.917942989,1.74 E,0.409556629,F,F,F,.,F,F,0.13 E,0.028869165,F,F,F,.,F,F,21.99 E,6.778575297,F,F,F,F,120.8 E,23.98574909,1.51 E,0.465966946,F,F,F,F,8.13 E,1.630890124
FISH- SUPERIOR OR EQUAL TO 6% TOTAL FAT,34B,Both,4-8 Years,1199,5.321617175,F,F,F,F,F,.,F,F,F,F,F,F,F,.,F,F,56.3 E,17.05758992,F,F,158.16 E,52.35346355,182.04 E,50.56409706,2.18 E,0.651635272,F,F,6.19 E,2.021784342,6.88 E,2.015013757
FISH- SUPERIOR OR EQUAL TO 6% TOTAL FAT,34B,Both,9-13 Years,1962,5.09217471,2.53 E,0.524298618,F,F,F,.,F,F,0.06 E,0.012952947,F,F,F,.,F,F,49.61323275,7.493372643,F,F,133.5200416,19.11205942,149.049483,20.54965132,1.249876504,0.18737244,F,F,3.40143609,0.396011688,3.59 E,0.602977272
FISH- SUPERIOR OR EQUAL TO 6% TOTAL FAT,34B,Both,14-18 Years,1890,6.585364728,6.15 E,1.586342823,F,F,F,.,F,F,0.1 E,0.023648883,F,F,F,.,F,F,93.43 E,20.8792959,F,F,189.53 E,55.46135137,F,F,1.46 E,0.297707202,0.68 E,0.211920038,F,F,F,F
FISH- SUPERIOR OR EQUAL TO 6% TOTAL FAT,34B,Both,19-30 Years,1849,6.037238001,4.78 E,1.255847381,F,F,F,.,F,F,0.07 E,0.020131797,F,F,F,.,F,F,79.1 E,14.91883129,F,F,240.44 E,57.20623814,296.72 E,52.7979873,1.19 E,0.250122974,F,F,3.36 E,0.827571979,4.94 E,1.123405331
FISH- SUPERIOR OR EQUAL TO 6% TOTAL FAT,34B,Both,31-50 Years,4389,7.592238544,5.825186318,0.823577218,F,F,F,.,F,F,0.085520151,0.012826719,F,F,F,.,F,F,76.72554391,7.000126502,46.74 E,13.52891173,177.3018881,19.47137845,225.2207629,20.88950325,1.126415489,0.11229729,0.66 E,0.17707786,2.60084728,0.190716837,3.515936726,0.380060915
FISH- SUPERIOR OR EQUAL TO 6% TOTAL FAT,34B,Both,51-70 Years,4465,9.620604316,6.36102794,0.768638474,F,F,F,.,F,F,0.084376372,0.010199272,F,F,F,.,F,F,66.11879806,5.92609784,37.95 E,11.70402208,169.2470232,11.19778902,188.0814919,16.78464566,0.877038165,0.079336653,F,F,2.087357762,0.13681146,2.764481455,0.252468779
FISH- SUPERIOR OR EQUAL TO 6% TOTAL FAT,34B,Both,71+ Years,2628,8.368439897,5.398157678,0.723052018,F,F,F,.,F,F,0.076452462,0.010740249,F,F,F,.,F,F,64.50614146,5.512416235,56.28 E,11.63907489,142.2802627,13.03110297,187.4163518,22.60755492,0.913580826,0.084727293,0.72 E,0.138120222,2.101115278,0.190325286,2.531221514,0.177890424
FISH- SUPERIOR OR EQUAL TO 6% TOTAL FAT,34B,Both,1-18 Years,6339,6.054943087,3.567259748,0.576062222,F,F,F,.,F,F,0.097761144,0.015112973,F,F,F,.,F,F,58.91483531,8.212935182,26.65 E,6.012149718,153.7661425,20.75378867,196.9533362,29.05801018,1.600579753,0.21299372,0.68 E,0.164923814,F,F,7.24 E,1.340967244
FISH- SUPERIOR OR EQUAL TO 6% TOTAL FAT,34B,Both,19+ Years,13331,8.091416283,5.773897221,0.449246424,F,F,F,.,F,F,0.08174196,0.006705646,F,F,F,.,F,F,71.35830143,3.951093921,44.48 E,8.01104836,170.154086,7.024247494,221.6475136,15.17058585,1.01023056,0.061592087,0.61 E,0.10948116,2.551949058,0.10608855,3.07735189,0.245036084
FISH- SUPERIOR OR EQUAL TO 6% TOTAL FAT,34B,Male,9-13 Years,1023,5.664984133,2.95 E,0.819166214,F,F,F,.,F,F,0.08 E,0.020585961,F,F,F,.,F,F,52.07 E,10.59905595,F,F,129.3719828,21.3784679,142.5042963,18.13506081,1.33 E,0.27358269,F,F,3.495256035,0.576867584,3.575137904,0.322951734
FISH- SUPERIOR OR EQUAL TO 6% TOTAL FAT,34B,Male,14-18 Years,900,6.1573131,F,F,F,F,F,.,F,F,F,F,F,F,F,.,F,F,F,F,F,F,F,F,F,F,F,F,F,F,F,F,F,F
FISH- SUPERIOR OR EQUAL TO 6% TOTAL FAT,34B,Male,19-30 Years,857,4.806027099,4.81 E,1.410818237,F,F,F,.,F,.,0.06 E,0.018938091,F,F,F,.,F,.,100.0696608,16.20778426,F,F,240.27 E,55.01628547,253.3167827,37.86835415,1.34 E,0.226025183,F,F,3.06 E,0.591989186,3.42850727,0.517580137
FISH- SUPERIOR OR EQUAL TO 6% TOTAL FAT,34B,Male,31-50 Years,2005,6.280745506,5.54 E,1.162166611,F,F,F,.,F,F,0.07 E,0.014597674,F,F,F,.,F,F,88.15900681,12.67541284,F,F,220.3701556,24.22993852,250.86 E,45.58483391,1.08543634,0.164426103,F,F,2.55 E,0.449570864,3.52 E,0.664848919
FISH- SUPERIOR OR EQUAL TO 6% TOTAL FAT,34B,Male,51-70 Years,2151,10.93529637,8.02 E,1.339462841,F,F,F,F,F,F,0.1 E,0.017365609,F,F,F,F,F,F,73.37163636,8.712868254,F,F,171.1510963,7.876347733,190.6448588,17.57408168,0.930152038,0.115916602,F,F,2.188841137,0.180032206,2.546106712,0.259892441
FISH- SUPERIOR OR EQUAL TO 6% TOTAL FAT,34B,Male,71+ Years,1180,8.607241676,5.5 E,1.045880044,F,F,F,.,F,F,0.07 E,0.013165217,F,F,F,.,F,F,63.94015246,7.723405375,56.34 E,12.87394422,141.3302225,22.3580889,188.318815,28.96155471,0.818997326,0.097004028,0.69 E,0.16054962,1.68682864,0.11837826,1.92 E,0.468743607
FISH- SUPERIOR OR EQUAL TO 6% TOTAL FAT,34B,Male,19+ Years,6193,7.807504437,6.225516495,0.670409334,F,F,F,.,F,F,0.07888133,0.008654054,F,F,F,.,F,F,79.73759791,6.025435394,54.16 E,11.42749582,177.6912811,14.57004728,225.8302711,17.40529622,1.010327055,0.079815221,0.68 E,0.170796737,2.267723301,0.180263556,3.075004585,0.311674918
FISH- SUPERIOR OR EQUAL TO 6% TOTAL FAT,34B,Female,9-13 Years,939,4.489320432,2.08 E,0.655489315,F,F,F,.,F,.,0.05 E,0.015772848,F,F,F,.,F,.,46.35 E,11.69964931,F,F,139.8 E,37.94507164,175.21 E,50.04457655,1.14 E,0.275583856,F,F,3.04 E,0.997392675,5.25 E,1.469676709
FISH- SUPERIOR OR EQUAL TO 6% TOTAL FAT,34B,Female,14-18 Years,990,7.037960157,6.03 E,1.996274348,F,F,F,.,F,F,F,F,F,F,F,.,F,F,85.69 E,24.40233122,F,F,186.57 E,50.93460806,249.08 E,72.71208314,1.52 E,0.443655846,F,F,3.29 E,0.916256951,4.49 E,1.359770028
FISH- SUPERIOR OR EQUAL TO 6% TOTAL FAT,34B,Female,19-30 Years,992,7.400565188,F,F,F,F,F,.,F,F,F,F,F,F,F,.,F,F,F,F,F,F,F,F,306.52 E,89.76977427,F,F,F,F,F,F,5.26 E,1.526155151
FISH- SUPERIOR OR EQUAL TO 6% TOTAL FAT,34B,Female,31-50 Years,2384,8.847288623,6.1 E,1.072962448,F,F,F,.,F,F,0.1 E,0.019629794,F,F,F,.,F,F,68.95817642,7.400070166,44.45 E,14.78600054,152.7962944,12.9847667,175.93 E,34.37244612,1.154254834,0.144517741,0.71 E,0.200920597,2.600059964,0.213500479,3.223181908,0.513917739
FISH- SUPERIOR OR EQUAL TO 6% TOTAL FAT,34B,Female,51-70 Years,2314,8.335859417,4.736517027,0.743654266,F,F,F,.,F,F,0.067432812,0.010202541,F,F,F,.,F,F,56.82098017,6.557483321,F,F,152.7881936,16.95614004,155.08 E,32.39007998,0.808948529,0.088309587,F,F,2.005820637,0.26833285,2.794319427,0.327223235
FISH- SUPERIOR OR EQUAL TO 6% TOTAL FAT,34B,Female,71+ Years,1448,8.179266724,5.31 E,0.977697257,F,F,F,.,F,F,0.08 E,0.016085976,F,F,F,.,F,F,64.97796501,8.402684118,52.66 E,17.50149163,141.3639865,14.97535285,158.3722371,21.34277356,0.992428157,0.14399753,0.75 E,0.239074629,2.26403847,0.237529435,2.709031623,0.194430781
FISH- SUPERIOR OR EQUAL TO 6% TOTAL FAT,34B,Female,19+ Years,7138,8.365515967,5.337886177,0.575483877,F,F,F,.,F,F,0.084503725,0.009982452,F,F,F,.,F,F,63.80821217,5.179636568,36.38 E,8.272582648,153.0703742,7.974949762,193.7117435,30.5499779,1.010143613,0.092742885,0.57 E,0.120240658,2.604190704,0.143603322,3.075422648,0.454408039
SHELLFISH,35,Both,All ages,19670,5.085665906,3.071751017,0.254927347,F,F,F,.,F,F,0.045245413,0.003641717,F,F,F,.,F,F,60.40017324,3.836791077,34.63786666,2.832418853,141.2387449,13.17691662,200.0143126,18.99702658,0.890104865,0.055755473,0.513083988,0.05891561,2.067253262,0.244159107,3.129881509,0.203036573
SHELLFISH,35,Both,1-3 Years,1288,F,F,F,F,F,F,.,F,.,0.03 E,0.00892413,F,F,F,.,F,.,F,F,F,.,F,.,F,.,F,F,F,.,F,.,F,.
SHELLFISH,35,Both,4-8 Years,1199,F,1.09 E,0.34415448,F,F,F,.,F,.,0.05 E,0.014954862,F,F,F,.,F,.,F,F,F,.,F,.,F,.,F,F,F,.,F,.,F,.
SHELLFISH,35,Both,9-13 Years,1962,2.529170014,1.18 E,0.266192886,F,F,F,.,F,.,0.03 E,0.006121324,F,F,F,.,F,.,46.79454323,7.021976934,29.32 E,5.405801533,84.8842008,10.02261726,F,F,1.081977327,0.155198039,0.7 E,0.129380725,2.031810893,0.337270687,F,F
SHELLFISH,35,Both,14-18 Years,1890,4.750867339,2.98 E,0.751763607,F,F,F,.,F,.,0.05 E,0.012839419,F,F,F,.,F,.,62.65 E,11.36839297,38.04412657,5.771743459,F,F,F,F,1.03 E,0.202218195,0.56 E,0.1436688,F,F,F,F
SHELLFISH,35,Both,19-30 Years,1849,6.639998245,3.98 E,0.869058962,F,F,F,.,F,F,0.06 E,0.014444507,F,F,F,.,F,F,59.91586416,8.623272936,40.78 E,11.30398224,162.99 E,31.84107019,185.96 E,36.00569791,0.93 E,0.162273424,0.62 E,0.11916228,2.92 E,0.628670514,3.319975769,0.481940237
SHELLFISH,35,Both,31-50 Years,4389,6.401382174,4.246813523,0.600169967,F,F,F,.,F,F,0.056251344,0.007854059,F,F,F,.,F,F,66.34213373,7.959495224,33.62 E,7.379332001,158.5276996,20.81291988,223.86 E,44.98522244,0.878737466,0.105448741,0.41 E,0.112713563,2.09 E,0.39065081,3.13 E,0.550156722
SHELLFISH,35,Both,51-70 Years,4465,4.445606114,2.51 E,0.425772998,F,F,F,.,F,.,0.030950531,0.004788078,F,F,F,.,F,.,56.38093096,7.533757828,33.39334631,3.635805779,126.51 E,23.00671834,217.12 E,50.73719702,0.696204977,0.08166499,0.435862212,0.05005494,1.76 E,0.396691092,2.1 E,0.551187339
SHELLFISH,35,Both,71+ Years,2628,3.910262389,2.64 E,0.523021847,F,F,F,.,F,.,0.04 E,0.007141308,F,F,F,.,F,.,67.55055145,9.367436423,50.98 E,10.05063359,148.1357931,23.90807608,186.7382648,30.35004373,0.935749437,0.116624465,0.66 E,0.159792682,2.0271914,0.204205766,2.290036419,0.22835923
SHELLFISH,35,Both,1-18 Years,6339,3.40229407,1.59 E,0.267956077,F,F,F,.,F,.,0.040038141,0.006075465,F,F,F,.,F,.,46.62442109,6.533683065,23.9 E,6.098628245,95.78 E,21.42886284,153.09 E,44.68196344,1.188366531,0.13617565,0.880234533,0.125996546,2.44 E,0.484487236,F,F
SHELLFISH,35,Both,19+ Years,13331,5.499117635,3.43659158,0.310581061,F,F,F,.,F,F,0.046509155,0.004266546,F,F,F,.,F,F,62.4935091,4.396840563,36.06409095,3.273708839,148.8274775,14.04690652,210.2128835,21.5138043,0.845756679,0.060969147,0.481871011,0.05731847,2.050027138,0.254468309,2.985964911,0.233941484
SHELLFISH,35,Male,9-13 Years,1023,F,1.12 E,0.352417259,F,F,F,.,F,.,0.03 E,0.007987674,F,F,F,.,F,.,F,F,F,.,F,.,F,.,F,F,F,.,F,.,F,.
SHELLFISH,35,Male,14-18 Years,900,4.24706265,F,F,F,F,F,.,F,.,F,F,F,F,F,.,F,.,79.46 E,21.03266758,44.98 E,9.454818105,F,F,F,F,1.23 E,0.375976532,0.59 E,0.175144052,F,F,F,F
SHELLFISH,35,Male,19-30 Years,857,5.229914956,3.41 E,1.131553722,F,F,F,.,F,F,F,F,F,F,F,.,F,F,65.27 E,16.71302981,F,F,169.26 E,51.84286252,288.18 E,81.96418074,0.96 E,0.276891904,F,F,2.93 E,0.945089591,4.12 E,1.173445494
SHELLFISH,35,Male,31-50 Years,2005,6.274305496,4.86 E,1.037671877,F,F,F,.,F,F,0.06 E,0.012181614,F,F,F,.,F,F,77.50466775,11.66796639,36.59 E,11.98968474,171.8940422,26.46738164,227.45 E,58.8934426,0.900689433,0.138645054,F,F,2.22 E,0.504173995,3.033652923,0.369537508
SHELLFISH,35,Male,51-70 Years,2151,4.995443719,3.25 E,0.749475744,F,F,F,.,F,.,0.04 E,0.007692735,F,F,F,.,F,.,65.02 E,11.47603664,36.65865984,4.686559351,159.29 E,45.52569685,227.3 E,45.02830957,0.704230176,0.113661484,0.43429166,0.062080403,1.82 E,0.547161366,2.12 E,0.687744879
SHELLFISH,35,Male,71+ Years,1180,2.474653453,2.01 E,0.51706138,F,F,F,.,F,.,0.02 E,0.006267916,F,F,F,.,F,.,81.06 E,16.71977222,50.14 E,9.612493221,F,F,272.71 E,76.81715913,0.98 E,0.200857861,0.54 E,0.159389387,F,F,3.38 E,1.049908127
SHELLFISH,35,Male,19+ Years,6193,5.252967473,3.759425487,0.516924641,F,F,F,.,F,F,0.044811335,0.006331027,F,F,F,.,F,F,71.56765212,7.315691687,36.75304951,4.094779972,173.7617238,21.55574317,250.7408648,36.76330009,0.853067064,0.09187539,0.436107739,0.058333936,2.24 E,0.439334484,3.060015163,0.262039339
SHELLFISH,35,Female,9-13 Years,939,2.832955387,1.25 E,0.381222977,F,F,F,.,F,.,0.03 E,0.008735332,F,F,F,.,F,.,44.23 E,7.826576475,28.62 E,7.697387251,81.81 E,13.8814893,87.66 E,28.39704495,1.047271836,0.16787996,0.71 E,0.206886101,2.06 E,0.463629925,F,F
SHELLFISH,35,Female,14-18 Years,990,5.283559388,F,F,F,F,F,.,F,F,F,F,F,F,F,.,F,F,48.36 E,11.82278932,35.39 E,11.51814638,F,F,F,F,0.87 E,0.213763528,F,F,F,F,F,F
SHELLFISH,35,Female,19-30 Years,992,8.201391895,4.6 E,1.34932137,F,F,F,.,F,F,0.07 E,0.022344167,F,F,F,.,F,F,56.13 E,9.535308783,55.58 E,17.48554936,116.94 E,34.56761264,160.05 E,29.86082034,0.91 E,0.218608168,0.63 E,0.12726071,2.55 E,0.792846703,3.31 E,0.630619497
SHELLFISH,35,Female,31-50 Years,2384,6.522989831,3.66 E,0.628422603,F,F,F,.,F,F,0.06 E,0.00998912,F,F,F,.,F,F,56.07 E,10.35799217,F,F,133.02 E,28.34436109,217.98 E,62.41651049,0.86 E,0.163081093,F,F,1.82 E,0.510182423,F,F
SHELLFISH,35,Female,51-70 Years,2314,3.908293169,1.78 E,0.360913398,F,F,F,.,F,.,0.03 E,0.005341414,F,F,F,.,F,.,45.59244846,7.496936708,28.83242709,4.798679484,110.66 E,19.69995807,126.7351634,20.30382538,0.686181103,0.108002146,0.48 E,0.089874653,1.61 E,0.36486739,1.95 E,0.443031069
SHELLFISH,35,Female,71+ Years,1448,5.047518138,3.14 E,0.854784873,F,F,F,.,F,F,0.05 E,0.0120639,F,F,F,.,F,F,62.31 E,11.32954067,51.55 E,14.69356828,147.75 E,27.84966792,170.399992,26.18308484,0.919307908,0.14502986,0.66 E,0.216345851,1.967073638,0.205716094,2.062305382,0.182687314
SHELLFISH,35,Female,19+ Years,7138,5.736760702,3.124915004,0.36257378,F,F,F,.,F,F,0.048148296,0.005742864,F,F,F,.,F,F,54.47176841,5.246255021,33.9 E,5.919915115,123.0280534,13.5127582,171.9425534,20.0797884,0.839294138,0.085870774,0.537382265,0.080674641,1.866558616,0.288175113,2.77208137,0.398006702
