Food-Group-Name, Food-Group-Code,Sex,Age,Number-of-Respondents,Percentage-of-Eaters,All-Person-Consumption-Intake-g-per-person-Mean,All-Person-Consumption-Intake-g-per-person-SE-Mean,All-Person-Consumption-Intake-g-per-person-P50,All-Person-Consumption-Intake-g-per-person-SE-P50,All-Person-Consumption-Intake-g-per-person-P90,All-Person-Consumption-Intake-g-per-person-SE-P90,All-Person-Consumption-Intake-g-per-person-P95,All-Person-Consumption-Intake-g-per-person-SE-P95,All-Person-Consumption-Intake-g-per-kg-body-weight-Mean,All-Person-Consumption-Intake-g-per-kg-body-weight-SE-Mean,All-Person-Consumption-Intake-g-per-kg-body-weight-P50,All-Person-Consumption-Intake-g-per-kg-body-weight-SE-P50,All-Person-Consumption-Intake-g-per-kg-body-weight-P90,All-Person-Consumption-Intake-g-per-kg-body-weight-SE-P90,All-Person-Consumption-Intake-g-per-kg-body-weight-P95,All-Person-Consumption-Intake-g-per-kg-body-weight-SE-P95,Eaters-Only-Consumption-Intake-g-per-person-Mean,Eaters-Only-Consumption-Intake-g-per-person-SE-Mean,Eaters-Only-Consumption-Intake-g-per-person-P50,Eaters-Only-Consumption-Intake-g-per-person-SE-P50,Eaters-Only-Consumption-Intake-g-per-person-P90,Eaters-Only-Consumption-Intake-g-per-person-SE-P90,Eaters-Only-Consumption-Intake-g-per-person-P95,Eaters-Only-Consumption-Intake-g-per-person-SE-P95,Eaters-Only-Consumption-Intake-g-per-kg-body-weight-Mean,Eaters-Only-Consumption-Intake-g-per-kg-body-weight-SE-Mean,Eaters-Only-Consumption-Intake-g-per-kg-body-weight-P50,Eaters-Only-Consumption-Intake-g-per-kg-body-weight-SE-P50,Eaters-Only-Consumption-Intake-g-per-kg-body-weight-P90,Eaters-Only-Consumption-Intake-g-per-kg-body-weight-SE-P90,Eaters-Only-Consumption-Intake-g-per-kg-body-weight-P95,Eaters-Only-Consumption-Intake-g-per-kg-body-weight-SE-P95
  SUGARS -  SYRUPS AND PRESERVES,41,Both,All ages,19670,72.04159259,17.55663064,0.391806195,7.651484428,0.391806195,45.52894743,1.299125807,69.57790504,2.499529211,0.295003185,0.00711392,0.108821023,0.004271134,0.761379417,0.019057587,1.185230879,0.036163921,24.37013121,0.507010321,14.50238901,0.438718503,57.02680932,1.913371664,82.20838346,2.809277051,0.408933105,0.00927079,0.210990344,0.005697379,0.940608467,0.025105848,1.425138137,0.047718068
  SUGARS -  SYRUPS AND PRESERVES,41,Both,1-3 Years,1288,56.15454094,7.626748505,0.611623779,F,F,20.12639087,0.744442271,29.31409798,3.311743481,0.5558535,0.043466313,F,F,1.470716664,0.135846271,2.152770882,0.204240059,13.58171285,0.874799005,9.168223317,1.275035678,27.7687782,2.578587376,39.98383975,2.80613043,0.955983616,0.061044425,0.66933698,0.08864718,1.994635513,0.172554662,2.91520562,0.225394223
  SUGARS -  SYRUPS AND PRESERVES,41,Both,4-8 Years,1199,70.10855542,17.63035287,1.45709058,5.725125939,1.45709058,45.02715894,4.497380726,74.04388131,6.573886349,0.766122494,0.05861835,0.25 E,0.044630693,2.21080885,0.184146932,3.138324814,0.327473831,25.14722029,1.9194608,14.6548519,1.49752033,60.68677322,8.313490745,84.25033453,11.67177002,1.092766053,0.076086522,0.591688376,0.050681761,2.659325884,0.206156382,3.92140317,0.472731823
  SUGARS -  SYRUPS AND PRESERVES,41,Both,9-13 Years,1962,73.77751548,18.99686192,1.324970968,6.6 E,1.324970968,47.98378475,4.443660365,69.85201887,4.868648574,0.493688704,0.047485629,0.164143456,0.024163634,1.253555019,0.095329246,1.848378788,0.126836504,25.74885018,1.696651736,15.37488858,0.994266124,61.53640153,4.029439268,79.43156371,5.417415319,0.669158756,0.062219892,0.365136841,0.026520545,1.476916311,0.10266129,2.083948616,0.190806931
  SUGARS -  SYRUPS AND PRESERVES,41,Both,14-18 Years,1890,67.10034878,20.98883454,1.595316208,5.21 E,1.595316208,61.51272335,5.742771238,97.96916891,8.573791934,0.338641899,0.029378145,0.07 E,0.012911492,0.908608443,0.085512771,1.472763417,0.177466831,31.27976966,2.139489716,15.69329564,1.152202297,82.66192692,6.540231388,111.766201,8.786496659,0.50467979,0.040417239,0.246823062,0.015735576,1.236776957,0.087603109,1.961862464,0.238878932
  SUGARS -  SYRUPS AND PRESERVES,41,Both,19-30 Years,1849,74.43313652,19.23069774,1.200775534,9.173747725,1.200775534,49.83136361,4.840037822,74.79886428,9.05323833,0.271240989,0.017199234,0.142496053,0.017985552,0.713735041,0.052722229,0.988149705,0.13918042,25.83620499,1.517158645,17.59127874,2.12335785,58.48526141,4.699587754,82.11784597,10.99570094,0.36440892,0.021943539,0.224634264,0.025646568,0.783463882,0.064860826,1.193934556,0.172163398
  SUGARS -  SYRUPS AND PRESERVES,41,Both,31-50 Years,4389,72.60990749,16.31008776,0.777906458,7.277281005,0.777906458,43.32372582,2.109831272,65.13765332,3.618918813,0.21656638,0.011210115,0.093262051,0.00615704,0.560039004,0.024322634,0.833305708,0.054492422,22.46262022,1.014789608,12.55506358,0.600449819,51.90954281,3.321323034,75.1794147,5.568974671,0.298260096,0.014703229,0.162805995,0.008736145,0.678618654,0.039715805,1.011436997,0.073373417
  SUGARS -  SYRUPS AND PRESERVES,41,Both,51-70 Years,4465,72.22585061,18.01835688,0.689828786,8.334676724,0.689828786,45.83660722,2.690046271,72.50646568,5.131621742,0.235339802,0.009287288,0.105422412,0.005852547,0.627434031,0.036120546,0.917485148,0.048036833,24.94724081,0.888901018,16.64467184,0.708310897,57.79440816,4.275893506,87.41826563,4.640549111,0.325838741,0.011813782,0.203570886,0.008211102,0.773049418,0.036608813,1.02476071,0.06002936
  SUGARS -  SYRUPS AND PRESERVES,41,Both,71+ Years,2628,74.84503669,18.46531975,0.806944071,9.355186964,0.806944071,48.34478765,2.864038624,66.43229318,3.993195485,0.255717469,0.01133418,0.129241966,0.008459842,0.661945234,0.035203915,0.940342681,0.053577418,24.67140182,0.966242318,15.08037904,0.902650621,58.59015909,3.158689263,76.07405095,4.106957446,0.341662561,0.013656555,0.225218308,0.013896617,0.780997554,0.052511858,1.039674196,0.05777457
  SUGARS -  SYRUPS AND PRESERVES,41,Both,1-18 Years,6339,67.90277042,17.29377747,0.726502612,4.753547973,0.726502612,44.84080957,2.273227465,74.51313476,3.325326028,0.535557588,0.024561302,0.142003264,0.015249143,1.47187636,0.067329375,2.242524525,0.135634593,25.46844166,0.950756148,14.23470053,0.655898267,61.53707632,3.297938161,91.08644412,5.917657061,0.783489841,0.031973059,0.401760259,0.017653994,1.895298454,0.095997345,2.663058882,0.151770733
  SUGARS -  SYRUPS AND PRESERVES,41,Both,19+ Years,13331,73.05812569,17.62118982,0.434557931,8.334677418,0.434557931,45.59482631,1.425123133,68.19561051,2.728711904,0.236623566,0.006063033,0.105783474,0.004320876,0.616304543,0.022097674,0.904092674,0.032679634,24.11941129,0.562160097,14.5692228,0.501505707,55.87798553,2.081869672,79.92768021,3.266501177,0.323883982,0.007882934,0.194418643,0.005310505,0.749742178,0.020064152,1.040117849,0.044157505
  SUGARS -  SYRUPS AND PRESERVES,41,Male,9-13 Years,1023,71.75180889,17.76913127,1.183575462,4.68 E,1.183575462,49.59185114,5.613809076,72.82495778,4.42617585,0.445818181,0.033338392,0.1 E,0.028234436,1.296935093,0.130486892,1.914618108,0.193994513,24.7647154,1.519500033,13.69741284,1.3969459,65.74515319,5.389593434,80.59915225,6.303426399,0.621333717,0.043636554,0.318550192,0.042985013,1.643309228,0.162573509,2.320150441,0.24061484
  SUGARS -  SYRUPS AND PRESERVES,41,Male,14-18 Years,900,65.76981627,21.16924868,2.028131624,4.74 E,2.028131624,61.52846217,8.896764956,97.82108947,7.803454907,0.310789893,0.029926741,0.07 E,0.015233255,0.888089765,0.114098073,1.351058208,0.174613012,32.1868752,2.744320547,15.71074317,2.218115975,85.4804633,8.338124281,106.8169319,11.3412994,0.47254183,0.040686869,0.242173953,0.029450475,1.276598995,0.131573883,1.774828564,0.226430859
  SUGARS -  SYRUPS AND PRESERVES,41,Male,19-30 Years,857,75.14660683,19.54793605,1.697789087,8.3 E,1.697789087,55.74398952,6.379699555,78.01985803,10.33329423,0.25453462,0.023267631,0.11 E,0.026538499,0.708448754,0.093979946,0.99 E,0.165602977,26.0130655,2.241879894,15.46 E,3.088588586,59.1380309,8.008896198,81.82332251,10.14191413,0.338717382,0.030854927,0.205543735,0.032042973,0.749748003,0.102492417,1.168428312,0.185691621
  SUGARS -  SYRUPS AND PRESERVES,41,Male,31-50 Years,2005,75.41568436,18.39396369,1.336643531,8.311986458,1.336643531,46.41610798,3.763073614,66.38349077,7.061742782,0.22064925,0.018820294,0.09244115,0.006809429,0.564828037,0.031406535,0.803915265,0.075142309,24.39010379,1.714600637,12.70044808,0.920458736,57.35631237,4.574638487,83.45074765,9.595396273,0.292577402,0.024322529,0.151172809,0.011920006,0.648240533,0.056764527,0.971365938,0.113764899
  SUGARS -  SYRUPS AND PRESERVES,41,Male,51-70 Years,2151,75.96134638,20.90935019,1.139302116,10.14824705,1.139302116,53.42146611,5.042840775,89.19200866,7.916406691,0.244309784,0.012823555,0.118259638,0.010660461,0.630012452,0.055965594,0.951241363,0.053730771,27.52630277,1.418697858,17.05234292,1.05306204,66.27222879,7.071653818,90.43090359,5.38285974,0.32162382,0.015922646,0.199333353,0.011503126,0.7780996,0.079842508,1.023775516,0.066409672
  SUGARS -  SYRUPS AND PRESERVES,41,Male,71+ Years,1180,79.5026325,23.17338542,1.435387813,12.5021349,1.435387813,61.22815557,4.422942534,76.01458229,4.850953656,0.291943341,0.01868215,0.147293527,0.01542881,0.706933907,0.045063398,1.015919527,0.078637517,29.14794729,1.649509469,18.12580318,1.634776649,65.2925199,4.273210173,77.86847148,9.713254591,0.367212169,0.021572865,0.232175642,0.013314722,0.779932409,0.070602904,1.083302745,0.076984967
  SUGARS -  SYRUPS AND PRESERVES,41,Male,19+ Years,6193,75.9894483,19.95004666,0.746396188,8.941944159,0.746396188,53.36084816,2.956693078,77.23137664,4.272305781,0.242269121,0.009911035,0.107111343,0.006278234,0.616751375,0.032082765,0.943759866,0.048062287,26.25370641,0.93680918,15.39719056,0.793898895,61.14094672,2.730558955,89.79334999,4.595267921,0.318819424,0.012537017,0.185811406,0.009581223,0.750166389,0.036905897,1.032551065,0.060925548
  SUGARS -  SYRUPS AND PRESERVES,41,Female,9-13 Years,939,75.90947391,20.2889892,2.414754744,9.01 E,2.414754744,46.13992905,5.902637964,66.98200326,7.205842299,0.54 E,0.090946531,0.21 E,0.043659108,1.229228586,0.120829914,1.685742062,0.199392379,26.72787486,3.06098133,16.72811121,1.664915072,56.78382594,5.902235821,78.95445989,9.920776149,0.716735465,0.117430655,0.376592192,0.04062978,1.441970491,0.110769465,2.02366352,0.227063484
  SUGARS -  SYRUPS AND PRESERVES,41,Female,14-18 Years,990,68.50717192,20.79807574,2.489096806,5.98 E,2.489096806,57.03945053,9.362958661,103.24 E,17.75013386,0.368090895,0.051056816,0.09 E,0.022670664,0.944047999,0.137472556,1.52 E,0.309813445,30.35897579,3.469931286,15.29946662,1.518145944,79.66274458,12.30772313,111.84 E,19.53916585,0.537302715,0.072099142,0.249048633,0.024294789,1.232953686,0.182746475,2 E,0.459754992
  SUGARS -  SYRUPS AND PRESERVES,41,Female,19-30 Years,992,73.64310659,18.87941785,1.686291909,9.354876561,1.686291909,42.84789799,3.612749371,64.55 E,15.2948195,0.289740051,0.024734362,0.15823514,0.020054554,0.673175656,0.071309738,0.98 E,0.24282922,25.63636805,2.00808851,19.38934814,2.496836023,49.82953121,7.180815571,82.29 E,20.24013665,0.393438116,0.029040401,0.258410416,0.036527616,0.796720223,0.102831015,1.27 E,0.273858732
  SUGARS -  SYRUPS AND PRESERVES,41,Female,31-50 Years,2384,69.92488334,14.31589597,0.834847114,6.652395786,0.834847114,38.10262665,2.900742849,58.04028485,5.2882872,0.212659225,0.012844112,0.094368354,0.010684172,0.546389477,0.046454805,0.847922758,0.076302393,20.47324971,0.987787738,12.5021349,0.768115998,47.83430052,3.011763453,68.60230644,5.757345614,0.304125248,0.015437607,0.177718211,0.009921076,0.719726272,0.044443812,1.025959251,0.081205115
  SUGARS -  SYRUPS AND PRESERVES,41,Female,51-70 Years,2314,68.57544508,15.19321703,0.825355276,6.34 E,0.825355276,39.91562998,2.295182272,60.63309658,5.664378192,0.226574146,0.013741565,0.089894912,0.013507211,0.626491966,0.051644328,0.831177995,0.053322991,22.15547709,1.058089179,15.13735232,0.929140961,51.31779582,3.952314389,72.74948745,5.742732889,0.330401277,0.017930356,0.205434206,0.015899962,0.767511145,0.0374065,1.036045033,0.116351764
  SUGARS -  SYRUPS AND PRESERVES,41,Female,71+ Years,1448,71.15539846,14.73570048,0.894868394,7.053812477,0.894868394,39.99825882,2.142734732,56.6576797,3.639417921,0.227020183,0.014053121,0.116192298,0.012399653,0.607912132,0.044914124,0.930256832,0.062850966,20.70918131,1.103433362,13.72154304,0.865567485,48.18697384,3.982658023,62.69887225,5.081980269,0.319048432,0.017352758,0.202523858,0.014819632,0.782580301,0.07804176,1.023437461,0.088309026
  SUGARS -  SYRUPS AND PRESERVES,41,Female,19+ Years,7138,70.22811132,15.37281964,0.519860004,7.000274485,0.519860004,39.97113371,1.166871629,59.36542966,3.003782405,0.231173125,0.00794422,0.104630553,0.006455626,0.6121033,0.028584019,0.878338176,0.039673483,21.88983778,0.643493639,14.09902598,0.571786509,49.47185052,1.868760496,70.83553739,3.83102815,0.329174629,0.009979042,0.200442049,0.007080128,0.747040257,0.029398136,1.04622893,0.060528605
    SUGARS (WHITE AND BROWN) ,41A,Both,All ages,19670,61.82297261,8.892310876,0.207617714,2.588265086,0.207617714,25.14171683,0.730526782,35.8977878,1.182395245,0.139793812,0.003248939,0.040164507,0.003166331,0.392608537,0.009712491,0.572915255,0.014076969,14.38350584,0.294757321,9.062650001,0.281781401,32.99718896,0.879024778,44.53111312,1.247148147,0.225790684,0.004719306,0.13800788,0.003730243,0.510115215,0.014730423,0.713296154,0.016172602
    SUGARS (WHITE AND BROWN) ,41A,Both,1-3 Years,1288,45.59728362,2.62538555,0.244927429,F,F,9.127436106,0.903721801,14.40744572,1.51592862,0.187876451,0.017227657,F,F,0.590152763,0.082775419,1.019715589,0.146993857,5.75776744,0.478219722,3.010365201,0.453837139,15.40321661,1.449896859,18.92877604,2.60334781,0.397230653,0.03203409,0.234369522,0.033320313,1.051370225,0.145984541,1.41031886,0.123812182
    SUGARS (WHITE AND BROWN) ,41A,Both,4-8 Years,1199,57.62397269,5.612658919,0.540663413,F,F,16.49345828,1.981561817,28.4021532,3.036601349,0.247845502,0.024407236,F,F,0.716133961,0.067545906,1.239119383,0.201406644,9.740145738,0.872990642,5.521031295,0.528371252,25.76723839,3.186410241,33.7659833,3.269253249,0.430108323,0.03941039,0.237280009,0.025533166,1.12775,0.187855346,1.637129422,0.169663371
    SUGARS (WHITE AND BROWN) ,41A,Both,9-13 Years,1962,61.77347736,7.054473743,0.420203127,0.98 E,0.420203127,22.13175015,1.524366744,30.19112244,1.333092434,0.176085224,0.011569548,0.02 E,0.00446396,0.517230885,0.039041753,0.760454134,0.04642271,11.41990713,0.592378676,6.040407934,0.760876403,29.18873857,1.479001101,35.0011835,2.068003557,0.285049882,0.016595531,0.150262284,0.014118868,0.68646939,0.045533878,0.907218252,0.055567195
    SUGARS (WHITE AND BROWN) ,41A,Both,14-18 Years,1890,58.39420212,8.411112644,0.582364855,1.16 E,0.582364855,25.0042698,1.737555789,35.51767315,1.530062059,0.133962714,0.009223865,F,F,0.413650028,0.025654529,0.561486751,0.033219702,14.40402016,0.861664288,8.737677367,0.533306854,33.96301841,1.662470176,42.6339179,2.853500282,0.229410985,0.013513044,0.135793842,0.010197155,0.514919539,0.030945065,0.702861889,0.042311948
    SUGARS (WHITE AND BROWN) ,41A,Both,19-30 Years,1849,67.39066004,11.12799254,0.750624429,4.14 E,0.750624429,30.55104933,2.099886286,43.05516332,3.789745906,0.156575389,0.01119398,0.061900789,0.010303847,0.425385505,0.039539776,0.596129814,0.056165321,16.51266293,1.031695003,10.4062655,1.016774033,37.98284249,3.6416015,50.71985354,4.034528532,0.232339896,0.0155434,0.152806154,0.0099919,0.515120294,0.04855048,0.710725247,0.050120061
    SUGARS (WHITE AND BROWN) ,41A,Both,31-50 Years,4389,63.3045748,9.418114951,0.384620671,3.40400208,0.384620671,26.2191741,1.231712117,38.36441811,1.614844346,0.124752687,0.005263674,0.045592851,0.005817871,0.349573797,0.017588052,0.516755411,0.033574838,14.87746341,0.513741697,9.067070137,0.673154337,34.76059664,1.67258784,45.51752983,2.134799566,0.197067411,0.007032887,0.127967171,0.006148036,0.449924036,0.018211985,0.616480329,0.024599509
    SUGARS (WHITE AND BROWN) ,41A,Both,51-70 Years,4465,61.34331759,9.155060757,0.379581296,2.997819722,0.379581296,25.13797221,0.98743939,35.07845711,1.692849507,0.121467713,0.005563349,0.039940968,0.005922802,0.338083161,0.017597891,0.475821645,0.024428886,14.92430002,0.535594522,9.804053978,0.566191094,33.19661954,1.514095418,44.67496593,2.596083562,0.198012951,0.007996509,0.124645591,0.00692788,0.442917956,0.018129549,0.579318575,0.035661528
    SUGARS (WHITE AND BROWN) ,41A,Both,71+ Years,2628,60.58778045,8.664194441,0.446048082,3.02 E,0.446048082,24.44528294,0.86294602,32.79850229,2.543837928,0.121067022,0.006194659,0.05 E,0.008809028,0.337518316,0.017642771,0.468262905,0.020431161,14.3002341,0.637596008,10.18541722,0.575158077,30.18460812,1.429977747,40.96040216,2.906421405,0.199820857,0.008894884,0.142250768,0.007090474,0.431270029,0.019773641,0.558861388,0.043009339
    SUGARS (WHITE AND BROWN) ,41A,Both,1-18 Years,6339,56.95102284,6.303102978,0.253506863,0.56 E,0.253506863,19.47488353,0.928763108,29.89159,0.928322045,0.186024662,0.008392408,0.018840165,0.003100129,0.548306644,0.024154283,0.823882361,0.036306682,11.06758521,0.409760032,6.130196866,0.35460405,28.53633909,1.164255312,35.68135516,1.455238788,0.324347987,0.013191795,0.175963019,0.008777113,0.761858447,0.032462641,1.159913474,0.097895237
    SUGARS (WHITE AND BROWN) ,41A,Both,19+ Years,13331,63.01956865,9.528244341,0.244670521,3.578108087,0.244670521,26.44717899,0.591656332,38.03769561,1.096083244,0.128574148,0.003489856,0.046276438,0.003499574,0.360962618,0.012925555,0.510680586,0.019007903,15.11950105,0.338528158,10.03645399,0.387394544,33.98253803,0.900778849,45.80109358,1.553670127,0.204022577,0.004888461,0.132479531,0.004086481,0.459924735,0.013152334,0.618241186,0.021815214
    SUGARS (WHITE AND BROWN) ,41A,Male,9-13 Years,1023,60.84643234,6.688944427,0.537601557,F,F,20.94897709,2.17392975,28.93710298,2.120546991,0.16619829,0.014814902,0.02 E,0.007067218,0.507378209,0.054211992,0.716685933,0.042130679,10.99315797,0.805619533,4.942038412,0.730505255,28.19155449,2.137314668,35.71680299,3.064814486,0.273143853,0.022542367,0.11 E,0.019338021,0.682721084,0.050525752,0.885627193,0.071422085
    SUGARS (WHITE AND BROWN) ,41A,Male,14-18 Years,900,54.73138381,8.355787113,0.956074949,F,F,25.0042698,2.973800908,37.61221049,2.799447035,0.123427424,0.013935501,F,F,0.378611885,0.044006908,0.588562745,0.068154042,15.2669027,1.509006384,8.307651713,0.644422702,36.46649001,2.586506804,43.96223224,5.645154086,0.225514897,0.021518522,0.117704762,0.010168672,0.551883637,0.064548707,0.717191859,0.05623201
    SUGARS (WHITE AND BROWN) ,41A,Male,19-30 Years,857,71.34176716,11.59717241,0.985167793,F,F,30.51732889,4.46993744,46.72289518,5.360700685,0.150086023,0.013065623,0.06 E,0.01499438,0.419983275,0.056337761,0.595925885,0.063241015,16.25579638,1.338337222,10.3800791,1.458172992,39.47431245,5.524182963,50.46179199,4.221147216,0.210376094,0.017747198,0.148319293,0.017803317,0.492407801,0.067223795,0.676755038,0.058487797
    SUGARS (WHITE AND BROWN) ,41A,Male,31-50 Years,2005,66.27335685,10.22325445,0.550728215,4.057712886,0.550728215,26.41641894,2.103170688,41.91777126,2.748026514,0.122205582,0.006942294,0.05 E,0.007569309,0.31598355,0.031153925,0.522826878,0.048621963,15.42588897,0.770860657,10.08183838,0.990045552,36.84572493,2.09843825,49.40202199,3.274921396,0.184396245,0.009763814,0.115608344,0.010004114,0.435809932,0.030876354,0.612014046,0.03221419
    SUGARS (WHITE AND BROWN) ,41A,Male,51-70 Years,2151,63.8723477,10.57696135,0.602177534,4.16 E,0.602177534,27.22612763,1.836596542,40.04500378,3.369173746,0.126418726,0.007310421,0.05384868,0.007681605,0.335530241,0.027771027,0.486639929,0.03483312,16.55953122,0.829017476,11.18297382,0.800471719,34.58791038,2.79084869,47.64032328,4.611131673,0.197924033,0.010145446,0.124135671,0.00913514,0.438289434,0.030465696,0.580685241,0.049508458
    SUGARS (WHITE AND BROWN) ,41A,Male,71+ Years,1180,64.27156116,10.37414405,0.754776273,4.143015134,0.754776273,27.30588484,1.934252712,39.50092384,2.83726525,0.131577717,0.00976937,0.055887183,0.007760135,0.343804347,0.028852916,0.478233286,0.032259331,16.14111104,1.019331561,11.22954961,0.747419293,34.76879755,3.339961146,46.25531612,3.022135303,0.20472152,0.013287933,0.140893659,0.008352044,0.429732045,0.024855654,0.548556541,0.056184234
    SUGARS (WHITE AND BROWN) ,41A,Male,19+ Years,6193,66.17307435,10.60343922,0.36198653,4.143238242,0.36198653,27.43816379,1.363865581,41.67369038,2.070766609,0.129621186,0.004566859,0.054342799,0.004360119,0.350030425,0.018573282,0.51736012,0.027378479,16.02379717,0.488725892,10.5030722,0.509830041,36.44748603,1.724270721,48.89633416,1.953566488,0.195882067,0.006218372,0.126702397,0.006137131,0.446677126,0.020197804,0.614269395,0.025823695
    SUGARS (WHITE AND BROWN) ,41A,Female,9-13 Years,939,62.7491475,7.43917571,0.650343477,F,F,23.85524312,2.596918999,31.21357675,1.695571907,0.186490746,0.017204136,0.02 E,0.007055864,0.522280407,0.051658014,0.80396381,0.078818979,11.85542116,0.886807301,7.368277991,1.115962146,29.80087164,1.88520574,34.99455173,2.806554442,0.297200445,0.023785979,0.171060552,0.025973066,0.687208503,0.074867012,0.913266935,0.137648255
    SUGARS (WHITE AND BROWN) ,41A,Female,14-18 Years,990,62.26704062,8.469610454,0.65705478,F,F,24.9345731,2.079031693,33.56561339,1.554456158,0.145102082,0.01216308,F,F,0.421307129,0.025408555,0.549591639,0.034350792,13.60207643,0.887901692,9.737138884,0.985799056,31.54784563,1.729168058,36.65309812,3.523168338,0.233031923,0.016983109,0.156512881,0.015629521,0.493297315,0.032435101,0.602809156,0.075024668
    SUGARS (WHITE AND BROWN) ,41A,Female,19-30 Years,992,63.01557553,10.60846688,1.097808607,4.09 E,1.097808607,30.14420981,2.078440706,39.66810263,4.431228936,0.163761103,0.017971418,0.06 E,0.016927814,0.435172709,0.046768775,0.650819259,0.091825879,16.83467426,1.472152058,10.29908141,1.25749702,35.20082652,3.763099517,48.95 E,8.709791134,0.25987401,0.02456586,0.157892712,0.012312938,0.54589428,0.069171645,0.79 E,0.147138949
    SUGARS (WHITE AND BROWN) ,41A,Female,31-50 Years,2384,60.46356076,8.647626388,0.51605516,2.69 E,0.51605516,24.90448532,2.016878444,37.20584828,2.421240519,0.127190172,0.007696651,0.05 E,0.00830836,0.368694744,0.021958434,0.511987795,0.039809233,14.30221158,0.645786738,8.776539005,0.629450319,33.72455986,2.150052639,44.38591766,2.634473207,0.210358388,0.009661506,0.137446081,0.007175692,0.463880071,0.025835034,0.642906472,0.040985908
    SUGARS (WHITE AND BROWN) ,41A,Female,51-70 Years,2314,58.87189585,7.765549397,0.4887208,F,F,23.97136901,1.370790863,33.00503712,2.438416185,0.116629478,0.008553486,F,F,0.341879824,0.020748815,0.472696272,0.031774042,13.19058828,0.724103846,8.334363657,0.575745268,29.58751567,2.074013171,38.98708127,2.940320011,0.198107224,0.013042719,0.124074435,0.008993513,0.447992142,0.02442379,0.578612777,0.051534251
    SUGARS (WHITE AND BROWN) ,41A,Female,71+ Years,1448,57.66957572,7.309612438,0.483400771,F,F,21.8171733,1.374683917,29.12109183,2.068607637,0.112740696,0.007580371,F,F,0.332543084,0.024684711,0.458419632,0.029713187,12.6749891,0.722599781,9.126673078,0.788388973,27.40611664,1.817012543,36.61650531,3.822846084,0.195494235,0.011363743,0.143460319,0.011673434,0.436199819,0.029479345,0.565789688,0.064991854
    SUGARS (WHITE AND BROWN) ,41A,Female,19+ Years,7138,59.97504997,8.490208836,0.322261802,2.384202209,0.322261802,25.24261902,0.892530535,34.35473809,1.233344443,0.127563297,0.005088891,0.035802027,0.005117479,0.373507851,0.014754651,0.501021803,0.024512439,14.1562347,0.450096634,8.96495456,0.429462838,32.01117294,1.1574304,42.27065752,1.887834697,0.21269394,0.007258343,0.140102086,0.005409554,0.466629217,0.017002269,0.644128901,0.031824692
    JAMS- JELLIES AND MARMALADE ,41B,Both,All ages,19670,9.127770383,2.117561961,0.16227745,F,F,F,.,13.324311,0.841025998,0.035486064,0.002624455,F,F,F,.,0.212029719,0.013008225,23.19911514,1.478832987,14.003172,2.316041967,39.972933,1.52989751,79.85 E,14.58036137,0.388283235,0.024688476,0.232093475,0.011005541,0.77526619,0.083446397,1.197600429,0.120491882
    JAMS- JELLIES AND MARMALADE ,41B,Both,1-3 Years,1288,8.247238636,1.34 E,0.314314762,F,F,F,.,F,F,0.1 E,0.024747645,F,F,F,.,0.76 E,0.200211022,16.21 E,3.081194455,13.32 E,2.456293392,19.95957152,1.35813406,F,F,1.22 E,0.233395366,1.02 E,0.176002641,1.767927957,0.145278136,2.15 E,0.667449868
    JAMS- JELLIES AND MARMALADE ,41B,Both,4-8 Years,1199,9.696626043,1.67 E,0.319641031,F,F,F,.,10.9 E,2.328429869,0.07 E,0.014271217,F,F,F,.,0.45 E,0.094542397,17.21988329,2.757411686,13.05626046,2.110371582,28.33 E,8.563098271,F,F,0.73 E,0.127929553,0.47 E,0.084861555,F,F,2.2 E,0.612653516
    JAMS- JELLIES AND MARMALADE ,41B,Both,9-13 Years,1962,6.490858574,1.44 E,0.240651544,F,F,F,.,F,F,0.04 E,0.007693855,F,F,F,.,0.2 E,0.065014396,22.22954365,2.914830667,18.8 E,3.161718062,39.22 E,9.32496013,58.78845663,8.968147951,0.59 E,0.101824009,0.441508473,0.072003824,1.05 E,0.230768173,1.62 E,0.328451419
    JAMS- JELLIES AND MARMALADE ,41B,Both,14-18 Years,1890,7.093591564,3.14 E,0.761148463,F,F,F,.,F,F,0.05 E,0.011479165,F,F,F,.,0.24 E,0.076727993,44.28 E,8.162692648,24.34 E,4.94105616,F,F,147.18 E,38.26159297,0.65 E,0.126999138,0.35 E,0.062304889,1.67 E,0.497365908,2.05 E,0.61210869
    JAMS- JELLIES AND MARMALADE ,41B,Both,19-30 Years,1849,4.175036843,0.89 E,0.225102781,F,F,F,.,F,.,0.01 E,0.003433038,F,F,F,.,F,.,21.31997146,2.233127341,19.99 E,4.879910602,39.54 E,6.998449036,39.972933,4.692065079,0.309737111,0.032448853,0.28 E,0.054172667,0.465015023,0.036070129,0.54 E,0.09406027
    JAMS- JELLIES AND MARMALADE ,41B,Both,31-50 Years,4389,6.489663251,1.9 E,0.422154655,F,F,F,.,9.41 E,3.131032902,0.03 E,0.006675824,F,F,F,.,0.12 E,0.039827621,29.28 E,5.402158994,19.99 E,3.408546873,63 E,19.53971419,F,F,0.41 E,0.08851707,0.241182623,0.028776444,1.03 E,0.328926409,F,F
    JAMS- JELLIES AND MARMALADE ,41B,Both,51-70 Years,4465,11.7082827,2.45696012,0.267741713,F,F,6.58 E,1.443770914,19.9864665,1.610031964,0.031855192,0.003262869,F,F,0.08 E,0.021015573,0.218192866,0.0210483,20.98480351,1.792871891,16.86 E,2.815329367,38.2757556,3.505883431,42.92 E,13.8353528,0.272073992,0.0205572,0.195265331,0.012093697,0.488902715,0.072943199,0.77 E,0.184932957
    JAMS- JELLIES AND MARMALADE ,41B,Both,71+ Years,2628,20.01218525,3.887763034,0.420588142,F,F,13.30310498,1.175998127,19.99145586,2.110129771,0.054689109,0.005848594,F,F,0.184900805,0.021371708,0.316366274,0.022880944,19.42697904,1.634155222,13.30206648,0.576460349,39.97291902,4.53717447,59.78 E,10.72433599,0.273279044,0.022327098,0.184888844,0.014118654,0.53641888,0.057579139,0.71 E,0.206632171
    JAMS- JELLIES AND MARMALADE ,41B,Both,1-18 Years,6339,7.853176458,1.975816624,0.243899089,F,F,F,.,13.17 E,3.066340623,0.060090827,0.006735123,F,F,F,.,0.355630741,0.044815189,25.15945789,2.705481189,13.324311,1.889707911,F,F,79.93 E,19.68638144,0.760983601,0.074780624,0.45904727,0.034488213,1.729878519,0.225678294,2.134007358,0.203683929
    JAMS- JELLIES AND MARMALADE ,41B,Both,19+ Years,13331,9.440822467,2.15237593,0.193992442,F,F,F,.,13.99408983,1.973467145,0.029514789,0.002888323,F,F,F,.,0.196278282,0.012509184,22.79860613,1.687332229,14 E,2.980857408,39.97292469,1.746230166,62.91 E,12.99032664,0.312629423,0.025802287,0.208704214,0.008577149,0.555106611,0.051319137,1.03 E,0.176903293
    JAMS- JELLIES AND MARMALADE ,41B,Male,9-13 Years,1023,5.885071158,1.75 E,0.413814875,F,F,F,.,F,F,0.05 E,0.013531515,F,F,F,.,F,F,29.69 E,5.545153206,19.56206357,2.71708864,59.96 E,12.25455629,64.8 E,14.03869568,0.77 E,0.202554809,0.477507806,0.037851258,1.26 E,0.254956789,1.7 E,0.483540518
    JAMS- JELLIES AND MARMALADE ,41B,Male,14-18 Years,900,8.388781705,4.31 E,1.286592345,F,F,F,.,F,F,0.06 E,0.01810295,F,F,F,.,F,F,51.34 E,11.75511621,27.35 E,7.51497182,F,F,159.56 E,42.55030277,0.7 E,0.176868919,0.37 E,0.086459467,F,F,2.53 E,0.817547673
    JAMS- JELLIES AND MARMALADE ,41B,Male,19-30 Years,857,F,F,F,F,F,F,.,F,.,F,F,F,F,F,.,F,.,F,F,F,.,F,.,F,.,F,F,F,.,F,.,F,.
    JAMS- JELLIES AND MARMALADE ,41B,Male,31-50 Years,2005,6.477358639,2.71 E,0.850255598,F,F,F,.,F,F,F,F,F,F,F,.,F,F,41.77 E,10.43340535,26.65 E,4.538053267,F,F,F,F,0.56 E,0.176086795,0.290619514,0.045936986,F,F,F,F
    JAMS- JELLIES AND MARMALADE ,41B,Male,51-70 Years,2151,12.37677432,2.67 E,0.445956653,F,F,F,F,19.9864665,2.268516136,0.030214291,0.004401252,F,F,0.09 E,0.028168951,0.198239665,0.01500177,21.56595914,3.052543525,13.58 E,3.58541479,34.89 E,6.173075266,F,F,0.244120887,0.028169179,0.17378223,0.015111943,0.39 E,0.079439718,F,F
    JAMS- JELLIES AND MARMALADE ,41B,Male,71+ Years,1180,22.08891627,5.343519892,0.816244167,F,F,19.20768438,2.108549319,27.69 E,5.259408539,0.068868903,0.010458648,F,F,0.233896226,0.025163046,0.36 E,0.06657842,24.19095544,2.887023099,18.8618132,2.789456124,39.97 E,9.874947326,64.34 E,15.60212967,0.311780364,0.037352453,0.226001544,0.019754384,0.560900567,0.076942267,F,F
    JAMS- JELLIES AND MARMALADE ,41B,Male,19+ Years,6193,9.625969432,2.675660441,0.378806243,F,F,F,.,19.9864665,2.94792939,0.033898174,0.00556628,F,F,F,.,0.206260374,0.018832229,27.79626987,3.230417161,19.9864665,1.029281561,F,F,F,F,0.352153351,0.049739258,0.212064528,0.011606371,0.61 E,0.152313268,1.03 E,0.31854897
    JAMS- JELLIES AND MARMALADE ,41B,Female,9-13 Years,939,7.1284206,1.12 E,0.229828239,F,F,F,.,F,F,0.03 E,0.006625485,F,F,F,.,F,F,15.74856001,1.98706865,12.84 E,3.066296393,22.96 E,6.440649372,34.06 E,8.801814015,0.425170252,0.062562467,0.29 E,0.062739601,0.69 E,0.160416757,1.04 E,0.256731933
    JAMS- JELLIES AND MARMALADE ,41B,Female,14-18 Years,990,5.724137276,F,F,F,F,F,.,F,F,F,F,F,F,F,.,F,F,33.33 E,10.18610585,19.43 E,5.238323537,F,F,F,F,0.57 E,0.187867357,0.27 E,0.07199302,F,F,F,F
    JAMS- JELLIES AND MARMALADE ,41B,Female,19-30 Years,992,4.647550587,0.75 E,0.174855032,F,F,F,.,F,.,0.01 E,0.002722823,F,F,F,.,F,.,16.05249217,1.990036919,13.2065264,1.357448277,28.24 E,4.96708955,33.95009446,5.141365696,0.249761396,0.031250018,0.202323021,0.029805033,0.44 E,0.079463471,0.57 E,0.109716406
    JAMS- JELLIES AND MARMALADE ,41B,Female,31-50 Years,2384,6.501438306,1.13 E,0.191967286,F,F,F,.,F,F,0.02 E,0.003140905,F,F,F,.,F,F,17.3814194,1.704425525,13.2712242,1.837556988,26.65 E,5.678998401,38.34 E,9.912163552,0.271999596,0.028227217,0.206097527,0.030412038,0.44 E,0.085871252,0.66 E,0.159859892
    JAMS- JELLIES AND MARMALADE ,41B,Female,51-70 Years,2314,11.05501854,2.249584042,0.292137263,F,F,F,F,18.9466551,2.201290714,0.033458715,0.004681844,F,F,F,F,0.272213544,0.035232414,20.34898479,1.869320211,18.57846886,2.661742425,38.73401843,4.340734178,55.69 E,10.47291452,0.302656346,0.03031067,0.244915892,0.027742576,0.55 E,0.127484333,0.87 E,0.202641595
    JAMS- JELLIES AND MARMALADE ,41B,Female,71+ Years,1448,18.36704762,2.734546575,0.397822319,F,F,F,F,19.00113267,2.747044147,0.043456208,0.006538531,F,F,0.13 E,0.028174385,0.265138702,0.033705006,14.88832953,1.650476947,F,F,28 E,6.846875692,40.86 E,11.54245663,0.236598763,0.026934155,0.158965869,0.025225926,0.48 E,0.099037041,0.7 E,0.220344307
    JAMS- JELLIES AND MARMALADE ,41B,Female,19+ Years,7138,9.262074292,1.647176441,0.14079084,F,F,F,.,13.17056668,0.993271499,0.025282896,0.002269094,F,F,F,.,0.184731549,0.019295272,17.78409878,1.008194253,13.29069828,0.631680008,34.79818389,5.209951086,40.01 E,9.579314527,0.272972287,0.016361453,0.204553824,0.014460742,0.492477446,0.056267065,0.75 E,0.133417936
    OTHER SUGARS (SYRUPS- MOLASSES- HONEY- ETC) ,41C,Both,All ages,19670,24.18182365,6.467035987,0.252004924,F,F,19.99496836,0.492933382,39.9974241,0.768021445,0.118694465,0.004956208,F,F,0.329634594,0.018964691,0.699995551,0.034459174,26.74337585,0.887322308,17.04276537,0.907409957,61.51024644,2.498663935,81.79682572,3.307237155,0.490358326,0.018611647,0.259380663,0.011239296,1.06628435,0.057556856,1.729451285,0.089602716
    OTHER SUGARS (SYRUPS- MOLASSES- HONEY- ETC) ,41C,Both,1-3 Years,1288,24.82081403,3.664152163,0.40167452,F,F,16.45125728,2.699886921,19.94532493,0.487958391,0.263740334,0.027362766,F,F,1.063929221,0.102217438,1.410259486,0.142352991,14.76241738,1.025577921,12.46 E,2.319547435,26.88914609,3.024431581,38.85098095,4.702603835,1.0282067,0.070942018,0.92 E,0.157215272,1.932678717,0.205663974,2.877803272,0.333458567
    OTHER SUGARS (SYRUPS- MOLASSES- HONEY- ETC) ,41C,Both,4-8 Years,1199,36.02456042,10.34733711,1.163028382,F,F,35.02679071,3.945488986,58.03016375,7.229386906,0.446993276,0.045946725,F,F,1.511229282,0.214028633,2.461547478,0.247627234,28.72300728,2.744116815,15.70056671,1.864818789,64.52928827,7.990004321,81.88 E,15.96896129,1.240801472,0.106335967,0.774994493,0.066133368,2.916946951,0.277723774,3.867608384,0.542962074
    OTHER SUGARS (SYRUPS- MOLASSES- HONEY- ETC) ,41C,Both,9-13 Years,1962,30.94793316,10.49823417,1.214661129,F,F,33.95898582,3.696041971,51.9678631,5.609523973,0.279459202,0.045139965,F,F,0.82726146,0.070574185,1.434019916,0.118995479,33.92224648,3.446659178,20.5144765,1.386161665,63.67845561,8.447443247,89.97034249,9.889564162,0.90299795,0.13612257,0.55237736,0.028528293,1.730526588,0.129381643,2.235695147,0.286651606
    OTHER SUGARS (SYRUPS- MOLASSES- HONEY- ETC) ,41C,Both,14-18 Years,1890,25.50265136,9.404068837,1.178782341,F,F,30.751024,5.06380586,55.72318495,6.067743341,0.158340836,0.023361267,F,F,0.532167863,0.078742664,0.902133008,0.08710467,36.87486726,3.929322017,21.15084645,2.450093473,80.38606283,7.159650741,103.32 E,30.61173481,0.620879899,0.081585377,0.350130757,0.042794872,1.301729336,0.200307643,F,F
    OTHER SUGARS (SYRUPS- MOLASSES- HONEY- ETC) ,41C,Both,19-30 Years,1849,24.19308631,7.179445635,1.001930466,F,F,22.16 E,7.372200089,39.35885665,4.396371999,0.101274883,0.013737644,F,F,0.38 E,0.081426855,0.640173019,0.072672319,29.67560874,3.479164277,18.82 E,3.438484182,65.17 E,15.3750013,108.86 E,24.09594265,0.418610845,0.046830053,0.27 E,0.06549852,0.86 E,0.215733608,1.52 E,0.283394477
    OTHER SUGARS (SYRUPS- MOLASSES- HONEY- ETC) ,41C,Both,31-50 Years,4389,20.66325932,4.913366883,0.4169174,F,F,14.74986134,1.598023243,31.64351745,5.088526516,0.063982447,0.005612022,F,F,0.19017771,0.017958725,0.396286559,0.055560603,23.77827625,1.725338522,14.12442293,1.22545161,57.82049603,5.836336055,78.51119074,5.448675058,0.309643535,0.024103985,0.182071897,0.015238363,0.774518321,0.083858898,0.922770491,0.080865962
    OTHER SUGARS (SYRUPS- MOLASSES- HONEY- ETC) ,41C,Both,51-70 Years,4465,23.61507918,6.280730674,0.496234051,F,F,19.98550333,0.912450055,39.99933289,3.672581634,0.080388659,0.006551563,F,F,0.253041136,0.020706997,0.528580684,0.076303797,26.59627192,1.795608201,17.82554934,1.490486648,68.30464912,8.73645929,82.87572333,6.081133443,0.340412403,0.023528561,0.211006467,0.013980772,0.842596434,0.048151509,1.025337083,0.098128878
    OTHER SUGARS (SYRUPS- MOLASSES- HONEY- ETC) ,41C,Both,71+ Years,2628,25.47930162,5.746660612,0.434749369,F,F,18.80829212,1.727390139,37.40680354,2.739094662,0.077740453,0.005939248,F,F,0.270665894,0.021777221,0.461729183,0.032685113,22.55423127,1.33893741,14.07804406,0.978787304,50.98976056,4.76507567,61.52181201,2.417225545,0.305112183,0.018612093,0.201158235,0.016000252,0.679464991,0.065125374,0.827892622,0.05765331
    OTHER SUGARS (SYRUPS- MOLASSES- HONEY- ETC) ,41C,Both,1-18 Years,6339,29.78704098,9.00489678,0.567570905,F,F,30.00542233,2.311329364,49.99486465,4.070538667,0.289288957,0.019759357,F,F,0.915837495,0.056963082,1.576194311,0.113432794,30.23092084,1.649941174,19.00635866,0.745594854,64.89277962,5.5693874,88.97444695,6.369182624,0.965050324,0.058198157,0.586581963,0.030313245,2.081064194,0.175988855,2.971449297,0.191474509
    OTHER SUGARS (SYRUPS- MOLASSES- HONEY- ETC) ,41C,Both,19+ Years,13331,22.80513031,5.843713848,0.273889872,F,F,18.95109846,0.795470297,39.20591654,1.493974386,0.077293263,0.003718019,F,F,0.236322249,0.016088313,0.494625619,0.028335272,25.62455802,1.014336331,16.27638936,1.258053226,60.02550782,3.07833851,81.45083591,3.132090264,0.338929277,0.013852724,0.206648702,0.008339665,0.805803346,0.029966202,1.008570723,0.075391876
    OTHER SUGARS (SYRUPS- MOLASSES- HONEY- ETC) ,41C,Male,9-13 Years,1023,28.61217292,9.332110655,0.861341629,F,F,39.23565455,4.67320874,51.59810441,4.187713162,0.234064544,0.022704081,F,F,0.89779743,0.112241629,1.427173715,0.107678047,32.61587535,2.085511247,21.89359434,3.256354614,61.52532937,7.763500494,86.96795893,9.865648178,0.818059308,0.055729142,0.555960341,0.073982654,1.721082201,0.131119795,1.939401825,0.307680801
    OTHER SUGARS (SYRUPS- MOLASSES- HONEY- ETC) ,41C,Male,14-18 Years,900,23.71388042,8.494615718,1.003139406,F,F,31.23 E,5.261674041,55.64751807,6.801112771,0.128598266,0.015625122,F,F,0.53 E,0.093661274,0.870308117,0.101054775,35.82128091,2.888829444,25.62368164,3.910413656,80.05496756,8.098489056,92.57541147,8.269191539,0.542291114,0.047022349,0.400951881,0.062986457,1.208211864,0.145608806,1.436330779,0.184186292
    OTHER SUGARS (SYRUPS- MOLASSES- HONEY- ETC) ,41C,Male,19-30 Years,857,22.16017443,6.92 E,1.33688332,F,F,F,F,38.87 E,12.07306221,0.09 E,0.018170907,F,F,F,F,0.56 E,0.138722305,31.22316097,4.877623598,18.77 E,5.394736851,70.76 E,14.73494814,100.16 E,28.77733975,0.406988641,0.06727199,0.23 E,0.073080643,0.99 E,0.221920864,1.36 E,0.327508814
    OTHER SUGARS (SYRUPS- MOLASSES- HONEY- ETC) ,41C,Male,31-50 Years,2005,22.77993655,5.395164173,0.621023171,F,F,16.065047,2.196884002,40 E,7.051021865,0.061170506,0.007025005,F,F,0.186630433,0.022414792,0.4 E,0.073827995,23.68384196,2.372498089,14.08060783,1.809773043,59.92529584,9.929952267,79.98951112,6.667991099,0.268527993,0.027028404,0.168978764,0.023903585,0.69404955,0.095063307,0.91825401,0.08938231
    OTHER SUGARS (SYRUPS- MOLASSES- HONEY- ETC) ,41C,Male,51-70 Years,2151,24.77350251,7.579760934,0.839765835,F,F,21.19065368,2.501650545,49.65 E,10.93536549,0.086762392,0.009489743,F,F,0.285573354,0.030624987,0.56 E,0.119830127,30.59624262,2.733589336,20.0021914,1.274310364,79.99371485,5.749901217,89.44702114,10.85320088,0.35022255,0.03043227,0.222552847,0.019454152,0.86495597,0.051437312,1.032796192,0.097749977
    OTHER SUGARS (SYRUPS- MOLASSES- HONEY- ETC) ,41C,Male,71+ Years,1180,26.29663033,7.296225189,0.789228467,F,F,30.37 E,5.239420775,42.31888899,4.405245522,0.089553509,0.010015209,F,F,0.37 E,0.069591053,0.504446197,0.055960655,27.74585602,2.030843985,18.99681648,2.531141224,60.40540823,6.311651388,62.23317201,6.191682968,0.340551273,0.026465259,0.229670461,0.030963556,0.705915276,0.08298434,0.822481166,0.063441601
    OTHER SUGARS (SYRUPS- MOLASSES- HONEY- ETC) ,41C,Male,19+ Years,6193,23.70825613,6.597285343,0.431518052,F,F,20.38087288,1.103803797,42.37338148,2.964834344,0.077919435,0.00525428,F,F,0.235342044,0.021817665,0.510908932,0.038287241,27.82695322,1.464119711,18.09797321,1.217758925,71.79746558,6.00230223,83.77811005,4.275712727,0.328659497,0.017792484,0.203762293,0.010840587,0.836093663,0.0432382,0.989357484,0.076426356
    OTHER SUGARS (SYRUPS- MOLASSES- HONEY- ETC) ,41C,Female,9-13 Years,939,33.40620812,11.73 E,2.32250617,F,F,31.54277804,4.082230463,57.5 E,11.57818156,0.33 E,0.089344602,F,F,0.778727122,0.083298636,1.43 E,0.270797863,35.1 E,6.227314571,20.50872249,1.562180207,70.76402805,10.56824753,90.32 E,24.01820927,0.98 E,0.251840989,0.53785256,0.054083677,1.743586244,0.284352093,2.42 E,0.550489877
    OTHER SUGARS (SYRUPS- MOLASSES- HONEY- ETC) ,41C,Female,14-18 Years,990,27.39398759,10.37 E,2.159848685,F,F,30.61 E,7.948688918,55.44 E,11.70399325,0.19 E,0.044811733,F,F,0.54 E,0.115145802,0.9 E,0.193175019,37.84 E,6.988368406,17.49313159,2.594265238,F,F,158.01 E,48.55530318,0.69 E,0.148534906,0.3 E,0.051190221,F,F,F,F
    OTHER SUGARS (SYRUPS- MOLASSES- HONEY- ETC) ,41C,Female,19-30 Years,992,26.44414178,7.47 E,1.543484094,F,F,28.47 E,7.767766079,41.61682667,3.50140914,0.11 E,0.020923973,F,F,0.42 E,0.096075432,0.662972132,0.078775095,28.24 E,4.862641866,20.37 E,6.069150883,F,F,F,F,0.429395341,0.062246124,0.36 E,0.08469068,F,F,1.63 E,0.474907902
    OTHER SUGARS (SYRUPS- MOLASSES- HONEY- ETC) ,41C,Female,31-50 Years,2384,18.6376779,4.452304789,0.545259769,F,F,14.05369916,2.263024403,28.53 E,5.4445263,0.066673369,0.00851077,F,F,0.2 E,0.033101425,0.39 E,0.074528742,23.88873127,2.418361227,14.25340706,1.857755844,57.51021903,8.230419975,78.49 E,16.97866407,0.357734313,0.038860975,0.216432518,0.023009678,0.834274622,0.121455727,1.09 E,0.287695667
    OTHER SUGARS (SYRUPS- MOLASSES- HONEY- ETC) ,41C,Female,51-70 Years,2314,22.48304339,5.011290809,0.582063221,F,F,17.04820365,2.328541135,35.03 E,7.683456291,0.074160111,0.009561224,F,F,0.230018445,0.033010777,0.45 E,0.103289793,22.28920134,2.008236116,14.08683184,1.328789326,51.97055344,6.431111435,71.22945484,11.61906555,0.329849077,0.034877951,0.194748989,0.022711766,0.741237648,0.05552997,0.87 E,0.214284539
    OTHER SUGARS (SYRUPS- MOLASSES- HONEY- ETC) ,41C,Female,71+ Years,1448,24.83183297,4.519131876,0.545562421,F,F,14.10211514,1.858828667,26.83 E,4.918443618,0.068382427,0.008159227,F,F,0.245290541,0.030482596,0.363493663,0.051685387,18.19894601,1.74681528,11.61321576,1.413452038,39.9972449,4.495067628,52.02339301,6.132787698,0.275382117,0.026402201,0.179670563,0.02105378,0.643992454,0.097804076,0.827198341,0.106001967
    OTHER SUGARS (SYRUPS- MOLASSES- HONEY- ETC) ,41C,Female,19+ Years,7138,21.93321706,5.116186231,0.379091551,F,F,16.71949445,1.688413676,35.04005725,3.753725658,0.076688732,0.005726028,F,F,0.24960414,0.022128401,0.485137449,0.050785139,23.32620069,1.430873981,14.1235538,0.765592097,51.00581247,4.319097156,73.53483246,11.38103095,0.34964653,0.021788492,0.213407752,0.016369661,0.790881843,0.047693705,1.02 E,0.173960455
    SUGAR SUBSTITUTES (ASPARTAME-  DEXTROSE) ,41D,Both,All ages,19670,3.674221271,0.079721816,0.00706823,F,F,F,.,F,.,0.001028844,9.52E-05,F,F,F,.,F,.,2.169760898,0.137535185,1.5 E,0.31821593,3.992895294,0.264866805,5.95 E,1.019637884,0.027936006,0.001876713,0.017857893,0.001353896,0.052536606,0.006496881,0.083104934,0.01281726
    SUGAR SUBSTITUTES (ASPARTAME-  DEXTROSE) ,41D,Both,1-3 Years,1288,F,F,F,F,F,F,.,F,.,F,F,F,F,F,.,F,.,F,F,F,.,F,.,F,.,F,F,F,.,F,.,F,.
    SUGAR SUBSTITUTES (ASPARTAME-  DEXTROSE) ,41D,Both,4-8 Years,1199,F,F,F,F,F,F,.,F,.,F,F,F,F,F,.,F,.,F,F,F,.,F,.,F,.,F,F,F,.,F,.,F,.
    SUGAR SUBSTITUTES (ASPARTAME-  DEXTROSE) ,41D,Both,9-13 Years,1962,F,F,F,F,F,F,.,F,.,F,F,F,F,F,.,F,.,F,F,F,.,F,.,F,.,F,F,F,.,F,.,F,.
    SUGAR SUBSTITUTES (ASPARTAME-  DEXTROSE) ,41D,Both,14-18 Years,1890,F,F,F,F,F,F,.,F,.,F,F,F,F,F,.,F,.,F,F,F,.,F,.,F,.,F,F,F,.,F,.,F,.
    SUGAR SUBSTITUTES (ASPARTAME-  DEXTROSE) ,41D,Both,19-30 Years,1849,2.176647358,F,F,F,F,F,.,F,.,F,F,F,F,F,.,F,.,F,F,F,F,F,F,F,F,F,F,F,F,F,F,F,F
    SUGAR SUBSTITUTES (ASPARTAME-  DEXTROSE) ,41D,Both,31-50 Years,4389,3.805562132,0.078214964,0.012006156,F,F,F,.,F,.,0.000945197,0.00013637,F,F,F,.,F,.,2.055280172,0.227527131,1.72 E,0.429108189,3.52 E,0.898156397,F,F,0.02483724,0.002553202,0.018994872,0.001898387,0.04 E,0.010175808,0.07 E,0.017530735
    SUGAR SUBSTITUTES (ASPARTAME-  DEXTROSE) ,41D,Both,51-70 Years,4465,5.265590157,0.125605329,0.018088434,F,F,F,.,F,F,0.001628238,0.000256752,F,F,F,.,F,F,2.385398891,0.20761018,1.992040953,0.300288191,3.9952558,0.271848319,5.89 E,1.210423562,0.030922236,0.003120001,0.02 E,0.00347867,0.061026424,0.007745089,0.08 E,0.01489478
    SUGAR SUBSTITUTES (ASPARTAME-  DEXTROSE) ,41D,Both,71+ Years,2628,7.663530594,0.17 E,0.030440464,F,F,F,.,0.996858776,0.12657813,0 E,0.000425545,F,F,F,.,0.01 E,0.002190073,2.175259274,0.348061983,F,F,3.02 E,0.632322514,F,F,0.03 E,0.004882171,0.02 E,0.002954133,0.043929712,0.005868054,F,F
    SUGAR SUBSTITUTES (ASPARTAME-  DEXTROSE) ,41D,Both,1-18 Years,6339,F,F,F,F,F,F,.,F,.,F,F,F,F,F,.,F,.,F,F,F,.,F,.,F,.,F,F,F,.,F,.,F,.
    SUGAR SUBSTITUTES (ASPARTAME-  DEXTROSE) ,41D,Both,19+ Years,13331,4.475378744,0.096855699,0.008803295,F,F,F,.,F,.,0.001241366,0.000118131,F,F,F,.,F,.,2.164189991,0.141394787,1.5 E,0.321134761,3.991153377,0.305040242,5.88 E,1.202853933,0.027737675,0.001930395,0.017741655,0.001410031,0.051089409,0.006388786,0.072311659,0.011516098
    SUGAR SUBSTITUTES (ASPARTAME-  DEXTROSE) ,41D,Male,9-13 Years,1023,F,F,F,F,F,F,.,F,.,F,F,F,F,F,.,F,.,F,F,F,.,F,.,F,.,F,F,F,.,F,.,F,.
    SUGAR SUBSTITUTES (ASPARTAME-  DEXTROSE) ,41D,Male,14-18 Years,900,F,F,F,F,F,F,.,F,.,F,F,F,F,F,.,F,.,F,F,F,.,F,.,F,.,F,F,F,.,F,.,F,.
    SUGAR SUBSTITUTES (ASPARTAME-  DEXTROSE) ,41D,Male,19-30 Years,857,F,F,F,F,F,F,.,F,.,F,F,F,F,F,.,F,.,F,F,F,.,F,.,F,.,F,F,F,.,F,.,F,.
    SUGAR SUBSTITUTES (ASPARTAME-  DEXTROSE) ,41D,Male,31-50 Years,2005,2.909033696,0.07 E,0.021207811,F,F,F,.,F,.,0 E,0.000226911,F,F,F,.,F,.,2.41 E,0.459292869,1.98 E,0.406403423,F,F,F,F,0.03 E,0.004750969,0.019257556,0.003079243,F,F,0.08 E,0.026561641
    SUGAR SUBSTITUTES (ASPARTAME-  DEXTROSE) ,41D,Male,51-70 Years,2151,4.74457607,0.08 E,0.015801939,F,F,F,.,F,.,0 E,0.000181378,F,F,F,.,F,.,1.759015105,0.208621131,F,F,2.968865173,0.487932447,3.908037711,0.476356502,0.019271982,0.002508769,0.01 E,0.002686469,0.036660437,0.004192318,0.039822039,0.005644006
    SUGAR SUBSTITUTES (ASPARTAME-  DEXTROSE) ,41D,Male,71+ Years,1180,8.875562831,0.159496281,0.02437682,F,F,F,.,F,F,0.001943211,0.000319691,F,F,F,.,0.01 E,0.003866386,1.797027236,0.178034278,1.48 E,0.374313157,3.059157988,0.405630686,4 E,0.838878098,0.021893949,0.002380309,0.02 E,0.003946194,0.038941886,0.002901243,F,F
    SUGAR SUBSTITUTES (ASPARTAME-  DEXTROSE) ,41D,Male,19+ Years,6193,3.770521266,0.073661662,0.01002279,F,F,F,.,F,.,0.000830326,0.000111259,F,F,F,.,F,.,1.953620106,0.169559827,1.99 E,0.476945213,3.44 E,0.585100605,4.19 E,1.321740583,0.02202153,0.001844221,0.017114031,0.001557589,0.03912471,0.004520584,0.05 E,0.012442566
    SUGAR SUBSTITUTES (ASPARTAME-  DEXTROSE) ,41D,Female,9-13 Years,939,F,F,F,F,F,F,.,F,.,F,F,F,F,F,.,F,.,F,F,F,.,F,.,F,.,F,F,F,.,F,.,F,.
    SUGAR SUBSTITUTES (ASPARTAME-  DEXTROSE) ,41D,Female,14-18 Years,990,F,F,F,F,F,F,.,F,.,F,F,F,F,F,.,F,.,F,F,F,.,F,.,F,.,F,F,F,.,F,.,F,.
    SUGAR SUBSTITUTES (ASPARTAME-  DEXTROSE) ,41D,Female,19-30 Years,992,F,F,F,F,F,F,.,F,.,F,F,F,F,F,.,F,.,F,F,F,.,F,.,F,.,F,F,F,.,F,.,F,.
    SUGAR SUBSTITUTES (ASPARTAME-  DEXTROSE) ,41D,Female,31-50 Years,2384,4.663506514,0.085922537,0.013588038,F,F,F,.,F,.,0.001111798,0.000175403,F,F,F,.,F,.,1.842444883,0.21940397,F,F,2.947018905,0.403348531,3.91 E,1.268494336,0.023840389,0.002845394,0.016842372,0.002313508,0.043442865,0.005583496,0.05 E,0.015236172
    SUGAR SUBSTITUTES (ASPARTAME-  DEXTROSE) ,41D,Female,51-70 Years,2314,5.774736151,0.17 E,0.032432305,F,F,F,.,F,F,0 E,0.000476181,F,F,F,.,F,F,2.888318583,0.318737669,1.94 E,0.465335831,4.33 E,1.084300706,6.18 E,1.962428244,0.040276153,0.004702856,0.03 E,0.006279186,0.07 E,0.012770114,0.09 E,0.026407579
    SUGAR SUBSTITUTES (ASPARTAME-  DEXTROSE) ,41D,Female,71+ Years,1448,6.703387066,0.17 E,0.051192066,F,F,F,.,F,F,0 E,0.000719145,F,F,F,.,F,F,2.57 E,0.681738828,F,F,F,F,7.69 E,2.22220742,0.04 E,0.00952303,0.02 E,0.005099417,F,F,0.09 E,0.023207645
    SUGAR SUBSTITUTES (ASPARTAME-  DEXTROSE) ,41D,Female,19+ Years,7138,5.15587593,0.119248136,0.014087711,F,F,F,.,F,F,0.0016382,0.000202011,F,F,F,.,F,F,2.312858922,0.207220833,1.45 E,0.331780125,3.992677994,0.323619874,5.95 E,1.348839426,0.031773453,0.002999803,0.017953715,0.002414402,0.060811683,0.007176458,0.08 E,0.017685817
  SAVORY SNACKS ,42,Both,All ages,19670,12.29718822,5.229243821,0.3069048,F,F,8.993453447,1.220529662,33.7781906,2.63974223,0.090974302,0.004984698,F,F,0.15789829,0.019286411,0.572721103,0.032570943,42.52389836,1.984569086,26.82116352,1.312458255,89.95497914,7.154638617,124.7264256,13.04496322,0.739419032,0.033562333,0.439460081,0.020553277,1.592066633,0.115561769,2.325420095,0.239666358
  SAVORY SNACKS ,42,Both,1-3 Years,1288,16.47945305,2.927841386,0.475292598,F,F,8.49 E,1.648895816,17.86751159,2.374235049,0.21 E,0.035179714,F,F,0.61 E,0.163163947,1.381789453,0.195553163,17.76661748,2.142240606,9.91 E,2.748306961,34.17 E,10.77204901,57.14 E,11.19875574,1.222644675,0.15837876,0.73 E,0.20619385,2.39 E,0.685442905,3.92 E,0.791802877
  SAVORY SNACKS ,42,Both,4-8 Years,1199,17.48290372,4.899685647,0.641194421,F,F,14.44 E,2.717062934,27.95456791,3.261402439,0.206603671,0.026444439,F,F,0.591841259,0.097453282,1.2 E,0.25372944,28.02558274,3.12446505,16.95482649,1.970134849,58.73286283,9.723977454,86.06158915,11.16377671,1.181746889,0.12827955,0.723472713,0.061142707,2.701473954,0.278175392,3.447945672,0.534404915
  SAVORY SNACKS ,42,Both,9-13 Years,1962,21.29397269,9.754595527,1.352354687,F,F,31.73100236,4.1845517,54.66 E,11.77093432,0.26 E,0.045297826,F,F,0.69 E,0.116116677,1.35 E,0.255755968,45.80918587,5.13698216,27.67162761,3.01693722,104.2179057,15.07302098,146.84 E,41.09355173,1.219506346,0.184196717,0.671606788,0.061565927,3.002266142,0.495014031,3.48 E,0.957546929
  SAVORY SNACKS ,42,Both,14-18 Years,1890,15.67797501,8.480246152,1.065878886,F,F,26.40785699,4.393116937,54.96 E,10.62999111,0.126707791,0.015532552,F,F,0.419495305,0.067876465,0.814423532,0.090648427,54.09018797,4.807743321,35.15097339,4.654157088,110.27 E,20.61450189,164.63 E,28.73855351,0.808189777,0.073382795,0.549500269,0.050739955,1.662736982,0.16920621,2.08 E,0.375950763
  SAVORY SNACKS ,42,Both,19-30 Years,1849,13.35815637,6.231722634,0.946189106,F,F,F,F,43.67 E,7.891311951,0.085280597,0.01314245,F,F,F,F,0.641480602,0.103310209,46.65106815,4.98317639,32.05 E,5.977023971,110.4131136,14.77021698,139.0101568,19.87378032,0.638415921,0.070541248,0.42 E,0.074390945,1.27 E,0.252916962,1.75 E,0.389779947
  SAVORY SNACKS ,42,Both,31-50 Years,4389,11.62901167,4.615019326,0.408876062,F,F,F,F,33.23269579,4.726448796,0.061674923,0.005617804,F,F,F,F,0.433689394,0.04281374,39.68539594,2.367951861,27.55359804,2.697677148,87.99754177,1.898601402,106.7703378,9.85252344,0.530353956,0.034632343,0.355537182,0.034062452,1.106187462,0.066151725,1.444625324,0.153754222
  SAVORY SNACKS ,42,Both,51-70 Years,4465,10.97663927,5.284527941,0.832966859,F,F,F,F,31.99 E,5.902004458,0.071435016,0.011432743,F,F,F,F,0.42 E,0.077865534,48.14340539,6.223147462,28.18667764,3.824156001,110.020932,14.42924976,146.01 E,34.42862864,0.650791328,0.084776904,0.37439623,0.055749842,1.44 E,0.274716076,2 E,0.517952076
  SAVORY SNACKS ,42,Both,71+ Years,2628,5.27404782,2.23 E,0.633742589,F,F,F,.,F,F,0.03 E,0.007983137,F,F,F,.,F,F,42.26 E,10.16554814,15.34 E,4.421550256,F,F,F,F,0.56 E,0.12571343,0.22 E,0.046761974,1.56 E,0.456321615,F,F
  SAVORY SNACKS ,42,Both,1-18 Years,6339,17.81528021,6.894354878,0.515302366,F,F,18.10232293,2.265593225,43.26225208,2.796471838,0.197954607,0.015916254,F,F,0.582357029,0.044689268,1.168740639,0.093846418,38.69910995,2.453735225,23.22914064,1.66542416,87.64436837,2.814357821,123.5354559,15.59056127,1.105030812,0.075203201,0.652930173,0.034764881,2.384057118,0.272334728,3.466655746,0.28637944
  SAVORY SNACKS ,42,Both,19+ Years,13331,10.94189367,4.820277108,0.361515536,F,F,F,F,31.16664291,3.140138875,0.065011487,0.00492925,F,F,F,F,0.419115964,0.032861985,44.05340842,2.557304388,27.98010014,1.893687172,99.04710782,8.794946327,124.4490966,15.900572,0.594152067,0.03513983,0.38191429,0.024880534,1.282904896,0.093154331,1.815910538,0.226802082
  SAVORY SNACKS ,42,Male,9-13 Years,1023,21.3354382,10.72 E,2.204042626,F,F,31.9 E,5.880195701,58.24 E,13.82874359,0.29 E,0.079854777,F,F,0.665603271,0.106060993,1.48 E,0.326803962,50.23 E,8.907122131,31.71277653,4.09635627,F,F,F,F,1.37 E,0.339290208,0.621469081,0.058822089,2.99 E,0.968643228,F,F
  SAVORY SNACKS ,42,Male,14-18 Years,900,15.422761,8.992319814,1.483398889,F,F,27.84 E,9.211072615,63.77 E,13.56499788,0.13 E,0.022237608,F,F,0.44 E,0.118285387,0.827967375,0.089099418,58.30551232,6.774296976,45.4052,5.321268442,117.42 E,21.57872295,148.94 E,46.27821054,0.849185811,0.117284993,0.617252001,0.067775683,1.66 E,0.282469856,2.21 E,0.623134935
  SAVORY SNACKS ,42,Male,19-30 Years,857,11.94777616,7.35 E,1.653747688,F,F,F,F,55.34 E,15.82962696,0.09 E,0.022545612,F,F,F,F,0.72 E,0.182507201,61.52536624,8.564311383,46.54 E,8.356877179,123.57 E,21.45937111,156.881787,20.21390576,0.79192161,0.123876422,0.66 E,0.110822686,1.53 E,0.433338533,2.37 E,0.551132055
  SAVORY SNACKS ,42,Male,31-50 Years,2005,10.70244896,4.694648943,0.618466294,F,F,F,F,36.39 E,7.35365653,0.052848007,0.006964932,F,F,F,F,0.44 E,0.086231979,43.86518414,3.750770652,33.73 E,5.683416782,87.9096262,6.464120296,122.4062539,18.11000565,0.493793591,0.043178229,0.41 E,0.071240186,1.072961889,0.087025029,1.271722689,0.148586232
  SAVORY SNACKS ,42,Male,51-70 Years,2151,9.470264851,5.23 E,1.3490573,F,F,F,.,32.02 E,9.064207763,0.07 E,0.017400559,F,F,F,.,0.36 E,0.117442566,55.26 E,11.60331572,34.06 E,6.762029837,F,F,F,F,0.69 E,0.149380265,0.42 E,0.086065245,F,F,F,F
  SAVORY SNACKS ,42,Male,71+ Years,1180,4.552270554,1.54 E,0.378420025,F,F,F,.,F,.,0.02 E,0.004547468,F,F,F,.,F,.,33.8 E,6.35965358,F,F,86.39819964,11.72283233,91.12056564,9.074081215,0.4 E,0.075945913,0.19 E,0.062824085,1.01400581,0.129173564,1.082470666,0.108640745
  SAVORY SNACKS ,42,Male,19+ Years,6193,9.853979817,5.009019211,0.591014474,F,F,F,.,35.90295873,5.178471525,0.060696233,0.007565056,F,F,F,.,0.435055707,0.063374816,50.83244845,4.474217738,36.47678192,3.603628941,112.7487843,11.00258536,150,24.06287909,0.615956539,0.058647397,0.43620554,0.045096672,1.254624855,0.155746227,2.14 E,0.501481468
  SAVORY SNACKS ,42,Female,9-13 Years,939,21.25033223,8.74 E,1.67853322,F,F,27.23 E,6.388269094,51.53 E,16.68100549,0.22 E,0.045446694,F,F,0.84 E,0.173396484,F,F,41.13323271,5.565561534,26.74691045,4.034696822,99.73 E,18.26649058,120.7188097,17.83198366,1.057290217,0.153363774,0.82 E,0.152254857,2.97 E,0.695059265,3.403135858,0.503337984
  SAVORY SNACKS ,42,Female,14-18 Years,990,15.94782258,7.94 E,1.465639854,F,F,23.7 E,5.499130795,48.4 E,12.98770295,0.122203417,0.020262333,F,F,0.39 E,0.092990432,0.8 E,0.206559352,49.77990542,6.732057276,29.75836872,2.567862745,92.86 E,29.61546792,171.9 E,43.42307529,0.766270229,0.088999758,0.47361996,0.044179682,1.711897524,0.223113257,2.012451992,0.264148984
  SAVORY SNACKS ,42,Female,19-30 Years,992,14.9198788,4.992436407,0.791655627,F,F,F,F,32.65 E,8.36711664,0.074942319,0.012323342,F,F,F,F,0.44 E,0.116258523,33.46164183,4.219766933,22 E,5.657999023,64.02 E,13.86304093,86.84146202,7.913292495,0.50229844,0.064242278,0.36 E,0.087238001,1.06 E,0.272687076,1.72 E,0.316638912
  SAVORY SNACKS ,42,Female,31-50 Years,2384,12.51569774,4.538816743,0.507309159,F,F,F,F,29.90698052,4.484129405,0.070121954,0.008487593,F,F,F,F,0.422282571,0.049463504,36.26499167,2.921741162,24.70464858,2.299200987,80.88413866,7.882748017,99.65913985,9.624704765,0.560272034,0.052377743,0.352812216,0.027029887,1.133465791,0.125632336,1.56 E,0.264415037
  SAVORY SNACKS ,42,Female,51-70 Years,2314,12.44870023,5.34 E,0.923856138,F,F,F,F,31.99 E,7.401856599,0.08 E,0.013990057,F,F,0.16 E,0.049122469,0.49 E,0.119091465,42.85628149,5.902491589,26.61 E,4.9689966,102.1841272,15.79467604,138.12 E,26.92747003,0.622922709,0.089002577,0.37 E,0.067218427,1.451721876,0.231874467,1.82 E,0.346440897
  SAVORY SNACKS ,42,Female,71+ Years,1448,5.845822852,F,F,F,F,F,.,F,F,F,F,F,F,F,.,F,F,F,F,F,F,F,F,F,F,0.66 E,0.196987897,F,F,F,F,2.7 E,0.828880166
  SAVORY SNACKS ,42,Female,19+ Years,7138,11.99220858,4.638058045,0.400428491,F,F,8.38 E,1.640306495,29.03353611,2.432853088,0.069177604,0.006076552,F,F,0.14 E,0.025270181,0.414646905,0.033990775,38.67559518,2.729088389,24.68918031,2.411763378,87.99605464,6.286501529,113.2786513,14.65380162,0.576854577,0.041043094,0.353671451,0.022646938,1.355887168,0.139656393,1.808849861,0.190620506
    POPCORN -  PLAIN & PRETZELS ,42A,Both,All ages,19670,3.230155601,1.141275556,0.143497739,F,F,F,.,F,.,0.020679021,0.002439391,F,F,F,.,F,.,35.33190647,3.353610438,18.5937044,3.013106534,88 E,14.86174916,113.3018004,16.30018281,0.640013998,0.058059108,0.358054459,0.046198552,1.826086957,0.25049692,2.262882625,0.317879813
    POPCORN -  PLAIN & PRETZELS ,42A,Both,1-3 Years,1288,4.100199204,F,F,F,F,F,.,F,.,F,F,F,F,F,.,F,.,18.78 E,6.031401222,10.5 E,2.901289928,F,F,F,F,1.3 E,0.414591756,0.73 E,0.232947313,F,F,4.11 E,1.318075928
    POPCORN -  PLAIN & PRETZELS ,42A,Both,4-8 Years,1199,5.765781579,1.18 E,0.231029624,F,F,F,.,F,F,0.05 E,0.010046971,F,F,F,.,F,F,20.47458131,2.949306283,10.92 E,3.43597438,46.05 E,12.29185046,65.97 E,11.13556129,0.899412724,0.126736296,0.55 E,0.146583077,2.42 E,0.439714844,2.785056039,0.36210571
    POPCORN -  PLAIN & PRETZELS ,42A,Both,9-13 Years,1962,6.136145469,1.79 E,0.321700623,F,F,F,.,F,F,0.04 E,0.008882698,F,F,F,.,F,F,29.12808685,4.066245403,18.63 E,4.683521786,75.47 E,14.15446862,87.12139075,11.93678734,0.73 E,0.122934448,0.45 E,0.111630737,2.09 E,0.502087859,2.42 E,0.495691001
    POPCORN -  PLAIN & PRETZELS ,42A,Both,14-18 Years,1890,2.801528013,0.85 E,0.19127726,F,F,F,.,F,.,0.01 E,0.003764952,F,F,F,.,F,.,30.19005153,4.08585768,24.88571229,3.896899515,57.41 E,17.31529255,88.72 E,18.58429465,0.52 E,0.092173657,0.383206315,0.05847314,F,F,F,F
    POPCORN -  PLAIN & PRETZELS ,42A,Both,19-30 Years,1849,3.450541613,1.18 E,0.355209926,F,F,F,.,F,.,0.02 E,0.004525359,F,F,F,.,F,.,34.27 E,8.236302305,F,F,F,F,111.04 E,27.71113659,0.46 E,0.100884081,F,F,1.04 E,0.236139158,1.139735204,0.166213433
    POPCORN -  PLAIN & PRETZELS ,42A,Both,31-50 Years,4389,2.784894102,0.91 E,0.162986073,F,F,F,.,F,.,0.01 E,0.002181706,F,F,F,.,F,.,32.70268141,4.552729687,19.2 E,4.358662659,87.99512725,13.58482196,99.55579329,14.01775237,0.428677623,0.066015429,0.23 E,0.060660035,0.95 E,0.192323969,1.54 E,0.347775666
    POPCORN -  PLAIN & PRETZELS ,42A,Both,51-70 Years,4465,2.960245078,1.55 E,0.442851044,F,F,F,.,F,.,0.02 E,0.007188537,F,F,F,.,F,.,52.46 E,10.84545844,27.64 E,8.619672971,112.75 E,26.95384665,163.68 E,34.67817658,0.81 E,0.178441204,F,F,2.03 E,0.359620686,2.333469307,0.384824769
    POPCORN -  PLAIN & PRETZELS ,42A,Both,71+ Years,2628,1.999133493,F,F,F,F,F,.,F,.,F,F,F,F,F,.,F,.,F,F,9.57 E,2.736537478,F,F,F,F,F,F,0.13 E,0.036553969,F,F,F,F
    POPCORN -  PLAIN & PRETZELS ,42A,Both,1-18 Years,6339,4.737148469,1.178158298,0.138697927,F,F,F,.,F,.,0.039591371,0.005760759,F,F,F,.,F,.,24.87062219,2.219218075,16.61823507,2.609032661,60.29443918,8.703179433,81.81338681,7.884211984,0.831795521,0.097029862,0.483455675,0.052045083,2.07691963,0.337332634,2.788520609,0.463167241
    POPCORN -  PLAIN & PRETZELS ,42A,Both,19+ Years,13331,2.860024181,1.132216812,0.174594004,F,F,F,.,F,.,0.016089224,0.002672553,F,F,F,.,F,.,39.58766572,4.566502786,22.5 E,3.77939665,112.3658406,15.26363125,116.82 E,26.89794066,0.562555519,0.071987366,0.3 E,0.067032071,1.57 E,0.298653868,2.16 E,0.365128592
    POPCORN -  PLAIN & PRETZELS ,42A,Male,9-13 Years,1023,7.023656131,1.96 E,0.405065126,F,F,F,.,F,F,0.04 E,0.009754261,F,F,F,.,F,F,27.93959823,4.272906781,F,F,56.79228179,8.606188168,64.68 E,14.65629709,0.64 E,0.115281508,0.46 E,0.115116477,1.374039926,0.204075849,1.54 E,0.474360947
    POPCORN -  PLAIN & PRETZELS ,42A,Male,14-18 Years,900,F,0.46 E,0.128524755,F,F,F,.,F,.,0.01 E,0.002012061,F,F,F,.,F,.,F,F,F,.,F,.,F,.,F,F,F,.,F,.,F,.
    POPCORN -  PLAIN & PRETZELS ,42A,Male,19-30 Years,857,F,F,F,F,F,F,.,F,.,F,F,F,F,F,.,F,.,F,F,F,.,F,.,F,.,F,F,F,.,F,.,F,.
    POPCORN -  PLAIN & PRETZELS ,42A,Male,31-50 Years,2005,2.841567838,0.87 E,0.232422874,F,F,F,.,F,.,0.01 E,0.002400126,F,F,F,.,F,.,30.73 E,6.053142609,23.45 E,6.261451308,60.67 E,16.41047847,86.19822776,14.27478577,0.33 E,0.06024303,0.24 E,0.066806507,0.69 E,0.158807741,1.07 E,0.220673036
    POPCORN -  PLAIN & PRETZELS ,42A,Male,51-70 Years,2151,1.791026138,F,F,F,F,F,.,F,.,F,F,F,F,F,.,F,.,49.83 E,13.78708078,F,F,111.75 E,26.37638448,121.25 E,26.19776881,F,F,F,F,2.12 E,0.657643056,2.19 E,0.581699209
    POPCORN -  PLAIN & PRETZELS ,42A,Male,71+ Years,1180,F,F,F,F,F,F,.,F,.,F,F,F,F,F,.,F,.,F,F,F,.,F,.,F,.,F,F,F,.,F,.,F,.
    POPCORN -  PLAIN & PRETZELS ,42A,Male,19+ Years,6193,2.32550444,0.85 E,0.177159668,F,F,F,.,F,.,0.01 E,0.002661967,F,F,F,.,F,.,36.35180437,5.53640196,18.95 E,5.311134799,106.58 E,20.75227911,113.9425718,13.1603558,0.47 E,0.08800452,0.21 E,0.060435751,F,F,2.14 E,0.64351005
    POPCORN -  PLAIN & PRETZELS ,42A,Female,9-13 Years,939,5.202083322,1.6 E,0.516013588,F,F,F,.,F,F,F,F,F,F,F,.,F,F,30.82 E,7.777012588,F,F,86.49 E,19.28141955,87.7763342,13.65616405,0.87 E,0.242458377,F,F,2.37 E,0.588256584,2.85 E,0.607146847
    POPCORN -  PLAIN & PRETZELS ,42A,Female,14-18 Years,990,3.702035603,1.26 E,0.364379379,F,F,F,.,F,.,0.02 E,0.007357549,F,F,F,.,F,.,33.92 E,5.745764807,24.53 E,5.50453848,75.07 E,20.3500073,93.73 E,20.64971568,0.61 E,0.135631176,0.42 E,0.083692689,F,F,F,F
    POPCORN -  PLAIN & PRETZELS ,42A,Female,19-30 Years,992,4.343019791,F,F,F,F,F,.,F,.,F,F,F,F,F,.,F,.,33.63 E,9.503064354,F,F,53.25349223,7.469834394,57.83 E,15.61942952,0.48 E,0.124905868,F,F,0.729861355,0.101358875,0.81 E,0.227173749
    POPCORN -  PLAIN & PRETZELS ,42A,Female,31-50 Years,2384,2.730659443,0.95 E,0.221477995,F,F,F,.,F,.,0.01 E,0.003526944,F,F,F,.,F,.,34.67 E,6.256686084,F,F,91.64025385,14.85562141,111.49 E,23.14227357,0.52 E,0.104538245,F,F,1.54 E,0.418716542,2.07 E,0.419692082
    POPCORN -  PLAIN & PRETZELS ,42A,Female,51-70 Years,2314,4.102830575,F,F,F,F,F,.,F,.,F,F,F,F,F,.,F,.,53.58 E,14.13191086,F,F,113.27 E,31.01316714,162.38 E,41.19258974,0.83 E,0.223731611,F,F,1.78 E,0.39394157,2.3 E,0.516019501
    POPCORN -  PLAIN & PRETZELS ,42A,Female,71+ Years,1448,2.307076361,F,F,F,F,F,.,F,.,F,F,F,F,F,.,F,.,F,F,F,F,F,F,F,F,F,F,F,F,F,F,F,F
    POPCORN -  PLAIN & PRETZELS ,42A,Female,19+ Years,7138,3.376070603,1.41 E,0.297411389,F,F,F,.,F,.,0.02 E,0.004593871,F,F,F,.,F,.,41.73955826,6.564147704,22.54 E,4.86743313,112.48 E,23.94827959,140.85 E,34.6019815,0.625842377,0.101986724,0.36 E,0.089409161,1.76 E,0.373884411,2.08 E,0.503459529
    SALTY AND HIGH-FAT SNACKS (INCL TORTILLA CHIPS) ,42B,Both,All ages,19670,9.320220202,4.087968265,0.265310624,F,F,F,.,25.01183395,2.204571091,0.070295282,0.004382354,F,F,F,.,0.425719156,0.029083725,43.86128414,2.233007597,27.96546428,1.598870069,87.94525776,6.237254302,124.9560465,15.64369381,0.753736531,0.038639814,0.457727878,0.025148125,1.493358182,0.112320327,2.346597353,0.285661301
    SALTY AND HIGH-FAT SNACKS (INCL TORTILLA CHIPS) ,42B,Both,1-3 Years,1288,12.92127483,2.157706979,0.310677669,F,F,F,F,14.91 E,3.154329783,0.15346491,0.023626459,F,F,F,F,1.13 E,0.22043069,16.69887071,2.07472445,9.9 E,3.124903396,30.58 E,6.930878876,46.35994498,6.126045439,1.145633908,0.156405829,F,F,1.98 E,0.401634113,3.045766369,0.428755484
    SALTY AND HIGH-FAT SNACKS (INCL TORTILLA CHIPS) ,42B,Both,4-8 Years,1199,11.88229118,3.719166009,0.603895305,F,F,F,F,20 E,4.446269241,0.154745498,0.024768965,F,F,F,F,0.8 E,0.17084588,31.30007466,4.28574704,17.70465948,2.380915403,62.33 E,14.7844294,F,F,1.302320364,0.174276711,0.725499895,0.067836872,2.907748767,0.423220336,3.66 E,1.180467105
    SALTY AND HIGH-FAT SNACKS (INCL TORTILLA CHIPS) ,42B,Both,9-13 Years,1962,15.8772275,7.97 E,1.327613115,F,F,25.00808836,3.898394028,43.99 E,7.535607078,0.21 E,0.044737382,F,F,0.56 E,0.100394144,1.08 E,0.19331863,50.18038412,6.426140443,31.70027389,2.986035197,116.44 E,20.34403597,F,F,1.35 E,0.23565775,0.768443928,0.090048373,3.35 E,0.590759841,F,F
    SALTY AND HIGH-FAT SNACKS (INCL TORTILLA CHIPS) ,42B,Both,14-18 Years,1890,13.08721271,7.634463401,1.072846411,F,F,F,F,50.05 E,10.92603346,0.112104504,0.015522635,F,F,F,F,0.72330143,0.097938181,58.33528935,5.531323054,39.87181918,5.145946469,121.82 E,23.22049376,165.01 E,33.01310075,0.85659572,0.084124,0.616442221,0.055615209,1.695184796,0.163483283,2.01 E,0.576273398
    SALTY AND HIGH-FAT SNACKS (INCL TORTILLA CHIPS) ,42B,Both,19-30 Years,1849,9.997582507,5.05 E,0.880513425,F,F,F,.,33.51 E,10.02982774,0.07 E,0.012393359,F,F,F,.,0.45 E,0.123333905,50.50424528,5.626258554,33.51 E,7.578646231,110.66 E,20.36805938,159.0965454,25.58197065,0.695150206,0.081659191,0.45 E,0.089630779,1.54 E,0.297515874,2.24 E,0.420412749
    SALTY AND HIGH-FAT SNACKS (INCL TORTILLA CHIPS) ,42B,Both,31-50 Years,4389,9.096005741,3.70428428,0.358695939,F,F,F,.,25.17 E,4.265177901,0.049736706,0.005024551,F,F,F,.,0.35218544,0.047168958,40.72429576,2.692239283,29.86974539,3.322657808,86.78315183,2.376903672,102.9760794,12.38512087,0.54679721,0.039268586,0.386771289,0.035992372,1.095258182,0.074433184,1.361285563,0.179971066
    SALTY AND HIGH-FAT SNACKS (INCL TORTILLA CHIPS) ,42B,Both,51-70 Years,4465,8.249743429,3.73 E,0.677923061,F,F,F,.,18.94 E,4.616656455,0.05 E,0.008437757,F,F,F,.,0.26 E,0.05259745,45.23258415,6.916295483,27.95162603,4.051384809,87.57 E,16.39009283,124.46 E,37.99110508,0.57469122,0.084775597,0.352137161,0.055202037,1.19 E,0.211361206,F,F
    SALTY AND HIGH-FAT SNACKS (INCL TORTILLA CHIPS) ,42B,Both,71+ Years,2628,3.537333506,F,F,F,F,F,.,F,.,F,F,F,F,F,.,F,.,45.6 E,13.79977126,F,F,F,F,F,F,0.61 E,0.170936922,F,F,1.46 E,0.471306746,F,F
    SALTY AND HIGH-FAT SNACKS (INCL TORTILLA CHIPS) ,42B,Both,1-18 Years,6339,13.46700653,5.716196579,0.506926513,F,F,11.31 E,2.718675047,33.7978523,3.333458945,0.158363236,0.014884241,F,F,0.406213659,0.046485621,0.951797093,0.080583719,42.44593308,3.103163384,25.00888418,1.656648831,87.82522055,10.93858485,139.6563175,21.31533462,1.168926249,0.093208044,0.695953431,0.044233971,2.417196933,0.346084137,3.468388724,0.367034053
    SALTY AND HIGH-FAT SNACKS (INCL TORTILLA CHIPS) ,42B,Both,19+ Years,13331,8.301731036,3.688060296,0.304286718,F,F,F,.,22.01452764,3.039570885,0.048922264,0.00400548,F,F,F,.,0.306311558,0.034144419,44.42519614,2.839832836,29.93693559,2.232264278,87.993955,7.224972691,123.6254182,17.25610227,0.589301958,0.037208685,0.38763499,0.026770283,1.245161575,0.080394023,1.619530088,0.244271571
    SALTY AND HIGH-FAT SNACKS (INCL TORTILLA CHIPS) ,42B,Male,9-13 Years,1023,15.12464255,8.76 E,2.169646315,F,F,21.7 E,6.172077179,47.98 E,15.30919136,0.25 E,0.079328872,F,F,0.53 E,0.129511335,1.3 E,0.351501561,57.89 E,11.78039916,31.88 E,5.57681944,F,F,F,F,1.64 E,0.457917024,0.68 E,0.124888537,F,F,F,F
    SALTY AND HIGH-FAT SNACKS (INCL TORTILLA CHIPS) ,42B,Male,14-18 Years,900,13.62683229,8.53 E,1.488353497,F,F,F,F,61.78 E,14.35029985,0.12 E,0.022302986,F,F,F,F,0.812897146,0.091557497,62.62951774,7.411033508,45.96644075,5.987840685,121.84 E,21.32247857,F,F,0.910600849,0.130356025,0.678448253,0.064693868,1.69 E,0.295447113,2.26 E,0.713969517
    SALTY AND HIGH-FAT SNACKS (INCL TORTILLA CHIPS) ,42B,Male,19-30 Years,857,9.423564088,6.42 E,1.594022081,F,F,F,.,49.72 E,14.49605013,0.08 E,0.021914768,F,F,F,.,0.64 E,0.184147606,68.11972357,8.920724298,55.04 E,9.882453646,151.95 E,26.19077346,158.6855646,18.78342514,0.883196289,0.134945713,0.72 E,0.123988871,1.71 E,0.414856012,2.38 E,0.50515541
    SALTY AND HIGH-FAT SNACKS (INCL TORTILLA CHIPS) ,42B,Male,31-50 Years,2005,7.986461324,3.821478702,0.553279763,F,F,F,.,F,F,0.043384481,0.006322289,F,F,F,.,F,F,47.84946106,4.491397498,36.75097013,5.738139931,91.77887469,10.76903324,123.7713618,19.96670747,0.54322533,0.051854663,0.434453757,0.061408685,1.169115716,0.110522838,1.29 E,0.270550589
    SALTY AND HIGH-FAT SNACKS (INCL TORTILLA CHIPS) ,42B,Male,51-70 Years,2151,7.789940452,4.34 E,1.282894934,F,F,F,.,F,F,0.05 E,0.015770354,F,F,F,.,F,F,55.72 E,13.71816809,33.91 E,7.662608517,F,F,F,F,0.66 E,0.16945538,0.43 E,0.091569311,F,F,F,F
    SALTY AND HIGH-FAT SNACKS (INCL TORTILLA CHIPS) ,42B,Male,71+ Years,1180,2.941867153,1.08 E,0.34113474,F,F,F,.,F,.,0.01 E,0.003976931,F,F,F,.,F,.,36.69 E,7.202353668,F,F,86.96823956,12.73463441,91.31656486,9.774758888,0.43 E,0.081774451,F,F,1.014612666,0.124295391,1.054203617,0.075882854
    SALTY AND HIGH-FAT SNACKS (INCL TORTILLA CHIPS) ,42B,Male,19+ Years,6193,7.634623341,4.163656386,0.559543748,F,F,F,.,25.43 E,6.153533711,0.049827074,0.007038019,F,F,F,.,0.3 E,0.075775202,54.53650037,5.388172932,39.62402761,4.366579083,110.6924722,15.47385363,157.39 E,36.41084981,0.652646138,0.06912226,0.48150984,0.045829009,1.25805167,0.197612651,1.97 E,0.595599076
    SALTY AND HIGH-FAT SNACKS (INCL TORTILLA CHIPS) ,42B,Female,9-13 Years,939,16.66928684,7.14 E,1.629374583,F,F,24.93 E,5.377234433,39.75 E,9.290248599,0.18 E,0.043606424,F,F,0.64 E,0.182857502,1.021857581,0.168961304,42.82023309,6.706429702,28.45627572,4.425923141,111.72 E,29.0510846,121.7742288,19.32374781,1.08 E,0.182971518,0.831205546,0.12851529,3.24 E,1.027418007,3.42 E,0.727429381
    SALTY AND HIGH-FAT SNACKS (INCL TORTILLA CHIPS) ,42B,Female,14-18 Years,990,12.5166522,6.68 E,1.455998033,F,F,F,F,F,F,0.1 E,0.019573574,F,F,F,F,0.62 E,0.199445548,53.39211561,8.260068616,29.46295922,3.755116764,F,F,184.48 E,45.42090665,0.794429317,0.106122657,0.47 E,0.078285092,1.761206596,0.23431975,1.92 E,0.430159578
    SALTY AND HIGH-FAT SNACKS (INCL TORTILLA CHIPS) ,42B,Female,19-30 Years,992,10.63319653,3.53 E,0.624736562,F,F,F,F,23.72 E,7.556454957,0.05 E,0.010373626,F,F,F,F,0.36 E,0.10704915,33.21749213,4.512390048,19.21 E,5.872510262,82.17849679,12.11095144,90.29771107,9.387790424,0.510613279,0.076223262,0.35 E,0.091545671,1.25 E,0.307402031,1.742914986,0.239561516
    SALTY AND HIGH-FAT SNACKS (INCL TORTILLA CHIPS) ,42B,Female,31-50 Years,2384,10.1577985,3.592133576,0.445200055,F,F,F,F,25.18499139,3.525376345,0.055815549,0.007655961,F,F,F,F,0.354118846,0.04466666,35.36330808,3.068152194,25.09187892,2.526107995,64.91044459,10.5121642,87.19610752,9.216766063,0.549484699,0.057046448,0.353862686,0.031930565,1.094801011,0.102723318,1.35 E,0.279039582
    SALTY AND HIGH-FAT SNACKS (INCL TORTILLA CHIPS) ,42B,Female,51-70 Years,2314,8.69907263,3.136655642,0.486030876,F,F,F,.,17.81 E,3.691144738,0.0436237,0.006404483,F,F,F,.,0.24 E,0.058559952,36.05735663,4.513551682,21.04 E,4.647204453,85.04329141,8.93777734,101.29 E,22.35473999,0.501475296,0.055678676,0.32 E,0.058783366,1.08 E,0.218100629,1.431373562,0.121045042
    SALTY AND HIGH-FAT SNACKS (INCL TORTILLA CHIPS) ,42B,Female,71+ Years,1448,4.009047993,F,F,F,F,F,.,F,.,F,F,F,F,F,.,F,.,F,F,F,F,F,F,F,F,F,F,F,F,F,F,F,F
    SALTY AND HIGH-FAT SNACKS (INCL TORTILLA CHIPS) ,42B,Female,19+ Years,7138,8.945783094,3.228901089,0.27371349,F,F,F,.,19.09707451,2.89939195,0.048048724,0.004120929,F,F,F,.,0.310949279,0.037235256,36.09411333,2.54486309,24.66978144,2.684439167,83.45380173,5.339736822,98.10254158,9.17304322,0.537110312,0.037655491,0.346969142,0.022985836,1.113941303,0.131381213,1.511379107,0.128699685
   CONFECTIONARY,43,Both,All ages,19670,15.082182,9.263372369,0.548578953,F,F,13.9173434,1.151928749,54.90272848,5.888942647,0.1973065,0.009776689,F,F,0.221642241,0.025326641,0.987628465,0.064901092,61.41931165,3.160648051,21.97967534,1.350348582,149.2951357,7.753206924,209.5151907,21.44405459,1.308230816,0.057818677,0.436886067,0.030077934,3.284191847,0.207554785,5.441697848,0.576612743
   CONFECTIONARY,43,Both,1-3 Years,1288,22.66280515,11.86316711,1.712792516,F,F,F,F,78.84 E,18.04597095,0.90929043,0.137001978,F,F,2.91 E,0.834004702,6.72 E,1.514343282,52.34641976,5.905578803,24.97 E,4.737324108,144.5474853,17.41271473,155.422246,13.80338823,3.912905617,0.473104155,1.68 E,0.553716674,11.00133701,1.22406438,12.55691605,0.894161401
   CONFECTIONARY,43,Both,4-8 Years,1199,37.1020217,22.64973084,2.337909292,F,F,74.74284252,7.391745065,116.2163567,14.41947552,0.969886358,0.101719959,F,F,3.186775997,0.448072934,4.953259721,0.741608838,61.04716076,5.650206024,21.95621087,2.66922327,142.7696712,18.01131201,216.84 E,46.03618775,2.614106492,0.247108547,1.031759944,0.11937276,6.158497799,0.956707214,9.664347257,1.497995611
   CONFECTIONARY,43,Both,9-13 Years,1962,28.88462374,23.55693799,2.63383422,F,F,72.78995674,7.440720384,115.6861499,14.42083903,0.595153354,0.066509822,F,F,1.707223168,0.281061095,3.274164075,0.305759851,81.55528772,8.004033857,36.95122077,6.098527167,173.13 E,43.71775662,332.91 E,58.95270006,2.060450429,0.203343044,0.952066273,0.121390277,4.47 E,1.021495755,7.979506454,1.229091011
   CONFECTIONARY,43,Both,14-18 Years,1890,18.24910139,14.04960487,1.856294817,F,F,19.94 E,3.998220955,75.87116725,8.089229197,0.215968222,0.026171836,F,F,0.34 E,0.075410032,1.28427188,0.15019296,76.98792708,9.450639127,21.96 E,4.676958801,165.22 E,33.24312455,300.9851412,36.58697787,1.183445791,0.130118796,0.415266541,0.056242879,2.800151598,0.430539756,4.658892581,0.74688088
   CONFECTIONARY,43,Both,19-30 Years,1849,12.84007292,5.99 E,1.380910312,F,F,F,F,F,F,0.08 E,0.01794767,F,F,F,F,F,F,46.64 E,8.909326841,18.77 E,4.736559388,148.62 E,30.06318825,149.74 E,42.78279562,0.64 E,0.115653641,0.28 E,0.065913819,1.79 E,0.319044691,2.35 E,0.655532739
   CONFECTIONARY,43,Both,31-50 Years,4389,11.88070184,7.86 E,1.36906747,F,F,F,F,F,F,0.092930057,0.014274575,F,F,F,F,0.36 E,0.108102027,66.19518267,10.38993798,18.66698566,2.724550259,151.8451957,24.2561776,F,F,0.782193327,0.105149564,0.26 E,0.046099347,1.584785667,0.219058714,F,F
   CONFECTIONARY,43,Both,51-70 Years,4465,11.88431597,6.757004458,0.842617476,F,F,F,F,36.93 E,8.516417291,0.091982876,0.011831588,F,F,F,F,0.45 E,0.110727398,56.85648609,5.632563442,25.19 E,4.487626274,142.0751077,15.3346939,169.79 E,36.23136602,0.773985444,0.078812261,0.368288082,0.04577144,1.914606498,0.21654796,2.41 E,0.406933082
   CONFECTIONARY,43,Both,71+ Years,2628,12.61333036,6.013361938,0.775473474,F,F,F,F,24.71 E,4.283784638,0.084542254,0.011344223,F,F,0.09 E,0.026838779,0.38 E,0.064677419,47.67465661,5.453195725,21.12356252,3.018849659,126.4604299,17.17457114,181.26 E,33.83802352,0.670261154,0.081169352,0.287609221,0.045140887,1.787278303,0.220735095,2.45 E,0.581037017
   CONFECTIONARY,43,Both,1-18 Years,6339,27.0980811,18.62989425,1.149759291,F,F,54.95820272,5.801386537,106.0909772,6.106711821,0.640327966,0.040781248,F,F,1.562609209,0.156113388,3.714702831,0.259299083,68.74986529,3.713566832,25.5971216,2.097468403,149.8494021,9.598766693,257.7334606,33.30782422,2.35056447,0.129544369,0.984340424,0.05026827,6.151002662,0.563654778,10.27487158,0.982369761
   CONFECTIONARY,43,Both,19+ Years,13331,12.13096579,6.962867758,0.610807071,F,F,5.97 E,1.09779794,29.0161178,4.650339846,0.089790595,0.007109425,F,F,0.08 E,0.014333868,0.401539645,0.047807113,57.39747255,4.385897947,21.41697933,1.491568846,143.5330791,11.77312581,174.7367245,26.82943549,0.740176803,0.049014232,0.295475934,0.026503655,1.822584281,0.111615655,2.413762431,0.234150428
   CONFECTIONARY,43,Male,9-13 Years,1023,27.44156356,23.95907287,3.403259242,F,F,73.80721666,9.133050903,117.9 E,26.84788719,0.614791842,0.092007433,F,F,1.78 E,0.323573249,3.54 E,0.638320701,87.3094305,11.07142928,37 E,10.49532927,212.04 E,44.14383559,330.5919346,51.97856578,2.240367391,0.302999446,1.14 E,0.235037779,5.63 E,1.003677984,7.737131917,0.928109391
   CONFECTIONARY,43,Male,14-18 Years,900,16.91762251,15.58 E,3.321416538,F,F,F,F,78.3 E,15.40517315,0.22 E,0.04275343,F,F,F,F,1.18 E,0.24195973,92.12 E,18.73670428,F,F,193.37 E,53.67820417,F,F,1.29 E,0.239509719,0.42 E,0.124804249,3.08 E,0.756476235,F,F
   CONFECTIONARY,43,Male,19-30 Years,857,9.292664767,F,F,F,F,F,.,F,F,F,F,F,F,F,.,F,F,75.85 E,17.98618693,F,F,F,F,F,F,0.98 E,0.22748485,F,F,F,F,F,F
   CONFECTIONARY,43,Male,31-50 Years,2005,11.30075292,11.03 E,2.771741645,F,F,F,F,F,F,0.12 E,0.02787637,F,F,F,F,F,F,97.61 E,20.85305364,F,F,F,F,489.67 E,159.7667269,1.04 E,0.208835899,F,F,F,F,F,F
   CONFECTIONARY,43,Male,51-70 Years,2151,9.251505595,3.759067131,0.553542101,F,F,F,.,18.04 E,4.495377865,0.044738683,0.006734693,F,F,F,.,0.22 E,0.060544523,40.63195004,4.937149178,20.64 E,3.838941177,99.86401636,16.02633645,119.8303003,10.54617408,0.483582726,0.061623638,0.22 E,0.055920862,1.17 E,0.196880262,1.433299176,0.181892917
   CONFECTIONARY,43,Male,71+ Years,1180,10.3876771,5.15 E,0.902214829,F,F,F,F,25.83 E,6.406977422,0.06 E,0.010758637,F,F,F,F,0.37 E,0.09382347,49.58097585,6.913954896,23.99 E,4.062818011,139.7465227,16.8082884,155.0462494,18.76808865,0.604062387,0.080181381,0.37 E,0.068379407,1.525285356,0.236828795,1.970255682,0.232455898
   CONFECTIONARY,43,Male,19+ Years,6193,10.16318034,7.273486517,1.157372031,F,F,F,F,25.19 E,6.645184717,0.082665812,0.012262226,F,F,F,F,0.31 E,0.078342469,71.5670319,9.761075,24.91622868,4.127302366,152.2197335,14.09127788,F,F,0.813385268,0.100929616,0.305472397,0.050693121,1.823416601,0.228784475,F,F
   CONFECTIONARY,43,Female,9-13 Years,939,30.40337494,23.13 E,4.130237102,F,F,63.74 E,11.72831674,111.2807254,18.01987967,0.57 E,0.096277718,F,F,1.48 E,0.480596699,3.223441392,0.410492473,76.08928447,11.5608513,34.38 E,8.144771753,F,F,346.91 E,107.7579329,1.889542835,0.261536321,0.854313219,0.133277504,F,F,8.16 E,2.441390622
   CONFECTIONARY,43,Female,14-18 Years,990,19.65692515,12.42743478,1.875837427,F,F,21.54 E,5.976717901,74.63 E,13.7739979,0.212842316,0.032938783,F,F,0.4 E,0.099618184,1.28 E,0.23230251,63.22166199,8.471656288,21.7 E,4.766204666,152.23 E,32.67355143,302.99 E,69.48292302,1.0827854,0.149641572,0.41 E,0.076960823,2.46 E,0.559044974,4.44 E,1.079694761
   CONFECTIONARY,43,Female,19-30 Years,992,16.76813916,4.81 E,0.820071945,F,F,F,F,22.52 E,6.517234918,0.07 E,0.012084391,F,F,F,F,0.39 E,0.097744703,28.71 E,5.492116314,F,F,84.84 E,17.73658631,109.9656961,17.61780733,0.43 E,0.08230124,F,F,1.16 E,0.266268622,1.72 E,0.331545573
   CONFECTIONARY,43,Female,31-50 Years,2384,12.43569139,4.83462513,0.64168875,F,F,F,F,21.88 E,6.812464856,0.069718483,0.00968963,F,F,F,F,0.34 E,0.07938692,38.87701116,4.024078952,15.19 E,3.146866768,97.84675969,5.104063812,119.9139134,9.945373827,0.560632138,0.062204464,0.25 E,0.04788211,1.425180378,0.113138042,1.824733227,0.171115748
   CONFECTIONARY,43,Female,51-70 Years,2314,14.457154,9.686652268,1.613634842,F,F,F,F,72.85 E,18.9143975,0.138150901,0.022851303,F,F,F,F,1 E,0.306689346,67.00248381,8.454609776,30 E,8.387810238,143.8623883,18.11865778,224.04 E,58.09599678,0.955588498,0.115883145,0.43 E,0.11245439,2.178220775,0.270819011,3.159136571,0.502192992
   CONFECTIONARY,43,Female,71+ Years,1448,14.37644071,6.7 E,1.175446035,F,F,10.77 E,2.830906098,F,F,0.1 E,0.018300392,F,F,0.14 E,0.034792376,F,F,46.58 E,7.790657215,17.92 E,3.231136874,113.77 E,35.56334175,204.67 E,47.43267711,0.71 E,0.122483249,0.25 E,0.047873131,2 E,0.520900679,3.33 E,0.651623983
   CONFECTIONARY,43,Female,19+ Years,7138,14.0307434,6.662984167,0.622681373,F,F,7.75 E,1.799613191,32.2 E,7.164674553,0.096669141,0.008995229,F,F,0.11 E,0.02261467,0.47 E,0.098742699,47.48846142,3.716483575,18.81153442,2.326214301,115.5902245,11.00015619,160.0543488,18.22425856,0.688980892,0.053226652,0.282084398,0.035890733,1.789920142,0.132506674,2.412718259,0.220365174
    CANDIES -  GUMS-  ETC,43A,Both,All ages,19670,10.95009748,3.634422938,0.383724971,F,F,F,F,18.00444657,1.317708596,0.066925703,0.004640095,F,F,0.05 E,0.016656751,0.330956973,0.026889068,33.19078157,3.144990178,14.9932764,1.089082046,79.72385403,10.50559607,129.8875421,16.94532331,0.611358031,0.035112515,0.282132136,0.021517238,1.517652461,0.070894337,2.192699022,0.215838696
    CANDIES -  GUMS-  ETC,43A,Both,1-3 Years,1288,14.03545363,2.84 E,0.485021376,F,F,F,F,19.28 E,3.831541393,0.2 E,0.034140008,F,F,F,F,1.417844215,0.223330733,20.26157515,2.688633213,12.47552456,1.903244764,43.46 E,10.55441647,65.15 E,19.70096464,1.43882356,0.189957707,0.92 E,0.160936829,3.31 E,0.665912023,4.86 E,0.946337547
    CANDIES -  GUMS-  ETC,43A,Both,4-8 Years,1199,27.65186171,5.902610166,0.644845367,F,F,20.43702128,1.961737793,29.06539485,3.741818377,0.267137708,0.031657925,F,F,0.926321173,0.103670709,1.294745373,0.201962125,21.34615827,1.722870418,15.27216346,1.553504787,38.80025943,6.163898947,51.27 E,16.17146338,0.966074946,0.090386193,0.66406153,0.053552341,1.930663777,0.299144637,2.63 E,0.58105436
    CANDIES -  GUMS-  ETC,43A,Both,9-13 Years,1962,20.9291202,7.348595574,0.890771046,F,F,20.94231161,2.676207836,39.49 E,6.98284204,0.174557267,0.021158045,F,F,0.460147077,0.071039641,1.057760475,0.148822927,35.11182269,3.288485044,18.03463413,1.948564325,74.66 E,15.06754271,128.9 E,23.75441859,0.834040155,0.075676097,0.43326581,0.039719486,1.5 E,0.482350271,2.94 E,0.588206332
    CANDIES -  GUMS-  ETC,43A,Both,14-18 Years,1890,13.26619182,4.944464067,0.773275144,F,F,F,F,21.84868146,3.575162499,0.078646254,0.012338302,F,F,0.11 E,0.032020158,0.39106033,0.056710418,37.27116369,5.117231775,15.90975208,2.039193568,89.13 E,19.16017212,139.15 E,26.68539805,0.592832182,0.08119165,0.261398668,0.036037091,1.36 E,0.230587865,2.3 E,0.500153305
    CANDIES -  GUMS-  ETC,43A,Both,19-30 Years,1849,10.12316742,2.71 E,0.593067037,F,F,F,F,14.74 E,4.601588282,0.04 E,0.009026188,F,F,F,F,0.23 E,0.064581896,26.75 E,4.935582432,14.65 E,3.668226734,F,F,F,F,0.39 E,0.075804386,0.22 E,0.055496206,F,F,F,F
    CANDIES -  GUMS-  ETC,43A,Both,31-50 Years,4389,8.715726732,3.61 E,1.135588589,F,F,F,.,11.6 E,2.249169016,0.04 E,0.010757677,F,F,F,.,0.16 E,0.026561772,41.44 E,12.14277055,13.90825646,1.847279986,F,F,F,F,0.46 E,0.112814868,0.16763675,0.014502165,F,F,F,F
    CANDIES -  GUMS-  ETC,43A,Both,51-70 Years,4465,8.72241621,3.59 E,0.614475443,F,F,F,.,14.95 E,3.994296505,0.05 E,0.008088736,F,F,F,.,0.21 E,0.053367139,41.15602931,5.732312846,20.39470514,2.595230149,108.9042172,17.27169108,140.8273973,17.91840003,0.554038012,0.072418049,0.28 E,0.049223424,1.495567117,0.242701729,2.080261968,0.331320866
    CANDIES -  GUMS-  ETC,43A,Both,71+ Years,2628,7.919541233,1.299268882,0.171364738,F,F,F,.,9.5 E,2.50172742,0.018497492,0.00252482,F,F,F,.,0.12 E,0.025913202,16.40586044,1.708142939,11.29445833,1.425235153,28.74319634,3.866645419,39.92399204,5.212120609,0.233567726,0.02528141,0.156141695,0.024484378,0.510186727,0.061820228,0.532778349,0.056686986
    CANDIES -  GUMS-  ETC,43A,Both,1-18 Years,6339,19.46519643,5.504662837,0.380234074,F,F,14.9599624,1.467718624,27.95420241,2.140397776,0.177527393,0.012372102,F,F,0.510133199,0.054201585,1.035030101,0.059323566,28.27951343,1.608765752,15.97727176,1.209838309,60.15117945,4.895663151,103.6872537,11.84149312,0.907969852,0.050613582,0.520065979,0.044777854,1.926500613,0.237779701,3.19781064,0.249757066
    CANDIES -  GUMS-  ETC,43A,Both,19+ Years,13331,8.858710242,3.17507468,0.473369877,F,F,F,.,12.2688409,1.401961589,0.040084022,0.004927697,F,F,F,.,0.167408604,0.016496733,35.84127478,4.815299876,14.92448856,1.460430646,90.99 E,15.87382997,149.0036829,23.69185421,0.452481462,0.047839498,0.198607082,0.017997384,1.45 E,0.333895026,1.629664133,0.212868347
    CANDIES -  GUMS-  ETC,43A,Male,9-13 Years,1023,19.28501807,7.82 E,1.369202514,F,F,20.03 E,3.720169922,39.87 E,9.547671344,0.18 E,0.031803388,F,F,0.45 E,0.096539069,1.15 E,0.21065929,40.56372103,5.850956277,20.8201567,2.52687959,110.47 E,32.49374583,170.02 E,31.75734725,0.956949372,0.131414027,0.484445458,0.065889976,2.31 E,0.749262362,4.02 E,0.892827614
    CANDIES -  GUMS-  ETC,43A,Male,14-18 Years,900,12.02363447,4.55 E,1.036864086,F,F,F,F,19.78 E,5.578675627,0.07 E,0.0156419,F,F,F,F,0.33 E,0.094414459,37.82 E,7.179102651,14.91 E,3.296327746,122 E,38.11643028,155.73 E,41.45443308,0.56 E,0.110180706,0.24 E,0.068673522,1.36 E,0.414691006,2.5 E,0.753921115
    CANDIES -  GUMS-  ETC,43A,Male,19-30 Years,857,6.537925807,F,F,F,F,F,.,F,F,F,F,F,F,F,.,F,F,41.44 E,10.76025478,F,F,F,F,F,F,0.59 E,0.17465504,F,F,F,F,F,F
    CANDIES -  GUMS-  ETC,43A,Male,31-50 Years,2005,8.812170926,F,F,F,F,F,.,15.55 E,4.08665233,F,F,F,F,F,.,0.17 E,0.038160898,F,F,17.58150003,2.87957448,F,F,F,F,F,F,0.195619022,0.02960683,F,F,F,F
    CANDIES -  GUMS-  ETC,43A,Male,51-70 Years,2151,6.712942749,1.83 E,0.374799792,F,F,F,.,F,F,0.02 E,0.004490864,F,F,F,.,F,F,27.25 E,4.845674574,16.27 E,3.696938733,F,F,110.95 E,31.26529555,0.32 E,0.057633975,0.18 E,0.041616538,F,F,1.34 E,0.393332999
    CANDIES -  GUMS-  ETC,43A,Male,71+ Years,1180,6.16600925,1.13 E,0.217178167,F,F,F,.,F,F,0.01 E,0.00293133,F,F,F,.,F,F,18.25228994,2.121206853,14.59 E,3.787078837,36.14237334,5.600432918,41.19 E,8.318989906,0.233110077,0.028763328,0.18 E,0.050103846,0.487465572,0.074535515,0.524260564,0.069364919
    CANDIES -  GUMS-  ETC,43A,Male,19+ Years,6193,7.42301129,3.34 E,0.912026476,F,F,F,.,11.82 E,2.843429476,0.04 E,0.00891119,F,F,F,.,0.15 E,0.036648358,44.95 E,10.9907547,18.01104457,1.963685483,119.15 E,39.64478593,F,F,0.5 E,0.103718155,0.21650918,0.026357719,1.45 E,0.439465433,F,F
    CANDIES -  GUMS-  ETC,43A,Female,9-13 Years,939,22.65945836,6.849601514,1.019181094,F,F,20.98375645,3.15261735,37.8 E,9.068161746,0.16404265,0.02518457,F,F,0.46 E,0.101985782,0.95152815,0.156055644,30.22844327,3.370908266,17.49915865,2.225786026,63.02 E,11.17227346,91.75466348,14.08476781,0.723947798,0.08101731,0.38689291,0.050249551,1.4 E,0.358730306,2.89 E,0.899267746
    CANDIES -  GUMS-  ETC,43A,Female,14-18 Years,990,14.57999542,5.36 E,1.189921618,F,F,F,F,21.86 E,6.290934448,0.09 E,0.019483071,F,F,F,F,0.41 E,0.095594404,36.8 E,7.376215003,17.76333635,2.530082875,76.73 E,12.98345119,F,F,0.62 E,0.118697037,0.272354171,0.041436083,1.42 E,0.250301843,2.24 E,0.590009291
    CANDIES -  GUMS-  ETC,43A,Female,19-30 Years,992,14.09312687,2.705410512,0.444710641,F,F,F,F,14.31 E,4.271318194,0.039807102,0.006352167,F,F,F,F,0.27 E,0.084006693,19.2 E,3.226771475,F,F,F,F,77.55 E,18.17164886,0.282457555,0.045602062,F,F,F,F,0.99 E,0.198011836
    CANDIES -  GUMS-  ETC,43A,Female,31-50 Years,2384,8.623433224,1.742071096,0.257520907,F,F,F,.,7.51 E,2.361855772,0.024815491,0.00358085,F,F,F,.,0.13 E,0.026960484,20.20159547,2.711237893,10.06 E,1.908010875,54.69 E,15.91850982,75.24423773,11.12867585,0.287768115,0.038092367,0.136099311,0.019882998,0.69 E,0.15695599,1.18 E,0.217076911
    CANDIES -  GUMS-  ETC,43A,Female,51-70 Years,2314,10.68611621,5.31 E,1.188993679,F,F,F,F,F,F,0.07 E,0.015664329,F,F,F,F,0.39 E,0.12346651,49.69 E,8.822529472,21.79 E,5.180087195,112.27 E,20.5019274,F,F,0.696243953,0.107783511,0.37 E,0.065877522,1.78 E,0.324141018,2.410171582,0.37812704
    CANDIES -  GUMS-  ETC,43A,Female,71+ Years,1448,9.308648166,1.44 E,0.244124526,F,F,F,.,10.72 E,2.385404148,0.02 E,0.003744204,F,F,F,.,0.14 E,0.02947291,15.43697535,2.220890626,10.87007761,1.287656809,25.16530466,2.985409732,34.46 E,6.444613172,0.233807869,0.034410192,0.15 E,0.026919609,0.510918412,0.070430043,0.544429022,0.079299811
    CANDIES -  GUMS-  ETC,43A,Female,19+ Years,7138,10.24479059,3.019314514,0.401783503,F,F,F,F,12.94111377,1.905338328,0.042973946,0.005349485,F,F,F,F,0.184898234,0.030332878,29.47170552,3.445641469,12.68443793,1.446591198,79.56346935,12.08469628,108.6849369,16.51174241,0.419471199,0.044221048,0.179847775,0.021880782,1.23 E,0.2573087,1.775611156,0.260554249
      POPSICLE - SHERBERT,43B,Both,All ages,19670,2.282324653,3.481220594,0.357601368,F,F,F,.,F,.,0.08450976,0.007622229,F,F,F,.,F,.,152.5295969,10.77892914,75.77267216,4.639096478,347.48 E,58.086965,483.5436369,50.00730732,3.70110121,0.284469468,1.998272457,0.242453764,8.529340106,1.192585742,13.4019945,1.416786212
      POPSICLE - SHERBERT,43B,Both,1-3 Years,1288,5.653615624,5.95 E,1.514311524,F,F,F,.,F,F,0.48 E,0.127802282,F,F,F,.,F,F,105.2745105,12.72353007,74.83 E,14.80617572,158.9632004,25.03659283,201.79 E,54.57407839,8.018052523,1.000971986,6.29 E,1.511801243,13.57438397,1.603297781,14.58 E,2.879223412
      POPSICLE - SHERBERT,43B,Both,4-8 Years,1199,7.651956305,11.49 E,2.120084941,F,F,F,.,71.28320635,8.977944992,0.48 E,0.087859506,F,F,F,.,3.11 E,0.650002228,150.1044973,19.08487982,79.9 E,19.73209303,363.73 E,60.96953951,450.6899533,58.59338135,6.307516162,0.756081138,3.86 E,0.819993076,13.45 E,2.616813822,16.92 E,2.913419645
      POPSICLE - SHERBERT,43B,Both,9-13 Years,1962,6.94156519,12.48 E,2.388421944,F,F,F,.,73.83 E,16.47782496,0.33 E,0.060818718,F,F,F,.,2.11 E,0.632179965,179.8163212,26.70654228,F,F,453.9840798,73.59586922,518 E,102.0274516,4.760592257,0.660238741,3.073238939,0.340889683,10.68 E,2.0402425,13.4 E,2.689350071
      POPSICLE - SHERBERT,43B,Both,14-18 Years,1890,3.514470853,7.74 E,1.690980461,F,F,F,.,F,.,0.12 E,0.023261494,F,F,F,.,F,.,220.32 E,41.73485196,F,F,F,F,844.95 E,272.3402119,3.279325777,0.544286478,1.46 E,0.439325564,7.2 E,1.757322402,11.28 E,2.800621395
      POPSICLE - SHERBERT,43B,Both,19-30 Years,1849,1.899431416,F,F,F,F,F,.,F,.,F,F,F,F,F,.,F,.,145.65 E,30.41139478,118.47 E,35.41840554,F,F,435.66 E,135.9314193,1.85 E,0.358216681,1.382032026,0.22839141,F,F,5.4 E,1.488520815
      POPSICLE - SHERBERT,43B,Both,31-50 Years,4389,1.751355873,3 E,0.794816915,F,F,F,.,F,.,0.04 E,0.00950626,F,F,F,.,F,.,171.33 E,31.41453362,78.63 E,17.67381306,485.06 E,123.7056528,597.69 E,99.77549296,2.08 E,0.380451346,1.115443593,0.115423608,5.83 E,1.87193757,7.64 E,1.520852958
      POPSICLE - SHERBERT,43B,Both,51-70 Years,4465,1.078998623,0.92 E,0.25158444,F,F,F,.,F,.,0.01 E,0.003213876,F,F,F,.,F,.,85.6 E,15.88353627,57.14 E,11.70171802,190.94 E,60.02439613,245.17 E,61.49192454,1.06 E,0.210297267,0.68 E,0.116236968,F,F,3.05 E,0.688163955
      POPSICLE - SHERBERT,43B,Both,71+ Years,2628,F,F,F,F,F,F,.,F,.,F,F,F,F,F,.,F,.,F,F,F,.,F,.,F,.,F,F,F,.,F,.,F,.
      POPSICLE - SHERBERT,43B,Both,1-18 Years,6339,5.942966208,9.757230836,1.022331055,F,F,F,.,57.08 E,16.46324996,0.333978783,0.0353855,F,F,F,.,1.7 E,0.446179551,164.1811596,12.4390048,79.27195136,10.87877017,348.5125745,51.25383599,483.1841073,64.40365555,5.573395584,0.401742064,3.520088778,0.338918125,13.38158115,1.479881303,15.85117015,1.33006747
      POPSICLE - SHERBERT,43B,Both,19+ Years,13331,1.38323715,1.94 E,0.375100656,F,F,F,.,F,.,0.02 E,0.004496168,F,F,F,.,F,.,140.2343983,18.09757351,74.81843812,8.089812148,326.41 E,99.39083038,481.48 E,83.80990573,1.732650956,0.216350175,1.029853868,0.091571907,4.42 E,1.200717797,6.22 E,1.190646081
      POPSICLE - SHERBERT,43B,Male,9-13 Years,1023,7.125209959,11.88 E,2.765558733,F,F,F,.,73.69 E,17.78209833,0.33 E,0.079002215,F,F,F,.,1.93 E,0.534859933,166.7 E,34.01258858,77.72 E,18.14386575,F,F,F,F,4.59 E,0.980014432,2.53 E,0.494071781,F,F,F,F
      POPSICLE - SHERBERT,43B,Male,14-18 Years,900,3.555845073,9.6 E,3.080370903,F,F,F,.,F,.,0.13 E,0.038809527,F,F,F,.,F,.,269.89 E,80.71675596,F,F,F,F,1047.82 E,300.9325894,3.61 E,0.999970778,F,F,F,F,15.03 E,4.604899034
      POPSICLE - SHERBERT,43B,Male,19-30 Years,857,F,F,F,F,F,F,.,F,.,F,F,F,F,F,.,F,.,F,F,F,.,F,.,F,.,F,F,F,.,F,.,F,.
      POPSICLE - SHERBERT,43B,Male,31-50 Years,2005,1.819611451,F,F,F,F,F,.,F,.,F,F,F,F,F,.,F,.,237.38 E,48.5274053,F,F,595.3 E,126.2388355,600.3867443,85.61907991,2.64 E,0.617287042,F,F,7.56 E,1.971142916,7.689743819,1.255447307
      POPSICLE - SHERBERT,43B,Male,51-70 Years,2151,F,F,F,F,F,F,.,F,.,F,F,F,F,F,.,F,.,F,F,F,.,F,.,F,.,F,F,F,.,F,.,F,.
      POPSICLE - SHERBERT,43B,Male,71+ Years,1180,F,F,F,F,F,F,.,F,.,F,F,F,F,F,.,F,.,F,F,F,.,F,.,F,.,F,F,F,.,F,.,F,.
      POPSICLE - SHERBERT,43B,Male,19+ Years,6193,1.480254861,2.65 E,0.725030167,F,F,F,.,F,.,0.03 E,0.008454695,F,F,F,.,F,.,179.25 E,30.22558779,F,F,451.05 E,94.35214487,595.0073238,97.25037047,2.05 E,0.365826667,1.14 E,0.297064244,5.44 E,1.536298152,7.55 E,1.425403945
      POPSICLE - SHERBERT,43B,Female,9-13 Years,939,6.748287933,13.12 E,3.933012976,F,F,F,.,F,F,0.33 E,0.091841492,F,F,F,.,F,F,194.4 E,43.10100826,F,F,473.54 E,100.0006305,518.1 E,86.85423705,4.95 E,0.89972269,3.16 E,0.765319067,10.7 E,2.285532546,13.39488655,1.876586866
      POPSICLE - SHERBERT,43B,Female,14-18 Years,990,3.470724301,5.78 E,1.437466979,F,F,F,.,F,.,0.1 E,0.026636072,F,F,F,.,F,.,166.6262002,23.57599359,123.41 E,37.63404456,321.6848958,31.15536917,330.2539063,34.07485731,2.922469195,0.473736752,1.9 E,0.432615593,6.54 E,1.205598789,7.133999482,0.965709208
      POPSICLE - SHERBERT,43B,Female,19-30 Years,992,F,F,F,F,F,F,.,F,.,F,F,F,F,F,.,F,.,F,F,F,.,F,.,F,.,F,F,F,.,F,.,F,.
      POPSICLE - SHERBERT,43B,Female,31-50 Years,2384,1.686037822,1.74 E,0.475459867,F,F,F,.,F,.,0.03 E,0.00722725,F,F,F,.,F,.,103.11 E,17.92933751,69.46019558,8.133521926,F,F,F,F,1.5 E,0.309310852,1.008643747,0.090712573,F,F,F,F
      POPSICLE - SHERBERT,43B,Female,51-70 Years,2314,F,F,F,F,F,F,.,F,.,F,F,F,F,F,.,F,.,F,F,F,.,F,.,F,.,F,F,F,.,F,.,F,.
      POPSICLE - SHERBERT,43B,Female,71+ Years,1448,F,F,F,F,F,F,.,F,.,F,F,F,F,F,.,F,.,F,F,F,.,F,.,F,.,F,F,F,.,F,.,F,.
      POPSICLE - SHERBERT,43B,Female,19+ Years,7138,1.289572429,1.25 E,0.245878518,F,F,F,.,F,.,0.02 E,0.00351979,F,F,F,.,F,.,96.9945631,11.50766359,74.5126498,4.190197103,196.28 E,41.14690559,248.89 E,58.28741012,1.377410691,0.182142634,1.002963373,0.068047653,2.87 E,0.55654734,3.28 E,0.878949557
     JELLO-  DESSERT TOPPINGS AND PUDDING MIXES -  COMMERCIAL,43C,Both,All ages,19670,2.811895867,2.147728837,0.200821351,F,F,F,.,F,.,0.045871037,0.004397406,F,F,F,.,F,.,76.38009864,5.02925817,67.5 E,13.48426222,142.5679154,20.0732097,224.3382175,16.28468921,1.628996385,0.120372227,1.015412837,0.150802317,4.095659724,0.289097314,6.130385375,0.65818336
     JELLO-  DESSERT TOPPINGS AND PUDDING MIXES -  COMMERCIAL,43C,Both,1-3 Years,1288,4.02313377,3.07 E,0.852836774,F,F,F,.,F,.,0.23 E,0.058253133,F,F,F,.,F,.,76.24769961,12.49043272,F,F,121.48 E,28.21245197,171.62 E,35.63724806,5.379367128,0.851435747,4.43 E,1.461085837,10.47077329,0.902885138,11.72032801,0.998465445
     JELLO-  DESSERT TOPPINGS AND PUDDING MIXES -  COMMERCIAL,43C,Both,4-8 Years,1199,5.868624662,5.26 E,1.059395685,F,F,F,.,F,F,0.22 E,0.044452825,F,F,F,.,F,F,89.64945673,8.708685434,96.38719102,9.588353517,136 E,25.89341587,200.78 E,38.81571957,3.75045742,0.410982284,3.733669438,0.327741882,6.14 E,1.761156739,9.48 E,1.972313321
     JELLO-  DESSERT TOPPINGS AND PUDDING MIXES -  COMMERCIAL,43C,Both,9-13 Years,1962,4.713876518,3.73 E,0.799715124,F,F,F,.,F,.,0.09 E,0.019740398,F,F,F,.,F,.,79.05 E,13.48455028,58.1 E,16.97087049,F,F,F,F,1.912151749,0.317205148,F,F,F,F,6.64 E,1.513639791
     JELLO-  DESSERT TOPPINGS AND PUDDING MIXES -  COMMERCIAL,43C,Both,14-18 Years,1890,2.006760294,1.36 E,0.318107386,F,F,F,.,F,.,0.02 E,0.005223637,F,F,F,.,F,.,67.8698603,10.89094922,F,F,122.4235906,17.52669383,145.42 E,37.06133742,1.099833358,0.182587951,F,F,2.313012868,0.286603275,2.61 E,0.483008056
     JELLO-  DESSERT TOPPINGS AND PUDDING MIXES -  COMMERCIAL,43C,Both,19-30 Years,1849,1.178786109,F,F,F,F,F,.,F,.,F,F,F,F,F,.,F,.,F,F,F,F,123.34 E,32.94762778,164.77 E,34.67216562,F,F,F,F,2.18 E,0.688964076,2.46 E,0.744002655
     JELLO-  DESSERT TOPPINGS AND PUDDING MIXES -  COMMERCIAL,43C,Both,31-50 Years,4389,2.140563877,1.25 E,0.216218356,F,F,F,.,F,.,0.02 E,0.002955973,F,F,F,.,F,.,58.49594741,7.519730729,F,F,119.2919228,8.75339761,125.34 E,30.93248744,0.763936877,0.096295319,F,F,1.832609586,0.204725449,2.199866033,0.174247091
     JELLO-  DESSERT TOPPINGS AND PUDDING MIXES -  COMMERCIAL,43C,Both,51-70 Years,4465,2.596328769,2.24 E,0.508570188,F,F,F,.,F,.,0.03 E,0.007817716,F,F,F,.,F,.,86.41156073,13.62824189,F,F,170.05 E,44.61951043,254.27 E,58.99048382,1.24 E,0.22642079,F,F,F,F,F,F
     JELLO-  DESSERT TOPPINGS AND PUDDING MIXES -  COMMERCIAL,43C,Both,71+ Years,2628,5.100836721,4.53 E,0.770654729,F,F,F,.,F,F,0.06 E,0.011270792,F,F,F,.,F,F,88.84833779,9.559205613,89.74 E,19.0492074,184.41 E,36.64493573,248.0648858,32.08612045,1.232916844,0.150025868,1.09 E,0.20315694,2.78 E,0.670591332,4.089141597,0.661043207
     JELLO-  DESSERT TOPPINGS AND PUDDING MIXES -  COMMERCIAL,43C,Both,1-18 Years,6339,4.145541705,3.368000578,0.414392246,F,F,F,.,F,.,0.12882179,0.016712203,F,F,F,.,F,.,81.24391979,6.161039376,85.59 E,14.4260661,141.48 E,27.11540129,208.9171694,24.78604389,3.080284328,0.245347929,2.372965533,0.344683115,6.730606426,1.048577411,9.64258912,1.127329569
     JELLO-  DESSERT TOPPINGS AND PUDDING MIXES -  COMMERCIAL,43C,Both,19+ Years,13331,2.484340085,1.848018784,0.217707071,F,F,F,.,F,.,0.025739901,0.003232442,F,F,F,.,F,.,74.38670717,6.467401363,F,F,148.9109956,21.40986807,220.5871546,23.48431047,1.036086066,0.100683604,0.67 E,0.207988578,2.201921388,0.161405513,3.33 E,0.567937207
     JELLO-  DESSERT TOPPINGS AND PUDDING MIXES -  COMMERCIAL,43C,Male,9-13 Years,1023,4.540154598,F,F,F,F,F,.,F,.,F,F,F,F,F,.,F,.,93.8 E,24.90486689,F,F,F,F,F,F,2.27 E,0.592012561,F,F,5.86 E,1.387445836,6.84 E,1.55459149
     JELLO-  DESSERT TOPPINGS AND PUDDING MIXES -  COMMERCIAL,43C,Male,14-18 Years,900,1.98556713,1.44 E,0.429826104,F,F,F,.,F,.,0.02 E,0.00721773,F,F,F,.,F,.,72.53 E,16.8108356,F,F,112.86 E,23.41407987,142.86 E,44.28472318,1.17 E,0.2785223,F,F,2.404385394,0.385179838,2.84 E,0.4904255
     JELLO-  DESSERT TOPPINGS AND PUDDING MIXES -  COMMERCIAL,43C,Male,19-30 Years,857,F,F,F,F,F,F,.,F,.,F,F,F,F,F,.,F,.,F,F,F,.,F,.,F,.,F,F,F,.,F,.,F,.
     JELLO-  DESSERT TOPPINGS AND PUDDING MIXES -  COMMERCIAL,43C,Male,31-50 Years,2005,1.571381828,1.15 E,0.297168905,F,F,F,.,F,.,0.01 E,0.003174242,F,F,F,.,F,.,72.9 E,13.00285021,F,F,118.46 E,37.069202,190.12 E,40.41811225,0.82 E,0.140399319,F,F,1.63 E,0.299379522,2.195851542,0.348129206
     JELLO-  DESSERT TOPPINGS AND PUDDING MIXES -  COMMERCIAL,43C,Male,51-70 Years,2151,1.797581138,1.14 E,0.312185446,F,F,F,.,F,.,0.01 E,0.004104505,F,F,F,.,F,.,63.41 E,14.76230981,F,F,112.99 E,23.6689905,F,F,0.78 E,0.208821678,F,F,1.49 E,0.361323683,F,F
     JELLO-  DESSERT TOPPINGS AND PUDDING MIXES -  COMMERCIAL,43C,Male,71+ Years,1180,4.588142002,3.97 E,0.880703598,F,F,F,.,F,.,0.05 E,0.01048402,F,F,F,.,F,.,86.52050197,11.53371616,91.94 E,28.87541785,155.6622181,16.83535812,182.6633682,21.78802174,1.039485331,0.132077547,1.07 E,0.255924433,1.987870135,0.211520939,2.060599751,0.260924573
     JELLO-  DESSERT TOPPINGS AND PUDDING MIXES -  COMMERCIAL,43C,Male,19+ Years,6193,1.759997212,1.283679146,0.183304819,F,F,F,.,F,.,0.015182444,0.002177603,F,F,F,.,F,.,72.93643065,7.613969384,58.49 E,17.92624307,142.0664318,20.11351873,185.262681,24.94008343,0.862640242,0.095390209,0.67 E,0.207160989,1.825575404,0.193163959,2.197892006,0.158854851
     JELLO-  DESSERT TOPPINGS AND PUDDING MIXES -  COMMERCIAL,43C,Female,9-13 Years,939,4.896710456,3.17 E,0.680073525,F,F,F,.,F,.,0.08 E,0.017374067,F,F,F,.,F,.,64.65076588,8.938729147,58.47 E,15.86075804,118.300227,6.347880541,118.33 E,23.51644098,1.565155232,0.213077812,F,F,2.44735603,0.153413339,2.67 E,0.707373035
     JELLO-  DESSERT TOPPINGS AND PUDDING MIXES -  COMMERCIAL,43C,Female,14-18 Years,990,F,F,F,F,F,F,.,F,.,F,F,F,F,F,.,F,.,F,F,F,.,F,.,F,.,F,F,F,.,F,.,F,.
     JELLO-  DESSERT TOPPINGS AND PUDDING MIXES -  COMMERCIAL,43C,Female,19-30 Years,992,F,F,F,F,F,F,.,F,.,F,F,F,F,F,.,F,.,F,F,F,.,F,.,F,.,F,F,F,.,F,.,F,.
     JELLO-  DESSERT TOPPINGS AND PUDDING MIXES -  COMMERCIAL,43C,Female,31-50 Years,2384,2.685249937,1.35 E,0.332634926,F,F,F,.,F,.,0.02 E,0.005117188,F,F,F,.,F,.,50.43 E,9.037278756,F,F,115.095914,9.054196018,123.302751,10.42762062,0.73 E,0.137124015,F,F,1.840106999,0.239388734,2.20018217,0.23121906
     JELLO-  DESSERT TOPPINGS AND PUDDING MIXES -  COMMERCIAL,43C,Female,51-70 Years,2314,3.37688186,3.32 E,0.9617328,F,F,F,.,F,.,0.05 E,0.014983676,F,F,F,.,F,.,98.37 E,19.26358656,87.54 E,26.61118569,218.52 E,50.47128968,261.43 E,68.81030971,1.48 E,0.327377589,1.33 E,0.412031617,F,F,6.27 E,1.963380044
     JELLO-  DESSERT TOPPINGS AND PUDDING MIXES -  COMMERCIAL,43C,Female,71+ Years,1448,5.506981459,4.98 E,1.166031575,F,F,F,.,F,F,0.07 E,0.018174568,F,F,F,.,F,F,90.384714,14.78723913,87.66 E,23.71002968,229.95 E,48.6396589,269.3143617,32.98172386,1.36 E,0.239730238,1.08 E,0.341376735,3.42 E,0.683256931,4.158500068,0.530952157
     JELLO-  DESSERT TOPPINGS AND PUDDING MIXES -  COMMERCIAL,43C,Female,19+ Years,7138,3.183649239,2.39285451,0.386200302,F,F,F,.,F,.,0.04 E,0.005992676,F,F,F,.,F,.,75.16074575,9.638683477,F,F,168.1 E,30.51085392,235.5529608,37.43749462,1.128657211,0.154830112,F,F,2.36 E,0.488569486,3.45 E,0.841138607
CONFECTIONARY - CHOCOLATE BARS,44,Both,All ages,19670,18.52809077,4.32737468,0.247997649,F,F,10.99894931,0.569876908,24.93935081,1.381805611,0.074945335,0.003867445,F,F,0.171457808,0.01028391,0.43209412,0.024571171,23.35575064,1.146372225,11.59528817,0.506315853,54.05115474,2.654540415,78.87728602,6.192215685,0.404187459,0.017836634,0.187233899,0.011077387,0.929042581,0.071250572,1.365861995,0.130847522
CONFECTIONARY - CHOCOLATE BARS,44,Both,1-3 Years,1288,17.32876361,2.453400099,0.362567206,F,F,F,F,13.71 E,3.473269627,0.17130935,0.026269407,F,F,F,F,1.107891854,0.138227191,14.15796391,1.622489474,6.97 E,1.758044984,41.98 E,7.897484138,50.07282759,3.895181083,0.96789525,0.118879729,0.44 E,0.111144796,2.87 E,0.655021697,3.751977419,0.483793524
CONFECTIONARY - CHOCOLATE BARS,44,Both,4-8 Years,1199,22.76873339,3.97010588,0.449244064,F,F,11.81363681,1.33803213,20.58881042,2.483886389,0.180325923,0.021197393,F,F,0.483322015,0.059837981,0.99 E,0.176098166,17.43665672,1.682499922,9.994502023,0.980619077,42.17 E,7.186858191,62.54959485,6.549200868,0.791989258,0.082056766,0.436334048,0.035319698,1.89 E,0.32382884,2.836514992,0.37866639
CONFECTIONARY - CHOCOLATE BARS,44,Both,9-13 Years,1962,22.59980405,5.194889303,0.580547894,F,F,11.55596247,1.168163902,26.05 E,6.043552572,0.130047832,0.015071078,F,F,0.295383362,0.038190961,0.64 E,0.123171859,22.98643516,2.407089564,10.50308868,0.886382037,58.04048583,6.509668712,97.2 E,17.94202404,0.575437875,0.063100628,0.242222112,0.0260174,1.439078312,0.201311184,1.96 E,0.414343704
CONFECTIONARY - CHOCOLATE BARS,44,Both,14-18 Years,1890,21.88907807,6.252830098,0.721435123,F,F,14.54 E,3.218940176,44.66548975,4.058187429,0.098549828,0.011677914,F,F,0.22 E,0.053534356,0.701811155,0.098209623,28.56598198,2.86292839,11.32311759,1.491882049,53.21 E,9.899493745,89.9 E,15.39166418,0.450223749,0.04685442,0.19 E,0.032456057,0.994887335,0.071486818,1.53 E,0.316982617
CONFECTIONARY - CHOCOLATE BARS,44,Both,19-30 Years,1849,14.53932986,2.98543928,0.382881546,F,F,8.34 E,2.253391531,16.21 E,3.849935234,0.041316638,0.005226194,F,F,0.13 E,0.034017964,0.24 E,0.04178658,20.53354115,2.010342942,11.54851751,1.104842226,49.65542512,2.981462653,59.9 E,10.6934189,0.284171546,0.027167028,0.171973974,0.014731334,0.735836021,0.08367633,0.892400013,0.063100201
CONFECTIONARY - CHOCOLATE BARS,44,Both,31-50 Years,4389,19.01128212,4.887648749,0.596782308,F,F,11.84299962,1.478235783,25.87 E,5.478606911,0.065913218,0.00804358,F,F,0.160593152,0.021658812,0.36 E,0.074176894,25.70920109,2.836159537,12.25913259,1.068723608,59.74855669,5.700453913,88.68358246,9.247704912,0.346705801,0.03692681,0.165838491,0.016352118,0.999161141,0.159544776,1.167267933,0.099093497
CONFECTIONARY - CHOCOLATE BARS,44,Both,51-70 Years,4465,18.16955708,4.547936752,0.490645732,F,F,11.90451607,1.820631763,28.9401086,3.916896094,0.065218462,0.008076476,F,F,0.160864016,0.026495211,0.413169162,0.034693229,25.03053174,2.183882285,13.98050544,1.279668499,51.92432585,5.658641016,78.9 E,21.17686074,0.358943599,0.037301538,0.193230198,0.023669203,0.700664547,0.087050202,F,F
CONFECTIONARY - CHOCOLATE BARS,44,Both,71+ Years,2628,17.33317487,3.051395793,0.274374776,F,F,7.999797156,0.987631986,18.92 E,3.367750009,0.042725533,0.003936369,F,F,0.128249602,0.01249967,0.254615189,0.040281901,17.60436744,1.312195938,10.25222237,1.012395871,38.13581794,4.235911919,48.14541047,6.206380232,0.246495712,0.018388868,0.150731883,0.013655257,0.482910944,0.045969643,0.671593151,0.101699952
CONFECTIONARY - CHOCOLATE BARS,44,Both,1-18 Years,6339,21.56606445,4.699401217,0.28341673,F,F,11.26855797,0.584294227,26.09810684,3.432433638,0.141595756,0.008798658,F,F,0.361290183,0.035119414,0.805592834,0.071037087,21.79072231,1.161949657,10.50084399,0.492025204,51.9756794,1.244763799,70.13841912,6.649790698,0.653267824,0.035191351,0.320004356,0.02283859,1.559666552,0.132932443,2.56515755,0.275111822
CONFECTIONARY - CHOCOLATE BARS,44,Both,19+ Years,13331,17.78193627,4.236001513,0.30293772,F,F,10.95230026,0.860091635,24.83916898,1.542609006,0.058770091,0.004377358,F,F,0.14615507,0.013002181,0.349765231,0.030315986,23.82193619,1.44224793,12.32797874,0.642103359,56.67805207,3.208630859,79.39093407,7.516725576,0.330504449,0.020590558,0.171486112,0.00775473,0.783358329,0.059974302,1.162661705,0.092946521
CONFECTIONARY - CHOCOLATE BARS,44,Male,9-13 Years,1023,22.59717734,6.325492386,0.992437374,F,F,11.94 E,2.248443126,40.04 E,10.70320848,0.158825382,0.02560472,F,F,0.3 E,0.055002187,0.91 E,0.209835098,27.99240051,4.081122243,11.05959765,0.985880115,80.45 E,19.61645461,117.2180587,17.55734619,0.702854962,0.106158415,0.251095979,0.032384826,1.79 E,0.373678841,3.32 E,0.852151677
CONFECTIONARY - CHOCOLATE BARS,44,Male,14-18 Years,900,19.13851685,5.248337702,0.864256065,F,F,11.33 E,3.402408093,41.60277937,6.498427826,0.08 E,0.013168822,F,F,F,F,0.522992089,0.062938931,27.42290713,3.783856899,11.71 E,2.72861034,51.44807745,5.900527639,75.06 E,15.87352548,0.393576198,0.060339787,0.18 E,0.049863097,0.760679258,0.088388377,0.94 E,0.254456838
CONFECTIONARY - CHOCOLATE BARS,44,Male,19-30 Years,857,13.91192088,3.33 E,0.633362127,F,F,F,F,F,F,0.04 E,0.008059179,F,F,F,F,0.27 E,0.0827985,23.91346536,3.22803542,F,F,50.13666927,6.701219189,76.09 E,14.62574542,0.298051814,0.038084788,0.17 E,0.041617974,0.66 E,0.112882332,0.886434167,0.100768215
CONFECTIONARY - CHOCOLATE BARS,44,Male,31-50 Years,2005,16.78403618,3.955081093,0.547488277,F,F,7.95 E,2.255964998,20.56 E,6.042283647,0.044671826,0.00611704,F,F,0.09 E,0.026602145,0.25 E,0.057596014,23.56454104,2.910955793,11.04303279,1.639642934,64.28 E,10.77234193,94.9586183,8.243831855,0.266156634,0.032219863,0.12 E,0.022894202,0.782718699,0.054947111,0.915468806,0.114603464
CONFECTIONARY - CHOCOLATE BARS,44,Male,51-70 Years,2151,16.50202505,4.151132433,0.523362225,F,F,9.44 E,2.929671741,30.02 E,5.15621234,0.052382549,0.007135093,F,F,F,F,0.39 E,0.070436303,25.15529106,2.392317845,14.4 E,2.762911211,51.79913103,3.735800586,75.04206635,10.90571965,0.317431037,0.033921754,0.17 E,0.033144875,0.69734565,0.046295217,0.88 E,0.155398462
CONFECTIONARY - CHOCOLATE BARS,44,Male,71+ Years,1180,17.99562327,3.31956681,0.378231344,F,F,7.98 E,1.474856559,19.37 E,3.857395969,0.040917201,0.004613282,F,F,0.11 E,0.018279068,0.251642774,0.041666133,18.44652313,1.987358156,9.05 E,2.16579722,39.995092,3.884938894,49.58 E,9.216762609,0.227373067,0.023656157,0.12 E,0.022422074,0.477614987,0.056168673,0.57 E,0.10647897
CONFECTIONARY - CHOCOLATE BARS,44,Male,19+ Years,6193,16.30561407,3.838436079,0.303888653,F,F,8.05 E,1.581979485,24.08313264,3.293905877,0.046241793,0.003710547,F,F,0.1 E,0.01787036,0.277087356,0.039966339,23.54057972,1.474808983,11.54719022,0.861303825,55.83927755,4.05757115,79.77569698,5.615541859,0.283594307,0.018125738,0.15405481,0.013503719,0.69947461,0.039369789,0.890422938,0.055736519
CONFECTIONARY - CHOCOLATE BARS,44,Female,9-13 Years,939,22.60256853,4.004984112,0.526540619,F,F,10.81 E,1.844203061,23.88 E,4.009334315,0.099760849,0.01431172,F,F,0.29 E,0.050219478,0.54 E,0.100911893,17.71915483,1.93573587,9.364304036,1.35879165,49.95 E,8.358603606,59.2062863,4.470871232,0.441369524,0.053112267,0.24 E,0.040158769,1.22 E,0.250061401,1.652075241,0.223169376
CONFECTIONARY - CHOCOLATE BARS,44,Female,14-18 Years,990,24.7973521,7.314918492,1.067884184,F,F,F,F,49.38200737,4.861169674,0.123106704,0.018294719,F,F,F,F,0.908416735,0.104850181,29.49878867,3.725563031,11.05 E,2.503705926,63.42 E,15.20701639,113.85 E,21.77910279,0.496451006,0.062649089,0.2 E,0.050293912,1.118695323,0.172483125,1.86 E,0.391916925
CONFECTIONARY - CHOCOLATE BARS,44,Female,19-30 Years,992,15.23406358,2.607423733,0.389586387,F,F,7.55 E,2.450693202,15.08153137,2.180204118,0.041152653,0.00628349,F,F,F,F,0.234955802,0.028147034,17.11574669,2.414423703,11.54954223,1.625871064,43.41137224,6.056759405,51.96 E,12.78623566,0.270135757,0.039463802,0.179011563,0.023050623,0.748638826,0.10370952,0.89 E,0.154193698
CONFECTIONARY - CHOCOLATE BARS,44,Female,31-50 Years,2384,21.14267368,5.78 E,1.054578089,F,F,15.15 E,2.614258894,34.19 E,8.738647181,0.09 E,0.014867216,F,F,0.22 E,0.037902132,0.52 E,0.14243636,27.33845971,4.377134211,14.5217904,1.636643704,57.75847674,5.872825037,F,F,0.407897515,0.058454768,0.204720058,0.023812934,1.16 E,0.205710311,1.24 E,0.317413262
CONFECTIONARY - CHOCOLATE BARS,44,Female,51-70 Years,2314,19.79910468,4.94 E,0.870374433,F,F,13.24 E,2.401902332,27.61 E,5.952702807,0.08 E,0.01505691,F,F,0.22 E,0.043237775,0.432227585,0.049122394,24.92891679,3.707143557,13.83040905,1.787539342,51.71 E,16.55009187,F,F,0.392755071,0.065133981,0.215628833,0.030431016,F,F,F,F
CONFECTIONARY - CHOCOLATE BARS,44,Female,71+ Years,1448,16.80839878,2.838957,0.37075965,F,F,8.658662819,1.083824527,16.42 E,4.079479324,0.044158051,0.005843267,F,F,0.139664898,0.016479656,0.26 E,0.059002496,16.89010974,1.666295802,10.61465713,1.055519393,29.99 E,6.664978051,47.88 E,9.144960628,0.262714204,0.026117598,0.168264547,0.018199394,0.483537256,0.079597071,0.74 E,0.155412303
CONFECTIONARY - CHOCOLATE BARS,44,Female,19+ Years,7138,19.20723591,4.61982685,0.527234389,F,F,12.01241169,1.182027544,25.94454995,2.271962841,0.070865402,0.008010682,F,F,0.185076233,0.018656775,0.401923689,0.043934924,24.0525335,2.337534006,12.97733625,0.888247173,56.95335652,5.321120695,76.33 E,16.05733687,0.368951591,0.034628637,0.189358063,0.013658563,0.87 E,0.149512895,1.17 E,0.237427744
MISCELLANEOUS,50,Both,All ages,19670,95.79681069,63.45110227,1.581556027,17.71730524,1.581556027,188.3605807,6.574357009,282.3057173,6.938554556,1.019861072,0.028007982,0.267496812,0.008937108,2.869935349,0.098329679,4.532450889,0.157330683,66.23508843,1.633403845,19.81735416,0.67098697,194.6543639,6.210573723,287.0106206,7.041235206,1.064416664,0.029025918,0.295667171,0.011560855,2.983197222,0.107319342,4.678889169,0.15922336
MISCELLANEOUS,50,Both,1-3 Years,1288,89.32148835,26.97351361,2.472559075,2.27 E,2.472559075,91.80485824,8.940214012,136.8137379,14.34955195,1.917763179,0.181266169,F,F,6.123683746,0.547886916,10.33720694,1.083097368,30.19823573,2.729671738,4.01 E,1.031759497,95.89245154,9.254212094,154.8911013,15.65682789,2.145422256,0.198687569,0.27 E,0.056978628,6.427210978,0.775132715,10.51495346,1.37927379
MISCELLANEOUS,50,Both,4-8 Years,1199,95.18419002,39.62935322,4.012984575,6.19 E,4.012984575,130.6685134,16.90242592,209.0467591,29.46886364,1.753844217,0.187970812,0.27 E,0.054014871,5.692935447,0.702905914,8.468020692,0.86239202,41.63438614,4.219994876,7.79 E,1.455576806,134.9427359,16.6099418,221.4044505,30.95383644,1.842579337,0.197866839,0.33 E,0.078148721,6.083825368,0.711206518,8.616552858,0.88191512
MISCELLANEOUS,50,Both,9-13 Years,1962,95.74785117,41.48811776,2.95398197,10.45670818,2.95398197,114.8444265,13.10232468,192.8916346,25.33120211,1.033879675,0.079319612,0.242679327,0.030664994,2.73249915,0.346951232,5.287167483,0.546174253,43.33059933,3.066893948,12.26858642,1.403563738,116.7343195,15.04644176,198.2424282,27.32217131,1.079794129,0.082275929,0.29425092,0.029850562,2.955867498,0.344567622,5.291001123,0.530705153
MISCELLANEOUS,50,Both,14-18 Years,1890,96.2613823,52.74004797,3.836270341,17.16141927,3.836270341,142.0511503,16.20769072,232.7283227,17.21047131,0.839441911,0.063739308,0.275232509,0.02247879,2.246473357,0.257564044,3.831438839,0.279306733,54.78837589,3.96742801,19.20405404,1.610201973,146.7743562,16.22126086,234.0771526,16.84103643,0.872044314,0.065807829,0.293680915,0.022460899,2.326953614,0.264104161,3.841117637,0.243746174
MISCELLANEOUS,50,Both,19-30 Years,1849,97.75347332,58.53841688,4.716585026,22.25944513,4.716585026,155.720948,17.70095144,254.78382,22.66383675,0.857653173,0.081308788,0.30119581,0.029295819,2.241031325,0.168526966,3.547397539,0.500675052,59.88372065,4.809576784,22.45970944,2.886612321,158.6633367,17.90569606,254.8496537,21.60971125,0.877363375,0.083033806,0.30966924,0.030186697,2.309325891,0.159685924,3.618959445,0.489636391
MISCELLANEOUS,50,Both,31-50 Years,4389,95.7226343,69.4267167,3.645465222,20.1277334,3.645465222,200.1802855,15.37829775,309.3457755,23.02904693,0.95075098,0.056918429,0.259182794,0.019664794,2.679864781,0.210225059,4.244769418,0.267990502,72.52904937,3.726189739,23.27090076,2.303863011,206.9380867,16.91107781,320.2226466,23.04469747,0.993235286,0.058429683,0.287029765,0.022698451,2.776881837,0.224424979,4.336681841,0.299433858
MISCELLANEOUS,50,Both,51-70 Years,4465,95.62790856,68.34885806,2.993739762,19.64069272,2.993739762,208.0965864,12.14119761,292.6535176,14.31279071,0.90533681,0.043312245,0.261867932,0.016311509,2.681293854,0.139301065,3.994425555,0.253392367,71.47375603,3.101910419,21.97467512,1.77162198,210.2242142,11.46579157,301.5449679,14.89549773,0.946728652,0.044869962,0.287359938,0.019481327,2.794268196,0.142982493,4.125655752,0.251981865
MISCELLANEOUS,50,Both,71+ Years,2628,96.06837581,82.1714162,4.02812961,21.38845445,4.02812961,259.2663293,9.834074964,334.6315798,19.66452138,1.175225957,0.060378555,0.290175365,0.031398132,3.526876439,0.185563048,5.105694037,0.234813797,85.53430357,4.123379278,25.13306028,3.053852219,265.1696714,9.912313388,339.4165457,18.04926004,1.223322396,0.062169423,0.333854942,0.037830464,3.635503732,0.199486483,5.113435239,0.207387528
MISCELLANEOUS,50,Both,1-18 Years,6339,94.668024,41.7802762,1.798799575,9.418854383,1.798799575,122.6503033,7.967045289,203.0240663,12.45254393,1.319558113,0.068345175,0.253023476,0.015226592,3.852827311,0.212657253,6.528436938,0.40351379,44.13346179,1.922584392,11.07295607,0.946259391,129.480825,7.082487709,210.1813978,14.45965859,1.392778105,0.072755055,0.298235282,0.016704482,3.985824244,0.235547362,6.809656793,0.422552671
MISCELLANEOUS,50,Both,19+ Years,13331,96.07405117,68.77365807,1.884891358,20.31926396,1.884891358,202.7978703,7.156869819,296.0644465,8.432421706,0.947128256,0.029546229,0.270780748,0.009858022,2.725081317,0.097906334,4.223754982,0.133264991,71.58400966,1.936597776,22.70434185,1.264522071,208.9473027,8.134058441,301.2554427,9.397661232,0.985831496,0.030499309,0.294688646,0.013668371,2.822071268,0.098951209,4.249845659,0.148057391
MISCELLANEOUS,50,Male,9-13 Years,1023,95.46715298,45.82686079,4.857017683,11.47 E,4.857017683,107.97 E,21.47050603,227.1550949,31.75115877,1.137739898,0.131881256,0.273806951,0.041257684,2.64 E,0.502303187,5.29 E,0.937090539,48.00275211,5.053116535,13.78021692,1.969188216,114.88 E,23.48651848,228.7817706,31.40775015,1.191760582,0.137238736,0.303026819,0.041294771,2.76 E,0.554258976,5.46 E,0.982782998
MISCELLANEOUS,50,Male,14-18 Years,900,96.59139654,58.80352692,6.21959667,21.79849042,6.21959667,167.77 E,37.7652705,246.1979286,20.98875213,0.863974215,0.088046831,0.304288554,0.03394249,2.63 E,0.599547339,3.846746768,0.299572739,60.87863829,6.458800827,23.69160578,3.158701174,170.44 E,35.9724896,246.5288572,20.86358373,0.894462909,0.091378189,0.329782727,0.038146296,2.67 E,0.573770863,3.849638786,0.273265895
MISCELLANEOUS,50,Male,19-30 Years,857,98.93807005,62.40995896,5.944037181,26.33 E,5.944037181,179.2053061,22.74714507,268.8594924,25.61235322,0.824787568,0.08424361,0.340183801,0.046191341,2.415497768,0.285404582,3.652119201,0.602184379,63.07982249,6.019654912,27.0504736,4.45185425,179.3621175,23.44382233,269.1168303,25.28946233,0.833640244,0.085303802,0.343878407,0.046321982,2.416615732,0.286219444,3.685074287,0.601410271
MISCELLANEOUS,50,Male,31-50 Years,2005,96.58131853,73.28927485,4.914376214,23.42650753,4.914376214,202.6264352,24.92132289,350.8083652,32.39422227,0.888782857,0.062570541,0.265799749,0.030407369,2.336673288,0.347470615,4.199348375,0.387251496,75.88348964,5.045148189,25.96148189,2.877060368,222.4469754,25.85894374,353.4487938,32.11067302,0.920243036,0.064222558,0.283237136,0.032409887,2.400547134,0.387749111,4.220458352,0.397477775
MISCELLANEOUS,50,Male,51-70 Years,2151,96.17479053,72.89427663,4.48743647,22.29957683,4.48743647,207.2104643,18.12228604,302.9971335,26.26794299,0.855999308,0.055577444,0.263384131,0.022424398,2.43842186,0.184334932,3.598999639,0.343048421,75.79353823,4.65625638,25.49699671,2.976666157,211.7441976,19.15679638,314.3132352,25.5041539,0.890045409,0.057702498,0.28858111,0.027586722,2.499750791,0.189494045,3.643529961,0.360245146
MISCELLANEOUS,50,Male,71+ Years,1180,96.04372641,89.34025082,6.98262469,23.29 E,6.98262469,265.9361177,13.28713887,356.8004294,19.28332655,1.112263978,0.080470194,0.270264481,0.039059929,3.389844992,0.188835639,4.423660674,0.279588911,93.02039202,7.128859882,26.51589022,4.264742566,274.5085196,13.71771089,357.3980804,19.16569067,1.158080824,0.082299383,0.317289301,0.048840158,3.435156782,0.193428135,4.46861049,0.285760705
MISCELLANEOUS,50,Male,19+ Years,6193,96.81210494,72.93808299,2.584890354,23.45497542,2.584890354,209.5725101,13.60660117,318.6969285,17.93365825,0.890579956,0.033163997,0.27993759,0.017607057,2.548889774,0.13986998,4.056458709,0.189825893,75.33983797,2.671852534,26.2847216,1.881891515,218.3050788,14.44655878,321.5396981,18.38110145,0.919905581,0.034314938,0.309201373,0.020675808,2.605729826,0.15724658,4.081226462,0.181799699
MISCELLANEOUS,50,Female,9-13 Years,939,96.04327247,36.92180007,3.463269253,9.975616408,3.463269253,116.6 E,19.57622783,182.969206,19.84191289,0.924571803,0.087848584,0.230647582,0.037730613,2.923275052,0.480651939,4.35 E,0.816996284,38.44288009,3.615790435,10.8 E,1.818786906,125.8302088,18.84942392,184.0885983,22.44818341,0.962661704,0.091507194,0.254077175,0.041945475,2.992744563,0.456437393,4.55 E,0.823849613
MISCELLANEOUS,50,Female,14-18 Years,990,95.91244556,46.32889877,4.488200579,14.75833358,4.488200579,132.8383492,15.4243971,204.1956946,31.8546261,0.813502963,0.095359137,0.234919651,0.023706765,2.105847236,0.249830176,3.47 E,0.655481214,48.30332341,4.690221534,15.53614213,1.515943655,135.828218,15.68814095,207.580588,34.3440985,0.848172475,0.099489205,0.249521453,0.027619334,2.198150909,0.260258618,3.59 E,0.706389736
MISCELLANEOUS,50,Female,19-30 Years,992,96.44176228,54.25143521,6.801364438,17.82 E,6.801364438,141.3242458,13.84251958,225.286821,34.41308635,0.894045453,0.13423548,0.271701589,0.028786288,2.210520245,0.182042799,3.39 E,0.591996665,56.25305255,7.022133564,20.43418166,3.200928304,141.3295403,13.84944118,230.526704,34.88633834,0.927031435,0.138886908,0.273992416,0.033054332,2.210928569,0.1819797,3.52 E,0.593018698
MISCELLANEOUS,50,Female,31-50 Years,2384,94.90090542,65.73039215,5.170803413,17.95528066,5.170803413,196.272618,18.17285256,274.6152341,25.78211989,1.01005217,0.092364432,0.25419548,0.023378048,2.856884869,0.232363149,4.29596084,0.449475366,69.26213386,5.311432711,20.75154806,2.46355151,205.5149632,18.28821097,280.4725469,28.57307418,1.064323007,0.095381518,0.287824249,0.027810075,3.037856912,0.245938994,4.555460632,0.410264407
MISCELLANEOUS,50,Female,51-70 Years,2314,95.09348392,63.90697882,3.797155377,16.65897031,3.797155377,208.0530367,19.6420428,284.9896347,17.49798382,0.953550462,0.062817019,0.258033727,0.024254322,2.843442838,0.193520676,4.243035091,0.324781028,67.20437215,3.983812631,19.29180575,2.17130129,210.0234823,17.1096701,289.5293184,17.72161059,1.00275058,0.06581701,0.286399677,0.027764054,2.915178743,0.207530092,4.370109246,0.353255428
MISCELLANEOUS,50,Female,71+ Years,1448,96.08790249,76.49243346,4.83752234,20.8710137,4.83752234,250.7993397,21.8979059,292.8407998,20.11386926,1.225102961,0.087873011,0.315302668,0.049342208,3.62772082,0.43474817,5.223863828,0.375764001,79.60672621,5.014617611,22.7 E,4.24183693,253.7553796,20.08626922,292.8689924,23.60553279,1.274981479,0.091214477,0.35 E,0.06430051,3.863798219,0.472778203,5.271388219,0.415509493
MISCELLANEOUS,50,Female,19+ Years,7138,95.36150496,64.75315813,2.655365653,17.86712956,2.655365653,196.337128,10.41087541,281.1777782,8.980528609,1.001722212,0.047532038,0.262872544,0.01268975,2.839913142,0.118823428,4.448814236,0.238783521,67.90282741,2.738924238,20.61357993,1.302118222,205.1859509,9.973021923,284.3887841,9.285392384,1.050447151,0.04934422,0.288848156,0.016115012,2.91734607,0.13950591,4.564400651,0.245779383
   SOUPS WITH VEGETABLES,50A,Both,All ages,19670,5.844210791,11.53099062,0.959876783,F,F,F,.,F,F,0.186944946,0.017719999,F,F,F,.,F,F,197.3062067,12.00756914,162.4950035,18.18802092,433.8569006,44.88710345,568.81 E,95.12351456,3.197729278,0.240173741,2.357927855,0.199155072,6.782955439,0.52364227,9.95 E,2.234557908
   SOUPS WITH VEGETABLES,50A,Both,1-3 Years,1288,5.784591509,4.87 E,1.137505872,F,F,F,.,F,F,0.37 E,0.096840759,F,F,F,.,F,F,84.12755777,13.24397126,F,F,193.3039382,24.64123522,214.5851607,28.58445226,6.39 E,1.167261489,F,F,16.37290532,2.404466073,17.11351235,1.610034502
   SOUPS WITH VEGETABLES,50A,Both,4-8 Years,1199,4.711810769,F,F,F,F,F,.,F,.,F,F,F,F,F,.,F,.,142.7 E,42.03593,F,F,F,F,533.6 E,160.7596641,F,F,F,F,18.02 E,5.370607602,23.97 E,6.625482826
   SOUPS WITH VEGETABLES,50A,Both,9-13 Years,1962,3.467283406,4.67 E,1.428990892,F,F,F,.,F,.,0.11 E,0.03430922,F,F,F,.,F,.,134.79 E,26.91445953,F,F,356.72 E,81.88056017,489.93 E,91.6548782,3.13 E,0.657394549,F,F,7.72 E,2.015403386,11.52 E,2.467238875
   SOUPS WITH VEGETABLES,50A,Both,14-18 Years,1890,3.415983639,5.62 E,1.529814999,F,F,F,.,F,.,0.1 E,0.029569677,F,F,F,.,F,.,164.54 E,40.83953992,F,F,F,F,F,F,2.83 E,0.811153125,F,F,F,F,F,F
   SOUPS WITH VEGETABLES,50A,Both,19-30 Years,1849,3.931717427,7.24 E,1.790564124,F,F,F,.,F,.,0.1 E,0.021615989,F,F,F,.,F,.,184.09 E,33.83015009,127.47 E,38.52644751,515.09 E,93.05128421,568.8328697,62.99973175,2.461150879,0.3794682,2.15 E,0.60825806,5.79093607,0.742665444,7.099415817,0.968436067
   SOUPS WITH VEGETABLES,50A,Both,31-50 Years,4389,6.394961218,15.33 E,2.62278336,F,F,F,.,F,F,0.22 E,0.044141252,F,F,F,.,F,F,239.6974431,29.08167381,234.92 E,42.29170826,496.4 E,149.6350736,805.11 E,178.9662896,3.397646205,0.541566695,2.94061823,0.441057878,F,F,F,F
   SOUPS WITH VEGETABLES,50A,Both,51-70 Years,4465,5.890289177,10.57214891,1.363804625,F,F,F,.,F,F,0.140115202,0.018183705,F,F,F,.,F,F,179.4843783,18.1486797,133.98 E,24.94556553,416.8885241,39.70964716,518.06 E,99.86485187,2.378749121,0.245000744,1.8 E,0.385027194,5.557521188,0.573747025,6.881315024,1.080771367
   SOUPS WITH VEGETABLES,50A,Both,71+ Years,2628,10.02728895,20.2791412,2.241922052,F,F,F,F,190.3382804,27.69431112,0.297603917,0.040113248,F,F,F,F,2.582541337,0.378590448,202.2395216,12.92077301,190.2574601,20.96415314,353.2845237,10.76268945,367.61 E,79.0245286,2.967939973,0.271688509,2.58161923,0.29885354,6.095604851,0.993901313,7.665824919,0.978975276
   SOUPS WITH VEGETABLES,50A,Both,1-18 Years,6339,4.186470475,5.55 E,0.939453193,F,F,F,.,F,.,0.21 E,0.044126718,F,F,F,.,F,.,132.596542,17.69103765,76.55 E,20.44901415,326.78 E,59.64190636,494.65 E,97.89084386,5.03 E,0.85497907,F,F,15.83 E,3.496358381,17.97 E,4.515199201
   SOUPS WITH VEGETABLES,50A,Both,19+ Years,13331,6.251367181,12.9997035,1.166914936,F,F,F,.,F,F,0.181303084,0.018902289,F,F,F,.,F,F,207.9497671,13.50123002,169.0597073,17.16973177,452.3209544,45.76765657,593.62 E,110.329337,2.900214929,0.237301669,2.437917874,0.215731908,6.10051446,0.47303751,7.95 E,1.799550003
   SOUPS WITH VEGETABLES,50A,Male,9-13 Years,1023,3.369115386,F,F,F,F,F,.,F,.,F,F,F,F,F,.,F,.,166.68 E,49.54951405,F,F,412.41 E,84.87010337,465.76 E,87.02297385,3.98 E,1.212740174,F,F,11.33 E,2.991151966,11.83 E,2.756890511
   SOUPS WITH VEGETABLES,50A,Male,14-18 Years,900,2.622816066,F,F,F,F,F,.,F,.,F,F,F,F,F,.,F,.,F,F,F,F,F,F,F,F,F,F,F,F,F,F,F,F
   SOUPS WITH VEGETABLES,50A,Male,19-30 Years,857,2.907700425,F,F,F,F,F,.,F,.,F,F,F,F,F,.,F,.,308.32 E,56.70814637,F,F,537.9073193,51.26533865,553.4850597,42.33456069,3.65 E,0.629218873,F,F,6.369571158,0.620694316,6.83262404,0.63684907
   SOUPS WITH VEGETABLES,50A,Male,31-50 Years,2005,5.425515977,15.9 E,3.555920518,F,F,F,.,F,F,0.19 E,0.042728264,F,F,F,.,F,F,293.0130609,38.90734959,257.6032557,40.19406034,605.43 E,119.0712689,729.97 E,125.2952771,3.484114614,0.477280407,3.268754472,0.50975458,6.32 E,1.142247657,8.82 E,1.819585973
   SOUPS WITH VEGETABLES,50A,Male,51-70 Years,2151,4.504285304,8.92 E,1.65308927,F,F,F,.,F,.,0.1 E,0.020160512,F,F,F,.,F,.,198.0613184,26.71802212,179.14 E,45.82463766,485.4979337,64.47623536,514.8901066,63.67081554,2.327790082,0.347230743,2.03 E,0.581840379,4.792916385,0.641802541,6.22633175,1.004355585
   SOUPS WITH VEGETABLES,50A,Male,71+ Years,1180,9.496472414,21.26164903,3.278825299,F,F,F,.,236.25 E,45.30194627,0.257829056,0.039984555,F,F,F,.,2.59 E,0.489895023,223.8899678,16.18181331,240.9265948,32.86192241,355.9482857,25.88697419,F,F,2.714998211,0.193509845,2.658108623,0.300780211,4.124841885,0.290761579,4.54 E,0.766823276
   SOUPS WITH VEGETABLES,50A,Male,19+ Years,6193,5.108110616,12.92283072,1.658252482,F,F,F,.,F,F,0.153716652,0.019734797,F,F,F,.,F,F,252.9865089,20.85592408,241.8182421,22.74521547,519.0186344,43.02870347,608.4366505,83.34869835,3.009266313,0.251265251,2.809445135,0.287620301,6.092478163,0.475378599,6.59894076,0.954565291
   SOUPS WITH VEGETABLES,50A,Female,9-13 Years,939,3.57060051,3.68 E,0.897850994,F,F,F,.,F,.,0.08 E,0.019404272,F,F,F,.,F,.,103.12 E,19.04641712,F,F,245.76 E,62.26918509,355.93 E,85.72766435,2.29 E,0.436992081,F,F,6.644195301,1.034900786,7.08 E,1.317709462
   SOUPS WITH VEGETABLES,50A,Female,14-18 Years,990,4.254630181,F,F,F,F,F,.,F,.,F,F,F,F,F,.,F,.,160.52 E,52.92913409,F,F,F,F,F,F,F,F,F,F,F,F,F,F
   SOUPS WITH VEGETABLES,50A,Female,19-30 Years,992,5.065617571,5.33 E,1.463068343,F,F,F,.,F,F,0.09 E,0.023758671,F,F,F,.,F,F,105.13 E,20.78105507,F,F,213.0391788,34.08887613,258.78 E,74.59429601,1.7 E,0.331875062,F,F,3.403021077,0.456574779,4.45 E,1.111230682
   SOUPS WITH VEGETABLES,50A,Female,31-50 Years,2384,7.322684272,14.78 E,3.837964357,F,F,F,.,F,F,0.24 E,0.075866175,F,F,F,.,F,F,201.89 E,39.63709405,175.74 E,30.69781403,F,F,F,F,3.34 E,0.834450712,2.289204966,0.380855625,F,F,F,F
   SOUPS WITH VEGETABLES,50A,Female,51-70 Years,2314,7.244721498,12.19 E,2.156577262,F,F,F,.,F,F,0.17 E,0.029641133,F,F,F,.,F,F,168.1975677,23.52237254,126.46 E,30.9012672,370.3460943,61.56222362,515.05 E,150.30913,2.409710357,0.318699892,1.79 E,0.44565358,5.586836992,0.886340035,7.15 E,1.60077918
   SOUPS WITH VEGETABLES,50A,Female,71+ Years,1448,10.44778936,19.50082152,3.139269783,F,F,F,F,156.11 E,39.68337908,0.33 E,0.065113714,F,F,F,F,2.26 E,0.620048929,186.650217,18.98782311,144.46 E,32.23899101,351.1519545,30.47253616,369.1 E,83.47767668,3.150069529,0.444949594,2.25 E,0.439752577,7.45 E,1.246945332,7.926154485,1.277078667
   SOUPS WITH VEGETABLES,50A,Female,19+ Years,7138,7.355112123,13.0739195,1.688522583,F,F,F,.,F,F,0.207936113,0.032216265,F,F,F,.,F,F,177.7528239,17.41648066,136.7215106,13.63172663,351.27 E,61.15942177,F,F,2.827096442,0.357580016,2.127889384,0.177409983,6.246681271,1.031393787,F,F
    SOUPS WITHOUT VEGETABLES,50B,Both,All ages,19670,20.11306068,29.36520752,1.23652245,F,F,113.4132076,9.015854681,199.2942765,9.032502536,0.483096834,0.020116878,F,F,1.683590385,0.101604814,3.211858168,0.124821959,146.0006907,4.33114922,112.4348237,6.607463205,322.7818696,16.9198556,449.1142188,25.18733632,2.405860222,0.073899522,1.682805054,0.075024468,5.510588866,0.202201808,7.575539882,0.321227578
    SOUPS WITHOUT VEGETABLES,50B,Both,1-3 Years,1288,15.96421053,13.92086504,1.778434187,F,F,44.13 E,13.76932929,96.17 E,19.4103885,0.955372467,0.128766548,F,F,F,F,7.32 E,1.250406849,87.20046015,8.778988782,62.99278815,9.829062696,186.36 E,33.45739877,257.9054589,26.63808105,6.560558142,0.548503837,5.311389146,0.752620817,14.31958805,1.399755286,16.52847109,1.039839838
    SOUPS WITHOUT VEGETABLES,50B,Both,4-8 Years,1199,18.78481202,20.91961241,2.936379531,F,F,70.51 E,20.55545692,155.6735353,22.39884319,0.902691086,0.12124559,F,F,3.59 E,1.02939703,6.259094007,0.752165588,111.3645023,10.36244098,73.94 E,18.93924643,248.0655693,24.95400435,251.4875269,28.02335882,4.805430501,0.426145187,3.7 E,0.692400424,9.292307215,1.385352074,12.74335745,1.957066827
    SOUPS WITHOUT VEGETABLES,50B,Both,9-13 Years,1962,17.10965853,20.64460839,2.40606472,F,F,37.9 E,11.60420155,157.9677185,15.35095107,0.534674369,0.066518093,F,F,1.04 E,0.197376247,3.43 E,0.61679314,120.6605518,12.28134353,63.47 E,16.19563938,267.073885,28.83852224,417.0568508,68.13476658,3.124985618,0.336701806,1.41 E,0.393537123,7.01 E,1.618050951,10.9329785,1.394217581
    SOUPS WITHOUT VEGETABLES,50B,Both,14-18 Years,1890,15.95180125,21.02508495,3.056986195,F,F,F,F,161.5263421,26.05003026,0.336593984,0.049359114,F,F,0.65 E,0.208364849,2.650310216,0.439499787,131.8038297,16.41356833,75.1 E,21.93320963,294.8929402,30.18979346,345.31 E,76.13005296,2.110068818,0.2584875,1.19 E,0.300427169,4.21 E,1.079943028,7.59 E,1.652409725
    SOUPS WITHOUT VEGETABLES,50B,Both,19-30 Years,1849,14.19640714,21.15 E,3.870030465,F,F,F,F,166.46 E,34.47849854,0.33 E,0.071923425,F,F,F,F,2.21 E,0.378248169,149.0023217,19.7695846,108.27 E,22.1620648,294.46 E,79.73576505,501.12 E,131.1020241,2.34 E,0.402620428,1.67 E,0.33648291,4.7 E,1.322135942,F,F
    SOUPS WITHOUT VEGETABLES,50B,Both,31-50 Years,4389,20.37712605,29.09239484,2.499841615,F,F,91.57 E,24.83065479,199.3280877,15.96360506,0.403793458,0.034343222,F,F,1.453294612,0.230150936,2.817461795,0.265536683,142.7698625,8.883201768,90.03 E,17.06287171,355.8160394,43.59158167,468.0232681,24.38271982,1.981601613,0.123239374,1.366172871,0.155379005,4.830544901,0.584705883,6.444622504,0.650350297
    SOUPS WITHOUT VEGETABLES,50B,Both,51-70 Years,4465,22.72438092,35.6242443,2.771639766,F,F,152.3808103,11.62684541,228.7518358,18.10777186,0.477549575,0.038962997,F,F,1.860425181,0.124156,3.049655081,0.201913496,156.7666218,7.911552391,135.5398975,9.276267415,336.5277453,24.19967572,411.6291916,63.8990116,2.101485522,0.116231086,1.722582774,0.112735555,4.215082173,0.30594724,5.874793776,0.616137087
    SOUPS WITHOUT VEGETABLES,50B,Both,71+ Years,2628,26.64782215,44.32518036,3.149738392,F,F,165.7795652,10.02165798,261.0249735,11.42188139,0.631648833,0.044035062,F,F,2.334409193,0.138248023,3.757306646,0.267933082,166.3369716,8.736812087,135.6858942,4.424290012,321.5915833,15.92958467,384.74 E,72.26919205,2.370358182,0.12511887,1.917762277,0.092824078,5.177517963,0.3308195,6.340020649,0.502043486
    SOUPS WITHOUT VEGETABLES,50B,Both,1-18 Years,6339,17.05570813,19.71183116,1.325434856,F,F,50.53 E,8.864393846,152.8459471,13.24106752,0.647186246,0.044060711,F,F,1.5 E,0.322414266,4.86728938,0.51988225,115.5732205,6.546896857,70.72829697,6.055021272,251.5905897,7.760900609,316.880469,23.87714827,3.840950554,0.200316607,2.597761662,0.333128002,9.283447521,0.637366353,12.7456423,0.881745365
    SOUPS WITHOUT VEGETABLES,50B,Both,19+ Years,13331,20.86397481,31.73616625,1.490146721,F,F,131.0376499,9.66667646,209.2778499,11.37137574,0.443274336,0.022074124,F,F,1.705778692,0.105944915,2.94509745,0.13840124,152.1098762,5.033456808,122.8210007,7.706209426,342.0542291,13.4437838,460.3894708,26.64851579,2.12459198,0.079059998,1.643378884,0.092937666,4.604338646,0.280882954,6.198644198,0.46807512
    SOUPS WITHOUT VEGETABLES,50B,Male,9-13 Years,1023,15.86593175,22.81 E,4.020665928,F,F,F,F,165.15 E,28.04868352,0.59 E,0.113628876,F,F,F,F,3.9 E,0.914826186,143.7926244,20.54879742,74.79 E,24.90101695,F,F,512.49 E,107.9919737,3.744033471,0.588163187,F,F,9.57 E,2.276172793,12.82 E,3.442016897
    SOUPS WITHOUT VEGETABLES,50B,Male,14-18 Years,900,14.83608896,24.5 E,5.22367878,F,F,F,F,172.7 E,46.73844617,0.36 E,0.073325444,F,F,F,F,2.89 E,0.77358063,165.13 E,29.82816882,F,F,307.6 E,91.78903575,F,F,2.437440451,0.400684497,F,F,F,F,8.73 E,2.597422378
    SOUPS WITHOUT VEGETABLES,50B,Male,19-30 Years,857,13.44587346,18.52 E,3.838806607,F,F,F,F,167.7 E,45.59141889,0.25 E,0.057295759,F,F,F,F,2.21 E,0.548169915,137.7364289,16.7061017,F,F,251.03 E,51.15122508,350.97 E,62.70653649,1.864825951,0.255945096,1.67 E,0.492382095,3.99 E,0.840110344,5.11 E,1.224287236
    SOUPS WITHOUT VEGETABLES,50B,Male,31-50 Years,2005,19.99590462,30.91840798,4.023946605,F,F,126.06 E,38.03715742,200.1145164,27.13601466,0.39138109,0.052702715,F,F,1.44 E,0.399964314,2.72 E,0.490298839,154.6237021,13.66050455,126.33 E,30.45634102,369.2438046,51.94976731,488.4716958,40.08279213,1.957306244,0.180281061,1.44 E,0.296232485,5.18 E,0.884555135,6.474161157,0.795859544
    SOUPS WITHOUT VEGETABLES,50B,Male,51-70 Years,2151,22.48569621,38.9388519,4.232820184,F,F,153.4604663,13.9564882,258.3192218,30.09675964,0.464013789,0.052480317,F,F,1.78322763,0.228860394,2.909432016,0.382544827,173.1716534,12.57969587,150.443201,13.3502673,354.7658167,22.02587186,442.7 E,93.65905842,2.063595382,0.172020694,1.608527776,0.193311435,4.363804166,0.433870126,5.85 E,1.006392828
    SOUPS WITHOUT VEGETABLES,50B,Male,71+ Years,1180,26.33304632,48.63411706,5.484990437,F,F,168.6415649,20.88486287,287.8594755,22.50287072,0.614819137,0.065464819,F,F,2.271307512,0.266523366,3.660413241,0.274979136,184.6885335,14.67386759,138.6116622,8.42519045,344.9011241,41.59008334,512.920609,74.49332336,2.334781663,0.176776781,1.910909032,0.169346938,4.698655838,0.548947423,6.795844251,0.989561327
    SOUPS WITHOUT VEGETABLES,50B,Male,19+ Years,6193,20.3277505,33.25910154,2.186144908,F,F,140.5329164,15.74887151,224.8689346,17.78340592,0.414290268,0.027816738,F,F,1.654531528,0.200276856,2.784722337,0.271280597,163.6142747,7.148451898,137.8447059,11.33239643,354.6517383,14.33760119,467.8061514,32.53617737,2.038052702,0.095237423,1.600909875,0.146319456,4.385217801,0.386874284,5.948664685,0.547898806
    SOUPS WITHOUT VEGETABLES,50B,Female,9-13 Years,939,18.41862096,18.36138667,2.838709077,F,F,F,F,146.4830874,23.0764462,0.472209856,0.072544111,F,F,F,F,3.41 E,0.61872556,99.68925856,13.32788629,F,F,251.8467572,32.93158347,316.1974689,42.98495427,2.563763361,0.341535061,F,F,5.73 E,0.975457947,8.62 E,1.517420899
    SOUPS WITHOUT VEGETABLES,50B,Female,14-18 Years,990,17.13148671,17.35 E,3.128315542,F,F,F,F,144.41 E,25.80714275,0.31 E,0.067461253,F,F,F,F,2.57 E,0.543580847,101.2919379,15.7497174,F,F,255.5189353,35.94021846,299.180417,32.21309777,1.81 E,0.340182303,F,F,4.59 E,1.064349122,6.04 E,1.180260112
    SOUPS WITHOUT VEGETABLES,50B,Female,19-30 Years,992,15.02747757,24.07 E,6.593668314,F,F,F,F,F,F,0.42 E,0.130916324,F,F,F,F,F,F,160.16 E,35.00776142,106.32 E,26.68896567,F,F,586.14 E,174.53984,2.8 E,0.741233559,1.53 E,0.328328933,F,F,F,F
    SOUPS WITHOUT VEGETABLES,50B,Female,31-50 Years,2384,20.74194078,27.34496815,3.384863661,F,F,76.52 E,24.4152103,185.1921087,24.69676261,0.415671634,0.050115301,F,F,1.38 E,0.251644491,2.826939415,0.338269543,131.8341829,11.86025303,75 E,14.66161691,338.57 E,62.57492782,446.0906636,37.95707532,2.004015142,0.175250082,1.362755105,0.189863997,4.748153343,0.777366444,6.418650371,0.954996569
    SOUPS WITHOUT VEGETABLES,50B,Female,51-70 Years,2314,22.95762867,32.38513959,3.093208324,F,F,139.1549251,13.93432189,205.0010728,18.64295344,0.490777032,0.051526101,F,F,1.933097166,0.201217766,3.105982321,0.221674213,141.0648289,9.288093804,126.8100662,13.75544356,265.5834119,30.15506637,407.03 E,68.15457228,2.137751416,0.157231407,1.848076839,0.145236197,4.205559808,0.408155413,5.82 E,1.172144871
    SOUPS WITHOUT VEGETABLES,50B,Female,71+ Years,1448,26.89718019,40.91174171,3.803310412,F,F,164.9728106,13.54294545,248.3651776,21.909278,0.644980924,0.06141921,F,F,2.366324499,0.179117854,3.883567993,0.544980993,152.1042036,11.0850556,133.2823582,6.834817242,281.302296,17.30099191,350.0637656,41.59767348,2.397949968,0.180660597,1.998300108,0.177942486,5.203484076,0.30502136,6.118595992,0.541162416
    SOUPS WITHOUT VEGETABLES,50B,Female,19+ Years,7138,21.3816669,30.2658645,1.965883187,F,F,119.9645211,11.14032973,201.6586172,14.30763773,0.471256696,0.033028121,F,F,1.723550736,0.120690845,3.043346047,0.183401083,141.5505379,6.847624875,108.9301874,9.242916464,292.7223189,30.9516809,435.7722365,41.31472438,2.204022253,0.12063313,1.662704883,0.100242265,4.797431368,0.342743252,6.386043986,0.776083064
   GRAVIES,50C,Both,All ages,19670,4.048263799,2.802020006,0.256154875,F,F,F,.,F,.,0.041744007,0.003793192,F,F,F,.,F,.,69.21535119,4.281777445,58.24145937,5.594211327,142.3737841,10.22085613,188.4949599,15.27875929,1.029379073,0.067105497,0.764221305,0.06864043,2.26249044,0.221645961,3.035686319,0.270651213
   GRAVIES,50C,Both,1-3 Years,1288,F,F,F,F,F,F,.,F,.,F,F,F,F,F,.,F,.,F,F,F,.,F,.,F,.,F,F,F,.,F,.,F,.
   GRAVIES,50C,Both,4-8 Years,1199,2.160282811,0.9 E,0.26903268,F,F,F,.,F,.,0.04 E,0.009933755,F,F,F,.,F,.,41.51 E,8.166898556,F,F,92.18632117,12.84603285,96.90398338,10.90966763,1.63 E,0.282687758,F,F,2.97 E,0.553732842,3.63 E,0.816663792
   GRAVIES,50C,Both,9-13 Years,1962,2.311228375,1.36 E,0.300562609,F,F,F,.,F,.,0.03 E,0.008057289,F,F,F,.,F,.,58.97813705,8.674888839,52.69 E,14.63179984,134.9399559,15.94577133,162.4869315,23.42860298,1.48 E,0.247263248,F,F,3.248119435,0.454243075,4.263736454,0.647857889
   GRAVIES,50C,Both,14-18 Years,1890,5.51025964,4 E,0.700696102,F,F,F,.,F,F,0.060781943,0.009798099,F,F,F,.,F,F,72.55275537,7.753003824,63.0287462,8.297898582,136.4921017,20.72691682,177.8109317,25.58936117,1.103068593,0.114678234,0.89985942,0.096792081,2.111844664,0.317602301,2.65 E,0.443807172
   GRAVIES,50C,Both,19-30 Years,1849,4.759493823,4.1 E,0.99002984,F,F,F,.,F,.,0.06 E,0.014387141,F,F,F,.,F,.,86.17473511,11.41714374,70.93114566,10.45562944,161.9163949,22.39220926,181.73 E,43.93980953,1.222628984,0.169875566,1.01 E,0.20142678,2.428073318,0.398620144,2.875359163,0.438285504
   GRAVIES,50C,Both,31-50 Years,4389,4.708918067,3.35929085,0.548651341,F,F,F,.,F,.,0.044679886,0.006997437,F,F,F,.,F,.,71.3389106,7.001700795,58.24145918,8.602296018,122.36 E,29.56017363,185.5906383,27.94627313,0.948835504,0.086567044,0.809397677,0.121563838,1.639716209,0.203500648,1.99 E,0.412132794
   GRAVIES,50C,Both,51-70 Years,4465,3.863704628,2.36 E,0.485576085,F,F,F,.,F,.,0.03 E,0.008809873,F,F,F,.,F,.,61.08673164,9.922205178,F,F,142.3096809,10.56031218,142.47 E,32.54928115,0.9 E,0.18579356,F,F,3.04 E,0.849093376,3.04 E,0.573970054
   GRAVIES,50C,Both,71+ Years,2628,3.563509232,2.46 E,0.622040626,F,F,F,.,F,.,0.03 E,0.008233469,F,F,F,.,F,.,68.94 E,11.76671862,43.33 E,10.12427865,186.72 E,45.9870771,194.81 E,36.65083072,0.9 E,0.155797056,0.52 E,0.154074158,2.45 E,0.6354146,2.51 E,0.477066099
   GRAVIES,50C,Both,1-18 Years,6339,3.015566463,1.804752354,0.231439381,F,F,F,.,F,.,0.039847678,0.004776536,F,F,F,.,F,.,59.84787191,4.924067975,53.50742647,8.312870972,119.1809365,12.79078771,150.6369348,21.07705579,1.311225916,0.106429578,0.925260025,0.096261974,2.737314136,0.315604415,3.728541304,0.442313921
   GRAVIES,50C,Both,19+ Years,13331,4.301903839,3.046958187,0.319097513,F,F,F,.,F,.,0.042204223,0.004700381,F,F,F,.,F,.,70.82813333,4.994451346,58.24269516,6.663727645,142.4405419,12.75978901,189.0022648,16.51693045,0.981059186,0.076058792,0.736449092,0.075221783,2.142932791,0.261877845,3.035425865,0.39864445
   GRAVIES,50C,Male,9-13 Years,1023,2.461901195,1.43 E,0.360740417,F,F,F,.,F,.,0.03 E,0.008832557,F,F,F,.,F,.,57.98 E,10.47297653,48.87 E,15.81666236,120.09 E,23.97152231,158.7382879,25.33180793,1.36 E,0.267894798,F,F,2.87 E,0.814886733,4.24 E,0.779117242
   GRAVIES,50C,Male,14-18 Years,900,5.347683738,4.29 E,1.170919369,F,F,F,.,F,F,0.06 E,0.014514197,F,F,F,.,F,F,80.3122979,11.91205069,64.55 E,16.0736406,177.91 E,43.87521652,216.38 E,39.2839921,1.093721781,0.1703446,0.880450352,0.115596687,2.1 E,0.60086329,F,F
   GRAVIES,50C,Male,19-30 Years,857,5.353569381,5.17 E,1.572796506,F,F,F,.,F,F,0.07 E,0.0221857,F,F,F,.,F,F,96.6 E,18.58311812,F,F,163.2653955,25.2423072,180.99 E,43.75773802,1.31 E,0.270699301,F,F,2.47 E,0.434697909,3.047880528,0.460283225
   GRAVIES,50C,Male,31-50 Years,2005,5.187775472,3.98 E,0.989721076,F,F,F,.,F,F,0.05 E,0.011180311,F,F,F,.,F,F,76.66966905,10.92558503,55.66 E,18.33158735,133.81 E,28.62334111,186.05 E,36.64942943,0.905117172,0.113732622,0.7 E,0.209594792,1.63870429,0.210290378,1.959920493,0.202754289
   GRAVIES,50C,Male,51-70 Years,2151,4.68655876,2.55 E,0.705200551,F,F,F,.,F,.,0.03 E,0.009670346,F,F,F,.,F,.,54.36 E,14.89514102,F,F,141.2916523,18.6970975,142.25 E,39.18798531,0.67 E,0.200269316,F,F,2.04 E,0.427156071,2.15 E,0.376714216
   GRAVIES,50C,Male,71+ Years,1180,4.100031651,F,F,F,F,F,.,F,.,F,F,F,F,F,.,F,.,96.94 E,18.41627527,F,F,194.2 E,39.30143972,230.76 E,43.53635703,1.22 E,0.252744976,F,F,2.48 E,0.506406692,2.98 E,0.573753542
   GRAVIES,50C,Male,19+ Years,6193,4.934177968,3.718484538,0.538370389,F,F,F,.,F,.,0.046314566,0.006824732,F,F,F,.,F,.,75.36178391,7.636807778,56.77 E,10.63166135,159.9214546,17.23098764,192.6286576,21.0838152,0.938648063,0.097891998,0.667479598,0.106018015,2.133972432,0.194653557,2.468604573,0.243750901
   GRAVIES,50C,Female,9-13 Years,939,2.152652503,F,F,F,F,F,.,F,.,F,F,F,F,F,.,F,.,60.18 E,14.80189834,F,F,138.73 E,24.74172271,152.83 E,30.55956395,1.63 E,0.445168988,F,F,3.25 E,0.579666084,F,F
   GRAVIES,50C,Female,14-18 Years,990,5.682157387,3.68 E,0.766439635,F,F,F,.,F,F,0.06 E,0.013296998,F,F,F,.,F,F,64.83123921,8.496177251,56.97 E,12.68691393,119.1536465,13.95129427,140.4291138,11.98332241,1.1123696,0.150498905,0.94 E,0.191660373,2.24 E,0.393348842,2.608637304,0.26293171
   GRAVIES,50C,Female,19-30 Years,992,4.10167041,F,F,F,F,F,.,F,.,F,F,F,F,F,.,F,.,71.10491773,10.64097619,70.54686095,10.53207627,F,F,F,F,1.091249815,0.171516682,1.03 E,0.175766037,F,F,F,F
   GRAVIES,50C,Female,31-50 Years,2384,4.250669334,2.77 E,0.544152413,F,F,F,.,F,.,0.04 E,0.008854922,F,F,F,.,F,.,65.11292777,7.287712925,57.59057719,9.523011299,115.82 E,28.65826522,171.64 E,35.27802543,0.999895702,0.124214738,0.820922491,0.117927318,1.62 E,0.516449633,2.66 E,0.6274141
   GRAVIES,50C,Female,51-70 Years,2314,3.059594153,2.18 E,0.710866616,F,F,F,.,F,.,F,F,F,F,F,.,F,.,71.16 E,14.57666336,59.5 E,19.63640392,137.43 E,24.59025557,137.95 E,45.36937556,1.25 E,0.346708858,F,F,3.03 E,0.95876391,3.03 E,0.747396503
   GRAVIES,50C,Female,71+ Years,1448,3.138488748,1.25 E,0.317646515,F,F,F,.,F,.,0.02 E,0.004706166,F,F,F,.,F,.,39.96 E,7.38196602,29.5 E,6.902619133,82.88 E,17.53036015,115.09 E,20.67875392,0.58 E,0.10342949,0.49 E,0.110098087,1.282411172,0.168536513,1.357784517,0.159166698
   GRAVIES,50C,Female,19+ Years,7138,3.691481478,2.398640184,0.359137738,F,F,F,.,F,.,0.04 E,0.006504424,F,F,F,.,F,.,64.97771146,5.353682779,58.24380228,7.222119127,137.2203536,20.82325343,151.96 E,28.56244928,1.035788361,0.110372615,0.827645844,0.099081849,2.53 E,0.671126585,3.03 E,0.549739975
    SAUCES (WHITE-  BEARNAISE-  SOYA-  TARTAR-  KETCHUP-  ETC),50D,Both,All ages,19670,32.64132498,9.485141313,0.353017676,F,F,29.73340629,1.249254484,52.6349592,2.856157798,0.156087506,0.006005265,F,F,0.42044455,0.020929407,0.811775858,0.04161665,29.05868962,0.852335947,15.0025323,0.292499591,66.96053743,3.2154413,98.46907054,8.74485493,0.477629991,0.015635168,0.235507144,0.007013693,1.123144139,0.049985696,1.691938269,0.086227061
    SAUCES (WHITE-  BEARNAISE-  SOYA-  TARTAR-  KETCHUP-  ETC),50D,Both,1-3 Years,1288,24.00164029,5.83 E,1.214358795,F,F,15.6 E,4.367979452,35.39 E,9.200444673,0.42 E,0.093564958,F,F,1.07 E,0.323927002,2.6 E,0.601793024,24.3 E,4.180394289,10.61 E,3.192376061,56.67 E,12.40841417,83.32 E,17.2605483,1.72 E,0.316909356,0.76 E,0.150581853,4.2 E,0.991688267,5.65 E,1.129647319
    SAUCES (WHITE-  BEARNAISE-  SOYA-  TARTAR-  KETCHUP-  ETC),50D,Both,4-8 Years,1199,32.37754605,6.892341194,0.953450345,F,F,17.69797647,1.756067064,31.11035974,2.814329004,0.297542796,0.037138705,F,F,0.824714454,0.088081656,1.485010291,0.187957055,21.28741068,2.728701585,11.89961419,1.953202427,46.53 E,11.14514565,69.97 E,17.64138416,0.918978836,0.102975647,0.535175281,0.045813125,1.944821387,0.305806524,2.95 E,0.882278529
    SAUCES (WHITE-  BEARNAISE-  SOYA-  TARTAR-  KETCHUP-  ETC),50D,Both,9-13 Years,1962,34.32137217,8.735151447,0.804668004,F,F,27.69980491,2.873599178,46.25 E,8.396347392,0.215840455,0.021401346,F,F,0.661796314,0.083190626,1.185700957,0.167084449,25.45105541,1.868131186,14.96242258,0.300099095,62.8701876,4.642803034,80.07709833,8.273668596,0.628880612,0.051198499,0.340124272,0.020029125,1.558960797,0.159449366,1.936897265,0.235415813
    SAUCES (WHITE-  BEARNAISE-  SOYA-  TARTAR-  KETCHUP-  ETC),50D,Both,14-18 Years,1890,36.54475477,13.16127363,1.161221564,F,F,37.22719323,4.553054655,64.58669597,4.942323567,0.207472189,0.018855044,F,F,0.583315622,0.06044011,0.985130999,0.101300513,36.0141249,2.784900097,18.00374879,1.486304985,79.33728919,6.934964178,127.18 E,25.55192863,0.567720842,0.045563394,0.291189791,0.020797968,1.350031084,0.167331269,1.806522505,0.264412059
    SAUCES (WHITE-  BEARNAISE-  SOYA-  TARTAR-  KETCHUP-  ETC),50D,Both,19-30 Years,1849,41.61744931,13.60205701,1.2769183,F,F,44.21316016,6.160014964,60.85292505,9.7684632,0.195692512,0.020943174,F,F,0.582091223,0.073685162,1.04 E,0.232456902,32.68354317,2.676949924,16.53293947,1.916074582,72.2631207,11.12600058,98.23211529,15.57955765,0.470217457,0.045172086,0.25461408,0.023461982,1.25 E,0.224668649,1.600050042,0.201740998
    SAUCES (WHITE-  BEARNAISE-  SOYA-  TARTAR-  KETCHUP-  ETC),50D,Both,31-50 Years,4389,34.22434708,10.47046737,0.730760288,F,F,31.1796196,1.753526489,54.16527716,4.22949422,0.138226825,0.009560832,F,F,0.401644369,0.037227782,0.696473964,0.061184677,30.59362197,1.652836617,15.21137121,0.460677593,70.6378563,5.233678569,120.7735179,9.913169087,0.403884476,0.021862786,0.201110135,0.01588619,0.954253521,0.083212722,1.440087071,0.114841831
    SAUCES (WHITE-  BEARNAISE-  SOYA-  TARTAR-  KETCHUP-  ETC),50D,Both,51-70 Years,4465,29.15341164,8.099103505,0.57231408,F,F,20.7553,2.658629546,44.65825154,5.135397551,0.10212599,0.007643388,F,F,0.26615312,0.018939996,0.533897749,0.050439238,27.78098016,1.645348468,14.96174119,0.670136696,67.70936593,5.20441166,95.63755583,14.77083694,0.35030545,0.022410175,0.187946935,0.015152406,0.927090152,0.090910324,1.313498654,0.178727728
    SAUCES (WHITE-  BEARNAISE-  SOYA-  TARTAR-  KETCHUP-  ETC),50D,Both,71+ Years,2628,24.47322103,5.359181829,0.469665339,F,F,15.52692089,1.341323411,30.93966825,2.944947684,0.077317449,0.007116736,F,F,0.209217065,0.023779789,0.409264312,0.066441778,21.89814664,1.600262546,14.40677238,1.600570636,56.20392121,8.875590111,73.33988745,4.983670171,0.315926739,0.02470369,0.175979994,0.01494445,0.777280434,0.107356315,1.132538806,0.107271373
    SAUCES (WHITE-  BEARNAISE-  SOYA-  TARTAR-  KETCHUP-  ETC),50D,Both,1-18 Years,6339,32.69789568,9.006080664,0.524299476,F,F,26.93399132,2.449086764,46.61023474,4.087874408,0.268973295,0.019853005,F,F,0.722909631,0.049064001,1.405715993,0.119410359,27.54330356,1.367271981,15.0025323,0.126779315,64.6859025,2.85252091,91.32760358,6.961622715,0.817684804,0.053934917,0.39486884,0.022839863,1.89963356,0.140538098,2.887203695,0.307009182
    SAUCES (WHITE-  BEARNAISE-  SOYA-  TARTAR-  KETCHUP-  ETC),50D,Both,19+ Years,13331,32.62743069,9.602803049,0.42458776,F,F,30.00020549,1.188546267,53.40658297,3.316289067,0.128691503,0.005890579,F,F,0.349502442,0.016711332,0.657204194,0.047745434,29.4316863,1.023532631,15.12099662,0.319701034,67.75585194,4.011420033,103.8469948,9.613913657,0.394427326,0.014527896,0.2042748,0.010104071,0.962887639,0.066026003,1.509799962,0.084240323
    SAUCES (WHITE-  BEARNAISE-  SOYA-  TARTAR-  KETCHUP-  ETC),50D,Male,9-13 Years,1023,34.81222214,9.907273214,1.166380439,F,F,30.0050646,2.812775167,61.26 E,10.95514198,0.239146053,0.028893714,F,F,0.756157216,0.125441908,1.55 E,0.297587227,28.45918073,2.633471182,15.79099376,2.033227537,69.98202569,7.564892165,85.72157348,10.50343749,0.686960034,0.065492639,0.387610136,0.038143074,1.807050483,0.212314812,2.312696713,0.315975666
    SAUCES (WHITE-  BEARNAISE-  SOYA-  TARTAR-  KETCHUP-  ETC),50D,Male,14-18 Years,900,39.28438181,16.53733661,2.017941626,F,F,46.42739857,4.674572723,78.1527045,10.05191562,0.242847189,0.030372958,F,F,0.637605482,0.100186439,1.126288578,0.159588828,42.09646644,4.429520566,20.7381908,2.688414667,85.12 E,16.9350785,165.86 E,41.63360636,0.618177448,0.068327884,0.316275266,0.029971533,1.395073702,0.219343787,1.95 E,0.424386959
    SAUCES (WHITE-  BEARNAISE-  SOYA-  TARTAR-  KETCHUP-  ETC),50D,Male,19-30 Years,857,44.48583541,16.30113178,2.275747579,F,F,53.85 E,9.350965725,90.0075001,14.17912494,0.221321788,0.034210655,F,F,0.61 E,0.146412797,1.25 E,0.268556591,36.6434206,4.386384258,19.1 E,3.948380887,91.43590042,12.96236494,120.38 E,26.24515611,0.497510693,0.067865129,0.278689357,0.036073671,1.34 E,0.251130821,1.61 E,0.431997001
    SAUCES (WHITE-  BEARNAISE-  SOYA-  TARTAR-  KETCHUP-  ETC),50D,Male,31-50 Years,2005,35.14444808,11.65565009,1.078487939,F,F,35.90091436,4.19951223,58.38792401,5.479178636,0.135749837,0.012506157,F,F,0.442538267,0.038653832,0.657368523,0.078926823,33.1649826,2.294001864,16.72660351,2.277700693,76.14198581,10.74847333,122.7869523,11.63805225,0.386262539,0.026661681,0.193310837,0.030699323,0.883979343,0.094684636,1.361230962,0.178622678
    SAUCES (WHITE-  BEARNAISE-  SOYA-  TARTAR-  KETCHUP-  ETC),50D,Male,51-70 Years,2151,32.9219015,9.574998433,0.863436675,F,F,28.7470084,3.157175307,49.55193687,7.162771509,0.107593996,0.009631305,F,F,0.289912378,0.03092309,0.56040752,0.080810825,29.08397752,2.166593896,15.62426982,1.281898901,70.50300844,8.015247449,92.28 E,16.727278,0.32681586,0.024435949,0.190997126,0.016151797,0.877957945,0.124772793,1.123251804,0.112095644
    SAUCES (WHITE-  BEARNAISE-  SOYA-  TARTAR-  KETCHUP-  ETC),50D,Male,71+ Years,1180,23.93040803,5.21457864,0.654611273,F,F,15.49614592,2.082845707,26.37174777,4.007087713,0.06323433,0.007959731,F,F,0.191999775,0.019114618,0.333433279,0.049567454,21.79059644,2.252568235,15.08074452,1.13127153,41.8 E,12.42584732,74.3847296,12.12610453,0.26424259,0.027677675,0.17656167,0.0144043,0.56 E,0.12620015,0.92 E,0.153461167
    SAUCES (WHITE-  BEARNAISE-  SOYA-  TARTAR-  KETCHUP-  ETC),50D,Male,19+ Years,6193,34.8756543,11.10581636,0.676470912,F,F,32.37826188,2.394830497,60.0004042,2.687219983,0.133971292,0.008707202,F,F,0.372065771,0.032891493,0.694463841,0.064913651,31.84403729,1.543100429,15.94047874,1.299431162,76.24303261,6.388836817,112.7801077,11.83232552,0.384139866,0.020462588,0.199008005,0.012771149,0.946349826,0.07318252,1.409946684,0.126371727
    SAUCES (WHITE-  BEARNAISE-  SOYA-  TARTAR-  KETCHUP-  ETC),50D,Female,9-13 Years,939,33.80477626,7.501549844,1.107017198,F,F,20.35201564,3.088158169,35.85395063,5.201876763,0.191312438,0.031298166,F,F,0.51 E,0.097254224,0.923097495,0.132620144,22.19079868,3.07377292,12.43846265,2.008145894,49.65709038,8.023193064,65.6 E,12.44153533,0.565933159,0.087155007,0.300635337,0.026057368,1.256912843,0.147433952,1.6 E,0.347598054
    SAUCES (WHITE-  BEARNAISE-  SOYA-  TARTAR-  KETCHUP-  ETC),50D,Female,14-18 Years,990,33.64804187,9.591632562,1.279336707,F,F,30.11183383,2.709053216,50.3 E,10.0574934,0.170068843,0.024130654,F,F,0.486199696,0.066895729,0.895042238,0.124745659,28.50576743,3.2760844,15.60252666,1.245895759,67.86372923,8.164792598,93.83 E,17.35310077,0.505434593,0.06302908,0.259885411,0.026479282,1.21 E,0.208970355,1.74 E,0.300355074
    SAUCES (WHITE-  BEARNAISE-  SOYA-  TARTAR-  KETCHUP-  ETC),50D,Female,19-30 Years,992,38.44126825,10.6133554,1.246558828,F,F,34.05 E,7.764050004,57.45752108,7.044400654,0.167313061,0.024296112,F,F,0.51 E,0.100881997,F,F,27.60927484,2.412023213,15.01531916,2.011902352,60.00574821,4.525244562,64.76 E,12.02966394,0.435243342,0.051324184,0.240252115,0.027609984,1.07 E,0.296181942,1.53 E,0.257570772
    SAUCES (WHITE-  BEARNAISE-  SOYA-  TARTAR-  KETCHUP-  ETC),50D,Female,31-50 Years,2384,33.34384462,9.33629156,0.855318477,F,F,24.13606411,3.37180841,49.38952794,7.075600676,0.14059721,0.012954737,F,F,0.337240925,0.046831001,0.728414254,0.101851482,28.00004518,2.336434847,14.18029122,0.851711258,70.28364988,6.570447111,116.62 E,19.7533947,0.421658665,0.034907385,0.206981544,0.018924262,1.072552112,0.131044506,1.505397,0.149785915
    SAUCES (WHITE-  BEARNAISE-  SOYA-  TARTAR-  KETCHUP-  ETC),50D,Female,51-70 Years,2314,25.47076358,6.656827743,0.736519957,F,F,16.1901693,1.996413389,37.63 E,6.318998828,0.096782539,0.011365221,F,F,0.260228578,0.023603105,0.515939961,0.069152424,26.13517149,2.481241844,12.28663482,1.545845766,64.75288515,6.603288558,101.58 E,20.59996736,0.379975019,0.037533664,0.176460581,0.025492113,0.96 E,0.186868131,1.8 E,0.334040184
    SAUCES (WHITE-  BEARNAISE-  SOYA-  TARTAR-  KETCHUP-  ETC),50D,Female,71+ Years,1448,24.90322476,5.473733087,0.655891224,F,F,15.50220739,2.261047184,32.72340615,4.606396707,0.088473766,0.011078548,F,F,0.240496486,0.03728882,0.6 E,0.111970301,21.9800172,2.173252097,11.34 E,2.18581904,62.87 E,10.98070865,70.28511033,7.84475813,0.355270319,0.037741141,0.16 E,0.03389306,0.903373149,0.136090747,1.171131822,0.179252819
    SAUCES (WHITE-  BEARNAISE-  SOYA-  TARTAR-  KETCHUP-  ETC),50D,Female,19+ Years,7138,30.45690703,8.15173477,0.476616684,F,F,21.24348824,2.397394362,46.40582603,4.493172794,0.123594186,0.007665234,F,F,0.315350962,0.02169574,0.635618874,0.051415212,26.76481483,1.291820249,14.377359,0.611705628,62.50005144,3.316434978,91.41425008,12.88797185,0.405800188,0.020464283,0.210427369,0.014546861,1.033624535,0.100625494,1.529818658,0.105906866
 SALAD DRESSINGS (WITH OR WITHOUT OIL),50E,Both,All ages,19670,34.85156469,8.210269521,0.243503563,F,F,29.378856,0.543952896,43.05506827,1.130503253,0.119517869,0.003610514,F,F,0.395701942,0.013337149,0.599974795,0.018685547,23.55782185,0.516072952,15.6277056,0.226906147,47.88662238,1.606249348,62.5108224,1.538553523,0.342263824,0.008071275,0.239746583,0.005807735,0.700853024,0.022168262,0.956677771,0.029621964
 SALAD DRESSINGS (WITH OR WITHOUT OIL),50E,Both,1-3 Years,1288,15.9798534,1.284691144,0.188414283,F,F,4.57 E,0.968364435,F,F,0.091999127,0.013963583,F,F,0.3 E,0.059221864,0.58 E,0.181184815,8.039442617,1.04004106,4.871596008,0.650265412,15.62768691,2.472725068,24.10365772,3.480440117,0.548864441,0.077792919,0.348684368,0.049561948,1.164359737,0.101816036,1.406503321,0.200040116
 SALAD DRESSINGS (WITH OR WITHOUT OIL),50E,Both,4-8 Years,1199,21.66121271,3.007502208,0.363096108,F,F,9.15 E,1.974342305,17.32 E,2.967096118,0.132722117,0.017860501,F,F,0.33 E,0.064071885,0.769930994,0.105389897,13.88427439,1.436448518,7.96 E,1.627411667,31.88 E,6.286881388,46.44749977,6.558041228,0.612717852,0.072993802,0.313862817,0.040143828,1.52 E,0.259262009,2.175222768,0.330282802
 SALAD DRESSINGS (WITH OR WITHOUT OIL),50E,Both,9-13 Years,1962,25.07425445,4.335066974,0.318679702,F,F,15.58853972,0.808421337,27.5046672,1.943318506,0.097896085,0.007403149,F,F,0.35308858,0.028519359,0.596652695,0.048252374,17.28891673,0.862788044,13.7523336,0.705438159,34.70476923,4.692697604,47.21939961,2.401052729,0.390424708,0.020553524,0.288027982,0.016783767,0.818359734,0.080222315,1.113555648,0.080084037
 SALAD DRESSINGS (WITH OR WITHOUT OIL),50E,Both,14-18 Years,1890,32.57963186,6.766036234,0.47003541,F,F,23.67595234,2.588469804,32.87047523,1.419086647,0.103665653,0.007327068,F,F,0.351346795,0.027393656,0.520542492,0.025197246,20.76768781,0.973202277,14.583644,0.446999059,37.15862768,4.608701891,55.00664302,4.867569854,0.318191603,0.016065497,0.228226056,0.011628951,0.604440048,0.039818663,0.794655038,0.113777689
 SALAD DRESSINGS (WITH OR WITHOUT OIL),50E,Both,19-30 Years,1849,40.4288986,9.917810336,0.875130453,F,F,29.37955527,2.308157257,44.06903316,2.877340796,0.13942173,0.01320721,F,F,0.413166296,0.036614839,0.572321396,0.073268053,24.53148782,1.605024095,15.76962391,1.630275415,44.71549477,4.678338304,64.85364487,10.45051454,0.344856612,0.025403194,0.238102119,0.014758673,0.662440118,0.075853715,0.96 E,0.167186653
 SALAD DRESSINGS (WITH OR WITHOUT OIL),50E,Both,31-50 Years,4389,36.0752042,8.837380674,0.440098207,F,F,30.23643356,0.647882519,43.52524672,1.834312465,0.114922982,0.005828322,F,F,0.390790179,0.026885517,0.590649675,0.032660838,24.49710506,0.90956727,16.99228374,1.308099343,49.06596041,3.293585437,62.51068893,3.25683378,0.318565022,0.012605642,0.226345062,0.010958231,0.654940616,0.037596604,0.881885857,0.044151029
 SALAD DRESSINGS (WITH OR WITHOUT OIL),50E,Both,51-70 Years,4465,37.73719986,9.6871358,0.50423896,F,F,31.2554112,1.436226189,46.8831168,2.418922993,0.124944537,0.006561947,F,F,0.40565975,0.025210765,0.629893068,0.036718383,25.66999098,0.943179984,17.491017,1.339206652,54.81502966,2.981190576,65.55143554,4.305499002,0.331091171,0.012262187,0.240652221,0.010090387,0.688530049,0.028511736,0.943058496,0.044706052
 SALAD DRESSINGS (WITH OR WITHOUT OIL),50E,Both,71+ Years,2628,35.88740225,8.074268083,0.579644951,F,F,29.3800392,1.39787561,41.75800917,2.882675892,0.113717144,0.008467605,F,F,0.388217028,0.025980646,0.57864042,0.05125401,22.49889258,1.254738952,15.6277056,0.40959367,45.0075969,3.843203411,60.22219651,3.32233739,0.316872042,0.018103508,0.218628081,0.012127015,0.67207107,0.048252755,0.832586465,0.096653688
 SALAD DRESSINGS (WITH OR WITHOUT OIL),50E,Both,1-18 Years,6339,24.75868497,4.153274753,0.189668416,F,F,14.689428,0.324746801,26.95301423,1.308407451,0.10851244,0.006353005,F,F,0.345080543,0.016889728,0.615873695,0.039131739,16.7750216,0.605084361,13.71471943,0.674654227,34.61637331,2.315513067,47.28145362,2.844742349,0.434282066,0.022199834,0.280436179,0.010004325,0.914775083,0.078663635,1.34278418,0.111171744
 SALAD DRESSINGS (WITH OR WITHOUT OIL),50E,Both,19+ Years,13331,37.33046951,9.206705049,0.296519417,F,F,30.005952,0.643627569,44.0700588,0.795927976,0.122188753,0.004121539,F,F,0.403753639,0.013852125,0.598160833,0.021015103,24.66270896,0.579199382,16.33956621,0.804811201,49.93350073,2.212495879,64.25287259,1.920944477,0.32731641,0.008426863,0.233408906,0.006730462,0.673431231,0.020244444,0.922937506,0.03606916
 SALAD DRESSINGS (WITH OR WITHOUT OIL),50E,Male,9-13 Years,1023,24.69627883,4.34989293,0.467024918,F,F,15.6277056,1.845940883,27.5046672,2.570287686,0.095634925,0.010098289,F,F,0.351827668,0.040601439,0.636386398,0.074113429,17.61355612,1.139776727,13.7523336,1.02748533,39.51070876,5.884212266,46.19158138,4.290150467,0.387244271,0.024412164,0.30766532,0.026971607,0.78863543,0.071542597,1.032521695,0.089608079
 SALAD DRESSINGS (WITH OR WITHOUT OIL),50E,Male,14-18 Years,900,34.18629057,6.984914238,0.71042646,F,F,25.39936501,3.120216696,33.10990648,1.905798807,0.101459502,0.010947968,F,F,0.333436099,0.035685206,0.484521547,0.033582307,20.43191619,1.461909499,13.9646839,1.009179317,34.83770042,3.862549721,46.84 E,11.81866564,0.29678418,0.023822058,0.224778257,0.020325431,0.548404639,0.043706849,0.68 E,0.205343617
 SALAD DRESSINGS (WITH OR WITHOUT OIL),50E,Male,19-30 Years,857,40.32886101,10.53259322,1.364106106,F,F,31.26 E,6.280098609,44.07003917,5.626097288,0.138129289,0.019640362,F,F,0.411758733,0.04762771,0.6 E,0.104919058,26.11676343,2.404470844,18.95928779,2.976165469,46.88 E,8.147604347,68.51 E,16.98438585,0.342507291,0.036565765,0.245096991,0.023130348,0.68 E,0.12369964,0.96 E,0.263350873
 SALAD DRESSINGS (WITH OR WITHOUT OIL),50E,Male,31-50 Years,2005,33.74607887,8.250526557,0.626142347,F,F,29.37985438,1.276014718,41.19325426,2.46814991,0.093784835,0.006959289,F,F,0.334302796,0.023103767,0.456239416,0.023390172,24.44884512,1.248759106,19.03859197,1.930332635,46.8270451,2.442133003,58.75040685,4.88026193,0.277913282,0.013822785,0.204202578,0.016556447,0.537398125,0.033642293,0.751969421,0.087126136
 SALAD DRESSINGS (WITH OR WITHOUT OIL),50E,Male,51-70 Years,2151,38.32897704,10.4979617,0.771304022,F,F,33.2496884,3.442935287,46.8831168,4.055192958,0.12061715,0.008815451,F,F,0.37969083,0.035746865,0.594508577,0.052234647,27.3890996,1.47793618,20.66984823,1.932577885,54.88688059,4.383097258,73.92190577,10.40062202,0.314689196,0.01675048,0.250325145,0.019298211,0.644616765,0.040565893,0.923907903,0.116650737
 SALAD DRESSINGS (WITH OR WITHOUT OIL),50E,Male,71+ Years,1180,34.40167173,8.090595106,0.912853771,F,F,31.24494626,3.064184882,41.06953379,4.695742316,0.100085045,0.011605285,F,F,0.363307316,0.035287252,0.483711568,0.041351016,23.51802892,2.275856954,15.11235086,0.803989501,43.96861055,3.052430645,59.2 E,16.82419963,0.290930759,0.029014073,0.191177609,0.018166328,0.579086674,0.068451449,0.81 E,0.2017309
 SALAD DRESSINGS (WITH OR WITHOUT OIL),50E,Male,19+ Years,6193,36.51617163,9.386987636,0.416385226,F,F,30.52669862,0.986565574,44.0700588,0.799479669,0.111311889,0.005192706,F,F,0.365847084,0.016652745,0.511602935,0.024544656,25.70638492,0.830686805,19.06583344,1.233908807,48.6825865,2.430183567,66.48844159,4.684661747,0.304829023,0.010665504,0.226154597,0.012338518,0.6159519,0.031706239,0.833216686,0.069719491
 SALAD DRESSINGS (WITH OR WITHOUT OIL),50E,Female,9-13 Years,939,25.47205556,4.31946337,0.482355704,F,F,15.23181172,0.978945167,26.85383463,3.672203362,0.100275846,0.011606818,F,F,0.355051209,0.047169162,0.547286966,0.068642415,16.95765527,1.272151053,14.489763,1.092155129,33.84523551,5.578699599,47.26635615,4.357907922,0.393670019,0.032975767,0.279766169,0.0223879,0.87 E,0.153185073,1.175405682,0.1274981
 SALAD DRESSINGS (WITH OR WITHOUT OIL),50E,Female,14-18 Years,990,30.88084989,6.534608112,0.618492245,F,F,23.18115807,3.701436978,32.75539666,3.37361637,0.1059983,0.009853193,F,F,0.370903509,0.039598115,0.531050815,0.047855534,21.16071331,1.335217839,14.68945362,0.552827262,44.46082951,6.689747333,58.75927869,4.390679338,0.343249298,0.021684232,0.229783278,0.024202201,0.656765921,0.084807594,0.960896545,0.11970716
 SALAD DRESSINGS (WITH OR WITHOUT OIL),50E,Female,19-30 Years,992,40.53967081,9.237057573,1.029181417,F,F,29.37901414,2.81933634,38.49583396,5.317689176,0.140852857,0.016998076,F,F,0.407425217,0.052390325,0.569177955,0.076120537,22.78523083,1.960834628,15.62761571,0.802591048,43.50490705,5.797302213,62.72 E,13.30462359,0.347444502,0.034379587,0.227731202,0.018535852,0.657345029,0.10000293,0.95 E,0.24488134
 SALAD DRESSINGS (WITH OR WITHOUT OIL),50E,Female,31-50 Years,2384,38.30409055,9.398978246,0.601053056,F,F,31.2450774,0.905930675,45.58780246,4.580502605,0.135151403,0.009102356,F,F,0.468772864,0.04101126,0.663855412,0.042373807,24.53779247,1.261165664,16.23648949,1.220391789,55.0093344,4.943737108,64.65386556,4.656030312,0.352838041,0.019188393,0.238645542,0.014727961,0.750804741,0.05987776,0.938414422,0.054335095
 SALAD DRESSINGS (WITH OR WITHOUT OIL),50E,Female,51-70 Years,2314,37.15890269,8.894779572,0.604291805,F,F,29.3800392,1.348372693,46.26103287,3.221805311,0.129173351,0.00902807,F,F,0.423334976,0.0296081,0.673181427,0.046938125,23.93714273,1.129615163,15.6277056,0.688273333,53.99280544,3.993766607,63.9187303,2.195991766,0.347624235,0.017170441,0.237383351,0.009493604,0.715290463,0.058784282,0.975681156,0.065300295
 SALAD DRESSINGS (WITH OR WITHOUT OIL),50E,Female,71+ Years,1448,37.06436315,8.061334198,0.771113001,F,F,28.979526,2.11193807,43.26834993,4.832529867,0.124516174,0.01235634,F,F,0.443794958,0.041428792,0.637760107,0.064925368,21.7495554,1.357351933,15.6277056,0.491164863,47.71974948,5.523021756,60.34140733,3.227280813,0.335945808,0.022350058,0.242874602,0.014775412,0.730846748,0.049649481,0.866080905,0.143756696
 SALAD DRESSINGS (WITH OR WITHOUT OIL),50E,Female,19+ Years,7138,38.11662478,9.032653134,0.379560356,F,F,29.3800392,0.790564809,44.47805726,1.64631125,0.132689705,0.005866776,F,F,0.438186117,0.021612775,0.649974031,0.026886934,23.69741074,0.716036363,15.6277056,0.290465821,51.83040936,3.1995842,62.5108224,1.8214091,0.348115044,0.011567583,0.236884178,0.006718445,0.71520386,0.037152531,0.949335596,0.034434024
  SEASONINGS (SALT-  PEPPER-  VINEGAR-  ETC),50F,Both,All ages,19670,86.41587013,2.057473294,0.076409818,1.027286179,0.076409818,4.176611637,0.130512544,6.350262765,0.27076459,0.032469909,0.001067838,0.015826425,0.00042574,0.068700591,0.001806435,0.10702486,0.003981319,2.380897503,0.086092164,1.283460186,0.026890875,4.587019765,0.142522858,6.930778711,0.305240733,0.037570092,0.001195928,0.019630742,0.000437989,0.075840193,0.002645653,0.119022219,0.005751262
  SEASONINGS (SALT-  PEPPER-  VINEGAR-  ETC),50F,Both,1-3 Years,1288,84.57312644,0.809348473,0.060651432,0.421571448,0.060651432,1.794486956,0.134995876,2.574381183,0.202218203,0.054433721,0.003760669,0.03075641,0.003792087,0.126595364,0.009329011,0.179218317,0.013186814,0.956980671,0.068005762,0.573156781,0.068659273,1.950849428,0.142750138,2.666468328,0.202866321,0.06424644,0.004116796,0.042168768,0.004431783,0.137361919,0.010238445,0.187546873,0.010389941
  SEASONINGS (SALT-  PEPPER-  VINEGAR-  ETC),50F,Both,4-8 Years,1199,84.76960679,1.189177395,0.101240763,0.721474738,0.101240763,2.726494338,0.202987622,3.586958361,0.301663327,0.052202577,0.004108935,0.030774245,0.002261356,0.124364386,0.008158528,0.151118275,0.007973713,1.402834625,0.113051611,0.909711726,0.056415419,2.93973731,0.200496587,3.795393141,0.30451688,0.061581714,0.004564357,0.040826119,0.002922385,0.128369855,0.006086267,0.155308118,0.013069329
  SEASONINGS (SALT-  PEPPER-  VINEGAR-  ETC),50F,Both,9-13 Years,1962,88.09190029,1.736599424,0.109914023,1.056102928,0.109914023,3.708716467,0.121308997,5.097733708,0.301249274,0.042791133,0.002972732,0.025315336,0.001675376,0.098862642,0.005508517,0.132871067,0.007027355,1.971349714,0.12059906,1.307345046,0.077732411,3.877443472,0.165652437,5.356868155,0.373540467,0.048575559,0.0032762,0.030448161,0.001557445,0.101434626,0.005144767,0.135262981,0.007786482
  SEASONINGS (SALT-  PEPPER-  VINEGAR-  ETC),50F,Both,14-18 Years,1890,86.20881648,2.169299066,0.186720303,1.201101741,0.186720303,4.631173859,0.295976265,7.097446766,0.663850733,0.034416774,0.002987265,0.018061155,0.001192519,0.073059127,0.004196695,0.109342033,0.011584837,2.516330875,0.213116735,1.440250188,0.052544456,4.966925775,0.38219087,7.650417587,0.744173917,0.039922569,0.00341075,0.022376924,0.001315844,0.078683124,0.005660823,0.122214264,0.012938983
  SEASONINGS (SALT-  PEPPER-  VINEGAR-  ETC),50F,Both,19-30 Years,1849,88.84242933,2.526301659,0.233167575,1.246067701,0.233167575,5.004373596,0.642574138,9.05 E,1.68523381,0.036034874,0.003402202,0.016727914,0.001172259,0.072551241,0.00789745,F,F,2.843575618,0.260509148,1.419772497,0.117917434,5.561641757,0.727399232,10.57 E,1.946256832,0.040560433,0.003795589,0.019702592,0.001912295,0.078529742,0.008557279,F,F
  SEASONINGS (SALT-  PEPPER-  VINEGAR-  ETC),50F,Both,31-50 Years,4389,85.65587616,2.338624443,0.154221605,1.172163668,0.154221605,4.95212485,0.310843559,6.937224143,0.519090892,0.031849671,0.002383098,0.015134663,0.000822324,0.064098521,0.004181789,0.096925758,0.006640847,2.730255701,0.171876488,1.474861119,0.064885122,5.266385732,0.281598771,7.79355195,0.653592569,0.037183288,0.002672,0.019174438,0.000911932,0.07127496,0.006136878,0.101825485,0.009230824
  SEASONINGS (SALT-  PEPPER-  VINEGAR-  ETC),50F,Both,51-70 Years,4465,86.534207,2.006014666,0.182924582,1.019600165,0.182924582,3.807002509,0.208391825,5.863635511,0.457434529,0.025797652,0.001925832,0.013462244,0.000761493,0.050738589,0.002272157,0.075423872,0.005795962,2.318175361,0.211153499,1.257301401,0.049225359,4.222969369,0.236517014,6.380397926,0.537267049,0.029812086,0.00220926,0.016313701,0.000594802,0.054117954,0.00208846,0.083524157,0.00774084
  SEASONINGS (SALT-  PEPPER-  VINEGAR-  ETC),50F,Both,71+ Years,2628,85.89862472,1.677061342,0.136984513,0.858565647,0.136984513,3.285694749,0.181465175,5.081670251,0.378884532,0.022723516,0.001599904,0.011819318,0.000525096,0.044713373,0.001760094,0.070172285,0.007469132,1.952372751,0.155313011,1.046930605,0.050550048,3.571719131,0.233950751,5.262470553,0.426721068,0.026453877,0.001799256,0.014844238,0.000711583,0.047165437,0.002260477,0.074235297,0.007754848
  SEASONINGS (SALT-  PEPPER-  VINEGAR-  ETC),50F,Both,1-18 Years,6339,86.03642146,1.553222186,0.068615055,0.840620355,0.068615055,3.431462995,0.104539889,4.835755293,0.215162463,0.0448461,0.001789413,0.024651173,0.000944087,0.103571269,0.003789551,0.141006439,0.005273525,1.805307752,0.078251879,1.06372981,0.036898306,3.708669788,0.124790464,5.203200015,0.254670253,0.052099369,0.002005811,0.03028429,0.000946603,0.113641632,0.005117989,0.150129106,0.005448506
  SEASONINGS (SALT-  PEPPER-  VINEGAR-  ETC),50F,Both,19+ Years,13331,86.50906624,2.181322041,0.093760385,1.094457503,0.093760385,4.381020514,0.152212205,6.686458391,0.31455312,0.029466358,0.001248264,0.014395195,0.000456233,0.058559002,0.002215822,0.089212942,0.004147714,2.521495302,0.105527731,1.336469317,0.030824852,4.768066982,0.163659983,7.332604302,0.463205429,0.034061584,0.001398469,0.017587946,0.000431247,0.064089172,0.002371672,0.099366932,0.005806679
  SEASONINGS (SALT-  PEPPER-  VINEGAR-  ETC),50F,Male,9-13 Years,1023,86.87774101,1.712547882,0.113859654,0.991294837,0.113859654,3.877702521,0.315548655,5.3555661,0.475327377,0.041462498,0.002860611,0.024772456,0.002014213,0.098948381,0.00889696,0.135425406,0.014403513,1.971215943,0.124437296,1.267592713,0.102566744,4.182611604,0.375969314,6.06686936,0.595607006,0.047725111,0.003109641,0.030389262,0.001665903,0.101553692,0.007484777,0.147911378,0.014859015
  SEASONINGS (SALT-  PEPPER-  VINEGAR-  ETC),50F,Male,14-18 Years,900,85.52702722,2.010978178,0.129743055,1.345754675,0.129743055,4.492785987,0.320469898,6.312484478,0.613930432,0.028959728,0.001849733,0.018564409,0.001321737,0.068909642,0.003719559,0.091091264,0.008182746,2.351278003,0.140800878,1.582677454,0.103828831,4.870977973,0.353148671,6.939484122,0.68778022,0.033860323,0.002015481,0.022933627,0.001501388,0.072075743,0.00337341,0.09740603,0.009638641
  SEASONINGS (SALT-  PEPPER-  VINEGAR-  ETC),50F,Male,19-30 Years,857,92.48712394,2.919843841,0.378338924,1.542002052,0.378338924,6.016681234,0.962830167,10.51 E,2.537385107,0.038115643,0.004910558,0.019699673,0.002574559,0.0795119,0.00925181,F,F,3.157027397,0.40838319,1.769851792,0.200625289,6.03 E,1.145080323,10.81 E,2.824278361,0.041211838,0.005308067,0.022341626,0.002829242,0.080902307,0.009908686,F,F
  SEASONINGS (SALT-  PEPPER-  VINEGAR-  ETC),50F,Male,31-50 Years,2005,86.93229332,2.589769497,0.253632619,1.377873768,0.253632619,5.60812917,0.544100545,7.818679591,0.789643586,0.031880454,0.003840497,0.015874378,0.001302079,0.068486872,0.00748556,0.098981908,0.009802438,2.979064969,0.27911144,1.73872696,0.101132465,6.162675104,0.538823478,8.333222737,0.765138737,0.03667274,0.004258194,0.019839321,0.001284369,0.076414986,0.008033859,0.102061461,0.011494133
  SEASONINGS (SALT-  PEPPER-  VINEGAR-  ETC),50F,Male,51-70 Years,2151,87.18786254,2.413607404,0.358459825,1.20036412,0.358459825,4.417460362,0.338598626,6.54343895,0.787684324,0.027532739,0.00353726,0.013599004,0.000941182,0.052754869,0.002961885,0.078101562,0.010802707,2.768283719,0.41198028,1.474820875,0.07726732,4.749641899,0.358123942,7.519263896,1.072985506,0.031578637,0.004063496,0.016250388,0.000939313,0.055316171,0.004026181,0.092257667,0.011281044
  SEASONINGS (SALT-  PEPPER-  VINEGAR-  ETC),50F,Male,71+ Years,1180,86.55372039,2.164825885,0.277580501,1.051122624,0.277580501,3.886581031,0.368560089,5.43 E,0.909333286,0.02645135,0.003018078,0.013318011,0.001151879,0.046768955,0.002657115,0.07 E,0.015206145,2.501135567,0.316970484,1.309854745,0.106282857,4.362532081,0.463850713,6.78 E,1.181804658,0.030560616,0.00343755,0.016479568,0.001130837,0.049852262,0.003356184,0.09 E,0.01869871
  SEASONINGS (SALT-  PEPPER-  VINEGAR-  ETC),50F,Male,19+ Years,6193,87.97391738,2.544862197,0.171334077,1.302921021,0.171334077,5.004366998,0.262681378,7.570314993,0.595055033,0.03097529,0.002102141,0.015255775,0.000697742,0.06322926,0.00334434,0.092889951,0.006978357,2.892746251,0.193079788,1.576645893,0.060259971,5.49583341,0.342491601,8.147965265,0.739869602,0.035209629,0.002363399,0.018467781,0.000866718,0.068123943,0.004389897,0.101848025,0.007723412
  SEASONINGS (SALT-  PEPPER-  VINEGAR-  ETC),50F,Female,9-13 Years,939,89.36974434,1.761912512,0.185402929,1.080999614,0.185402929,3.608996338,0.139260501,4.624355556,0.479633965,0.044189457,0.005102327,0.025999947,0.002448321,0.09853444,0.007807136,0.130383041,0.007571992,1.971486575,0.207282982,1.343153739,0.113635709,3.648599258,0.157781227,4.895682655,0.51045351,0.049445656,0.005708571,0.030515582,0.00312848,0.101064186,0.008774003,0.134119223,0.007485391
  SEASONINGS (SALT-  PEPPER-  VINEGAR-  ETC),50F,Female,14-18 Years,990,86.92969845,2.336697822,0.362039831,1.106172459,0.362039831,4.74996207,0.633653537,7.65 E,1.895198024,0.040186719,0.005877846,0.01636814,0.001656531,0.082110702,0.011425332,0.14 E,0.041533066,2.688031666,0.412245731,1.353941357,0.089701417,5.05 E,0.861472457,8.62 E,2.538313196,0.046228987,0.00668798,0.021453893,0.001806306,0.088428647,0.013865333,F,F
  SEASONINGS (SALT-  PEPPER-  VINEGAR-  ETC),50F,Female,19-30 Years,992,84.80663722,2.09053005,0.249766785,0.949086529,0.249766785,3.78 E,0.859923934,F,F,0.033730827,0.004786325,0.014250453,0.001344473,0.06 E,0.014208695,F,F,2.465054763,0.287233754,1.26310639,0.11258698,4.56 E,1.049871525,9.82 E,2.664446668,0.039773805,0.00553589,0.01789152,0.001477682,0.07 E,0.020914405,F,F
  SEASONINGS (SALT-  PEPPER-  VINEGAR-  ETC),50F,Female,31-50 Years,2384,84.4343924,2.098287963,0.178350639,1.01523374,0.178350639,4.228693193,0.397068247,5.641186957,0.648362249,0.031820214,0.002829512,0.014738213,0.001075108,0.061430589,0.004797384,0.096538829,0.009974549,2.485110514,0.203902613,1.297287521,0.072942467,4.880203491,0.449697975,6.358724877,0.996759105,0.037686318,0.003246455,0.018224954,0.001104016,0.068556029,0.007550525,0.09989896,0.014877543
  SEASONINGS (SALT-  PEPPER-  VINEGAR-  ETC),50F,Female,51-70 Years,2314,85.89544098,1.607706415,0.101691958,0.913869007,0.101691958,3.236622707,0.255373073,4.634936645,0.43012996,0.024102089,0.001714801,0.013055808,0.000987364,0.048594467,0.003368799,0.069494454,0.005061926,1.871701683,0.115691452,1.112053428,0.054969507,3.625240558,0.303132548,5.301329648,0.648009447,0.0280598,0.001952923,0.016315532,0.000759067,0.053324594,0.00333418,0.075400452,0.008773412
  SEASONINGS (SALT-  PEPPER-  VINEGAR-  ETC),50F,Female,71+ Years,1448,85.37967329,1.290665705,0.097968349,0.7297758,0.097968349,2.604190886,0.196898534,4.215401514,0.548037141,0.019770414,0.00144332,0.010947972,0.000784209,0.041630413,0.001932528,0.062903747,0.009587983,1.511677961,0.111386416,0.894153376,0.062129654,2.886830243,0.200649661,4.377406562,0.556951338,0.023155879,0.001640276,0.013482665,0.000919798,0.044245779,0.002814871,0.073554857,0.009578237
  SEASONINGS (SALT-  PEPPER-  VINEGAR-  ETC),50F,Female,19+ Years,7138,85.09484121,1.830346049,0.087748416,0.923786745,0.087748416,3.606658235,0.236855625,5.591215672,0.35901871,0.028009576,0.001487529,0.013623477,0.000598605,0.054489291,0.002346042,0.08700172,0.007178433,2.15094831,0.099183817,1.168763191,0.042274525,4.133328415,0.261496975,5.873160396,0.540771913,0.032915716,0.001687176,0.016873512,0.000472542,0.059847675,0.002996923,0.096700011,0.009089386
OTHER INGREDIENTS FOR RECIPES,53,Both,All ages,19670,56.11431331,1.423268719,0.083271522,0.084558215,0.083271522,2.551655792,0.110346853,4.471362941,0.218325421,0.021609103,0.001130873,0.00132502,0.000168385,0.043016437,0.001747764,0.076871585,0.003319893,2.536373762,0.144489819,0.800495708,0.034048529,4.070005335,0.163101598,7.177006172,0.895256475,0.03846398,0.001958883,0.012082045,0.000452698,0.070461825,0.003197721,0.125490175,0.011465148
OTHER INGREDIENTS FOR RECIPES,53,Both,1-3 Years,1288,47.05189367,0.331061636,0.034425196,F,F,1.020553104,0.120681827,1.769882844,0.246201368,0.022476125,0.002144885,F,F,0.07166387,0.006647046,0.1176191,0.014953319,0.70360959,0.061997179,0.36 E,0.061132673,1.860650718,0.237465882,2.869673647,0.426763994,0.046334397,0.003705172,0.03 E,0.004545826,0.118099226,0.01437402,0.158066399,0.013890161
OTHER INGREDIENTS FOR RECIPES,53,Both,4-8 Years,1199,62.30871949,0.876874033,0.107765686,F,F,2.133294991,0.209851559,3.716285565,0.570902401,0.037993323,0.004888529,F,F,0.09029085,0.005908975,0.150464639,0.021693826,1.407305495,0.166224152,0.658700506,0.068286145,2.933466016,0.408492666,4.684300094,0.707934583,0.060975934,0.007575368,0.030165648,0.002988094,0.125288367,0.017572278,0.18 E,0.030744926
OTHER INGREDIENTS FOR RECIPES,53,Both,9-13 Years,1962,65.43732153,1.154647002,0.130672169,0.21 E,0.130672169,2.597036271,0.238998798,4.069651631,0.263776337,0.027068598,0.002873593,0 E,0.000892555,0.069132608,0.005138026,0.096124077,0.006975001,1.76450835,0.198535645,0.786366406,0.088424017,3.498498804,0.271062336,4.832528507,0.542380667,0.041365688,0.004376717,0.019273983,0.001921955,0.084924236,0.006226623,0.113653358,0.008076449
OTHER INGREDIENTS FOR RECIPES,53,Both,14-18 Years,1890,54.93889537,1.171145198,0.128136795,0.11 E,0.128136795,2.807226069,0.245843016,4.25651109,0.357133419,0.018220507,0.002005118,0 E,0.000484075,0.041211968,0.0036954,0.073625748,0.009473474,2.131723236,0.221892159,0.997403993,0.082283423,4.199152019,0.29847548,6.285601684,0.879062995,0.03316504,0.003463165,0.015173056,0.001150051,0.062667193,0.008335668,0.09532008,0.011141473
OTHER INGREDIENTS FOR RECIPES,53,Both,19-30 Years,1849,57.41346707,1.570803051,0.227250842,F,F,2.856488806,0.219886489,4.263987799,0.661164054,0.022000295,0.003210778,F,F,0.041798016,0.005175,0.06 E,0.011021584,2.735948779,0.404411568,0.859855946,0.105359323,4.084948383,0.458755141,6.82 E,1.331652961,0.03831905,0.005744112,0.012527921,0.001837372,0.054423233,0.006800232,0.11 E,0.01857975
OTHER INGREDIENTS FOR RECIPES,53,Both,31-50 Years,4389,53.17884004,1.633803539,0.218889868,F,F,2.465920699,0.26375519,4.394751322,0.546186968,0.021042109,0.002776404,F,F,0.031875959,0.003311725,0.061446407,0.006578357,3.072281264,0.39957909,0.871562303,0.050702579,4.266240901,0.440167607,F,F,0.039568575,0.005062253,0.010771664,0.00075019,0.059097541,0.005630268,0.16 E,0.049138386
OTHER INGREDIENTS FOR RECIPES,53,Both,51-70 Years,4465,56.03840027,1.543444179,0.136033988,0.075822402,0.136033988,2.686030368,0.217098974,5.799870082,0.615130255,0.020336108,0.001934236,0 E,0.000210235,0.03606091,0.002712129,0.072405612,0.00603946,2.75426167,0.238162307,0.800491102,0.051646597,4.891500712,0.577521836,10.76 E,1.988560083,0.036289594,0.003380857,0.010483363,0.000580259,0.065716435,0.006052706,0.13 E,0.024461034
OTHER INGREDIENTS FOR RECIPES,53,Both,71+ Years,2628,59.01025667,1.195109717,0.15133214,0.09 E,0.15133214,2.304634653,0.305080434,4.539112289,0.655958412,0.015711979,0.001750266,0 E,0.000296947,0.033006961,0.003501042,0.063461717,0.01049726,2.025257615,0.250993492,0.678702212,0.063764438,4.085957737,0.424407183,6.49007595,0.985723555,0.026625844,0.002891334,0.008929087,0.001002933,0.053768652,0.007378839,0.098609508,0.01344881
OTHER INGREDIENTS FOR RECIPES,53,Both,1-18 Years,6339,58.4907711,0.944593167,0.057999587,0.096580719,0.057999587,2.360341151,0.125914155,3.708504178,0.203249437,0.026875915,0.001660085,0.003151366,0.00045354,0.071758548,0.003849846,0.103131472,0.006581942,1.614943945,0.097683785,0.706001869,0.037095435,3.353450477,0.175907477,4.709531808,0.285097606,0.045663658,0.002771355,0.020876818,0.001066241,0.094091294,0.003878521,0.138106803,0.010721108
OTHER INGREDIENTS FOR RECIPES,53,Both,19+ Years,13331,55.53063324,1.540835873,0.102726598,0.081354553,0.102726598,2.692277157,0.138281831,4.699478495,0.360980314,0.020330912,0.001342411,0.001095366,0.000168891,0.034362695,0.002096784,0.063174313,0.004024667,2.774749329,0.180890225,0.82958644,0.03457109,4.33708079,0.243922671,9.06 E,1.579842664,0.036612066,0.002363756,0.010663713,0.000441392,0.058788451,0.003134172,0.12054352,0.01702728
OTHER INGREDIENTS FOR RECIPES,53,Male,9-13 Years,1023,63.67467957,1.230057232,0.164172187,0.21 E,0.164172187,2.650603997,0.288299353,4.13101043,0.411847139,0.028302787,0.0036456,0 E,0.001300724,0.070885672,0.007219219,0.099641482,0.011204053,1.931783937,0.251696184,0.851183506,0.098144826,3.597330632,0.38577781,5.25 E,1.100265063,0.044449045,0.005545043,0.020505093,0.003000297,0.090511875,0.010402967,0.114027335,0.012388686
OTHER INGREDIENTS FOR RECIPES,53,Male,14-18 Years,900,55.44604433,1.321103651,0.166452377,F,F,3.365126661,0.326264643,4.685632456,0.762195192,0.019030552,0.002412126,F,F,0.04640444,0.005643263,0.075946745,0.009380485,2.382683323,0.280238849,1.16 E,0.197604752,4.494846448,0.554623793,7.51 E,1.314860786,0.03432265,0.004039864,0.018330451,0.002018155,0.073885379,0.009236733,0.09 E,0.019374408
OTHER INGREDIENTS FOR RECIPES,53,Male,19-30 Years,857,60.61559519,1.55 E,0.352488182,F,F,3.321330908,0.405349476,4.53 E,1.005945003,0.02 E,0.004531337,F,F,0.0407007,0.00636454,0.06 E,0.016625987,2.56 E,0.570216818,F,F,4.24 E,0.7525112,6.675465404,0.777778525,0.03 E,0.00734452,0.01 E,0.003176468,0.05 E,0.011013036,0.09 E,0.018547875
OTHER INGREDIENTS FOR RECIPES,53,Male,31-50 Years,2005,54.65071909,1.8 E,0.387782895,F,F,2.915850727,0.359190625,4.99 E,1.598971613,0.02 E,0.00498955,F,F,0.033332725,0.00442923,0.06 E,0.018829623,3.29 E,0.696981913,0.967573914,0.112489029,4.69 E,1.167376138,F,F,0.04 E,0.008976823,0.01115287,0.001075483,0.06 E,0.013371807,F,F
OTHER INGREDIENTS FOR RECIPES,53,Male,51-70 Years,2151,57.07210123,1.51643538,0.184695507,0.09 E,0.184695507,2.716889581,0.317703538,6.14 E,1.043297434,0.017448154,0.002072323,0 E,0.000303341,0.032643731,0.003373675,0.07 E,0.014181248,2.657051952,0.318652199,0.78933579,0.090652255,5.831202501,0.948222451,10.19405546,1.665316358,0.030572124,0.003562487,0.009204386,0.000946058,0.06 E,0.01080482,0.122022975,0.018790101
OTHER INGREDIENTS FOR RECIPES,53,Male,71+ Years,1180,59.97815041,1.25 E,0.239192022,F,F,2.519892833,0.342758374,4.482708287,0.625460099,0.02 E,0.002770628,0 E,0.000508586,0.032181849,0.004171349,0.052394059,0.006647128,2.09 E,0.385523546,0.827407821,0.090956501,3.996189467,0.446803418,6.44 E,1.098731335,0.03 E,0.004459854,0.009540417,0.001210825,0.046855564,0.004797793,0.08 E,0.016003821
OTHER INGREDIENTS FOR RECIPES,53,Male,19+ Years,6193,57.09919198,1.60157248,0.171320667,0.11 E,0.171320667,2.868703639,0.184373393,5.28882365,0.631390872,0.019275744,0.002178511,0 E,0.000292721,0.034047061,0.002664666,0.059377182,0.006503868,2.804895173,0.29916263,0.901985504,0.046773417,4.540344934,0.490385605,8.98 E,1.780542518,0.033758348,0.003803118,0.010583139,0.000596997,0.054817885,0.003978681,0.112515582,0.018395211
OTHER INGREDIENTS FOR RECIPES,53,Female,9-13 Years,939,67.29241714,1.08 E,0.204976155,0.21 E,0.204976155,2.526441643,0.321465414,4.017283309,0.380976904,0.03 E,0.004527631,0 E,0.001182434,0.068969761,0.007600112,0.093107867,0.009531306,1.6 E,0.299124067,0.73 E,0.123438501,3.38699682,0.324302421,4.481234993,0.549838958,0.04 E,0.00659644,0.019163928,0.002822208,0.084404939,0.007681795,0.111730138,0.013724432
OTHER INGREDIENTS FOR RECIPES,53,Female,14-18 Years,990,54.40266731,1.01 E,0.175519852,F,F,2.092141086,0.2485976,3.658796167,0.56133327,0.02 E,0.003033197,F,F,0.036115946,0.00443581,0.06 E,0.012267349,1.86 E,0.315045236,0.820155543,0.101120926,3.413401489,0.51666416,5.317753053,0.817256994,0.03 E,0.005440012,0.013367345,0.001208591,0.06 E,0.009996205,0.098612048,0.016312634
OTHER INGREDIENTS FOR RECIPES,53,Female,19-30 Years,992,53.86773147,1.59 E,0.302465029,F,F,2.454857871,0.370695288,3.64 E,0.870799924,0.02 E,0.004868357,F,F,0.04 E,0.009137949,0.06 E,0.014362188,2.95 E,0.554921187,0.66 E,0.119702772,3.46 E,0.62841116,F,F,0.05 E,0.009002378,0.01 E,0.002590137,0.06 E,0.01058658,F,F
OTHER INGREDIENTS FOR RECIPES,53,Female,31-50 Years,2384,51.7703065,1.477395061,0.189217255,F,F,2.032728658,0.288723898,3.626788218,0.570226977,0.020411896,0.002383351,F,F,0.029779689,0.004186221,0.061257737,0.008318308,2.853749882,0.352857672,0.767894226,0.073423923,3.440630464,0.507273442,F,F,0.039427806,0.004389244,0.0104198,0.001055984,0.061062071,0.007676356,F,F
OTHER INGREDIENTS FOR RECIPES,53,Female,51-70 Years,2314,55.02824582,1.56983775,0.211836236,0.07 E,0.211836236,2.55668001,0.32289158,4.771802171,0.629446525,0.023158278,0.003404498,F,F,0.03942427,0.004555904,0.074147834,0.00869379,2.852785376,0.375659656,0.818723683,0.072172263,4.521059246,0.48159018,F,F,0.042084348,0.006042013,0.011641645,0.000911991,0.070273628,0.007825191,0.16 E,0.04896621
OTHER INGREDIENTS FOR RECIPES,53,Female,71+ Years,1448,58.24351394,1.15 E,0.19229567,0.07 E,0.19229567,2.13 E,0.466255921,5.15474171,0.847362883,0.016134719,0.002221122,0 E,0.000330954,0.03 E,0.006493814,0.081339986,0.013276539,1.974641433,0.325750355,0.628262925,0.080622031,4.52 E,0.801223532,7.36 E,1.739162182,0.027702173,0.003733717,0.008599851,0.001305583,0.07 E,0.013153462,0.1 E,0.032843489
OTHER INGREDIENTS FOR RECIPES,53,Female,19+ Years,7138,54.01628482,1.48219836,0.117252909,0.06 E,0.117252909,2.348919777,0.180027,4.338861613,0.354899749,0.021349613,0.001698943,0 E,0.000231321,0.035217346,0.002953306,0.065688484,0.005445811,2.743984272,0.208272293,0.746706205,0.04785962,4.025295616,0.306136679,9.95 E,2.479577322,0.0395244,0.003025694,0.010756245,0.000631259,0.062157537,0.004129819,0.15 E,0.031669098
"SPICES (Fresh items are excluded due to low frequency of consumption)

",53A,Both,All ages,19670,28.92018383,0.276146178,0.030858186,F,F,0.298915408,0.021452437,0.735558624,0.059742488,0.00430548,0.000467225,F,F,0.004959058,0.000369558,0.011095645,0.000714637,0.954856234,0.103354499,0.167082582,0.010356246,1.226176162,0.067150972,1.871590276,0.182701276,0.014867062,0.001571628,0.002712891,0.000113359,0.01854409,0.001375374,0.031275776,0.003445285
"SPICES (Fresh items are excluded due to low frequency of consumption)

",53A,Both,1-3 Years,1288,23.3239594,0.06 E,0.019394897,F,F,0.09 E,0.02637804,0.196657919,0.019568837,0 E,0.00099449,F,F,0.01 E,0.001912999,0.014956296,0.002097358,0.27 E,0.080078901,0.08 E,0.015849266,F,F,F,F,0.02 E,0.003992036,0.01 E,0.001386185,F,F,F,F
"SPICES (Fresh items are excluded due to low frequency of consumption)

",53A,Both,4-8 Years,1199,25.95739448,F,F,F,F,0.18 E,0.045877057,0.51 E,0.094209025,F,F,F,F,0.01 E,0.002415291,0.02 E,0.004192105,F,F,0.125921994,0.016454624,0.92 E,0.285749526,1.72 E,0.377410234,F,F,0.01 E,0.001041392,F,F,0.07 E,0.014122608
"SPICES (Fresh items are excluded due to low frequency of consumption)

",53A,Both,9-13 Years,1962,30.84609849,F,F,F,F,0.311591537,0.043902987,0.72 E,0.166504403,0.01 E,0.002446197,F,F,0.006997194,0.000921359,0.02 E,0.004268807,F,F,0.168567905,0.022550092,1.211165667,0.181954476,1.71 E,0.428726815,0.02 E,0.008105946,0.003996413,0.000549168,0.03 E,0.006378736,0.05 E,0.010887679
"SPICES (Fresh items are excluded due to low frequency of consumption)

",53A,Both,14-18 Years,1890,25.63379675,0.27 E,0.067096044,F,F,0.4 E,0.07949899,0.85 E,0.154958722,0 E,0.001181437,F,F,0.01 E,0.001261578,0.013385259,0.001814259,1.06 E,0.252307883,0.24 E,0.040201648,1.486224055,0.178282562,F,F,0.02 E,0.004459244,0.003667365,0.000566124,0.023653231,0.00373842,0.04 E,0.007427815
"SPICES (Fresh items are excluded due to low frequency of consumption)

",53A,Both,19-30 Years,1849,27.83035993,0.21 E,0.049056697,F,F,0.3 E,0.063380403,0.65 E,0.14947128,0 E,0.000600533,F,F,0 E,0.001027841,0.01 E,0.002267197,0.76 E,0.176487614,0.18 E,0.041473815,1.26 E,0.27948574,1.735877962,0.242503008,0.01 E,0.002115574,0.002813603,0.000321717,F,F,0.04 E,0.012217717
"SPICES (Fresh items are excluded due to low frequency of consumption)

",53A,Both,31-50 Years,4389,27.56611723,0.37 E,0.068049897,F,F,0.43 E,0.092029215,0.9 E,0.189342523,0 E,0.000793357,F,F,0.01 E,0.000969405,0.012249742,0.001911146,1.35 E,0.236919866,0.250113304,0.027050857,1.707320392,0.249255475,2.34 E,0.426688577,0.016643228,0.002741619,0.003080267,0.000353978,0.020784441,0.002547182,0.03 E,0.006179264
"SPICES (Fresh items are excluded due to low frequency of consumption)

",53A,Both,51-70 Years,4465,30.46175101,0.24 E,0.068098725,F,F,0.276016119,0.031948367,0.65509777,0.060707091,F,F,F,F,0.003713223,0.000467434,0.008900891,0.001043482,0.78 E,0.22272681,0.142492436,0.016368236,1.058550972,0.109714883,1.83 E,0.346386999,0.011249381,0.003748209,0.001864148,0.000201567,0.014470339,0.001647734,0.024105623,0.003960689
"SPICES (Fresh items are excluded due to low frequency of consumption)

",53A,Both,71+ Years,2628,35.02074502,F,F,F,F,0.230439733,0.024080583,0.511317462,0.074982661,F,F,F,F,0.003421636,0.000330716,0.00689532,0.000856689,F,F,0.115459727,0.008398384,0.760480605,0.109591588,1.03 E,0.181187376,F,F,0.001650889,0.000122751,0.009825386,0.001376719,0.01 E,0.002548359
"SPICES (Fresh items are excluded due to low frequency of consumption)

",53A,Both,1-18 Years,6339,26.73106048,0.23 E,0.042244052,F,F,0.236048427,0.023301238,0.579012909,0.070472097,0.01 E,0.001283123,F,F,0.007050404,0.000834428,0.016291326,0.0015347,0.87 E,0.158451155,0.15168449,0.011070815,1.19107262,0.126069299,1.718270407,0.249865858,0.02 E,0.004800193,0.004398572,0.000378708,0.028225687,0.003490614,0.05 E,0.011051995
"SPICES (Fresh items are excluded due to low frequency of consumption)

",53A,Both,19+ Years,13331,29.45785282,0.287132508,0.037954456,F,F,0.315926888,0.027672851,0.790023035,0.068880502,0.003789068,0.000517746,F,F,0.004381398,0.000404733,0.010361153,0.000763193,0.974723139,0.125290054,0.174392017,0.012667269,1.226449973,0.090327582,1.877669822,0.23057941,0.012862674,0.001712535,0.002349024,0.0001452,0.016355548,0.001456077,0.027787494,0.00362503
"SPICES (Fresh items are excluded due to low frequency of consumption)

",53A,Male,9-13 Years,1023,29.16486216,F,F,F,F,0.28 E,0.059469092,0.71 E,0.187041352,F,F,F,F,0.01 E,0.00111892,0.02 E,0.005847413,F,F,0.18 E,0.030310325,1.3 E,0.245195639,F,F,F,F,0.004613668,0.000650721,0.03 E,0.00674768,F,F
"SPICES (Fresh items are excluded due to low frequency of consumption)

",53A,Male,14-18 Years,900,24.50176271,0.25 E,0.079504219,F,F,0.4 E,0.111126954,0.86 E,0.171154094,F,F,F,F,0.01 E,0.001632669,0.01 E,0.002359852,1.03 E,0.317159641,0.24 E,0.074323906,1.5 E,0.320564537,2.89 E,0.83537029,F,F,0 E,0.001062821,0.02 E,0.005397349,0.04 E,0.009098616
"SPICES (Fresh items are excluded due to low frequency of consumption)

",53A,Male,19-30 Years,857,27.70112877,F,F,F,F,0.21 E,0.054157169,0.55 E,0.092691363,F,F,F,F,0 E,0.000590855,0.01 E,0.001445991,F,F,0.12 E,0.027819416,0.87 E,0.220815869,F,F,F,F,0 E,0.000427321,0.01 E,0.002874722,F,F
"SPICES (Fresh items are excluded due to low frequency of consumption)

",53A,Male,31-50 Years,2005,28.02555643,0.39 E,0.097140334,F,F,0.56 E,0.110979801,1.23 E,0.309335917,0 E,0.001194612,F,F,0.01 E,0.001246946,0.01 E,0.003959947,1.38 E,0.342924278,0.294368227,0.043427351,1.83542734,0.243144303,2.547054621,0.332541045,0.02 E,0.004209074,0 E,0.000612898,0.022017892,0.003616362,0.03144683,0.004657343
"SPICES (Fresh items are excluded due to low frequency of consumption)

",53A,Male,51-70 Years,2151,30.10942851,0.150389831,0.018756308,F,F,0.3 E,0.067060608,0.668377341,0.092577185,0.001767588,0.000205574,F,F,0 E,0.000807226,0.008163518,0.001179593,0.499477533,0.064309736,0.168394056,0.025731031,1.11 E,0.195834081,2.03 E,0.3402853,0.005870548,0.000700523,0.002033044,0.00027289,0.01 E,0.002452264,0.02 E,0.004438799
"SPICES (Fresh items are excluded due to low frequency of consumption)

",53A,Male,71+ Years,1180,34.73615427,F,F,F,F,0.320091807,0.048248418,0.78 E,0.17805817,F,F,F,F,0.003847024,0.000566215,0.01 E,0.001952151,F,F,0.161870144,0.018027431,0.94 E,0.211656177,1.77 E,0.429285875,F,F,0.001877408,0.000204295,0.01 E,0.002855719,0.02 E,0.005819896
"SPICES (Fresh items are excluded due to low frequency of consumption)

",53A,Male,19+ Years,6193,29.38186662,0.27 E,0.046595241,F,F,0.354955231,0.051723766,0.81178717,0.095653437,0 E,0.000557476,F,F,0.004246494,0.000587385,0.010225968,0.001013833,0.92 E,0.157685847,0.189233709,0.016975708,1.28 E,0.251188758,2.178636469,0.215887664,0.01 E,0.00188576,0.002344343,0.000194276,0.017180409,0.0026114,0.027239849,0.003226113
"SPICES (Fresh items are excluded due to low frequency of consumption)

",53A,Female,9-13 Years,939,32.6155186,F,F,F,F,0.33 E,0.059395337,F,F,F,F,F,F,0.01 E,0.001394473,F,F,F,F,0.16 E,0.041349568,1.19 E,0.379892273,F,F,F,F,0 E,0.000852468,F,F,F,F
"SPICES (Fresh items are excluded due to low frequency of consumption)

",53A,Female,14-18 Years,990,26.83073983,F,F,F,F,0.36 E,0.106529065,0.83 E,0.225592084,F,F,F,F,0.01 E,0.00186134,0.01 E,0.003480028,F,F,0.23 E,0.043576238,1.356409412,0.209075383,F,F,F,F,0 E,0.000729559,0.02 E,0.004970313,F,F
"SPICES (Fresh items are excluded due to low frequency of consumption)

",53A,Female,19-30 Years,992,27.97345837,0.26 E,0.06230488,F,F,0.37 E,0.098570194,F,F,0 E,0.000957385,F,F,0.01 E,0.001127723,F,F,0.93 E,0.219411964,0.27 E,0.04912863,1.72 E,0.385558028,1.74 E,0.534829481,0.01 E,0.003239184,0 E,0.001133696,F,F,0.04 E,0.011480811
"SPICES (Fresh items are excluded due to low frequency of consumption)

",53A,Female,31-50 Years,2384,27.12645099,0.36 E,0.098193383,F,F,0.32 E,0.097248219,0.828283515,0.135444303,0 E,0.001067087,F,F,0.01 E,0.001157751,0.012177583,0.001905306,1.32 E,0.349708551,0.201681548,0.029422042,1.23321545,0.172835854,F,F,0.02 E,0.003772097,0.003013195,0.000431366,0.02 E,0.003220118,F,F
"SPICES (Fresh items are excluded due to low frequency of consumption)

",53A,Female,51-70 Years,2314,30.80604801,F,F,F,F,0.267305945,0.036523629,0.653664392,0.106113083,F,F,F,F,0.003941017,0.000525097,0.01 E,0.001735197,F,F,0.131806538,0.015172809,1.015918274,0.152189345,F,F,F,F,0.001824979,0.000195836,0.015554166,0.002277726,F,F
"SPICES (Fresh items are excluded due to low frequency of consumption)

",53A,Female,71+ Years,1448,35.24619113,F,F,F,F,0.18 E,0.029785579,0.36 E,0.079994438,F,F,F,F,0.002883678,0.000383994,0.01 E,0.001093268,F,F,0.099278312,0.007345854,0.51 E,0.099679441,0.859961993,0.083437282,F,F,0.001485609,0.000144692,0.007362672,0.001115447,0.011818356,0.001216838
"SPICES (Fresh items are excluded due to low frequency of consumption)

",53A,Female,19+ Years,7138,29.53121288,0.3 E,0.059833247,F,F,0.291147209,0.027471837,0.737162765,0.083837644,0 E,0.000867411,F,F,0.004486725,0.00050959,0.010607856,0.001189694,1.02 E,0.199760612,0.157752994,0.014454644,1.1304435,0.126144566,1.74 E,0.315332167,0.01 E,0.002900175,0.002375416,0.00020331,0.016353846,0.001302561,0.03 E,0.007452654
  OTHERS (BAKING SODA-  BAKING POWDER-  YEAST-  ETC),53B,Both,All ages,19670,40.36021131,1.147122541,0.075109057,F,F,2.18343067,0.076368688,3.916269844,0.143868138,0.017303623,0.000996591,F,F,0.036549384,0.001705979,0.068484713,0.003277599,2.842211435,0.181883123,1.009359336,0.030347544,4.61731083,0.259178171,9.1605918,1.245119645,0.042822596,0.00240596,0.01594546,0.000504659,0.080692106,0.003765419,0.150292944,0.016072988
  OTHERS (BAKING SODA-  BAKING POWDER-  YEAST-  ETC),53B,Both,1-3 Years,1288,36.98318878,0.267102265,0.028187898,F,F,0.915238769,0.115835642,1.507359495,0.244823371,0.018544899,0.001822312,F,F,0.058641219,0.006752692,0.092942593,0.014203969,0.722226163,0.064470261,0.42823674,0.064971805,1.891467813,0.233178399,2.687744295,0.369982553,0.048447886,0.003964094,0.034411275,0.005577351,0.116859445,0.015082852,0.158888972,0.019529286
  OTHERS (BAKING SODA-  BAKING POWDER-  YEAST-  ETC),53B,Both,4-8 Years,1199,51.8163602,0.683448477,0.076878373,F,F,1.966433037,0.201930187,3.136681284,0.445103959,0.029083867,0.003109277,F,F,0.087111346,0.007335937,0.128029077,0.017867351,1.318982025,0.136108145,0.731315037,0.079823236,3.124640892,0.447291715,4.695887253,0.702936486,0.056128733,0.005448711,0.032285838,0.002805643,0.125368909,0.017490818,0.17 E,0.032145768
  OTHERS (BAKING SODA-  BAKING POWDER-  YEAST-  ETC),53B,Both,9-13 Years,1962,49.95856078,0.822762775,0.065470588,F,F,2.392329828,0.126308346,3.347644816,0.221737233,0.019553403,0.00151243,F,F,0.059797831,0.005225856,0.082748412,0.003990543,1.646890467,0.119055849,1.009359336,0.067312884,3.351708154,0.214735505,5.003738281,0.584901792,0.039139244,0.002750144,0.024457805,0.00175896,0.082774777,0.003937148,0.10850767,0.007721899
  OTHERS (BAKING SODA-  BAKING POWDER-  YEAST-  ETC),53B,Both,14-18 Years,1890,40.97826873,0.898998866,0.107379025,F,F,2.520655618,0.239264986,4.086010955,0.326087723,0.013861543,0.001586812,F,F,0.037265475,0.002924595,0.06199274,0.00753958,2.193842966,0.23913682,1.142547997,0.119790184,4.293941072,0.342158344,5.58 E,1.093378883,0.03382657,0.003498299,0.017707848,0.001357273,0.075064888,0.008541094,0.099637934,0.011023586
  OTHERS (BAKING SODA-  BAKING POWDER-  YEAST-  ETC),53B,Both,19-30 Years,1849,42.50047963,1.358231824,0.224508817,F,F,2.78196758,0.279725574,3.905727967,0.456505938,0.02 E,0.003185881,F,F,0.031181915,0.004859476,0.051848696,0.006759959,3.2 E,0.547122609,1.12 E,0.258755532,4.25 E,0.803855574,F,F,0.04 E,0.007795439,0.02 E,0.002977379,0.06 E,0.013478682,0.11 E,0.036014415
  OTHERS (BAKING SODA-  BAKING POWDER-  YEAST-  ETC),53B,Both,31-50 Years,4389,35.69159685,1.262507927,0.203297537,F,F,1.957880818,0.182058643,3.561865968,0.424143193,0.016454217,0.002609879,F,F,0.02645577,0.002441411,0.048745844,0.006194137,3.53726938,0.546265551,1.083865913,0.061999301,4.935190291,0.821699503,15.69 E,4.949505644,0.046101096,0.007005617,0.014547329,0.000882998,0.064448863,0.010676221,0.2 E,0.053415977
  OTHERS (BAKING SODA-  BAKING POWDER-  YEAST-  ETC),53B,Both,51-70 Years,4465,39.97568547,1.305910282,0.111793624,F,F,2.239130452,0.19272046,4.901070337,0.64104727,0.01690935,0.001407106,F,F,0.031737894,0.002425341,0.070332954,0.007618229,3.266761449,0.269664761,1.09647896,0.07271919,6.050395983,0.593649423,12.4 E,2.079105984,0.042299087,0.003383796,0.014391264,0.000955697,0.078236049,0.011118141,0.163437748,0.026221417
  OTHERS (BAKING SODA-  BAKING POWDER-  YEAST-  ETC),53B,Both,71+ Years,2628,42.30463732,0.936357831,0.114209837,F,F,2.029935322,0.234548723,4.034933576,0.569431278,0.012397618,0.001299703,F,F,0.030304483,0.003124564,0.056871304,0.009365433,2.213369244,0.245049898,0.861367145,0.048035282,4.807289149,0.701492791,7.568724138,1.251608204,0.029305577,0.002716247,0.012319376,0.00080656,0.07071424,0.01005963,0.1 E,0.023508798
  OTHERS (BAKING SODA-  BAKING POWDER-  YEAST-  ETC),53B,Both,1-18 Years,6339,45.74323146,0.713177912,0.040533996,F,F,2.11673722,0.088910877,3.179364078,0.143399099,0.020442549,0.001087219,F,F,0.06122238,0.003295086,0.09218984,0.003611238,1.559089485,0.085914289,0.852060004,0.049475739,3.3213896,0.186400407,4.84579408,0.285521768,0.044390949,0.00218897,0.024837686,0.001152479,0.094701233,0.004260378,0.138307039,0.012084206
  OTHERS (BAKING SODA-  BAKING POWDER-  YEAST-  ETC),53B,Both,19+ Years,13331,39.03809166,1.253703365,0.092737928,F,F,2.212107459,0.111609523,4.026290633,0.234078601,0.016541844,0.00120008,F,F,0.030315652,0.001319453,0.055791556,0.003481048,3.211487324,0.232886168,1.074136742,0.043711792,5.155558792,0.482409869,11.752134,1.877921899,0.042373599,0.003011077,0.014393536,0.000585614,0.070697939,0.004804493,0.157654169,0.024328338
  OTHERS (BAKING SODA-  BAKING POWDER-  YEAST-  ETC),53B,Male,9-13 Years,1023,48.30856459,0.915546153,0.108666108,F,F,2.417330863,0.188569477,3.319062991,0.360366913,0.021306142,0.002441,F,F,0.063026916,0.006169732,0.082232726,0.00550481,1.89520463,0.207341579,1.082153372,0.161079523,3.495647592,0.384930167,5.31 E,1.055162553,0.044104276,0.004659102,0.025672632,0.003541193,0.082417468,0.005942676,0.112648904,0.012300458
  OTHERS (BAKING SODA-  BAKING POWDER-  YEAST-  ETC),53B,Male,14-18 Years,900,40.82812435,1.068190124,0.145422559,F,F,2.980176843,0.309526225,4.21499689,0.581847682,0.015258854,0.001940596,F,F,0.042740616,0.005672083,0.069013782,0.00910663,2.616309569,0.30814735,1.505692289,0.118814085,4.8 E,0.861745014,7.72 E,1.38946285,0.03737339,0.003990655,0.020496517,0.002696176,0.08073782,0.009805103,0.12 E,0.021624939
  OTHERS (BAKING SODA-  BAKING POWDER-  YEAST-  ETC),53B,Male,19-30 Years,857,46.61452524,1.38 E,0.341751155,F,F,2.981630829,0.402693458,4.26 E,0.947853318,0.02 E,0.004443805,F,F,0.036753052,0.005502584,0.05 E,0.015194379,2.97 E,0.726496546,1.585114136,0.259706703,4.47 E,1.037643096,6.860603465,1.122150575,0.04 E,0.009439254,0.02 E,0.003608221,F,F,0.11 E,0.02152063
  OTHERS (BAKING SODA-  BAKING POWDER-  YEAST-  ETC),53B,Male,31-50 Years,2005,37.57850209,1.41 E,0.372997117,F,F,2.282159066,0.308521171,4.6 E,1.092191737,0.02 E,0.004820924,F,F,0.026735966,0.003469831,0.05 E,0.012509767,3.75 E,0.948054596,1.149495436,0.131250396,F,F,F,F,0.05 E,0.012297997,0.013784767,0.001571904,F,F,F,F
  OTHERS (BAKING SODA-  BAKING POWDER-  YEAST-  ETC),53B,Male,51-70 Years,2151,40.29432175,1.366045549,0.18457859,F,F,2.350085693,0.281871965,5.86 E,1.180895818,0.015680565,0.002070418,F,F,0.028495991,0.003180434,0.07 E,0.016217878,3.390168862,0.431974478,1.143191645,0.08096841,7.05 E,1.353095175,12.89 E,3.164100759,0.038915075,0.004821713,0.012569487,0.001551678,0.09 E,0.018882324,0.16 E,0.030163888
  OTHERS (BAKING SODA-  BAKING POWDER-  YEAST-  ETC),53B,Male,71+ Years,1180,43.33958418,0.84321306,0.100480913,F,F,2.043756783,0.282253958,3.701627679,0.360481671,0.01021808,0.001149259,F,F,0.028013806,0.003777288,0.044534518,0.005019208,1.945595639,0.203389743,1.004944718,0.069011511,3.952925182,0.556804181,6.292501634,0.911694047,0.023576783,0.002304798,0.012113297,0.000934046,0.046785741,0.007325355,0.080871511,0.011522113
  OTHERS (BAKING SODA-  BAKING POWDER-  YEAST-  ETC),53B,Male,19+ Years,6193,40.72300625,1.330078445,0.162257244,F,F,2.52369431,0.187636473,4.60395961,0.570034866,0.015973266,0.002072268,F,F,0.030787,0.001588578,0.054436747,0.005606014,3.266159765,0.390893868,1.150759093,0.074069041,5.866746377,0.635211889,11.69 E,2.364948635,0.039224181,0.004994553,0.013851256,0.001091114,0.067167646,0.008741055,0.14 E,0.028813128
  OTHERS (BAKING SODA-  BAKING POWDER-  YEAST-  ETC),53B,Female,9-13 Years,939,51.69510216,0.725112747,0.065908396,F,F,2.315573045,0.213051533,3.3449574,0.311890905,0.01770873,0.001644617,F,F,0.052623308,0.008092434,0.083940939,0.006864173,1.402672046,0.102609369,0.97555306,0.106218645,3.308034332,0.293637445,4.577769887,0.628317135,0.034256107,0.00262486,0.023262553,0.002538756,0.08376327,0.007007359,0.099126003,0.010703782
  OTHERS (BAKING SODA-  BAKING POWDER-  YEAST-  ETC),53B,Female,14-18 Years,990,41.13702215,0.72 E,0.133279647,F,F,1.872369844,0.215956645,3.227742195,0.521233555,0.01 E,0.00225628,F,F,0.032061048,0.004456261,0.05 E,0.00977895,1.75 E,0.312186682,0.882009397,0.104559076,3.70793913,0.57744158,5.257764891,0.634726421,0.03 E,0.005285019,0.013974286,0.00107826,0.06 E,0.012469011,0.095794373,0.013551826
  OTHERS (BAKING SODA-  BAKING POWDER-  YEAST-  ETC),53B,Female,19-30 Years,992,37.94497234,1.33 E,0.294760001,F,F,1.96 E,0.33780616,3.206207505,0.38197253,0.02 E,0.004737815,F,F,0.03 E,0.006845163,0.051394593,0.007129261,3.5 E,0.777979136,0.84 E,0.13948625,F,F,F,F,0.05 E,0.012648002,0.01 E,0.002585154,F,F,F,F
  OTHERS (BAKING SODA-  BAKING POWDER-  YEAST-  ETC),53B,Female,31-50 Years,2384,33.8858987,1.120457799,0.155040894,F,F,1.663465352,0.169423523,3.136249053,0.217587457,0.015950968,0.002041238,F,F,0.023528007,0.003100618,0.04511666,0.007359546,3.30656067,0.440890859,0.996705647,0.064757004,3.847761967,0.62140858,F,F,0.047072584,0.005741191,0.01483455,0.001059053,0.06 E,0.010673291,0.18 E,0.057839699
  OTHERS (BAKING SODA-  BAKING POWDER-  YEAST-  ETC),53B,Female,51-70 Years,2314,39.66430735,1.247144826,0.143893607,F,F,2.223693332,0.256104862,4.424176024,0.530432244,0.018110144,0.002130236,F,F,0.033484715,0.00371285,0.070306964,0.008837114,3.144249602,0.351536328,1.03979513,0.106853473,5.111355683,0.6565691,11.75 E,3.783184009,0.045658541,0.005181462,0.015821221,0.001461581,0.077533646,0.010347078,0.17 E,0.039122834
  OTHERS (BAKING SODA-  BAKING POWDER-  YEAST-  ETC),53B,Female,71+ Years,1448,41.48477667,1.01 E,0.182137163,F,F,2.02 E,0.431993813,4.82 E,0.817341469,0.014124197,0.002051521,F,F,0.03 E,0.006274725,0.07 E,0.013691962,2.43 E,0.410098775,0.791391163,0.047699716,5.94 E,0.999036108,F,F,0.0340467,0.004454589,0.012334292,0.001248532,0.09 E,0.015616651,0.15 E,0.035911602
  OTHERS (BAKING SODA-  BAKING POWDER-  YEAST-  ETC),53B,Female,19+ Years,7138,37.41140872,1.179967854,0.095337184,F,F,2.014424772,0.14255808,3.629200821,0.239860705,0.017090773,0.001351128,F,F,0.029414201,0.002259821,0.057797077,0.00462361,3.154032136,0.245084235,0.946411553,0.046169237,4.78391446,0.439658839,12.06 E,2.544266796,0.045683318,0.003465475,0.014590808,0.000649739,0.073730773,0.005671398,0.17 E,0.029607484
  MEAL SUBSTITUTES,54,Both,All ages,19670,4.799704005,3.982296419,0.332562711,F,F,F,.,F,.,0.068123778,0.006528491,F,F,F,.,F,.,82.96962512,5.82648619,44.72794869,3.375687665,251.45,18.28430806,259.2577938,29.01744286,1.416223016,0.122913451,0.60842713,0.059263274,3.33137239,0.361757277,5.114122806,0.594694591
  MEAL SUBSTITUTES,54,Both,1-3 Years,1288,F,F,F,F,F,F,.,F,.,F,F,F,F,F,.,F,.,F,F,F,.,F,.,F,.,F,F,F,.,F,.,F,.
  MEAL SUBSTITUTES,54,Both,4-8 Years,1199,F,F,F,F,F,F,.,F,.,F,F,F,F,F,.,F,.,F,F,F,.,F,.,F,.,F,F,F,.,F,.,F,.
  MEAL SUBSTITUTES,54,Both,9-13 Years,1962,2.77367243,F,F,F,F,F,.,F,.,F,F,F,F,F,.,F,.,58.7 E,17.32575727,36.21 E,6.711214514,F,F,F,F,1.36 E,0.397072143,0.68 E,0.164947478,F,F,F,F
  MEAL SUBSTITUTES,54,Both,14-18 Years,1890,6.351271746,6.84 E,1.483578274,F,F,F,.,F,F,0.13 E,0.034958304,F,F,F,.,F,F,107.65 E,17.9534321,62.79429768,8.376989549,258.72 E,63.76794929,331.5 E,81.12188904,2.01 E,0.51101657,0.965740201,0.141134506,F,F,F,F
  MEAL SUBSTITUTES,54,Both,19-30 Years,1849,7.349652991,6.7 E,1.502944519,F,F,F,.,F,F,0.09 E,0.021669572,F,F,F,.,F,F,91.2 E,16.73084959,46.99 E,13.68657645,255.2 E,63.84451026,351.63 E,69.49005921,1.28 E,0.256799896,0.6 E,0.161329419,3.38 E,1.040979195,5.07 E,1.258912287
  MEAL SUBSTITUTES,54,Both,31-50 Years,4389,6.053396521,3.423999312,0.459784955,F,F,F,.,F,F,0.045552607,0.006143409,F,F,F,.,F,F,56.56327485,6.008620009,39.41417532,2.975812936,81.14 E,24.65020695,215.67 E,58.8539608,0.752513184,0.080026984,0.451701186,0.050359451,1.29 E,0.29147608,2.86 E,0.915468527
  MEAL SUBSTITUTES,54,Both,51-70 Years,4465,3.673844799,3.46 E,0.729899035,F,F,F,.,F,.,0.04 E,0.008658272,F,F,F,.,F,.,94.04650586,13.62303414,48.35 E,9.671540917,250.3575802,37.31478094,253.1731401,14.06692187,1.165187164,0.158091656,0.61 E,0.121423818,2.468703637,0.393332949,3.34 E,0.63348107
  MEAL SUBSTITUTES,54,Both,71+ Years,2628,2.365834359,4.29 E,0.875412462,F,F,F,.,F,.,0.07 E,0.013364599,F,F,F,.,F,.,181.1685174,16.90819405,251.45 E,66.0411301,253.56 E,49.96806309,381.01 E,89.92578675,2.759002484,0.281113497,2.489343065,0.3921217,5.022218689,0.709417917,5.72 E,1.807470821
  MEAL SUBSTITUTES,54,Both,1-18 Years,6339,3.79799277,3.550082942,0.571846489,F,F,F,.,F,.,0.12 E,0.025102809,F,F,F,.,F,.,93.47260928,11.41625705,47.1336698,6.619845371,243.682904,35.73598091,321.2909644,43.07487698,3.16 E,0.555451199,1.067048939,0.109026582,10.46 E,3.444354575,18.12 E,4.519331119
  MEAL SUBSTITUTES,54,Both,19+ Years,13331,5.045733571,4.088452056,0.386718622,F,F,F,.,F,F,0.055210099,0.005194615,F,F,F,.,F,F,81.02790207,6.449486896,42.7319674,4.287347913,251.45,24.43358941,253.5857779,25.52708548,1.094193712,0.090767559,0.560123196,0.049032775,2.646720053,0.401862493,4.230685139,0.472942287
  MEAL SUBSTITUTES,54,Male,9-13 Years,1023,3.741157026,F,F,F,F,F,.,F,.,F,F,F,F,F,.,F,.,F,F,39.61 E,7.617124042,F,F,F,F,F,F,F,F,F,F,F,F
  MEAL SUBSTITUTES,54,Male,14-18 Years,900,8.814445639,7.17 E,1.819583525,F,F,F,.,46.34 E,14.82563267,0.1 E,0.023557384,F,F,F,.,F,F,81.36 E,15.10295831,59.15 E,9.863470207,183.32 E,46.48778909,206.87 E,54.31924318,1.15 E,0.195488218,0.93 E,0.187361701,2.85 E,0.810914023,3.41 E,0.622958305
  MEAL SUBSTITUTES,54,Male,19-30 Years,857,11.07454098,8.94 E,2.544909156,F,F,F,F,53.34 E,16.21143057,0.11 E,0.032169769,F,F,F,F,F,F,80.75 E,18.42771496,44.41 E,14.01434442,F,F,317.4 E,88.05699297,1 E,0.235358095,0.56 E,0.171502433,F,F,3.71 E,1.170208371
  MEAL SUBSTITUTES,54,Male,31-50 Years,2005,5.661154802,3.41 E,0.752938651,F,F,F,.,F,F,0.04 E,0.008595039,F,F,F,.,F,F,60.24 E,11.4550438,36.90768438,3.998795709,F,F,F,F,0.69 E,0.132586406,0.405387838,0.054959698,F,F,F,F
  MEAL SUBSTITUTES,54,Male,51-70 Years,2151,2.762966069,2.74 E,0.778010058,F,F,F,.,F,.,0.03 E,0.008155148,F,F,F,.,F,.,99.3 E,22.6548893,F,F,252.5658681,41.02963362,253.3633273,27.59199006,1.08 E,0.239850881,F,F,2.483784188,0.347312679,2.677897634,0.261432535
  MEAL SUBSTITUTES,54,Male,71+ Years,1180,2.502424896,5.36 E,1.575059449,F,F,F,.,F,.,0.07 E,0.020681361,F,F,F,.,F,.,214.3714846,25.40597822,251.45,41.52165041,293.67 E,86.1353849,468 E,107.6079439,2.87 E,0.488671927,2.41 E,0.530068215,F,F,7.95 E,2.370485299
  MEAL SUBSTITUTES,54,Male,19+ Years,6193,5.333326666,4.394799476,0.61736627,F,F,F,.,F,F,0.052613977,0.007455049,F,F,F,.,F,F,82.40259318,9.781711463,40.21527304,5.441296019,251.45,35.18582702,259.89 E,59.34374825,0.986513303,0.119699626,0.464185086,0.068974787,2.484951224,0.368679276,3.7 E,0.724683088
  MEAL SUBSTITUTES,54,Female,9-13 Years,939,F,F,F,F,F,F,.,F,.,F,F,F,F,F,.,F,.,F,F,F,.,F,.,F,.,F,F,F,.,F,.,F,.
  MEAL SUBSTITUTES,54,Female,14-18 Years,990,3.746863374,F,F,F,F,F,.,F,.,F,F,F,F,F,.,F,.,173.05 E,47.25970208,F,F,F,F,653.64 E,195.0841469,F,F,F,F,F,F,F,F
  MEAL SUBSTITUTES,54,Female,19-30 Years,992,3.225062264,F,F,F,F,F,.,F,.,F,F,F,F,F,.,F,.,130.95 E,36.20293522,F,F,F,F,445.14 E,130.189995,2.34 E,0.726825219,F,F,F,F,7.9 E,2.367223446
  MEAL SUBSTITUTES,54,Female,31-50 Years,2384,6.428757263,3.436864823,0.549855405,F,F,F,.,F,F,0.05 E,0.008877039,F,F,F,.,F,F,53.46079627,5.800615361,42.61417737,5.593632363,F,F,F,F,0.801817816,0.094686974,0.53124425,0.079178896,1.5 E,0.411017911,F,F
  MEAL SUBSTITUTES,54,Female,51-70 Years,2314,4.563974773,4.15 E,1.220740888,F,F,F,.,F,.,0.06 E,0.015126152,F,F,F,.,F,.,90.94 E,16.90715012,52.8 E,11.98004774,168.99 E,55.94079966,250.7276338,36.62122653,1.215795437,0.202382265,0.71 E,0.179239959,F,F,3.45 E,0.991577857
  MEAL SUBSTITUTES,54,Female,71+ Years,1448,2.257630537,3.43 E,0.963669744,F,F,F,.,F,.,0.06 E,0.017420047,F,F,F,.,F,.,152.0139188,19.18407582,F,F,253.4371282,17.75895699,264.83 E,45.5521695,2.658127141,0.339748804,2.37 E,0.729836351,5.039281548,0.454681826,5.1 E,0.930166605
  MEAL SUBSTITUTES,54,Female,19+ Years,7138,4.768079863,3.792692186,0.49904914,F,F,F,.,F,.,0.057716498,0.007683564,F,F,F,.,F,.,79.54338633,7.406211422,49.3628956,5.033644602,251.45 E,45.08577253,253.3179205,16.98484451,1.210476753,0.119804689,0.681599499,0.075022267,3.34 E,0.597489538,4.328459821,0.554454518
  ENERGY BAR,54A,Both,All ages,19670,0.547089323,0.33 E,0.094429424,F,F,F,.,F,.,0 E,0.00113953,F,F,F,.,F,.,59.67 E,10.87379389,62.97 E,10.91067416,96.19 E,17.181271,100.3803205,15.96755481,0.823407065,0.125013662,0.89 E,0.155795309,1.229405652,0.054872042,1.240227486,0.126107162
  ENERGY BAR,54A,Both,1-3 Years,1288,F,F,F,F,F,F,.,F,.,F,F,F,F,F,.,F,.,F,F,F,.,F,.,F,.,F,F,F,.,F,.,F,.
  ENERGY BAR,54A,Both,4-8 Years,1199,F,F,F,F,F,F,.,F,.,F,F,F,F,F,.,F,.,F,F,F,.,F,.,F,.,F,F,F,.,F,.,F,.
  ENERGY BAR,54A,Both,9-13 Years,1962,F,F,F,F,F,F,.,F,.,F,F,F,F,F,.,F,.,F,F,F,.,F,.,F,.,F,F,F,.,F,.,F,.
  ENERGY BAR,54A,Both,14-18 Years,1890,F,0.82 E,0.240559318,F,F,F,.,F,.,0.01 E,0.003868049,F,F,F,.,F,.,F,F,F,.,F,.,F,.,F,F,F,.,F,.,F,.
  ENERGY BAR,54A,Both,19-30 Years,1849,F,F,F,F,F,F,.,F,.,F,F,F,F,F,.,F,.,F,F,F,.,F,.,F,.,F,F,F,.,F,.,F,.
  ENERGY BAR,54A,Both,31-50 Years,4389,F,0.18 E,0.054898654,F,F,F,.,F,.,0 E,0.000724329,F,F,F,.,F,.,F,F,F,.,F,.,F,.,F,F,F,.,F,.,F,.
  ENERGY BAR,54A,Both,51-70 Years,4465,F,F,F,F,F,F,.,F,.,F,F,F,F,F,.,F,.,F,F,F,.,F,.,F,.,F,F,F,.,F,.,F,.
  ENERGY BAR,54A,Both,71+ Years,2628,F,F,F,F,F,F,.,F,.,F,F,F,F,F,.,F,.,F,F,F,.,F,.,F,.,F,F,F,.,F,.,F,.
  ENERGY BAR,54A,Both,1-18 Years,6339,0.521676365,0.28 E,0.075588362,F,F,F,.,F,.,0.01 E,0.001608341,F,F,F,.,F,.,54.03759792,6.144086691,61.61730237,7.327843124,67.66409546,5.175299343,72.96631667,5.671747306,1.119213137,0.069688791,1.055806369,0.074050106,1.478891669,0.17103443,1.49 E,0.314430542
  ENERGY BAR,54A,Both,19+ Years,13331,0.553330981,F,F,F,F,F,.,F,.,0 E,0.00132198,F,F,F,.,F,.,60.98 E,13.6138053,60.65 E,16.22018573,97.6 E,18.11750731,101 E,18.49970781,0.75 E,0.152275922,0.8 E,0.213477138,1.163403025,0.086857228,1.233893705,0.069734862
  ENERGY BAR,54A,Male,9-13 Years,1023,F,F,F,F,F,F,.,F,.,F,F,F,F,F,.,F,.,F,F,F,.,F,.,F,.,F,F,F,.,F,.,F,.
  ENERGY BAR,54A,Male,14-18 Years,900,F,F,F,F,F,F,.,F,.,F,F,F,F,F,.,F,.,F,F,F,.,F,.,F,.,F,F,F,.,F,.,F,.
  ENERGY BAR,54A,Male,19-30 Years,857,F,F,F,F,F,F,.,F,.,F,F,F,F,F,.,F,.,F,F,F,.,F,.,F,.,F,F,F,.,F,.,F,.
  ENERGY BAR,54A,Male,31-50 Years,2005,F,F,F,F,F,F,.,F,.,F,F,F,F,F,.,F,.,F,F,F,.,F,.,F,.,F,F,F,.,F,.,F,.
  ENERGY BAR,54A,Male,51-70 Years,2151,F,F,F,F,F,F,.,F,.,F,F,F,F,F,.,F,.,F,F,F,.,F,.,F,.,F,F,F,.,F,.,F,.
  ENERGY BAR,54A,Male,71+ Years,1180,F,F,F,F,F,F,.,F,.,F,F,F,F,F,.,F,.,F,F,F,.,F,.,F,.,F,F,F,.,F,.,F,.
  ENERGY BAR,54A,Male,19+ Years,6193,0.597943575,F,F,F,F,F,.,F,.,F,F,F,F,F,.,F,.,F,F,F,F,66.32498577,10.96443431,F,F,F,F,F,F,0.872879453,0.13443557,1.03 E,0.200071751
  ENERGY BAR,54A,Female,9-13 Years,939,F,F,F,F,F,F,.,F,.,F,F,F,F,F,.,F,.,F,F,F,.,F,.,F,.,F,F,F,.,F,.,F,.
  ENERGY BAR,54A,Female,14-18 Years,990,F,F,F,F,F,F,.,F,.,F,F,F,F,F,.,F,.,F,F,F,.,F,.,F,.,F,F,F,.,F,.,F,.
  ENERGY BAR,54A,Female,19-30 Years,992,F,F,F,F,F,F,.,F,.,F,F,F,F,F,.,F,.,F,F,F,.,F,.,F,.,F,F,F,.,F,.,F,.
  ENERGY BAR,54A,Female,31-50 Years,2384,F,F,F,F,F,F,.,F,.,F,F,F,F,F,.,F,.,F,F,F,.,F,.,F,.,F,F,F,.,F,.,F,.
  ENERGY BAR,54A,Female,51-70 Years,2314,F,F,F,F,F,F,.,F,.,F,F,F,F,F,.,F,.,F,F,F,.,F,.,F,.,F,F,F,.,F,.,F,.
  ENERGY BAR,54A,Female,71+ Years,1448,F,F,F,F,F,F,.,F,.,F,F,F,F,F,.,F,.,F,F,F,.,F,.,F,.,F,F,F,.,F,.,F,.
  ENERGY BAR,54A,Female,19+ Years,7138,F,F,F,F,F,F,.,F,.,F,F,F,F,F,.,F,.,F,F,F,.,F,.,F,.,F,F,F,.,F,.,F,.
  PROTEIN BAR AND SHAKE,54B,Both,All ages,19670,0.597370155,0.31 E,0.058304433,F,F,F,.,F,.,0 E,0.00080507,F,F,F,.,F,.,52.12270496,2.373556388,48.45150243,3.978446038,80.29613168,8.260223361,81.79269759,2.810368062,0.710008173,0.047053623,0.611816777,0.056134736,1.114640242,0.170579801,1.404734803,0.161617918
  PROTEIN BAR AND SHAKE,54B,Both,1-3 Years,1288,F,F,F,F,F,F,.,F,.,F,F,F,F,F,.,F,.,F,F,F,.,F,.,F,.,F,F,F,.,F,.,F,.
  PROTEIN BAR AND SHAKE,54B,Both,4-8 Years,1199,F,F,F,F,F,F,.,F,.,F,F,F,F,F,.,F,.,F,F,F,.,F,.,F,.,F,F,F,.,F,.,F,.
  PROTEIN BAR AND SHAKE,54B,Both,9-13 Years,1962,F,F,F,F,F,F,.,F,.,F,F,F,F,F,.,F,.,F,F,F,.,F,.,F,.,F,F,F,.,F,.,F,.
  PROTEIN BAR AND SHAKE,54B,Both,14-18 Years,1890,F,F,F,F,F,F,.,F,.,F,F,F,F,F,.,F,.,F,F,F,.,F,.,F,.,F,F,F,.,F,.,F,.
  PROTEIN BAR AND SHAKE,54B,Both,19-30 Years,1849,F,F,F,F,F,F,.,F,.,F,F,F,F,F,.,F,.,F,F,F,.,F,.,F,.,F,F,F,.,F,.,F,.
  PROTEIN BAR AND SHAKE,54B,Both,31-50 Years,4389,1.05028363,0.58 E,0.128154661,F,F,F,.,F,.,0.01 E,0.001808228,F,F,F,.,F,.,54.88330491,3.170580189,49.17701919,5.62188541,80.54412331,7.557336061,81.99832258,3.918334437,0.730401519,0.068542633,0.665650312,0.092577862,1.17 E,0.201643414,1.437597794,0.205475007
  PROTEIN BAR AND SHAKE,54B,Both,51-70 Years,4465,F,F,F,F,F,F,.,F,.,F,F,F,F,F,.,F,.,F,F,F,.,F,.,F,.,F,F,F,.,F,.,F,.
  PROTEIN BAR AND SHAKE,54B,Both,71+ Years,2628,F,F,F,F,F,F,.,F,.,F,F,F,F,F,.,F,.,F,F,F,.,F,.,F,.,F,F,F,.,F,.,F,.
  PROTEIN BAR AND SHAKE,54B,Both,1-18 Years,6339,F,F,F,F,F,F,.,F,.,0 E,0.001127013,F,F,F,.,F,.,F,F,F,.,F,.,F,.,F,F,F,.,F,.,F,.
  PROTEIN BAR AND SHAKE,54B,Both,19+ Years,13331,0.647903087,0.34 E,0.071946016,F,F,F,.,F,.,0 E,0.000970852,F,F,F,.,F,.,52.97565981,2.427778679,48.45569452,4.206317068,80.17475974,9.186945606,80.93082954,3.21436346,0.687417642,0.047210572,0.608846435,0.051528569,1 E,0.166637413,1.292754786,0.180313862
  PROTEIN BAR AND SHAKE,54B,Male,M 9-13 Years,1023,F,F,F,F,F,F,.,F,.,F,F,F,F,F,.,F,.,F,F,F,.,F,.,F,.,F,F,F,.,F,.,F,.
  PROTEIN BAR AND SHAKE,54B,Male,M 14-18 Years,900,F,F,F,F,F,F,.,F,.,F,F,F,F,F,.,F,.,F,F,F,.,F,.,F,.,F,F,F,.,F,.,F,.
  PROTEIN BAR AND SHAKE,54B,Male,M 19-30 Years,857,F,F,F,F,F,F,.,F,.,F,F,F,F,F,.,F,.,F,F,F,.,F,.,F,.,F,F,F,.,F,.,F,.
  PROTEIN BAR AND SHAKE,54B,Male,M 31-50 Years,2005,F,0.32 E,0.101308627,F,F,F,.,F,.,0 E,0.001230207,F,F,F,.,F,.,F,F,F,.,F,.,F,.,F,F,F,.,F,.,F,.
  PROTEIN BAR AND SHAKE,54B,Male,M 51-70 Years,2151,F,F,F,F,F,F,.,F,.,F,F,F,F,F,.,F,.,F,F,F,.,F,.,F,.,F,F,F,.,F,.,F,.
  PROTEIN BAR AND SHAKE,54B,Male,M 71+ Years,1180,F,F,F,F,F,F,.,F,.,F,F,F,F,F,.,F,.,F,F,F,.,F,.,F,.,F,F,F,.,F,.,F,.
  PROTEIN BAR AND SHAKE,54B,Male,19+ Years M,6193,0.561440736,F,F,F,F,F,.,F,.,F,F,F,F,F,.,F,.,50.99990832,3.250822871,46.6767066,4.717494846,59.96 E,11.73223645,79.66118504,8.382123513,0.615487861,0.038785005,0.607756498,0.033578865,0.716883642,0.118465143,0.909452055,0.143065032
  PROTEIN BAR AND SHAKE,54B,Female,F 9-13 Years,939,F,F,F,F,F,F,.,F,.,F,F,F,F,F,.,F,.,F,F,F,.,F,.,F,.,F,F,F,.,F,.,F,.
  PROTEIN BAR AND SHAKE,54B,Female,F 14-18 Years,990,F,F,F,F,F,F,.,F,.,F,F,F,F,F,.,F,.,F,F,F,.,F,.,F,.,F,F,F,.,F,.,F,.
  PROTEIN BAR AND SHAKE,54B,Female,F 19-30 Years,992,F,F,F,F,F,F,.,F,.,F,F,F,F,F,.,F,.,F,F,F,.,F,.,F,.,F,F,F,.,F,.,F,.
  PROTEIN BAR AND SHAKE,54B,Female,F 31-50 Years,2384,F,0.83 E,0.23274022,F,F,F,.,F,.,0.01 E,0.003374566,F,F,F,.,F,.,F,F,F,.,F,.,F,.,F,F,F,.,F,.,F,.
  PROTEIN BAR AND SHAKE,54B,Female,F 51-70 Years,2314,F,F,F,F,F,F,.,F,.,F,F,F,F,F,.,F,.,F,F,F,.,F,.,F,.,F,F,F,.,F,.,F,.
  PROTEIN BAR AND SHAKE,54B,Female,F 71+ Years,1448,F,F,F,F,F,F,.,F,.,F,F,F,F,F,.,F,.,F,F,F,.,F,.,F,.,F,F,F,.,F,.,F,.
  PROTEIN BAR AND SHAKE,54B,Female,19+ Years F,7138,0.731377248,0.4 E,0.098423018,F,F,F,.,F,.,0.01 E,0.001406044,F,F,F,.,F,.,54.43992526,3.280096795,49.34128511,6.102191479,80.46769895,8.348696457,81.66159696,4.607168578,0.740726115,0.069981932,0.698100348,0.098439346,1.12 E,0.199136477,1.457490581,0.219026444
  MEAL REPLACEMENTS,54C,Both,All ages,19670,3.988042215,3.344476401,0.296964876,F,F,F,.,F,.,0.059357067,0.006197669,F,F,F,.,F,.,83.8626128,6.663340111,39.88759115,2.509284479,251.45,5.638940874,265.8618094,43.39259136,1.485161699,0.148188568,0.534945107,0.042599745,3.670910838,0.391056498,5.462465611,0.772773432
  MEAL REPLACEMENTS,54C,Both,1-3 Years,1288,F,F,F,F,F,F,.,F,.,F,F,F,F,F,.,F,.,F,F,F,.,F,.,F,.,F,F,F,.,F,.,F,.
  MEAL REPLACEMENTS,54C,Both,4-8 Years,1199,F,F,F,F,F,F,.,F,.,F,F,F,F,F,.,F,.,F,F,F,.,F,.,F,.,F,F,F,.,F,.,F,.
  MEAL REPLACEMENTS,54C,Both,9-13 Years,1962,2.164041999,F,F,F,F,F,.,F,.,F,F,F,F,F,.,F,.,F,F,39.13 E,9.885817482,F,F,F,F,F,F,0.68 E,0.217356381,F,F,F,F
  MEAL REPLACEMENTS,54C,Both,14-18 Years,1890,4.775527594,5.54 E,1.433623119,F,F,F,.,F,.,0.11 E,0.03438023,F,F,F,.,F,.,116.09 E,22.61460149,45.89 E,14.26473374,252.8 E,54.69380718,F,F,2.24 E,0.672749992,0.71 E,0.184982605,F,F,F,F
  MEAL REPLACEMENTS,54C,Both,19-30 Years,1849,6.245198351,5.8 E,1.444025138,F,F,F,.,F,F,0.08 E,0.020909443,F,F,F,.,F,F,92.89 E,20.24762982,40.39 E,10.36102089,259.62 E,62.48971248,365.6 E,69.71168331,1.32 E,0.310986024,0.53 E,0.13136676,3.68 E,1.114108177,5.28 E,1.272138041
  MEAL REPLACEMENTS,54C,Both,31-50 Years,4389,4.734856467,2.670629927,0.433130444,F,F,F,.,F,.,0.035609273,0.005771469,F,F,F,.,F,.,56.40360897,6.903899895,35.78002745,2.095187765,F,F,251.45 E,58.20834702,0.752066583,0.092279396,0.435601114,0.031349518,F,F,3.63 E,0.971125361
  MEAL REPLACEMENTS,54C,Both,51-70 Years,4465,3.330662835,2.75 E,0.515189337,F,F,F,.,F,.,0.03 E,0.006361504,F,F,F,.,F,.,82.55466093,12.44765773,42.12 E,10.03127916,251.46 E,46.9603788,253.3163022,17.13027525,1.037977311,0.154532181,0.56 E,0.101063696,2.5 E,0.529062731,3.34 E,0.708156643
  MEAL REPLACEMENTS,54C,Both,71+ Years,2628,2.184830715,4.22 E,0.875191619,F,F,F,.,F,.,0.06 E,0.013363422,F,F,F,.,F,.,192.9430096,17.22209009,251.45 E,46.75665882,253.59 E,58.30311424,382.62 E,95.81789953,2.949946178,0.293560601,2.5 E,0.458831529,5.059750338,0.812867449,6.4 E,1.714819513
  MEAL REPLACEMENTS,54C,Both,1-18 Years,6339,3.041523803,3.09 E,0.553798823,F,F,F,.,F,.,0.11 E,0.024844082,F,F,F,.,F,.,101.4805969,13.43695678,45.7696719,5.529386122,248.6255604,27.10764953,328.2896533,54.47070707,3.64 E,0.687024137,1.17 E,0.235131288,F,F,18.19 E,3.775221249
  MEAL REPLACEMENTS,54C,Both,19+ Years,13331,4.220515912,3.407823918,0.344855309,F,F,F,.,F,.,0.046579145,0.004754012,F,F,F,.,F,.,80.74424996,7.27467885,38.35525556,2.56436756,251.45,6.081664572,264.1564323,42.08622884,1.103636284,0.105094387,0.481678181,0.040994522,3.326644341,0.434609843,4.552027468,0.509083327
  MEAL REPLACEMENTS,54C,Male,9-13 Years,1023,F,F,F,F,F,F,.,F,.,F,F,F,F,F,.,F,.,F,F,F,.,F,.,F,.,F,F,F,.,F,.,F,.
  MEAL REPLACEMENTS,54C,Male,14-18 Years,900,6.617493022,5.89 E,1.805012069,F,F,F,.,F,F,0.08 E,0.023280779,F,F,F,.,F,F,89.03 E,19.67675345,F,F,188.92 E,48.1352971,261.12 E,58.25983538,1.25 E,0.256448239,F,F,3.2 E,0.783574596,3.506000567,0.563206472
  MEAL REPLACEMENTS,54C,Male,19-30 Years,857,9.477143579,7.55 E,2.460115395,F,F,F,.,F,F,0.09 E,0.031071117,F,F,F,.,F,F,79.71 E,22.02665658,39.97 E,10.36876933,F,F,327.81 E,88.57842254,0.99 E,0.279847729,0.5 E,0.1245326,F,F,4.51 E,1.495224353
  MEAL REPLACEMENTS,54C,Male,31-50 Years,2005,4.487318289,2.85 E,0.719000435,F,F,F,.,F,.,0.03 E,0.008179916,F,F,F,.,F,.,63.46 E,12.774581,35.91438709,2.259622439,F,F,F,F,0.73 E,0.147133105,0.397142273,0.036966073,F,F,F,F
  MEAL REPLACEMENTS,54C,Male,51-70 Years,2151,2.514898183,2.54 E,0.771102504,F,F,F,.,F,.,0.03 E,0.008057077,F,F,F,.,F,.,100.86 E,25.05632349,F,F,252.6734269,32.80509451,253.378742,27.71367115,1.09 E,0.266025385,F,F,2.511079372,0.273987291,2.696607936,0.26333635
  MEAL REPLACEMENTS,54C,Male,71+ Years,1180,2.479418161,5.35 E,1.576093891,F,F,F,.,F,.,0.07 E,0.020687466,F,F,F,.,F,.,215.8990353,25.5475611,251.45,38.79998626,299.3 E,85.56256628,469.43 E,107.6458588,2.9 E,0.496670995,2.41 E,0.533875557,F,F,7.98 E,2.378176261
  MEAL REPLACEMENTS,54C,Male,19+ Years,6193,4.514093817,3.860965741,0.593311519,F,F,F,.,F,.,0.04616362,0.00713538,F,F,F,.,F,.,85.53135794,11.38924083,37.55697591,2.715908066,251.9177132,23.4076024,317.93 E,53.19829441,1.022655307,0.138566013,0.430030118,0.039711698,2.68 E,0.460861329,3.97 E,0.758808956
  MEAL REPLACEMENTS,54C,Female,9-13 Years,939,F,F,F,F,F,F,.,F,.,F,F,F,F,F,.,F,.,F,F,F,.,F,.,F,.,F,F,F,.,F,.,F,.
  MEAL REPLACEMENTS,54C,Female,14-18 Years,990,2.827946793,F,F,F,F,F,.,F,.,F,F,F,F,F,.,F,.,183.03 E,58.86657799,F,F,F,F,693.94 E,215.6568379,F,F,F,F,F,F,F,F
  MEAL REPLACEMENTS,54C,Female,19-30 Years,992,2.666446091,F,F,F,F,F,.,F,.,F,F,F,F,F,.,F,.,144.77 E,41.6513551,F,F,F,F,445.63 E,124.8943122,2.61 E,0.839741052,F,F,7.15 E,2.37823518,8.1 E,2.345538518
  MEAL REPLACEMENTS,54C,Female,31-50 Years,2384,4.971741301,2.5 E,0.491885436,F,F,F,.,F,.,0.04 E,0.00811479,F,F,F,.,F,.,50.30552721,7.278929435,32.01259395,4.041928315,F,F,F,F,0.774175351,0.11936201,0.452213663,0.054156923,F,F,F,F
  MEAL REPLACEMENTS,54C,Female,51-70 Years,2314,4.127845319,2.96 E,0.693982374,F,F,F,.,F,.,0.04 E,0.009914198,F,F,F,.,F,.,71.65325794,11.5587464,56.72 E,15.1083602,F,F,251.33 E,49.00487605,1 E,0.185554117,0.7 E,0.132962124,F,F,3.59 E,1.067490377
  MEAL REPLACEMENTS,54C,Female,71+ Years,1448,1.951465446,3.31 E,0.95703807,F,F,F,.,F,.,0.06 E,0.017387947,F,F,F,.,F,.,169.8379228,20.62607552,F,F,253.4780172,23.25035039,271.88 E,48.31265357,3.004376957,0.343102084,2.86 E,0.67045896,5.065634441,0.513981802,5.11 E,1.06035509
  MEAL REPLACEMENTS,54C,Female,19+ Years,7138,3.937084234,2.970342945,0.38046855,F,F,F,.,F,.,0.046980309,0.006670454,F,F,F,.,F,.,75.44524752,7.750697889,39.98980092,6.569081654,251.45,28.73647422,253.5132401,33.18739869,1.193276709,0.143860259,0.565845459,0.07378647,3.583561745,0.524295815,4.981804616,0.707960028
