Food-Group-Name, Food-Group-Code,Sex,Age,Number-of-Respondents,Percentage-of-Eaters,All-Person-Consumption-Intake-g-per-person-Mean,All-Person-Consumption-Intake-g-per-person-SE-Mean,All-Person-Consumption-Intake-g-per-person-P50,All-Person-Consumption-Intake-g-per-person-SE-P50,All-Person-Consumption-Intake-g-per-person-P90,All-Person-Consumption-Intake-g-per-person-SE-P90,All-Person-Consumption-Intake-g-per-person-P95,All-Person-Consumption-Intake-g-per-person-SE-P95,All-Person-Consumption-Intake-g-per-kg-body-weight-Mean,All-Person-Consumption-Intake-g-per-kg-body-weight-SE-Mean,All-Person-Consumption-Intake-g-per-kg-body-weight-P50,All-Person-Consumption-Intake-g-per-kg-body-weight-SE-P50,All-Person-Consumption-Intake-g-per-kg-body-weight-P90,All-Person-Consumption-Intake-g-per-kg-body-weight-SE-P90,All-Person-Consumption-Intake-g-per-kg-body-weight-P95,All-Person-Consumption-Intake-g-per-kg-body-weight-SE-P95,Eaters-Only-Consumption-Intake-g-per-person-Mean,Eaters-Only-Consumption-Intake-g-per-person-SE-Mean,Eaters-Only-Consumption-Intake-g-per-person-P50,Eaters-Only-Consumption-Intake-g-per-person-SE-P50,Eaters-Only-Consumption-Intake-g-per-person-P90,Eaters-Only-Consumption-Intake-g-per-person-SE-P90,Eaters-Only-Consumption-Intake-g-per-person-P95,Eaters-Only-Consumption-Intake-g-per-person-SE-P95,Eaters-Only-Consumption-Intake-g-per-kg-body-weight-Mean,Eaters-Only-Consumption-Intake-g-per-kg-body-weight-SE-Mean,Eaters-Only-Consumption-Intake-g-per-kg-body-weight-P50,Eaters-Only-Consumption-Intake-g-per-kg-body-weight-SE-P50,Eaters-Only-Consumption-Intake-g-per-kg-body-weight-P90,Eaters-Only-Consumption-Intake-g-per-kg-body-weight-SE-P90,Eaters-Only-Consumption-Intake-g-per-kg-body-weight-P95,Eaters-Only-Consumption-Intake-g-per-kg-body-weight-SE-P95
DAIRY PRODUCTS - OVERALL,9 to 15,Both,All ages,19670,94.25340751,270.5149978,3.828620342,201.5069244,3.828620342,616.4526638,10.30231987,802.9980361,13.3615905,5.549487211,0.07960684,2.748212327,0.068190444,12.58955028,0.343922633,20.15422741,0.531589465,287.0081888,3.835775547,218.8486956,4.858321256,630.0767299,10.68846713,816.1213927,13.44395226,5.888681278,0.081665481,3.039740787,0.07689043,13.1388952,0.201745212,20.92774859,0.586505592
DAIRY PRODUCTS - OVERALL,9 to 15,Both,1-3 Years,1288,98.58630887,506.405528,18.76405431,452.5419969,18.76405431,953.8262652,46.54383409,1114.582865,77.81264699,38.06162538,1.453843517,33.0383093,1.57006841,74.67081679,3.818048491,87.55530851,3.798895073,513.6671956,18.91645429,457.0358362,16.93116243,957.6318111,45.81377702,1119.368058,78.6432495,38.65008092,1.464408422,33.28943145,1.613073017,74.68554395,3.756113426,87.7651196,3.887897829
DAIRY PRODUCTS - OVERALL,9 to 15,Both,4-8 Years,1199,97.89799669,389.3736401,11.65918447,343.2817236,11.65918447,745.8854947,36.86438708,897.2651597,32.14604212,17.59806225,0.557732008,14.92998232,0.467594215,34.35046109,1.68783878,46.12210303,2.096582637,397.7340224,11.35953529,344.5320714,16.54193341,746.9889266,38.94338115,897.75557,34.23099759,17.97591662,0.545625593,15.09159135,0.492381298,34.4374687,1.826279838,46.13446578,1.988344998
DAIRY PRODUCTS - OVERALL,9 to 15,Both,9-13 Years,1962,96.879219,381.6748445,10.26469515,332.8373595,10.26469515,769.5420821,32.09821279,914.3221047,47.29056849,9.541477514,0.269470258,7.764443565,0.393098405,19.53587809,0.497939046,24.20126074,1.265083148,393.9697785,10.60014535,339.7404672,10.36737791,786.5201015,32.08504057,938.4995811,44.44812806,9.848838185,0.278442935,8.162651391,0.397077224,19.69265419,0.473352756,24.43643512,1.290638244
DAIRY PRODUCTS - OVERALL,9 to 15,Both,14-18 Years,1890,93.70794363,371.2614321,13.57348187,278.7482948,13.57348187,830.3289376,29.74974789,1043.401166,49.43718601,5.781501438,0.19910236,4.444723183,0.205542168,12.92191552,0.47288729,16.779463,0.839460727,396.1899256,13.98550341,302.6689951,12.82461122,849.003207,32.21168287,1066.824854,54.23783515,6.169702603,0.202824188,4.812674963,0.179861027,13.27547615,0.52306605,17.05589026,0.81619626
DAIRY PRODUCTS - OVERALL,9 to 15,Both,19-30 Years,1849,94.29108083,290.180725,15.91943795,218.8182811,15.91943795,625.5379915,46.52364359,875.0537842,96.74461064,4.142575208,0.239482486,2.820488743,0.334082835,9.364639359,0.600150707,13.13686608,1.207943585,307.7499191,16.31607525,239.9858018,16.23313225,643.8543571,50.36899961,878.6334315,102.0862385,4.393390309,0.245822336,3.285998407,0.316688012,9.492360615,0.666014817,13.13915147,1.146933105
DAIRY PRODUCTS - OVERALL,9 to 15,Both,31-50 Years,4389,93.43850878,230.4058736,7.024816399,163.377709,7.024816399,547.8580115,24.36250147,680.7029284,15.93538768,3.016675492,0.091407104,2.109764925,0.120868731,7.006930561,0.244807606,9.145314156,0.294511402,246.5855637,7.087870653,184.7854698,9.943199819,573.0928117,22.48583328,682.3729384,24.72143287,3.228514165,0.091508274,2.344422833,0.1112892,7.222609767,0.250658269,9.460562117,0.271007273
DAIRY PRODUCTS - OVERALL,9 to 15,Both,51-70 Years,4465,93.37505827,225.6077254,6.187003584,153.5130801,6.187003584,523.5867632,18.64285703,663.4284029,30.01694748,2.965502464,0.080255313,1.970854736,0.103081337,7.040552035,0.147873297,8.567035511,0.266269411,241.6145484,6.428902867,170.9895383,8.012158408,536.7586903,17.79661645,685.8452914,33.3454217,3.175904271,0.083437861,2.246580929,0.088292976,7.162593401,0.145418407,8.819940052,0.296015398
DAIRY PRODUCTS - OVERALL,9 to 15,Both,71+ Years,2628,94.53213146,225.8515403,7.288704353,163.1243116,7.288704353,515.1466878,18.45475966,667.6184662,32.85292362,3.187908682,0.10881341,2.205590566,0.134350186,7.308936031,0.413527288,9.627949285,0.470274642,238.9151041,7.459951916,183.2574817,9.796832009,522.8443164,17.32002156,673.4941671,30.61143017,3.372301706,0.11098663,2.482129419,0.14011779,7.583150829,0.420766242,9.766154302,0.47157846
DAIRY PRODUCTS - OVERALL,9 to 15,Both,1-18 Years,6339,96.53870262,401.5983334,6.479920564,337.4708748,6.479920564,823.8523296,13.78861858,1007.193107,18.004201,15.19149933,0.303842875,9.606094602,0.257347669,36.16208655,1.515120057,52.73533408,1.875620003,415.9972348,6.516358766,343.9855659,8.14179832,830.9440889,14.77342289,1009.916269,19.61684056,15.74296996,0.311519969,10.08869336,0.289429082,37.24603299,1.559272299,53.23635964,1.798128884
DAIRY PRODUCTS - OVERALL,9 to 15,Both,19+ Years,13331,93.69211784,238.3197153,4.371100511,166.6790283,4.371100511,547.6126775,12.87911805,693.3559621,19.2209481,3.209488491,0.061582313,2.171286425,0.059608285,7.419664755,0.154491301,9.577946683,0.213682926,254.3647436,4.396108256,187.4690378,5.925046866,565.902199,12.27290602,712.2616518,24.64451194,3.425569371,0.062218119,2.397595894,0.062887051,7.613339416,0.152090293,9.713252241,0.272717929
DAIRY PRODUCTS - OVERALL,9 to 15,Male,9-13 Years,1023,97.21097727,397.2979496,14.14837619,339.811735,14.14837619,814.2837429,42.9695396,988.1658315,44.84759873,9.782970224,0.358389952,8.062641868,0.585372328,19.7019291,0.715027926,24.72914796,1.375966687,408.6965904,14.46150834,343.6669942,14.5550686,819.4811103,40.50117928,1003.420956,45.49875575,10.06364764,0.368186227,8.453692862,0.577095196,19.94814026,0.753214876,25.07195102,1.375020667
DAIRY PRODUCTS - OVERALL,9 to 15,Male,14-18 Years,900,95.17594176,416.9050462,23.19218656,313.531084,23.19218656,871.2542509,40.86041727,1161.684923,91.45205246,6.075641999,0.324781405,4.647063366,0.28449629,12.41065034,0.698175822,18.59126869,2.035964257,438.036166,23.52277987,329.2166103,15.57333781,876.6417512,47.70391602,1170.592345,95.12391912,6.383590103,0.328424146,4.992226459,0.24267985,12.75320705,0.78414828,18.66333715,1.989481189
DAIRY PRODUCTS - OVERALL,9 to 15,Male,19-30 Years,857,94.30031284,316.9510852,25.41438793,219.0211837,25.41438793,754.8073736,100.840573,1141.897416,177.2390732,4.110152736,0.309138172,2.45 E,0.574149342,9.305958896,1.161690322,13.13617164,1.415866335,336.1082012,26.45744727,247.655329,32.05614118,784.0096702,108.3762946,1161.76728,173.1983714,4.358578049,0.322041199,3.22 E,0.60401745,9.574719165,1.257875082,13.13737057,1.433565318
DAIRY PRODUCTS - OVERALL,9 to 15,Male,31-50 Years,2005,93.1715451,237.5508059,10.16523713,163.8193322,10.16523713,560.4375407,31.22978935,750.6712899,50.73856123,2.793270125,0.125329232,1.792241233,0.170855012,6.398814409,0.4664965,8.980171602,0.479837218,254.960681,10.45571879,178.837465,16.91140465,575.10966,35.49178877,798.6376082,53.50798635,2.997986264,0.128807705,2.099646323,0.205661297,6.667501688,0.466830112,9.082922823,0.486057401
DAIRY PRODUCTS - OVERALL,9 to 15,Male,51-70 Years,2151,92.35338075,235.7244203,9.801997945,156.5371103,9.801997945,568.7171662,25.31117712,737.98586,45.69615183,2.721218436,0.108938809,1.771344787,0.178507935,6.56497175,0.273014351,8.198833857,0.238045238,255.241788,10.04409846,182.9806827,12.45515189,577.3881525,22.36974723,777.812936,47.70677144,2.946528231,0.111877571,2.195055022,0.148074155,6.828536405,0.255793917,8.320859281,0.232698476
DAIRY PRODUCTS - OVERALL,9 to 15,Male,71+ Years,1180,95.46270424,237.5177985,10.27322457,169.0065111,10.27322457,528.0132657,16.62702679,667.2740002,51.79564022,2.993300737,0.137319212,2.056441557,0.125295847,6.705332585,0.508710353,8.922508651,0.459855175,248.8069035,10.69821882,183.1355715,13.09857009,532.8019442,19.1019043,672.1748839,58.06215613,3.13557086,0.142661334,2.191136007,0.148931322,7.05754707,0.532899661,8.945904259,0.46678576
DAIRY PRODUCTS - OVERALL,9 to 15,Male,19+ Years,6193,93.35109305,251.2073697,6.769663186,168.8374324,6.769663186,577.4059333,20.02791797,789.7003485,30.9223388,3.027618246,0.080863939,1.990945394,0.112907783,7.137477857,0.207477553,9.304395143,0.325468857,269.0995483,6.91015958,192.4628518,9.922536979,600.1640992,19.80855918,813.2806832,31.34195078,3.243259556,0.082796218,2.245448488,0.079545216,7.376326266,0.210975727,9.419786859,0.395365455
DAIRY PRODUCTS - OVERALL,9 to 15,Female,9-13 Years,939,96.53005943,365.2322803,15.93425526,322.9390941,15.93425526,729.1239926,47.54400794,866.3524461,44.84878646,9.28731809,0.434390451,7.597690161,0.576795821,19.17534727,1.083817998,22.69490484,2.132671026,378.3611887,16.31066406,334.129761,19.61811939,732.209515,49.28988298,867.4749223,48.76937882,9.621166861,0.445961469,8.030374782,0.553147273,19.30971341,1.013640936,22.89944554,2.191074187
DAIRY PRODUCTS - OVERALL,9 to 15,Female,14-18 Years,990,92.15577281,323.0006857,15.10301539,245.0719873,15.10301539,736.3320681,56.78762861,1004.682746,55.95975935,5.470495324,0.246524262,4.149260016,0.272896724,13.10308294,0.700250074,16.06363537,0.791622529,350.4942511,15.43272726,272.1205738,12.9978407,770.5693925,62.29811765,1004.974289,47.26630384,5.9361396,0.251380882,4.697234749,0.27983077,13.5969377,0.729830437,16.41288734,0.767060262
DAIRY PRODUCTS - OVERALL,9 to 15,Female,19-30 Years,992,94.28085816,260.5377453,16.41663927,218.736444,16.41663927,560.3988842,36.72130284,678.0288902,81.56970071,4.178476804,0.36384171,2.936268721,0.329450059,9.404003703,0.952975211,13.17 E,2.367977672,276.3421445,16.73666098,232.483286,18.41877119,583.2289549,39.38100762,678.7413013,88.422268,4.431946087,0.376018263,3.310891814,0.321401043,9.454785238,0.971047043,13.19 E,2.383218542
DAIRY PRODUCTS - OVERALL,9 to 15,Female,31-50 Years,2384,93.6939831,223.5684391,8.992360484,163.1305932,8.992360484,539.7931163,33.93715931,666.9013573,22.66785535,3.230466123,0.124382877,2.322595581,0.128413704,7.266563276,0.364362059,9.535594398,0.318825547,238.6155777,9.248587322,184.893254,11.11582756,556.8197423,34.39733755,667.6141022,19.3477315,3.447890693,0.127113377,2.502878658,0.132071781,7.480272808,0.369738949,9.53966711,0.329826222
DAIRY PRODUCTS - OVERALL,9 to 15,Female,51-70 Years,2314,94.37346318,215.721477,6.89893756,150.2518508,6.89893756,490.475491,15.72715025,602.3548993,28.21984508,3.204221987,0.110599139,2.100889401,0.127173312,7.243449043,0.239478007,9.206353721,0.435015327,228.5827708,7.287443055,165.1941558,9.911335242,503.1945226,15.7868371,610.6251432,32.71015757,3.395257395,0.116325808,2.294522983,0.134698639,7.452898861,0.26311311,9.6442396,0.475320111
DAIRY PRODUCTS - OVERALL,9 to 15,Female,71+ Years,1448,93.79495351,216.609804,9.334434068,156.7324073,9.334434068,480.9582974,26.46133699,668.3070665,47.69875652,3.342072535,0.152084708,2.478315467,0.238914612,7.830940908,0.510735164,10.07354208,0.533922915,230.9397211,9.386336609,183.1415426,14.51355861,489.6495862,29.50321159,673.9002547,42.97044427,3.563168817,0.153514225,2.756412109,0.179690183,8.041232349,0.47944019,10.21618373,0.533164373
DAIRY PRODUCTS - OVERALL,9 to 15,Female,19+ Years,7138,94.02135661,225.8774659,5.231424311,163.8455516,5.231424311,520.8155099,14.80215018,662.8456089,19.86462409,3.385073193,0.088539151,2.353384203,0.091372696,7.687828769,0.2020306,9.717334964,0.291595922,240.2405943,5.346222111,184.8779204,7.478892854,535.1862563,14.86646772,668.17866,15.54096979,3.600323708,0.09105444,2.577159749,0.102534508,7.885600796,0.216665474,10.00735406,0.303810895
FROZEN DAIRY PRODUCTS,9,Both,All ages,19670,11.63387214,13.82522733,0.63151818,F,F,43.98 E,8.047710326,112.8652474,5.803791561,0.2418145,0.010708854,F,F,0.654370327,0.108932965,1.600805507,0.070009628,118.8359916,3.020012085,99.99822079,3.744564411,238.7940857,1.20591435,269.6037035,27.87940703,2.079087215,0.06348882,1.419600373,0.063815284,4.438452037,0.190216239,6.058612833,0.327320569
FROZEN DAIRY PRODUCTS,9,Both,1-3 Years,1288,10.17051611,8.08 E,1.621767629,F,F,F,F,65.97 E,15.26373003,0.53 E,0.09809723,F,F,F,.,4.44 E,1.326338692,79.41323944,8.907978958,65.47632719,8.06035655,119.98 E,35.15967375,F,F,5.282376793,0.444251923,4.44 E,0.959227326,9.668101249,0.702671143,10.40849833,0.829918932
FROZEN DAIRY PRODUCTS,9,Both,4-8 Years,1199,15.04420361,16.60341272,1.976570573,F,F,76.63 E,15.25377418,119.3619635,4.954278762,0.678572363,0.080914866,F,F,3.219759029,0.517047405,4.80259848,0.32913459,110.3641851,6.632122888,100.0003669,7.076564371,227.3488577,31.65873399,236.5082115,24.3354331,4.510523657,0.288081987,3.990879281,0.302938893,7.950590408,1.033453641,9.90963522,1.250139554
FROZEN DAIRY PRODUCTS,9,Both,9-13 Years,1962,18.12646236,25.45970668,2.649120422,F,F,79.37 E,15.14707146,221.39 E,43.67266782,0.6380415,0.066539387,F,F,2.072484546,0.332278288,4.398389831,0.601568313,140.456015,9.074295096,99.4656114,14.12601797,298.2092659,41.23435405,358.819144,21.42233954,3.519944969,0.222593607,2.468793239,0.29386726,8.09554519,0.484686925,8.4364075,0.277224478
FROZEN DAIRY PRODUCTS,9,Both,14-18 Years,1890,14.19912874,22.71278916,2.710437474,F,F,96.66933063,13.65908939,139.11 E,23.47953073,0.360452698,0.039706297,F,F,1.34 E,0.260355762,2.672571478,0.260094714,159.959034,11.58056084,119.1187938,6.809007463,315.1435941,45.17673883,424.76 E,72.20649413,2.538555038,0.162672377,2.084629999,0.15758188,4.903805896,0.369941667,6.432639967,0.686907276
FROZEN DAIRY PRODUCTS,9,Both,19-30 Years,1849,9.949834862,10.45687605,1.553863396,F,F,F,.,69.91 E,16.19236431,0.151970471,0.02400315,F,F,F,.,1.04 E,0.19383428,105.0959759,10.41599996,69.92 E,16.8027434,227.7956902,25.55892997,239 E,44.82562623,1.527366765,0.16827131,1.05 E,0.185022959,3.010540108,0.45107747,4.14 E,1.105418854
FROZEN DAIRY PRODUCTS,9,Both,31-50 Years,4389,9.787564409,11.09599174,1.161931543,F,F,F,.,98.43837066,13.12787655,0.146315037,0.015466003,F,F,F,.,1.155878029,0.115128062,113.3682628,5.401960328,99.72945081,8.879320545,230.3213343,17.60185602,238.6245381,26.36395188,1.494907528,0.083893284,1.190334958,0.085836449,2.735876956,0.416784373,3.796100523,0.383257467
FROZEN DAIRY PRODUCTS,9,Both,51-70 Years,4465,11.06685783,13.30166295,1.331224045,F,F,F,F,111.1785284,11.13864042,0.171622315,0.01703911,F,F,F,F,1.365918653,0.126573691,120.1936733,7.078507057,102.6631748,8.76115455,236.667097,6.254691713,239.93 E,54.92192538,1.550777261,0.0961462,1.29400777,0.103037416,2.951018282,0.392604148,4.217530333,0.435357294
FROZEN DAIRY PRODUCTS,9,Both,71+ Years,2628,14.92997241,17.47893412,1.710801624,F,F,65.99951007,9.600296059,119.427333,3.54287293,0.238694038,0.02509929,F,F,0.83348566,0.133362286,1.73431074,0.184741106,117.0727824,6.359893403,106.0174638,13.60797744,233.7664073,7.364525185,238.3714624,11.71024269,1.598757397,0.099551236,1.296230124,0.103170222,3.496783717,0.303243417,3.540636574,0.257621458
FROZEN DAIRY PRODUCTS,9,Both,1-18 Years,6339,14.81337628,19.30061803,1.226379658,F,F,69.72333651,6.936629175,119.9725463,7.923429009,0.551411364,0.035624309,F,F,1.901006216,0.2282092,4.213698268,0.255781175,130.2918232,5.095084481,103.1114028,3.996409841,239.7909754,21.02463273,359.1572469,19.4421511,3.716730339,0.142733534,2.899438833,0.210512734,7.924285242,0.353444841,9.204484583,0.500885022
FROZEN DAIRY PRODUCTS,9,Both,19+ Years,13331,10.85295645,12.48042061,0.705574182,F,F,F,F,103.0212918,7.737706227,0.166679118,0.009656008,F,F,F,F,1.307850676,0.068710077,114.9955836,3.596159527,99.18329977,6.016735267,237.2130154,3.695202856,239.5943459,18.5527186,1.535794586,0.052236172,1.237331389,0.058749359,3.025929728,0.199654031,3.808048213,0.238292836
FROZEN DAIRY PRODUCTS,9,Male,9-13 Years,1023,12.99287189,20.64 E,3.506056582,F,F,68.52 E,18.89542627,135.55 E,43.29658922,0.5 E,0.085860513,F,F,1.59 E,0.527281407,3.73 E,0.748896779,158.890158,14.98718608,119.8838421,12.06980645,358.4262144,49.6294894,359.4565877,16.76734575,3.880551373,0.370473753,3.136010924,0.464764586,8.228444841,0.591349438,8.44392449,0.395082304
FROZEN DAIRY PRODUCTS,9,Male,14-18 Years,900,12.06164196,21.77 E,4.401700116,F,F,F,F,133.25 E,43.23016582,0.31 E,0.058781693,F,F,F,F,2.16 E,0.637880271,180.5298893,21.10598032,114.9103091,18.31609093,403.82 E,70.37251717,470.2196595,69.43130548,2.602943503,0.279125797,1.77 E,0.347663534,5.177185621,0.634681839,6.475945598,0.830515563
FROZEN DAIRY PRODUCTS,9,Male,19-30 Years,857,10.20674971,9.25 E,1.973369621,F,F,F,F,56.95 E,12.99772084,0.12 E,0.027220322,F,F,F,F,0.83 E,0.16967225,90.63769063,14.0236828,56.94 E,10.79931365,200.4 E,41.71481153,F,F,1.207356507,0.187746621,0.827914148,0.07873066,2.68 E,0.558466235,F,F
FROZEN DAIRY PRODUCTS,9,Male,31-50 Years,2005,9.846583141,11.42254575,1.726145227,F,F,F,.,91.98156834,13.15953209,0.138863387,0.023123531,F,F,F,.,1.104998396,0.136646866,116.0051725,8.509424408,97.762693,10.09294338,231.9158455,22.11814289,238.3366285,17.03642083,1.410269788,0.133603426,1.123097436,0.085763898,3.06 E,0.546984332,3.795586582,0.494632978
FROZEN DAIRY PRODUCTS,9,Male,51-70 Years,2151,10.39156463,13.17593562,1.995202723,F,F,F,F,110.7940825,15.90167353,0.150205923,0.022896854,F,F,F,F,1.289817943,0.186096153,126.7945309,10.01389729,104.3383633,11.64574768,235.8780575,10.41200885,239.37 E,42.46173559,1.445460125,0.121658064,1.234036687,0.138619284,2.877778813,0.389685039,3.462811463,0.42408635
FROZEN DAIRY PRODUCTS,9,Male,71+ Years,1180,15.89547591,18.38306664,2.077790288,F,F,68.07 E,13.1877147,119.3289829,12.00744127,0.223620424,0.025681079,F,F,0.78 E,0.152801127,1.623182939,0.151090531,115.6496776,8.585337544,98.99 E,16.72077222,232.5669911,7.950361788,239.32 E,47.38507379,1.406818046,0.104584678,1.106871218,0.184295956,3.112025685,0.223111882,3.488761854,0.219252585
FROZEN DAIRY PRODUCTS,9,Male,19+ Years,6193,10.74512267,12.3646751,1.066393964,F,F,F,F,102.4007387,8.745306743,0.148965341,0.013533776,F,F,F,F,1.13759999,0.09370704,115.0724424,5.418216508,92.49449643,7.927687937,234.2552532,6.040118738,238.9731291,19.33224043,1.386353098,0.07174282,1.077829937,0.076159162,2.853662912,0.277883781,3.689775064,0.238760251
FROZEN DAIRY PRODUCTS,9,Female,9-13 Years,939,23.52931862,30.52759023,4.090868623,F,F,103.81 E,25.00866278,236.4010498,36.70771043,0.77890841,0.103768415,F,F,2.85 E,0.603817345,5.148405973,0.824935413,129.7427721,12.20923635,78.81 E,15.71318764,239.7088814,30.43257849,325.5098928,39.49326534,3.310373849,0.296621473,2.04 E,0.395308714,7.904715615,1.133804411,8.326077411,0.481126261
FROZEN DAIRY PRODUCTS,9,Female,14-18 Years,990,16.45917561,23.7044883,3.137423914,F,F,105.2159058,14.98097836,142.3554413,23.56282757,0.409613618,0.054413832,F,F,1.85 E,0.350097033,2.768835701,0.231515808,144.0199003,11.08952695,119.1977927,6.350194802,235.7423019,24.946867,326.33 E,72.61891204,2.488664242,0.194660164,2.174049529,0.165499661,4.574423326,0.533759654,5.567559925,0.823009234
FROZEN DAIRY PRODUCTS,9,Female,19-30 Years,992,9.66535152,11.79 E,2.54177387,F,F,F,.,106.58 E,22.57297013,0.18 E,0.042242373,F,F,F,.,1.45 E,0.285157399,122.0024968,13.62425351,108.2561193,17.78027159,237.6518621,32.87529763,239.4385572,39.58469793,1.901564673,0.244010416,1.46513529,0.203606555,3.03 E,0.979686571,4.84 E,1.056113378
FROZEN DAIRY PRODUCTS,9,Female,31-50 Years,2384,9.731085677,10.78349169,1.656439803,F,F,F,.,99.04 E,19.7621754,0.153445989,0.022513282,F,F,F,.,1.306753977,0.195119751,110.814888,7.771511724,101.111179,14.82680214,211.4864117,33.06191844,238.7523184,36.98135648,1.576864025,0.114246451,1.317943831,0.142038196,2.589072703,0.428068935,3.781771522,0.616977066
FROZEN DAIRY PRODUCTS,9,Female,51-70 Years,2314,11.72676864,13.42452635,1.698920932,F,F,F,F,111.6188429,18.46238418,0.192550866,0.024846841,F,F,F,F,1.496475499,0.187155285,114.4776261,9.346825095,87.1 E,17.02613517,235.3612239,28.90960927,325.14 E,61.39878202,1.641977188,0.146733253,1.365104727,0.153822808,3.29 E,0.731651315,4.51 E,0.881557016
FROZEN DAIRY PRODUCTS,9,Female,71+ Years,1448,14.16512317,16.76270153,2.538737646,F,F,66 E,18.76404951,119.3854058,10.06309052,0.250635003,0.039682829,F,F,0.93 E,0.263670945,1.95 E,0.333357327,118.3378452,9.534404343,118.05 E,21.70153675,221.069125,21.34655611,236.0625,7.923419343,1.769381032,0.162172965,1.406677863,0.191697732,3.490184564,0.363552559,3.862766633,0.426615775
FROZEN DAIRY PRODUCTS,9,Female,19+ Years,7138,10.95706343,12.59216588,1.004099571,F,F,F,F,112.7148843,12.11678933,0.183780696,0.014816096,F,F,F,F,1.49236221,0.126186503,114.9228163,4.763033167,102.6378318,9.954482555,236.3026349,11.49803969,239.5875511,33.71706637,1.677280567,0.077095234,1.365711316,0.078445651,3.238356211,0.309987082,4.30319691,0.420312726
ICE CREAM ,9A,Both,All ages,19670,10.12851234,11.9333399,0.588357827,F,F,F,F,99.80366677,6.963086337,0.210283002,0.01022648,F,F,F,F,1.39897624,0.087760616,117.8192758,3.27947431,99.01945828,5.212124942,238.9340105,1.065989532,280.1662927,31.32552424,2.075793933,0.067398946,1.378598514,0.069949437,4.438643717,0.211013278,6.095420699,0.359937505
ICE CREAM ,9A,Both,1-3 Years,1288,8.916258509,6.26 E,1.212714979,F,F,F,.,56.7 E,16.44799133,0.45 E,0.093459639,F,F,F,.,4.31 E,1.411564181,70.23722543,6.248520609,64.55767129,9.309806496,119.5938301,2.78774436,119.99 E,24.01375101,5.112978546,0.483967025,4.44 E,0.99349247,9.513297683,0.845769774,10.36564925,0.734878514
ICE CREAM ,9A,Both,4-8 Years,1199,12.88733664,14.29555966,1.843476659,F,F,55.62 E,18.13109703,118.0913698,7.676864795,0.585641921,0.076037402,F,F,2.5 E,0.76730739,4.40808243,0.356505601,110.9271843,7.726073907,102.6627969,8.465214375,228.9961017,32.82262474,237.3515292,35.54036583,4.544320815,0.336005101,4.179684483,0.364520753,8.607136414,1.193779512,10.3405697,1.391140238
ICE CREAM ,9A,Both,9-13 Years,1962,16.52642356,22.8820784,2.486994867,F,F,69.24121162,8.876745612,179.15 E,45.37817303,0.573902349,0.062638792,F,F,1.76844113,0.249510097,3.909474409,0.568989625,138.4575333,9.528824293,87.98936914,13.58155975,275.42 E,46.54145059,358.8148192,26.25441914,3.472634877,0.236462553,2.325694921,0.308596156,8.015393321,0.556975842,8.39596932,0.312593944
ICE CREAM ,9A,Both,14-18 Years,1890,12.20933839,19.80767949,2.674475111,F,F,69.89 E,21.73259899,131.2964048,17.45942549,0.310536425,0.038700584,F,F,0.9 E,0.291432406,2.25041369,0.323389816,162.233848,13.07020338,118.8772757,7.039992998,358.7597284,53.11380936,427.03 E,77.01131905,2.543433682,0.181945336,2.026957527,0.18203374,5.143735129,0.424744931,6.457643681,0.662755325
ICE CREAM ,9A,Both,19-30 Years,1849,8.737732942,8.878298993,1.38441268,F,F,F,.,58.63196426,9.739833811,0.12830937,0.02132276,F,F,F,.,0.86 E,0.144272038,101.6087245,11.15368601,69.74 E,12.10810671,236.0090404,32.60246851,239 E,55.40114207,1.468451492,0.179069882,0.89 E,0.216703949,2.84 E,0.561909209,4.19 E,1.296513976
ICE CREAM ,9A,Both,31-50 Years,4389,8.135549497,9.047180503,0.964326012,F,F,F,.,73.11081618,10.45474155,0.120904455,0.013821256,F,F,F,.,1.023854955,0.122921794,111.2055247,5.930558629,90.90411892,9.873923893,232.2460163,22.49856514,239.1477462,29.02924326,1.486125241,0.093795061,1.140065769,0.080971275,2.862259869,0.476517024,3.791891097,0.374268483
ICE CREAM ,9A,Both,51-70 Years,4465,9.603065784,11.56862729,1.282179739,F,F,F,.,98.99391626,14.87412233,0.150350856,0.016556465,F,F,F,.,1.235863117,0.150909821,120.4680625,7.787512215,102.4851742,9.048542105,237.2261878,6.735374769,299.601946,47.11568406,1.565654751,0.107310172,1.292888831,0.113682024,3.254926732,0.442970493,4.324769378,0.507076524
ICE CREAM ,9A,Both,71+ Years,2628,13.99197879,16.39503535,1.692157233,F,F,56.53 E,10.7549958,119.2372213,3.770579021,0.22503919,0.024974646,F,F,0.77 E,0.145899372,1.629405696,0.174391484,117.1745297,6.663787911,106.5228603,15.25318207,228.9668733,11.73748166,236.7980021,14.61905877,1.608344272,0.105708066,1.277474475,0.105517705,3.497111551,0.307396372,3.648987509,0.275499541
ICE CREAM ,9A,Both,1-18 Years,6339,13.00324518,16.83158699,1.181404314,F,F,57.56328392,6.443314194,119.2615277,2.572485251,0.482022804,0.033793391,F,F,1.471968857,0.191750799,3.790729127,0.311448288,129.4414337,5.63291161,103.0999397,3.855678005,239.7456126,21.25469869,359.2613934,22.52942459,3.694589655,0.155725023,2.882825861,0.222112848,7.935039876,0.367601451,9.223007534,0.538852742
ICE CREAM ,9A,Both,19+ Years,13331,9.422451307,10.730285,0.656174185,F,F,F,.,86.19772971,9.87796979,0.144335067,0.0091807,F,F,F,.,1.141441661,0.074204449,113.879973,3.928903097,93.88393839,7.385591292,237.5844924,3.202934282,239.6694692,24.65356454,1.531820778,0.05748825,1.163399744,0.053745127,3.137960751,0.246281823,3.915645128,0.258954684
ICE CREAM ,9A,Male,9-13 Years,1023,11.60228297,17.62 E,3.198385098,F,F,F,F,126.3 E,25.34874791,0.43 E,0.077351482,F,F,F,F,3.32 E,0.590735305,151.908165,16.12148188,119.4034771,14.51693903,358.33 E,68.29855311,359.4113834,28.34444288,3.714774057,0.390028029,2.761720839,0.375619919,8.151978426,0.908626861,8.384050097,0.449801016
ICE CREAM ,9A,Male,14-18 Years,900,10.81417829,19.45 E,4.337803286,F,F,F,F,F,F,0.28 E,0.056945666,F,F,F,F,F,F,179.8740657,23.03699892,106.29 E,21.87490477,392.4 E,71.1304913,469.4489147,72.75122521,2.565246708,0.302475013,1.55 E,0.406151216,5.235353752,0.679721028,6.474459075,0.843785636
ICE CREAM ,9A,Male,19-30 Years,857,9.824202785,9.01 E,1.967169859,F,F,F,.,56.93 E,13.77978299,0.12 E,0.027171011,F,F,F,.,0.83 E,0.1856187,91.66285484,14.72678291,56.94 E,12.46417136,200.02 E,44.46195786,F,F,1.225861085,0.197730526,0.828497009,0.087863061,2.6 E,0.607978922,F,F
ICE CREAM ,9A,Male,31-50 Years,2005,9.004522854,10.49553563,1.70409745,F,F,F,.,88.70532503,14.37929531,0.13 E,0.022930107,F,F,F,.,1.100556683,0.177680531,116.5584874,9.153761188,98.51566573,10.69515024,232.3280422,28.03278358,238.1997325,15.46870109,1.417879422,0.14472852,1.136946501,0.089999964,3.07 E,0.58913551,3.783819739,0.512414153
ICE CREAM ,9A,Male,51-70 Years,2151,8.888180801,11.34 E,1.913088582,F,F,F,.,98.64501626,16.16754989,0.13 E,0.022075356,F,F,F,.,1.02 E,0.187451528,127.5808829,11.39202047,101.8644906,10.24814627,236.6591608,10.23889746,239.64 E,59.89841316,1.463258932,0.138905731,1.141836207,0.140408461,3.249010933,0.4555598,3.944003301,0.489962456
ICE CREAM ,9A,Male,71+ Years,1180,14.73077695,16.77573553,2.003686273,F,F,54.49 E,12.31014106,119.0251041,7.345522579,0.204515785,0.02482948,F,F,0.67 E,0.137036458,1.477300081,0.136895361,113.8822181,8.85788768,79.86 E,19.87157478,232.2309363,8.08635409,238.49 E,54.40506461,1.388357084,0.108410829,1.03 E,0.198305462,3.094193764,0.223457921,3.411462635,0.276965529
ICE CREAM ,9A,Male,19+ Years,6193,9.731904144,11.18558845,1.039847487,F,F,F,.,88.72042988,10.99497753,0.135462612,0.013269225,F,F,F,.,0.997705798,0.100171039,114.937306,5.895770952,89.13912135,8.791018211,234.644488,5.487233733,238.9174886,25.26413935,1.391943553,0.078500235,1.051750752,0.076501087,2.883850559,0.295690557,3.770955817,0.272814081
ICE CREAM ,9A,Female,9-13 Years,939,21.70884394,28.41509429,3.991122351,F,F,83.38 E,24.71140812,236.34 E,44.82637666,0.724301651,0.101631183,F,F,2.26 E,0.600902644,5.09 E,0.898690941,130.8917894,12.98551494,72.41 E,16.14365419,239.878001,34.968785,328.431684,40.08378859,3.336435845,0.320593234,2 E,0.407403741,7.907341559,1.021936119,8.740539906,0.574015515
ICE CREAM ,9A,Female,14-18 Years,990,13.68449476,20.18385652,3.068495415,F,F,97.73 E,29.77369833,131.9077669,17.2555304,0.345561894,0.052293607,F,F,F,F,2.551761113,0.278465954,147.4943494,12.75526714,119.28916,6.300580404,237.9965408,38.9283717,359.15 E,80.36505377,2.525207543,0.218810486,2.174397079,0.178089207,4.82786648,0.609729758,5.711808241,0.88503242
ICE CREAM ,9A,Female,19-30 Years,992,7.534678393,8.74 E,2.07246646,F,F,F,.,69.81 E,21.09947008,0.14 E,0.035385745,F,F,F,.,1.23 E,0.363137353,115.9683464,15.62734969,98.23 E,21.21798964,238.11 E,42.78774503,239.61 E,44.77089585,1.818698041,0.284094621,1.24 E,0.271127993,F,F,4.68 E,1.21802191
ICE CREAM ,9A,Female,31-50 Years,2384,7.303974301,7.661158489,1.140103018,F,F,F,.,64.24 E,15.97500764,0.114426943,0.018431981,F,F,F,.,1 E,0.2481105,104.8902717,8.388207326,89.72 E,17.25682042,228.66 E,49.21527472,291.1865268,39.49402973,1.566639459,0.134533555,1.366286852,0.197621809,2.85 E,0.588903975,3.93097486,0.60126821
ICE CREAM ,9A,Female,51-70 Years,2314,10.30166652,11.79241851,1.654021565,F,F,F,F,102.24 E,22.19374728,0.170182344,0.024481508,F,F,F,F,1.365803982,0.210479189,114.4709789,10.34393422,91.6 E,17.50283964,236.0220065,28.62711216,287.63 E,49.09207625,1.651988477,0.165392609,1.365327282,0.154035726,3.43 E,0.838974228,5.29 E,1.104836705
ICE CREAM ,9A,Female,71+ Years,1448,13.40672021,16.09345359,2.531369581,F,F,F,F,119.2492776,11.08779313,0.241297349,0.039629845,F,F,F,F,1.9 E,0.352715042,120.0401988,9.917765271,118.1361394,19.65970073,220.927743,22.92058599,233.3957734,12.41417689,1.79982386,0.169205436,1.493697324,0.21792613,3.492043248,0.371395517,3.865889226,0.47345669
ICE CREAM ,9A,Female,19+ Years,7138,9.123693343,10.29071711,0.847671287,F,F,F,.,79.79692119,12.5312324,0.152900884,0.013302583,F,F,F,.,1.259654774,0.121953725,112.7911332,5.337123517,99.83250075,12.07826558,237.0311453,9.497344355,239.83 E,40.65957312,1.675866104,0.088540501,1.365419242,0.097878755,3.479610961,0.439605078,4.359748286,0.446606907
ICE MILK ,9B,Both,All ages,19670,0.779644333,1.06 E,0.229797614,F,F,F,.,F,.,0.02 E,0.00293044,F,F,F,.,F,.,136.1634171,8.307402517,137.7748582,6.733609581,215.1840798,23.18016481,219.3445638,21.61625445,2.079730567,0.195291905,1.58 E,0.343938018,3.03 E,0.624527378,4.8 E,0.943232699
ICE MILK ,9B,Both,1-3 Years,1288,F,F,F,F,F,F,.,F,.,F,F,F,F,F,.,F,.,F,F,F,.,F,.,F,.,F,F,F,.,F,.,F,.
ICE MILK ,9B,Both,4-8 Years,1199,F,F,F,F,F,F,.,F,.,F,F,F,F,F,.,F,.,F,F,F,.,F,.,F,.,F,F,F,.,F,.,F,.
ICE MILK ,9B,Both,9-13 Years,1962,F,F,F,F,F,F,.,F,.,F,F,F,F,F,.,F,.,F,F,F,.,F,.,F,.,F,F,F,.,F,.,F,.
ICE MILK ,9B,Both,14-18 Years,1890,F,F,F,F,F,F,.,F,.,F,F,F,F,F,.,F,.,F,F,F,.,F,.,F,.,F,F,F,.,F,.,F,.
ICE MILK ,9B,Both,19-30 Years,1849,F,F,F,F,F,F,.,F,.,F,F,F,F,F,.,F,.,F,F,F,.,F,.,F,.,F,F,F,.,F,.,F,.
ICE MILK ,9B,Both,31-50 Years,4389,F,F,F,F,F,F,.,F,.,F,F,F,F,F,.,F,.,F,F,F,.,F,.,F,.,F,F,F,.,F,.,F,.
ICE MILK ,9B,Both,51-70 Years,4465,F,F,F,F,F,F,.,F,.,F,F,F,F,F,.,F,.,F,F,F,.,F,.,F,.,F,F,F,.,F,.,F,.
ICE MILK ,9B,Both,71+ Years,2628,F,F,F,F,F,F,.,F,.,F,F,F,F,F,.,F,.,F,F,F,.,F,.,F,.,F,F,F,.,F,.,F,.
ICE MILK ,9B,Both,1-18 Years,6339,0.775455327,0.97 E,0.217080928,F,F,F,.,F,.,0.03 E,0.005926653,F,F,F,.,F,.,124.9157976,12.16886285,127.605017,16.75342327,167.74 E,44.06738782,F,F,3.535075927,0.389356353,2.723293363,0.338074928,7.38 E,1.286519084,8.360214925,1.028801831
ICE MILK ,9B,Both,19+ Years,13331,0.780673192,1.08 E,0.281637654,F,F,F,.,F,.,0.01 E,0.003317079,F,F,F,.,F,.,138.9074726,9.996815886,137.8393084,10.38991894,215.84046,23.33194614,219.1849874,18.98713353,1.725589144,0.177053868,1.48661003,0.221281496,3.008899917,0.386227999,3.024151282,0.356065821
ICE MILK ,9B,Male,9-13 Years,1023,F,F,F,F,F,F,.,F,.,F,F,F,F,F,.,F,.,F,F,F,.,F,.,F,.,F,F,F,.,F,.,F,.
ICE MILK ,9B,Male,14-18 Years,900,F,F,F,F,F,F,.,F,.,F,F,F,F,F,.,F,.,F,F,F,.,F,.,F,.,F,F,F,.,F,.,F,.
ICE MILK ,9B,Male,19-30 Years,857,F,F,F,F,F,F,.,F,.,F,F,F,F,F,.,F,.,F,F,F,.,F,.,F,.,F,F,F,.,F,.,F,.
ICE MILK ,9B,Male,31-50 Years,2005,F,F,F,F,F,F,.,F,.,F,F,F,F,F,.,F,.,F,F,F,.,F,.,F,.,F,F,F,.,F,.,F,.
ICE MILK ,9B,Male,51-70 Years,2151,F,F,F,F,F,F,.,F,.,F,F,F,F,F,.,F,.,F,F,F,.,F,.,F,.,F,F,F,.,F,.,F,.
ICE MILK ,9B,Male,71+ Years,1180,F,F,F,F,F,F,.,F,.,F,F,F,F,F,.,F,.,F,F,F,.,F,.,F,.,F,F,F,.,F,.,F,.
ICE MILK ,9B,Male,19+ Years,6193,F,F,F,F,F,F,.,F,.,F,F,F,F,F,.,F,.,F,F,F,.,F,.,F,.,F,F,F,.,F,.,F,.
ICE MILK ,9B,Female,9-13 Years,939,F,F,F,F,F,F,.,F,.,F,F,F,F,F,.,F,.,F,F,F,.,F,.,F,.,F,F,F,.,F,.,F,.
ICE MILK ,9B,Female,14-18 Years,990,F,F,F,F,F,F,.,F,.,F,F,F,F,F,.,F,.,F,F,F,.,F,.,F,.,F,F,F,.,F,.,F,.
ICE MILK ,9B,Female,19-30 Years,992,F,F,F,F,F,F,.,F,.,F,F,F,F,F,.,F,.,F,F,F,.,F,.,F,.,F,F,F,.,F,.,F,.
ICE MILK ,9B,Female,31-50 Years,2384,F,F,F,F,F,F,.,F,.,F,F,F,F,F,.,F,.,F,F,F,.,F,.,F,.,F,F,F,.,F,.,F,.
ICE MILK ,9B,Female,51-70 Years,2314,F,F,F,F,F,F,.,F,.,F,F,F,F,F,.,F,.,F,F,F,.,F,.,F,.,F,F,F,.,F,.,F,.
ICE MILK ,9B,Female,71+ Years,1448,F,F,F,F,F,F,.,F,.,F,F,F,F,F,.,F,.,F,F,F,.,F,.,F,.,F,F,F,.,F,.,F,.
ICE MILK ,9B,Female,19+ Years,7138,1.154173216,1.65 E,0.529364061,F,F,F,.,F,.,0.02 E,0.006277154,F,F,F,.,F,.,143.2840971,12.60508528,137.8168816,19.5848246,216.6526716,24.31963429,219.1684758,23.72665591,1.82976134,0.240871448,1.46 E,0.4438605,3.014922501,0.407208421,3.03 E,0.551857401
FROZEN YOGHURT,9C,Both,All ages,19670,0.75689196,0.830297063,0.096980066,F,F,F,.,F,.,0.015287099,0.001910835,F,F,F,.,F,.,109.6982274,9.136521778,86.55629103,9.161946826,195.1471751,26.72428606,277.2688789,41.07472116,2.03631281,0.225150367,1.359080156,0.215410091,4.057597441,0.560624423,5.6 E,0.952683451
FROZEN YOGHURT,9C,Both,1-3 Years,1288,F,F,F,F,F,F,.,F,.,F,F,F,F,F,.,F,.,F,F,F,.,F,.,F,.,F,F,F,.,F,.,F,.
FROZEN YOGHURT,9C,Both,4-8 Years,1199,F,F,F,F,F,F,.,F,.,F,F,F,F,F,.,F,.,F,F,F,.,F,.,F,.,F,F,F,.,F,.,F,.
FROZEN YOGHURT,9C,Both,9-13 Years,1962,F,F,F,F,F,F,.,F,.,F,F,F,F,F,.,F,.,F,F,F,.,F,.,F,.,F,F,F,.,F,.,F,.
FROZEN YOGHURT,9C,Both,14-18 Years,1890,F,1.72 E,0.499932447,F,F,F,.,F,.,0.03 E,0.009888386,F,F,F,.,F,.,F,F,F,.,F,.,F,.,F,F,F,.,F,.,F,.
FROZEN YOGHURT,9C,Both,19-30 Years,1849,F,F,F,F,F,F,.,F,.,F,F,F,F,F,.,F,.,F,F,F,.,F,.,F,.,F,F,F,.,F,.,F,.
FROZEN YOGHURT,9C,Both,31-50 Years,4389,0.772089339,0.77 E,0.185848621,F,F,F,.,F,.,0.01 E,0.002617268,F,F,F,.,F,.,99.38 E,18.52820435,71.52 E,17.71489993,188.12 E,34.02759076,202.83 E,53.81166356,1.35 E,0.235128048,0.98 E,0.252423389,2.48 E,0.530085062,3.23 E,0.664795849
FROZEN YOGHURT,9C,Both,51-70 Years,4465,0.787246181,0.73 E,0.180501805,F,F,F,.,F,.,0.01 E,0.002366687,F,F,F,.,F,.,92.78613602,14.71215965,72.02 E,14.51223144,175.1800295,26.52051342,192.445598,20.80371588,1.223205765,0.194231772,1.1 E,0.206247373,2.06 E,0.591252422,3.52 E,1.054085896
FROZEN YOGHURT,9C,Both,71+ Years,2628,F,F,F,F,F,F,.,F,.,0.01 E,0.00330727,F,F,F,.,F,.,F,F,F,.,F,.,F,.,F,F,F,.,F,.,F,.
FROZEN YOGHURT,9C,Both,1-18 Years,6339,1.124416107,1.5 E,0.313597829,F,F,F,.,F,.,0.04 E,0.008557748,F,F,F,.,F,.,133.4350183,15.32243899,94.75 E,18.30823148,242.46 E,48.97887508,347.94 E,69.82744035,3.801943038,0.420803905,3.407892726,0.481239305,7.113248242,1.009237007,8.186201786,1.170575035
FROZEN YOGHURT,9C,Both,19+ Years,13331,0.666624622,0.665722205,0.099805856,F,F,F,.,F,.,0.008872839,0.001339561,F,F,F,.,F,.,99.86462893,10.20872143,72.28295229,11.96028597,190.4189393,18.80350423,202.51 E,50.78515162,1.331009772,0.132289994,1.087378507,0.120848394,2.33 E,0.462331865,3.534302612,0.5250796
FROZEN YOGHURT,9C,Male,9-13 Years,1023,F,F,F,F,F,F,.,F,.,F,F,F,F,F,.,F,.,F,F,F,.,F,.,F,.,F,F,F,.,F,.,F,.
FROZEN YOGHURT,9C,Male,14-18 Years,900,F,F,F,F,F,F,.,F,.,F,F,F,F,F,.,F,.,F,F,F,.,F,.,F,.,F,F,F,.,F,.,F,.
FROZEN YOGHURT,9C,Male,19-30 Years,857,F,F,F,F,F,F,.,F,.,F,F,F,F,F,.,F,.,F,F,F,.,F,.,F,.,F,F,F,.,F,.,F,.
FROZEN YOGHURT,9C,Male,31-50 Years,2005,F,F,F,F,F,F,.,F,.,F,F,F,F,F,.,F,.,F,F,F,.,F,.,F,.,F,F,F,.,F,.,F,.
FROZEN YOGHURT,9C,Male,51-70 Years,2151,F,F,F,F,F,F,.,F,.,F,F,F,F,F,.,F,.,F,F,F,.,F,.,F,.,F,F,F,.,F,.,F,.
FROZEN YOGHURT,9C,Male,71+ Years,1180,F,F,F,F,F,F,.,F,.,F,F,F,F,F,.,F,.,F,F,F,.,F,.,F,.,F,F,F,.,F,.,F,.
FROZEN YOGHURT,9C,Male,19+ Years,6193,0.636203905,0.68 E,0.150553785,F,F,F,.,F,.,0.01 E,0.001721026,F,F,F,.,F,.,107.5735927,16.87081388,87.61 E,24.02865965,192.8287472,28.53429535,251.72 E,42.51395765,1.250020696,0.200462929,0.89 E,0.248792244,2.53 E,0.429856812,3.29 E,0.576305508
FROZEN YOGHURT,9C,Female,9-13 Years,939,F,F,F,F,F,F,.,F,.,F,F,F,F,F,.,F,.,F,F,F,.,F,.,F,.,F,F,F,.,F,.,F,.
FROZEN YOGHURT,9C,Female,14-18 Years,990,F,F,F,F,F,F,.,F,.,F,F,F,F,F,.,F,.,F,F,F,.,F,.,F,.,F,F,F,.,F,.,F,.
FROZEN YOGHURT,9C,Female,19-30 Years,992,F,F,F,F,F,F,.,F,.,F,F,F,F,F,.,F,.,F,F,F,.,F,.,F,.,F,F,F,.,F,.,F,.
FROZEN YOGHURT,9C,Female,31-50 Years,2384,F,F,F,F,F,F,.,F,.,F,F,F,F,F,.,F,.,F,F,F,.,F,.,F,.,F,F,F,.,F,.,F,.
FROZEN YOGHURT,9C,Female,51-70 Years,2314,F,0.78 E,0.232983148,F,F,F,.,F,.,0.01 E,0.003526491,F,F,F,.,F,.,F,F,F,.,F,.,F,.,F,F,F,.,F,.,F,.
FROZEN YOGHURT,9C,Female,71+ Years,1448,F,F,F,F,F,F,.,F,.,F,F,F,F,F,.,F,.,F,F,F,.,F,.,F,.,F,F,F,.,F,.,F,.
FROZEN YOGHURT,9C,Female,19+ Years,7138,0.695993981,0.65 E,0.135275644,F,F,F,.,F,.,0.01 E,0.002054548,F,F,F,.,F,.,93.06145036,10.08739819,72.23319465,5.79215881,166.29 E,29.94588068,193.93 E,55.94054084,1.402482822,0.144048952,1.119307367,0.125628788,F,F,3.54 E,0.82906806
MILK ,10,Both,All ages,19670,80.58269334,193.2578709,3.394378488,97.96938027,3.394378488,490.5735389,8.064334632,673.5378716,14.99970445,4.134350945,0.072561697,1.376764352,0.083348387,9.82771358,0.237680923,16.38837676,0.472668043,239.8255294,3.94869388,185.5949903,4.266592054,545.1517361,10.33346792,736.2818297,20.07953816,5.132875095,0.08704164,2.524805876,0.081282541,11.66316639,0.323833704,18.78000341,0.628995484
MILK ,10,Both,1-3 Years,1288,95.65472918,412.8249235,17.86607783,365.94966,17.86607783,839.6642057,31.56965551,1005.02189,52.31157726,31.32402606,1.359949304,26.106528,1.999257524,66.00716631,3.794944313,79.34269641,3.085573909,431.5781635,17.94128497,372.8764274,21.70260808,853.2509605,31.76403461,1006.401522,55.3239263,32.75555753,1.37174877,27.6583376,2.047737427,67.05758452,3.834641394,80.67753334,3.153441401
MILK ,10,Both,4-8 Years,1199,91.71837286,299.6296871,10.52219666,259.3198405,10.52219666,633.7709091,23.97906429,785.840874,51.22545594,13.61356348,0.500726435,10.93880975,0.585263312,29.49538195,2.092197526,38.07932872,2.014073533,326.6844774,10.21009751,283.8964006,10.53144325,648.9343305,23.17782222,802.5672053,49.5312461,14.84278783,0.493066419,12.10484473,0.534916257,31.16710961,2.118013825,38.73292109,2.126472578
MILK ,10,Both,9-13 Years,1962,87.36202999,294.512483,9.532628856,243.8039723,9.532628856,646.1961186,23.23434644,835.3368,28.32202773,7.358052105,0.245275508,5.738858941,0.264924754,16.51765645,0.814451712,20.54902563,0.714283762,337.1172614,9.980101236,270.7703273,8.888901205,676.5674721,29.12835574,847.8527268,30.13488874,8.422482978,0.255943005,6.735932881,0.286347801,17.8675896,0.765964232,21.38265953,0.923726387
MILK ,10,Both,14-18 Years,1890,81.76494624,290.8895869,12.49132889,206.909974,12.49132889,712.4469018,34.98048718,943.5740282,55.96293507,4.524203103,0.184438452,3.171725922,0.192042713,10.78684533,0.711611264,15.13604542,0.748157482,355.7631972,14.04219397,257.4931467,11.2103681,775.4842743,38.22464032,1010.118254,52.18646123,5.533181774,0.205753116,4.157837421,0.185342485,12.343771,0.722454656,15.96156042,0.816538785
MILK ,10,Both,19-30 Years,1849,79.68221577,211.6940575,14.9881173,118.9 E,14.9881173,493.6964018,34.24394931,782.0623046,125.610036,3.051511633,0.232507884,1.599870051,0.248279458,7.536191142,0.82229771,11.6351823,1.422775669,265.6729051,17.32676221,225.1029968,20.74450337,548.7969495,58.79445848,818.1294578,128.3998343,3.82960188,0.270577149,2.818793855,0.291869933,8.422338254,1.037647316,12.29582484,1.26671437
MILK ,10,Both,31-50 Years,4389,76.94497693,154.2504975,5.949967104,50.92445547,5.949967104,422.7739835,16.64245214,558.8899836,27.35797585,2.03014514,0.078397362,0.657200789,0.072413571,5.579550792,0.129799683,7.511034857,0.323856234,200.4685733,7.285357665,128.8806296,9.52572668,480.6764224,13.54340098,630.8777205,33.93194244,2.638437518,0.095323407,1.685151876,0.153110677,6.245750712,0.271505862,8.440392986,0.418358468
MILK ,10,Both,51-70 Years,4465,78.26289458,151.0897943,5.336433448,53.50957499,5.336433448,403.2232993,10.31387318,540.646999,20.70784326,1.985173287,0.068759384,0.702219344,0.079344269,5.588532784,0.194996232,7.138409977,0.277739378,193.0541863,6.232650311,122.0086443,7.424634818,442.6281282,17.2246377,580.9547064,24.1661228,2.536544677,0.080636537,1.602414556,0.118938553,6.089055398,0.171441589,7.809854463,0.279500894
MILK ,10,Both,71+ Years,2628,83.90388394,159.2365237,6.485853757,83.88375136,6.485853757,422.8138857,22.39135838,560.2992948,38.0044748,2.240864997,0.095390747,1.148819008,0.08041403,5.778034503,0.265097084,8.252304037,0.503385009,189.7844489,7.294183529,122.4927897,3.888020079,465.1255917,21.91625832,626.5113514,44.0517269,2.670752404,0.107085338,1.676336612,0.098294235,6.301715183,0.33792296,8.665218575,0.517491996
MILK ,10,Both,1-18 Years,6339,88.35558115,314.5933573,5.864129849,246.6217367,5.864129849,700.7765953,16.03174295,880.4267566,21.30265818,12.05468403,0.277674678,7.153697674,0.220734221,31.1714447,1.103275712,45.53872015,1.515579492,356.053747,5.974512146,283.5468346,5.078380623,734.1251144,17.53444892,913.251329,24.25977365,13.65756401,0.301467433,8.400808947,0.226226261,33.19924557,1.074184822,47.3470692,1.692653428
MILK ,10,Both,19+ Years,13331,78.67360003,163.4567505,3.906071576,61.00135287,3.906071576,428.517604,13.14995851,573.8215198,18.38114596,2.212182724,0.056450964,0.814026124,0.053324566,5.934615808,0.140206209,8.098811966,0.243317874,207.7656933,4.654748552,134.345647,6.092322224,481.1910536,7.620543446,639.5979594,23.02777831,2.811848857,0.067623979,1.818069696,0.07502195,6.486228991,0.148174663,8.810518169,0.324672319
MILK ,10,Male,9-13 Years,1023,89.14351974,308.6468288,13.17238681,243.8668531,13.17238681,667.9162867,23.22666381,837.1265185,49.94717053,7.591242269,0.319338035,5.827629076,0.394797225,16.87034238,0.881597812,21.37350481,0.990908416,346.2358562,14.19620546,273.9879504,15.18541212,673.5141326,31.04774736,892.4688595,50.92392246,8.515753351,0.344596765,6.7174735,0.387225922,17.90834265,0.795891573,21.96135022,1.018444751
MILK ,10,Male,14-18 Years,900,84.21841238,335.3482761,21.40448929,243.9691194,21.40448929,770.5205652,42.94276651,1044.205174,82.97516592,4.902947399,0.302798581,3.492438866,0.271091325,10.61080565,0.87340146,16.25829493,1.402965553,398.1887887,23.35105765,283.2220709,12.7468975,824.6742461,51.61411095,1066.810576,118.5928887,5.82170485,0.329985506,4.326456351,0.317370897,11.90261816,1.142423392,17.1227111,1.676316487
MILK ,10,Male,19-30 Years,857,79.10633175,233.5143682,23.41242272,119.99 E,23.41242272,547.79 E,111.852086,974.2331558,161.5717487,3.064264317,0.288983222,1.56 E,0.345964732,8.18888428,1.206265096,11.63898312,1.414548536,295.1904898,28.13234515,243.9616769,34.5330328,688.39 E,142.9392128,1060.569861,150.434746,3.873601833,0.345372412,2.793230642,0.443980465,9.271153482,1.349308495,12.0609253,1.440052457
MILK ,10,Male,31-50 Years,2005,74.33247074,160.2577488,9.124708998,46.69 E,9.124708998,461.4015983,31.23340772,646.1839637,46.34315388,1.898179312,0.113980379,0.563448319,0.083986092,5.383640172,0.307740955,7.452505875,0.422182927,215.5958859,11.75163455,128.2680556,17.56069243,520.5668932,31.81391162,732.6721581,53.56329158,2.553634089,0.145843614,1.572798937,0.208466066,5.99946006,0.47486634,8.323688705,0.74825084
MILK ,10,Male,51-70 Years,2151,77.29745548,164.3630972,8.361852594,60.87 E,8.361852594,420.5503477,22.54470326,577.2769883,31.62068488,1.899892693,0.094590023,0.68 E,0.131840005,5.264373956,0.291083666,6.839895923,0.356930345,212.6371382,9.618830917,146.0004135,14.01926091,487.3397594,26.90102001,635.0227294,48.45010893,2.457898104,0.108872779,1.694418737,0.165668998,5.791383605,0.269738912,7.470277348,0.386238468
MILK ,10,Male,71+ Years,1180,84.86238501,173.0829701,8.955922083,100.824908,8.955922083,464.7885285,26.81233018,624.2402021,55.31847044,2.181029264,0.116948731,1.253026143,0.146709226,5.589800187,0.264281785,7.511029411,0.598559134,203.9572303,10.04167436,134.5658771,11.49213106,477.1077905,26.56335017,648.0566607,54.40505192,2.570077737,0.130524141,1.698873511,0.117422668,5.923064292,0.377873956,8.202476059,0.6650952
MILK ,10,Male,19+ Years,6193,77.30891124,176.1627205,5.982102732,61.00613869,5.982102732,472.3000648,16.31717708,654.7682521,35.6692918,2.13879485,0.072764954,0.74433638,0.066703136,5.833726098,0.174040153,7.911283756,0.338639943,227.8685829,7.382361528,149.0728943,11.18975878,522.5117853,18.43389025,753.2438857,40.18821481,2.766556682,0.089525419,1.817785449,0.101011113,6.427206435,0.244498895,8.80786716,0.532456675
MILK ,10,Female,9-13 Years,939,85.487098,279.6367661,14.88497106,242.6008999,14.88497106,625.8888827,49.04976526,835.3368,51.3482973,7.11263071,0.40508838,5.629616185,0.37910307,16.29313429,1.194660527,20.31004818,1.298749947,327.1099063,14.35077218,269.8091851,11.17176045,682.8310042,54.81333407,835.3368,39.99871387,8.320121839,0.397622388,6.768784586,0.425650126,17.42916527,1.242469013,20.56129332,2.132253937
MILK ,10,Female,14-18 Years,990,79.17080225,243.8817071,14.24688595,186.1196538,14.24688595,614.1968939,58.88167255,854.7830944,68.86453536,4.123742211,0.232250741,2.780519807,0.328651263,10.79223888,1.183580728,14.5459948,0.978920931,308.0450117,16.11007871,243.9696606,13.60284196,718.8235422,66.02798658,902.4710499,71.49954853,5.208665435,0.262297827,4.066019852,0.233994532,12.92221584,1.119549673,15.14362911,0.903301815
MILK ,10,Female,19-30 Years,992,80.31989557,187.5322971,16.7156861,102.55 E,16.7156861,470.0544246,31.67389497,565.9170783,77.17581113,3.037390509,0.365251729,1.6 E,0.392277249,7.054052741,0.924920233,10.83 E,2.586704172,233.4817491,18.48707489,217.5462844,27.78017909,484.2655568,38.70247425,614.49 E,109.3825439,3.781616607,0.421022451,2.802318315,0.373774552,8.175901138,1.284580247,12.43 E,3.365766596
MILK ,10,Female,31-50 Years,2384,79.44504822,148.5017813,7.338206971,57.17424226,7.338206971,405.8166965,17.21104656,502.8445752,23.70600333,2.156431531,0.104225608,0.813112799,0.110340651,5.590215615,0.310290225,7.715011607,0.516241081,186.9238985,8.584499491,128.9207289,14.71325588,438.8371749,22.28214861,541.5578244,32.85873529,2.71436871,0.122062835,1.839396599,0.240651484,6.41684731,0.282333497,8.529423571,0.454020637
MILK ,10,Female,51-70 Years,2314,79.20634211,138.1188417,6.032094711,50.22966154,6.032094711,386.2435997,18.31692735,482.7989048,27.91743528,2.068511288,0.094888778,0.702560243,0.093749803,5.721458597,0.253571417,7.467911971,0.428670461,174.3785132,7.336835532,106.3957966,13.83696709,413.3080367,15.94870303,525.3999638,33.57979445,2.611547552,0.115429988,1.551535881,0.18414423,6.275399715,0.277592112,8.213500049,0.422277842
MILK ,10,Female,71+ Years,1448,83.14458185,148.2676935,8.580053347,72.22181931,8.580053347,399.6741708,27.19943891,544.8390918,42.77386321,2.288265462,0.137248438,1.127491446,0.101063587,6.116419152,0.382369981,8.58024986,0.564394886,178.3251418,9.474922874,121.8859213,12.6657447,428.5384848,30.24342398,563.9645657,54.27335898,2.752152228,0.152946326,1.652067512,0.157960716,6.45632475,0.606704011,8.934689751,0.556917742
MILK ,10,Female,19+ Years,7138,79.99112437,151.1899064,4.626150779,60.99507631,4.626150779,412.451574,9.559155529,515.6908311,18.79421414,2.283034269,0.080857282,0.871624716,0.080527508,5.99928114,0.188535483,8.213311708,0.305964541,189.0083526,5.374769657,124.8805606,6.971221287,446.6744336,15.45982036,559.5344681,20.70836376,2.854109487,0.095515673,1.817921854,0.117629739,6.519867575,0.190761366,8.80714518,0.334269472
MILK- WHOLE,10A,Both,All ages,19670,28.51095428,28.97160134,1.730890575,F,F,37.27897339,2.934216134,206.256,12.76330758,0.945575268,0.053360801,F,F,0.526725119,0.05285761,3.459470819,0.272602096,101.6156845,5.457584224,16.49216701,1.565816017,312.7840242,20.59818941,488.7054889,36.65218854,3.324337198,0.17894044,0.235916747,0.019403574,6.779783147,0.559738897,16.29875246,2.424075745
MILK- WHOLE,10A,Both,1-3 Years,1288,58.06685957,208.4250374,15.29280185,F,F,670.7320238,30.18288316,789.6935197,33.72664284,17.21500516,1.326903919,F,F,54.09304903,3.837349851,72.00523075,4.074444277,358.9397445,22.2483897,292.4743273,35.20453103,781.8043086,30.10496331,870.4852639,76.69690484,29.6042387,1.924501724,24.03445763,3.631564507,68.16735982,4.499249973,79.28966021,4.055819155
MILK- WHOLE,10A,Both,4-8 Years,1199,32.06544331,45.36390384,5.244056696,F,F,190.7474407,23.35267087,287.7453233,21.48664695,2.139975337,0.250456444,F,F,8.610180686,0.986088919,13.27218307,2.169326857,141.4728728,13.76670142,F,F,368.2384966,52.73327296,557.111924,52.03169124,6.67377437,0.667674711,F,F,19.12506281,2.511573089,26.30782998,2.699355182
MILK- WHOLE,10A,Both,9-13 Years,1962,28.44124613,30.22337405,3.508409441,F,F,F,F,223.6261197,20.31194021,0.804610414,0.107724213,F,F,F,F,5.221724066,0.868072662,106.265998,10.82435614,15.24 E,4.212090804,331.2743838,45.95944101,422.7341418,54.84878348,2.829026586,0.332710326,0.37 E,0.113400704,9.528875362,1.31830749,12.1 E,2.039611597
MILK- WHOLE,10A,Both,14-18 Years,1890,28.52632674,28.13622852,4.008861591,F,F,F,F,205.7733332,25.32622255,0.453089447,0.06272832,F,F,F,F,3.866383127,0.554522052,98.63249754,12.77285048,18.29 E,4.454213861,270.9314221,19.56577862,342.568318,38.42131529,1.588320331,0.198773351,0.28 E,0.084663777,4.818998986,0.297885309,5.647757878,0.60636402
MILK- WHOLE,10A,Both,19-30 Years,1849,33.4367077,45.54 E,10.72821104,F,F,F,F,306.04 E,56.40919023,0.7 E,0.185441833,F,F,F,F,4.28 E,0.812520499,136.19 E,28.48750232,23.63 E,5.582946667,369.49 E,114.5111953,F,F,2.08 E,0.505229756,0.3 E,0.081459371,5.55 E,1.40145012,F,F
MILK- WHOLE,10A,Both,31-50 Years,4389,28.17690008,19.34859673,2.011219212,F,F,31.63495527,3.572273663,94.52 E,22.52336799,0.258998573,0.025126331,F,F,0.420331294,0.04582835,1.18 E,0.274222974,68.66829452,6.865436818,15.63 E,4.29205036,243.7297644,24.61239053,389.4490526,45.66828515,0.919187604,0.086153297,0.2 E,0.045516791,2.86 E,0.489183979,4.75790436,0.672347169
MILK- WHOLE,10A,Both,51-70 Years,4465,23.2111658,12.65629586,1.482136454,F,F,15.5 E,3.14375632,45.53 E,10.3872624,0.170051553,0.019699786,F,F,0.21 E,0.03742042,0.57 E,0.167371502,54.52675652,6.055714119,9.4 E,2.664652914,156.69 E,32.18252921,259.223077,23.39153195,0.732628228,0.08068737,F,F,2.04 E,0.366946053,3.490016959,0.420769755
MILK- WHOLE,10A,Both,71+ Years,2628,25.13790396,10.53414405,1.087332747,F,F,11.6 E,2.919729436,F,F,0.149013961,0.016063071,F,F,0.16 E,0.039137489,0.61 E,0.166385114,41.90541928,4.134896795,5.08 E,1.328812332,121.99 E,20.9281921,257.2455172,29.89442731,0.592785943,0.06067871,0.07 E,0.017729684,1.62 E,0.296168067,3.4245827,0.393409665
MILK- WHOLE,10A,Both,1-18 Years,6339,34.40981537,63.51585581,3.36111779,F,F,243.9628524,17.10840414,457.424705,34.60966303,3.646901311,0.229325061,F,F,8.749255737,0.87590047,25.76162511,2.865369938,184.5864476,8.471034491,F,F,556.8001433,22.32046465,703.307893,38.59186028,10.68278701,0.613864543,F,F,39.69278849,3.557339604,51.97373917,3.75452056
MILK- WHOLE,10A,Both,19+ Years,13331,27.06213931,20.48721219,1.940871665,F,F,27.45372784,2.778388596,103.0946005,17.09957607,0.28999639,0.032376477,F,F,0.365647957,0.04094705,1.34 E,0.232944934,75.70433347,6.586231588,13.59420214,2.088183583,250.9104489,11.28445633,391.8570505,34.85218052,1.071594477,0.112290281,0.18098799,0.026977661,3.345918019,0.298661161,5.1247247,0.537778096
MILK- WHOLE,10A,Male,9-13 Years,1023,28.99582071,30.68052578,4.058098532,F,F,F,F,220.5033457,30.50150556,0.783957635,0.11154295,F,F,F,F,5.120732984,0.684584016,105.8101652,11.97195417,F,F,378.2888099,51.99153779,450.0739994,52.28660393,2.703691829,0.32767315,F,F,8.221339307,1.294592844,12.11990532,1.983723363
MILK- WHOLE,10A,Male,14-18 Years,900,29.21349435,26.06 E,4.582310128,F,F,F,F,243.97 E,46.93830043,0.41 E,0.0747786,F,F,F,F,4.1 E,1.019439668,89.21071611,13.62546937,F,F,293.7189519,35.6120896,346.7526459,42.99111898,1.41868112,0.225263632,F,F,4.841740605,0.453083461,4.940067252,0.555928399
MILK- WHOLE,10A,Male,19-30 Years,857,31.70358631,55.17 E,16.15157678,F,F,236.06 E,66.54237328,335.69 E,99.85855534,0.7 E,0.181907407,F,F,2.95 E,0.877424928,4.63 E,1.300599183,174.01 E,43.30706331,F,F,F,F,F,F,2.21 E,0.473869447,F,F,F,F,10.57 E,3.268900287
MILK- WHOLE,10A,Male,31-50 Years,2005,25.7301169,19.16588443,3.160657148,F,F,31.57 E,6.90423253,F,F,0.231408957,0.037534262,F,F,0.41 E,0.10282617,F,F,74.48813583,12.1973014,F,F,250.18 E,44.84432058,400.24 E,86.88459965,0.899370019,0.1433957,F,F,2.74 E,0.868479795,6.09 E,1.020424854
MILK- WHOLE,10A,Male,51-70 Years,2151,22.91417104,15.57 E,2.653107705,F,F,16.34 E,4.697221445,F,F,0.186286547,0.030855683,F,F,0.19 E,0.054715521,F,F,67.95113666,10.97752045,F,F,227.01 E,40.44184831,292.22 E,77.24286609,0.812975285,0.127841971,F,F,2.51 E,0.491783549,3.63 E,1.073995748
MILK- WHOLE,10A,Male,71+ Years,1180,24.00623496,13.65771437,2.107899897,F,F,F,F,F,F,0.18 E,0.030720583,F,F,F,F,F,F,56.89236314,8.305418581,F,F,181.06 E,45.4548627,296.2867663,45.65501887,0.755184188,0.12153134,F,F,2.21 E,0.59671963,3.895471135,0.638187122
MILK- WHOLE,10A,Male,19+ Years,6193,25.68513786,23.84873964,3.234132624,F,F,31.50068519,4.730223815,137.27 E,43.82350263,0.295242973,0.036636049,F,F,0.372419895,0.060810658,1.7 E,0.477591657,92.85034705,11.61029989,16.48 E,2.980125329,282.9460272,32.66560035,428.38 E,72.26403273,1.149470072,0.129318142,0.21 E,0.037333118,3.822212257,0.498846334,6.00515703,0.606846312
MILK- WHOLE,10A,Female,9-13 Years,939,27.85758314,29.74 E,5.610023052,F,F,F,F,210.3965772,30.87089346,0.83 E,0.181376673,F,F,F,F,F,F,106.7653419,17.20738667,19.14 E,5.723190538,293.7968679,48.55183764,409.9 E,94.5169107,2.97 E,0.560736324,F,F,10.4 E,1.900750542,11.94 E,2.429246117
MILK- WHOLE,10A,Female,14-18 Years,990,27.79975804,30.33 E,6.625115561,F,F,F,F,190.6775257,25.59868902,0.49 E,0.09952796,F,F,F,F,3.474987402,0.456211681,109.1 E,22.71254417,20.56 E,4.393997744,250.9329042,20.56836028,326.64 E,73.05315303,1.78 E,0.337339296,0.42 E,0.077041345,4.494948491,0.468715026,6.381103377,0.899982309
MILK- WHOLE,10A,Female,19-30 Years,992,35.35580338,F,F,F,F,F,F,F,F,F,F,F,F,F,F,F,F,F,F,F,F,F,F,F,F,F,F,F,F,F,F,F,F
MILK- WHOLE,10A,Female,31-50 Years,2384,30.51838061,19.52344561,2.463630975,F,F,32.16 E,6.140749806,118.63 E,29.65882511,0.285400809,0.033509142,F,F,0.48 E,0.089061497,1.45 E,0.445052665,63.97274437,7.402735057,15 E,4.577355084,243.2900458,40.53040327,335.2770068,53.99272698,0.93517678,0.101957574,0.19 E,0.050668338,3.08 E,0.588808849,4.753997596,0.371862857
MILK- WHOLE,10A,Female,51-70 Years,2314,23.50139535,9.808532836,1.345107388,F,F,14.67 E,3.846630488,34.26 E,10.30014039,0.154186372,0.024223661,F,F,0.22 E,0.054772332,0.54 E,0.154399374,41.73595945,5.552166552,F,F,121.99 E,20.4595623,210.1452231,23.39734321,0.656073267,0.10156159,F,F,1.74 E,0.34625373,3.437523345,0.44539964
MILK- WHOLE,10A,Female,71+ Years,1448,26.03438561,8.059724861,1.034202948,F,F,12.77 E,3.590040634,30.5 E,10.07976671,0.123444617,0.015595058,F,F,0.17 E,0.052935688,0.54 E,0.149794371,30.95799909,3.778304457,F,F,F,F,192.19 E,33.3089684,0.474159902,0.056404389,F,F,1.31 E,0.334500914,2.618419841,0.393739999
MILK- WHOLE,10A,Female,19+ Years,7138,28.39155078,17.24186112,2.284582668,F,F,24.43655157,1.893655808,76.07 E,16.91877902,0.28 E,0.053994243,F,F,0.353671532,0.043932375,1.170343121,0.160250417,60.72884587,7.474820832,10.17 E,2.478547502,195.8546236,28.12021556,305.1431798,43.85348966,1 E,0.181331452,0.15 E,0.031540843,2.853593152,0.381778579,4.501199228,0.461152335
MILK- 2%,10B,Both,All ages,19670,62.3531383,94.3326953,2.184878683,12.7919258,2.184878683,297.4193086,8.282485634,437.6886187,14.16753223,1.946138278,0.045059886,0.205923233,0.012978316,5.398513262,0.136905554,9.033822073,0.313138565,151.2878066,3.214985176,62.23337704,3.040098983,403.9865171,5.373800236,534.3545873,14.99681134,3.121943477,0.07042777,0.959180724,0.045955207,7.687376242,0.216402433,13.15928484,0.589071651
MILK- 2%,10B,Both,1-3 Years,1288,70.96073728,144.1359595,11.84637429,11.49 E,11.84637429,459.7716391,47.53955015,666.0842918,75.38331979,10.05321982,0.796191307,0.93 E,0.246921384,30.25943134,2.296026457,47.16861612,4.732872433,203.1207187,16.70675002,F,F,557.3433245,42.06188217,802.3372022,74.16540728,14.13798041,1.104714857,6.02 E,1.698070916,35.38801457,4.178044095,54.90565557,6.505985567
MILK- 2%,10B,Both,4-8 Years,1199,75.12237906,170.8340813,9.033221302,52.52 E,9.033221302,453.4418276,32.01205976,631.6453675,38.3800816,7.811914883,0.445501059,2.12 E,0.602240792,22.34783552,1.509634242,29.20626076,2.335533725,227.4077091,10.74267461,189.2841216,17.73639105,521.5726047,44.37419644,686.4341798,50.66687075,10.39891838,0.534821564,7.971605396,0.832620059,24.67263281,1.110868668,34.11312235,2.69371747
MILK- 2%,10B,Both,9-13 Years,1962,71.081762,156.8609009,7.552605585,34.16 E,7.552605585,480.1989223,22.78992637,581.1684443,25.15866639,3.9261789,0.193574923,0.8 E,0.159990174,11.54610876,0.49650763,15.36160314,0.82683721,220.67672,9.363382173,167.2029435,25.43338318,524.9589526,18.65481449,658.4400821,28.38105123,5.523468734,0.241353599,3.732994095,0.393320028,13.65988108,0.668091,17.68323546,0.800684876
MILK- 2%,10B,Both,14-18 Years,1890,63.24048055,154.1742317,9.91628629,18.0632749,9.91628629,462.7791838,29.77433905,710.9575453,57.36781084,2.405955307,0.150158123,0.286641723,0.036127339,7.370187969,0.482273548,10.59752098,0.915310745,243.7904177,13.5002181,134.56 E,28.60097781,629.5011519,56.43960363,826.1369747,43.6930016,3.804454498,0.205333958,2.068533171,0.323501319,9.75384184,0.609166794,13.35921702,0.932840013
MILK- 2%,10B,Both,19-30 Years,1849,63.51230384,106.1568285,9.651248075,17.34 E,9.651248075,365.4212947,54.20554907,423.5214741,49.82308865,1.522743859,0.145214571,0.29 E,0.064162436,5.363279257,0.71305448,6.091526589,0.674468039,167.143722,13.40606873,84.9827931,11.96262314,412.2621402,25.43860847,531.5555501,58.65113175,2.397557271,0.202292877,1.142878199,0.147167075,6.046011089,0.386934792,7.26 E,2.05444874
MILK- 2%,10B,Both,31-50 Years,4389,57.22728591,70.9135433,3.827015396,9.702691154,3.827015396,243.9777167,11.75346842,365.9700979,30.65390536,0.945455702,0.052123201,0.116828533,0.014580937,3.243052801,0.31691938,4.924487901,0.28053838,123.915615,5.754321564,45.99272196,5.47306929,314.9575535,32.50501194,467.2427776,24.81562376,1.652106486,0.07807951,0.635891843,0.075559423,4.816470947,0.306039613,5.702813487,0.337882561
MILK- 2%,10B,Both,51-70 Years,4465,60.87431286,71.69297473,3.605845101,11.8895583,3.605845101,235.2021958,12.1202134,347.1350722,24.1296923,0.953962675,0.050238897,0.151628767,0.023009536,3.128160454,0.227531319,4.585453074,0.275100295,117.7721298,5.407993203,45.54229347,4.25608612,312.258322,20.74390404,412.5072317,22.06856861,1.567102166,0.075441767,0.611947092,0.052909229,4.255491452,0.256227547,5.687988306,0.346470295
MILK- 2%,10B,Both,71+ Years,2628,65.61207574,84.53528065,5.327716984,14.9389188,5.327716984,273.1213862,11.84738354,436.8173536,37.98013517,1.177879086,0.07406397,0.201253764,0.026350391,4.015809357,0.404019792,5.609635505,0.343514823,128.8410399,7.337233688,58.76792348,5.75169319,346.8715507,37.75290842,516.253021,30.58361692,1.795216921,0.101625273,0.789993174,0.075206583,5.15082166,0.274042571,7.192634471,0.628683705
MILK- 2%,10B,Both,1-18 Years,6339,69.94309092,157.8831402,4.588153026,22.91212782,4.588153026,469.3097931,17.37635997,633.1322737,27.51676489,5.543474417,0.188446602,0.780617864,0.073141464,16.67223076,0.590742617,24.54126608,0.932860366,225.7308593,5.965813691,140.479723,16.85903321,553.9656075,16.55098253,758.5761741,30.12853034,7.924473496,0.25164986,3.780585363,0.255261698,20.13465126,0.963727214,28.17860622,1.545766252
MILK- 2%,10B,Both,19+ Years,13331,60.48897557,78.72411687,2.49033483,11.46232546,2.49033483,251.4033522,6.627268646,401.4247834,14.5738335,1.07310868,0.035757491,0.14953665,0.012192903,3.57690255,0.15105053,5.397944679,0.151276404,130.1462227,3.749713162,55.14829543,3.773580347,361.6506489,23.07226907,480.7739112,19.09358359,1.774056627,0.054113721,0.717855378,0.036446267,4.928767982,0.194545898,6.230705138,0.222593703
MILK- 2%,10B,Male,9-13 Years,1023,71.17547749,165.3393145,10.31326716,36.55552866,10.31326716,478.5693126,29.3139991,581.151796,39.64280264,4.13910559,0.263341365,0.89 E,0.21061765,12.22722583,0.701394494,15.71398744,1.045333734,232.2981458,12.52396636,202.3032866,27.37820624,522.1997315,27.33361368,670.1151778,43.76567594,5.815353456,0.320974805,4.520253162,0.472701154,14.07604325,0.954307683,17.74207614,1.076257795
MILK- 2%,10B,Male,14-18 Years,900,65.24848519,189.7383329,16.64167215,F,F,521.2266339,50.86130677,803.6702502,34.95197789,2.750056418,0.235850131,0.4 E,0.112868976,7.93639679,0.63178683,10.48637511,0.669926806,290.7934681,21.43023676,207.6266899,21.6556489,757.1594409,84.56470447,840.414505,66.86207741,4.214743699,0.304087389,2.788838017,0.32705447,9.873885686,0.58701277,12.90122052,1.416338494
MILK- 2%,10B,Male,19-30 Years,857,60.5024602,114.9479001,14.20878677,F,F,405.12 E,67.76992065,468.1765667,65.25262631,1.52788284,0.19259026,F,F,5.434760324,0.819962547,6.090193418,0.711953422,189.9888033,20.99606102,82.65 E,18.52301239,412.2625548,47.4441428,534.23 E,125.5416561,2.525323491,0.282501513,1.12 E,0.199893849,6.043261409,0.401882589,7.94 E,1.816071381
MILK- 2%,10B,Male,31-50 Years,2005,54.98216753,70.97115257,5.295646686,8.69 E,5.295646686,221.8180076,20.25934296,365.9021261,35.0357567,0.851804029,0.066289739,0.09 E,0.025930613,2.577980014,0.315776643,4.386531792,0.431048408,129.0803105,8.333297225,48.09 E,10.18679477,335.4367439,35.69781003,487.9525596,33.50386248,1.549236902,0.104837216,0.54 E,0.120370478,3.97578629,0.433616686,5.957199571,0.510861776
MILK- 2%,10B,Male,51-70 Years,2151,60.62848901,76.69692605,5.550615388,12.61504735,5.550615388,243.9758558,16.58348233,365.9758818,30.72625723,0.897654542,0.067624635,0.14 E,0.025832489,2.782745947,0.218270895,4.274882297,0.546049239,126.5031131,8.385155565,53.43833362,7.683207135,342.9100057,36.70104569,428.6933792,38.74992602,1.480582077,0.102704997,0.610394955,0.087223321,3.547440776,0.442993048,5.48349397,0.432928773
MILK- 2%,10B,Male,71+ Years,1180,67.58255708,98.80312925,8.89639167,17.82 E,8.89639167,313.6744816,44.05356431,487.4761048,41.2131023,1.229140277,0.114608264,0.222574873,0.033317141,4.204262495,0.543921688,5.677408685,0.546996542,146.1961984,12.16617675,60.73359152,7.319531393,452.8791407,55.00237769,548.6169905,58.63451532,1.818724136,0.157564758,0.715131459,0.089787311,5.332190976,0.46764857,7.129286043,0.87825042
MILK- 2%,10B,Male,19+ Years,6193,59.20373806,83.77337212,3.708342613,11.2692878,3.708342613,266.8455851,13.00349996,411.2858419,12.35105224,1.029202398,0.04780721,0.130395893,0.015065071,3.312721689,0.209612805,5.396290747,0.315474097,141.5001398,5.757975146,60.95419858,4.332161223,400.8309027,27.06940699,495.3846261,22.24034017,1.738407796,0.074336758,0.711685729,0.053558738,4.806087431,0.352287318,6.095957045,0.261570833
MILK- 2%,10B,Female,9-13 Years,939,70.98313098,147.9377798,10.47654514,33.1 E,10.47654514,486.3447726,33.82273512,582.6268295,30.85705419,3.702083833,0.275698553,F,F,11.10008582,0.809862519,14.93137753,1.282333879,208.4125873,12.64810417,120.77 E,30.6417977,534.3635343,25.19139749,628.6622385,48.10642577,5.215441728,0.340381343,3.062203564,0.476609901,13.2900572,0.973680917,17.39356879,1.434144482
MILK- 2%,10B,Female,14-18 Years,990,61.11734012,116.5709414,10.9450098,12.78 E,10.9450098,341.6151574,41.83036175,612.9422608,73.47408327,2.042123984,0.194786884,0.21 E,0.049593604,6.209735751,0.791430471,11.22468452,1.724843309,190.7330083,16.03224212,76.2 E,20.29246086,510.6206304,73.31499001,689.7938491,112.1782646,3.34131685,0.289070809,1.28 E,0.317311875,9.491235714,1.565854739,13.47839286,1.515490864
MILK- 2%,10B,Female,19-30 Years,992,66.84512168,96.42242253,10.8125385,15.66 E,10.8125385,296.99 E,50.58497081,422.0007495,53.12718634,1.517053435,0.193160976,0.29 E,0.056082978,4.573194474,0.693488372,6.02 E,1.308015038,144.2475084,14.62973749,93.18 E,22.49853089,383.898209,42.77860438,490.1498672,69.28467853,2.269505083,0.263621414,1.14 E,0.246351082,5.626103317,0.654750773,F,F
MILK- 2%,10B,Female,31-50 Years,2384,59.37578074,70.85841336,5.364435059,10.52 E,5.364435059,243.9724966,13.96647451,371.0494792,44.97463951,1.035076872,0.077649602,0.15 E,0.034716083,3.879986659,0.460707405,5.25761796,0.282380443,119.3389164,7.849810869,45.77586106,6.89798428,304.9794613,40.54022493,453.1588271,35.25396299,1.74326444,0.112965551,0.69712283,0.094134528,4.923786283,0.305806105,5.580934494,0.386927038
MILK- 2%,10B,Female,51-70 Years,2314,61.11453713,66.80300759,4.613480648,11.63 E,4.613480648,220.121727,14.91207406,314.540382,25.17618326,1.008988175,0.07421655,0.17 E,0.03712756,3.490532187,0.327527353,4.836279552,0.34589115,109.3078844,7.001607181,38.20334653,5.092560333,279.7425816,23.57787208,401.5865007,27.25264519,1.650979001,0.112640538,0.612505646,0.061992812,4.367860252,0.272431764,6.214085861,0.670249481
MILK- 2%,10B,Female,71+ Years,1448,64.0511066,73.23262542,5.625048748,11.84 E,5.625048748,250.9260198,18.82057876,335.0128823,42.36943027,1.137271172,0.087011292,0.17 E,0.037243547,3.842927552,0.49467137,5.492010257,0.543423238,114.3346763,7.733503404,55.95320436,8.012868799,298.6460707,17.53961918,444.1637967,48.39266581,1.775568342,0.119334365,0.849097361,0.104029449,4.918758455,0.277975825,7.155301254,0.791550978
MILK- 2%,10B,Female,19+ Years,7138,61.72979451,73.84936687,3.014748919,11.8895583,3.014748919,243.98415,6.1537962,371.1328252,24.20275814,1.115497534,0.047913404,0.184179099,0.020840315,3.873724276,0.232263726,5.422087445,0.176596054,119.6332621,4.408273993,47.30895799,4.330952258,312.946757,19.07623021,437.8816673,25.38485337,1.807065037,0.070298598,0.731696038,0.054242974,4.928946443,0.207193874,6.26523036,0.398236987
MILK- 1%,10C,Both,All ages,19670,32.42886606,44.15324103,1.695929545,F,F,128.9034338,20.19476457,283.6272547,9.360856289,0.809320307,0.037502141,F,F,2.145392717,0.184726659,4.756690942,0.221397906,136.1541318,4.802666172,44.88008915,3.476987289,399.8349615,14.92361425,542.9643559,21.70449524,2.499022617,0.109574502,0.61003492,0.041762966,6.418259441,0.317605612,10.67672496,0.631010019
MILK- 1%,10C,Both,1-3 Years,1288,31.70924414,37.65 E,9.200881504,F,F,F,F,F,F,2.3 E,0.570658529,F,F,F,F,F,F,118.73 E,27.22566502,F,F,497.01 E,126.2190473,634.6601871,84.59729719,7.6 E,1.708345782,F,F,28.07 E,7.897589177,42.59560214,6.77564957
MILK- 1%,10C,Both,4-8 Years,1199,34.71214184,69.0084531,8.620093428,F,F,250.2125769,23.95481612,435.91 E,83.83571985,3.042447467,0.408414794,F,F,11.59822814,1.613773021,20.27922701,3.079483765,198.8020601,20.94890347,121.99 E,35.14177118,571.9360303,69.11201707,703.3844933,80.08219139,8.764793256,1.016378506,4.59 E,1.266285854,24.97172588,3.331301626,31.50824896,4.335425151
MILK- 1%,10C,Both,9-13 Years,1962,37.38572529,85.43512392,7.061414206,F,F,296.2736378,17.93638215,475.4640549,38.45611538,2.083877007,0.175766855,F,F,7.817145583,0.427189727,11.73324397,0.865540704,228.5233823,16.4500247,180.96 E,34.37024392,552.6247255,55.25968705,804.3984,77.05110667,5.573991117,0.401494301,3.52350053,0.56072024,13.20907063,1.469223002,19.29474343,1.539899751
MILK- 1%,10C,Both,14-18 Years,1890,34.79869593,81.93978135,7.625842108,F,F,303.4346334,25.829823,494.3678331,46.03974947,1.258976693,0.114865219,F,F,5.105863976,0.514728117,7.489597488,0.647267493,235.4679656,18.21346176,128.95 E,34.37245012,584.316067,50.88398094,803.9514815,125.0204154,3.617884693,0.275435515,1.95 E,0.399152745,9.174707276,0.826983169,12.65558913,1.507181504
MILK- 1%,10C,Both,19-30 Years,1849,32.26398683,38.65288298,5.289669715,F,F,89.15 E,26.26688089,257.4066222,39.65562409,0.525279699,0.06689426,F,F,1.38 E,0.360941245,3.49 E,0.689977084,119.8019426,14.71360234,36.46 E,12.03749513,349.94 E,62.10505833,461.9839146,44.01929913,1.628068167,0.185635346,0.55 E,0.136383501,4.886431495,0.540526393,6.071699767,0.921074587
MILK- 1%,10C,Both,31-50 Years,4389,32.33696311,37.47483796,3.20071269,F,F,84.74998342,13.52217097,263.4092131,26.43702065,0.467253803,0.038750951,F,F,1.09 E,0.195608284,3.148320997,0.271256774,115.8885509,8.975376412,37.09 E,7.408590229,361.5774598,36.86597835,487.2788622,50.88240947,1.444952644,0.110859001,0.507868674,0.079678603,3.999488976,0.41746522,6.115295458,0.559415346
MILK- 1%,10C,Both,51-70 Years,4465,30.68504058,37.04659219,2.785388595,F,F,121.74 E,26.15805811,251.8423329,10.97547027,0.474814123,0.035682163,F,F,1.5 E,0.335781014,3.132464413,0.32277796,120.7317686,7.826289651,43.67235004,5.543464206,323.6477752,30.07436654,469.6159859,29.38993749,1.547379812,0.101295908,0.549017192,0.060991174,4.457547051,0.336236219,5.758565612,0.342002287
MILK- 1%,10C,Both,71+ Years,2628,32.57081737,35.89797913,2.841109329,F,F,121.99 E,20.44055195,257.7723265,13.35578112,0.50595842,0.041775397,F,F,1.822953295,0.296155966,3.640095231,0.397019126,110.215162,7.347710695,31.23 E,6.629659056,287.2109174,27.14574281,418.9621937,23.39448015,1.553410262,0.108533985,0.43 E,0.1034846,4.724292481,0.337002741,6.034515546,0.479980076
MILK- 1%,10C,Both,1-18 Years,6339,34.95080165,71.88314538,4.264506428,F,F,263.8319287,13.44161687,456.9547383,34.37909354,2.149264674,0.162822917,F,F,7.231989045,0.453295286,13.09577026,0.840471635,205.6695183,9.757706335,109.04 E,18.65100937,555.3137667,28.38190259,719.9879884,42.7581598,6.183338544,0.39389367,2.567407488,0.407063232,16.87986906,1.452020458,25.02345484,2.25353444
MILK- 1%,10C,Both,19+ Years,13331,31.8094553,37.34251944,1.740908472,F,F,95.88733899,11.90203894,257.8180654,9.722777543,0.484132155,0.02216689,F,F,1.29285281,0.171721641,3.27486602,0.184285634,117.3944008,4.946754282,38.20057688,4.570848934,345.9960408,24.65677824,464.6257007,21.61996925,1.521975622,0.063280617,0.51372879,0.044090745,4.419371143,0.256576944,6.025909748,0.221962124
MILK- 1%,10C,Male,9-13 Years,1023,36.50822479,90.98867542,9.957841382,F,F,309.4394747,34.62074967,536.176796,44.2454847,2.130537028,0.227233854,F,F,7.528188082,0.643995373,12.6289346,1.484369876,249.2278821,23.84551046,184.16 E,33.72954128,585.9291171,65.48450909,868.1953628,140.587822,5.835772734,0.53649503,3.58 E,0.808157657,14.98778659,1.631382253,18.62784364,1.813430442
MILK- 1%,10C,Male,14-18 Years,900,36.0262122,90.41891094,11.87889733,F,F,337.6255106,46.78480245,530.3437693,48.32239718,1.328051109,0.176279307,F,F,4.934620311,0.588226728,7.478049789,0.920519578,250.9808981,28.00474655,132.77 E,38.80103572,556.22 E,103.6909399,958.7 E,227.7852813,3.686346767,0.424589454,2 E,0.47200226,8.85 E,1.833898814,16.69 E,3.609172829
MILK- 1%,10C,Male,19-30 Years,857,25.36577519,39.99810921,6.491857766,F,F,78.15 E,22.45429967,278.53 E,57.96049254,0.52 E,0.088174502,F,F,1.01 E,0.27571263,3.5 E,0.962942218,157.6853414,23.05319858,55.95 E,15.59562277,413.91 E,85.94175006,633.87 E,130.3355416,2.063381973,0.312014712,0.65 E,0.166993042,5.58 E,1.204258161,9.31 E,1.825117242
MILK- 1%,10C,Male,31-50 Years,2005,30.17821668,45.09297075,5.366301391,F,F,F,F,319.0821812,43.56515571,0.522556367,0.064139886,F,F,F,F,3.368333199,0.349646186,149.4222512,16.7397325,60.33 E,15.24618903,439.47 E,74.78644194,732.9807753,121.6959696,1.731568081,0.204551064,0.59 E,0.1407336,5.11148404,0.763118815,8.3 E,1.68248076
MILK- 1%,10C,Male,51-70 Years,2151,29.37997916,42.13198639,4.576368692,F,F,F,F,257.9253993,21.5268407,0.475464627,0.050743249,F,F,1.56 E,0.484485832,2.918730747,0.290403297,143.4037313,13.52056929,45.75 E,11.03393571,392.5291448,50.12612187,529.7467301,80.69914979,1.618328673,0.150737763,0.51 E,0.125259546,4.724145102,0.646038471,6.39798269,0.751084646
MILK- 1%,10C,Male,71+ Years,1180,31.63228703,37.76304194,4.33811633,F,F,134.05 E,39.38323541,268.9182176,16.77697549,0.482729191,0.058279519,F,F,1.82 E,0.363952771,3.402464694,0.510276368,119.3813205,10.98540215,37.51 E,12.25727795,287.385407,38.40142761,423.8456124,25.25315616,1.52606478,0.148934875,F,F,4.219859762,0.382251833,5.423434382,0.521400062
MILK- 1%,10C,Male,19+ Years,6193,29.20656622,42.40588937,2.655762109,F,F,97.24 E,18.40173415,278.4535042,15.45367057,0.502819633,0.032115811,F,F,1.17 E,0.212696501,3.24119133,0.207590242,145.1929989,8.430938619,51.05777061,7.411787254,402.1467956,31.99758519,603.7034867,71.01683548,1.721597908,0.104109587,0.585452062,0.071349788,5.09276472,0.355451641,7.283797421,0.745665106
MILK- 1%,10C,Female,9-13 Years,939,38.30925223,79.59027894,10.15024503,F,F,284.5797787,25.93382355,411.797427,47.0140172,2.034769586,0.266563897,F,F,7.933350421,0.682183133,11.5004215,1.448545765,207.7573283,22.84206466,152.63 E,36.98177803,472.75 E,91.27171775,719.66 E,122.435051,5.311431227,0.594858887,3.5 E,0.844822456,11.78 E,2.177321661,19.64 E,3.682081772
MILK- 1%,10C,Female,14-18 Years,990,33.50079582,72.97447195,9.706720802,F,F,280.9701793,29.76202653,443.17 E,73.8467207,1.185941661,0.149737429,F,F,5.109805255,0.705561889,7.482840495,1.092858482,217.8290699,23.75406706,F,F,588.0303751,88.03993017,801.6181376,119.6767625,3.540040265,0.354363763,F,F,9.196729147,1.099225076,12.13954445,1.376193437
MILK- 1%,10C,Female,19-30 Years,992,39.9024178,37.16 E,8.058278492,F,F,F,F,256 E,69.17589018,0.53 E,0.095109187,F,F,F,F,3.35 E,0.890415701,93.14 E,17.95675995,F,F,F,F,433.14 E,92.66109626,1.321646824,0.210198168,F,F,4.21 E,0.834844164,4.898147967,0.498791538
MILK- 1%,10C,Female,31-50 Years,2384,34.40280317,30.18456812,3.765182305,F,F,87.32 E,20.5511997,206.25 E,37.84324841,0.414331305,0.046492526,F,F,1.17 E,0.290682375,2.878693356,0.458231158,87.73868793,9.032501236,30.5 E,6.90938075,276.8898602,42.38430939,400.4596893,45.7990262,1.204353329,0.111872903,0.41 E,0.094188037,3.803408203,0.391644904,4.99568374,0.688628779
MILK- 1%,10C,Female,51-70 Years,2314,31.96037421,32.07703735,3.300506136,F,F,104.84 E,27.88638562,243.9664903,27.62165279,0.474178437,0.05134758,F,F,1.25 E,0.36823103,3.69759455,0.477849373,100.3650243,8.864614936,34.07 E,6.755047785,290.003322,23.84807138,402.691811,39.87757781,1.483644823,0.138701918,0.54997483,0.084958014,4.288723446,0.340591741,5.592529336,0.372654688
MILK- 1%,10C,Female,71+ Years,1448,33.31429912,34.42052008,3.9656313,F,F,121.99 E,27.84146809,243.9818087,22.82825575,0.52436007,0.063038166,F,F,1.82 E,0.456463843,3.95925101,0.613398004,103.320559,10.35411759,27.75 E,8.476537684,285.0630789,34.38595266,412.4328517,54.31286769,1.573978993,0.163694767,F,F,4.945900625,0.51669363,6.360631984,0.706705635
MILK- 1%,10C,Female,19+ Years,7138,34.322387,32.45414257,2.273002726,F,F,95.88733899,13.9279939,243.9787253,15.94003002,0.466090528,0.030024943,F,F,1.405879727,0.206714426,3.281441062,0.303806182,94.55677593,5.70389463,30.50255339,3.947651698,280.0198816,20.34112519,400.997866,24.06282101,1.357978183,0.075252608,0.451501173,0.062010444,4.150978694,0.240180096,5.557599439,0.308237487
MILK- SKIM,10D,Both,All ages,19670,30.64907714,14.79463525,0.876074531,F,F,16.44560706,1.739646995,40.21506295,3.193974649,0.23400458,0.015207113,F,F,0.255198351,0.021021913,0.648504766,0.06549131,48.27106273,2.905333106,3.579915734,0.381472525,122.49 E,23.37642015,284.3143608,21.56661249,0.764239242,0.050925185,0.061107949,0.005951384,1.768019757,0.267772143,4.319138947,0.298516175
MILK- SKIM,10D,Both,1-3 Years,1288,30.56342609,F,F,F,F,3.54 E,1.083544603,16.99 E,3.515672214,F,F,F,F,0.27 E,0.074918993,1.31 E,0.385121343,F,F,1.61 E,0.424235983,F,F,F,F,F,F,0.14593969,0.020109682,F,F,F,F
MILK- SKIM,10D,Both,4-8 Years,1199,26.61644155,6.98 E,1.32454771,F,F,F,F,17.84302654,2.458470805,0.29 E,0.058131025,F,F,F,F,0.69 E,0.154078963,26.22 E,4.610631904,F,F,F,F,215.15 E,52.12830158,1.09 E,0.199347919,F,F,F,F,7.46 E,2.046966778
MILK- SKIM,10D,Both,9-13 Years,1962,28.31235473,16.09 E,2.906722862,F,F,F,F,F,F,0.38 E,0.071969941,F,F,0.21 E,0.067233522,F,F,56.85 E,9.478220322,3.349644726,0.452984382,196.79 E,43.43177352,369.54 E,84.54347718,1.34 E,0.234435017,0.088236428,0.012040534,F,F,8.4 E,1.806782762
MILK- SKIM,10D,Both,14-18 Years,1890,29.31745438,17.41994594,2.521932552,F,F,14.86 E,4.077508117,F,F,0.268443006,0.040071517,F,F,F,F,F,F,59.41834415,7.623532889,4.83 E,0.835747216,210.71 E,38.47861796,317.31 E,65.13623824,0.915642273,0.122610335,0.076559154,0.009960437,3 E,0.743969174,5.35 E,0.969474414
MILK- SKIM,10D,Both,19-30 Years,1849,35.27159376,8.811883945,1.394505088,F,F,23.61 E,5.69213656,39.13447978,4.921060488,0.13 E,0.022516645,F,F,0.3 E,0.074072509,0.63 E,0.108061393,24.98294805,3.710398469,F,F,46.79634605,7.069923773,83.69 E,27.22289661,0.35 E,0.060479653,F,F,0.71 E,0.141392523,1.24 E,0.229357268
MILK- SKIM,10D,Both,31-50 Years,4389,30.86774273,14.36045356,1.768753551,F,F,20.62 E,4.822480726,38.96742502,3.110313536,0.18636536,0.022615196,F,F,0.27 E,0.060996133,0.507020606,0.05210696,46.52252576,5.826646523,3.88 E,0.778337055,91.88 E,24.75838019,255.3066177,34.56296355,0.603754416,0.074905684,0.055438791,0.008538479,1.11 E,0.283457498,3.61 E,0.627244216
MILK- SKIM,10D,Both,51-70 Years,4465,29.17667189,18.18131157,1.938634058,F,F,17.14113921,2.502822307,F,F,0.230896784,0.023006293,F,F,0.22617726,0.028559189,F,F,62.31454924,6.562990224,3.57 E,0.878621325,236.0518264,30.70266611,398.6252474,57.68875952,0.791374647,0.078558943,0.05 E,0.009049197,3.103916096,0.449991807,4.932933823,0.661804288
MILK- SKIM,10D,Both,71+ Years,2628,31.91404734,19.47468945,2.404448778,F,F,17.79 E,3.776636752,F,F,0.273300343,0.034959835,F,F,0.26 E,0.058227877,1.7 E,0.564623569,61.02231172,6.914993685,4 E,0.793548034,238.5870999,28.15489884,392.2650576,45.79049703,0.856363784,0.101859071,0.06 E,0.010233734,3.291210309,0.51538133,5.43931961,0.650221126
MILK- SKIM,10D,Both,1-18 Years,6339,28.50065989,12.73986749,1.304060141,F,F,7.62 E,1.67705192,26.49 E,5.960579107,0.369323703,0.053309459,F,F,0.249592926,0.041323786,0.87 E,0.164785319,44.70025446,4.243875461,3.189974848,0.166352764,129.27 E,38.81211937,278.5721838,19.66309181,1.304006047,0.181999162,0.095549383,0.009606402,2.99 E,0.639889337,7.167211915,0.838146509
MILK- SKIM,10D,Both,19+ Years,13331,31.17674834,15.29930526,0.992548322,F,F,19.62631726,2.054306034,42.35344829,3.663424861,0.20116428,0.01269629,F,F,0.255614228,0.023516005,0.632506548,0.062917535,49.07280611,3.289036967,3.937944959,0.431751375,122.49 E,23.90578302,287.7695947,26.551969,0.645238169,0.042236985,0.054632034,0.004298185,1.58 E,0.293219835,3.944509026,0.246817781
MILK- SKIM,10D,Male,9-13 Years,1023,28.63603001,14.8 E,2.853959878,F,F,F,F,F,F,0.35 E,0.063618703,F,F,0.2 E,0.055939848,F,F,51.7 E,9.812003309,3.355127758,0.489221749,184.1 E,61.0261641,390.27 E,82.26565417,1.21 E,0.219751555,0.08 E,0.016730423,F,F,8.76 E,1.629899714
MILK- SKIM,10D,Male,14-18 Years,900,29.76405429,18.56 E,3.902351234,F,F,F,F,F,F,0.27 E,0.058616976,F,F,F,F,F,F,62.37 E,12.01647325,4.8 E,0.813404817,F,F,417.61 E,84.16751041,0.9 E,0.184718687,0.070156505,0.011411743,F,F,6.56 E,1.573362952
MILK- SKIM,10D,Male,19-30 Years,857,32.80730744,7.96 E,1.942971797,F,F,F,F,34 E,5.863878901,0.11 E,0.031538179,F,F,F,F,0.45 E,0.079303384,24.26 E,5.6782035,F,F,46.8 E,11.46445337,F,F,0.32 E,0.093660331,F,F,0.62 E,0.138779744,F,F
MILK- SKIM,10D,Male,31-50 Years,2005,28.11639143,13.79 E,2.660358788,F,F,F,F,35.59285838,3.036544466,0.16 E,0.028993782,F,F,F,F,0.42176262,0.032499609,49.06 E,9.49985147,3.35 E,1.030062667,F,F,251.69 E,70.35171952,0.56 E,0.103258346,0.04 E,0.010536314,F,F,3.07 E,0.953588798
MILK- SKIM,10D,Male,51-70 Years,2151,25.87683132,18.31 E,3.163327799,F,F,13.47 E,3.586280907,F,F,0.202107678,0.032803209,F,F,0.16 E,0.050028116,F,F,70.74 E,11.86073329,F,F,244.97 E,74.10709333,545.59 E,114.4796842,0.781037199,0.122925136,F,F,3.17 E,0.814477889,5.09 E,1.007371547
MILK- SKIM,10D,Male,71+ Years,1180,30.36562331,16.1558876,2.670861927,F,F,F,F,F,F,0.2 E,0.033580601,F,F,0.16 E,0.051598168,F,F,53.20453145,8.111293578,3.22 E,0.676617406,220.04 E,41.77627162,290.31 E,56.31941879,0.655271157,0.102749857,0.04 E,0.008664988,2.45 E,0.504576201,4.31 E,0.774869585
MILK- SKIM,10D,Male,19+ Years,6193,28.46097145,14.49365066,1.528189549,F,F,15.07 E,3.220623594,37.49195605,2.198719507,0.167179892,0.016648575,F,F,0.18 E,0.045218374,0.461200764,0.03077306,50.92465197,5.292205198,4.117383768,0.548769677,121.51 E,31.42812696,292.21 E,61.49598249,0.587400511,0.057400028,0.049429472,0.006014566,1.3 E,0.336186263,3.932129322,0.558633544
MILK- SKIM,10D,Female,9-13 Years,939,27.97170211,17.45 E,4.946549777,F,F,F,F,F,F,0.42 E,0.125450322,F,F,F,F,F,F,62.39 E,16.0430741,F,F,218.33 E,59.69505931,F,F,1.5 E,0.407503945,0.09 E,0.030527251,5.28 E,1.709125408,F,F
MILK- SKIM,10D,Female,14-18 Years,990,28.84524715,16.21 E,3.325784086,F,F,18.84 E,5.510550008,F,F,0.27 E,0.05657519,F,F,F,F,F,F,56.2 E,10.31471821,F,F,207.73 E,51.19144431,280.9400811,36.0456032,0.94 E,0.172779485,F,F,3.35 E,0.839384782,4.5 E,0.927636209
MILK- SKIM,10D,Female,19-30 Years,992,38.00031273,9.76 E,1.733347057,F,F,27.54 E,6.541937835,44.12 E,8.8235994,0.15 E,0.027691716,F,F,0.39 E,0.123778293,0.72 E,0.175304666,25.68 E,4.409176304,F,F,44.94 E,12.72459235,F,F,0.39 E,0.070653202,F,F,0.77 E,0.24666381,1.24 E,0.372188625
MILK- SKIM,10D,Female,31-50 Years,2384,33.50068363,14.9035556,2.286411688,F,F,20.93 E,4.007006872,44.42 E,10.47214526,0.21470674,0.033886784,F,F,0.28 E,0.047252776,0.6 E,0.152352353,44.48731783,6.982494958,4.26 E,1.150382827,F,F,251.6 E,44.39744433,0.640902562,0.103163339,0.06 E,0.017235251,F,F,3.62 E,0.716935749
MILK- SKIM,10D,Female,51-70 Years,2314,32.40134593,18.0590991,2.410674025,F,F,20.60910757,3.327545678,F,F,0.259030108,0.034036833,F,F,0.28 E,0.049145724,F,F,55.73564487,7.519224619,3.2 E,0.889098343,205.86 E,41.45508582,338.8227116,45.70799935,0.799442431,0.106494391,0.04 E,0.01388903,2.88 E,0.564895025,4.32 E,0.868808907
MILK- SKIM,10D,Female,71+ Years,1448,33.14067256,22.1 E,3.697249326,F,F,24.27 E,7.088245434,186.62 E,58.40523448,0.33 E,0.055929376,F,F,0.35 E,0.114734845,F,F,66.69679512,10.39373541,F,F,257.51 E,57.75496563,398.4950026,50.16086177,1.002325519,0.158587746,F,F,3.89 E,0.73598982,6.049157907,0.884401223
MILK- SKIM,10D,Female,19+ Years,7138,33.79866637,16.07711597,1.289345778,F,F,23.08299819,1.927516927,52.99 E,9.09578452,0.233974148,0.018982089,F,F,0.301648578,0.030813699,0.813855334,0.126641365,47.56730871,4.057331326,3.57 E,0.723548379,124.08 E,35.17937864,284.2393544,27.98970553,0.692258521,0.059794973,0.05664759,0.007851179,1.84 E,0.381479724,3.982363694,0.334295378
MILK- EVAPORATED,10E - 10G,Both,All ages,19670,0.807964456,F,F,F,F,F,.,F,.,0.01 E,0.001799,F,F,F,.,F,.,F,F,27.27 E,5.20048,F,F,F,F,0.76 E,0.198766,0.359987313,0.052072,F,F,F,F
MILK- EVAPORATED,10E - 10G,Both,1-3 Years,1288,F,F,F,F,F,F,.,F,.,F,F,F,F,F,.,F,.,F,F,F,.,F,.,F,.,F,F,F,.,F,.,F,.
MILK- EVAPORATED,10E - 10G,Both,4-8 Years,1199,F,F,F,F,F,F,.,F,.,F,F,F,F,F,.,F,.,F,F,F,.,F,.,F,.,F,F,F,.,F,.,F,.
MILK- EVAPORATED,10E - 10G,Both,9-13 Years,1962,F,F,F,F,F,F,.,F,.,F,F,F,F,F,.,F,.,F,F,F,.,F,.,F,.,F,F,F,.,F,.,F,.
MILK- EVAPORATED,10E - 10G,Both,14-18 Years,1890,F,F,F,F,F,F,.,F,.,F,F,F,F,F,.,F,.,F,F,F,.,F,.,F,.,F,F,F,.,F,.,F,.
MILK- EVAPORATED,10E - 10G,Both,19-30 Years,1849,F,F,F,F,F,F,.,F,.,F,F,F,F,F,.,F,.,F,F,F,.,F,.,F,.,F,F,F,.,F,.,F,.
MILK- EVAPORATED,10E - 10G,Both,31-50 Years,4389,0.671532073,0.25 E,0.062341,F,F,F,.,F,.,0 E,0.000867,F,F,F,.,F,.,36.52 E,8.311197,27.59 E,7.453175,F,F,110.69 E,29.105865,0.49 E,0.120114,0.4 E,0.112374,F,F,F,F
MILK- EVAPORATED,10E - 10G,Both,51-70 Years,4465,1.031819203,F,F,F,F,F,.,F,.,F,F,F,F,F,.,F,.,F,F,F,F,F,F,F,F,F,F,F,F,F,F,F,F
MILK- EVAPORATED,10E - 10G,Both,71+ Years,2628,1.597441398,0.64 E,0.118962,F,F,F,.,F,.,0.01 E,0.001581,F,F,F,.,F,.,40.210288,4.804312,31.77 E,7.737769,85.08056183,10.817625,94.5160866,11.736984,0.528609,0.06826,0.36 E,0.083846,1.277317058,0.203409,1.351770296,0.161048
MILK- EVAPORATED,10E - 10G,Both,1-18 Years,6339,0.404405071,0.11 E,0.031772,F,F,F,.,F,.,F,F,F,F,F,.,F,.,26.78 E,8.866987,F,F,55.31 E,15.527427,78.52 E,23.505334,F,F,F,F,F,F,F,F
MILK- EVAPORATED,10E - 10G,Both,19+ Years,13331,0.907082382,F,F,F,F,F,.,F,.,0.01 E,0.002225,F,F,F,.,F,.,F,F,30.29 E,5.342085,F,F,F,F,0.75 E,0.218486,0.366558471,0.050325,F,F,F,F
MILK- EVAPORATED,10E - 10G,Male,9-13 Years,1023,F,F,F,F,F,F,.,F,.,F,F,F,F,F,.,F,.,F,F,F,.,F,.,F,.,F,F,F,.,F,.,F,.
MILK- EVAPORATED,10E - 10G,Male,14-18 Years,900,F,F,F,F,F,F,.,F,.,F,F,F,F,F,.,F,.,F,F,F,.,F,.,F,.,F,F,F,.,F,.,F,.
MILK- EVAPORATED,10E - 10G,Male,19-30 Years,857,F,F,F,F,F,F,.,F,.,F,F,F,F,F,.,F,.,F,F,F,.,F,.,F,.,F,F,F,.,F,.,F,.
MILK- EVAPORATED,10E - 10G,Male,31-50 Years,2005,F,F,F,F,F,F,.,F,.,F,F,F,F,F,.,F,.,F,F,F,.,F,.,F,.,F,F,F,.,F,.,F,.
MILK- EVAPORATED,10E - 10G,Male,51-70 Years,2151,1.204120273,F,F,F,F,F,.,F,.,F,F,F,F,F,.,F,.,F,F,F,F,F,F,F,F,F,F,F,F,F,F,F,F
MILK- EVAPORATED,10E - 10G,Male,71+ Years,1180,2.076528025,0.75 E,0.188826,F,F,F,.,F,.,0.01 E,0.002318,F,F,F,.,F,.,36.119611,5.555723,31.67 E,9.658296,62.03 E,20.258279,94.52 E,19.270655,0.44 E,0.074911,0.33 E,0.087461,F,F,1.24 E,0.287476
MILK- EVAPORATED,10E - 10G,Male,19+ Years,6193,1.095666119,F,F,F,F,F,.,F,.,F,F,F,F,F,.,F,.,F,F,23.11 E,6.215621,F,F,F,F,F,F,0.27 E,0.081441,F,F,F,F
MILK- EVAPORATED,10E - 10G,Female,9-13 Years,939,F,F,F,F,F,F,.,F,.,F,F,F,F,F,.,F,.,F,F,F,.,F,.,F,.,F,F,F,.,F,.,F,.
MILK- EVAPORATED,10E - 10G,Female,14-18 Years,990,F,F,F,F,F,F,.,F,.,F,F,F,F,F,.,F,.,F,F,F,.,F,.,F,.,F,F,F,.,F,.,F,.
MILK- EVAPORATED,10E - 10G,Female,19-30 Years,992,F,F,F,F,F,F,.,F,.,F,F,F,F,F,.,F,.,F,F,F,.,F,.,F,.,F,F,F,.,F,.,F,.
MILK- EVAPORATED,10E - 10G,Female,31-50 Years,2384,0.460977531,F,F,F,F,F,.,F,.,F,F,F,F,F,.,F,.,52.71 E,11.523104,30.98 E,6.139784,119.86 E,37.559376,143.39 E,36.410952,0.78 E,0.193406,0.44 E,0.091646,F,F,2.49 E,0.649465
MILK- EVAPORATED,10E - 10G,Female,51-70 Years,2314,0.863442949,F,F,F,F,F,.,F,.,F,F,F,F,F,.,F,.,53.16 E,13.56896,F,F,127.2 E,34.428956,128.29 E,23.90159,0.79 E,0.220793,F,F,2.02 E,0.593578,2.05 E,0.450974
MILK- EVAPORATED,10E - 10G,Female,71+ Years,1448,F,0.56 E,0.150115,F,F,F,.,F,.,0.01 E,0.002143,F,F,F,.,F,.,F,F,F,.,F,.,F,.,F,F,F,.,F,.,F,.
MILK- EVAPORATED,10E - 10G,Female,19+ Years,7138,0.725016211,0.35 E,0.077862,F,F,F,.,F,.,0.01 E,0.001218,F,F,F,.,F,.,48.171959,6.693442,31.37 E,6.846278,125.89 E,26.313329,128.2524887,18.253444,0.711766,0.109554,0.49 E,0.085097,1.99 E,0.455128,2.05286287,0.28398
MILK- CONDENSED,10H,Both,All ages,19670,0.312037525,F,F,F,F,F,.,F,.,F,F,F,F,F,.,F,.,59.21 E,16.64388244,32.22 E,5.617649938,F,F,F,F,0.94 E,0.305328323,0.36 E,0.060660056,F,F,F,F
MILK- CONDENSED,10H,Both,1-3 Years,1288,F,F,F,F,F,F,.,F,.,F,F,F,F,F,.,F,.,F,F,F,.,F,.,F,.,F,F,F,.,F,.,F,.
MILK- CONDENSED,10H,Both,4-8 Years,1199,F,F,F,F,F,F,.,F,.,F,F,F,F,F,.,F,.,F,F,F,.,F,.,F,.,F,F,F,.,F,.,F,.
MILK- CONDENSED,10H,Both,9-13 Years,1962,F,F,F,F,F,F,.,F,.,F,F,F,F,F,.,F,.,F,F,F,.,F,.,F,.,F,F,F,.,F,.,F,.
MILK- CONDENSED,10H,Both,14-18 Years,1890,F,F,F,F,F,F,.,F,.,F,F,F,F,F,.,F,.,F,F,F,.,F,.,F,.,F,F,F,.,F,.,F,.
MILK- CONDENSED,10H,Both,19-30 Years,1849,F,F,F,F,F,F,.,F,.,F,F,F,F,F,.,F,.,F,F,F,.,F,.,F,.,F,F,F,.,F,.,F,.
MILK- CONDENSED,10H,Both,31-50 Years,4389,F,F,F,F,F,F,.,F,.,F,F,F,F,F,.,F,.,F,F,F,.,F,.,F,.,F,F,F,.,F,.,F,.
MILK- CONDENSED,10H,Both,51-70 Years,4465,F,F,F,F,F,F,.,F,.,F,F,F,F,F,.,F,.,F,F,F,.,F,.,F,.,F,F,F,.,F,.,F,.
MILK- CONDENSED,10H,Both,71+ Years,2628,F,F,F,F,F,F,.,F,.,F,F,F,F,F,.,F,.,F,F,F,.,F,.,F,.,F,F,F,.,F,.,F,.
MILK- CONDENSED,10H,Both,1-18 Years,6339,F,F,F,F,F,F,.,F,.,F,F,F,F,F,.,F,.,F,F,F,.,F,.,F,.,F,F,F,.,F,.,F,.
MILK- CONDENSED,10H,Both,19+ Years,13331,0.364829724,F,F,F,F,F,.,F,.,F,F,F,F,F,.,F,.,52.55 E,17.02511318,31.91 E,5.985273638,F,F,F,F,0.67 E,0.202508068,0.358303533,0.051028456,F,F,F,F
MILK- CONDENSED,10H,Male,9-13 Years,1023,F,F,F,F,F,F,.,F,.,F,F,F,F,F,.,F,.,F,F,F,.,F,.,F,.,F,F,F,.,F,.,F,.
MILK- CONDENSED,10H,Male,14-18 Years,900,F,F,F,F,F,F,.,F,.,F,F,F,F,F,.,F,.,F,F,F,.,F,.,F,.,F,F,F,.,F,.,F,.
MILK- CONDENSED,10H,Male,19-30 Years,857,F,F,F,F,F,F,.,F,.,F,F,F,F,F,.,F,.,F,F,F,.,F,.,F,.,F,F,F,.,F,.,F,.
MILK- CONDENSED,10H,Male,31-50 Years,2005,F,F,F,F,F,F,.,F,.,F,F,F,F,F,.,F,.,F,F,F,.,F,.,F,.,F,F,F,.,F,.,F,.
MILK- CONDENSED,10H,Male,51-70 Years,2151,F,F,F,F,F,F,.,F,.,F,F,F,F,F,.,F,.,F,F,F,.,F,.,F,.,F,F,F,.,F,.,F,.
MILK- CONDENSED,10H,Male,71+ Years,1180,F,F,F,F,F,F,.,F,.,F,F,F,F,F,.,F,.,F,F,F,.,F,.,F,.,F,F,F,.,F,.,F,.
MILK- CONDENSED,10H,Male,19+ Years,6193,F,F,F,F,F,F,.,F,.,F,F,F,F,F,.,F,.,F,F,F,.,F,.,F,.,F,F,F,.,F,.,F,.
MILK- CONDENSED,10H,Female,9-13 Years,939,F,F,F,F,F,F,.,F,.,F,F,F,F,F,.,F,.,F,F,F,.,F,.,F,.,F,F,F,.,F,.,F,.
MILK- CONDENSED,10H,Female,14-18 Years,990,F,F,F,F,F,F,.,F,.,F,F,F,F,F,.,F,.,F,F,F,.,F,.,F,.,F,F,F,.,F,.,F,.
MILK- CONDENSED,10H,Female,19-30 Years,992,F,F,F,F,F,F,.,F,.,F,F,F,F,F,.,F,.,F,F,F,.,F,.,F,.,F,F,F,.,F,.,F,.
MILK- CONDENSED,10H,Female,31-50 Years,2384,F,F,F,F,F,F,.,F,.,F,F,F,F,F,.,F,.,F,F,F,.,F,.,F,.,F,F,F,.,F,.,F,.
MILK- CONDENSED,10H,Female,51-70 Years,2314,F,F,F,F,F,F,.,F,.,F,F,F,F,F,.,F,.,F,F,F,.,F,.,F,.,F,F,F,.,F,.,F,.
MILK- CONDENSED,10H,Female,71+ Years,1448,F,F,F,F,F,F,.,F,.,F,F,F,F,F,.,F,.,F,F,F,.,F,.,F,.,F,F,F,.,F,.,F,.
MILK- CONDENSED,10H,Female,19+ Years,7138,F,F,F,F,F,F,.,F,.,F,F,F,F,F,.,F,.,F,F,F,.,F,.,F,.,F,F,F,.,F,.,F,.
OTHER TYPES OF MILK  (WHEY- BUTTERMILK),10I,Both,All ages,19670,0.786934605,F,F,F,F,F,.,F,.,F,F,F,F,F,.,F,.,F,F,F,F,F,F,F,F,F,F,F,F,F,F,F,F
PLANT-BASED BEVERAGE (SOY- ALMOND- COCONUT),10J,Both,All ages,19670,4.685454958,9.598868433,0.794748765,F,F,F,.,F,.,0.174407385,0.013181186,F,F,F,.,F,.,204.8652376,10.34281276,182.4030971,14.51056774,413.9702888,41.14519419,498.3122827,29.57071853,3.718864431,0.207009031,2.700581817,0.237166307,6.865274174,0.695593667,10.14658581,1.180458958
PLANT-BASED BEVERAGE (SOY- ALMOND- COCONUT),10J,Both,1-3 Years,1288,4.680929664,10.91 E,2.202618917,F,F,F,.,F,.,0.83 E,0.16363132,F,F,F,.,F,.,232.9798404,24.28287124,182.58 E,36.43663041,408.4950924,56.90517588,544.52 E,104.4755952,17.1078663,1.842130666,15.54 E,2.614365197,32.50880846,4.90849594,40.32536309,4.018887767
PLANT-BASED BEVERAGE (SOY- ALMOND- COCONUT),10J,Both,4-8 Years,1199,3.637765325,7.07 E,1.86477968,F,F,F,.,F,.,0.31 E,0.077598899,F,F,F,.,F,.,194.3554185,19.05755222,180.9770854,14.92280778,331.92 E,61.37111998,353.5269921,57.07853872,8.586949204,0.599288343,8.479576182,0.893200975,11.94845064,1.205658699,14.34987452,1.470570269
PLANT-BASED BEVERAGE (SOY- ALMOND- COCONUT),10J,Both,9-13 Years,1962,2.386998225,5.1 E,1.239005943,F,F,F,.,F,.,0.14 E,0.034836475,F,F,F,.,F,.,213.67 E,35.81279315,187.5328822,17.25114442,446.97 E,94.35156571,478.26 E,101.9510691,6.011833546,0.938839981,5.311870249,0.690738436,12.51 E,2.655280811,13.19 E,3.458553937
PLANT-BASED BEVERAGE (SOY- ALMOND- COCONUT),10J,Both,14-18 Years,1890,2.900527914,F,F,F,F,F,.,F,.,0.13 E,0.04100882,F,F,F,.,F,.,302.45 E,60.67407701,240.65 E,61.46335068,524.31 E,106.9753926,533.9491622,77.31151966,4.505747175,0.697355001,4.06 E,0.906286495,6.724907682,0.817888476,7.638461565,0.969090058
PLANT-BASED BEVERAGE (SOY- ALMOND- COCONUT),10J,Both,19-30 Years,1849,6.147745838,12.31 E,3.740937416,F,F,F,.,F,F,0.18 E,0.051072852,F,F,F,.,F,F,200.21 E,35.59372942,F,F,497.1 E,157.5500565,497.86 E,133.9074604,2.903107034,0.439461037,2.24 E,0.591611085,5.37 E,0.903490666,5.977807523,0.925197949
PLANT-BASED BEVERAGE (SOY- ALMOND- COCONUT),10J,Both,31-50 Years,4389,5.406709117,10.42310513,1.420458749,F,F,F,.,F,F,0.151292384,0.020860479,F,F,F,.,F,F,192.7809487,18.73964224,182.58 E,33.83726468,400.5680269,57.84614949,469.969096,28.24869703,2.79823421,0.283371637,2.32 E,0.484869792,5.378606844,0.387412907,6.66 E,1.155194449
PLANT-BASED BEVERAGE (SOY- ALMOND- COCONUT),10J,Both,51-70 Years,4465,4.826215329,9.659061585,1.344720713,F,F,F,.,F,.,0.134723029,0.017771188,F,F,F,.,F,.,200.137394,19.60635846,149.69 E,32.27908766,377.843321,61.32852944,550.214475,86.44742564,2.791484002,0.245244833,2.01 E,0.46025345,5.587292066,0.488029436,6.337383505,0.333765453
PLANT-BASED BEVERAGE (SOY- ALMOND- COCONUT),10J,Both,71+ Years,2628,2.856523924,6.96 E,1.731905934,F,F,F,.,F,.,0.11 E,0.031798544,F,F,F,.,F,.,243.5664095,36.88624911,179.9405765,16.93166768,617.84 E,190.1165463,702.09 E,164.5914575,3.82 E,0.759159981,2.702635532,0.3100195,F,F,12.17 E,3.291033864
PLANT-BASED BEVERAGE (SOY- ALMOND- COCONUT),10J,Both,1-18 Years,6339,3.266065829,7.671109361,1.046654528,F,F,F,.,F,.,0.294194284,0.035970507,F,F,F,.,F,.,234.8730786,18.80443247,186.3861998,7.844763207,521.43 E,94.05016501,531.7676299,48.55561789,8.993358623,0.641569373,6.724140846,0.639487345,17.20741582,1.968527167,21.95 E,3.806342719
PLANT-BASED BEVERAGE (SOY- ALMOND- COCONUT),10J,Both,19+ Years,13331,5.034070087,10.07234393,0.942655451,F,F,F,.,F,F,0.145336566,0.013390739,F,F,F,.,F,F,200.0835062,12.09043963,179.9962218,23.50465442,400.5056757,46.76168755,497.6899609,34.5679488,2.887058856,0.169427651,2.363118162,0.236726962,5.387844751,0.536086775,6.447703429,0.377421614
PLANT-BASED BEVERAGE (SOY- ALMOND- COCONUT),10J,Male,9-13 Years,1023,F,5.92 E,1.797294459,F,F,F,.,F,.,0.17 E,0.052160563,F,F,F,.,F,.,F,F,F,.,F,.,F,.,F,F,F,.,F,.,F,.
PLANT-BASED BEVERAGE (SOY- ALMOND- COCONUT),10J,Male,14-18 Years,900,F,F,F,F,F,F,.,F,.,F,F,F,F,F,.,F,.,F,F,F,.,F,.,F,.,F,F,F,.,F,.,F,.
PLANT-BASED BEVERAGE (SOY- ALMOND- COCONUT),10J,Male,19-30 Years,857,F,F,F,F,F,F,.,F,F,F,F,F,F,F,.,F,F,F,F,F,.,F,.,F,.,F,F,F,.,F,.,F,.
PLANT-BASED BEVERAGE (SOY- ALMOND- COCONUT),10J,Male,31-50 Years,2005,4.486103557,8.85 E,1.881244163,F,F,F,.,F,.,0.11 E,0.022967838,F,F,F,.,F,.,197.2 E,33.8328045,F,F,445.2106391,66.27803583,457.7480889,48.67659838,2.452881782,0.405867617,1.93 E,0.557805716,4.92921526,0.393425063,5.170420773,0.583950248
PLANT-BASED BEVERAGE (SOY- ALMOND- COCONUT),10J,Male,51-70 Years,2151,4.675559692,8.85 E,1.890987559,F,F,F,.,F,.,0.11 E,0.022564988,F,F,F,.,F,.,189.24 E,32.12938637,135.02 E,37.23737199,366.28 E,64.86466088,515.09 E,96.13506617,2.365079938,0.392368636,1.75 E,0.490538583,5.055231183,0.791780208,5.612999417,0.538989637
PLANT-BASED BEVERAGE (SOY- ALMOND- COCONUT),10J,Male,71+ Years,1180,F,F,F,F,F,F,.,F,.,F,F,F,F,F,.,F,.,F,F,F,.,F,.,F,.,F,F,F,.,F,.,F,.
PLANT-BASED BEVERAGE (SOY- ALMOND- COCONUT),10J,Male,19+ Years,6193,4.523859283,9.410789171,1.525986388,F,F,F,.,F,.,0.119981608,0.019445182,F,F,F,.,F,.,208.025683,22.27523405,150.4 E,35.61250862,450.7933798,57.58728289,492.7065785,39.83435057,2.652195843,0.27353184,1.94 E,0.38645012,5.320082662,0.719912813,6.422157669,0.625890643
PLANT-BASED BEVERAGE (SOY- ALMOND- COCONUT),10J,Female,9-13 Years,939,F,F,F,F,F,F,.,F,.,F,F,F,F,F,.,F,.,F,F,F,.,F,.,F,.,F,F,F,.,F,.,F,.
PLANT-BASED BEVERAGE (SOY- ALMOND- COCONUT),10J,Female,14-18 Years,990,3.52441215,7.42 E,2.154787893,F,F,F,.,F,.,0.13 E,0.037337208,F,F,F,.,F,.,210.5794115,34.99041834,177.2496086,26.72007512,367.61 E,110.9556584,430.79 E,115.3823975,3.57 E,0.645345961,3.13 E,0.539143949,7.05 E,1.87918666,7.71 E,1.883185049
PLANT-BASED BEVERAGE (SOY- ALMOND- COCONUT),10J,Female,19-30 Years,992,6.286958749,9.06 E,2.540665695,F,F,F,.,F,F,0.15 E,0.043716614,F,F,F,.,F,F,144.1465331,20.34147244,124.88 E,37.03473654,241.6583956,14.48894857,271.7426057,19.17455059,2.388232796,0.342746617,2.23 E,0.414735721,4.306073338,0.392003662,4.678764619,0.250301786
PLANT-BASED BEVERAGE (SOY- ALMOND- COCONUT),10J,Female,31-50 Years,2384,6.287694411,11.93 E,2.107567238,F,F,F,.,F,F,0.19 E,0.034014435,F,F,F,.,F,F,189.7644935,18.89995426,185.07 E,38.36037444,304.22 E,56.09999974,471.0326082,62.69114971,3.034029674,0.327078015,2.66 E,0.616175036,5.759786121,0.694253034,7.842865886,1.296640792
PLANT-BASED BEVERAGE (SOY- ALMOND- COCONUT),10J,Female,51-70 Years,2314,4.973439206,10.45 E,1.87560591,F,F,F,.,F,.,0.16 E,0.026972365,F,F,F,.,F,.,210.1497776,23.10025409,188.14 E,39.3113914,375.15 E,73.57604516,532.29 E,90.18213147,3.183217754,0.294825758,2.789149262,0.428749418,6.017117801,0.621318852,6.697715738,0.828509195
PLANT-BASED BEVERAGE (SOY- ALMOND- COCONUT),10J,Female,71+ Years,1448,3.771848233,9.75 E,2.971354207,F,F,F,.,F,.,F,F,F,F,F,.,F,.,258.47 E,44.91253092,179.9818248,28.6302845,F,F,701.62 E,174.2814118,4.26 E,0.945562894,2.81 E,0.493241712,9.69 E,3.119391316,12.14 E,3.323328212
PLANT-BASED BEVERAGE (SOY- ALMOND- COCONUT),10J,Female,19+ Years,7138,5.526647704,10.71103497,1.156030098,F,F,F,.,F,F,0.169815242,0.018608418,F,F,F,.,F,F,193.8070879,12.7767726,182.845182,25.79757031,354.307441,39.17200359,477.4404741,58.61192808,3.072662696,0.209524094,2.651347043,0.270605062,5.693453172,0.471007227,7.02 E,1.236080707
GOAT AND SHEEP MILK,10K,Both,All ages,19670,F,F,F,F,F,F,.,F,.,F,F,F,F,F,.,F,.,F,F,F,.,F,.,F,.,F,F,F,.,F,.,F,.
CREAMS,13,Both,All ages,19670,23.33655818,7.881657233,0.409335235,F,F,28.71752071,2.107312003,44.39437926,1.041729053,0.109446463,0.004975896,F,F,0.355018747,0.016082844,0.605998869,0.028178209,33.77386319,1.518281599,22.16630119,0.3861597,63.53891547,3.926819026,96.35633389,9.63577966,0.469434211,0.017760299,0.299742992,0.012298448,0.976733271,0.044274896,1.340713465,0.124412733
CREAMS,13,Both,1-3 Years,1288,7.982989043,1.44 E,0.414808287,F,F,F,.,F,F,0.06 E,0.014248238,F,F,F,.,F,F,18.01 E,3.262036128,14.05 E,3.146188709,29.52 E,6.601796616,F,F,0.99 E,0.192147789,0.77 E,0.247216719,1.73 E,0.513772031,F,F
CREAMS,13,Both,4-8 Years,1199,9.898370854,2.3 E,0.533193278,F,F,F,.,14 E,2.703150708,0.1 E,0.02229913,F,F,F,.,0.7 E,0.177618582,23.25 E,4.051179581,14.03993659,1.219336939,54.34 E,9.730383092,61.41 E,18.47639818,1.008889858,0.167519922,0.72 E,0.130105766,1.92 E,0.521524604,3.1 E,0.855645611
CREAMS,13,Both,9-13 Years,1962,12.0966702,2.553905995,0.328371996,F,F,F,F,18.66 E,3.178701066,0.062713063,0.00811617,F,F,F,F,0.427390359,0.057124661,21.11247105,2.515834226,14.35141803,1.795233635,44.51173553,6.340293098,59.01 E,10.92615028,0.518432448,0.059368439,0.345424904,0.04865626,1.143845427,0.186161695,1.57 E,0.301620557
CREAMS,13,Both,14-18 Years,1890,17.18271198,5.889361575,0.794231326,F,F,F,F,39.77196327,3.441424509,0.09278609,0.012191478,F,F,0.27 E,0.060828862,0.596341416,0.073568259,34.2749246,3.385071467,25.0092979,3.655442464,63.33 E,17.80888966,119.87 E,24.92249124,0.539996774,0.051726279,0.360768613,0.052818975,1.03 E,0.228095163,1.76 E,0.323582145
CREAMS,13,Both,19-30 Years,1849,22.64851453,9.435006597,1.529198088,F,F,25.9539528,3.491897322,56.59 E,10.34521139,0.127732527,0.019494576,F,F,0.38282838,0.049549598,0.75 E,0.133962225,41.65839037,5.777516062,22.19458157,2.929789932,76.63 E,14.34238818,F,F,0.563977503,0.074203944,0.350421966,0.055463305,1.07889115,0.178403558,F,F
CREAMS,13,Both,31-50 Years,4389,26.55808368,9.969627595,1.030564588,F,F,30.25469283,1.130590659,51.73784351,4.850821571,0.122810356,0.010987616,F,F,0.39642734,0.03046685,0.641292363,0.04361873,37.53895694,3.684839384,22.18825999,2.103836945,74.0357731,10.25852765,115.66 E,35.42204576,0.462421751,0.038405489,0.29300828,0.021164083,0.981295911,0.122302865,1.5 E,0.355567797
CREAMS,13,Both,51-70 Years,4465,26.61971421,8.048384042,0.50004395,F,F,30.06393602,0.483465841,45.3816944,2.544261499,0.104010181,0.006853572,F,F,0.36348553,0.03032321,0.577240773,0.053640588,30.23467487,1.334346804,22.17507667,2.213627484,60.50987396,1.291344095,79.13071213,12.12443674,0.390726136,0.018789192,0.279495113,0.022183223,0.837594031,0.062591503,1.038509848,0.091377576
CREAMS,13,Both,71+ Years,2628,27.69343711,8.056071417,0.615666483,F,F,30.00503593,2.416669676,44.07557658,3.960671987,0.112529282,0.008914629,F,F,0.382415722,0.023219939,0.568475773,0.050190408,29.09018257,1.745374517,20.13377684,2.312895374,60.00588522,2.719947274,69.79473736,10.8800961,0.406339169,0.025786051,0.272465403,0.022930046,0.933063237,0.101719915,1.094690805,0.164004495
CREAMS,13,Both,1-18 Years,6339,12.25587967,3.254211012,0.283742581,F,F,F,F,22.25717929,2.842912656,0.081539216,0.007843336,F,F,F,F,0.52970232,0.047415789,26.5522435,1.902940642,15.32090966,1.407177057,56.00371122,4.354062119,F,F,0.678939836,0.052593595,0.427738982,0.036260071,1.466329907,0.197751761,1.972319586,0.292765141
CREAMS,13,Both,19+ Years,13331,26.05807555,9.018200926,0.505464707,F,F,30.08381349,0.185210152,45.45286058,3.745718627,0.116219211,0.005932886,F,F,0.383641581,0.015106973,0.62341766,0.032075231,34.60808496,1.69651108,22.1793404,0.650059018,65.25153268,4.572172603,99.79535743,9.106268693,0.446000744,0.019411857,0.290773879,0.013971491,0.946528452,0.046098713,1.265682645,0.09046443
CREAMS,13,Male,9-13 Years,1023,11.46107479,2.3 E,0.387138439,F,F,F,F,20.3 E,5.023077803,0.056689189,0.009170454,F,F,F,F,0.49 E,0.127997334,20.0603072,3.206924483,15.28 E,3.954918182,45.86 E,8.280860623,F,F,0.494623672,0.072340315,0.41 E,0.113258557,1.05 E,0.191585833,1.56 E,0.294158184
CREAMS,13,Male,14-18 Years,900,16.28436386,6.15 E,1.349310766,F,F,F,F,40.79 E,8.524332278,0.09 E,0.019874768,F,F,F,F,0.59 E,0.11459914,37.74081004,5.543761068,28.32884048,4.554985703,F,F,125.99 E,22.2216688,0.556637026,0.083123869,0.36 E,0.069346696,F,F,1.82 E,0.322763443
CREAMS,13,Male,19-30 Years,857,19.69277545,9.7 E,2.449201688,F,F,28.8 E,8.548026467,60.5 E,10.75944517,0.12 E,0.028294589,F,F,F,F,0.79 E,0.13933148,49.25 E,9.823568233,29.24 E,6.125273653,F,F,F,F,0.6 E,0.11464287,0.33 E,0.090420807,F,F,F,F
CREAMS,13,Male,31-50 Years,2005,29.68067767,12.37923939,2.03028951,F,F,33.24807356,4.094286166,55.93277055,5.628694253,0.139950657,0.02095561,F,F,0.422322636,0.046321706,0.644591166,0.067618494,41.70807528,6.317614486,23.20115098,3.77269756,83.69 E,23.30826352,F,F,0.471521097,0.064298563,0.290985737,0.026626145,0.93 E,0.264096144,F,F
CREAMS,13,Male,51-70 Years,2151,27.48005113,8.085088815,0.736968595,F,F,29.99898894,3.128405349,44.31250721,3.331232285,0.092413138,0.008251784,F,F,0.297230494,0.033150808,0.505376363,0.052671597,29.42166583,2.034245172,17.7 E,3.290876678,60.49418152,5.657497558,101.3765188,15.91223558,0.336291725,0.023185356,0.20843221,0.023379188,0.728284981,0.049754321,1.068976994,0.132680292
CREAMS,13,Male,71+ Years,1180,27.54512009,7.65978926,0.834951206,F,F,29.72318841,4.05794779,34.89274588,4.216280437,0.095390864,0.010805457,F,F,0.347879831,0.034485585,0.473083129,0.042470259,27.80815344,2.495466619,21.89349981,2.46869149,58.20534453,7.580868402,71.59608201,9.398405969,0.346307671,0.032817024,0.262002548,0.036698584,0.624919489,0.09202523,0.901604093,0.137322285
CREAMS,13,Male,19+ Years,6193,26.92733744,9.966633529,0.945267044,F,F,30.25452952,0.431952846,52.30853187,4.953230686,0.115628417,0.010108055,F,F,0.354898977,0.025687239,0.604175526,0.044915212,37.01306731,3.03694354,22.17132224,1.181334261,71.79443736,7.736970535,118.65 E,29.11542974,0.429409024,0.032251155,0.261439373,0.019946092,0.888916122,0.076355952,1.27 E,0.315890406
CREAMS,13,Female,9-13 Years,939,12.76560371,2.82 E,0.545937538,F,F,F,F,F,F,0.07 E,0.013803421,F,F,F,F,0.401513797,0.06380271,22.10666144,3.537062466,14.13 E,2.370314147,42.91 E,9.293653821,58.47 E,12.45539081,0.540929377,0.08851069,0.342599202,0.05253196,1.42 E,0.306963076,F,F
CREAMS,13,Female,14-18 Years,990,18.13256996,5.618165635,0.873384867,F,F,F,F,37.39330021,5.245256744,0.09505016,0.014791945,F,F,F,F,0.59 E,0.103284573,30.98383542,4.013839516,22.09 E,5.108511858,51.85296654,4.401508898,F,F,0.524195746,0.066977878,0.35 E,0.078028574,0.938212854,0.073814906,F,F
CREAMS,13,Female,19-30 Years,992,25.92142208,9.14 E,1.651520358,F,F,25.83132687,3.719586981,F,F,0.14 E,0.025213185,F,F,0.383129209,0.046020904,F,F,35.27 E,6.161886931,18.95 E,3.683193443,74.39837287,12.19850974,F,F,0.53 E,0.09345217,0.36 E,0.070905649,1.100275748,0.18186842,F,F
CREAMS,13,Female,31-50 Years,2384,23.56987731,7.663718695,0.667331235,F,F,28.754718,3.368804098,44.7659065,4.066529668,0.106407724,0.009163302,F,F,0.36866263,0.040648377,0.629068265,0.074163497,32.51488581,2.343715018,22.12108325,2.843967417,67.86323196,9.722793979,95.76618864,7.782624732,0.45145642,0.030851621,0.296668302,0.036048455,1.029638334,0.105049512,1.370914744,0.097963729
CREAMS,13,Female,51-70 Years,2314,25.77897476,8.012515361,0.754086585,F,F,30.2550156,1.256250307,45.38252237,5.492471281,0.115343056,0.01142461,F,F,0.429450783,0.037096022,0.648859092,0.080085589,31.08159046,1.812547479,28.6798316,2.817820858,61.84516848,2.960453214,69.0150525,9.886953912,0.447430735,0.028408219,0.344777793,0.027560421,0.892510678,0.080277665,1.037394231,0.109386372
CREAMS,13,Female,71+ Years,1448,27.81093038,8.369996853,0.89580809,F,F,30.25442738,3.149160275,48.94198179,7.057935452,0.126105936,0.013792952,F,F,0.41787618,0.040942707,0.74 E,0.129090102,30.0960692,2.436541075,19.28 E,3.343057646,60.00937158,3.53046042,67.89 E,20.85152299,0.45344019,0.038255245,0.29693184,0.037141822,0.949199763,0.087444923,1.18 E,0.312386927
CREAMS,13,Female,19+ Years,7138,25.21885587,8.102546715,0.462387605,F,F,30.00290989,0.915671049,45.27470547,2.077865166,0.116789587,0.006849944,F,F,0.402867035,0.019074006,0.635675732,0.047970567,32.12892272,1.370820761,22.19238722,1.516170139,61.85887059,3.077299012,90.24083754,6.373241921,0.463104224,0.020172474,0.333412395,0.022156425,0.976252202,0.048094074,1.248484162,0.078905907
WHIPPING,13A,Both,All ages,19670,3.789412775,0.937897542,0.085393965,F,F,F,.,F,.,0.014945747,0.001369228,F,F,F,.,F,.,24.75047185,1.238451476,18.85156747,1.637263284,52.47323786,4.282223617,64.61564774,5.854507271,0.393911899,0.023471098,0.273085789,0.023385682,0.825897825,0.061556326,1.068913587,0.094831266
WHIPPING,13A,Both,1-3 Years,1288,F,0.14 E,0.043321473,F,F,F,.,F,.,F,F,F,F,F,.,F,.,F,F,F,.,F,.,F,.,F,F,F,.,F,.,F,.
WHIPPING,13A,Both,4-8 Years,1199,F,F,F,F,F,F,.,F,.,F,F,F,F,F,.,F,.,F,F,F,.,F,.,F,.,F,F,F,.,F,.,F,.
WHIPPING,13A,Both,9-13 Years,1962,4.59192839,1.22 E,0.25966586,F,F,F,.,F,.,0.03 E,0.00697797,F,F,F,.,F,.,26.4932953,4.359300431,21.31150788,3.126038641,44.8 E,9.336537435,F,F,0.711699921,0.108878918,0.53 E,0.106676839,1.34 E,0.338259633,2.13 E,0.57207361
WHIPPING,13A,Both,14-18 Years,1890,5.153993295,1.61 E,0.303535931,F,F,F,.,F,F,0.03 E,0.005224479,F,F,F,.,F,F,31.30385107,2.724924475,25.82 E,4.983687981,52.02212771,4.703092225,60.22416017,5.879327924,0.506017666,0.054326584,0.38 E,0.073306411,0.951853819,0.0765693,1.002140243,0.074368069
WHIPPING,13A,Both,19-30 Years,1849,5.559417427,1.42 E,0.308931404,F,F,F,.,F,F,0.02 E,0.004938657,F,F,F,.,F,F,25.49988715,2.577580301,18.65462118,3.085250389,47.82526019,6.60355472,60.42896949,9.078962896,0.374796117,0.040432371,0.3 E,0.07708955,0.62 E,0.165534793,1.03 E,0.188647162
WHIPPING,13A,Both,31-50 Years,4389,3.419776752,0.92 E,0.175139346,F,F,F,.,F,.,0.01 E,0.002382122,F,F,F,.,F,.,26.87615649,3.07294779,20.8564805,3.03370411,53.36982958,8.587190746,66.52 E,16.35408136,0.368395157,0.042614805,0.274511036,0.031879907,0.71 E,0.126662758,1 E,0.191137467
WHIPPING,13A,Both,51-70 Years,4465,3.617956514,0.788814316,0.120854701,F,F,F,.,F,.,0.010068475,0.001585359,F,F,F,.,F,.,21.80275835,2.31719838,14.04134836,2.229532943,43.49 E,13.19776786,71.64034359,8.72269374,0.278291761,0.032288376,0.196189237,0.02753967,0.57 E,0.121910527,0.82 E,0.146282292
WHIPPING,13A,Both,71+ Years,2628,3.708528774,0.790170468,0.125430056,F,F,F,.,F,.,0.010620247,0.001725269,F,F,F,.,F,.,21.30684475,2.181900911,14.85 E,3.334515488,40.48 E,7.259848601,58.99499571,7.971319013,0.28637359,0.029485275,0.21 E,0.038964981,0.555233826,0.066785336,0.70011085,0.081896614
WHIPPING,13A,Both,1-18 Years,6339,3.424810041,0.911022164,0.121615155,F,F,F,.,F,.,0.02332465,0.003530541,F,F,F,.,F,.,26.60066262,2.298477599,20.61250996,2.326725252,49.10833697,3.694318066,59.59088627,8.392992792,0.677085924,0.081209331,0.524163976,0.079261092,1.125252227,0.144637362,1.47 E,0.282196684
WHIPPING,13A,Both,19+ Years,13331,3.878962586,0.944498384,0.098336257,F,F,F,.,F,.,0.012912289,0.001410676,F,F,F,.,F,.,24.34925222,1.423862711,18.19483907,1.772709431,52.34194028,5.05601706,66.52120313,5.929038848,0.332879966,0.020397303,0.236169685,0.025081343,0.627831963,0.071402278,0.904314998,0.136942948
WHIPPING,13A,Male,9-13 Years,1023,4.421084079,1.2 E,0.277081812,F,F,F,.,F,.,0.03 E,0.007718313,F,F,F,.,F,.,27.12608754,3.171124404,22.44011238,1.625936962,43.95 E,8.354153654,F,F,0.746474048,0.076829147,0.694406513,0.097937914,1.13 E,0.249987378,1.58 E,0.320782122
WHIPPING,13A,Male,14-18 Years,900,3.917265376,1.27 E,0.336739398,F,F,F,.,F,.,0.02 E,0.005007434,F,F,F,.,F,.,32.47210747,3.480591547,26.91 E,5.900908853,51.43 E,9.116498873,62.28 E,10.79655946,0.465980722,0.063343229,0.36 E,0.07483238,0.79 E,0.142044312,0.99 E,0.181898923
WHIPPING,13A,Male,19-30 Years,857,5.16381039,1.37 E,0.433489705,F,F,F,.,F,F,F,F,F,F,F,.,F,F,26.57716378,3.861689014,F,F,44.92 E,7.759515973,54.45 E,10.29439583,0.36 E,0.066056718,F,F,0.62 E,0.113417677,F,F
WHIPPING,13A,Male,31-50 Years,2005,3.548831379,0.87 E,0.232875493,F,F,F,.,F,.,0.01 E,0.003103418,F,F,F,.,F,.,24.53242962,3.105815873,23.18 E,4.434056101,46.68 E,8.855482417,54.39085051,8.817733407,0.311515855,0.040660698,0.3 E,0.055727458,0.597385601,0.098086828,0.622606822,0.100119903
WHIPPING,13A,Male,51-70 Years,2151,4.156581409,0.95 E,0.195165261,F,F,F,.,F,.,0.01 E,0.002497531,F,F,F,.,F,.,22.95 E,3.912878687,F,F,60.18 E,14.92452799,74.15287225,8.511004172,0.27 E,0.053332864,0.14 E,0.046021554,F,F,0.94 E,0.20895956
WHIPPING,13A,Male,71+ Years,1180,3.824291165,0.91 E,0.21417708,F,F,F,.,F,.,0.01 E,0.002704754,F,F,F,.,F,.,23.67577692,3.608759212,18.51 E,5.212511154,45.7 E,7.763497886,59.13165423,8.527540143,0.288988799,0.044077612,0.22 E,0.067387425,0.567283191,0.081489385,0.65944953,0.078218692
WHIPPING,13A,Male,19+ Years,6193,4.069853375,0.992148107,0.139626839,F,F,F,.,F,.,0.01251445,0.001907609,F,F,F,.,F,.,24.37798159,1.763450615,18.98575494,3.005714657,48.83747085,6.221361517,65.96439328,6.275899524,0.307491427,0.025689053,0.235281136,0.038926661,0.625447852,0.047298171,0.76 E,0.155611913
WHIPPING,13A,Female,9-13 Years,939,4.771733783,F,F,F,F,F,.,F,.,F,F,F,F,F,.,F,.,25.88 E,7.979174947,F,F,F,F,F,F,0.68 E,0.201239297,0.33 E,0.102996886,F,F,2.16 E,0.71701687
WHIPPING,13A,Female,14-18 Years,990,6.461633229,1.97 E,0.50683559,F,F,F,.,F,F,0.03 E,0.009174796,F,F,F,.,F,F,30.55500445,4.149251824,25.7 E,7.980547346,51.85763832,4.609709903,53.85896705,7.169986802,0.531681151,0.080281487,0.44 E,0.139379476,0.955848526,0.081371555,1.009936518,0.09282268
WHIPPING,13A,Female,19-30 Years,992,5.997475463,1.47 E,0.381311375,F,F,F,.,F,F,0.02 E,0.006681709,F,F,F,.,F,F,24.47282509,3.533284149,18.41217524,3.001433909,53.08 E,10.94834876,60.54 E,11.59596429,0.385783422,0.050939216,0.38 E,0.093845246,0.7 E,0.229765621,1.03 E,0.205603261
WHIPPING,13A,Female,31-50 Years,2384,3.296276273,0.97 E,0.241760383,F,F,F,.,F,.,0.01 E,0.003367695,F,F,F,.,F,.,29.29 E,5.371867751,15.29 E,3.624814863,61.61 E,17.51252099,103.94 E,29.93468085,0.43 E,0.075141979,0.22 E,0.046974916,0.87 E,0.212322599,1.27 E,0.260885497
WHIPPING,13A,Female,51-70 Years,2314,3.091600865,0.63 E,0.135304317,F,F,F,.,F,.,0.01 E,0.001908927,F,F,F,.,F,.,20.29050518,2.40991177,14.55620448,2.379720054,38.21 E,8.876850155,54.86 E,11.50590414,0.287254411,0.032443825,0.21 E,0.035317148,0.54 E,0.104296421,0.746249559,0.104883843
WHIPPING,13A,Female,71+ Years,1448,3.616824521,0.7 E,0.15897462,F,F,F,.,F,.,0.01 E,0.002377181,F,F,F,.,F,.,19.32258681,2.735721895,14.57 E,3.557437675,31.84 E,7.848124289,49.1 E,11.38258426,0.284183046,0.041620421,0.2 E,0.052798073,0.49 E,0.120147733,0.76 E,0.155751842
WHIPPING,13A,Female,19+ Years,7138,3.694669096,0.898495464,0.121861419,F,F,F,.,F,.,0.013296379,0.001831608,F,F,F,.,F,.,24.31869919,2.298425936,17.23357803,1.898966527,52.13024315,6.925475507,65.51 E,12.58741988,0.359880101,0.03215951,0.234787852,0.035210031,0.751055161,0.114200425,1.023228762,0.163047045
TABLE ,13B,Both,All ages,19670,6.381028777,1.961122727,0.15580078,F,F,F,.,9.96 E,1.786829274,0.026834882,0.002256496,F,F,F,.,0.120551298,0.016383327,30.73364492,1.923261877,21.4170306,1.98647858,60.00761163,2.272005521,89.20897044,10.85557646,0.423733002,0.02800281,0.267937692,0.020593343,0.858061303,0.049725179,1.03765932,0.136450569
TABLE ,13B,Both,1-3 Years,1288,F,F,F,F,F,F,.,F,.,F,F,F,F,F,.,F,.,F,F,F,.,F,.,F,.,F,F,F,.,F,.,F,.
TABLE ,13B,Both,4-8 Years,1199,F,0.23 E,0.075315963,F,F,F,.,F,.,0.01 E,0.002841848,F,F,F,.,F,.,F,F,F,.,F,.,F,.,F,F,F,.,F,.,F,.
TABLE ,13B,Both,9-13 Years,1962,1.444366195,0.19 E,0.059547835,F,F,F,.,F,.,0 E,0.001366777,F,F,F,.,F,.,13.11 E,3.71347065,F,F,29.86 E,5.910154052,30.15135202,4.126705623,0.3 E,0.084036964,F,F,0.67 E,0.136298129,0.75 E,0.164968863
TABLE ,13B,Both,14-18 Years,1890,2.68817287,F,F,F,F,F,.,F,.,F,F,F,F,F,.,F,.,32.99 E,8.057628787,19.75 E,4.652462309,F,F,96.08 E,30.00876778,0.5 E,0.119673899,0.31 E,0.05559756,1.06 E,0.343748583,1.43 E,0.416154067
TABLE ,13B,Both,19-30 Years,1849,4.455478978,F,F,F,F,F,.,F,.,F,F,F,F,F,.,F,.,42.28 E,13.66668874,F,F,F,F,F,F,F,F,0.3 E,0.0997242,F,F,F,F
TABLE ,13B,Both,31-50 Years,4389,7.385872218,2.601793675,0.317131462,F,F,F,.,14.7 E,4.025933982,0.032874075,0.004020667,F,F,F,.,0.18 E,0.051168825,35.22662725,3.381460904,29.2395917,4.530675335,60.50315832,6.840953861,90.04 E,17.97271985,0.445094012,0.040140923,0.31426654,0.041286684,0.843198432,0.070415335,1.11 E,0.250137814
TABLE ,13B,Both,51-70 Years,4465,8.852137653,2.22539323,0.259787386,F,F,F,.,15 E,3.207154791,0.029532902,0.003722424,F,F,F,.,0.21 E,0.035238919,25.13961392,1.837602193,16.04 E,4.441235093,59.63063538,8.603891113,61.17525874,5.893691688,0.333624523,0.026765911,0.22 E,0.036233833,0.676853471,0.099774897,0.927440037,0.106283184
TABLE ,13B,Both,71+ Years,2628,7.842247622,2.25 E,0.393531851,F,F,F,.,13.03 E,2.62054816,0.03 E,0.005899441,F,F,F,.,0.18 E,0.03176681,28.7120946,3.953951952,14.96583952,2.300524856,60.00579538,8.174112112,F,F,0.40683358,0.058013945,0.20695618,0.02797713,0.937492763,0.151209371,1.01 E,0.327655903
TABLE ,13B,Both,1-18 Years,6339,2.106927183,0.52 E,0.108528886,F,F,F,.,F,.,0.01 E,0.002310967,F,F,F,.,F,.,24.62510648,3.872322324,18.69 E,3.599747228,F,F,F,F,0.63 E,0.106791065,0.31051091,0.040962551,1.61 E,0.451089376,F,F
TABLE ,13B,Both,19+ Years,13331,7.430787754,2.31536244,0.192962795,F,F,F,.,14.63 E,2.475997705,0.030588588,0.002763312,F,F,F,.,0.164420317,0.023134865,31.15904419,2.058111283,21.2684938,2.213868591,60.00771746,2.499624073,89.24832127,11.51184788,0.411646637,0.029343085,0.263489179,0.021942137,0.84482601,0.057492004,1.034575873,0.110057609
TABLE ,13B,Male,9-13 Years,1023,F,F,F,F,F,F,.,F,.,F,F,F,F,F,.,F,.,F,F,F,.,F,.,F,.,F,F,F,.,F,.,F,.
TABLE ,13B,Male,14-18 Years,900,F,F,F,F,F,F,.,F,.,F,F,F,F,F,.,F,.,F,F,F,.,F,.,F,.,F,F,F,.,F,.,F,.
TABLE ,13B,Male,19-30 Years,857,5.184726448,F,F,F,F,F,.,F,F,F,F,F,F,F,.,F,F,F,F,F,F,F,F,F,F,F,F,F,F,F,F,F,F
TABLE ,13B,Male,31-50 Years,2005,7.946837907,2.94 E,0.535772193,F,F,F,.,F,F,0.03 E,0.006146382,F,F,F,.,F,F,36.96925736,6.058698719,25.43 E,5.265404205,60.01 E,13.02477154,F,F,0.421565754,0.06913111,0.25 E,0.059587954,0.841562735,0.138430239,F,F
TABLE ,13B,Male,51-70 Years,2151,8.785522826,2.291012017,0.370590719,F,F,F,.,15.04 E,4.890291038,0.03 E,0.004737498,F,F,F,.,0.18 E,0.05334823,26.07712782,2.745225692,17.26 E,4.770120946,59.55 E,11.29141625,73.08 E,13.33057342,0.312247397,0.035490606,0.21 E,0.043564056,0.66 E,0.118015999,0.84 E,0.183353345
TABLE ,13B,Male,71+ Years,1180,6.451687558,1.86 E,0.553632814,F,F,F,.,F,F,0.02 E,0.007199309,F,F,F,.,F,F,28.77 E,7.443514516,14.84389392,2.472508521,F,F,F,F,0.36 E,0.098036115,0.176846681,0.024266771,F,F,F,F
TABLE ,13B,Male,19+ Years,6193,7.566640111,2.598416138,0.349240874,F,F,F,.,14.7 E,2.717101446,0.031526529,0.004844281,F,F,F,.,0.14 E,0.028849421,34.3404219,3.882672078,20.72 E,4.075160545,66.69 E,12.05582219,F,F,0.416651626,0.055621976,0.249532023,0.033332963,0.841801025,0.093393801,F,F
TABLE ,13B,Female,9-13 Years,939,F,F,F,F,F,F,.,F,.,F,F,F,F,F,.,F,.,F,F,F,.,F,.,F,.,F,F,F,.,F,.,F,.
TABLE ,13B,Female,14-18 Years,990,2.526282259,0.58 E,0.169490396,F,F,F,.,F,.,0.01 E,0.00239343,F,F,F,.,F,.,22.96 E,5.310613543,15.03335037,2.36535545,28.51 E,8.115692095,F,F,0.34 E,0.078602212,0.23 E,0.039365739,0.42 E,0.120666023,F,F
TABLE ,13B,Female,19-30 Years,992,3.647978897,0.77 E,0.171088121,F,F,F,.,F,.,0.01 E,0.002886843,F,F,F,.,F,.,21.08 E,6.071524912,F,F,F,F,F,F,0.32 E,0.099282407,F,F,0.57 E,0.162150214,F,F
TABLE ,13B,Female,31-50 Years,2384,6.84904891,2.280164899,0.350446049,F,F,F,.,F,F,0.03227399,0.00517931,F,F,F,.,F,F,33.29170122,3.140970207,29.95 E,5.152966782,60.50374931,7.497339689,90.07297822,14.19299064,0.471218569,0.04143824,0.394559014,0.058767982,0.910761139,0.111856412,1.1 E,0.230733741
TABLE ,13B,Female,51-70 Years,2314,8.917235072,2.161269162,0.356663023,F,F,F,.,15 E,4.418721001,0.03 E,0.005637027,F,F,F,.,0.21 E,0.051093599,24.23698764,2.374523515,F,F,58.38561635,9.566387607,60.70092317,3.696385578,0.354206144,0.038579118,0.22 E,0.050639552,0.75 E,0.150602225,1.01234217,0.15239135
TABLE ,13B,Female,71+ Years,1448,8.943816711,2.57 E,0.575627268,F,F,F,.,14.84 E,4.264016078,0.04 E,0.009266473,F,F,F,.,0.21 E,0.064036615,28.68109166,4.468597201,15 E,4.21179387,60.01 E,12.75850497,60.00920985,7.361667254,0.43 E,0.073013988,0.24 E,0.056496167,0.93 E,0.167767942,0.94997281,0.093428937
TABLE ,13B,Female,19+ Years,7138,7.299630535,2.042091245,0.201667282,F,F,F,.,13.29 E,2.616811194,0.029683063,0.003111713,F,F,F,.,0.19 E,0.032008757,27.97526855,1.69888367,21.27788756,3.386525462,60.00474642,3.231157614,61.70662243,6.381050585,0.406637876,0.025821416,0.288448812,0.03472886,0.894473263,0.098228531,1.026101831,0.052630365
HALF & HALF,13C,Both,All ages,19670,10.45948891,3.701053467,0.359332713,F,F,F,F,22.15141804,2.005261332,0.047151714,0.003915666,F,F,F,F,0.291215452,0.021679199,35.38464927,3.060762137,22.1217152,1.044498564,60.50599437,3.961277316,120.09 E,35.99876333,0.44974591,0.032583957,0.27806544,0.018644844,0.894195371,0.086722351,1.4 E,0.355312703
HALF & HALF,13C,Both,1-3 Years,1288,F,F,F,F,F,F,.,F,.,F,F,F,F,F,.,F,.,F,F,F,.,F,.,F,.,F,F,F,.,F,.,F,.
HALF & HALF,13C,Both,4-8 Years,1199,F,F,F,F,F,F,.,F,.,F,F,F,F,F,.,F,.,F,F,F,.,F,.,F,.,F,F,F,.,F,.,F,.
HALF & HALF,13C,Both,9-13 Years,1962,F,F,F,F,F,F,.,F,.,F,F,F,F,F,.,F,.,F,F,F,.,F,.,F,.,F,F,F,.,F,.,F,.
HALF & HALF,13C,Both,14-18 Years,1890,4.314621788,1.97 E,0.63227354,F,F,F,.,F,.,0.03 E,0.009362081,F,F,F,.,F,.,45.64 E,10.30387901,29.65778963,4.314736871,123.51 E,40.35815432,F,F,0.72 E,0.150487546,0.47 E,0.081481801,1.76 E,0.535413003,F,F
HALF & HALF,13C,Both,19-30 Years,1849,10.36326064,4.67 E,1.197313249,F,F,F,F,21.94 E,6.720436467,0.06 E,0.013382666,F,F,F,F,0.31 E,0.081884752,45.08 E,10.12312704,21.52 E,6.180211904,F,F,F,F,0.58 E,0.1175013,0.3 E,0.076304953,F,F,F,F
HALF & HALF,13C,Both,31-50 Years,4389,12.19811016,4.91 E,0.997945799,F,F,9.92 E,2.458019029,30.24593427,4.467685577,0.06 E,0.010255987,F,F,0.12 E,0.030437283,0.321156573,0.031977849,40.24 E,7.60798038,21.95825074,3.143943524,F,F,F,F,0.471933104,0.077248257,0.281548395,0.032529319,F,F,F,F
HALF & HALF,13C,Both,51-70 Years,4465,13.86442396,4.028369365,0.366882204,F,F,15.11 E,2.8086727,30.2550156,3.102928175,0.051433968,0.004818286,F,F,0.179933474,0.026266172,0.341549553,0.022225742,29.05543986,1.879413886,21.81759419,3.23497999,60.50191614,5.025140261,69.94907993,9.545789342,0.370978036,0.025094533,0.249633929,0.029309654,0.735806163,0.105257411,0.976512383,0.091752676
HALF & HALF,13C,Both,71+ Years,2628,13.27419224,3.771162759,0.465536617,F,F,15.01 E,3.693506053,30.24658213,4.79099403,0.053079995,0.006819841,F,F,0.16 E,0.03600568,0.369116588,0.034353018,28.4097344,2.378343556,21.24 E,3.951912686,60.48485766,6.690482876,67.88 E,13.31862572,0.399873637,0.036867948,0.279883261,0.032793063,0.84 E,0.148854866,1.14 E,0.236370946
HALF & HALF,13C,Both,1-18 Years,6339,1.877884905,0.68 E,0.185495181,F,F,F,.,F,.,0.01 E,0.00295886,F,F,F,.,F,.,36.26 E,7.264918754,21.34 E,6.017780059,F,F,129.61 E,41.00515679,0.688318701,0.109265348,0.44990085,0.074423046,1.72 E,0.300243733,1.97 E,0.588588168
HALF & HALF,13C,Both,19+ Years,13331,12.56721042,4.442824443,0.445739392,F,F,10.94479564,1.680772117,30.2550156,2.896340059,0.055420155,0.004797503,F,F,0.143596761,0.019831315,0.342347086,0.016690307,35.35251098,3.17192152,21.92896054,1.182634351,60.50602501,3.751608449,F,F,0.440990112,0.033488458,0.274850842,0.019112915,0.844476775,0.086868036,1.35 E,0.364729606
HALF & HALF,13C,Male,9-13 Years,1023,F,F,F,F,F,F,.,F,.,F,F,F,F,F,.,F,.,F,F,F,.,F,.,F,.,F,F,F,.,F,.,F,.
HALF & HALF,13C,Male,14-18 Years,900,4.664147465,F,F,F,F,F,.,F,.,F,F,F,F,F,.,F,.,44.28 E,13.82873899,29.79 E,7.915296401,91.99 E,29.92030543,121.03 E,34.71095253,0.64 E,0.196731425,0.44 E,0.141235574,F,F,1.81 E,0.514005913
HALF & HALF,13C,Male,19-30 Years,857,9.280303418,F,F,F,F,F,.,30.05 E,9.413290588,0.05 E,0.015449905,F,F,F,.,0.39 E,0.127918061,49.72 E,15.42305869,30.1 E,6.053101724,F,F,F,F,0.54 E,0.113541044,0.39 E,0.088852618,0.91 E,0.219635645,F,F
HALF & HALF,13C,Male,31-50 Years,2005,15.10319345,6.91 E,2.023426222,F,F,15.07 E,3.603360973,30.25489127,4.754412979,0.08 E,0.02070622,F,F,0.17 E,0.045360419,0.386346181,0.051302972,45.75 E,12.15684087,21.98 E,4.836604098,F,F,F,F,0.5 E,0.122834608,0.289535406,0.039984549,F,F,F,F
HALF & HALF,13C,Male,51-70 Years,2151,13.93257593,4.017396019,0.532417659,F,F,11 E,3.318664076,25.54 E,4.519753904,0.044996267,0.005749523,F,F,0.14 E,0.037052878,0.291381479,0.039829962,28.8345532,2.799650326,F,F,60.49496985,6.60008008,75.59 E,19.1041765,0.322957272,0.03234275,0.205252651,0.022471552,0.721757613,0.0927715,0.934276909,0.135998561
HALF & HALF,13C,Male,71+ Years,1180,14.10312871,3.73381852,0.559976554,F,F,15.04 E,4.420559374,30.25 E,5.045269615,0.045429371,0.00702281,F,F,0.16 E,0.041994788,0.348487779,0.052708395,26.47510773,2.75114652,21.56 E,4.429241961,43.49 E,10.04289746,60.51 E,12.69571048,0.322122644,0.036237215,0.26 E,0.049568264,0.5 E,0.104828751,0.7 E,0.128721526
HALF & HALF,13C,Male,19+ Years,6193,13.5616506,5.196835092,0.864010388,F,F,15.12 E,2.979635966,30.24897051,1.582139184,0.057803693,0.00867733,F,F,0.147284893,0.021954979,0.349922722,0.030253879,38.32007802,5.641529388,22.02914854,2.251847426,60.51 E,16.96960041,F,F,0.426229035,0.0561217,0.259576236,0.027518861,0.79 E,0.16937688,F,F
HALF & HALF,13C,Female,9-13 Years,939,F,F,F,F,F,F,.,F,.,F,F,F,F,F,.,F,.,F,F,F,.,F,.,F,.,F,F,F,.,F,.,F,.
HALF & HALF,13C,Female,14-18 Years,990,3.945054864,F,F,F,F,F,.,F,.,F,F,F,F,F,.,F,.,F,F,29.47 E,6.366974388,F,F,F,F,F,F,0.52 E,0.129693173,F,F,F,F
HALF & HALF,13C,Female,19-30 Years,992,11.56242564,4.74 E,1.422643459,F,F,F,F,F,F,0.07 E,0.021517376,F,F,F,F,F,F,F,F,F,F,F,F,F,F,F,F,F,F,F,F,F,F
HALF & HALF,13C,Female,31-50 Years,2384,9.418053462,2.994636008,0.429888574,F,F,F,.,15.12 E,4.920304334,0.039779632,0.005390863,F,F,F,.,0.23 E,0.043938529,31.79676161,3.72341765,20.52 E,3.807468907,60.51 E,18.29511755,90.76 E,19.91455862,0.422376364,0.046981102,0.25 E,0.042698269,0.95 E,0.195206724,1.374037894,0.152796432
HALF & HALF,13C,Female,51-70 Years,2314,13.79782441,4.039092752,0.563786332,F,F,15.12 E,3.41373405,30.2550156,3.517769241,0.057725025,0.008109155,F,F,0.21 E,0.044338061,0.350045452,0.03390256,29.27340305,2.578951256,21.23 E,4.184716295,60.50383113,8.765312052,62.89455428,10.17255854,0.418363238,0.036534397,0.3269763,0.034880806,0.8 E,0.144015711,0.977699401,0.156978569
HALF & HALF,13C,Female,71+ Years,1448,12.61752819,3.8 E,0.670692392,F,F,10.96 E,3.588499695,30.25 E,6.520231484,0.06 E,0.010518177,F,F,F,F,0.377002248,0.046819363,30.12274616,3.621162136,18.64 E,4.314260843,60.49467249,8.950393886,69.08 E,19.62717782,0.468718116,0.058026471,0.333254243,0.041394123,1 E,0.226336126,1.44 E,0.298527082
HALF & HALF,13C,Female,19+ Years,7138,11.60713867,3.714872849,0.342616847,F,F,9.99 E,3.18474242,22.15 E,4.849054607,0.053118994,0.004956656,F,F,0.13 E,0.042406091,0.335472172,0.021525777,32.00506993,2.38149459,20.2550016,2.924277102,60.50415004,2.63977039,90.74 E,16.74389344,0.457640732,0.03490443,0.287780998,0.025277034,0.93911342,0.081901096,1.332769438,0.155300432
SOUR ,13D,Both,All ages,19670,5.331461719,1.281583497,0.094962059,F,F,F,.,F,F,0.02051412,0.001688501,F,F,F,.,F,F,24.03812622,1.365311739,14.377359,0.704805618,56.00009177,2.494572405,70.57 E,12.09883037,0.384568654,0.025381806,0.231776683,0.023021172,0.887897453,0.059717449,1.184622464,0.12487426
SOUR ,13D,Both,1-3 Years,1288,2.788849551,0.33 E,0.093991403,F,F,F,.,F,.,0.02 E,0.005220475,F,F,F,.,F,.,11.66 E,1.963500604,13.75 E,3.790536293,F,F,27.36 E,8.451650061,0.690249571,0.095208338,0.79 E,0.241826173,1.12942192,0.133078216,1.2 E,0.238860537
SOUR ,13D,Both,4-8 Years,1199,6.047614718,1.58 E,0.509801307,F,F,F,.,F,F,0.07 E,0.020715891,F,F,F,.,F,F,26.05 E,6.316944762,14.38 E,2.903634789,56.01 E,13.67750383,F,F,1.1 E,0.250735084,0.82 E,0.173345017,2.62 E,0.802398685,3.11 E,0.989744074
SOUR ,13D,Both,9-13 Years,1962,5.326427532,0.9 E,0.171706163,F,F,F,.,F,F,0.02 E,0.003645311,F,F,F,.,F,F,16.96 E,3.146510401,F,F,45.95 E,8.372906826,60.08 E,11.2760657,0.38 E,0.067006999,F,F,1.07 E,0.198201398,1.48 E,0.273734684
SOUR ,13D,Both,14-18 Years,1890,5.987622705,1.42 E,0.286534952,F,F,F,.,F,F,0.02 E,0.004793578,F,F,F,.,F,F,23.71588054,3.847768368,14.15 E,2.70836768,56.58498426,8.299356976,70.66 E,16.06578894,0.38 E,0.066215492,0.22 E,0.046415456,0.81 E,0.162281617,1.1 E,0.356860119
SOUR ,13D,Both,19-30 Years,1849,6.143143137,1.46 E,0.279403993,F,F,F,.,F,F,0.02 E,0.003998277,F,F,F,.,F,F,23.79796451,3.268044068,16.25 E,3.718087313,56.11 E,9.473307699,66.76195167,7.607832762,0.331941437,0.043685083,0.26 E,0.056397279,0.662464798,0.09099876,0.859147084,0.117451805
SOUR ,13D,Both,31-50 Years,4389,6.090083658,1.539928645,0.205547608,F,F,F,.,F,F,0.019771069,0.002671679,F,F,F,.,F,F,25.28583729,2.379536895,14.38 E,3.835432703,57.49173175,2.657218377,71.66 E,21.48334907,0.32464363,0.03051956,0.225853663,0.037055057,0.735177755,0.113367369,1.021183896,0.097212049
SOUR ,13D,Both,51-70 Years,4465,4.182813666,1.01 E,0.182033901,F,F,F,.,F,.,0.01 E,0.002527722,F,F,F,.,F,.,24.04618545,3.48271008,15.46544668,2.452764563,51.26 E,15.3535557,96.11 E,24.66208626,0.310193977,0.048321877,0.19 E,0.046232513,0.66 E,0.183919673,1.2 E,0.386859749
SOUR ,13D,Both,71+ Years,2628,4.995381639,1.24 E,0.255523652,F,F,F,.,F,.,0.02 E,0.003325424,F,F,F,.,F,.,24.8842776,3.648673039,16.65 E,4.360992608,47.26041775,7.423696761,F,F,0.338795801,0.04998386,F,F,0.65 E,0.163093309,0.96 E,0.234581037
SOUR ,13D,Both,1-18 Years,6339,5.295650432,1.143428446,0.168427915,F,F,F,.,F,F,0.03 E,0.006136388,F,F,F,.,F,F,21.59184146,2.533581836,14.00189335,0.563757712,55.87121849,5.658509443,62.05 E,19.12682785,0.635902377,0.095328279,0.41 E,0.074059441,1.66 E,0.366167557,2.12 E,0.455541857
SOUR ,13D,Both,19+ Years,13331,5.340257303,1.315515659,0.112213608,F,F,F,.,F,F,0.017298178,0.001515563,F,F,F,.,F,F,24.63393773,1.554684068,15.46674995,1.143363822,56.00044053,2.796224222,72.4 E,14.33450158,0.323920318,0.020837331,0.22288078,0.023523248,0.684758354,0.082778628,0.982890059,0.091201998
SOUR ,13D,Male,9-13 Years,1023,6.084739952,0.78 E,0.250974924,F,F,F,.,F,F,0.02 E,0.005091191,F,F,F,.,F,F,F,F,F,F,F,F,F,F,0.28 E,0.092307821,F,F,F,F,1.29 E,0.424545028
SOUR ,13D,Male,14-18 Years,900,5.537521672,1.63 E,0.455961086,F,F,F,.,F,F,0.02 E,0.007556471,F,F,F,.,F,F,29.47 E,7.063919559,F,F,65.47 E,15.47621595,91.91 E,20.72940549,0.45 E,0.120632983,F,F,F,F,1.6 E,0.49867728
SOUR ,13D,Male,19-30 Years,857,2.87851618,0.82 E,0.259327873,F,F,F,.,F,.,0.01 E,0.003335035,F,F,F,.,F,.,F,F,F,F,68.99 E,14.54377968,F,F,F,F,F,F,0.86 E,0.16310967,F,F
SOUR ,13D,Male,31-50 Years,2005,5.255434144,1.66 E,0.336395481,F,F,F,.,F,F,0.02 E,0.004101891,F,F,F,.,F,F,31.61845959,4.883372788,F,F,F,F,114.95 E,22.05966663,0.366100816,0.058896598,F,F,0.896626411,0.139595618,1.144288042,0.160977397
SOUR ,13D,Male,51-70 Years,2151,3.059007671,0.82 E,0.256295221,F,F,F,.,F,.,0.01 E,0.002493588,F,F,F,.,F,.,26.89 E,6.574066962,F,F,F,F,117.02 E,36.56697728,0.28 E,0.062568251,F,F,0.67 E,0.202808982,1.04 E,0.232719424
SOUR ,13D,Male,71+ Years,1180,5.19972637,1.16 E,0.292897507,F,F,F,.,F,F,0.02 E,0.00412324,F,F,F,.,F,F,22.4 E,4.495509515,16.41 E,4.82396344,F,F,63.53 E,17.87250609,0.3 E,0.061315098,F,F,F,F,0.93 E,0.280752529
SOUR ,13D,Male,19+ Years,6193,4.095517137,1.179234193,0.164700073,F,F,F,.,F,.,0.013783745,0.001913668,F,F,F,.,F,.,28.79329163,3.205346493,16.09 E,5.353440523,60.22 E,16.62481281,114.9484527,18.13992468,0.336556889,0.037151034,0.19 E,0.047267506,0.892298555,0.118660628,1.184514088,0.140734883
SOUR ,13D,Female,9-13 Years,939,4.528340298,1.04 E,0.249852107,F,F,F,.,F,.,0.02 E,0.00541982,F,F,F,.,F,.,22.8984642,3.429187104,F,F,54.74 E,10.30119068,58.45383915,6.077211398,0.518950744,0.075356212,0.433668567,0.062000251,1.09 E,0.209554745,1.48 E,0.252357231
SOUR ,13D,Female,14-18 Years,990,6.463531817,1.2 E,0.330488192,F,F,F,.,F,F,0.02 E,0.005713712,F,F,F,.,F,F,18.51 E,4.214399791,F,F,41.758818,6.06322383,48.51 E,11.73616598,0.31 E,0.074236765,F,F,0.67 E,0.117424614,0.83 E,0.186742817
SOUR ,13D,Female,19-30 Years,992,9.758084071,2.17 E,0.491053761,F,F,F,.,16 E,4.899015206,0.03 E,0.007294043,F,F,F,.,0.29 E,0.093352132,22.25712861,2.579350923,16.25 E,3.646714405,46.41 E,9.035433859,46.5 E,10.15004281,0.321484787,0.035984356,0.3 E,0.065802423,0.55 E,0.092525039,0.66 E,0.12424929
SOUR ,13D,Female,31-50 Years,2384,6.888812212,1.42 E,0.237459344,F,F,F,.,F,F,0.02 E,0.003393184,F,F,F,.,F,F,20.66263493,2.496493017,14.38 E,3.130890019,43.03000675,6.901967213,57.16283806,4.656822531,0.294377343,0.035629362,0.22 E,0.051569673,0.61 E,0.117369587,0.98 E,0.182077374
SOUR ,13D,Female,51-70 Years,2314,5.281020671,1.18 E,0.261014199,F,F,F,.,F,F,0.02 E,0.004413121,F,F,F,.,F,F,22.44 E,3.965990839,14.96 E,3.135960335,F,F,65.79 E,20.4677341,0.32 E,0.069002984,0.21 E,0.051775556,F,F,F,F
SOUR ,13D,Female,71+ Years,1448,4.833504533,1.31 E,0.38051188,F,F,F,.,F,.,0.02 E,0.004837851,F,F,F,.,F,.,27 E,5.617782317,F,F,46.99 E,10.41165021,F,F,0.37 E,0.076760238,F,F,0.84 E,0.171458654,0.97 E,0.298798261
SOUR ,13D,Female,19+ Years,7138,6.541978512,1.447087157,0.151226112,F,F,F,.,F,F,0.020691151,0.002293239,F,F,F,.,F,F,22.12002308,1.672245745,15.46620306,1.073265942,46.41425544,3.472131656,57.49935656,5.914565318,0.31628277,0.025969396,0.230146196,0.02861709,0.633189509,0.05724998,0.889498212,0.12294912
CHEESES ,14,Both,All ages,19670,58.47263193,27.77698011,0.683285327,10.49517877,0.683285327,77.7097335,2.388711638,111.9946083,2.550525746,0.476501598,0.010051293,0.154916322,0.012526398,1.274501185,0.034044205,1.888823273,0.044026444,47.5042412,0.983868796,31.5,0.871207231,104.8079969,2.610699214,135.9996229,3.514011685,0.815463135,0.014771339,0.492276539,0.015528404,1.746947538,0.045569392,2.551482882,0.075644685
CHEESES ,14,Both,1-3 Years,1288,65.11224863,23.28826098,1.729905153,10.51 E,1.729905153,65.78216251,4.27271066,83.97384547,6.627889799,1.704331619,0.131807243,0.81 E,0.162661031,4.853552439,0.310068812,6.229442098,0.533336686,35.76632887,2.331840875,20.99604502,1.318728825,74.91982069,5.312107646,104.0307031,13.56715108,2.649203384,0.176767034,1.650147193,0.093357961,5.938464399,0.482221005,7.623470414,1.173745204
CHEESES ,14,Both,4-8 Years,1199,64.4843473,26.60029825,1.503431342,17.7048414,1.503431342,70.34591372,4.251521018,95.45995977,8.38775816,1.178014459,0.068425957,0.778305743,0.117327352,2.953768907,0.261183197,3.942588889,0.315060209,41.25078312,1.844857143,30.45657395,1.442636483,83.96345823,6.284641938,114.2507775,8.927493338,1.826822335,0.085044004,1.378969556,0.098196324,3.794012132,0.216985473,4.80083171,0.305661701
CHEESES ,14,Both,9-13 Years,1962,65.63630693,31.29076311,1.479913496,18.57868509,1.479913496,82.17871864,5.459179463,122.9979133,8.84743886,0.748287689,0.034198599,0.390214582,0.027098995,1.978076108,0.102352786,2.924505273,0.244068551,47.67294897,2.060444653,33.95880337,1.876205753,105.4041934,9.236719634,151.6450787,12.30931173,1.140051481,0.047699397,0.793367021,0.051070011,2.468618697,0.224377222,3.508823333,0.264555223
CHEESES ,14,Both,14-18 Years,1890,62.4533006,34.11697188,1.704631269,20.69429235,1.704631269,85.88063883,4.550011274,125.6520207,7.620550032,0.530899002,0.026946043,0.29823297,0.02521736,1.401833034,0.059815057,1.952830154,0.14286467,54.6279725,2.272878636,41.15854897,2.137232257,116.6359765,7.750651737,150.2286101,11.90734284,0.85007357,0.035985145,0.618210487,0.029279773,1.752940576,0.123689597,2.541025326,0.222824606
CHEESES ,14,Both,19-30 Years,1849,62.16788502,34.84857065,2.794271903,15.95609713,2.794271903,89.69910074,7.618412116,135.3602509,12.91348131,0.468728066,0.033208965,0.23631011,0.028770695,1.23639956,0.121459627,1.639187967,0.245260338,56.05558342,4.013866028,37.50322419,3.650255437,123.0127214,13.46911988,169.3972342,19.65496918,0.753971389,0.046871464,0.531393828,0.059676566,1.497021107,0.128245635,2.484630876,0.326110445
CHEESES ,14,Both,31-50 Years,4389,59.81804274,29.08721506,1.236893652,9.69 E,1.236893652,84,3.649521268,116.1779576,3.767806751,0.377937017,0.016055007,0.13 E,0.022070749,1.124570177,0.056907126,1.519037312,0.076982043,48.62615648,1.838182905,33.87449318,2.203743635,109.3288308,4.282424156,139.9613051,6.82712752,0.631811071,0.023998437,0.445395291,0.023905939,1.350663185,0.085628572,1.821439492,0.071629899
CHEESES ,14,Both,51-70 Years,4465,53.6011483,24.94392184,1.151947388,F,F,68.52411233,3.317694773,103.2255446,4.684750238,0.323173912,0.014326095,F,F,0.920594916,0.048070805,1.327219455,0.071425055,46.53617064,1.821165926,29.60142191,1.628322773,100.0320618,5.451459984,129.2589724,9.967726354,0.602923487,0.022688066,0.385738307,0.017112476,1.260993285,0.060432836,1.777212543,0.105783858
CHEESES ,14,Both,71+ Years,2628,50.40665646,18.02791697,0.820806806,F,F,49.72647509,3.042008585,77.62602598,5.401421964,0.251885675,0.011655098,F,F,0.73831127,0.041909497,1.045744523,0.065908777,35.76495296,1.353763648,25.38753465,2.006484223,77.56227938,5.495898076,106.3236388,7.352749586,0.499707168,0.01938334,0.353328616,0.015102727,1.036271773,0.064728499,1.428043987,0.130253095
CHEESES ,14,Both,1-18 Years,6339,64.31365703,29.45715715,0.816950541,17.89369974,0.816950541,76.99217562,3.127293349,112.2580377,4.846791542,0.956385266,0.031598619,0.411284214,0.022336931,2.497036259,0.1219281,3.867635194,0.146804083,45.80233579,1.077754252,31.49985443,0.979135487,96.42411128,4.376278698,129.4993356,5.848515148,1.490107354,0.044481595,0.992949013,0.028348812,3.369163785,0.171035377,4.67947595,0.201504985
CHEESES ,14,Both,19+ Years,13331,57.03802202,27.36431305,0.828342504,8.609586483,0.828342504,77.83394855,2.897226316,111.8264105,2.82758487,0.360039686,0.010369555,0.11272161,0.015446279,1.017511681,0.033061585,1.455166304,0.04930542,47.97556452,1.230999768,31.5,1.164371678,104.9998073,3.046982145,136.7974365,4.230346115,0.631227509,0.015356189,0.423032079,0.012597342,1.349808214,0.048908747,1.834562946,0.056134397
CHEESES ,14,Male,9-13 Years,1023,67.62442493,34.81387875,2.402394561,21,2.402394561,94.54662629,15.01425884,146.0977265,15.26395669,0.825689821,0.055969775,0.443126953,0.057025815,2.097175636,0.216721211,3.365315812,0.331727677,51.48121967,3.138842837,35.39400122,3.597786967,123.8399558,13.91420042,162.0685983,11.4795742,1.220993483,0.073497327,0.848447055,0.078226535,2.84407422,0.36586366,3.899415287,0.366562551
CHEESES ,14,Male,14-18 Years,900,66.22580639,39.07435009,2.656004428,21,2.656004428,98.45552662,8.337026504,127.0519429,11.85087998,0.570312083,0.038393707,0.342448936,0.030822351,1.444883584,0.106803118,2.049398414,0.232258089,59.00169771,3.533238406,42.5424071,1.920637883,119.3845813,7.984546085,158.7516263,20.6210469,0.861162912,0.051747821,0.631199214,0.027362215,1.758406555,0.176487691,2.623041681,0.263986258
CHEESES ,14,Male,19-30 Years,857,68.13019039,43.88496594,4.894109942,20.56206031,4.894109942,113.3974036,15.84124099,167.9907027,25.17148956,0.545909643,0.054928073,0.28 E,0.049898121,1.404417322,0.165129894,1.99 E,0.398303934,64.41339102,6.354863803,44.53453422,5.625752726,135.7919055,18.17954378,191.6898151,28.22378995,0.801274208,0.070106683,0.622563227,0.090716262,1.61 E,0.307337275,2.548913254,0.396988908
CHEESES ,14,Male,31-50 Years,2005,61.21897057,32.22318665,1.996024857,11.99 E,1.996024857,94.7791744,7.013297203,125.5766201,8.035619167,0.373651842,0.023401582,0.15 E,0.034276311,1.117596387,0.079487673,1.455042603,0.105711818,52.63594984,2.885960187,39.13777946,3.42842977,118.2289044,6.202167556,147.4844887,11.07078629,0.61035303,0.034201723,0.444686733,0.032741892,1.336566009,0.086868254,1.791339237,0.183423811
CHEESES ,14,Male,51-70 Years,2151,55.76872269,27.92425532,1.908616494,F,F,78.41427687,6.611504498,113.1496122,8.0951358,0.32271573,0.021575684,F,F,0.909207966,0.07709123,1.317160342,0.156186891,50.07153468,2.928556559,31.65185352,2.613452461,111.9951486,6.03643537,160.778459,19.19987058,0.57866796,0.033468259,0.366038084,0.026114826,1.250007486,0.123402461,1.86073954,0.207954879
CHEESES ,14,Male,71+ Years,1180,49.83714907,18.62945665,1.225288274,F,F,50.93515739,5.263817811,81.23135282,6.45983278,0.226465484,0.014924724,F,F,0.625603589,0.067816369,0.965902923,0.061329391,37.3806628,2.063071175,25.30046447,2.742568902,81.23930458,6.371800707,110.0125743,11.79820171,0.454410993,0.025336033,0.308678677,0.023424174,0.966071533,0.06079289,1.270133756,0.176314576
CHEESES ,14,Male,19+ Years,6193,59.42729956,31.42702382,1.419750141,12.85567148,1.419750141,88.00835595,4.887491735,126.1170069,6.653852486,0.37184099,0.016496006,0.151694252,0.023303,1.032535705,0.056501901,1.482862886,0.082522576,52.88314302,2.063391886,35.6534771,2.52960553,116.5186555,5.535921356,155.9823722,10.74941074,0.625707364,0.024035495,0.419294299,0.018732015,1.350660029,0.080660321,1.884922324,0.156412488
CHEESES ,14,Female,9-13 Years,939,63.54390866,27.58285389,1.972481177,15.13 E,1.972481177,75.21925587,5.940661934,98.74420064,7.478101261,0.66682568,0.042707694,0.351339247,0.050906841,1.812954647,0.109571816,2.419699346,0.232918225,43.40754994,2.716538412,31.24145233,2.455675851,88.7659188,5.985383048,121.1529392,11.24904065,1.049393552,0.058100621,0.729822662,0.068287632,2.099270069,0.155731806,2.93318821,0.319261814
CHEESES ,14,Female,14-18 Years,990,58.46448533,28.87534548,2.193994716,14.96 E,2.193994716,81.26793751,6.39943064,117.9207907,16.9546723,0.489226037,0.037860906,0.24 E,0.051980777,1.396956448,0.101560278,1.914884403,0.209458989,49.38954874,2.990293815,34.04431488,3.297176968,105.0770514,14.86437505,146.7640475,16.88278529,0.836791831,0.052485215,0.561535292,0.048809504,1.736802134,0.179154085,2.344908022,0.282215046
CHEESES ,14,Female,19-30 Years,992,55.56578867,24.84251616,2.260000047,F,F,76.46625689,8.115496512,91.62765169,8.692359762,0.383264445,0.03446349,F,F,1.096233916,0.104610844,1.492131365,0.119136168,44.70829399,3.158746191,31.06505244,2.883889008,89.72128678,6.702523826,131.64 E,23.30474735,0.689748951,0.048222727,0.450316653,0.052216772,1.483957543,0.117959849,1.83 E,0.39896605
CHEESES ,14,Female,31-50 Years,2384,58.47740688,26.08620685,1.546597791,8.37 E,1.546597791,75.00189826,5.188196873,104.9445324,4.750429651,0.382037769,0.022453569,0.12 E,0.024836281,1.128151451,0.07995249,1.582175886,0.113202435,44.60903491,2.306676477,30.00388919,2.006722535,99.46499497,5.904077758,121.4168093,6.41362429,0.653308328,0.033313413,0.445662832,0.036334795,1.437615771,0.121373407,1.861205734,0.073409503
CHEESES ,14,Female,51-70 Years,2314,51.48294872,22.03147687,1.275499571,F,F,63.42419546,3.426178469,85.05,4.211657783,0.323621658,0.018800205,F,F,0.924326241,0.055280951,1.322791551,0.07745489,42.79373544,2.247501312,28,1.540020445,84.88371431,3.937228218,111.7373787,6.869994027,0.628599693,0.032768758,0.411912096,0.022048865,1.290380432,0.072844975,1.720234968,0.137591921
CHEESES ,14,Female,71+ Years,1448,50.85780686,17.55139134,1.092913264,F,F,49.54042268,3.706725767,72.68875337,7.541547911,0.272022955,0.017325782,F,F,0.789194767,0.052984885,1.135441708,0.095001551,34.51071218,1.743564822,25.42625717,2.349468352,71.12711321,7.662141987,103.761181,12.3460839,0.534869614,0.027945148,0.380353597,0.025104603,1.128251252,0.092842073,1.523570963,0.189378072
CHEESES ,14,Female,19+ Years,7138,54.73131932,23.44201197,0.821523405,6.25 E,0.821523405,66.28977353,2.893754817,91.63739675,5.03785109,0.348646242,0.012086128,0.08 E,0.02048378,1.00358991,0.039843707,1.398546882,0.057358532,42.83107417,1.271210963,28.28297917,0.846198888,88.56403896,3.537811852,113.645615,4.889316279,0.637014138,0.018713924,0.426699215,0.016742175,1.346088772,0.052417413,1.818298751,0.067167386
COTTAGE CHEESE ,14A,Both,All ages,19670,1.822770782,1.666769921,0.24224061,F,F,F,.,F,.,0.025593802,0.003063342,F,F,F,.,F,.,91.44155359,11.5876679,43.35712763,6.189662078,209.9919934,24.28345138,F,F,1.404336333,0.154691416,0.64 E,0.109227722,2.92 E,0.541234208,4.83 E,1.207705581
COTTAGE CHEESE ,14A,Both,1-3 Years,1288,F,F,F,F,F,F,.,F,.,F,F,F,F,F,.,F,.,F,F,F,.,F,.,F,.,F,F,F,.,F,.,F,.
COTTAGE CHEESE ,14A,Both,4-8 Years,1199,F,F,F,F,F,F,.,F,.,F,F,F,F,F,.,F,.,F,F,F,.,F,.,F,.,F,F,F,.,F,.,F,.
COTTAGE CHEESE ,14A,Both,9-13 Years,1962,F,F,F,F,F,F,.,F,.,F,F,F,F,F,.,F,.,F,F,F,.,F,.,F,.,F,F,F,.,F,.,F,.
COTTAGE CHEESE ,14A,Both,14-18 Years,1890,F,F,F,F,F,F,.,F,.,F,F,F,F,F,.,F,.,F,F,F,.,F,.,F,.,F,F,F,.,F,.,F,.
COTTAGE CHEESE ,14A,Both,19-30 Years,1849,1.416276871,F,F,F,F,F,.,F,.,F,F,F,F,F,.,F,.,F,F,F,F,F,F,633.25 E,203.2227158,F,F,F,F,F,F,F,F
COTTAGE CHEESE ,14A,Both,31-50 Years,4389,1.963945152,1.38 E,0.252200912,F,F,F,.,F,.,0.02 E,0.003482832,F,F,F,.,F,.,70.09160326,8.37034489,43.26 E,8.350421666,169.8833225,28.08662217,209.9981513,22.21003547,0.951929023,0.117377389,0.57 E,0.126041467,2.21 E,0.38163375,2.809479317,0.433450444
COTTAGE CHEESE ,14A,Both,51-70 Years,4465,2.174031221,2.48 E,0.569485756,F,F,F,.,F,.,0.03 E,0.007135058,F,F,F,.,F,.,114.06 E,26.80483322,F,F,223.15 E,44.91762266,F,F,1.38 E,0.344310792,F,F,2.6 E,0.627929052,F,F
COTTAGE CHEESE ,14A,Both,71+ Years,2628,1.984812061,1.29 E,0.324194976,F,F,F,.,F,.,0.02 E,0.004864376,F,F,F,.,F,.,65 E,11.3592302,32.12 E,10.31189083,159.88 E,39.00719227,212.36 E,43.80384231,0.96 E,0.168271419,0.56 E,0.153117318,2.72 E,0.604182868,2.861761008,0.37695349
COTTAGE CHEESE ,14A,Both,1-18 Years,6339,1.330927708,0.89 E,0.176188646,F,F,F,.,F,.,0.04 E,0.007845999,F,F,F,.,F,.,66.5736925,7.712884317,F,F,116.67 E,27.4065565,176.7799005,29.09786409,2.7 E,0.497448869,1.57 E,0.316341521,7.61 E,1.602967169,9.900047045,1.580235132
COTTAGE CHEESE ,14A,Both,19+ Years,13331,1.943572001,1.858522532,0.29794796,F,F,F,.,F,.,0.023125888,0.003363455,F,F,F,.,F,.,95.62406391,13.60951619,43.35770376,6.592441913,222.09129,29.98168478,F,F,1.189865246,0.154176354,0.568677211,0.090480606,2.550776504,0.403054718,3.83 E,0.72012164
COTTAGE CHEESE ,14A,Male,9-13 Years,1023,F,F,F,F,F,F,.,F,.,F,F,F,F,F,.,F,.,F,F,F,.,F,.,F,.,F,F,F,.,F,.,F,.
COTTAGE CHEESE ,14A,Male,14-18 Years,900,F,F,F,F,F,F,.,F,.,F,F,F,F,F,.,F,.,F,F,F,.,F,.,F,.,F,F,F,.,F,.,F,.
COTTAGE CHEESE ,14A,Male,19-30 Years,857,F,F,F,F,F,F,.,F,.,F,F,F,F,F,.,F,.,F,F,F,.,F,.,F,.,F,F,F,.,F,.,F,.
COTTAGE CHEESE ,14A,Male,31-50 Years,2005,1.638674152,1.08 E,0.342232784,F,F,F,.,F,.,0.01 E,0.004130144,F,F,F,.,F,.,65.78 E,14.27568618,40.92 E,9.913689784,143.8 E,41.99400882,189.79 E,36.39244,0.76 E,0.143572032,0.568009228,0.0827241,F,F,2.21 E,0.627265824
COTTAGE CHEESE ,14A,Male,51-70 Years,2151,F,2.31 E,0.750699662,F,F,F,.,F,.,0.03 E,0.007936884,F,F,F,.,F,.,F,F,F,.,F,.,F,.,F,F,F,.,F,.,F,.
COTTAGE CHEESE ,14A,Male,71+ Years,1180,F,F,F,F,F,F,.,F,.,F,F,F,F,F,.,F,.,F,F,F,.,F,.,F,.,F,F,F,.,F,.,F,.
COTTAGE CHEESE ,14A,Male,19+ Years,6193,1.613985853,1.82 E,0.509134597,F,F,F,.,F,.,0.02 E,0.004955692,F,F,F,.,F,.,112.55 E,29.56485383,F,F,F,F,F,F,1.2 E,0.291168772,F,F,F,F,4.56 E,1.175482459
COTTAGE CHEESE ,14A,Female,9-13 Years,939,F,F,F,F,F,F,.,F,.,F,F,F,F,F,.,F,.,F,F,F,.,F,.,F,.,F,F,F,.,F,.,F,.
COTTAGE CHEESE ,14A,Female,14-18 Years,990,F,F,F,F,F,F,.,F,.,F,F,F,F,F,.,F,.,F,F,F,.,F,.,F,.,F,F,F,.,F,.,F,.
COTTAGE CHEESE ,14A,Female,19-30 Years,992,F,F,F,F,F,F,.,F,.,F,F,F,F,F,.,F,.,F,F,F,.,F,.,F,.,F,F,F,.,F,.,F,.
COTTAGE CHEESE ,14A,Female,31-50 Years,2384,2.275217407,1.66 E,0.35660927,F,F,F,.,F,.,0.02 E,0.005385519,F,F,F,.,F,.,73.06196088,10.94503345,F,F,171.02 E,31.95994764,208.6751825,26.56517328,1.084541136,0.169305443,F,F,2.41 E,0.419587081,3.2 E,0.596965841
COTTAGE CHEESE ,14A,Female,51-70 Years,2314,2.171831314,F,F,F,F,F,.,F,.,F,F,F,F,F,.,F,.,F,F,F,F,F,F,F,F,F,F,F,F,F,F,F,F
COTTAGE CHEESE ,14A,Female,71+ Years,1448,2.997538493,2.07 E,0.565201565,F,F,F,.,F,.,0.03 E,0.008554157,F,F,F,.,F,.,69.17 E,13.3044916,40.49 E,12.71765803,162.09 E,34.03704545,186.74 E,31.92571287,1.04 E,0.198200465,F,F,2.75 E,0.575877974,2.935085104,0.389423075
COTTAGE CHEESE ,14A,Female,19+ Years,7138,2.261767457,1.9 E,0.362801157,F,F,F,.,F,.,0.03 E,0.00501573,F,F,F,.,F,.,83.96 E,14.17746031,39.38 E,8.079467356,173.1130105,28.24524575,224.41 E,51.88144935,1.184061391,0.195280323,0.6 E,0.137048761,2.551125513,0.337397737,3.53 E,0.702406044
CHEESE- LESS THAN 10% B.F. ,14B,Both,All ages,19670,2.61627069,0.748536489,0.067438597,F,F,F,.,F,.,0.014193466,0.001457734,F,F,F,.,F,.,28.61081964,1.411454795,F,.,52.85726763,7.773907714,83.99167609,12.18980342,0.541548458,0.04098652,0.336817507,0.020395671,1.164150971,0.148499813,1.555682847,0.185869911
CHEESE- LESS THAN 10% B.F. ,14B,Both,1-3 Years,1288,3.154468469,0.49 E,0.131837726,F,F,F,.,F,.,0.04 E,0.009278907,F,F,F,.,F,.,15.47084556,2.360827916,12.17 E,3.457051599,23.11 E,4.305274876,32.62 E,7.43576372,1.07 E,0.196605811,F,F,2.216427247,0.352352946,2.457521277,0.372351152
CHEESE- LESS THAN 10% B.F. ,14B,Both,4-8 Years,1199,5.218458783,1.48 E,0.432907499,F,F,F,.,F,F,0.07 E,0.021572455,F,F,F,.,F,F,28.38 E,4.950236267,20.92739371,3.089298821,F,F,F,F,1.384964887,0.209151995,1.15 E,0.215277887,2.3 E,0.640265728,F,F
CHEESE- LESS THAN 10% B.F. ,14B,Both,9-13 Years,1962,2.872476313,0.92 E,0.19145679,F,F,F,.,F,.,0.02 E,0.004533886,F,F,F,.,F,.,32.02123383,4.320454671,21 E,5.016226832,58.62 E,16.26950562,94.81 E,25.64001458,0.735703273,0.112118441,0.47455572,0.068279688,1.33 E,0.386723687,2.2 E,0.520356142
CHEESE- LESS THAN 10% B.F. ,14B,Both,14-18 Years,1890,3.333646073,0.81 E,0.150141359,F,F,F,.,F,.,0.01 E,0.002453896,F,F,F,.,F,.,24.29230365,1.647572735,20.99636309,0.594991432,39.75947814,2.909055291,41.25559689,1.399630936,0.378623826,0.034930567,0.333529516,0.039046561,0.679170729,0.066738736,0.748652346,0.063809358
CHEESE- LESS THAN 10% B.F. ,14B,Both,19-30 Years,1849,2.722949239,0.84 E,0.210634521,F,F,F,.,F,.,0.01 E,0.003125611,F,F,F,.,F,.,30.72941128,3.322402176,22.7975325,2.236158592,53.89 E,10.35053647,75.02874987,11.69613438,0.427862958,0.048280056,0.369815062,0.033168478,F,F,1.23 E,0.323453696
CHEESE- LESS THAN 10% B.F. ,14B,Both,31-50 Years,4389,1.745972076,0.49 E,0.084245951,F,F,F,.,F,.,0.01 E,0.001119539,F,F,F,.,F,.,28.04581831,2.893481096,21,0.195140086,60.1 E,15.73423956,83.97 E,15.5391931,0.365194798,0.038522922,0.281412328,0.014143704,0.69 E,0.195667196,0.95 E,0.271275695
CHEESE- LESS THAN 10% B.F. ,14B,Both,51-70 Years,4465,2.739470429,0.86 E,0.172272183,F,F,F,.,F,.,0.01 E,0.002152274,F,F,F,.,F,.,31.45270744,3.695545004,21 E,3.921879804,60.98 E,12.9849917,72.97413128,10.99234046,0.398973395,0.04882067,0.31 E,0.051732869,0.763862328,0.091411048,0.86 E,0.155680987
CHEESE- LESS THAN 10% B.F. ,14B,Both,71+ Years,2628,2.672722185,0.68 E,0.126737143,F,F,F,.,F,.,0.01 E,0.001570304,F,F,F,.,F,.,25.48233971,2.352959108,20.78324633,0.330457495,41.75750244,3.240078771,41.95 E,11.87257971,0.323598811,0.029430167,0.281290958,0.026824618,0.576103974,0.093895804,0.72 E,0.122482861
CHEESE- LESS THAN 10% B.F. ,14B,Both,1-18 Years,6339,3.708223021,0.97350965,0.137761872,F,F,F,.,F,.,0.04 E,0.006387709,F,F,F,.,F,.,26.25272656,2.049405986,21,0.398596512,41.74941565,4.819946946,61.63 E,15.9497634,0.946818721,0.101368824,0.62 E,0.112728421,1.885476868,0.287517143,2.34 E,0.453011683
CHEESE- LESS THAN 10% B.F. ,14B,Both,19+ Years,13331,2.348077075,0.693280994,0.079182892,F,F,F,.,F,.,0.009032521,0.00104977,F,F,F,.,F,.,29.52547861,1.773705096,21,0.304360817,58.05178869,9.402873849,84,9.809821971,0.384677349,0.023967733,0.300672767,0.013019627,0.759333995,0.076006228,0.924427688,0.153224212
CHEESE- LESS THAN 10% B.F. ,14B,Male,9-13 Years,1023,3.664320003,1.2 E,0.322696971,F,F,F,.,F,.,0.02 E,0.006474891,F,F,F,.,F,.,32.82 E,6.052742578,21 E,6.104671678,60.41 E,18.64232298,94.85 E,25.10119434,0.66 E,0.131571174,0.45 E,0.096112187,F,F,2.2 E,0.685485828
CHEESE- LESS THAN 10% B.F. ,14B,Male,14-18 Years,900,3.473944419,0.85 E,0.196589834,F,F,F,.,F,.,0.01 E,0.002875424,F,F,F,.,F,.,24.52035101,1.866885761,20.99498778,1.209102795,38.17240701,4.784483582,41.24433353,3.34333119,0.352027101,0.03570827,0.284165733,0.030040421,0.602863773,0.067120501,0.620300975,0.040763764
CHEESE- LESS THAN 10% B.F. ,14B,Male,19-30 Years,857,3.639680586,1.18 E,0.374423373,F,F,F,.,F,.,F,F,F,F,F,.,F,.,32.31690831,4.428202313,23.3 E,5.354179967,50.52 E,11.13576832,69.47 E,13.66846437,0.435756442,0.059332835,0.36767298,0.032056839,F,F,F,F
CHEESE- LESS THAN 10% B.F. ,14B,Male,31-50 Years,2005,1.819245104,0.5 E,0.123809613,F,F,F,.,F,.,0.01 E,0.001502934,F,F,F,.,F,.,27.61746559,3.910373147,20.93171313,1.83158694,55.92 E,16.62462063,83.75 E,21.15733402,0.335426366,0.043482607,0.263790539,0.030282719,0.7 E,0.191385486,0.9 E,0.186381633
CHEESE- LESS THAN 10% B.F. ,14B,Male,51-70 Years,2151,3.281544385,1.13 E,0.302885437,F,F,F,.,F,.,0.01 E,0.003383468,F,F,F,.,F,.,34.37711698,5.482728835,F,F,64.43 E,12.73833412,75.74566856,10.80197559,0.395623401,0.06370687,0.28 E,0.085842822,0.784098117,0.118434958,0.851806364,0.086931056
CHEESE- LESS THAN 10% B.F. ,14B,Male,71+ Years,1180,3.92938702,1.06 E,0.248972324,F,F,F,.,F,.,0.01 E,0.002943699,F,F,F,.,F,.,26.97342831,3.324077562,20.79732877,0.973289254,41.7 E,8.121235098,F,F,0.328553417,0.037425529,0.288096448,0.02440004,0.44 E,0.145491987,F,F
CHEESE- LESS THAN 10% B.F. ,14B,Male,19+ Years,6193,2.858185585,0.890761824,0.133715578,F,F,F,.,F,.,0.010867701,0.001648722,F,F,F,.,F,.,31.16528991,2.54104519,21,1.535219537,60.67 E,10.52998303,82.87133319,10.87116151,0.380230764,0.029946793,0.302957974,0.025827024,0.682759739,0.100807104,0.869761685,0.095906448
CHEESE- LESS THAN 10% B.F. ,14B,Female,9-13 Years,939,2.039099037,0.62 E,0.19072133,F,F,F,.,F,.,F,F,F,F,F,.,F,.,30.51198678,5.059238871,23.73 E,4.8712791,41.78 E,12.10362667,F,F,0.88 E,0.195070872,0.52 E,0.166925389,1.46 E,0.429186805,F,F
CHEESE- LESS THAN 10% B.F. ,14B,Female,14-18 Years,990,F,0.77 E,0.222832575,F,F,F,.,F,.,0.01 E,0.00397908,F,F,F,.,F,.,F,F,F,.,F,.,F,.,F,F,F,.,F,.,F,.
CHEESE- LESS THAN 10% B.F. ,14B,Female,19-30 Years,992,F,F,F,F,F,F,.,F,.,F,F,F,F,F,.,F,.,F,F,F,.,F,.,F,.,F,F,F,.,F,.,F,.
CHEESE- LESS THAN 10% B.F. ,14B,Female,31-50 Years,2384,1.675852512,0.48 E,0.118639954,F,F,F,.,F,.,0.01 E,0.001689562,F,F,F,.,F,.,28.49081011,4.676789854,21,0.513730515,F,F,85.51 E,26.93803367,0.4 E,0.068840193,0.282941556,0.019727402,F,F,1.49 E,0.493704989
CHEESE- LESS THAN 10% B.F. ,14B,Female,51-70 Years,2314,2.209744285,0.6 E,0.158826171,F,F,F,.,F,.,0.01 E,0.002563897,F,F,F,.,F,.,27.20878616,4.369291397,20.82 E,3.777761759,41.8 E,11.06169095,65.2 E,16.33436749,0.4 E,0.077006087,0.31 E,0.071969898,0.74 E,0.126860544,0.89 E,0.178508506
CHEESE- LESS THAN 10% B.F. ,14B,Female,71+ Years,1448,1.677221759,0.38 E,0.108501968,F,F,F,.,F,.,0.01 E,0.001550026,F,F,F,.,F,.,22.71501734,2.771769262,20.73274572,1.911218124,41.49823158,5.711978223,41.80821185,2.528902401,0.314403522,0.04919674,0.22 E,0.05532806,0.616757672,0.095300539,0.718294832,0.089364392
CHEESE- LESS THAN 10% B.F. ,14B,Female,19+ Years,7138,1.855598216,0.50262522,0.075171746,F,F,F,.,F,.,0.007260765,0.001145625,F,F,F,.,F,.,27.08696393,2.400385466,21,0.059280478,41.96950687,13.98056024,84 E,18.65701043,0.391289733,0.039546358,0.298372549,0.017315736,0.74 E,0.188221038,1.26 E,0.289039247
CHEESE- 10% B.F. TO 25% B.F. ,14C,Both,All ages,19670,32.80093958,11.68140889,0.364944538,F,F,41.55565014,0.669879042,60.48732609,2.416499161,0.205079622,0.006143738,F,F,0.636195799,0.020356236,1.040399815,0.033562259,35.61303132,0.840195453,24.57763362,0.971896883,74.42214438,3.095257951,98.01883564,3.503126986,0.625483112,0.015956288,0.386265343,0.010666345,1.325804726,0.04768612,1.876877188,0.083972012
CHEESE- 10% B.F. TO 25% B.F. ,14C,Both,1-3 Years,1288,35.20140415,10.27573267,1.499722166,F,F,30.61494218,4.881351871,41.94137795,4.7678745,0.712302738,0.109194359,F,F,2.09 E,0.35012504,3.368542762,0.36902574,29.1912579,3.457513966,20.87863579,0.173762244,50.91626194,6.780944757,F,F,2.038488482,0.24930255,1.431939528,0.072610056,3.595520954,0.582147203,F,F
CHEESE- 10% B.F. TO 25% B.F. ,14C,Both,4-8 Years,1199,43.76327908,13.60785987,1.019684624,F,F,41.99968584,2.429617806,62.26055972,6.61930064,0.591915559,0.043132281,F,F,1.748065838,0.138800228,2.614262388,0.18812642,31.09424192,1.758747337,23.11653936,1.922576607,63.04245209,5.791934589,83.25324323,9.290452105,1.352539324,0.072840851,1.137147457,0.077348191,2.724719819,0.193782731,3.43524191,0.394755565
CHEESE- 10% B.F. TO 25% B.F. ,14C,Both,9-13 Years,1962,45.96386412,16.40721585,1.008035641,F,F,51.01390197,3.941192879,69.67264862,6.003383353,0.394208355,0.024228529,F,F,1.257897736,0.076581649,1.729752507,0.117086433,35.69590191,1.797912597,24.66928,1.893284452,72.0316432,7.48371238,97.89393628,12.4085935,0.857648422,0.043917733,0.608166423,0.036167833,1.774602624,0.123286591,2.193519624,0.302912125
CHEESE- 10% B.F. TO 25% B.F. ,14C,Both,14-18 Years,1890,39.79303843,14.27999982,0.939402011,F,F,42,1.952809361,64.51564517,6.222954155,0.223427379,0.015320831,F,F,0.691804256,0.040906302,1.017490572,0.077615027,35.88567343,1.797936586,24.29254044,1.417228496,74.72117526,6.592145774,105.7907802,12.62667092,0.561473534,0.030007036,0.383318062,0.017377712,1.120292127,0.094147849,1.609303804,0.206462526
CHEESE- 10% B.F. TO 25% B.F. ,14C,Both,19-30 Years,1849,39.13859378,14.20592304,1.128940889,F,F,46.85698209,3.659199097,70.29360118,4.302097073,0.193697853,0.01509027,F,F,0.624677477,0.060639128,0.941106146,0.049209954,36.29645747,2.261944659,26.53301973,2.605409962,75.27232444,4.255138933,86.98053039,8.905806931,0.494902434,0.030162564,0.362557363,0.023487488,0.995044109,0.054925988,1.257818326,0.098185792
CHEESE- 10% B.F. TO 25% B.F. ,14C,Both,31-50 Years,4389,31.95724982,12.82035989,0.908997588,F,F,42.63948531,2.412639796,63.86141101,6.050466158,0.165210061,0.011814859,F,F,0.582791355,0.041217553,0.843812521,0.054553667,40.11721897,2.158898323,27.33581113,1.119902407,86.20106781,5.063194253,104.2287824,10.40443882,0.516972086,0.028316372,0.348461543,0.01958445,1.088921736,0.108734265,1.453982312,0.128940931
CHEESE- 10% B.F. TO 25% B.F. ,14C,Both,51-70 Years,4465,27.5850034,9.239209707,0.598241318,F,F,31.60213852,2.316985442,47.7135169,3.228588118,0.118608086,0.007346273,F,F,0.424090836,0.023999826,0.65239363,0.034153519,33.4935964,1.653362812,22.71416765,1.648464885,67.19781986,5.810973366,94.58388559,8.416603057,0.429973069,0.019347186,0.321988145,0.013689498,0.823022311,0.049387294,1.03305186,0.086639014
CHEESE- 10% B.F. TO 25% B.F. ,14C,Both,71+ Years,2628,22.53365988,6.476601219,0.50811027,F,F,21,1.671346492,41.58162584,1.616592185,0.089286697,0.007515932,F,F,0.308332519,0.026991598,0.508484127,0.04433274,28.74189659,1.50038135,21,0.13809339,61.28941715,7.888846522,78.630776,6.787787674,0.396236995,0.023246075,0.286119493,0.012665965,0.848579641,0.059169198,1.059549253,0.095032221
CHEESE- 10% B.F. TO 25% B.F. ,14C,Both,1-18 Years,6339,41.78693568,13.99327856,0.543786925,F,F,42,0.769156234,63,2.397643749,0.450365565,0.022765231,F,F,1.428559611,0.052013168,2.073981464,0.110837483,33.48720917,1.031968115,22.28586819,1.187336798,68.56527998,3.398895442,90.52008413,5.858096719,1.076766094,0.047769037,0.707238952,0.032541888,2.255924744,0.156471595,3.181851814,0.172537846
CHEESE- 10% B.F. TO 25% B.F. ,14C,Both,19+ Years,13331,30.59389563,11.11359226,0.440340771,F,F,40.75193613,1.553994081,58.80234232,2.793617773,0.145551716,0.005745318,F,F,0.503688434,0.020964236,0.777567273,0.031360979,36.32617565,1.076923242,25.45603781,1.088194703,77.31164237,3.861944926,99.99505876,3.893054783,0.47575411,0.01392331,0.337200971,0.009161408,0.963863969,0.02686142,1.270798966,0.058012415
CHEESE- 10% B.F. TO 25% B.F. ,14C,Male,9-13 Years,1023,47.33461503,18.77388442,1.69550705,F,F,54.29679343,4.273652496,74.14 E,13.01983706,0.45033793,0.040543101,F,F,1.334857338,0.12500636,1.85966633,0.209369289,39.66206213,2.821701397,26.63143936,1.6278223,76.51 E,14.61847183,121.9159667,16.20655661,0.951392401,0.067851605,0.672301254,0.050982706,1.899597098,0.210994783,2.809917409,0.436512706
CHEESE- 10% B.F. TO 25% B.F. ,14C,Male,14-18 Years,900,40.55109863,15.41038332,1.344796115,F,F,48.27667436,4.030039128,64.5396291,7.74270036,0.221965184,0.019130425,F,F,0.694590866,0.049559504,0.994479258,0.084479722,38.00238179,2.506320239,26.45692391,1.860630024,73.92403479,7.997326721,90.32559549,8.950357629,0.547371566,0.035724301,0.384389937,0.024986737,1.086307303,0.069688237,1.31391033,0.161533931
CHEESE- 10% B.F. TO 25% B.F. ,14C,Male,19-30 Years,857,44.05793625,17.71140222,1.885180543,F,F,56.44828557,8.442057409,75.48070643,6.200811169,0.224511594,0.024330905,F,F,0.671744428,0.103323546,0.95719847,0.058666053,40.20025385,3.359193437,29.47909099,3.39014763,81.91661256,7.09498797,104.1428362,11.13330929,0.509582639,0.043425903,0.366877015,0.042835439,0.967930369,0.069729396,1.241681974,0.187922495
CHEESE- 10% B.F. TO 25% B.F. ,14C,Male,31-50 Years,2005,33.79675057,14.66491083,1.395682452,F,F,47.34385222,5.560924406,82.99319091,8.635453835,0.167263303,0.015557929,F,F,0.584368187,0.057598953,0.84228356,0.070812563,43.39148166,3.108808902,28.20824819,3.60325374,94.37134457,7.992935441,125.9502875,15.39573888,0.494909422,0.034661657,0.337211615,0.024807223,0.988655458,0.090021405,1.449260717,0.220131946
CHEESE- 10% B.F. TO 25% B.F. ,14C,Male,51-70 Years,2151,28.98561255,10.38518246,0.998690248,F,F,36.75447218,4.184232877,54.39241638,5.339117888,0.118833834,0.010801931,F,F,0.396528958,0.039219957,0.609726527,0.05911756,35.82874932,2.672247345,26.33780707,2.594820719,70.75975794,9.422567503,96.477577,9.230842178,0.409975238,0.028414133,0.287301344,0.021465672,0.763537967,0.086727633,1.03857238,0.127414103
CHEESE- 10% B.F. TO 25% B.F. ,14C,Male,71+ Years,1180,23.96396519,7.463950711,0.739489503,F,F,26.74207376,4.118150948,42,1.343802095,0.089147039,0.008727312,F,F,0.311434143,0.035306056,0.475711489,0.039737154,31.14655964,1.921248276,21,1.901992461,65.06453921,8.682036653,76.45588236,7.622387381,0.372004544,0.022580236,0.280653199,0.018020449,0.804371928,0.095315303,0.946117704,0.0749635
CHEESE- 10% B.F. TO 25% B.F. ,14C,Male,19+ Years,6193,32.98576463,13.01796574,0.695280153,F,F,42,1.787216439,68.12125683,4.180578488,0.153081968,0.008116074,F,F,0.507287722,0.029667768,0.796327433,0.040405247,39.46540542,1.57388149,27.97270678,1.134056724,83.99976603,3.02332758,104.876624,7.116934116,0.464084945,0.017955276,0.333518713,0.011873221,0.96080191,0.029878518,1.227236552,0.10772269
CHEESE- 10% B.F. TO 25% B.F. ,14C,Female,9-13 Years,939,44.52121493,13.91641137,1.083374375,F,F,41.9880532,3.919995442,68.61726916,6.614358001,0.335134686,0.025587229,F,F,1.216387796,0.106981727,1.573113352,0.108882021,31.25793264,1.992708273,21,1.462091838,69.17388617,7.383948092,90.24163478,5.266155272,0.752752787,0.04734126,0.507336214,0.055758186,1.611589585,0.123667594,2.028316279,0.130545026
CHEESE- 10% B.F. TO 25% B.F. ,14C,Female,14-18 Years,990,38.99151226,13.08480192,1.296619486,F,F,38.17103948,3.638462575,63.87 E,11.31424702,0.224973415,0.023864156,F,F,0.6457473,0.068225629,1.03 E,0.176515952,33.55807755,2.644342286,22.37370377,1.338487018,75.93 E,12.69897572,112.75 E,18.91493228,0.576980481,0.050296579,0.379059782,0.024310276,1.29 E,0.234671556,1.95 E,0.346959104
CHEESE- 10% B.F. TO 25% B.F. ,14C,Female,19-30 Years,992,33.69137646,10.32428502,1.121208991,F,F,41.7292218,6.332089483,48.81319673,6.536345148,0.159577614,0.017720444,F,F,0.584378341,0.081837128,0.857165869,0.097140648,30.64370204,2.465185282,21,1.347327262,63.03659201,7.066511916,79.9535784,5.282991695,0.473645279,0.040164347,0.32237961,0.029329704,1.068301025,0.113457361,1.25795354,0.099634907
CHEESE- 10% B.F. TO 25% B.F. ,14C,Female,31-50 Years,2384,30.19691599,11.05519322,1.21993546,F,F,38.074134,4.529617391,58.80283377,4.905471092,0.163245185,0.017968092,F,F,0.569300568,0.057923686,0.852189967,0.112275395,36.61033868,3.202630679,26.38641726,2.526622881,71.1720921,9.800969993,100.2262956,7.953258891,0.540602176,0.046177444,0.363970268,0.035302536,1.269086463,0.196004445,1.462889325,0.160847965
CHEESE- 10% B.F. TO 25% B.F. ,14C,Female,51-70 Years,2314,26.2162985,8.119340877,0.669567883,F,F,28,2.565786596,45.00000999,3.495059382,0.118387479,0.010172998,F,F,0.425878856,0.041845699,0.657785576,0.039599086,30.9705845,1.786441518,21.56906932,1.112469377,67.07593438,8.442834862,83.29844239,10.59294283,0.451579689,0.025880823,0.347375429,0.024762478,0.850485687,0.06289747,1.03 E,0.199534619
CHEESE- 10% B.F. TO 25% B.F. ,14C,Female,71+ Years,1448,21.40060554,5.694446096,0.688699623,F,F,20.87493304,1.087717499,36.57591102,4.679488502,0.08939733,0.011500622,F,F,0.303268377,0.041562399,0.572059778,0.061008783,26.60880827,2.216635287,20.82811832,0.526850644,52.89 E,10.28281973,78.88112361,12.94684497,0.417732713,0.037997234,0.295499459,0.021964126,0.87342543,0.111886338,1.17 E,0.217854455
CHEESE- 10% B.F. TO 25% B.F. ,14C,Female,19+ Years,7138,28.28469104,9.275035063,0.541542669,F,F,31.07736177,2.39520995,49.30452603,2.899814629,0.138281714,0.008020216,F,F,0.485604176,0.032401065,0.746676751,0.045191216,32.79171425,1.47268231,21.31720914,1.021262229,66.85145526,4.028392447,88.01549939,5.98121576,0.488892432,0.021731754,0.338902889,0.016706484,0.984236583,0.076858975,1.271701024,0.079593382
CHEESE- MORE THAN 25% B.F. ,14D,Both,All ages,19670,42.13290135,13.68026481,0.461621543,F,F,43.0577231,2.187906021,67.99985509,3.535076996,0.231634709,0.006738017,F,F,0.711517832,0.029218153,1.148676772,0.029437837,32.46931584,0.905065838,21,0.413993586,78.24166637,4.054304808,107.5075418,3.888166207,0.549961147,0.0135518,0.294496571,0.009943423,1.242584939,0.039708621,1.88834581,0.073230493
CHEESE- MORE THAN 25% B.F. ,14D,Both,1-3 Years,1288,44.92039812,11.24828473,0.920297564,F,F,41.5415153,4.391621613,62.00980769,5.33934203,0.850803183,0.073647049,F,F,2.912244317,0.322068287,4.45999448,0.300287311,25.04048317,1.647608085,17.34002581,2.722311716,62.65322615,5.235427857,83.92939602,6.094049357,1.905094267,0.130586838,1.141074856,0.115569548,4.678174832,0.313427539,5.856323204,0.527972059
CHEESE- MORE THAN 25% B.F. ,14D,Both,4-8 Years,1199,43.61629282,10.51707649,0.974347731,F,F,32.22627162,4.422558474,55.41940679,6.24785368,0.473109692,0.049067599,F,F,1.37579566,0.148165958,2.478892847,0.307318237,24.11272442,1.900022978,14.03944867,1.968533744,61.21569735,5.354842661,83.83500191,13.26638922,1.084708628,0.099407308,0.53 E,0.107587889,2.548778186,0.398751005,3.889358062,0.520312814
CHEESE- MORE THAN 25% B.F. ,14D,Both,9-13 Years,1962,47.85518977,13.15125261,0.888598792,F,F,36.83246347,3.426658445,60.77058211,6.024557687,0.315501201,0.020514702,F,F,0.951530347,0.074680576,1.520394283,0.128663434,27.48135086,1.748473779,15.11738818,1.698185361,62.9129982,6.674057586,87.07551833,11.32821929,0.659283146,0.040270884,0.368874002,0.023092788,1.53872236,0.144401069,2.410635399,0.316249646
CHEESE- MORE THAN 25% B.F. ,14D,Both,14-18 Years,1890,47.84817486,18.40449404,1.296712986,F,F,55.955958,3.726381153,83.39806312,8.200694326,0.284332792,0.019412902,F,F,0.819417267,0.059607105,1.307573543,0.097510685,38.4643596,2.312546043,24.00986509,1.744691062,83.60580481,8.07038127,125.9790852,14.06554678,0.594239578,0.03420787,0.376547135,0.032186466,1.344311289,0.10382785,2.024255779,0.188478815
CHEESE- MORE THAN 25% B.F. ,14D,Both,19-30 Years,1849,44.24505382,17.65818105,2.048017221,F,F,56.49846692,7.32313232,98.21905158,15.19708684,0.240743424,0.025564523,F,F,0.806959367,0.096276419,1.11082771,0.132111198,39.90995496,3.988446545,21.0802932,2.049137125,101.7763766,13.47394493,141.47 E,28.74843329,0.544113756,0.048969876,0.318939803,0.034813196,1.188821021,0.163509237,2.14 E,0.480405405
CHEESE- MORE THAN 25% B.F. ,14D,Both,31-50 Years,4389,45.50505252,14.40062238,0.816192144,F,F,50.66132916,3.509193017,75.8053987,6.074223131,0.187655393,0.010728708,F,F,0.630383815,0.046616794,1.02813273,0.080139539,31.64620538,1.528772063,20.20579959,1.005684827,81.57363847,5.446440978,104.9611913,6.735665227,0.412383641,0.020286175,0.238611023,0.019438372,1.075336388,0.070624834,1.327713944,0.073384641
CHEESE- MORE THAN 25% B.F. ,14D,Both,51-70 Years,4465,36.8728698,12.36336812,0.813888976,F,F,41.77045781,3.259181436,63.71008881,3.569953569,0.163620269,0.010759825,F,F,0.521539772,0.056027094,0.909259439,0.052004103,33.52971489,1.87761097,21,0.662047414,76.47073092,6.366660373,104.2632911,7.86673375,0.443741619,0.024961882,0.268122131,0.0117521,1.047472912,0.077320543,1.399558125,0.161298403
CHEESE- MORE THAN 25% B.F. ,14D,Both,71+ Years,2628,34.55165795,9.580144343,0.595883628,F,F,29.43935724,3.512268844,51.99139271,5.355364917,0.134877286,0.008564369,F,F,0.447521139,0.02995609,0.742253824,0.04796451,27.72701778,1.434362366,21,0.95039702,62.48075303,3.910279164,84.76117986,6.289574819,0.39036415,0.020751006,0.281122707,0.015681605,0.877775227,0.066394598,1.213479093,0.108512896
CHEESE- MORE THAN 25% B.F. ,14D,Both,1-18 Years,6339,46.17853532,13.60432122,0.529624377,F,F,42,1.435696036,64.83134428,2.560130708,0.434797566,0.019833746,F,F,1.265658364,0.059003725,2.21025625,0.166429709,29.46027008,1.018468182,19.10436016,1.294294166,67.45457734,3.174413797,95.58871301,10.32351929,0.942081444,0.038106451,0.461855007,0.024265875,2.356413935,0.156285603,3.760852673,0.220484432
CHEESE- MORE THAN 25% B.F. ,14D,Both,19+ Years,13331,41.13925614,13.69891726,0.568027997,F,F,43.38484352,3.015139813,69.72309405,4.377093375,0.182329561,0.007414303,F,F,0.603774842,0.031710121,0.956444579,0.050144653,33.29889392,1.139231496,21,0.298374819,83.82862424,4.332847733,109.5116709,4.247614653,0.443200919,0.014886855,0.267002916,0.010029352,1.09351724,0.044231802,1.409944788,0.060598551
CHEESE- MORE THAN 25% B.F. ,14D,Male,9-13 Years,1023,47.66796949,13.99719557,1.392793086,F,F,43.11781493,4.937889972,67.52916784,8.865872142,0.330754421,0.031848529,F,F,1.093667113,0.164456185,1.577517794,0.160695629,29.36394337,2.657089615,15.42 E,2.716832879,67.9999523,9.139739062,90.74 E,17.70962604,0.693871428,0.060934148,0.390241633,0.037605397,1.58338802,0.182037161,2.33 E,0.4237628
CHEESE- MORE THAN 25% B.F. ,14D,Male,14-18 Years,900,51.71702077,22.08765426,2.169641616,F,F,62.97580704,7.267634049,97.95438087,12.44145974,0.323975515,0.031295984,F,F,0.871817279,0.085445703,1.41 E,0.243469389,42.70867488,3.766885672,26.42230749,2.605274073,92.35510317,12.33384668,127.17 E,22.07730102,0.62643886,0.054440648,0.382167529,0.041839264,1.388083895,0.225790391,2.06 E,0.348831444
CHEESE- MORE THAN 25% B.F. ,14D,Male,19-30 Years,857,48.39767034,21.61 E,3.601461824,F,F,68 E,15.39971972,109.86 E,20.84740436,0.272714129,0.043136712,F,F,0.901103111,0.121998861,1.23 E,0.301555488,44.65457577,6.180080371,20.22 E,4.798234516,110.81 E,20.46507262,175.01 E,36.67342349,0.563486068,0.073199377,0.28 E,0.062237201,1.23 E,0.317530843,2.31 E,0.569359936
CHEESE- MORE THAN 25% B.F. ,14D,Male,31-50 Years,2005,47.66163028,15.97789489,1.214830663,F,F,52.73130194,4.596436672,84,7.117244365,0.187840203,0.01467427,F,F,0.582937011,0.046982714,0.950672725,0.140992254,33.52360125,2.267571996,21,1.380281522,84,6.296833965,113.0542892,7.840671157,0.394111997,0.027766888,0.232784049,0.026187363,1.049270422,0.128745955,1.344965308,0.095838739
CHEESE- MORE THAN 25% B.F. ,14D,Male,51-70 Years,2151,38.3294881,14.10040217,1.383308604,F,F,41.99 E,7.702234623,74.78306117,7.91555246,0.165817501,0.016294364,F,F,0.47 E,0.092675136,0.913335042,0.086471867,36.78734797,3.112798799,21,1.891487838,85.00421871,8.392473808,113.32 E,21.58219224,0.432610788,0.036939255,0.241345364,0.022053655,1.018252617,0.105264769,1.31 E,0.367288271
CHEESE- MORE THAN 25% B.F. ,14D,Male,71+ Years,1180,33.11268195,9.804352107,0.872455606,F,F,31.62858268,4.622282484,57.85851583,4.945647936,0.120741217,0.010893585,F,F,0.404205354,0.04714508,0.718736972,0.076614805,29.60905468,2.229625512,20.98056477,2.006255653,63.33927352,7.441672601,99.90300144,12.85632051,0.364637384,0.028284296,0.241644951,0.030219611,0.851862408,0.067164302,1.089829453,0.11819415
CHEESE- MORE THAN 25% B.F. ,14D,Male,19+ Years,6193,43.13375261,15.70176495,0.95969108,F,F,53.95459312,3.962174106,84,5.632434023,0.188551095,0.011591725,F,F,0.615327264,0.051497503,1.010131835,0.081154708,36.40250152,1.89559758,21,0.493620281,86.52819362,7.58692571,113.6510632,10.41195075,0.437131211,0.023141785,0.247439783,0.014541896,1.109564526,0.069306208,1.427766486,0.115694401
CHEESE- MORE THAN 25% B.F. ,14D,Female,9-13 Years,939,48.05223007,12.26093846,1.344229819,F,F,32.40459271,2.722315194,57.33989016,8.296967091,0.299447923,0.030020754,F,F,0.877336997,0.093040927,1.34 E,0.260596806,25.51585731,2.519517398,14.6 E,2.623875786,58.79457107,8.361669642,85.17 E,15.11254388,0.623171749,0.055992413,0.346772908,0.029038555,1.35 E,0.288267302,2.42 E,0.498366071
CHEESE- MORE THAN 25% B.F. ,14D,Female,14-18 Years,990,43.75749547,14.51014727,1.629537929,F,F,44.27975183,6.58784307,63.96703816,5.980905453,0.242417019,0.025457814,F,F,0.735916072,0.098765248,1.231250527,0.122615456,33.16036969,2.94245399,21.24591208,1.6186851,64.86689996,9.247351413,114.47 E,28.43184131,0.554001129,0.044782856,0.363807002,0.042756876,1.293341232,0.124645325,1.916437785,0.309607562
CHEESE- MORE THAN 25% B.F. ,14D,Female,19-30 Years,992,39.64683674,13.28034355,1.828946386,F,F,36.02728509,3.499976388,65.50750742,10.72926969,0.205342071,0.027574086,F,F,0.586584519,0.069921728,0.921778873,0.146268737,33.49660311,4.032561127,21.70189693,2.724254226,76.2 E,13.26813042,115.01 E,32.98759192,0.517928006,0.059788728,0.329161632,0.039307536,1.08 E,0.214840031,F,F
CHEESE- MORE THAN 25% B.F. ,14D,Female,31-50 Years,2384,43.44128778,12.89123123,1.050204259,F,F,47.77868144,5.202032587,66.19625439,6.244039787,0.187478536,0.015051888,F,F,0.715359363,0.073901578,1.028176015,0.07765732,29.67506694,1.976358289,18.6451999,2.102051915,73.96633205,6.357845633,93.43672131,8.911019113,0.43156763,0.028363757,0.244259899,0.027663525,1.09693688,0.075499112,1.319341422,0.116384949
CHEESE- MORE THAN 25% B.F. ,14D,Female,51-70 Years,2314,35.44943157,10.66590168,0.751241187,F,F,37.48809076,4.052710262,60.0070938,3.494308853,0.161473089,0.012672789,F,F,0.548535596,0.060612012,0.896489027,0.068897783,30.08765221,1.731116043,20.87064795,1.174763942,63.57757076,5.017408768,88.54723483,7.192901631,0.455502617,0.030283616,0.289081656,0.024487531,1.068807883,0.119590939,1.400818278,0.132484307
CHEESE- MORE THAN 25% B.F. ,14D,Female,71+ Years,1448,35.691581,9.402532208,0.801208438,F,F,28.59367551,4.137093892,43.05020937,5.820212506,0.146075548,0.012708942,F,F,0.453075663,0.054681545,0.748928163,0.07624708,26.3438378,1.782410938,21,1.133702545,56.38453807,7.748515861,83.22553011,9.764617639,0.409271721,0.028524762,0.304807745,0.018526355,0.87871147,0.125137965,1.233370505,0.141844765
CHEESE- MORE THAN 25% B.F. ,14D,Female,19+ Years,7138,39.21369066,11.76528918,0.573491361,F,F,38.63558621,2.400329126,60.40060698,2.784352418,0.176323047,0.008669469,F,F,0.600978443,0.038852759,0.935136588,0.047549285,30.0030142,1.220412424,21,0.783090263,68.74543175,4.062082099,90.01547995,6.697729534,0.449646653,0.018429631,0.291654315,0.016606406,1.073824739,0.050846782,1.400973317,0.074633051
YOGHURTS (NATURAL AND WITH FRUIT) ,15,Both,All ages,19670,21.37108194,27.77326223,1.018767104,F,F,99.97104794,0.075544373,170.1,11.51360934,0.587373706,0.020237051,F,F,1.794372898,0.075924462,3.241728285,0.091625492,129.9572119,2.813578372,99.94752823,0.052471771,239.8671166,10.04239583,299.9649294,18.51367223,2.759334997,0.070644838,1.670929404,0.043588302,5.882352941,0.201604466,8.740411868,0.41540521
YOGHURTS (NATURAL AND WITH FRUIT) ,15,Both,1-3 Years,1288,49.10605865,60.77807527,4.60583427,F,F,177.094897,18.9436243,200.9991464,9.03100716,4.44729796,0.369353021,F,F,12.11761627,1.056134256,15.81278165,1.194969712,123.768995,7.074707047,99.91968149,0.081916963,207.2402934,7.794961363,222.3209076,24.47845218,9.17331603,0.628368433,7.36259939,0.44113968,16.100854,1.150763491,19.86081889,1.325544739
YOGHURTS (NATURAL AND WITH FRUIT) ,15,Both,4-8 Years,1199,35.2317175,44.23902367,3.315045767,F,F,131.6823184,14.56606883,212.5118509,11.98075474,2.028048289,0.158247518,F,F,6.527670978,0.555214634,9.892509593,1.02189336,125.5659014,6.281389497,99.71132514,0.556267656,239.750136,20.04987494,288.1840604,40.80414301,5.756314005,0.301933748,4.78082796,0.248408824,11.1510576,0.83475096,14.05453993,1.259234173
YOGHURTS (NATURAL AND WITH FRUIT) ,15,Both,9-13 Years,1962,22.70059172,27.85798571,1.950930971,F,F,98.9782234,1.069984964,159.45 E,26.58429206,0.734383156,0.053294972,F,F,2.821554099,0.165555953,4.100561616,0.379201292,122.7192051,4.937335437,97.1012922,2.899097888,218.576605,13.1371788,276.0034614,21.21381891,3.23508376,0.141421732,2.611427977,0.153331706,6.664901899,0.383472844,7.742292292,0.776289239
YOGHURTS (NATURAL AND WITH FRUIT) ,15,Both,14-18 Years,1890,14.02214911,17.65272261,1.876089478,F,F,99.37062906,15.94598108,114.0753364,10.97737857,0.273160544,0.029856359,F,F,1.29136321,0.186863848,1.723653033,0.086214962,125.8917051,8.590184656,99.81765037,0.82827981,212.2443205,21.64194178,275.85 E,53.20337859,1.94806475,0.145372332,1.558432829,0.06931576,3.537028835,0.388926717,5.037113755,0.657955108
YOGHURTS (NATURAL AND WITH FRUIT) ,15,Both,19-30 Years,1849,17.5199013,23.74621424,3.192481456,F,F,98.44485565,6.611084014,135.6493476,21.69696088,0.342632511,0.048693567,F,F,1.328514462,0.138469677,1.974998865,0.280860679,135.538516,12.86870546,99.32859193,8.289380053,237.5213232,37.08209789,332.44 E,89.67676299,1.955676035,0.209787573,1.506439922,0.102635847,3.43 E,0.590829729,F,F
YOGHURTS (NATURAL AND WITH FRUIT) ,15,Both,31-50 Years,4389,20.00582318,26.00254171,1.932183806,F,F,98.79382562,2.163707557,169.0253834,25.18261983,0.339467943,0.024046239,F,F,1.410349043,0.096492024,2.12882771,0.105641605,129.9748652,6.030433857,98.79135928,1.53318573,251.744629,16.20034514,282.4336525,33.06806341,1.696845663,0.076237672,1.410346919,0.075786414,3.138506884,0.208056845,3.813121557,0.549280712
YOGHURTS (NATURAL AND WITH FRUIT) ,15,Both,51-70 Years,4465,20.55859731,28.22396225,1.96900302,F,F,99.96152033,5.034240984,177.9632649,14.0170816,0.38152277,0.02608875,F,F,1.533241027,0.091662388,2.267422915,0.131676173,137.2854471,5.679914396,99.95165153,0.048348466,252.8065803,17.74088998,339.0897884,26.69701314,1.855782104,0.076331505,1.493343828,0.069779424,3.354325377,0.1708375,4.624705368,0.552092264
YOGHURTS (NATURAL AND WITH FRUIT) ,15,Both,71+ Years,2628,19.55010846,23.05209404,2.012276811,F,F,98.94521458,1.412234199,129.5246512,9.824018411,0.343934689,0.031803335,F,F,1.434703867,0.074271404,2.158166566,0.163525468,117.9128703,5.46429785,99.04425014,0.955749855,215.1018165,17.50743161,253.7684664,13.71638416,1.759246962,0.096260387,1.460970615,0.052087241,3.455860284,0.33190239,4.180011263,0.570212316
YOGHURTS (NATURAL AND WITH FRUIT) ,15,Both,1-18 Years,6339,28.11207924,34.99298984,1.353198902,F,F,113.4807789,7.734684991,199.3509188,11.80542374,1.547479452,0.072159407,F,F,5.506622316,0.229607493,8.43524227,0.396549867,124.4767046,3.355855043,99.91993983,0.080060174,215.313626,5.298601965,275.2500609,12.36075234,5.574175918,0.212307775,4.054390603,0.211478035,11.53117206,0.560303659,14.75891145,0.794189761
YOGHURTS (NATURAL AND WITH FRUIT) ,15,Both,19+ Years,13331,19.7154305,26.0000302,1.190883171,F,F,99.94366866,0.056331339,160.879921,15.44370616,0.354367754,0.016396238,F,F,1.432739137,0.063378281,2.162353928,0.070852556,131.8765532,3.610550661,99.94881383,0.051186173,249.3277639,8.945346794,302.8731448,23.57878848,1.797413217,0.050286625,1.457414334,0.047130724,3.317280153,0.101967361,4.228624117,0.375218396
YOGHURTS (NATURAL AND WITH FRUIT) ,15,Male,9-13 Years,1023,24.13671187,30.89372057,2.823683844,F,F,98.55960543,3.899336541,196.1811292,27.22250431,0.805153876,0.077185708,F,F,2.967231926,0.208500856,4.460928654,0.610881352,127.9947357,7.01812265,94.09540515,5.91334397,219.1726349,31.35080041,299.9775254,29.92902529,3.335805972,0.20515356,2.61144484,0.20888989,6.619387231,0.461093185,9.024756493,1.342131805
YOGHURTS (NATURAL AND WITH FRUIT) ,15,Male,14-18 Years,900,12.68213169,14.56170027,2.094640313,F,F,F,F,107.5024919,13.32723955,0.197779993,0.028613159,F,F,F,F,1.532726442,0.127664311,114.8206045,8.929248263,99.88759974,5.068564517,206.8665426,18.19289465,216.8589757,36.08214522,1.559516945,0.131796372,1.391852564,0.111208104,3.011264682,0.47637692,3.537505422,0.555931484
YOGHURTS (NATURAL AND WITH FRUIT) ,15,Male,19-30 Years,857,16.87770328,20.6 E,3.578836251,F,F,91.11 E,15.89261216,121.3868368,16.84436366,0.26 E,0.046889043,F,F,1.25 E,0.23902255,1.624391915,0.160427061,122.0687226,8.501667358,96.05515179,11.52436195,200.9887543,17.31675092,241.7115215,33.56410901,1.527558983,0.11577806,1.327520047,0.122649541,3.06 E,0.549662194,3.282378546,0.237540349
YOGHURTS (NATURAL AND WITH FRUIT) ,15,Male,31-50 Years,2005,16.05797321,21.26808524,2.511577509,F,F,92.45346706,11.73538736,131.95 E,35.82526957,0.242624926,0.027736857,F,F,1.01940068,0.162648398,1.821385866,0.234614361,132.4456391,10.08852056,97.00015567,5.897787273,256.9280239,21.08654949,267.68 E,51.78931289,1.510931195,0.110150018,1.252097985,0.131341195,3.092833087,0.326755818,3.307410772,0.171082568
YOGHURTS (NATURAL AND WITH FRUIT) ,15,Male,51-70 Years,2151,15.1375628,22.17604327,2.879070536,F,F,98.18650808,14.91968221,149.95 E,34.52222934,0.255990952,0.031290852,F,F,0.9780598,0.146297106,1.945305763,0.312125478,146.4967879,12.32156751,99.34404479,2.795714118,332.8986976,43.23513926,352.4133915,42.36104573,1.69109754,0.128292513,1.27691723,0.08694303,3.356235612,0.329904315,4.007456768,0.615244284
YOGHURTS (NATURAL AND WITH FRUIT) ,15,Male,71+ Years,1180,16.2169576,19.76251587,2.953488046,F,F,92.96587774,15.22812788,124.9614687,12.50610264,0.266794702,0.043339704,F,F,1.169843771,0.181611561,1.673889038,0.145353261,121.8632764,11.11038906,97.58459928,6.727010755,215.3435761,31.40801709,263.6 E,50.39780702,1.645158778,0.173978597,1.375057576,0.110773385,3.59 E,0.614806716,3.98 E,0.766526473
YOGHURTS (NATURAL AND WITH FRUIT) ,15,Male,19+ Years,6193,15.9178192,21.28631678,1.610289857,F,F,98.52517993,4.643676157,131.9778827,16.32699613,0.252388649,0.01848769,F,F,1.097421452,0.101747866,1.691327368,0.144824431,133.7263385,6.062388424,99.43086336,0.965107512,257.7439984,11.81412664,333.5229719,26.84064403,1.585573036,0.066641713,1.294874511,0.055375534,3.146415313,0.141841575,3.599223127,0.123595195
YOGHURTS (NATURAL AND WITH FRUIT) ,15,Female,9-13 Years,939,21.18914456,24.66302125,2.609045012,F,F,98.69080192,2.478798583,125.91 E,22.8374414,0.659900389,0.074418384,F,F,2.750267967,0.280845985,4.09211788,0.488305444,116.3946057,7.135593007,97.72545311,2.283397219,211.4958533,14.75506873,269.5370555,34.48292647,3.114332373,0.210979937,2.582582923,0.217634771,6.490596844,0.792953791,7.007310347,0.718860703
YOGHURTS (NATURAL AND WITH FRUIT) ,15,Female,14-18 Years,990,15.43900101,20.92097926,3.051148751,F,F,97.2640281,6.76960943,119.9557077,12.15044819,0.352863296,0.052015836,F,F,1.431128043,0.132897347,1.964647499,0.189798377,135.5073379,13.7065258,98.7071476,1.496410461,258.94 E,49.83345122,364.72 E,66.2431327,2.285531922,0.237454935,1.664900504,0.072086381,4.299398303,0.645116151,5.39 E,1.574586181
YOGHURTS (NATURAL AND WITH FRUIT) ,15,Female,19-30 Years,992,18.23101102,27.23 E,5.273119107,F,F,98.75836887,12.81623311,172.12 E,31.00614293,0.44 E,0.086601097,F,F,1.560952157,0.22382716,2.78 E,0.51230576,149.3465286,23.74602847,99.49542743,13.6698659,F,F,458.48 E,124.0345371,2.394542871,0.388066287,1.568355912,0.224564763,F,F,7.95 E,2.323584319
YOGHURTS (NATURAL AND WITH FRUIT) ,15,Female,31-50 Years,2384,23.78376882,30.53324054,2.970757918,F,F,100.1595614,14.90077152,194.8668849,29.57894016,0.432143109,0.039465055,F,F,1.65584684,0.145450453,2.310465285,0.119914673,128.3784785,7.81547871,98.93030387,2.244569781,238.1177323,21.97212108,292.9152059,43.50297413,1.816966489,0.104776237,1.536646747,0.083992861,3.439308294,0.409948016,4.976178705,0.690224188
YOGHURTS (NATURAL AND WITH FRUIT) ,15,Female,51-70 Years,2314,25.85614698,34.13411668,2.594852811,F,F,120.0002534,8.491003376,186.2658871,10.79885204,0.504195119,0.040660286,F,F,1.81843007,0.093227897,2.551437075,0.23539008,132.0154805,5.680210115,99.96196656,3.508978173,227.8477993,18.75823303,264.0084339,34.88029938,1.950000978,0.097612492,1.587301587,0.060787717,3.345846099,0.230151835,4.989193788,0.733609455
YOGHURTS (NATURAL AND WITH FRUIT) ,15,Female,71+ Years,1448,22.19055245,25.65802077,2.657558955,F,F,99.28286032,3.961008562,134.1283191,18.02804008,0.405043179,0.044989746,F,F,1.624030109,0.136319238,2.274023849,0.187409181,115.6258765,6.275566096,98.89240533,1.10759467,200.3885465,23.06789919,246.5757512,18.17408643,1.825295608,0.118423033,1.480289653,0.071594639,3.36145522,0.388454971,3.89 E,0.66028837
YOGHURTS (NATURAL AND WITH FRUIT) ,15,Female,19+ Years,7138,23.38179412,30.5508349,1.786647223,F,F,100.1362305,12.94500726,177.134507,13.82117582,0.4528224,0.027038284,F,F,1.682712092,0.082328789,2.330438597,0.120504692,130.6607814,4.685878426,99.95309803,0.04802708,238.5582329,14.97235454,284.0928494,33.63837106,1.936645227,0.07301184,1.560867672,0.039153302,3.507596588,0.201686874,5.144654634,0.545956638
YOGHURTS- LESS THAN 2% B.F.,15A,Both,All ages,19670,7.541449135,9.828708793,0.574860777,F,F,F,.,99.83029074,4.733131157,0.175862963,0.009679675,F,F,F,.,1.249794288,0.075505351,130.3291797,4.469060253,99.94257173,0.057428272,239.5495743,16.87467031,296.0010911,24.02976527,2.326835874,0.09513051,1.588557776,0.048861256,4.930783597,0.464586875,6.546429369,0.388213713
YOGHURTS- LESS THAN 2% B.F.,15A,Both,1-3 Years,1288,9.14736643,11.5 E,2.05675604,F,F,F,.,99.863348,15.25291024,0.95 E,0.192033016,F,F,F,.,8.21 E,1.830530152,125.7485687,13.11320408,99.90164959,5.894292986,186.9808905,16.22253685,F,F,9.675362972,1.225323779,8.224686498,1.207816695,14.77115908,1.837189652,F,F
YOGHURTS- LESS THAN 2% B.F.,15A,Both,4-8 Years,1199,6.33365197,8.51 E,1.570298251,F,F,F,.,93.99 E,25.60938635,0.37 E,0.064257508,F,F,F,.,3.26 E,0.927391898,134.358544,13.06619371,99.64584782,12.14034921,199.45 E,35.38382944,269.7 E,67.40368238,5.788352861,0.501562006,4.927374724,0.651014539,8.72 E,2.003127986,13.36 E,2.708190058
YOGHURTS- LESS THAN 2% B.F.,15A,Both,9-13 Years,1962,4.940745223,6.199723559,1.005077885,F,F,F,.,F,.,0.17 E,0.029631061,F,F,F,.,F,.,125.4815474,10.34580556,95.41741875,6.03719863,199.4316819,31.88849533,274.37 E,49.889634,3.379962715,0.344197838,3.104159578,0.276415715,5.06 E,1.357394175,7.07 E,2.100973529
YOGHURTS- LESS THAN 2% B.F.,15A,Both,14-18 Years,1890,3.90272888,4.94 E,0.921847732,F,F,F,.,F,.,0.08 E,0.014852563,F,F,F,.,F,.,126.6404819,12.42449478,93.24186336,8.897619513,202.25 E,62.51922071,339.37 E,83.52732683,1.982296123,0.239331562,1.450315784,0.110004469,3.42 E,0.893735968,5.49 E,1.352749827
YOGHURTS- LESS THAN 2% B.F.,15A,Both,19-30 Years,1849,6.235971441,7.78 E,1.377753868,F,F,F,.,F,F,0.11 E,0.018100435,F,F,F,.,F,F,124.7468005,9.851536279,99.45654472,12.47449652,197.1378669,15.84524888,217.3898539,30.93206927,1.688156042,0.150317388,1.515745873,0.139301009,2.984033294,0.33510481,3.166781543,0.175213925
YOGHURTS- LESS THAN 2% B.F.,15A,Both,31-50 Years,4389,7.733018716,9.594799875,1.046289698,F,F,F,.,95.77191937,11.07552209,0.130540604,0.013938593,F,F,F,.,1.213341684,0.157371539,124.0757359,8.331498272,98.25949784,3.215783766,241.6984529,25.7085818,286.0264449,23.29394734,1.68809373,0.113097443,1.442006336,0.09587794,3.206397721,0.314487302,3.88718954,0.609130048
YOGHURTS- LESS THAN 2% B.F.,15A,Both,51-70 Years,4465,8.940983443,12.89848294,1.484562998,F,F,F,.,99.90774366,5.684952909,0.168213727,0.018378338,F,F,F,.,1.318978932,0.153850513,144.2624631,9.518473849,99.95884539,6.329977431,253.1200725,36.91332225,343.13 E,58.52326978,1.881378356,0.110219689,1.475010222,0.125569654,3.2 E,0.659674259,5.170772745,0.63559528
YOGHURTS- LESS THAN 2% B.F.,15A,Both,71+ Years,2628,8.622284268,10.06626391,1.465978105,F,F,F,.,96.53140819,9.127300165,0.149065777,0.024189536,F,F,F,.,1.313942177,0.134144572,116.747066,9.274988578,97.77878933,2.221210674,218.9658767,26.70735901,249.0933418,32.04268298,1.728843218,0.178209542,1.406434388,0.058756576,3.16 E,0.702955379,4.5 E,0.842762964
YOGHURTS- LESS THAN 2% B.F.,15A,Both,1-18 Years,6339,5.732807343,7.367998886,0.640955641,F,F,F,.,F,F,0.319878936,0.034012723,F,F,F,.,1.49 E,0.493558861,128.5233995,6.299911522,99.9297202,0.913084572,199.2562009,12.14285875,274.29 E,66.39798967,5.519017709,0.415708771,3.703471462,0.349860934,13.07 E,2.708702186,14.67653455,1.376155719
YOGHURTS- LESS THAN 2% B.F.,15A,Both,19+ Years,13331,7.985668327,10.43308196,0.697172999,F,F,F,.,99.8472123,3.067485824,0.140912043,0.009366575,F,F,F,.,1.223246427,0.07976618,130.6475743,5.141264258,99.94052709,0.059472908,249.0783146,17.09242984,297.3870494,25.71169547,1.764561676,0.066552245,1.460776536,0.064894197,3.166685252,0.126853591,4.600024188,0.63967423
YOGHURTS- LESS THAN 2% B.F.,15A,Male,9-13 Years,1023,6.419706386,7.92 E,1.735899429,F,F,F,.,F,F,0.22 E,0.052479874,F,F,F,.,F,F,123.3796825,14.93401788,93.66582835,8.548850018,199.63 E,48.5767349,280.18 E,60.75416033,3.377328208,0.517385448,2.931536581,0.402393698,F,F,8.45 E,2.309267282
YOGHURTS- LESS THAN 2% B.F.,15A,Male,14-18 Years,900,F,F,F,F,F,F,.,F,.,F,F,F,F,F,.,F,.,F,F,F,.,F,.,F,.,F,F,F,.,F,.,F,.
YOGHURTS- LESS THAN 2% B.F.,15A,Male,19-30 Years,857,6.261187123,7.69 E,2.129298167,F,F,F,.,F,F,0.09 E,0.025456713,F,F,F,.,F,F,122.8060907,15.76127567,96.65 E,19.06049132,198.264566,32.91881131,238.5792821,33.57048302,1.451171443,0.186679317,1.32 E,0.272602187,2.45 E,0.49654021,3.119151074,0.506275006
YOGHURTS- LESS THAN 2% B.F.,15A,Male,31-50 Years,2005,5.390693645,7.14 E,1.44069266,F,F,F,.,F,F,0.09 E,0.017225036,F,F,F,.,F,F,132.5049397,11.14690776,99.45 E,18.02267243,199.93 E,36.06180605,261.9696451,29.09580276,1.577173123,0.127234432,1.516941735,0.157999214,2.64062791,0.339537417,3.13268792,0.335013188
YOGHURTS- LESS THAN 2% B.F.,15A,Male,51-70 Years,2151,5.884235135,10.12 E,2.239509156,F,F,F,.,F,F,0.11 E,0.023094571,F,F,F,.,F,F,172.0254693,23.08960705,99.73 E,24.04621202,342.32 E,77.85146943,503.57 E,103.0830735,1.928428627,0.226421523,1.31 E,0.241312667,4.77 E,1.215996136,5.141214876,0.797874562
YOGHURTS- LESS THAN 2% B.F.,15A,Male,71+ Years,1180,6.968045823,9.15 E,2.157512625,F,F,F,.,F,F,0.12 E,0.030078683,F,F,F,.,F,F,131.3293606,18.34959897,99.42102858,12.30408443,F,F,313.69 E,84.45870496,1.748777197,0.270145757,1.488262775,0.12437275,F,F,F,F
YOGHURTS- LESS THAN 2% B.F.,15A,Male,19+ Years,6193,5.880817787,8.444013149,1.025708973,F,F,F,.,F,F,0.099465173,0.011620454,F,F,F,.,F,F,143.585696,9.671375541,99.7896166,10.50877482,260.3202592,32.56641338,338 E,59.21932637,1.691349342,0.103625231,1.384446728,0.106360435,3.132793406,0.32182269,3.4 E,0.951658178
YOGHURTS- LESS THAN 2% B.F.,15A,Female,9-13 Years,939,3.384209961,4.39 E,1.028891073,F,F,F,.,F,.,0.11 E,0.026979759,F,F,F,.,F,.,129.6778313,11.94290266,103.1297654,10.72239852,195.93 E,32.7075887,212.89 E,43.56166259,3.385222398,0.263655177,3.163943237,0.277421376,5.013411267,0.598581095,5.582122287,0.75656349
YOGHURTS- LESS THAN 2% B.F.,15A,Female,14-18 Years,990,5.389141975,6.39 E,1.360567295,F,F,F,.,F,F,0.11 E,0.025265997,F,F,F,.,F,F,118.526338,14.70529478,90.94301019,9.356432334,168.78 E,55.61454659,268.14 E,79.23541086,2.042369369,0.309034996,1.60419644,0.126387495,3.14 E,0.901427195,F,F
YOGHURTS- LESS THAN 2% B.F.,15A,Female,19-30 Years,992,6.208049965,7.88 E,1.753849266,F,F,F,.,F,F,0.12 E,0.02698766,F,F,F,.,F,F,126.9141539,11.4370809,99.59843146,13.16646423,195.3675918,19.92914854,199.15 E,40.97083283,1.952816614,0.191211815,1.55032889,0.183116832,3.000139884,0.26592503,3.23 E,0.585004371
YOGHURTS- LESS THAN 2% B.F.,15A,Female,31-50 Years,2384,9.974536725,11.94114306,1.68823966,F,F,F,.,97.36783368,5.749839813,0.174101583,0.023733834,F,F,F,.,1.38593141,0.160740472,119.7162674,11.78047037,97.39050282,3.754183994,250.1601791,31.35338259,288.0132861,34.34153865,1.745460344,0.167318632,1.387476316,0.125598952,3.389809386,0.453889251,4.57 E,0.806698016
YOGHURTS- LESS THAN 2% B.F.,15A,Female,51-70 Years,2314,11.92810259,15.61134645,1.801371138,F,F,59.22 E,19.0109495,115.3894196,11.90137816,0.221707256,0.027032579,F,F,0.82 E,0.242596169,1.706975924,0.141978772,130.8787071,8.233234393,99.95227836,6.514409337,234.3524765,24.45028269,263.1209475,27.88439013,1.858696758,0.130408065,1.541084669,0.122380198,3.114334754,0.473470235,5.13 E,0.989410271
YOGHURTS- LESS THAN 2% B.F.,15A,Female,71+ Years,1448,9.932733189,10.79 E,1.931146537,F,F,F,.,96.82829908,9.369483131,0.17 E,0.035465465,F,F,F,.,1.384474761,0.149171864,108.6432405,10.80462797,96.87807292,4.556384767,223.66 E,40.13911686,243.5855732,24.64220717,1.717765299,0.235222297,1.385469,0.091696068,3.65 E,0.863406376,4.46 E,0.835743804
YOGHURTS- LESS THAN 2% B.F.,15A,Female,19+ Years,7138,10.01777399,12.35340737,0.974457333,F,F,F,F,99.91876199,1.076887667,0.180926484,0.014827398,F,F,F,F,1.47872575,0.087849578,123.314894,5.799213301,99.91809655,0.081903447,235.812331,22.77443007,263.7427024,19.49764873,1.806054764,0.090125092,1.478337004,0.067999916,3.249932505,0.262149433,4.980938305,0.704881738
YOGHURTS- MORE THAN 2.1% B.F. ,15B,Both,All ages,19670,14.36376551,17.94455344,0.815540107,F,F,81.58848358,13.37324052,119.9557512,5.596411551,0.411510743,0.018079364,F,F,1.239160634,0.059029402,2.361548184,0.121773177,124.9293121,3.493919873,99.7843743,0.215625704,226.8235114,12.58922749,270.882521,15.11240889,2.884942016,0.097835073,1.7322858,0.076882006,6.396041253,0.327114018,9.205369162,0.57433934
YOGHURTS- MORE THAN 2.1% B.F. ,15B,Both,1-3 Years,1288,40.95806827,49.27539292,4.398187208,F,F,149.6120708,21.23198131,199.1049021,7.48525688,3.49776185,0.353581036,F,F,10.24537446,0.712747712,13.32224901,1.673788537,120.3069261,7.671191232,98.71044933,1.295352674,202.7001795,8.974776455,219.9719023,14.99265724,8.801294125,0.675759455,6.956171893,0.406969398,15.65504223,1.91388373,19.86949202,1.384914702
YOGHURTS- MORE THAN 2.1% B.F. ,15B,Both,4-8 Years,1199,29.70662132,35.7292211,2.93960604,F,F,112.8244061,13.30148655,199.7448948,17.0794822,1.661434164,0.145134112,F,F,5.674845882,0.45118356,8.939494311,1.080933757,120.2735939,6.212340359,99.56501298,1.103150647,228.7427832,19.58392911,274.8285905,19.67706625,5.592807562,0.319100464,4.753099815,0.331251325,11.157287,0.799951419,12.4744085,0.912439242
YOGHURTS- MORE THAN 2.1% B.F. ,15B,Both,9-13 Years,1962,18.12205393,21.65826215,1.772222238,F,F,95.05947193,5.597020787,123.5294513,17.38321871,0.56738781,0.047132774,F,F,2.308126982,0.179093125,3.499242107,0.354380067,119.5132861,5.407549568,96.96826446,3.033490338,216.496346,10.79120241,270.2212741,19.13879263,3.130924408,0.150595267,2.444109209,0.150747751,6.578888318,0.464313214,7.491586528,0.467758547
YOGHURTS- MORE THAN 2.1% B.F. ,15B,Both,14-18 Years,1890,10.46917545,12.71028795,1.621103417,F,F,F,F,99.80590645,1.657413005,0.195796901,0.025325127,F,F,F,F,1.609367762,0.100083059,121.4067718,10.40187123,99.75685984,0.662888236,209.0383144,23.11265998,273.5862462,42.0998857,1.870222747,0.170751719,1.561080188,0.078480333,3.440944287,0.448616787,4.745328632,0.764097715
YOGHURTS- MORE THAN 2.1% B.F. ,15B,Both,19-30 Years,1849,11.48339457,15.97 E,2.913976527,F,F,F,F,99.72724674,16.39968505,0.24 E,0.045772993,F,F,F,F,1.551278189,0.197135931,139.0445942,19.31385205,97.15678283,8.41155953,F,F,454.69 E,127.1626982,2.066980987,0.314755606,1.393287009,0.147862717,4.06 E,1.330160318,7.63 E,2.535181879
YOGHURTS- MORE THAN 2.1% B.F. ,15B,Both,31-50 Years,4389,12.97720504,16.40774184,1.600536416,F,F,59.62 E,17.56237817,100.7395006,16.33961428,0.208927339,0.019479882,F,F,0.81 E,0.145999975,1.622228887,0.160408009,126.4350974,7.365502735,96.18514328,3.816189871,248.8696113,18.70662939,264.1035878,35.79353072,1.609956368,0.091460134,1.356986081,0.092687792,3.064368914,0.238055696,3.634317647,0.279120235
YOGHURTS- MORE THAN 2.1% B.F. ,15B,Both,51-70 Years,4465,12.19085042,15.32547931,1.38451054,F,F,59.73 E,17.08958338,99.94066924,12.34195647,0.213309043,0.019648037,F,F,0.8 E,0.204537506,1.615319626,0.114963757,125.7129632,6.478292369,98.9790587,1.205560511,215.280188,23.78381427,286.6799731,29.12899444,1.749747025,0.099966056,1.431701119,0.074828948,3.279677539,0.20835807,3.734007792,0.220744424
YOGHURTS- MORE THAN 2.1% B.F. ,15B,Both,71+ Years,2628,11.16623391,12.98583014,1.382128484,F,F,F,F,99.5710059,8.005770373,0.194868912,0.021037698,F,F,F,F,1.591380975,0.147781238,116.2955231,6.907296859,99.10601136,1.412334822,214.6923182,20.57022631,261.3294236,19.82444818,1.74516237,0.107650696,1.460026145,0.083237421,3.449659996,0.326992461,3.683825757,0.284151073
YOGHURTS- MORE THAN 2.1% B.F. ,15B,Both,1-18 Years,6339,22.96884913,27.62499095,1.246481656,F,F,99.96450455,0.123533449,157.6741168,16.40287278,1.227600516,0.070177883,F,F,4.717579524,0.258384581,7.562560836,0.40482728,120.2715504,3.635550468,99.77008412,0.230448263,214.8570161,3.865138321,264.927781,8.250963041,5.44099733,0.241219166,4.087697547,0.230586673,11.04989657,0.496169051,13.41056423,0.987531036
YOGHURTS- MORE THAN 2.1% B.F. ,15B,Both,19+ Years,13331,12.25027719,15.56694824,0.932320906,F,F,58.86605061,6.660461712,99.9999771,10.78672981,0.213455711,0.012832819,F,F,0.740842026,0.10929966,1.598791605,0.066289439,127.0742531,4.783517597,99.18943504,0.810564963,239.051471,14.00041998,271.580031,28.99983776,1.74245617,0.069702416,1.389871569,0.054481982,3.311246107,0.123817076,3.816271497,0.239166147
YOGHURTS- MORE THAN 2.1% B.F. ,15B,Male,9-13 Years,1023,18.1554601,22.97310721,2.573676695,F,F,89.89734244,10.5591886,128.5 E,29.80128892,0.588339321,0.064906739,F,F,2.374427528,0.218493458,3.494249234,0.40043523,126.5355275,7.763763245,93.62100011,6.396383147,219.0651051,29.60495077,299.6231912,34.88870067,3.240564094,0.20197343,2.493485338,0.196313251,6.582035362,0.510472605,7.581717292,0.870390973
YOGHURTS- MORE THAN 2.1% B.F. ,15B,Male,14-18 Years,900,10.29274745,10.98601627,1.685202798,F,F,F,F,99.83077464,9.325413659,0.151345465,0.02260451,F,F,F,F,1.428646034,0.214404424,106.7355079,8.41417,99.78029294,3.53097164,200.3206479,23.28825538,212.8366941,10.15591385,1.470408804,0.119724958,1.414821937,0.161504321,2.666533236,0.404349003,3.494087779,0.322924712
YOGHURTS- MORE THAN 2.1% B.F. ,15B,Male,19-30 Years,857,10.63297067,12.91 E,2.87840224,F,F,F,F,97.08493745,15.42137217,0.17 E,0.038736322,F,F,F,F,1.27 E,0.231073619,121.4456248,11.20806681,95.49080144,10.99203165,206.0488748,27.96830144,225.75 E,47.78295386,1.570175619,0.159465681,1.264646451,0.154555701,3.24 E,0.662658031,3.531524745,0.369063714
YOGHURTS- MORE THAN 2.1% B.F. ,15B,Male,31-50 Years,2005,10.79014108,14.12514987,2.052923689,F,F,F,F,95.90965198,10.05976701,0.157604355,0.021772005,F,F,F,F,1.162474029,0.193094134,130.9079258,13.73884592,94.14628761,7.314073444,257.7467829,27.34653128,270.63 E,73.89045109,1.460632942,0.146985359,1.066627692,0.166880894,3.122454717,0.339274059,3.339479159,0.209273588
YOGHURTS- MORE THAN 2.1% B.F. ,15B,Male,51-70 Years,2151,9.710022329,12.05366016,1.843989516,F,F,F,.,98.3767204,6.03641727,0.142517677,0.020894677,F,F,F,.,1.189200069,0.147046354,124.1362765,11.45045431,98.53498671,2.627577035,258.1559472,35.30384359,301.9942027,29.756836,1.467737894,0.126664625,1.228875212,0.092568765,2.921152093,0.397465707,3.605818565,0.327957736
YOGHURTS- MORE THAN 2.1% B.F. ,15B,Male,71+ Years,1180,9.423708509,10.61 E,2.11229285,F,F,F,.,89.67 E,18.35397834,0.14 E,0.032067647,F,F,F,.,1.14 E,0.20803108,112.6035025,13.81223201,91.8190882,11.10830833,221.6652162,34.94989269,260.6093711,24.53113343,1.538026192,0.227573743,1.169874225,0.132316233,3.54 E,0.642933036,3.90918044,0.48004578
YOGHURTS- MORE THAN 2.1% B.F. ,15B,Male,19+ Years,6193,10.25683469,12.84230363,1.157159187,F,F,F,F,98.76195034,1.974969568,0.152923476,0.013347379,F,F,F,F,1.261031549,0.081792678,125.2072791,7.486021546,98.61676028,1.385707691,254.0219181,17.45379251,287.8835516,28.86858109,1.490942194,0.084361125,1.24223737,0.061692023,3.137826724,0.216756303,3.608019209,0.123321423
YOGHURTS- MORE THAN 2.1% B.F. ,15B,Female,9-13 Years,939,18.08689555,20.27445117,2.446640566,F,F,95.17776903,10.12860035,119.9497829,19.04959221,0.545337355,0.071190501,F,F,2.227752171,0.305848065,3.668603864,0.59204529,112.0946993,7.236906414,97.13670265,3.171314381,210.4943882,15.14521231,226.7743441,25.10524711,3.015096502,0.228052867,2.322668213,0.237444092,6.294771195,0.671691933,6.872620266,0.528320663
YOGHURTS- MORE THAN 2.1% B.F. ,15B,Female,14-18 Years,990,10.65571955,14.53 E,2.749056718,F,F,F,F,98.75047106,3.463812272,0.24 E,0.045466223,F,F,F,F,1.754257396,0.123771756,136.3908515,18.6681451,98.45597744,1.639303927,270.48 E,56.15001963,356 E,76.92135523,2.278561389,0.306640834,1.714271961,0.095778962,4.24 E,0.849298749,5.37 E,1.558484605
YOGHURTS- MORE THAN 2.1% B.F. ,15B,Female,19-30 Years,992,12.42507405,19.35 E,5.194819421,F,F,F,F,124.54 E,38.21020083,0.32 E,0.085619014,F,F,F,F,2.02 E,0.599237298,155.72 E,34.88700133,96.88 E,21.0479855,408.63 E,135.8946686,531.38 E,144.8757591,2.54 E,0.567957528,1.58 E,0.340052649,F,F,9.49 E,2.769872103
YOGHURTS- MORE THAN 2.1% B.F. ,15B,Female,31-50 Years,2384,15.07014394,18.59209748,2.403315375,F,F,91.08 E,15.39825884,123.6764618,15.66407848,0.258041526,0.031271426,F,F,1.124347281,0.180619544,1.919724217,0.204375991,123.3704041,8.808472908,97.16654052,3.892990087,215.9995466,18.62476951,259.0432972,29.33990054,1.712269818,0.116687244,1.461355762,0.123736241,2.967943633,0.367586006,3.77 E,0.684611281
YOGHURTS- MORE THAN 2.1% B.F. ,15B,Female,51-70 Years,2314,14.61516814,18.52277023,2.043424894,F,F,97.26136792,10.553607,124.4519442,13.89359928,0.282487863,0.032766854,F,F,1.295098718,0.125537986,1.880769063,0.177716127,126.7366208,7.391260672,99.26482235,3.303853315,204.9884361,18.61785455,252.35 E,57.40942608,1.932840322,0.135675573,1.587301587,0.078765905,3.352292935,0.212480285,3.9 E,0.897786396
YOGHURTS- MORE THAN 2.1% B.F. ,15B,Female,71+ Years,1448,12.5466217,14.86677756,1.8880349,F,F,F,F,104.0173958,13.60918481,0.234422135,0.028861919,F,F,1.1 E,0.264525925,2.04700354,0.242390151,118.4922756,7.467937306,99.24755075,1.905085355,198.2007504,25.55286209,263.9937134,37.94541115,1.868408413,0.104608825,1.640458046,0.136214707,3.164030779,0.303280908,3.627116258,0.261708553
YOGHURTS- MORE THAN 2.1% B.F. ,15B,Female,19+ Years,7138,14.17482515,18.19742752,1.450337402,F,F,97.5708015,13.1821819,123.4407685,7.399004276,0.271895915,0.021835808,F,F,1.196693752,0.109002393,1.922548575,0.125864975,128.3784973,6.357439173,99.36523925,0.636749272,226.9824339,14.79115191,263.16 E,52.57353309,1.918160631,0.102059618,1.560657976,0.061902167,3.457680419,0.187755522,4.24 E,0.79450435
