Food-Group-Name, Food-Group-Code,Sex,Age,Number-of-Respondents,Percentage-of-Eaters,All-Person-Consumption-Intake-g-per-person-Mean,All-Person-Consumption-Intake-g-per-person-SE-Mean,All-Person-Consumption-Intake-g-per-person-P50,All-Person-Consumption-Intake-g-per-person-SE-P50,All-Person-Consumption-Intake-g-per-person-P90,All-Person-Consumption-Intake-g-per-person-SE-P90,All-Person-Consumption-Intake-g-per-person-P95,All-Person-Consumption-Intake-g-per-person-SE-P95,All-Person-Consumption-Intake-g-per-kg-body-weight-Mean,All-Person-Consumption-Intake-g-per-kg-body-weight-SE-Mean,All-Person-Consumption-Intake-g-per-kg-body-weight-P50,All-Person-Consumption-Intake-g-per-kg-body-weight-SE-P50,All-Person-Consumption-Intake-g-per-kg-body-weight-P90,All-Person-Consumption-Intake-g-per-kg-body-weight-SE-P90,All-Person-Consumption-Intake-g-per-kg-body-weight-P95,All-Person-Consumption-Intake-g-per-kg-body-weight-SE-P95,Eaters-Only-Consumption-Intake-g-per-person-Mean,Eaters-Only-Consumption-Intake-g-per-person-SE-Mean,Eaters-Only-Consumption-Intake-g-per-person-P50,Eaters-Only-Consumption-Intake-g-per-person-SE-P50,Eaters-Only-Consumption-Intake-g-per-person-P90,Eaters-Only-Consumption-Intake-g-per-person-SE-P90,Eaters-Only-Consumption-Intake-g-per-person-P95,Eaters-Only-Consumption-Intake-g-per-person-SE-P95,Eaters-Only-Consumption-Intake-g-per-kg-body-weight-Mean,Eaters-Only-Consumption-Intake-g-per-kg-body-weight-SE-Mean,Eaters-Only-Consumption-Intake-g-per-kg-body-weight-P50,Eaters-Only-Consumption-Intake-g-per-kg-body-weight-SE-P50,Eaters-Only-Consumption-Intake-g-per-kg-body-weight-P90,Eaters-Only-Consumption-Intake-g-per-kg-body-weight-SE-P90,Eaters-Only-Consumption-Intake-g-per-kg-body-weight-P95,Eaters-Only-Consumption-Intake-g-per-kg-body-weight-SE-P95
VEGETABLES - OVERALL ,36 and 38 - 39,Both,All ages,19670,93.86236884,202.4091377,2.843191243,157.0574876,2.843191243,434.9999852,6.718312603,547.0583734,9.693667341,3.26804248,0.04656572,2.378939985,0.037497522,6.933356999,0.136795582,9.301888143,0.242047817,215.6446083,2.839390206,169.9967681,3.440479936,441.9929223,8.179162848,555.1159056,10.16261346,3.481439491,0.047020956,2.543558352,0.040486307,7.216353993,0.14179809,9.536063583,0.230914693
VEGETABLES - OVERALL ,36 and 38 - 39,Both,1-3 Years,1288,86.66043309,98.3016611,4.777162909,72.99202783,4.777162909,226.709271,15.26355112,285.9985478,14.07003126,7.104428776,0.361240558,5.490115531,0.36771563,15.94939483,0.592854653,19.37441668,1.382200118,113.4331524,4.75535609,90.00398978,6.449815879,246.5128958,15.89025625,288.8732619,21.11041953,8.225553529,0.366046511,6.224247952,0.326329081,16.54535742,0.645613865,20.87650867,1.475065255
VEGETABLES - OVERALL ,36 and 38 - 39,Both,4-8 Years,1199,94.09038525,135.8813916,5.694465799,97.92195259,5.694465799,308.9475808,13.56684315,413.0970142,25.103936,6.101204253,0.2569207,4.254365201,0.200401388,14.89493086,0.750863948,18.63914857,1.108128948,144.4158096,5.984896293,105.9186291,6.015339772,314.0650359,14.92850307,420.6881874,24.01566134,6.484407771,0.270671006,4.48782782,0.236184431,15.07519813,0.733990724,19.2920677,1.091548655
VEGETABLES - OVERALL ,36 and 38 - 39,Both,9-13 Years,1962,92.22551752,146.1324533,4.549814939,117.680296,4.549814939,313.7255644,10.57084103,388.1008054,16.30752353,3.598207178,0.118822625,2.612043753,0.109764268,8.309229981,0.367154475,9.767981351,0.297984524,158.4512153,4.332540475,130.48136,4.778920256,316.8823378,12.8508889,398.8996487,16.57100947,3.901531024,0.113827765,2.846604319,0.162246298,8.533764184,0.311168913,9.869627318,0.338223381
VEGETABLES - OVERALL ,36 and 38 - 39,Both,14-18 Years,1890,92.42202156,172.6881303,5.545209699,135.6229133,5.545209699,365.0719028,10.74438084,480.2992496,27.47914919,2.71251438,0.091637779,2.148277312,0.103890059,5.803178657,0.204096565,8.017789797,0.46146087,186.8473849,5.519969889,147.603732,6.550792565,371.8656883,11.96893197,489.0907284,28.92620962,2.934922148,0.091647591,2.362735035,0.103571173,5.93946708,0.258866224,8.146786233,0.413266589
VEGETABLES - OVERALL ,36 and 38 - 39,Both,19-30 Years,1849,95.05351608,199.7450117,7.703699489,167.3459742,7.703699489,411.4439065,22.63888847,491.852974,26.44037332,2.904049896,0.136378709,2.309581104,0.112510773,6.032448974,0.418913772,8.245289006,0.723030738,210.1395298,7.628126522,175.6663302,9.66519734,427.5524736,21.54032184,492.9795329,30.16996347,3.055173565,0.136278466,2.401448675,0.088804024,6.322435029,0.443939458,8.30495342,0.693375687
VEGETABLES - OVERALL ,36 and 38 - 39,Both,31-50 Years,4389,93.66773975,218.27605,5.913414848,174.1975015,5.913414848,463.6046822,15.59463861,583.9673852,19.3199882,2.913997427,0.082867442,2.143694985,0.100350072,6.355022676,0.215036408,7.975580389,0.302656347,233.0322591,5.748756059,185.9536774,5.934378462,476.7653517,13.97462011,591.204789,22.3559748,3.110993641,0.081217511,2.356787642,0.080423477,6.491391421,0.229490262,8.137466467,0.301736192
VEGETABLES - OVERALL ,36 and 38 - 39,Both,51-70 Years,4465,95.01123751,230.4377174,6.379422826,182.6460485,6.379422826,479.1082149,12.3503084,579.6541317,24.5183942,3.053746625,0.089855182,2.386598835,0.070305336,6.342783048,0.181424819,8.470949639,0.403668307,242.5373287,6.487739155,196.0742092,7.23852185,485.9368047,12.91072132,600.1350525,24.31880376,3.214089938,0.091427533,2.511292154,0.058412897,6.370807055,0.218714192,8.547089506,0.418181623
VEGETABLES - OVERALL ,36 and 38 - 39,Both,71+ Years,2628,93.72992066,200.4160198,5.138990075,162.1517946,5.138990075,418.6772755,12.8577382,537.1895039,20.44276781,2.805068036,0.073915789,2.170073403,0.073002729,6.094799607,0.220850985,7.613886075,0.259735905,213.8228843,5.08549631,175.667077,6.018978205,428.6058842,14.18255766,546.9717226,19.15691125,2.99271355,0.074169276,2.320940728,0.090695144,6.231777513,0.205148698,7.730403386,0.252017325
VEGETABLES - OVERALL ,36 and 38 - 39,Both,1-18 Years,6339,91.87770548,142.921901,2.725933291,106.9666206,2.725933291,315.9213061,7.761737063,406.1646357,12.77629563,4.598265255,0.103425999,3.019010982,0.07767932,10.59674059,0.323074538,15.1365729,0.510280553,155.556672,2.836564485,119.5094104,2.96895813,326.9674454,9.02493268,421.6763263,11.38599645,5.003818232,0.108831686,3.323856747,0.081847061,11.03850018,0.441218205,15.55142093,0.450789413
VEGETABLES - OVERALL ,36 and 38 - 39,Both,19+ Years,13331,94.34982057,217.0197545,3.456223403,173.9076312,3.456223403,458.3953997,8.266424579,567.3217735,10.91387483,2.94521364,0.05006944,2.276711743,0.044971753,6.293159225,0.125459194,8.150187592,0.206156084,230.0160755,3.39724154,185.7075984,3.834102604,466.7997928,6.910166688,577.735008,10.88434198,3.121589021,0.049620545,2.416840328,0.041389596,6.391404819,0.119669282,8.251612724,0.206924136
VEGETABLES - OVERALL ,36 and 38 - 39,Male,9-13 Years,1023,91.60638811,147.2721396,6.141731971,116.1971974,6.141731971,320.2017355,14.89198201,389.6878093,21.16283654,3.60771714,0.162941059,2.564634922,0.151371997,8.364198897,0.411687702,9.77217652,0.348182784,160.7662332,6.274225307,131.2430864,6.986598176,331.1540397,15.66211169,406.9645736,21.35238662,3.938281177,0.167284384,2.930078593,0.246088783,8.569550952,0.395867525,9.8350949,0.370505526
VEGETABLES - OVERALL ,36 and 38 - 39,Male,14-18 Years,900,93.34070871,186.835154,8.44741765,146.2278514,8.44741765,399.9657971,29.13247539,538.1331882,33.0303602,2.72416237,0.125791393,2.200703737,0.16771574,5.900910303,0.487464418,8.570016322,0.592637329,200.1647047,8.585665995,165.8256236,12.27140262,416.6361455,31.79872256,539.8854379,33.44044979,2.91851477,0.128308031,2.461172663,0.185734173,6.05835718,0.55072231,8.580187804,0.495817138
VEGETABLES - OVERALL ,36 and 38 - 39,Male,19-30 Years,857,95.30043604,211.1166322,11.76490271,178.5882046,11.76490271,434.756417,22.90246078,493.2188287,67.97601796,2.835262178,0.175371637,2.213488344,0.209460619,5.788497057,0.521446065,7.932368075,0.981871165,221.5274567,12.01537088,191.2616801,14.28204232,435.7474115,22.96191189,515.7873661,66.91673237,2.975077865,0.179033233,2.313820657,0.200138327,5.953343536,0.528416016,8.005750989,0.968785778
VEGETABLES - OVERALL ,36 and 38 - 39,Male,31-50 Years,2005,93.54734092,223.7538591,8.294562389,176.4868181,8.294562389,483.4292756,21.99877591,581.7464068,28.29573559,2.656374583,0.101948575,1.953633341,0.089827539,5.925320852,0.217027584,7.41129074,0.362466853,239.1878346,8.254046893,188.4311305,9.62128513,493.3828945,23.09885447,584.0448718,35.29469323,2.839604586,0.101238933,2.055479495,0.13733024,5.963856378,0.273913506,7.534654204,0.368922003
VEGETABLES - OVERALL ,36 and 38 - 39,Male,51-70 Years,2151,94.00535199,241.8518361,10.36164773,201.0624319,10.36164773,493.4377317,16.71199509,626.5204577,48.31877486,2.871936416,0.136033927,2.285120089,0.100413826,5.982245584,0.267269598,7.171280516,0.716017566,257.2745391,10.69214369,213.0573164,7.136661653,501.5350103,17.46381327,635.5653574,53.88507388,3.055077563,0.141487339,2.460140063,0.083855728,6.053557706,0.242132315,7.514786419,0.790448717
VEGETABLES - OVERALL ,36 and 38 - 39,Male,71+ Years,1180,93.49610485,225.4455881,7.940598884,193.8702556,7.940598884,454.3685617,27.41387453,557.6442193,29.84994702,2.830444187,0.107847991,2.295712874,0.147008228,5.90470161,0.339076266,7.525207867,0.507821219,241.1283213,7.951068535,209.4575222,9.19407407,466.0745912,28.59011605,561.1734881,37.30772923,3.027339152,0.109120088,2.547383168,0.129037273,6.099040561,0.351564941,7.807657567,0.531649098
VEGETABLES - OVERALL ,36 and 38 - 39,Male,19+ Years,6193,94.008328,227.6555725,5.398720758,183.6436781,5.398720758,471.812567,11.68311981,580.2425031,22.25963974,2.778654848,0.069919486,2.129425203,0.081432203,5.928800439,0.149827499,7.429725962,0.316412049,242.1653244,5.45070959,199.7189344,5.816924018,482.9848926,11.25415545,586.2005744,29.1363007,2.955753928,0.07098548,2.292858527,0.076878798,6.023634651,0.165840402,7.557886573,0.347683052
VEGETABLES - OVERALL ,36 and 38 - 39,Female,9-13 Years,939,92.87712135,144.9329885,6.443591516,119.2063531,6.443591516,293.6412415,11.84496618,378.3842467,23.51251356,3.588198402,0.164964247,2.640860633,0.155779008,7.769002302,0.588460905,9.715254631,0.568732567,156.0481057,6.544991502,129.1375238,7.376408084,297.9199865,16.29359379,392.2314107,23.62543391,3.863382445,0.165303247,2.828801062,0.203270963,8.501255357,0.600341773,9.994414209,0.636983827
VEGETABLES - OVERALL ,36 and 38 - 39,Female,14-18 Years,990,91.45065834,157.7299388,6.974193844,123.6142983,6.974193844,338.974919,15.04240627,400.1866675,24.95366242,2.700198513,0.128611609,2.131832587,0.126873664,5.768699626,0.249901787,7.317663221,0.557860563,172.4754547,7.049202842,133.8398468,7.685188324,347.5784206,13.58888344,406.804549,28.48063208,2.95262884,0.13172033,2.310507344,0.115835102,5.89251386,0.287480033,7.536049693,0.556956534
VEGETABLES - OVERALL ,36 and 38 - 39,Female,19-30 Years,992,94.78010012,187.1531485,9.588262763,145.7114642,9.588262763,380.1427503,29.88690482,468.9803421,23.80181787,2.980218947,0.199074448,2.401357169,0.117475162,6.358264263,0.602304971,8.452798326,1.269485616,197.4603828,9.453152314,156.9427993,13.60616059,386.4164694,32.97778108,469.0770031,27.91286331,3.144350916,0.199402599,2.437513089,0.092801509,6.52509939,0.649177347,8.611851992,1.33211836
VEGETABLES - OVERALL ,36 and 38 - 39,Female,31-50 Years,2384,93.78295695,213.0339902,8.217534176,173.8096282,8.217534176,436.1074965,24.51787813,591.0384033,40.19516842,3.160532912,0.127407236,2.380177291,0.093936503,6.71903631,0.340326328,8.758283028,0.598698856,227.1564015,8.271504676,185.0497888,7.667710211,445.6957617,24.91181938,599.8393998,38.13713397,3.370050395,0.128176529,2.522794278,0.11644091,6.865439335,0.366193027,8.856851284,0.600362363
VEGETABLES - OVERALL ,36 and 38 - 39,Female,51-70 Years,2314,95.99421013,219.2835991,6.69258962,171.859306,6.69258962,465.0431023,18.15535015,564.3821777,17.67272105,3.231415409,0.107979144,2.511683322,0.103691901,6.869879085,0.340422257,9.045140107,0.452589731,228.4341929,6.89751498,180.3877674,8.505620368,468.8557109,19.52344321,568.6401933,18.34262211,3.36626074,0.111170936,2.602021883,0.107385619,6.930264377,0.374689151,9.262798171,0.490027277
VEGETABLES - OVERALL ,36 and 38 - 39,Female,71+ Years,1448,93.91514406,180.5881824,6.710397298,141.7446879,6.710397298,397.6919348,17.72363971,486.8810815,27.13828088,2.784965644,0.102113574,2.144404798,0.095834661,6.213658558,0.303205699,7.613941715,0.313821503,192.288671,6.729586789,150.5462726,7.367200516,409.7811456,18.38062959,495.4371352,29.11412273,2.965406348,0.102363414,2.228266381,0.084445266,6.28077543,0.296758225,7.678670776,0.29517874
VEGETABLES - OVERALL ,36 and 38 - 39,Female,19+ Years,7138,94.67951094,206.7515167,4.335617948,164.37533,4.335617948,435.8294209,11.57195072,549.0007044,17.85291641,3.106016061,0.070341388,2.38095877,0.047125434,6.595077242,0.181035233,8.558765189,0.301493361,218.3698612,4.297805152,175.9407783,4.751999773,442.8024849,12.26371353,563.3076841,17.46766671,3.280557779,0.069884856,2.497181806,0.057407501,6.726920243,0.195255304,8.68669209,0.328311695
VEGETABLES (EXCL POTATOES),36,Both,All ages,19670,89.79903152,159.2619223,2.485189463,116.9928264,2.485189463,358.158859,6.212825963,467.3039601,9.440668741,2.586126291,0.041631322,1.763621945,0.039011931,5.910565759,0.113286561,7.881418785,0.192504764,177.3537193,2.555634524,133.9142641,2.741225786,371.4157128,7.427096901,483.6560725,9.3524664,2.879618611,0.043150031,2.026554411,0.042771762,6.215914848,0.113970788,8.232220034,0.204130277
VEGETABLES (EXCL POTATOES),36,Both,1-3 Years,1288,82.61794458,77.64441984,4.268677271,51.89041988,4.268677271,189.11777,16.28594996,253.4671049,16.72088407,5.495585439,0.312838573,3.323871349,0.471657348,13.22955889,0.958158914,17.60639789,0.872995166,93.98009142,4.344308353,67.5661563,3.488296443,215.1314996,17.34194208,269.0076258,15.82077408,6.672882436,0.317729924,5.114309551,0.405619148,14.50955567,1.171624893,18.13660712,1.119619452
VEGETABLES (EXCL POTATOES),36,Both,4-8 Years,1199,88.55982372,110.3559456,5.153348098,73.14392188,5.153348098,269.1688265,21.97763831,356.3625515,25.16655674,4.98176048,0.236104167,3.054991486,0.274672682,12.85286781,0.864110192,16.86861302,1.145719534,124.6117494,5.486369788,84.74997188,6.191676491,295.0397055,18.76784066,373.9046769,24.26410608,5.625305325,0.253680952,3.80463133,0.228691501,13.68451642,0.846685382,17.95642214,1.187604079
VEGETABLES (EXCL POTATOES),36,Both,9-13 Years,1962,86.28174481,109.8296155,3.917256585,77.5574126,3.917256585,250.9590295,9.392050555,318.4686705,15.55133513,2.693533821,0.096807347,1.851361688,0.126844293,6.396177531,0.265602167,7.968524116,0.339433664,127.2918342,4.11857009,96.84180944,4.56370986,267.4043293,10.86365467,336.5249654,17.58209358,3.121788771,0.10155649,2.260794751,0.128551772,6.860761692,0.333873471,8.433884115,0.343235887
VEGETABLES (EXCL POTATOES),36,Both,14-18 Years,1890,86.14857573,130.0042179,4.66842461,90.50441952,4.66842461,298.8911201,12.96827785,379.0912248,21.60443225,2.05673384,0.075457448,1.440785201,0.084046632,4.754669036,0.191382163,6.013336229,0.30076762,150.9069846,4.971758053,116.9258882,6.063998703,316.9340433,16.39174101,403.7332054,25.1477797,2.3874264,0.082681715,1.821328088,0.086463927,4.980588462,0.167628594,6.237771154,0.422159076
VEGETABLES (EXCL POTATOES),36,Both,19-30 Years,1849,90.0562734,158.3646217,6.434220035,125.054025,6.434220035,343.9696101,13.83541292,438.1019556,19.94571554,2.308735414,0.104867164,1.723750633,0.138806935,5.256476822,0.284534982,6.706309352,0.339514288,175.8507383,6.269765685,140.6415394,7.065367926,357.5179662,16.41132644,454.1971359,18.15903941,2.563658618,0.104487068,1.993300102,0.152951269,5.536826041,0.33137762,6.714381775,0.266986517
VEGETABLES (EXCL POTATOES),36,Both,31-50 Years,4389,90.39633329,180.4773421,5.404902812,135.7248765,5.404902812,401.7715522,13.18511361,518.7267804,32.3420846,2.435617159,0.076933032,1.716931639,0.078329908,5.680844054,0.209147033,7.406757186,0.356811873,199.6511756,5.473210925,150.5019211,5.55768088,409.5601533,17.9718271,557.8582464,31.2752551,2.694376055,0.078597003,1.927372556,0.074789315,5.925769899,0.19892903,7.660179007,0.3438589
VEGETABLES (EXCL POTATOES),36,Both,51-70 Years,4465,91.60042677,175.2036532,5.028945121,127.9982748,5.028945121,376.5331718,15.539974,511.583189,24.32153506,2.341397982,0.071586699,1.667068769,0.063316489,5.360746026,0.166797693,7.060025852,0.356410806,191.2694726,5.196729486,147.6456731,5.345845661,393.805424,17.89810141,524.9321886,24.75501407,2.556099425,0.074371214,1.860647337,0.08377598,5.552376645,0.1452927,7.230304124,0.378710988
VEGETABLES (EXCL POTATOES),36,Both,71+ Years,2628,89.81490452,149.0893793,4.286565843,111.9491076,4.286565843,343.5436149,12.94502686,428.0906211,18.08042417,2.085682199,0.059931035,1.55149163,0.074402438,4.756635292,0.21986418,6.335469324,0.340783067,165.9962565,4.413522692,127.4801368,4.237119703,360.8269118,13.58842542,436.7319219,24.16319645,2.322200542,0.061956476,1.791977787,0.063592596,5.031839548,0.199215425,6.508978428,0.290557364
VEGETABLES (EXCL POTATOES),36,Both,1-18 Years,6339,86.27139054,110.4082531,2.363523631,73.1598141,2.363523631,262.8625983,8.759461906,346.6644052,10.75189462,3.594906919,0.092224157,2.17865595,0.074625954,8.771110289,0.349378782,12.85824339,0.544553601,127.9778295,2.528463143,92.48304901,3.222482277,280.1535199,7.749728857,360.7875746,11.56744394,4.16682125,0.099936745,2.653984609,0.086357313,9.713513778,0.413367251,13.63187465,0.658016172
VEGETABLES (EXCL POTATOES),36,Both,19+ Years,13331,90.66545286,171.2608364,2.966314079,128.30653,2.966314079,375.3199482,8.589858065,487.0029747,11.56646696,2.341307539,0.042616977,1.681606452,0.045011587,5.381897824,0.118916006,6.902972497,0.162239009,188.8931573,3.017574645,144.8954631,2.811512585,392.1513518,8.591588852,503.6377571,14.84248518,2.582359063,0.043277048,1.895546426,0.047924333,5.612169157,0.104113535,7.144907165,0.213024165
VEGETABLES (EXCL POTATOES),36,Male,9-13 Years,1023,85.98009115,108.3719069,5.11721196,71.29113228,5.11721196,254.531012,20.28853469,330.409519,16.93466151,2.666279861,0.12894946,1.673332979,0.149678578,6.4576847,0.412403452,7.859863809,0.297382945,126.043024,5.593588661,91.05589934,6.80912453,269.7647514,20.60140736,334.6127314,23.51750815,3.101043306,0.141842221,2.175753969,0.16054143,6.930314635,0.442961498,8.246095245,0.379627552
VEGETABLES (EXCL POTATOES),36,Male,14-18 Years,900,86.47831179,134.0643998,7.132804418,89.21541133,7.132804418,297.3281011,19.62288622,434.4584953,42.52788553,1.97393122,0.106374506,1.318201443,0.131151091,4.362166512,0.311976477,5.89 E,1.031825432,155.0266154,7.470860162,118.2073236,10.42315468,325.8510898,24.36835758,459.4473918,40.69876701,2.282573722,0.112899256,1.751603618,0.157670963,4.743026882,0.320434964,6.7825013,1.06898978
VEGETABLES (EXCL POTATOES),36,Male,19-30 Years,857,91.55109965,163.9732357,10.25448547,122.8518735,10.25448547,345.159117,29.36584059,454.401132,27.54085626,2.203925356,0.14797935,1.583242805,0.180479271,5.011444378,0.307723171,5.992369302,0.49513633,179.1056976,10.83282942,141.814002,15.6001838,353.922311,34.85361605,457.5627324,26.96987682,2.407317187,0.156308211,1.837764865,0.187595522,5.031604232,0.296854513,6.535835253,0.596451249
VEGETABLES (EXCL POTATOES),36,Male,31-50 Years,2005,89.24072855,179.6927914,7.351715239,134.1729129,7.351715239,406.3038163,18.65675905,518.6630001,32.62462149,2.142252418,0.090978748,1.5993004,0.095014283,4.967916591,0.220633551,6.321692525,0.401776774,201.3573783,7.447927941,148.2633763,8.305882079,418.5727306,22.72923646,546.5817011,32.03812329,2.400532193,0.091672376,1.809162204,0.071600347,5.150135812,0.268149347,6.705488756,0.40826497
VEGETABLES (EXCL POTATOES),36,Male,51-70 Years,2151,90.12368064,175.7858465,7.165499991,126.8611366,7.165499991,368.7202877,19.45721582,518.908566,36.12882252,2.089605508,0.091346136,1.517754437,0.086054913,4.511993533,0.309993188,6.253559539,0.491834674,195.0495643,7.415553525,149.1256297,8.384861244,384.5661002,27.67340105,547.0773842,35.26200129,2.318597613,0.095570929,1.734818455,0.089904133,4.811806893,0.333636831,6.600459132,0.525993707
VEGETABLES (EXCL POTATOES),36,Male,71+ Years,1180,88.66714087,165.6498103,6.805280969,127.3574893,6.805280969,354.5762703,16.40555998,442.9266969,37.94193714,2.06827692,0.087089871,1.631461269,0.104722132,4.326235246,0.264009684,6.156827554,0.490156893,186.8220951,7.065994744,152.5779506,9.094771323,366.8805338,18.88796427,473.1141172,37.30375656,2.332630667,0.090308316,1.84340519,0.081448863,4.619258974,0.305906127,6.352829191,0.425016498
VEGETABLES (EXCL POTATOES),36,Male,19+ Years,6193,89.88602937,174.0586614,4.270738239,128.3632416,4.270738239,376.971546,13.25535077,494.6888531,19.41358521,2.127917622,0.054343855,1.578311163,0.060008586,4.826484066,0.137195899,6.237592227,0.247037103,193.6437315,4.464312004,148.5685497,5.146176926,400.5344797,12.75086352,518.0447379,20.65186515,2.367350786,0.056534002,1.796309807,0.050457144,5.019236443,0.138693023,6.553324223,0.225585417
VEGETABLES (EXCL POTATOES),36,Female,9-13 Years,939,86.59922073,111.3637835,5.766096532,83.55636949,5.766096532,250.917375,8.537212339,304.7025978,27.14776968,2.722217298,0.137964387,2.028770595,0.129539044,6.291990615,0.349052819,8.506043045,0.626857404,128.5967502,6.060643734,100.2971302,6.152606763,257.1816619,11.17969768,333.0474399,29.04785516,3.143466275,0.142432035,2.39558859,0.167720674,6.53913717,0.402159863,8.801818691,0.536630451
VEGETABLES (EXCL POTATOES),36,Female,14-18 Years,990,85.79993313,125.7112316,6.089241676,92.02532699,6.089241676,298.3991386,21.53459115,372.3225607,15.00012914,2.144284231,0.110227767,1.5670859,0.112906732,4.980472857,0.231916275,6.026703652,0.236797821,146.5167012,6.525915239,114.9288919,6.116824231,305.7291934,23.56429561,374.3418616,15.03053574,2.499167718,0.119319613,1.926585797,0.118107567,4.995613922,0.319695466,6.198265142,0.247897149
VEGETABLES (EXCL POTATOES),36,Female,19-30 Years,992,88.40104335,152.1541699,8.608345193,126.3782998,8.608345193,334.8340494,23.20516398,424.382214,30.71356369,2.424792217,0.156914307,1.856742693,0.233138335,5.74166872,0.528311632,6.961421679,0.614551981,172.1180703,7.888118515,139.3696683,6.820936948,357.7494675,22.43697008,432.3321762,27.36077377,2.742945247,0.151153467,2.259908082,0.170016986,5.88415172,0.527179798,7.146712552,0.66332569
VEGETABLES (EXCL POTATOES),36,Female,31-50 Years,2384,91.50220405,181.2281281,8.071183962,136.1122513,8.071183962,392.0745813,21.10983938,517.4006654,56.77097364,2.716356309,0.124558471,1.946869772,0.127234605,6.21558759,0.274524918,7.947519076,0.668796448,198.0587571,8.313366408,151.5161549,8.106141109,402.8663459,27.19162934,571.8065988,53.84069412,2.968623912,0.128322928,2.171997818,0.103394464,6.436884205,0.307542565,8.470389099,0.6757928
VEGETABLES (EXCL POTATOES),36,Female,51-70 Years,2314,93.04353434,174.6347216,6.446384356,129.8659372,6.446384356,384.7493223,20.07750859,488.1087147,32.02406947,2.587454917,0.102448363,1.785458464,0.112606422,5.647139907,0.219406227,7.710733605,0.538524564,187.6914101,6.693921039,146.1672721,7.323787433,401.6247048,20.39687562,514.5265686,32.12141184,2.780907814,0.106875897,2.041358872,0.122022755,5.754252423,0.296150334,7.731492966,0.518035549
VEGETABLES (EXCL POTATOES),36,Female,71+ Years,1448,90.72413598,135.970594,5.857780774,100.5448772,5.857780774,324.305158,27.46371059,411.1054343,21.57646306,2.099470254,0.088063765,1.50033809,0.094298907,5.057047748,0.283575944,6.623031865,0.546286261,149.8725698,6.075479081,113.1157767,5.747905329,345.3306271,26.8070268,422.1960393,23.98345689,2.314125378,0.091234204,1.756340657,0.101617573,5.124743227,0.245773294,6.812855645,0.508869405
VEGETABLES (EXCL POTATOES),36,Female,19+ Years,7138,91.417939,168.559706,4.13458921,127.5057055,4.13458921,373.5499403,11.12215123,485.4515347,14.75543379,2.547322574,0.064944131,1.804795271,0.066176659,5.78642108,0.17731944,7.655861246,0.298038182,184.3836208,4.176680396,140.9671331,3.53367307,391.8429428,11.50080976,487.581679,19.34179626,2.786458108,0.065748033,2.101052099,0.066924598,6.094253435,0.209571159,7.735384585,0.270879246
BEANS,36A,Both,All ages,19670,7.460748675,4.266369099,0.339979862,F,F,F,.,18.63 E,3.875581926,0.065734594,0.004483589,F,F,F,.,0.32 E,0.058610622,57.18419538,3.580362622,35.41632989,3.235452079,124.9144156,5.65668972,185.1879759,26.60957245,0.887007178,0.047675777,0.578684017,0.048283133,2.087962864,0.17158669,2.517885551,0.106683733
BEANS,36A,Both,1-3 Years,1288,9.341002169,1.458781624,0.229658654,F,F,F,.,6.75 E,1.474094707,0.11 E,0.019148344,F,F,F,.,0.52 E,0.14711535,15.62 E,3.192864407,F,F,38.37 E,9.676833434,62.25730477,10.2240303,1.4 E,0.251068314,F,F,3.45 E,0.775629718,4.912256379,0.746043828
BEANS,36A,Both,4-8 Years,1199,5.013508336,1.28 E,0.350444671,F,F,F,.,F,F,0.06 E,0.016719431,F,F,F,.,F,F,25.44 E,6.007862931,F,F,F,F,107.14 E,32.57481366,1.19 E,0.282142341,0.67 E,0.157910184,F,F,5.58 E,1.677229289
BEANS,36A,Both,9-13 Years,1962,6.749523063,2.75 E,0.488732507,F,F,F,.,F,F,0.06 E,0.011789785,F,F,F,.,F,F,40.7570853,5.337325923,35.26 E,7.669251492,82.45 E,15.55115597,119.49 E,23.49674213,0.96009006,0.130026961,0.7 E,0.162811799,2.2772335,0.334352156,2.461231159,0.319422724
BEANS,36A,Both,14-18 Years,1890,6.600027583,3.12 E,0.523191989,F,F,F,.,F,F,0.05 E,0.00859491,F,F,F,.,F,F,47.33845795,4.904208116,35.5 E,7.316152309,93.68 E,20.39786476,124.8841712,18.07664347,0.765284526,0.075640469,0.615973531,0.075996141,1.59 E,0.295779246,2.004247864,0.287032638
BEANS,36A,Both,19-30 Years,1849,4.893122705,2.7 E,0.664303044,F,F,F,.,F,.,0.04 E,0.009460506,F,F,F,.,F,.,55.17 E,10.44237064,31.13 E,6.081055488,138.48 E,26.5692972,176.59 E,30.38890831,0.81 E,0.143173303,0.47 E,0.098913303,2.13 E,0.385518176,2.390102817,0.273511398
BEANS,36A,Both,31-50 Years,4389,7.631810869,4.83 E,0.818908383,F,F,F,.,F,F,0.066746299,0.010209006,F,F,F,.,F,F,63.2934218,8.822092756,F,F,131.94 E,40.4900843,249.35 E,67.30551182,0.874580103,0.109380643,0.54 E,0.118158275,2.178450083,0.347599426,2.618810074,0.402555349
BEANS,36A,Both,51-70 Years,4465,8.589345204,5.559195167,0.763682363,F,F,F,.,37.32 E,11.95913254,0.074439038,0.010089367,F,F,F,.,0.5 E,0.143314833,64.72199027,5.560743518,52.92 E,8.847935649,132.0807403,19.85272119,193.1943635,28.61169984,0.866643924,0.074518451,0.63 E,0.128464008,1.850214029,0.278153505,2.498251237,0.253722493
BEANS,36A,Both,71+ Years,2628,9.069197187,5.282058085,0.776832367,F,F,F,.,36.06 E,9.150936294,0.074276575,0.011042778,F,F,F,.,0.53 E,0.139208485,58.24173823,5.768520126,44.4370669,7.240988748,124.8670322,13.46043461,170.1552156,25.97132663,0.818998343,0.081582569,0.621915748,0.097468122,1.828250965,0.221660273,2.169346159,0.26499809
BEANS,36A,Both,1-18 Years,6339,6.652050159,2.230118219,0.216829898,F,F,F,.,7.41 E,1.979242175,0.066345447,0.006953489,F,F,F,.,0.33 E,0.107032713,33.52527666,2.671165842,23.65 E,3.968613829,67.49863335,9.443706843,109.1956278,16.4880634,1.0388055,0.086090131,0.660612929,0.049797208,2.377913455,0.23867748,3.19 E,0.554817222
BEANS,36A,Both,19+ Years,13331,7.659372528,4.766491193,0.422582485,F,F,F,.,24.32 E,4.723685514,0.065586347,0.005449541,F,F,F,.,0.32 E,0.070704061,62.23083125,4.273279538,39.00305564,6.087034993,131.8411841,13.61522904,192.7281304,23.61262773,0.856288776,0.054642504,0.57472291,0.056972439,2.037098306,0.201410191,2.509574008,0.138200014
BEANS,36A,Male,9-13 Years,1023,5.729032896,2.8 E,0.749972598,F,F,F,.,F,F,0.07 E,0.017892201,F,F,F,.,F,F,48.86311564,7.623769708,42.91 E,10.61401992,87.08 E,16.01037534,108.74 E,22.45761214,1.196967381,0.169834951,1.08 E,0.274276289,2.391499077,0.310357669,2.441941247,0.198632527
BEANS,36A,Male,14-18 Years,900,5.403647522,2.65 E,0.728406413,F,F,F,.,F,F,0.04 E,0.011309813,F,F,F,.,F,F,48.99 E,9.21714355,33.86 E,8.798530807,124.7 E,37.2885062,130.55 E,28.33291486,0.75 E,0.133913538,0.573319828,0.090890279,F,F,2.08 E,0.557880163
BEANS,36A,Male,19-30 Years,857,2.596906634,F,F,F,F,F,.,F,.,F,F,F,F,F,.,F,.,92.48 E,23.74010672,F,F,177.94 E,33.10730803,179.5 E,34.81347219,1.2 E,0.315633286,F,F,2.34 E,0.463308688,2.38 E,0.488757845
BEANS,36A,Male,31-50 Years,2005,8.251292292,5.44 E,1.442468111,F,F,F,.,F,F,0.06 E,0.015368394,F,F,F,.,F,F,65.91 E,14.18334497,F,F,F,F,238.13 E,68.37921229,0.76 E,0.148620935,F,F,1.9 E,0.403260603,2.4 E,0.521495434
BEANS,36A,Male,51-70 Years,2151,8.506901971,5.1 E,1.038784607,F,F,F,.,F,F,0.06 E,0.01345473,F,F,F,.,F,F,59.93294838,9.460009479,42.75 E,13.03477209,132.09 E,32.61827379,191.0524029,30.19997639,0.75 E,0.12528966,F,F,1.8 E,0.48197469,2.54 E,0.436768753
BEANS,36A,Male,71+ Years,1180,10.01337522,5.12 E,0.964028555,F,F,F,F,F,F,0.07 E,0.012415945,F,F,F,F,0.43 E,0.141588429,51.17665254,7.025878462,32.05 E,8.438987563,118.702987,14.3606568,135.89 E,34.76283779,0.655441683,0.090802538,0.43 E,0.11548565,1.477939812,0.185062664,1.73 E,0.500481694
BEANS,36A,Male,19+ Years,6193,7.510415148,4.746373669,0.68626055,F,F,F,.,F,F,0.057843311,0.007917612,F,F,F,.,F,F,63.19722113,7.288642171,38.56 E,10.57016222,143.75 E,28.46233047,211.7043846,33.18300089,0.770174622,0.083370808,0.43 E,0.118205021,1.95 E,0.37172304,2.516263104,0.27135975
BEANS,36A,Female,9-13 Years,939,7.823539724,2.7 E,0.648570113,F,F,F,.,F,F,0.06 E,0.015341626,F,F,F,.,F,F,34.51 E,6.800771546,F,F,70.31 E,15.44519266,102.3 E,18.23618856,0.78 E,0.166018555,0.52 E,0.169492026,1.71 E,0.559175714,2.85 E,0.761602843
BEANS,36A,Female,14-18 Years,990,7.865006176,3.63 E,0.685210805,F,F,F,.,F,F,0.06 E,0.011683762,F,F,F,.,F,F,46.1393267,5.65728614,44.29 E,8.487249231,75.86 E,15.5790751,103.7857677,15.67872816,0.77682478,0.091385281,0.705496917,0.1112467,1.48792429,0.237200765,1.722044585,0.141357105
BEANS,36A,Female,19-30 Years,992,7.435736478,3.03 E,0.736956988,F,F,F,.,F,F,0.05 E,0.012300178,F,F,F,.,F,F,40.74 E,7.771189096,26.41 E,5.676579817,106.14 E,27.91457741,124.6834356,19.98891492,0.65 E,0.126272039,0.46 E,0.095667018,1.73 E,0.497830846,2.06 E,0.405930915
BEANS,36A,Female,31-50 Years,2384,7.038990178,4.25 E,0.778296174,F,F,F,.,F,F,0.07 E,0.01284493,F,F,F,.,F,F,60.36058769,10.02556927,F,F,124.887557,20.76478929,187.94 E,46.23073662,0.998461234,0.161470876,0.56 E,0.130282942,2.19 E,0.388577102,3.35 E,0.743408115
BEANS,36A,Female,51-70 Years,2314,8.669910477,6.01 E,1.123202842,F,F,F,.,F,F,0.08 E,0.015054206,F,F,F,.,F,F,69.31395259,6.295915812,62.49 E,11.13682145,124.4227007,13.12390848,152.78 E,27.7727035,0.979143922,0.081853423,0.93 E,0.180826921,1.906431812,0.201742665,2.364790992,0.251286616
BEANS,36A,Female,71+ Years,1448,8.321241484,5.41 E,1.119281948,F,F,F,.,F,F,0.08 E,0.016573442,F,F,F,.,F,F,64.97664807,8.285984925,52.13109274,7.991273766,131.14 E,26.82286921,176.7759795,26.13658959,0.974911437,0.120187679,0.804371072,0.106429575,2.018473402,0.240234326,2.214756242,0.334247021
BEANS,36A,Female,19+ Years,7138,7.803181853,4.785913444,0.495746142,F,F,F,.,27.5 E,5.426538103,0.073061779,0.007397235,F,F,F,.,0.42 E,0.097993496,61.33284517,4.592279947,39.27 E,6.748124088,124.898172,5.167682263,167.135812,22.90295547,0.936307529,0.067838863,0.58 E,0.101202641,2.039596362,0.127013074,2.397368389,0.198735342
BROCCOLI,36B,Both,All ages,19670,12.08468871,7.974391473,0.481898607,F,F,10.94 E,2.969755939,51.22906278,5.040180127,0.13145328,0.007651736,F,F,0.17 E,0.031247498,0.861753186,0.068713132,65.98756216,3.079689644,40.37862478,2.214951449,155.4944682,3.755882628,203.5242941,20.78118591,1.086973952,0.04913334,0.667969026,0.044040647,2.510324101,0.179828929,3.428460909,0.318767557
BROCCOLI,36B,Both,1-3 Years,1288,12.36290395,4.43491631,0.68408973,F,F,F,F,31.04 E,7.121746319,0.312253051,0.043855492,F,F,F,F,2.33 E,0.477190516,35.87277169,3.677005838,27.55905754,3.778524622,77.99787154,8.757593438,90.57 E,24.533719,2.463902104,0.223096794,1.76 E,0.330116441,5.62451811,0.407866259,6.205627114,0.415306635
BROCCOLI,36B,Both,4-8 Years,1199,9.566876645,5.600471768,0.925499733,F,F,F,.,39.08 E,11.27680645,0.242419185,0.036975009,F,F,F,.,1.75 E,0.395049761,58.54023185,6.045356545,40.67 E,8.724393647,125.3733639,18.49294001,155.5255645,23.66646965,2.533942829,0.229527784,1.892506848,0.260988161,4.972810563,0.625281985,6.704807075,1.048730944
BROCCOLI,36B,Both,9-13 Years,1962,9.087532636,4.832191562,0.604750232,F,F,F,.,39.84 E,6.940005772,0.125193583,0.016171183,F,F,F,.,1.04 E,0.20283009,53.17385648,3.788894083,43.42213786,5.154547863,92.57229894,9.108021359,116.9061402,15.11705256,1.377641082,0.107524879,1.149883292,0.128894996,2.470914859,0.252012172,3.31663905,0.395534259
BROCCOLI,36B,Both,14-18 Years,1890,10.80257595,7.483295416,1.215741543,F,F,F,F,55.74 E,12.65490419,0.118362389,0.018629055,F,F,F,F,0.9 E,0.242601604,69.27324976,7.178909305,53.43 E,9.416270136,155.5430216,25.19953325,184.1199687,19.76550465,1.095686713,0.108311982,0.83 E,0.15470228,2.246673317,0.119547029,2.432834896,0.206731517
BROCCOLI,36B,Both,19-30 Years,1849,10.83613439,6.96 E,1.284382292,F,F,F,F,45.0824284,7.235423883,0.1 E,0.020503742,F,F,F,F,0.61 E,0.134202436,64.2285258,10.24056338,39.9724757,5.063470858,142.42 E,42.35874887,F,F,0.93 E,0.167013079,0.55 E,0.091902826,F,F,F,F
BROCCOLI,36B,Both,31-50 Years,4389,13.17160632,9.179075252,1.12380622,F,F,F,F,64.36 E,12.58420284,0.126513207,0.016201291,F,F,F,F,0.81 E,0.17248148,69.68835103,6.86697065,39.38662824,5.382711586,159.6876855,25.81648082,233.991079,32.20647224,0.960499457,0.10030481,0.54 E,0.101098253,2.27 E,0.386961529,3.3547031,0.498685572
BROCCOLI,36B,Both,51-70 Years,4465,12.96311692,9.301718592,0.972351907,F,F,19.07 E,6.092608692,71.73804102,11.50686611,0.125332918,0.013582666,F,F,0.26 E,0.08302395,0.845054958,0.118048544,71.75526266,5.449951528,44.66073213,5.325489109,155.6542296,5.421196236,184.6586626,27.87928391,0.966842459,0.079121808,0.661856479,0.052165309,2.150996322,0.287200733,2.914968312,0.207885162
BROCCOLI,36B,Both,71+ Years,2628,11.69197488,6.480944337,1.027195207,F,F,F,F,43.94 E,7.764496448,0.1 E,0.017518708,F,F,F,F,0.6 E,0.111193559,55.43070698,6.695900518,33.72545964,5.209864854,116.99 E,22.02030229,173.16 E,54.30166741,0.828602285,0.118711481,0.489556686,0.071830532,1.719143558,0.250327132,2.68 E,0.785126037
BROCCOLI,36B,Both,1-18 Years,6339,10.25869394,5.741571608,0.497246432,F,F,F,F,41.60349121,5.18304441,0.185662339,0.015345648,F,F,F,F,1.345963026,0.162633373,55.9678614,3.058807924,39.65735981,3.174749735,116.8532795,10.26444005,155.3009665,15.0729907,1.805725165,0.094343149,1.278286829,0.11424636,4.042034706,0.231203084,5.268014885,0.352877448
BROCCOLI,36B,Both,19+ Years,13331,12.53316995,8.522792732,0.578041019,F,F,14.17 E,3.061849178,54.4637644,7.353092079,0.118297403,0.008344443,F,F,0.17 E,0.035611495,0.789302192,0.060748279,68.0018923,3.659355031,40.43561261,2.665491123,155.7228634,4.774102891,221.9157311,19.72436497,0.943874564,0.05392678,0.602166314,0.043434809,2.144849982,0.187820829,2.975994623,0.241758837
BROCCOLI,36B,Male,9-13 Years,1023,8.935447229,5 E,0.893775366,F,F,F,.,42.47 E,13.98868497,0.14 E,0.026048711,F,F,F,.,1.26 E,0.315457494,55.95655998,5.089125046,50.15 E,11.07922361,80.57582663,8.842727498,92.78 E,16.00274853,1.571504855,0.159790131,1.415961727,0.173714732,2.496375169,0.364617402,3.327152117,0.514057618
BROCCOLI,36B,Male,14-18 Years,900,11.91639549,8.86 E,2.080693689,F,F,F,F,F,F,0.13 E,0.027780539,F,F,F,F,F,F,74.3233406,11.7503035,45.94 E,10.37940202,182.68 E,33.42739375,183.6665846,23.80343922,1.081075141,0.153684194,0.71 E,0.174440619,2.099482544,0.254010974,2.620747884,0.273818812
BROCCOLI,36B,Male,19-30 Years,857,8.653149136,5.89 E,1.293093721,F,F,F,.,35.7 E,9.614616794,0.08 E,0.017665228,F,F,F,.,0.47 E,0.14234845,68.02 E,11.88239543,38.85 E,8.394084224,157.2697106,25.57046917,197 E,36.99877839,0.92 E,0.161953278,0.56 E,0.114315518,2.348021863,0.366668883,2.42 E,0.732783534
BROCCOLI,36B,Male,31-50 Years,2005,10.2328488,7.257549707,0.993170465,F,F,F,F,50.77 E,15.82909071,0.088802477,0.013111959,F,F,F,F,0.72 E,0.148606162,70.92403935,5.323523782,50.47 E,10.25703514,154.8528661,14.22360916,183.4811827,15.19426645,0.867817735,0.069663548,0.669449106,0.096660154,1.757456538,0.150947448,2.102146072,0.205907603
BROCCOLI,36B,Male,51-70 Years,2151,11.73520642,8.458917608,1.295468073,F,F,F,F,65.33 E,15.02079746,0.104149071,0.017103671,F,F,F,F,0.76 E,0.144520339,72.08154084,8.247035766,47.07 E,8.782465227,149.4747124,18.15508709,215.63 E,39.24700522,0.887492452,0.117149535,0.608023988,0.099978649,1.745191974,0.243424445,2.71 E,0.605001829
BROCCOLI,36B,Male,71+ Years,1180,11.02778165,6.511122583,1.07399797,F,F,F,F,39.21 E,7.920272685,0.08 E,0.014740995,F,F,F,F,0.53 E,0.097255151,59.04290443,8.143638409,36.95 E,6.335156667,151.12 E,30.84518227,228.03 E,50.48754749,0.762809236,0.111505915,0.43 E,0.08224044,1.9 E,0.419200746,2.796568994,0.451789542
BROCCOLI,36B,Male,19+ Years,6193,10.53211345,7.328090379,0.635402318,F,F,F,F,49.74001667,7.633753935,0.09165213,0.008422019,F,F,F,F,0.616319579,0.079991612,69.57853626,4.105726865,46.37069259,4.145474715,154.7740083,7.387778158,199.7086455,16.95175825,0.870215941,0.056593671,0.600938892,0.050430319,1.863386068,0.117021448,2.414759492,0.231148152
BROCCOLI,36B,Female,9-13 Years,939,9.247595189,4.66 E,0.77825814,F,F,F,.,35.37 E,8.183019738,0.109167475,0.01794573,F,F,F,.,0.83 E,0.219258623,50.34405081,5.396835042,39.38229997,6.205166558,105.6824089,15.30014824,125.4640154,15.43035243,1.180495823,0.129708158,0.94 E,0.172254911,2.304874916,0.29858055,2.903461239,0.436128668
BROCCOLI,36B,Female,14-18 Years,990,9.624891754,6.03 E,1.359466799,F,F,F,.,54.21 E,17.13658904,0.11 E,0.027081973,F,F,F,.,F,F,62.66232439,7.176696876,57.4 E,11.48064028,116.8008217,10.22663912,126.2169758,20.23819189,1.11481429,0.157150562,0.93 E,0.213194533,2.246684529,0.206195479,2.313010453,0.258499923
BROCCOLI,36B,Female,19-30 Years,992,13.25336699,8.15 E,2.366383886,F,F,F,F,50.5 E,14.16780361,0.13 E,0.039633062,F,F,F,F,0.79 E,0.258425507,61.49 E,16.03063911,43.95 E,10.51529591,F,F,F,F,0.95 E,0.274525279,0.55 E,0.174202526,F,F,F,F
BROCCOLI,36B,Female,31-50 Years,2384,15.98388802,11.02 E,2.020128167,F,F,F,F,F,F,0.16 E,0.029783167,F,F,F,F,1.14 E,0.348349866,68.93131224,10.52981489,35.88 E,6.927636917,189.71 E,39.29346371,244.43 E,42.21906519,1.01728049,0.156556496,F,F,2.75251144,0.451655919,3.38 E,0.720069472
BROCCOLI,36B,Female,51-70 Years,2314,14.16305704,10.12532155,1.407851466,F,F,29.84 E,9.607126086,74.81 E,18.49059794,0.146034222,0.020257977,F,F,F,F,1.06 E,0.216218754,71.49107372,6.858732979,43.99960692,7.259917039,155.836747,7.222781134,175.4476732,28.05203225,1.031092522,0.102971949,0.683695352,0.069742988,2.485769039,0.334243945,2.953897871,0.236270673
BROCCOLI,36B,Female,71+ Years,1448,12.21813319,6.46 E,1.519675233,F,F,F,F,48.55 E,11.54282047,0.11 E,0.027704685,F,F,F,F,0.81 E,0.20351647,52.85 E,9.82328998,31.97 E,7.80851195,F,F,F,F,0.88 E,0.183912143,0.51 E,0.13240688,F,F,F,F
BROCCOLI,36B,Female,19+ Years,7138,14.46506875,9.676205464,1.007112136,F,F,19.24 E,4.284689893,64.31496788,9.17619205,0.1440218,0.015062173,F,F,0.28 E,0.062651502,0.925098771,0.134391261,66.89360163,5.5738378,38.99909946,3.104359164,155.8997039,19.10758199,233.9913818,32.64159957,0.995652371,0.084812604,0.607368155,0.071059602,2.511759948,0.299038093,3.296831932,0.475032365
CABBAGE AND KALE,36C,Both,All ages,19670,13.0316033,6.846170367,0.529237912,F,F,6.691171046,0.921989728,41.80034347,4.048402806,0.103871936,0.00819187,F,F,0.1 E,0.018328967,0.621509411,0.049493026,52.53513486,3.512163612,28.19092236,2.790088409,127.6126065,8.779077845,176.7200147,13.35697277,0.796436068,0.053435405,0.412603361,0.033451772,1.906602629,0.190711104,2.763194827,0.246214939
CABBAGE AND KALE,36C,Both,1-3 Years,1288,5.817114536,F,F,F,F,F,.,F,F,F,F,F,F,F,.,F,F,F,F,F,F,72 E,21.03299083,88.02 E,19.43607467,F,F,F,F,4.03 E,0.860811157,5.2 E,1.637558365
CABBAGE AND KALE,36C,Both,4-8 Years,1199,5.599771717,1.31 E,0.394759833,F,F,F,.,F,F,F,F,F,F,F,.,F,F,23.47 E,6.467683885,F,F,59.51 E,19.36120476,85.4 E,22.22333187,1.12 E,0.36353028,F,F,3.01 E,0.963832787,4.08 E,1.288897218
CABBAGE AND KALE,36C,Both,9-13 Years,1962,7.518518151,2.39 E,0.436380495,F,F,F,.,7.81 E,1.700893751,0.06 E,0.011706244,F,F,F,.,0.17 E,0.05357904,31.78 E,5.450812278,9.87 E,2.894918086,86.12 E,16.43892252,112.56 E,26.43249019,0.81 E,0.147526903,0.26 E,0.051897926,F,F,3.44 E,1.043703685
CABBAGE AND KALE,36C,Both,14-18 Years,1890,7.178646372,3.24 E,0.5994014,F,F,F,.,F,F,0.06 E,0.010154398,F,F,F,.,F,F,45.16538665,6.030188422,28.88 E,5.492980528,107 E,22.60425423,144.7519432,18.34961017,0.768038548,0.102875785,0.534192673,0.08682659,1.69 E,0.440235132,2.8 E,0.528502063
CABBAGE AND KALE,36C,Both,19-30 Years,1849,13.25433751,6.174710906,0.921563786,F,F,F,F,51.5 E,12.44973509,0.090631299,0.013728818,F,F,F,F,0.6 E,0.143053469,46.58634128,5.893055745,30.44 E,9.037246483,92.39 E,19.67754825,127.58 E,31.89193473,0.683785958,0.087306784,0.44 E,0.113698817,1.664645742,0.227640001,2.02 E,0.509552707
CABBAGE AND KALE,36C,Both,31-50 Years,4389,13.41295319,7.31775729,0.926428796,F,F,F,F,45.82993484,5.931822096,0.105258934,0.014185008,F,F,F,F,0.678823655,0.06955899,54.5573908,5.691216602,33.72367785,4.172699524,138.3196117,12.56204957,157.6422487,15.10170119,0.784755842,0.087842643,0.4519762,0.071857646,2.21023501,0.339471786,2.746084252,0.288937071
CABBAGE AND KALE,36C,Both,51-70 Years,4465,15.9798543,9.727243343,1.531913216,F,F,F,F,58.60674307,6.091278532,0.132976222,0.020409235,F,F,F,F,0.782709159,0.104970612,60.8719151,7.968491065,29.80157304,4.098729911,141.7359536,18.76127369,235.24 E,41.408096,0.832149152,0.105804348,0.393027295,0.047744403,1.91938117,0.267687634,3.13 E,0.741223779
CABBAGE AND KALE,36C,Both,71+ Years,2628,16.58193153,7.896504693,0.872314538,F,F,13.67 E,4.093031819,51.51935564,5.232335137,0.113922776,0.013404737,F,F,0.2 E,0.050033305,0.7 E,0.117244973,47.62113919,4.16320938,25.67 E,4.484944895,124.6170119,20.31646242,176.2688343,26.37046357,0.687029586,0.064389673,0.32 E,0.054244186,1.826668177,0.303783151,2.661680448,0.317142877
CABBAGE AND KALE,36C,Both,1-18 Years,6339,6.60092964,2.1981504,0.283907171,F,F,F,.,6.12 E,1.485194099,0.07 E,0.01180912,F,F,F,.,0.17 E,0.049397177,33.30061854,3.500287131,17.01 E,3.292118736,84.99755962,9.904029893,122.5536841,18.30451708,1.009985842,0.159106613,0.41345464,0.068577505,2.51 E,0.470329794,4.001053651,0.64536029
CABBAGE AND KALE,36C,Both,19+ Years,13331,14.61103636,7.987767162,0.642607828,F,F,10.24 E,2.568535008,51.54105839,3.688470911,0.112958852,0.009170831,F,F,0.14 E,0.03758609,0.685583201,0.048163415,54.66940854,3.874001463,31.42847828,2.73207799,132.2430148,8.437337628,177.9047619,17.81784478,0.773106364,0.054630396,0.408453722,0.036592653,1.862138217,0.186704918,2.602781562,0.25218856
CABBAGE AND KALE,36C,Male,9-13 Years,1023,6.566180319,1.94 E,0.424316998,F,F,F,.,F,F,0.05 E,0.011700668,F,F,F,.,F,F,29.49027722,4.598707452,F,F,86.23 E,16.82964472,102.4026306,13.00706421,0.74 E,0.136177108,F,F,1.76 E,0.579259189,2.79 E,0.71211339
CABBAGE AND KALE,36C,Male,14-18 Years,900,6.131276473,2.43 E,0.703444303,F,F,F,.,F,F,0.04 E,0.012187535,F,F,F,.,F,F,39.63 E,7.808344152,24.58 E,6.917486792,95.54 E,29.18607282,130.43 E,26.21137527,0.64 E,0.150157533,0.41 E,0.078386057,F,F,2.78 E,0.819490586
CABBAGE AND KALE,36C,Male,19-30 Years,857,11.87823334,6.6 E,1.418247808,F,F,F,F,60.27 E,17.75257345,0.09 E,0.019463231,F,F,F,F,0.65 E,0.191327354,55.58860109,8.879508576,47.5 E,14.26964494,116.23 E,22.36349156,127.71 E,36.7373337,0.750979443,0.121872443,0.54 E,0.146147065,1.78 E,0.370221467,1.86 E,0.457645142
CABBAGE AND KALE,36C,Male,31-50 Years,2005,10.98698559,5.57 E,1.133019024,F,F,F,F,28.76 E,8.789641849,0.07 E,0.015321535,F,F,F,F,0.39 E,0.112402639,50.7 E,10.27375319,23.92 E,7.466430958,112.56 E,19.99998249,153.3 E,44.40079271,0.63 E,0.138537707,0.38 E,0.120206507,1.32 E,0.268299981,1.84 E,0.559137811
CABBAGE AND KALE,36C,Male,51-70 Years,2151,16.16831997,11.97 E,2.890614411,F,F,F,F,63.59 E,17.33109933,0.15 E,0.037364943,F,F,F,F,0.76 E,0.237317627,74.02 E,14.53866172,34.76 E,8.325223183,164.96 E,38.10123483,272.45 E,80.8501992,0.92 E,0.190405355,0.38 E,0.080049499,2.13 E,0.483378169,F,F
CABBAGE AND KALE,36C,Male,71+ Years,1180,16.46798967,8.350491679,1.21675277,F,F,F,F,53.6890385,8.570168155,0.106598822,0.015819994,F,F,F,F,0.69 E,0.120770652,50.70741388,5.788796402,28.33 E,8.219859294,115.05 E,23.90310553,203.21 E,43.37378839,0.647309259,0.075987926,0.35 E,0.088678531,1.54 E,0.299141125,2.52 E,0.477332179
CABBAGE AND KALE,36C,Male,19+ Years,6193,13.45392164,8.173026031,1.092278982,F,F,7.52 E,2.366503584,52.32515894,4.675350509,0.103152845,0.01430658,F,F,F,F,0.622316707,0.057394175,60.74828033,7.314876673,32.6539816,5.12420138,128.5919931,12.63167592,214.06 E,38.01303196,0.766712098,0.096333751,0.390404528,0.052695532,1.800855073,0.206376725,2.48 E,0.499825095
CABBAGE AND KALE,36C,Female,9-13 Years,939,8.520807768,2.87 E,0.783295806,F,F,F,.,8.7 E,1.940016604,0.07 E,0.020588385,F,F,F,.,0.24 E,0.062180929,33.64 E,10.19244203,9.52 E,2.742756311,F,F,F,F,0.87 E,0.267989581,0.26 E,0.064714037,F,F,F,F
CABBAGE AND KALE,36C,Female,14-18 Years,990,8.286070798,4.1 E,0.994842965,F,F,F,.,F,F,0.07 E,0.01666462,F,F,F,.,F,F,49.5 E,9.248251288,34.74 E,6.788476848,106.99 E,26.20838016,143.93 E,27.01952938,0.87 E,0.150304426,0.71 E,0.133701708,1.74 E,0.540846351,3.02 E,0.768632983
CABBAGE AND KALE,36C,Female,19-30 Years,992,14.77810587,5.7 E,1.256402746,F,F,F,F,35 E,11.3820196,0.09 E,0.020238796,F,F,F,F,F,F,38.57 E,7.97559901,F,F,87.29 E,21.31484391,F,F,0.62 E,0.130141805,F,F,1.63 E,0.322900227,2.14 E,0.524678038
CABBAGE AND KALE,36C,Female,31-50 Years,2384,15.73451399,8.990303082,1.45991098,F,F,F,F,57.34 E,17.23337065,0.14 E,0.023656682,F,F,F,F,0.85 E,0.256223976,57.13746918,6.621368694,37.10883889,4.100246384,143.4176582,13.38841088,160.4378198,14.76456221,0.888269365,0.110096411,0.564106737,0.087568416,2.408504707,0.303737307,2.759396407,0.275125576
CABBAGE AND KALE,36C,Female,51-70 Years,2314,15.79568166,7.538288706,0.977663551,F,F,F,F,48 E,9.257054979,0.11758392,0.015915901,F,F,F,F,0.783193096,0.109818743,47.72373152,5.131861697,28.09487942,4.321261621,104.8723402,12.80685593,174.04 E,38.91239391,0.744405482,0.084052515,0.41 E,0.071154022,1.608595475,0.248221684,2.44 E,0.774014551
CABBAGE AND KALE,36C,Female,71+ Years,1448,16.6721936,7.536866844,1.181293394,F,F,13.68 E,4.538846482,41.23 E,9.448676753,0.11972464,0.01975679,F,F,0.2 E,0.05942279,0.7 E,0.198506136,45.20620996,5.768493707,20.62 E,5.068917747,134.94 E,30.09419331,169.2620413,26.29902452,0.718109703,0.096297155,0.3 E,0.068087408,2.03 E,0.436073714,2.949547346,0.426050296
CABBAGE AND KALE,36C,Female,19+ Years,7138,15.72816052,7.808910949,0.727184197,F,F,F,F,47.98757195,6.697026292,0.122425958,0.011938688,F,F,0.21 E,0.062422181,0.780956676,0.083258938,49.64923226,3.773693961,30.30300069,3.131445137,136.5729296,15.53714227,167.2480082,13.87664098,0.778387006,0.062498687,0.44305587,0.051002914,2.072893021,0.260075993,2.758356278,0.262932062
CAULIFLOWER ,36D,Both,All ages,19670,4.65415667,2.698796841,0.328816724,F,F,F,.,F,.,0.042316333,0.004383417,F,F,F,.,F,.,57.98680691,5.686028797,31.97447833,2.982367984,130.1390281,12.26243602,179.65 E,35.2528996,0.907957462,0.070692465,0.519170237,0.05686205,2.326682823,0.310350512,2.935464646,0.308852939
CAULIFLOWER ,36D,Both,1-3 Years,1288,5.659095047,1.28 E,0.242645388,F,F,F,.,F,F,0.09 E,0.016576738,F,F,F,.,F,F,22.57862374,3.418728525,F,F,60.73 E,13.82849298,66.28036793,7.130038251,1.485388862,0.219172269,1.000821819,0.133915571,3.35 E,0.585827568,4.40116245,0.656359652
CAULIFLOWER ,36D,Both,4-8 Years,1199,3.079669494,1.39 E,0.36739743,F,F,F,.,F,.,0.06 E,0.014567464,F,F,F,.,F,.,45.05269204,5.916470079,32.32 E,8.052476983,82.17 E,15.88094958,109.05 E,19.41092423,1.867531287,0.229257104,1.397690386,0.22753996,3.79 E,0.971442766,4.59 E,0.830155383
CAULIFLOWER ,36D,Both,9-13 Years,1962,3.04936447,1.18 E,0.318943797,F,F,F,.,F,.,0.03 E,0.009071841,F,F,F,.,F,.,38.53406163,6.222152073,28.46 E,7.675728548,94.34 E,22.82558091,96.74 E,16.31983807,1.04 E,0.184993133,0.69 E,0.203402266,2.3 E,0.483017938,2.71 E,0.555306655
CAULIFLOWER ,36D,Both,14-18 Years,1890,2.987428397,1.08 E,0.233626151,F,F,F,.,F,.,0.02 E,0.00375841,F,F,F,.,F,.,36.17 E,6.360401048,25.3 E,4.887942001,85.07 E,19.23995709,109.5769037,17.50251931,0.59 E,0.114537821,0.31 E,0.091539513,1.6 E,0.305130686,2.11785973,0.324668802
CAULIFLOWER ,36D,Both,19-30 Years,1849,3.277617711,1.74 E,0.561358606,F,F,F,.,F,.,F,F,F,F,F,.,F,.,53.13 E,10.86463911,35.79 E,9.014401225,135.39 E,27.74667044,139.8387199,18.12984482,0.92 E,0.232815822,F,F,2.38 E,0.559412928,2.67 E,0.47148026
CAULIFLOWER ,36D,Both,31-50 Years,4389,5.126553652,3.87 E,0.952618499,F,F,F,.,F,F,0.05 E,0.011995789,F,F,F,.,F,F,75.45 E,14.57400727,F,F,160.49 E,40.33447572,222.57 E,58.37113734,1.01 E,0.170262477,0.48 E,0.154523497,2.59 E,0.568846553,3.28 E,0.653119418
CAULIFLOWER ,36D,Both,51-70 Years,4465,5.482235509,2.73624289,0.362619072,F,F,F,.,F,F,0.037106248,0.00488199,F,F,F,.,F,F,49.91107889,5.282047475,32 E,5.604045889,97.9 E,16.64641005,140.57 E,44.49889317,0.676845208,0.069624775,0.43 E,0.075383107,1.382636816,0.222999896,2.22 E,0.419757699
CAULIFLOWER ,36D,Both,71+ Years,2628,5.217363834,3.22 E,0.71278365,F,F,F,.,F,F,0.04 E,0.008210934,F,F,F,.,F,F,61.73 E,11.29936025,36.06 E,6.330239606,F,F,F,F,0.77 E,0.128536084,0.46084626,0.069954822,1.44 E,0.277893541,F,F
CAULIFLOWER ,36D,Both,1-18 Years,6339,3.474356942,1.22446751,0.160819212,F,F,F,.,F,.,0.04381325,0.005759694,F,F,F,.,F,.,35.24299693,2.900737893,25.6421023,2.225915363,72.74 E,13.66764232,104.2622602,8.881063482,1.25424907,0.109457875,0.896789165,0.13583589,2.752434966,0.359516839,3.730610243,0.538778333
CAULIFLOWER ,36D,Both,19+ Years,13331,4.943926421,3.060905794,0.405983168,F,F,F,.,F,.,0.041953049,0.00522499,F,F,F,.,F,.,61.91244637,6.616892497,35.60870596,3.470345608,134.9928715,16.28532042,188.2 E,35.31092829,0.848577543,0.081092911,0.456110142,0.055950572,2.03 E,0.394436336,2.926973629,0.348709012
CAULIFLOWER ,36D,Male,9-13 Years,1023,F,F,F,F,F,F,.,F,.,F,F,F,F,F,.,F,.,F,F,F,.,F,.,F,.,F,F,F,.,F,.,F,.
CAULIFLOWER ,36D,Male,14-18 Years,900,F,0.81 E,0.262815871,F,F,F,.,F,.,0.01 E,0.003635766,F,F,F,.,F,.,F,F,F,.,F,.,F,.,F,F,F,.,F,.,F,.
CAULIFLOWER ,36D,Male,19-30 Years,857,F,0.61 E,0.189506687,F,F,F,.,F,.,0.01 E,0.002307527,F,F,F,.,F,.,F,F,F,.,F,.,F,.,F,F,F,.,F,.,F,.
CAULIFLOWER ,36D,Male,31-50 Years,2005,3.995583001,F,F,F,F,F,.,F,.,F,F,F,F,F,.,F,.,F,F,F,F,F,F,F,F,0.76 E,0.248317856,F,F,F,F,F,F
CAULIFLOWER ,36D,Male,51-70 Years,2151,4.581812073,2.2 E,0.446890842,F,F,F,.,F,.,0.03 E,0.005186506,F,F,F,.,F,.,48.09752777,6.704338995,39.28 E,9.760368288,95.25 E,16.96529863,123.9 E,26.55506409,0.566477344,0.082526426,0.44 E,0.11283036,1.12 E,0.266816014,1.65 E,0.428075948
CAULIFLOWER ,36D,Male,71+ Years,1180,5.020437196,3.71 E,1.229541792,F,F,F,.,F,F,0.04 E,0.011205855,F,F,F,.,F,F,73.81 E,19.25971114,50.87 E,9.879271689,F,F,F,F,0.79 E,0.159876335,0.46 E,0.106871818,F,F,2.7 E,0.808127998
CAULIFLOWER ,36D,Male,19+ Years,6193,3.853888045,2.35 E,0.556779903,F,F,F,.,F,.,0.03 E,0.004951965,F,F,F,.,F,.,60.96 E,12.90236681,33.84103861,5.540750286,113.5983469,15.96067755,F,F,0.669332522,0.109456013,0.415548938,0.060877048,1.429917706,0.222683627,F,F
CAULIFLOWER ,36D,Female,9-13 Years,939,3.891920626,1.4 E,0.413650031,F,F,F,.,F,.,0.04 E,0.011701854,F,F,F,.,F,.,35.95 E,6.577093378,28.99 E,8.493187726,F,F,98.2 E,26.07767605,0.98 E,0.19655982,F,F,F,F,3.21 E,0.998950841
CAULIFLOWER ,36D,Female,14-18 Years,990,3.206820572,1.36 E,0.398359706,F,F,F,.,F,.,0.02 E,0.006791472,F,F,F,.,F,.,42.53 E,9.840300649,F,F,92.49360622,14.84880496,105.9623539,14.12517775,0.73 E,0.164932716,F,F,1.720958538,0.25707899,1.779720454,0.228643591
CAULIFLOWER ,36D,Female,19-30 Years,992,5.234131561,F,F,F,F,F,.,F,F,F,F,F,F,F,.,F,F,57.14 E,13.99972996,F,F,137.55 E,31.58408126,140.92 E,23.6248939,1.05 E,0.295914803,F,F,2.53 E,0.583405953,2.74 E,0.502949103
CAULIFLOWER ,36D,Female,31-50 Years,2384,6.208850518,4.78 E,1.411618487,F,F,F,.,F,F,0.07 E,0.021196109,F,F,F,.,F,F,77.07 E,15.59780442,F,F,202.69 E,46.05256276,223.63 E,39.98428959,1.17 E,0.231892332,F,F,2.91 E,0.579395559,3.29 E,0.54922957
CAULIFLOWER ,36D,Female,51-70 Years,2314,6.36214835,3.26 E,0.590078423,F,F,F,.,F,F,0.05 E,0.008508354,F,F,F,.,F,F,51.18738881,7.557192097,31 E,6.116179243,F,F,200.48 E,60.39095491,0.754518011,0.10040726,0.43 E,0.113178657,F,F,2.39 E,0.52478504
CAULIFLOWER ,36D,Female,71+ Years,1448,5.3733645,2.84 E,0.867825688,F,F,F,.,F,F,0.04 E,0.01212569,F,F,F,.,F,F,52.79 E,13.97315783,31 E,7.46470616,87.66 E,29.03900021,F,F,0.76 E,0.195802656,0.44 E,0.10334322,1.39 E,0.449184432,F,F
CAULIFLOWER ,36D,Female,19+ Years,7138,5.996292424,3.747711715,0.614614717,F,F,F,.,F,F,0.057552352,0.009329826,F,F,F,.,F,F,62.50048279,7.52943488,35.88547975,4.563113648,135.68 E,39.74498628,227.42 E,42.73876447,0.959798958,0.112327292,0.51 E,0.10559265,2.526259501,0.408421765,3.244090725,0.387229872
CARROTS,36E,Both,All ages,19670,31.00939749,11.70539997,0.459504229,F,F,35.97681924,1.737834555,69.64245326,4.290869032,0.200878131,0.007511388,F,F,0.570672822,0.025475216,1.164481047,0.061507404,37.74791167,1.227316796,19.20679195,0.809584886,91.42714545,7.987723043,143.687356,7.185085016,0.648332787,0.020608874,0.316542896,0.014144901,1.671305615,0.089249368,2.37611697,0.070815072
CARROTS,36E,Both,1-3 Years,1288,34.48739998,8.750369687,1.056898155,F,F,28.71 E,5.963031249,57.59 E,10.88617377,0.621645498,0.072943273,F,F,2.28 E,0.466501983,3.164172503,0.227468469,25.37265695,2.322904343,13.99247387,2.263201662,57.96435164,4.166697668,72.56564399,9.870794597,1.832847627,0.162562426,0.94 E,0.174916324,3.685438774,0.395405299,5.531924512,0.779165564
CARROTS,36E,Both,4-8 Years,1199,36.73405683,11.33923298,1.527288453,F,F,38.99903989,6.108644,60.96438634,6.054835398,0.498217886,0.069004844,F,F,1.48 E,0.258634474,2.741345884,0.338912476,30.86844733,3.852974953,13.49476232,1.905064091,69.8052604,5.584523971,96.24 E,16.84206053,1.35628332,0.175081878,0.562740996,0.076396485,3.296118098,0.444076695,4.459187002,0.392905285
CARROTS,36E,Both,9-13 Years,1962,27.52903225,8.206823492,0.572726781,F,F,28.19128915,4.106892983,49.97025842,3.410989461,0.205434502,0.014093343,F,F,0.773454079,0.083856568,1.308746379,0.12434363,29.81152195,1.580769674,18.83727929,2.197142323,69.77147748,5.101136729,85.03915577,8.00374661,0.746246726,0.040065582,0.426202151,0.057906589,1.840763313,0.119847512,2.33483123,0.141650449
CARROTS,36E,Both,14-18 Years,1890,24.73972152,10.4642187,1.071660784,F,F,36.48819253,5.804498203,69.90535783,8.431454511,0.172854972,0.017655411,F,F,0.57 E,0.099287183,1.090142565,0.091821234,42.29723724,3.351603252,23.9 E,4.322689642,95.89885429,8.330865849,132.0192452,15.52929357,0.698694088,0.057194116,0.388700166,0.060991665,1.581959943,0.188367657,2.390086909,0.289717719
CARROTS,36E,Both,19-30 Years,1849,27.95624595,12.80962803,1.587263653,F,F,34.95 E,7.799063583,78 E,19.80326927,0.185357388,0.024010666,F,F,0.54 E,0.093770808,1.19 E,0.252250967,45.82027233,4.985957763,21.62052689,2.891551111,136.2083711,18.23388199,160.4106392,10.64140275,0.663026746,0.073849768,0.35 E,0.061476668,1.729882141,0.287104967,2.51410976,0.345996615
CARROTS,36E,Both,31-50 Years,4389,27.87830204,11.48220591,0.943566327,F,F,34.48253835,3.589097846,75.27271092,7.657794154,0.154288852,0.01282978,F,F,0.43885957,0.053324088,1.007930573,0.126763947,41.18689113,2.719966726,20.52619732,2.066442277,109.8844313,12.77264531,143.9085664,11.96847242,0.553437049,0.037172586,0.273255454,0.02981431,1.455027222,0.145402835,2.039382186,0.188552763
CARROTS,36E,Both,51-70 Years,4465,34.17557092,13.11027848,1.033407933,F,F,38.99901709,3.229805663,71.58977377,6.452490498,0.17259671,0.012913625,F,F,0.513974696,0.051730231,0.892076616,0.137716573,38.36154927,2.663284026,19.45793273,1.263230131,93.91964502,13.8940032,147.4857297,14.79680302,0.505029485,0.032515385,0.256034234,0.028492177,1.298886815,0.121360643,1.826076674,0.177392
CARROTS,36E,Both,71+ Years,2628,37.71564135,10.87830945,0.702064817,F,F,36.39831048,3.637492795,57.42125715,3.868807837,0.159454078,0.011484632,F,F,0.454561479,0.062125022,0.859840529,0.09859624,28.84296557,1.691731786,13.74933254,1.136229298,66.03278152,8.09444333,104.3472902,11.62873771,0.422779707,0.027857046,0.194232908,0.014304551,1.098466586,0.126185204,1.723413511,0.209185139
CARROTS,36E,Both,1-18 Years,6339,30.46288777,9.821436229,0.58612153,F,F,34.75109052,3.669540667,59.9433908,2.354573941,0.343983244,0.023772041,F,F,1.018384306,0.07416845,2.006795257,0.170079965,32.24066052,1.608090307,16.01855394,1.235780579,71.99885004,3.851169552,99.86015453,8.867159256,1.134313581,0.06969769,0.567090293,0.031940096,2.75243518,0.234755669,3.809016951,0.339549588
CARROTS,36E,Both,19+ Years,13331,31.14362534,12.16811893,0.56559401,F,F,36.15325281,1.995829532,72.88064204,4.646425174,0.166148265,0.007693727,F,F,0.4864016,0.033313523,0.978942054,0.076029926,39.07097777,1.47494967,19.59338708,0.837133664,104.6302928,9.227087098,148.4063853,6.93186421,0.533490444,0.019838631,0.262803401,0.016303265,1.425537929,0.079939714,2.041415922,0.108239342
CARROTS,36E,Male,9-13 Years,1023,27.75514459,8.049679295,0.761033619,F,F,29.89 E,6.035916863,49.80744955,3.398691695,0.200547964,0.019211547,F,F,0.778294347,0.105518504,1.206066873,0.102569673,29.00247653,2.008345806,20.61086625,2.496377591,57.25826461,5.525987921,72.89 E,12.51911599,0.722561411,0.052178271,0.44 E,0.099841763,1.610341179,0.17748786,2.097405891,0.187588885
CARROTS,36E,Male,14-18 Years,900,23.61282638,9.497551556,1.454928239,F,F,36.48 E,8.495374902,61.87 E,10.90491088,0.142593152,0.021310076,F,F,0.54 E,0.145217953,1.04 E,0.183769536,40.22200224,4.867047913,28.35 E,7.978194862,92.83954492,13.16591982,113.75 E,19.59173252,0.603880069,0.072384257,0.33 E,0.088230086,1.212070757,0.162580844,1.96 E,0.484415226
CARROTS,36E,Male,19-30 Years,857,23.85146897,14.1 E,2.705927855,F,F,F,F,116.5 E,30.93823363,0.19 E,0.040886301,F,F,F,F,1.55 E,0.422254012,59.12944293,9.145959618,F,F,159.3020449,15.82621473,173.7744935,22.84038576,0.81 E,0.138428968,F,F,2.27 E,0.399639154,2.831152511,0.371582099
CARROTS,36E,Male,31-50 Years,2005,27.94673379,12.05960695,1.481731517,F,F,39.84 E,9.878506215,77.99847599,8.854547034,0.146390724,0.019172032,F,F,0.44 E,0.104933673,0.983715439,0.1626112,43.15211588,4.485533779,19.50010588,3.175473476,99.98 E,20.86469836,155.5380463,19.76086319,0.523820513,0.058359569,0.24 E,0.0401539,1.25 E,0.219195293,2.04 E,0.366299432
CARROTS,36E,Male,51-70 Years,2151,33.65510609,14.54412423,1.753787795,F,F,42.61494431,6.054673836,78 E,13.01732303,0.169756079,0.019848716,F,F,0.45 E,0.083095647,0.88 E,0.172158689,43.2152084,4.836098255,19.75275905,2.988995433,116.18 E,24.32499838,163.2747851,23.32275831,0.504399178,0.054859955,0.22 E,0.037403235,1.33 E,0.238623221,1.911215407,0.293319965
CARROTS,36E,Male,71+ Years,1180,38.12944352,10.25448616,0.882993273,F,F,31.32664777,4.927326834,55.21418441,3.518230235,0.130536707,0.012068337,F,F,0.384006279,0.053322053,0.678406164,0.075165216,26.89387838,2.085020117,13.75143182,1.752885478,58.49378026,3.062261231,77.81 E,21.89293359,0.342351461,0.028436446,0.187440926,0.018237255,0.776382535,0.103239526,1.06 E,0.283111272
CARROTS,36E,Male,19+ Years,6193,30.20018028,13.05395694,0.936246686,F,F,39.31438825,4.369296928,77.99670932,6.623132789,0.160855059,0.011982104,F,F,0.44197782,0.051178136,0.969128191,0.109383038,43.22476497,2.619934633,19.45471537,1.598384269,118.2960206,13.90427818,161.2955562,9.217065773,0.532629465,0.033414656,0.219535959,0.022106324,1.426651161,0.15195672,2.087329853,0.170167286
CARROTS,36E,Female,9-13 Years,939,27.29105993,8.372210177,0.896630208,F,F,28.1 E,4.79373327,57.28369689,8.444543553,0.210577347,0.022008882,F,F,0.73 E,0.121798125,1.500161672,0.234156059,30.67748266,2.617981318,16.40371327,2.725124337,71.82185696,5.210377886,85.60397447,14.18260982,0.771598272,0.065270937,0.41 E,0.075973065,1.987726184,0.157479883,2.340559673,0.124648941
CARROTS,36E,Female,14-18 Years,990,25.93123103,11.48631301,1.482420112,F,F,36.08 E,10.98226928,82.13247425,12.80181573,0.204851956,0.027368422,F,F,0.68 E,0.172490809,1.378354462,0.176213748,44.29528623,4.389160923,23.03 E,4.702398672,100.5669977,13.7065479,132.0991435,16.78801573,0.789981608,0.083692633,0.41 E,0.084753064,1.858041464,0.252576956,2.391501719,0.367131823
CARROTS,36E,Female,19-30 Years,992,32.50149002,11.37720295,1.567284885,F,F,34.93 E,6.7217223,66.2 E,12.43341027,0.176456277,0.023681986,F,F,0.544828928,0.077246021,0.98 E,0.207901371,35.00517342,4.068662821,21.59680855,2.574778434,78 E,17.92046746,131.1110188,21.01563529,0.5429175,0.06012501,0.37 E,0.069525007,1.345993207,0.211417311,1.723942123,0.254085946
CARROTS,36E,Female,31-50 Years,2384,27.81281541,10.92965458,1.114980055,F,F,31.43139992,3.14621722,66.39 E,11.29353699,0.161847067,0.016529102,F,F,0.427332595,0.056736327,1.01 E,0.186670282,39.2971888,3.056523126,21.82833208,2.76597535,113.3015938,14.43504229,132.6537657,8.164544694,0.581915439,0.04600138,0.318200517,0.031838385,1.55116642,0.16316606,2.103849322,0.226309489
CARROTS,36E,Female,51-70 Years,2314,34.68418017,11.70909406,1.032507155,F,F,33.85982417,3.968948685,64.96756768,8.420416647,0.175372635,0.015762046,F,F,0.531858451,0.052599525,0.92 E,0.169860686,33.75917781,2.47786897,19.32032619,1.519793156,77.99821311,11.99326539,120.320061,13.81631725,0.505627159,0.037079544,0.298906298,0.031504931,1.277012939,0.133811847,1.778731176,0.171636049
CARROTS,36E,Female,71+ Years,1448,37.38783697,11.37248763,1.108284291,F,F,38.39840837,4.704476018,62.6100961,10.27742456,0.182361741,0.019032754,F,F,0.590284598,0.087905526,1.117198343,0.169566722,30.4176132,2.558764902,13.50224306,1.713663706,77.99830266,11.05146156,109.5834345,13.45397836,0.487756864,0.044062792,0.20493573,0.028993037,1.25 E,0.210513839,1.92206164,0.235798535
CARROTS,36E,Female,19+ Years,7138,32.05446439,11.31289601,0.600443955,F,F,33.97640277,2.101784094,66.3669055,5.725471941,0.171258535,0.009055476,F,F,0.523974603,0.032342502,0.997458849,0.09566532,35.29273138,1.542684485,19.96517969,1.052957302,85.93462112,10.61128852,125.4381695,7.769388758,0.534273583,0.023095797,0.299597257,0.018700913,1.419103985,0.092851527,1.84508245,0.12988814
CELERY,36F,Both,All ages,19670,20.51740104,3.520212916,0.208223004,F,F,8.721090484,0.362543106,17.07814437,0.98371803,0.053914111,0.00301903,F,F,0.131904161,0.006276509,0.271744887,0.012389352,17.15720675,0.872064425,8.498247768,0.298692033,36.63948807,3.031038727,63.89796382,5.985609976,0.262390795,0.012603184,0.12751414,0.004906386,0.58114149,0.051445958,0.989883884,0.095386921
CELERY,36F,Both,1-3 Years,1288,15.51162787,0.887992821,0.132455042,F,F,2.7 E,0.633331376,4.757023903,0.655857538,0.068219271,0.010632716,F,F,0.18 E,0.037403433,0.37 E,0.071567253,5.724691366,0.896303769,3.236490195,0.479736592,11.97 E,2.854795117,22.3 E,5.217757433,0.423618967,0.070158607,0.244620255,0.032345815,0.99 E,0.208318081,1.43 E,0.345777454
CELERY,36F,Both,4-8 Years,1199,14.91335063,1.46 E,0.277184169,F,F,4.116182915,0.583978069,6.868261124,0.934361618,0.07 E,0.014212881,F,F,0.18 E,0.033101412,0.307356043,0.031200953,9.76 E,1.693460419,4.83217889,0.797423282,17.91 E,3.325967784,F,F,0.46 E,0.08801293,0.251104283,0.025590928,F,F,1.59 E,0.485353157
CELERY,36F,Both,9-13 Years,1962,14.95509465,1.71894824,0.192963371,F,F,4.497590956,0.650145034,9.937734534,1.429851335,0.041787517,0.004955551,F,F,0.12 E,0.020006416,0.25 E,0.052215826,11.4940646,1.083521673,6.942402696,0.86875072,27.8 E,6.338615372,39.42846629,3.432021984,0.279419941,0.027617815,0.150942613,0.017043379,0.56 E,0.14204793,0.959975403,0.142405192
CELERY,36F,Both,14-18 Years,1890,14.65449752,2.289424506,0.271059272,F,F,5.975683216,0.936665769,13.13100309,1.804342298,0.034953531,0.004253391,F,F,0.1 E,0.016770061,0.197272024,0.025685385,15.6226749,1.492314706,9.160464949,0.958996623,34.29834374,5.096283447,48.43691389,5.455284161,0.238517434,0.023836044,0.149074143,0.016650518,0.48 E,0.096853293,0.764884108,0.103876232
CELERY,36F,Both,19-30 Years,1849,17.94169367,3.85 E,0.870731533,F,F,7.901768212,1.014576392,14.62 E,4.242792521,0.05 E,0.010947745,F,F,0.105844562,0.011779343,0.23 E,0.068738075,21.44 E,4.405639397,7.994409562,1.098734859,56.54 E,15.83090592,100.27 E,30.96050086,0.3 E,0.05444746,0.11092721,0.012057971,F,F,1.58 E,0.442144348
CELERY,36F,Both,31-50 Years,4389,18.9535878,3.809306502,0.403482665,F,F,9.436974712,1.05550449,19.92162558,2.637118923,0.050382835,0.005391091,F,F,0.125118826,0.013018772,0.254700378,0.037451085,20.09807611,1.741744355,10.22629585,0.92994239,47.58 E,10.29700048,74.34218881,8.462732237,0.265822151,0.023504152,0.133303308,0.01117338,0.66 E,0.140748112,1.085621103,0.147159122
CELERY,36F,Both,51-70 Years,4465,25.46784886,4.275428252,0.409122415,F,F,11.11517366,0.9367816,17.88887082,1.906738556,0.059475518,0.006092612,F,F,0.144359794,0.011027237,0.274630944,0.021436662,16.78755153,1.495541952,8.208748029,0.489070786,33.94298591,4.222754563,61.29 E,13.81296335,0.233531767,0.021800948,0.111840793,0.006894876,0.41 E,0.087040004,0.84 E,0.189993242
CELERY,36F,Both,71+ Years,2628,26.93849306,3.857025597,0.418095118,F,F,11.43333955,1.259270387,21.34147997,1.985345757,0.055360623,0.006181992,F,F,0.166398217,0.019273859,0.300564815,0.025306547,14.31789666,1.311472372,8.221950873,0.602475341,29.98520988,3.757300319,41.9925424,6.834959916,0.205507499,0.019690019,0.110041995,0.009293493,0.445530593,0.042646938,0.592966718,0.094260309
CELERY,36F,Both,1-18 Years,6339,14.94979571,1.670589931,0.127253401,F,F,4.254634294,0.279194539,9.075925249,0.601976073,0.051567671,0.00479617,F,F,0.134992592,0.014434645,0.284307712,0.016816996,11.17466729,0.737614806,6.129089165,0.351890116,22.80554617,3.290268012,37.23103108,3.412394683,0.342969326,0.029090266,0.185811387,0.012070425,0.692165215,0.057695257,1.023217404,0.154217794
CELERY,36F,Both,19+ Years,13331,21.88485653,3.974497468,0.255464529,F,F,9.676769431,0.651791158,18.93767166,1.314374772,0.054483563,0.003485853,F,F,0.130435101,0.007166675,0.266780345,0.016266218,18.16094825,1.001009021,8.902627876,0.299953208,39.83448649,4.321093552,70.1344748,6.255306388,0.248955543,0.013556651,0.116352395,0.006001668,0.56435669,0.061617568,0.972440932,0.108512198
CELERY,36F,Male,9-13 Years,1023,12.1571215,1.54 E,0.278064232,F,F,F,F,8.92 E,2.11479093,0.04 E,0.007190503,F,F,F,F,0.23 E,0.075402365,12.67031801,1.803629729,7.542128861,1.15892146,28.54 E,7.493274647,40.90880006,6.003706613,0.3150647,0.04521012,0.16 E,0.035288225,0.69 E,0.161792434,0.828531071,0.09791527
CELERY,36F,Male,14-18 Years,900,15.60651375,2.263824285,0.329771523,F,F,6 E,1.654091823,16.75 E,3.190062464,0.031354337,0.004354152,F,F,0.1 E,0.018279572,0.21 E,0.044129564,14.50563734,1.671576954,10.51 E,1.958895394,29.23 E,5.60702238,40.16 E,8.074298417,0.200905451,0.021710614,0.12685648,0.020941897,0.39 E,0.0705058,0.555110559,0.064177007
CELERY,36F,Male,19-30 Years,857,18.48770762,F,F,F,F,7.91 E,1.4520278,F,F,0.05 E,0.013971778,F,F,0.11 E,0.019793596,F,F,20.78 E,6.887053408,7.97967832,1.195842108,F,F,F,F,0.25 E,0.070161773,0.109239436,0.01113207,F,F,F,F
CELERY,36F,Male,31-50 Years,2005,17.55350174,3.754975015,0.604898912,F,F,8.457921531,1.26753642,17.88 E,4.550970388,0.044156582,0.007085544,F,F,0.10457471,0.015361498,0.2 E,0.050270115,21.39160078,3.014523562,9.625007515,1.356623347,55.66 E,13.52965243,79.12 E,14.45456965,0.251554265,0.035136313,0.114397338,0.013538977,0.66 E,0.177339256,1.03 E,0.213756396
CELERY,36F,Male,51-70 Years,2151,24.13755635,3.089471788,0.323099915,F,F,8.912008822,1.38435095,16.91698817,1.460903236,0.037606539,0.004399768,F,F,0.110386876,0.013954176,0.207113609,0.019612002,12.79943894,1.267081307,7.655441904,0.940050088,29.94461723,4.793126267,38.38722869,5.204453295,0.155800936,0.017643139,0.086951002,0.013004126,0.315171562,0.036871591,0.47 E,0.082877295
CELERY,36F,Male,71+ Years,1180,29.12237473,4.877688746,0.799365671,F,F,14.19 E,2.526899812,25.29833995,3.334552047,0.06 E,0.011630706,F,F,0.19 E,0.038612174,0.297265936,0.045633311,16.74893889,2.465585451,8.691337986,0.893153059,35.68 E,6.533764598,51.7 E,14.68980622,0.22 E,0.036912739,0.10717671,0.011066752,0.45 E,0.083418138,0.65 E,0.183350947
CELERY,36F,Male,19+ Years,6193,21.15005711,3.671768155,0.359450936,F,F,8.787405775,0.691309616,17.81844265,1.352903314,0.044485081,0.004136553,F,F,0.110681548,0.005684524,0.216392861,0.015660632,17.36055905,1.595872264,8.564445656,0.489551437,35.78 E,6.168755049,60.05708961,8.24265413,0.210330784,0.01835147,0.106351872,0.004985369,0.45 E,0.08857261,0.799486028,0.10089136
CELERY,36F,Female,9-13 Years,939,17.89982639,1.906918527,0.312867329,F,F,5.68 E,1.533433855,11.71 E,2.561550624,0.05 E,0.00785658,F,F,0.13 E,0.027246479,0.26 E,0.06499848,10.65327945,1.424232786,6.58 E,1.382224117,F,F,38.58568003,6.322700449,0.253941092,0.036368267,0.14 E,0.023820816,F,F,1.02 E,0.244603933
CELERY,36F,Female,14-18 Years,990,13.6478942,2.32 E,0.434753532,F,F,5.8 E,1.894814613,11.69 E,2.558018287,0.04 E,0.007415822,F,F,F,F,0.194698041,0.027605459,16.97326026,2.545174562,8.856999397,0.812680794,37.21 E,7.719050803,48.77 E,10.73214173,0.283993248,0.042681154,0.178667548,0.023926297,0.73 E,0.187702713,0.84758347,0.13729397
CELERY,36F,Female,19-30 Years,992,17.33708917,3.85 E,1.056631554,F,F,7.4 E,2.221900411,18.95 E,6.169113144,0.06 E,0.016981429,F,F,F,F,F,F,22.2 E,5.112640988,8.05 E,2.615789908,F,F,96.13 E,26.91234056,0.36 E,0.081908204,F,F,F,F,1.59 E,0.429754151
CELERY,36F,Female,31-50 Years,2384,20.29341811,3.861299716,0.514418415,F,F,10.86542656,1.503579939,19.98216963,3.289703681,0.056341127,0.007779796,F,F,0.149452575,0.021118784,0.29 E,0.051720649,19.02735012,1.970748752,10.75509317,1.217963041,46.41 E,11.08146298,69.61830839,9.902771557,0.277632514,0.03093924,0.146386618,0.0168946,0.64 E,0.209292166,1.07 E,0.209920401
CELERY,36F,Female,51-70 Years,2314,26.76783886,5.434370011,0.731746874,F,F,11.91551394,1.10172935,23.08 E,3.883905889,0.080846346,0.011035463,F,F,0.170829191,0.0215078,0.318462346,0.042556138,20.30186314,2.496713098,8.847943942,0.719085863,46.0018722,15.3281053,83.55 E,21.25776569,0.302027918,0.03793146,0.131375195,0.008406216,0.68 E,0.168296591,1.37 E,0.430711974
CELERY,36F,Female,71+ Years,1448,25.20847319,3.048480175,0.31042323,F,F,9.910520033,1.183901329,17.80619592,1.999226086,0.048330764,0.00515324,F,F,0.151511915,0.020955182,0.313761476,0.039701139,12.0930774,0.917485518,7.526388272,1.027955036,25.57016992,3.150212513,37.63337589,4.570905605,0.191724282,0.015365792,0.110308222,0.017144263,0.439507883,0.044209246,0.57 E,0.098831361
CELERY,36F,Female,19+ Years,7138,22.59426084,4.266764277,0.354537342,F,F,10.87705586,0.924277805,20.41853912,1.904217718,0.064136492,0.005459215,F,F,0.153923089,0.012055033,0.310276902,0.027480299,18.88428352,1.331755151,9.061492954,0.535278689,42.71373519,6.429451004,79.25230223,9.986513955,0.283861874,0.020796965,0.136208874,0.007410318,0.62 E,0.106605075,1.09 E,0.240855401
CORN ,36G,Both,All ages,19670,7.013632343,5.267678919,0.365851581,F,F,F,.,22.32 E,5.047385689,0.086448059,0.005669359,F,F,F,.,0.38 E,0.071565096,75.10628818,4.09062964,46.27320488,3.375415335,164.7666233,15.53056292,230.2951079,17.97289624,1.231071058,0.062796308,0.75607742,0.053149953,2.926369226,0.235901067,3.814212805,0.273327804
CORN ,36G,Both,1-3 Years,1288,10.51563138,3.08 E,0.532629433,F,F,F,F,F,F,0.24 E,0.042800507,F,F,F,F,F,F,29.25356207,3.642137607,F,F,F,F,100.07 E,17.5973959,2.196906059,0.265731877,F,F,3.85 E,0.862534757,6.07 E,1.274386025
CORN ,36G,Both,4-8 Years,1199,7.759318808,4.57 E,1.049522661,F,F,F,.,F,F,0.2 E,0.045686919,F,F,F,.,F,F,58.85 E,10.82769444,40.89 E,9.472778346,F,F,196.71 E,57.14269729,2.52 E,0.471313271,1.67 E,0.371517271,6.25 E,1.691825831,8.89 E,2.437128165
CORN ,36G,Both,9-13 Years,1962,8.405824415,4.2 E,0.815686546,F,F,F,.,F,F,0.11 E,0.022644048,F,F,F,.,F,F,49.92064752,8.271443744,37.48 E,8.021301006,F,F,175.31 E,43.45122354,1.27 E,0.23125967,0.881509353,0.127781254,F,F,5.82 E,1.637165709
CORN ,36G,Both,14-18 Years,1890,6.109796068,4.616158503,0.754547465,F,F,F,.,F,F,0.07 E,0.012371035,F,F,F,.,F,F,75.55339738,8.279276736,68.4 E,13.41808835,144.988897,22.0345726,180.5432025,24.90730103,1.211814746,0.137369564,1.17 E,0.295526564,2.539574836,0.315518511,3.290553178,0.54210759
CORN ,36G,Both,19-30 Years,1849,5.892188399,4.09 E,0.944563379,F,F,F,.,F,F,0.06 E,0.012109736,F,F,F,.,F,F,69.43784822,11.20430418,F,F,133.9200595,21.28923371,200.48 E,39.79298784,0.93939503,0.140443226,0.67 E,0.19170484,1.98 E,0.358100127,2.94 E,0.529042826
CORN ,36G,Both,31-50 Years,4389,5.758117395,4.533659947,0.644768562,F,F,F,.,F,F,0.059439741,0.008685133,F,F,F,.,F,F,78.73510795,7.759329958,48.8 E,13.92861171,164.6962526,22.34840421,205.5056951,31.42516632,1.032277331,0.106633767,0.65 E,0.160309895,2.224253801,0.3512875,3.142726722,0.421648304
CORN ,36G,Both,51-70 Years,4465,8.266963478,6.935916876,0.959222932,F,F,F,.,45.4 E,9.945278251,0.089684456,0.012460198,F,F,F,.,0.57 E,0.12331388,83.8992079,8.950943574,52.08033339,8.398979373,200.2263242,28.07930495,246.68 E,42.79616497,1.084853657,0.114900616,0.723233851,0.06585349,2.83 E,0.553512767,3.49 E,0.63317529
CORN ,36G,Both,71+ Years,2628,7.306246972,6.8 E,1.70801993,F,F,F,.,F,F,0.09 E,0.022051332,F,F,F,.,F,F,93.07 E,20.74254098,47.35 E,12.87313593,F,F,F,F,1.25 E,0.264824849,0.7 E,0.123140579,2.62 E,0.815160849,4.74 E,1.456730434
CORN ,36G,Both,1-18 Years,6339,7.917356534,4.233972382,0.476777499,F,F,F,.,20.63 E,6.185600302,0.143753781,0.017095159,F,F,F,.,0.805562885,0.125493298,53.47709636,4.662577716,40.80580408,5.283083576,116.674273,10.79170919,174.27 E,32.77521822,1.803229515,0.166644465,1.015112528,0.148713839,3.741062499,0.593806932,5.86486303,0.793467248
CORN ,36G,Both,19+ Years,13331,6.791669304,5.521566828,0.443839496,F,F,F,.,22.84 E,6.084643564,0.07254066,0.005879498,F,F,F,.,0.3 E,0.078337995,81.29911192,5.18687533,51.01786092,5.185290344,177.8212765,19.17885122,246.168358,25.18521982,1.068082917,0.068079975,0.70400119,0.054185323,2.422504039,0.279890571,3.231302566,0.270039775
CORN ,36G,Male,9-13 Years,1023,9.051186353,3.883944385,0.636698064,F,F,F,.,28.62 E,9.247140026,0.09 E,0.015855661,F,F,F,.,0.88 E,0.251873782,42.91088741,5.129219946,36.89 E,7.021491366,82.39 E,14.51263525,114.4597007,12.84420329,1.032352913,0.114744647,0.911582437,0.065205982,1.820154043,0.299267953,2.51 E,0.669034204
CORN ,36G,Male,14-18 Years,900,6.421669656,5.49 E,1.160948387,F,F,F,.,F,F,0.08 E,0.017440537,F,F,F,.,F,F,85.53052282,13.10713044,81.44 E,24.16251837,170.9228927,25.50853013,190.4592798,23.01013804,1.260740153,0.208149831,1.15 E,0.374701761,2.546555254,0.371974077,3.249677858,0.537671206
CORN ,36G,Male,19-30 Years,857,5.814623149,F,F,F,F,F,.,F,F,F,F,F,F,F,.,F,F,70.49 E,18.51860379,F,F,132.79 E,31.97519387,F,F,0.88 E,0.213817537,F,F,1.63 E,0.380173013,1.97 E,0.610952391
CORN ,36G,Male,31-50 Years,2005,6.549837679,5.67 E,1.201136937,F,F,F,.,F,F,0.07 E,0.015918006,F,F,F,.,F,F,86.62882033,11.67595836,F,F,164.5951836,25.09162324,213.2834124,29.29086267,1.069229556,0.159396307,F,F,2.317462668,0.378833035,2.744080792,0.344221444
CORN ,36G,Male,51-70 Years,2151,7.872155713,7 E,1.261796496,F,F,F,.,F,F,0.08 E,0.014575652,F,F,F,.,F,F,88.92865888,12.11716801,52.08 E,12.95639463,233 E,40.82371372,246.993871,39.33048918,1.042614879,0.138481074,0.68 E,0.128375953,2.93 E,0.660388921,3.041865485,0.38175813
CORN ,36G,Male,71+ Years,1180,6.761938147,4.47 E,0.916666849,F,F,F,.,F,F,0.06 E,0.012077745,F,F,F,.,F,F,66.0885953,9.252643715,F,F,138.0132522,17.80810627,164.1288041,25.2686072,0.836772442,0.124274652,0.59 E,0.188745632,1.64 E,0.320792593,2.22 E,0.42825123
CORN ,36G,Male,19+ Years,6193,6.878270383,5.699822585,0.65345057,F,F,F,.,28.72 E,9.064944014,0.069134608,0.008175258,F,F,F,.,F,F,82.86709111,6.601877321,52.08 E,12.55887011,191.9899299,24.5646761,246.2858519,21.20485799,1.005116172,0.079752569,0.68 E,0.115585173,2.284158312,0.344426386,3.022873794,0.233881401
CORN ,36G,Female,9-13 Years,939,7.726612114,4.52 E,1.471242811,F,F,F,.,F,F,F,F,F,F,F,.,F,F,58.56 E,16.89924151,F,F,174.53 E,53.45649043,192.62 E,50.16769494,1.57 E,0.488890986,F,F,5.51 E,1.782732231,5.73 E,1.436647468
CORN ,36G,Female,14-18 Years,990,5.780040145,3.69 E,0.934145741,F,F,F,.,F,F,0.07 E,0.017154533,F,F,F,.,F,F,63.83315621,9.475510946,58.53 E,13.27454191,113.13 E,21.01789398,135.32 E,36.60639218,1.154341521,0.182650367,F,F,1.99 E,0.553053073,2.64 E,0.80115581
CORN ,36G,Female,19-30 Years,992,5.978076865,4.08 E,0.884165935,F,F,F,.,F,F,0.06 E,0.013464308,F,F,F,.,F,F,68.30659529,10.29846838,45.87 E,11.35551983,143.5 E,33.72057197,200.81 E,40.38570281,1.00766223,0.164833453,0.65 E,0.150623396,2.4 E,0.471733896,3.16 E,0.599689713
CORN ,36G,Female,31-50 Years,2384,5.000470517,3.442351824,0.556999923,F,F,F,.,F,F,0.049302576,0.007885583,F,F,F,.,F,F,68.84055835,9.085199264,41.16 E,8.089122032,F,F,202.23 E,53.78157683,0.985958741,0.128889735,0.56 E,0.131294138,2.19 E,0.535474221,3.58 E,0.625851822
CORN ,36G,Female,51-70 Years,2314,8.652777983,6.87 E,1.489947288,F,F,F,.,F,F,0.1 E,0.020806351,F,F,F,.,0.68 E,0.174338786,79.42772515,12.57057446,50.86 E,13.06862664,177.7 E,37.93506563,210.73 E,50.19348295,1.122406456,0.175245395,0.730196699,0.090160101,2.24 E,0.730155885,3.73 E,0.95426929
CORN ,36G,Female,71+ Years,1448,7.737435665,F,F,F,F,F,.,F,F,0.12 E,0.038510451,F,F,F,.,F,F,111.75 E,34.59382864,F,F,F,F,F,F,1.54 E,0.43659692,0.7 E,0.19016719,F,F,5.6 E,1.838278937
CORN ,36G,Female,19+ Years,7138,6.708061209,5.349471696,0.644227158,F,F,F,.,F,F,0.075828996,0.008796,F,F,F,.,F,F,79.74691241,8.087130346,48.52422216,5.389430579,177.5583948,29.35828445,233.62 E,57.46054599,1.130415985,0.108957725,0.705704781,0.057929281,2.45 E,0.415215664,3.816001168,0.548998208
LETTUCES & LEAFY GREENS (SPINACH- MUSTARD GREENS- ETC) ,36H,Both,All ages,19670,35.51577103,15.04589217,0.50501645,F,F,47.58145219,1.548649824,77.99142395,2.400884556,0.228048659,0.007825781,F,F,0.704598902,0.024698442,1.170702726,0.040694985,42.36397446,1.231852337,26.6818045,1.006001012,94.52760707,3.955260225,137.3928133,8.712753253,0.641017152,0.019357926,0.381933844,0.009749993,1.495844257,0.065039404,2.175587567,0.11747088
LETTUCES & LEAFY GREENS (SPINACH- MUSTARD GREENS- ETC) ,36H,Both,1-3 Years,1288,14.11393311,3.2 E,0.734946683,F,F,7.09 E,2.355104305,F,F,0.22 E,0.043572148,F,F,F,F,1.64 E,0.363482611,22.7 E,4.118685489,10.53 E,3.081325577,F,F,F,F,1.497461653,0.228041696,0.87 E,0.234531493,3.77 E,0.818782576,4.82 E,0.881834107
LETTUCES & LEAFY GREENS (SPINACH- MUSTARD GREENS- ETC) ,36H,Both,4-8 Years,1199,22.620591,6.051305692,0.868871309,F,F,18.04715066,2.538158184,39.24 E,8.012737714,0.271454826,0.039108678,F,F,0.84 E,0.178544965,1.81 E,0.382679941,26.75131561,3.15408371,16.26223559,1.528009778,52.9615541,8.039729636,77.01 E,16.09912491,1.200034191,0.136195131,0.71 E,0.122122902,2.625301413,0.265402919,3.31 E,0.66808653
LETTUCES & LEAFY GREENS (SPINACH- MUSTARD GREENS- ETC) ,36H,Both,9-13 Years,1962,25.70510044,8.728363476,1.277369949,F,F,27.49298028,3.075177306,48.46353559,4.613320326,0.196769543,0.023604877,F,F,0.629120203,0.064825932,1.105410929,0.088634302,33.95576491,4.505687256,21.77296867,1.82931,64.32331605,5.177046343,82.48 E,15.21776831,0.765488326,0.078262162,0.481400825,0.045477801,1.523929015,0.169304519,2.31 E,0.427747286
LETTUCES & LEAFY GREENS (SPINACH- MUSTARD GREENS- ETC) ,36H,Both,14-18 Years,1890,34.50061958,11.84743966,0.978161618,F,F,35.9350772,3.249724555,59.16948974,7.071706277,0.189150496,0.016786912,F,F,0.570527742,0.038917331,0.868237757,0.123967901,34.3397881,2.208587014,23.42863819,1.602738939,79.72506385,8.867064889,104.4126955,7.986482585,0.54825246,0.039895519,0.337653276,0.022376051,1.214453272,0.147306829,1.729257269,0.178731133
LETTUCES & LEAFY GREENS (SPINACH- MUSTARD GREENS- ETC) ,36H,Both,19-30 Years,1849,42.9095608,17.74314468,1.549011472,F,F,53.9905323,7.16774838,79.05299485,6.370567292,0.25786973,0.023905554,F,F,0.79387408,0.068360333,1.156735255,0.15848833,41.35009624,2.956122723,27.35085951,2.741760321,82.99492785,7.137566557,107.7678188,14.40749338,0.600961011,0.046063392,0.381203387,0.024975928,1.2639619,0.176958071,1.769570162,0.221694074
LETTUCES & LEAFY GREENS (SPINACH- MUSTARD GREENS- ETC) ,36H,Both,31-50 Years,4389,39.53190381,19.40599977,1.217005294,F,F,59.26711844,2.492338292,93.65160818,9.54513794,0.26557116,0.0183056,F,F,0.75744208,0.045233037,1.313471523,0.137239959,49.08946421,2.552288997,30.00399959,2.449680606,113.1570218,12.75229476,175.6483616,14.18670356,0.671789453,0.040324286,0.391240306,0.021364582,1.53597996,0.169071887,2.355008508,0.173561937
LETTUCES & LEAFY GREENS (SPINACH- MUSTARD GREENS- ETC) ,36H,Both,51-70 Years,4465,36.0677666,14.71667553,0.915922895,F,F,46.6201774,2.922698493,79.48934367,6.395385006,0.194168747,0.012293387,F,F,0.612678086,0.042659045,1.031596773,0.100238052,40.80284673,2.110872499,26.72083596,1.649447063,97.19599886,6.590344747,132.5983124,9.644168555,0.538344248,0.028586349,0.326814553,0.024418588,1.310837161,0.091900872,1.83480579,0.102644109
LETTUCES & LEAFY GREENS (SPINACH- MUSTARD GREENS- ETC) ,36H,Both,71+ Years,2628,31.46608137,12.76911246,1.120141924,F,F,45.38695472,3.209360393,77.14942073,6.247769268,0.178202674,0.015493662,F,F,0.610819093,0.055658084,1.042447017,0.112445586,40.58056137,2.533602091,25.01437834,2.996928321,92.60207138,6.556752356,123.3998673,17.68124608,0.56633259,0.034943404,0.366542144,0.043027536,1.344635019,0.105666216,1.870862589,0.182258249
LETTUCES & LEAFY GREENS (SPINACH- MUSTARD GREENS- ETC) ,36H,Both,1-18 Years,6339,25.43607597,7.954533453,0.499432183,F,F,26.04800471,1.376688265,46.66402954,2.216848873,0.218755329,0.014518618,F,F,0.623398902,0.039913888,1.200639501,0.106586134,31.27264387,1.692927697,19.45140519,0.936676312,64.35069382,4.752015792,99.13563427,7.565657128,0.853730712,0.047795012,0.459108372,0.025725562,1.952839753,0.19853556,2.716463853,0.186398016
LETTUCES & LEAFY GREENS (SPINACH- MUSTARD GREENS- ETC) ,36H,Both,19+ Years,13331,37.99143758,16.78759561,0.614536114,F,F,52.72548758,2.128479736,83.97059076,4.168464158,0.230304037,0.00901167,F,F,0.716127411,0.024155504,1.164055125,0.047701958,44.18783989,1.387410338,27.50441044,1.009328473,99.21138064,4.446870012,145.4149344,9.70923845,0.606199848,0.020738515,0.374078495,0.011636881,1.378766837,0.083795355,2.040270177,0.119110773
LETTUCES & LEAFY GREENS (SPINACH- MUSTARD GREENS- ETC) ,36H,Male,9-13 Years,1023,25.44831448,8.367873508,1.073325831,F,F,27.86 E,6.241225947,49.10558054,5.667890307,0.192742313,0.025322902,F,F,0.665373563,0.099549574,1.126862169,0.143898523,32.88183788,3.244743397,22.32173883,2.087687569,64.32377901,10.32005638,100.1 E,18.18707832,0.757387345,0.076599024,0.520153579,0.055116172,1.54 E,0.336108822,2.88 E,0.751669722
LETTUCES & LEAFY GREENS (SPINACH- MUSTARD GREENS- ETC) ,36H,Male,14-18 Years,900,33.61687652,11.45705288,1.305149931,F,F,38.84856746,4.897619679,59.16 E,11.21637848,0.169768401,0.020703316,F,F,0.521233686,0.04658763,0.83 E,0.197988169,34.08125343,2.923495986,24,1.6579932,82.51166209,13.47715711,105.8714769,11.43378482,0.505009442,0.048937766,0.337785723,0.031513269,1.23 E,0.223986857,1.73 E,0.292060797
LETTUCES & LEAFY GREENS (SPINACH- MUSTARD GREENS- ETC) ,36H,Male,19-30 Years,857,44.23046303,17.26963248,2.075677521,F,F,52.38 E,9.363110627,78.90189182,8.288770947,0.233241179,0.029876954,F,F,0.726342927,0.118551267,1.15 E,0.195468891,39.04465677,4.077101072,24.33445184,3.725724694,78.99760065,8.40108713,110.25 E,20.65705433,0.527331533,0.059015077,0.362848433,0.053150536,1.155902576,0.176166603,1.63 E,0.294015747
LETTUCES & LEAFY GREENS (SPINACH- MUSTARD GREENS- ETC) ,36H,Male,31-50 Years,2005,37.07055109,16.51994821,1.39478787,F,F,57.83667051,4.069139961,75.37790673,8.055021552,0.195167111,0.017089073,F,F,0.637226123,0.063033321,0.954488367,0.110741345,44.56353556,2.906604738,27.83561047,2.217153525,92.56669565,12.7855454,138.2715799,17.64429873,0.526474802,0.036671078,0.34347152,0.031719926,1.148216882,0.164778323,1.638418231,0.221346253
LETTUCES & LEAFY GREENS (SPINACH- MUSTARD GREENS- ETC) ,36H,Male,51-70 Years,2151,34.95957342,14.31172886,1.20308452,F,F,46.63215234,4.063775338,72.8 E,13.3148283,0.16555658,0.01416537,F,F,0.545256367,0.055937089,0.851853486,0.132945161,40.93793905,2.820445582,27.37044737,2.412500139,103.2140704,10.88929394,139.4648972,15.21425651,0.47356579,0.033414245,0.297744607,0.034126247,1.177368283,0.147083723,1.756076393,0.175873095
LETTUCES & LEAFY GREENS (SPINACH- MUSTARD GREENS- ETC) ,36H,Male,71+ Years,1180,32.16845287,14.22779863,1.705002362,F,F,46.44259666,4.624652545,77.94717563,10.60974964,0.176742,0.021259337,F,F,0.606208944,0.083833468,0.999726249,0.158519933,44.22904231,3.905410576,31.9 E,5.598029415,105.0549238,12.28325177,143.9372225,19.47769153,0.549426487,0.047813157,0.4 E,0.067342843,1.293880874,0.142683018,1.756416442,0.226362804
LETTUCES & LEAFY GREENS (SPINACH- MUSTARD GREENS- ETC) ,36H,Male,19+ Years,6193,37.1286678,15.67622429,0.79630758,F,F,50.67323082,2.586420757,77.94604648,4.005751831,0.19021754,0.010114261,F,F,0.616959801,0.038992547,0.954976781,0.096892976,42.22134867,1.693657174,27.35843599,1.382555193,92.05724701,7.950158393,132.2415957,9.720415178,0.512319863,0.021666211,0.338120412,0.023449101,1.163397443,0.073857944,1.668185599,0.112781689
LETTUCES & LEAFY GREENS (SPINACH- MUSTARD GREENS- ETC) ,36H,Female,9-13 Years,939,25.97535528,9.11 E,2.340565707,F,F,26.62953275,3.234675959,44.72505592,7.273991192,0.2 E,0.040296419,F,F,0.610258251,0.084218315,1.105316513,0.132155885,35.06 E,8.255172598,19.32816785,2.760001719,59.46122625,6.978032096,F,F,0.77 E,0.135610199,0.43451724,0.06875462,1.38 E,0.310419839,2.16 E,0.684833599
LETTUCES & LEAFY GREENS (SPINACH- MUSTARD GREENS- ETC) ,36H,Female,14-18 Years,990,35.43503507,12.26021059,1.419485305,F,F,35.25857801,3.915047114,58.61267751,8.454862029,0.209643929,0.026239559,F,F,0.624631559,0.063571244,0.927593176,0.130307735,34.5991208,3.309736506,21.13944835,2.22469227,71.83861947,8.954432631,99.74262153,12.95301847,0.59162896,0.063100393,0.334774938,0.043439249,1.188582886,0.183971331,1.728808035,0.191672603
LETTUCES & LEAFY GREENS (SPINACH- MUSTARD GREENS- ETC) ,36H,Female,19-30 Years,992,41.44691787,18.26746758,2.219319939,F,F,59.99993255,9.502229917,88.60975019,11.47112701,0.285141072,0.036591105,F,F,0.815800729,0.074878261,1.45 E,0.281599779,44.07436914,4.127974907,30.30744466,3.675076568,89.99879673,8.688562817,107.59 E,28.9596098,0.687966891,0.069565346,0.428783262,0.05623126,1.558524432,0.247303706,2.18 E,0.4948973
LETTUCES & LEAFY GREENS (SPINACH- MUSTARD GREENS- ETC) ,36H,Female,31-50 Years,2384,41.88732685,22.16784381,2.001060277,F,F,67.54352177,7.776410504,111.57 E,20.49625188,0.332945218,0.032006425,F,F,0.928794119,0.09575789,1.66 E,0.303621667,52.92255552,4.01400161,34.24150156,3.798117644,135.5693079,21.5809617,176.5738477,12.14201543,0.794859074,0.066514106,0.476763357,0.047908188,2.048891939,0.306957784,2.670675441,0.274437459
LETTUCES & LEAFY GREENS (SPINACH- MUSTARD GREENS- ETC) ,36H,Female,51-70 Years,2314,37.15071644,15.11239798,1.275029657,F,F,46.61171856,4.918122589,81.80865413,6.566164437,0.222129162,0.018981336,F,F,0.740182175,0.075432348,1.194884635,0.111695267,40.67861789,2.91251689,24.87901608,2.19409209,95.00355338,6.075498368,127.4898072,13.65862097,0.597913534,0.042948127,0.364462142,0.037656135,1.422337743,0.108891512,1.879623319,0.297927631
LETTUCES & LEAFY GREENS (SPINACH- MUSTARD GREENS- ETC) ,36H,Female,71+ Years,1448,30.90967914,11.61357548,1.436203667,F,F,39.50769129,5.865769479,75.17743494,9.75406512,0.179359785,0.021600054,F,F,0.617987709,0.078297312,1.043145487,0.145179071,37.57261737,3.543944537,22.22962623,3.308113085,88.36727402,7.693411249,109.63 E,21.66339324,0.580270613,0.053701866,0.338452775,0.052053386,1.36156636,0.199769388,1.868093298,0.262440494
LETTUCES & LEAFY GREENS (SPINACH- MUSTARD GREENS- ETC) ,36H,Female,19+ Years,7138,38.82438952,17.86055728,0.942177062,F,F,55.08126211,3.845188215,89.99932417,4.25100481,0.269005121,0.014968797,F,F,0.812104808,0.031320367,1.359346504,0.098596156,46.00344654,2.05958017,28.0883462,1.590394824,100.6303896,7.277338276,157.0026482,14.8333263,0.692876627,0.033203115,0.415367974,0.021676293,1.569651659,0.125919323,2.353707722,0.180174212
MUSHROOMS ,36I,Both,All ages,19670,12.39952751,2.903098502,0.207628016,F,F,3.27 E,0.561079567,15.66265112,1.321740434,0.043922088,0.003084323,F,F,0.05 E,0.009497755,0.226310191,0.019379017,23.41297683,1.442783334,10.77895004,0.755123119,62.46333062,7.425843739,79.44675952,2.983996009,0.356061695,0.021773888,0.166194749,0.014603309,0.91945448,0.073648367,1.42220184,0.1302286
MUSHROOMS ,36I,Both,1-3 Years,1288,11.55150746,0.83 E,0.146606814,F,F,F,F,4.43 E,1.207160018,0.06 E,0.011389454,F,F,F,.,F,F,7.172718029,0.890760944,4.349327912,0.627257363,18.41345651,2.650331023,18.98090442,2.82694111,0.603269476,0.081171306,0.29 E,0.081706796,1.46302778,0.173393873,1.742752575,0.276826562
MUSHROOMS ,36I,Both,4-8 Years,1199,9.423411332,0.9 E,0.168324154,F,F,F,.,3.43 E,0.879591048,0.04 E,0.007333105,F,F,F,.,0.15 E,0.045178947,9.54 E,1.745669733,3.47 E,1.068419519,22.75 E,5.437534461,35.72 E,9.478612864,0.41 E,0.075345504,F,F,0.92 E,0.199002675,1.27 E,0.415290388
MUSHROOMS ,36I,Both,9-13 Years,1962,8.87322795,1.45 E,0.328678863,F,F,F,.,F,F,0.04 E,0.008204824,F,F,F,.,F,F,16.32 E,2.980737414,7.1 E,1.922582276,F,F,69.12 E,11.99369229,0.42 E,0.076308616,0.16 E,0.05219075,1.28 E,0.353414103,1.551126266,0.189589275
MUSHROOMS ,36I,Both,14-18 Years,1890,11.78985771,2.75 E,0.654029069,F,F,F,F,10.24 E,3.216786312,0.04 E,0.009687234,F,F,F,F,0.17 E,0.04575081,23.29 E,4.604905728,8.57004308,0.97548306,F,F,108.72 E,29.34829115,0.34 E,0.067938799,0.140121935,0.019472747,F,F,1.6 E,0.394946673
MUSHROOMS ,36I,Both,19-30 Years,1849,13.37353456,2.5 E,0.580514751,F,F,F,F,13.96 E,4.166715386,0.04 E,0.008324944,F,F,F,F,F,F,18.68 E,3.705542362,9.06 E,2.692864578,54.61 E,12.52497157,F,F,0.26 E,0.052402033,0.13 E,0.038055162,0.9 E,0.236089301,0.910164768,0.137605402
MUSHROOMS ,36I,Both,31-50 Years,4389,14.28937128,4.008536841,0.453840382,F,F,6.81 E,1.740317903,22.08 E,4.539049507,0.056603453,0.007226628,F,F,0.09 E,0.021110042,0.3 E,0.055492167,28.05257672,2.748113775,15.21561033,1.660398542,77.71081542,5.915169393,80.73049714,6.901656698,0.396122766,0.045269274,0.217475995,0.031424842,1.08 E,0.191611606,1.509789189,0.180288505
MUSHROOMS ,36I,Both,51-70 Years,4465,12.2599283,3.078334764,0.443466422,F,F,4.36 E,1.29807972,17 E,3.060008521,0.039903302,0.005355189,F,F,F,F,0.2 E,0.045492277,25.10891328,2.993762455,11.35513641,1.373284692,57.12 E,10.80351798,78.39024491,10.41272288,0.325477448,0.035816731,0.14800451,0.018221028,0.742439872,0.121876927,1.13 E,0.193285528
MUSHROOMS ,36I,Both,71+ Years,2628,9.664679919,2.2 E,0.48219135,F,F,F,.,9.62 E,2.207444678,0.03 E,0.007720425,F,F,F,.,0.13 E,0.031323245,22.78 E,4.428521496,9.75 E,1.734011544,F,F,F,F,0.33 E,0.072677283,0.14 E,0.025777357,F,F,F,F
MUSHROOMS ,36I,Both,1-18 Years,6339,10.30953504,1.56350822,0.218388879,F,F,F,F,6.19 E,1.059007008,0.041484001,0.00453227,F,F,F,.,0.18 E,0.029827128,15.16565213,1.827536942,5.494291836,0.889277902,38.26 E,7.22363846,67.88 E,12.30891733,0.416645692,0.036742916,0.180566331,0.021534055,1.249882824,0.19640377,1.568454833,0.164915473
MUSHROOMS ,36I,Both,19+ Years,13331,12.91284903,3.232114295,0.25402451,F,F,4.55 E,0.877219601,17.70429553,1.357899914,0.044513781,0.003678059,F,F,0.05 E,0.013467462,0.234715449,0.023673135,25.03021825,1.705205586,12.12267159,1.148680536,69.01718428,8.016056635,79.90495559,4.49542846,0.34472471,0.025113794,0.163746617,0.017036353,0.90991383,0.093539905,1.348342089,0.168030561
MUSHROOMS ,36I,Male,9-13 Years,1023,7.511329431,1.97 E,0.584013177,F,F,F,.,F,F,0.05 E,0.014729166,F,F,F,.,F,F,26.26 E,5.929912107,F,F,69.63 E,13.48151935,77.86684706,9.449590085,0.67 E,0.156696761,F,F,1.548720194,0.202570384,1.714041007,0.221388672
MUSHROOMS ,36I,Male,14-18 Years,900,10.78046036,F,F,F,F,F,F,F,F,F,F,F,F,F,F,F,F,31.55 E,9.387422784,11.54 E,3.677634589,F,F,113.25 E,30.07177282,0.45 E,0.137627624,0.16 E,0.051038711,F,F,1.73 E,0.438103957
MUSHROOMS ,36I,Male,19-30 Years,857,15.29565523,F,F,F,F,F,F,F,F,F,F,F,F,F,F,F,F,19.29 E,6.186002958,F,F,F,F,F,F,F,F,F,F,F,F,0.9 E,0.204360383
MUSHROOMS ,36I,Male,31-50 Years,2005,12.76018654,3.696135515,0.58672413,F,F,F,F,F,F,0.046494787,0.00763658,F,F,F,F,0.26 E,0.076985378,28.9661558,3.140193529,17.5912255,1.657957558,73.65360399,11.98416314,80.02 E,14.71682955,0.36437388,0.040977702,0.223091249,0.027069553,1.01 E,0.207132936,1.108603827,0.15747344
MUSHROOMS ,36I,Male,51-70 Years,2151,12.12350688,3.08 E,0.662579681,F,F,F,F,18.75 E,4.821537507,0.04 E,0.00750821,F,F,F,F,0.23 E,0.059683406,25.43 E,4.36777091,12.12 E,3.024015865,49.25444317,7.897482569,76.55 E,15.06742855,0.29 E,0.049557671,0.15 E,0.036309395,0.54 E,0.107450871,0.92 E,0.20077453
MUSHROOMS ,36I,Male,71+ Years,1180,11.70416606,3.04 E,1.004679207,F,F,F,F,13.96 E,3.715923856,F,F,F,F,F,F,0.17 E,0.044984751,26.01 E,7.692469674,10.11 E,2.45480701,F,F,F,F,F,F,0.14 E,0.0278169,F,F,F,F
MUSHROOMS ,36I,Male,19+ Years,6193,12.89090725,3.289010133,0.381785102,F,F,4.88 E,1.355523944,18.46487847,2.253612435,0.041064283,0.004985182,F,F,F,F,0.226050497,0.029735843,25.51418662,2.37189268,13.91621576,1.631449705,58.43068065,8.246945504,78.39876369,9.598583024,0.318552312,0.030965025,0.166831171,0.021580942,0.824206443,0.127343768,1.011145175,0.099500867
MUSHROOMS ,36I,Female,9-13 Years,939,10.30656043,0.9 E,0.218030484,F,F,F,F,F,F,0.02 E,0.005227075,F,F,F,F,F,F,8.69 E,1.581874398,F,F,22.89 E,7.114171195,F,F,0.2179442,0.036174245,F,F,0.44 E,0.099617682,F,F
MUSHROOMS ,36I,Female,14-18 Years,990,12.85713231,2.05 E,0.431555573,F,F,F,F,9.73 E,3.123935822,0.03 E,0.006604936,F,F,F,F,0.16 E,0.043394909,15.96531709,2.513701612,7.272829882,1.094901319,46.25600563,7.107594648,51.85 E,11.60077319,0.251470606,0.039549226,0.124474567,0.020412314,0.71 E,0.129843501,0.85 E,0.168489654
MUSHROOMS ,36I,Female,19-30 Years,992,11.24515885,2 E,0.442064083,F,F,F,F,15.18 E,4.838904834,0.03 E,0.007173356,F,F,F,F,F,F,17.76972322,2.540045988,12.42 E,3.105503287,39.98382631,5.819821326,45.0356094,5.195575759,0.282984089,0.042509557,0.18 E,0.052070784,0.54 E,0.145657268,0.92 E,0.220409763
MUSHROOMS ,36I,Female,31-50 Years,2384,15.75274422,4.31 E,0.737263125,F,F,6.81 E,2.07421006,24.11 E,6.275430526,0.07 E,0.012751907,F,F,0.1 E,0.028442126,0.36 E,0.085186352,27.3443994,4.223171989,12.21 E,2.303066833,77.71200928,7.981802831,80.02662959,9.958819698,0.42 E,0.07332418,0.18 E,0.044071043,1.43 E,0.366430932,1.514867147,0.179455251
MUSHROOMS ,36I,Female,51-70 Years,2314,12.3932422,3.07 E,0.616232076,F,F,F,F,14.55 E,3.585178111,0.04 E,0.008004716,F,F,F,F,0.2 E,0.065288417,24.8 E,4.156178876,10.72931917,1.426124536,74.42 E,14.55602279,80.05 E,21.92177675,0.355038363,0.052576164,0.14821402,0.02239248,0.9 E,0.179556306,1.26 E,0.371616719
MUSHROOMS ,36I,Female,71+ Years,1448,8.049046806,1.53 E,0.366938934,F,F,F,.,F,F,0.02 E,0.005140051,F,F,F,.,F,F,19.06 E,3.522067458,F,F,F,F,78.6 E,17.83028925,0.28 E,0.048642144,F,F,0.71 E,0.219078182,1.18 E,0.267401761
MUSHROOMS ,36I,Female,19+ Years,7138,12.9340325,3.177184811,0.348108047,F,F,F,F,17.35138487,2.006364448,0.047844063,0.005511843,F,F,F,F,0.268781617,0.03676937,24.564534,2.391988585,10.8016247,1.308943492,77.71015925,10.70308148,79.85817928,5.395758646,0.369908326,0.037949539,0.155403963,0.023840043,0.95 E,0.170329375,1.509332552,0.168725163
ONION- GREEN ONIONS- LEEKS- GARLIC ,36J,Both,All ages,19670,59.24906901,12.94687145,0.336097411,2.815995584,0.336097411,38.96014464,1.072388494,56.86273801,1.622754403,0.201723902,0.005353729,0.043606299,0.003849802,0.578257095,0.016468964,0.881957781,0.029800743,21.85160318,0.490976547,13.02424711,0.312784687,52.15453132,1.791055382,72.32683684,2.660615438,0.340399287,0.007879975,0.187264674,0.005568791,0.810745195,0.023750735,1.14635677,0.062849512
ONION- GREEN ONIONS- LEEKS- GARLIC ,36J,Both,1-3 Years,1288,45.42636097,4.476496402,0.497524423,F,F,11.77011624,1.688269136,21.12 E,3.547567,0.319225862,0.037154058,F,F,0.839788605,0.099029747,1.49 E,0.285418302,9.854402391,0.995535123,4.55747725,0.593164129,23.89041561,3.684258011,36.79 E,6.429506129,0.713325259,0.075886279,0.329037736,0.043368257,1.771333108,0.278484742,2.481187024,0.375421985
ONION- GREEN ONIONS- LEEKS- GARLIC ,36J,Both,4-8 Years,1199,52.01647591,5.367076219,0.462569684,F,F,16.04811124,1.318811029,26.81544335,3.682167145,0.236855068,0.021149038,F,F,0.703952628,0.070861061,1.28698418,0.19499827,10.31803121,0.801277851,6.065269629,0.681606863,25.28974287,3.684077189,38.70128373,5.836310394,0.455346241,0.037252462,0.23 E,0.039252018,1.240212395,0.189066314,1.662957606,0.151057264
ONION- GREEN ONIONS- LEEKS- GARLIC ,36J,Both,9-13 Years,1962,55.79168196,8.263452175,0.638938412,1.08 E,0.638938412,23.30718596,1.791945136,35.60196317,4.092833359,0.200135463,0.015337671,0.03 E,0.008302572,0.606720951,0.065610545,0.904416452,0.087947854,14.81126197,0.99666581,8.527995142,0.857475827,31.09530143,4.050824142,49.51139014,5.586473036,0.358719178,0.023574589,0.188781352,0.011403422,0.895223846,0.077050272,1.308555272,0.162190398
ONION- GREEN ONIONS- LEEKS- GARLIC ,36J,Both,14-18 Years,1890,55.48803465,11.67383738,1.023432967,F,F,33.76625646,3.927068282,48.50797151,4.355573715,0.179675299,0.014819238,F,F,0.518074482,0.052827176,0.888037088,0.074336611,21.03847696,1.662953387,10.08253905,1.052604519,47.99131518,3.134873696,76.56 E,16.49054091,0.323809088,0.02374478,0.158558904,0.018591008,0.82416587,0.071011769,1.15 E,0.192006286
ONION- GREEN ONIONS- LEEKS- GARLIC ,36J,Both,19-30 Years,1849,59.29268102,14.6749268,1.447714921,3.22 E,1.447714921,41.93263804,5.135315915,70.02742487,9.411188889,0.222592495,0.024501815,0.05 E,0.012244382,0.643321303,0.084250908,1.084127479,0.172406479,24.74998018,2.205065964,13.48108607,1.644753079,62.86539737,8.522460749,86.09414814,11.69785741,0.375413105,0.037688204,0.181261062,0.017688549,0.933206031,0.141985527,1.4 E,0.285325502
ONION- GREEN ONIONS- LEEKS- GARLIC ,36J,Both,31-50 Years,4389,62.91739397,14.45516514,0.647461465,3.95551875,0.647461465,41.38450791,1.730174552,61.1412887,3.538524261,0.193936629,0.008964017,0.051268541,0.006978728,0.556293889,0.024002514,0.822258123,0.03880089,22.97483133,0.897940409,15.24294356,0.862212744,56.10909449,3.002857247,75.79176863,3.313787191,0.308240085,0.012603167,0.181943837,0.014869507,0.734372741,0.04396498,1.017185134,0.062275918
ONION- GREEN ONIONS- LEEKS- GARLIC ,36J,Both,51-70 Years,4465,60.57753058,14.51907811,0.631869562,4.208244118,0.631869562,44.14322964,2.509506605,61.21567203,3.292299389,0.195714667,0.009040501,0.056354151,0.008769358,0.575980111,0.038676366,0.832390027,0.048258251,23.96776159,0.894774952,14.20225024,0.828384802,55.77835699,2.975585437,74.28906031,4.735925092,0.32308129,0.01289381,0.18423077,0.011073245,0.773844995,0.03308188,1.070606619,0.105967675
ONION- GREEN ONIONS- LEEKS- GARLIC ,36J,Both,71+ Years,2628,56.78441732,11.93674853,0.608991546,2.74 E,0.608991546,34.8002572,1.869025031,51.58384312,3.159781793,0.170393839,0.009089167,0.04 E,0.008972226,0.464992075,0.032770961,0.735898758,0.056195326,21.02116934,0.928112549,13.33843297,0.742565032,47.00331948,3.501981841,63.15722063,4.815162081,0.300071476,0.014059571,0.184832364,0.00910471,0.665554144,0.051469506,0.968846262,0.082100775
ONION- GREEN ONIONS- LEEKS- GARLIC ,36J,Both,1-18 Years,6339,52.92320833,7.801000627,0.359378116,F,F,22.16938425,0.854300636,36.73349441,2.236305747,0.223217994,0.009746019,0.01 E,0.00416472,0.651562234,0.03192896,1.023672609,0.074276485,14.74022621,0.628860403,7.152049833,0.339794572,34.92252402,2.130407201,50.0313344,2.626619165,0.421898603,0.016665097,0.208953282,0.010434285,0.992083019,0.057502845,1.566724962,0.118167431
ONION- GREEN ONIONS- LEEKS- GARLIC ,36J,Both,19+ Years,13331,60.80275904,14.21074503,0.408827725,3.808578674,0.408827725,41.78879625,1.047543479,61.2122801,2.47841366,0.196507549,0.006215392,0.051182916,0.004375604,0.56844279,0.018040598,0.847057212,0.03388556,23.37187531,0.5952147,14.36544478,0.57231271,55.97311233,1.739631407,75.42815233,3.199461369,0.323188539,0.009167534,0.182757418,0.006319349,0.771461225,0.027623261,1.093902589,0.051941714
ONION- GREEN ONIONS- LEEKS- GARLIC ,36J,Male,9-13 Years,1023,53.38475145,8.89102668,0.921418654,F,F,23.76617191,2.654043429,37.69033043,4.594560696,0.212699228,0.021767504,F,F,0.674161023,0.096470932,0.987731485,0.125661849,16.65461848,1.507984936,9.293419697,1.154687832,36.08032582,3.977509773,55.78 E,10.73252284,0.398426933,0.035067741,0.205813399,0.02531557,0.903880813,0.12026777,1.371067108,0.20758502
ONION- GREEN ONIONS- LEEKS- GARLIC ,36J,Male,14-18 Years,900,54.0458524,13.364647,1.652775588,F,F,34.02943862,5.106601829,56.46 E,17.87163603,0.192790451,0.023517568,F,F,0.49 E,0.087279766,0.98 E,0.17890671,24.728349,2.78230837,11.71109294,1.665373662,52.53 E,13.67341693,127.86 E,29.44807453,0.356716459,0.03894415,0.17026418,0.027474823,0.97 E,0.168692052,1.49 E,0.317076401
ONION- GREEN ONIONS- LEEKS- GARLIC ,36J,Male,19-30 Years,857,65.11942414,16.59138754,2.158850065,7.15 E,2.158850065,43.7 E,9.494658598,70.15 E,15.14983274,0.228078771,0.030037725,0.08 E,0.020296345,0.61 E,0.16210165,1.07 E,0.200597221,25.47840027,3.017811709,15.42246613,2.283066495,66.33 E,12.39261663,96.48 E,20.95455869,0.350246911,0.041896162,0.189102456,0.027296073,0.93 E,0.191422826,1.32 E,0.224360279
ONION- GREEN ONIONS- LEEKS- GARLIC ,36J,Male,31-50 Years,2005,61.84552189,15.4686624,1.031408499,3.64 E,1.031408499,44.18005824,3.402411798,66.56393347,4.611645069,0.187289533,0.013041951,0.04 E,0.011814447,0.548799855,0.032137227,0.814461167,0.057548722,25.01177439,1.437331914,16.02516619,1.702288195,59.01513434,3.989811565,75.94067577,7.336779769,0.302834429,0.018210995,0.173219266,0.020268943,0.696253082,0.07137553,0.984643725,0.088274197
ONION- GREEN ONIONS- LEEKS- GARLIC ,36J,Male,51-70 Years,2151,60.81351779,14.77089731,0.940485188,5.25 E,0.940485188,43.69461074,3.613532396,59.27398039,3.664920004,0.176229009,0.011810663,0.06 E,0.0138674,0.477492838,0.031077951,0.689909191,0.075328489,24.2888388,1.376904567,14.36207523,1.422930503,54.27168232,3.330896676,74.25353592,8.813456073,0.289785915,0.017553733,0.163407826,0.01425262,0.62076524,0.047303081,0.941475388,0.114763011
ONION- GREEN ONIONS- LEEKS- GARLIC ,36J,Male,71+ Years,1180,56.97842608,12.68610874,0.813934083,3.35 E,0.813934083,36.89235619,2.274482847,52.37489827,4.039730689,0.164271506,0.011342966,0.04 E,0.012575443,0.471373615,0.06554893,0.663792553,0.070911669,22.2647581,1.158198945,15.99740292,1.396856018,50.22721455,4.338851001,63.23032876,5.344052981,0.288304745,0.016651639,0.19917059,0.016390079,0.636100508,0.049455784,0.835455363,0.072360761
ONION- GREEN ONIONS- LEEKS- GARLIC ,36J,Male,19+ Years,6193,61.56635568,15.13884063,0.629789227,4.518020089,0.629789227,42.90614801,2.120200402,62.8941608,3.579117975,0.188470433,0.008391429,0.055592317,0.007209536,0.540768069,0.023977169,0.819283245,0.054645259,24.58947012,0.918993703,15.46849622,0.839418316,56.81647739,2.820459609,74.93707776,5.941765681,0.306125693,0.012245327,0.174145172,0.010640874,0.688001881,0.058402205,1.018618574,0.074476449
ONION- GREEN ONIONS- LEEKS- GARLIC ,36J,Female,9-13 Years,939,58.32486018,7.60296029,0.906319756,F,F,20.68529525,2.619101924,28.73 E,6.866377876,0.186912706,0.022000611,F,F,0.555538594,0.076420223,0.89603889,0.14579138,13.03553968,1.364992333,7.27657893,1.050079734,27.49 E,5.118050741,44.54875665,7.131224209,0.320468331,0.032639179,0.180749942,0.021161565,0.87710145,0.142324969,1.17 E,0.196759897
ONION- GREEN ONIONS- LEEKS- GARLIC ,36J,Female,14-18 Years,990,57.01290934,9.886079428,0.965979443,F,F,31.91861099,4.535210719,48.02214634,3.689824517,0.165808145,0.014737756,F,F,0.531942404,0.060308857,0.808736032,0.077904026,17.34007182,1.552502131,9.162187932,1.304343861,45.65483231,3.801450001,53.31613393,8.64988916,0.290825617,0.02328385,0.150008917,0.022382168,0.788294474,0.083175632,0.95918606,0.094641061
ONION- GREEN ONIONS- LEEKS- GARLIC ,36J,Female,19-30 Years,992,52.84069355,12.55281838,2.008127589,F,F,41.79293399,6.618969811,62.66 E,12.91972226,0.22 E,0.040041708,F,F,0.654634444,0.093456566,F,F,23.75596824,3.223753092,10.37 E,1.894171068,60.39 E,11.85823632,85.14919345,13.3123285,0.409755236,0.066440247,0.178165531,0.029462252,F,F,2.06 E,0.545350374
ONION- GREEN ONIONS- LEEKS- GARLIC ,36J,Female,31-50 Years,2384,63.94313571,13.48528594,0.81347484,4.345338706,0.81347484,38.83586634,2.945650592,57.27521896,5.217224503,0.200297652,0.01262611,0.06 E,0.010327698,0.565020923,0.043247543,0.839549356,0.072568482,21.0894974,1.117413969,13.99746628,1.048608296,50.52118858,5.166912413,74.33304171,6.520596844,0.3132434,0.017760118,0.192441333,0.016724264,0.741768163,0.056366519,1.029700712,0.078255143
ONION- GREEN ONIONS- LEEKS- GARLIC ,36J,Female,51-70 Years,2314,60.34691889,14.27299506,0.843445541,3.515136294,0.843445541,44.95776438,3.328352048,64.09330412,5.413303515,0.214756465,0.013852844,0.05 E,0.010122501,0.67959305,0.052147852,0.91491783,0.083698236,23.65157215,1.248518452,14.0646862,1.016515967,56.58589784,4.916024851,74.41893729,5.431930355,0.355869809,0.020621645,0.204677456,0.018579166,0.832193928,0.052805927,1.217896942,0.158062063
ONION- GREEN ONIONS- LEEKS- GARLIC ,36J,Female,71+ Years,1448,56.63072813,11.34312293,0.872211659,F,F,29.56072508,2.158235741,47.65790473,4.773011944,0.175243808,0.01369465,F,F,0.462139181,0.03364527,0.772756232,0.087378631,20.02997896,1.375505814,12.02325782,0.750413424,46.09539868,4.623748083,61.17 E,11.547837,0.309450034,0.021742886,0.17549319,0.010351727,0.720661525,0.081039788,1.088698539,0.119204024
ONION- GREEN ONIONS- LEEKS- GARLIC ,36J,Female,19+ Years,7138,60.06555276,13.31472496,0.522472511,3.330070846,0.522472511,39.97174941,1.708068327,58.58884951,2.91887072,0.204266897,0.008973696,0.047806297,0.004988907,0.59748005,0.036195842,0.8835153,0.048040089,22.16698981,0.771206549,13.43125558,0.529178268,54.66296407,2.86100883,77.08735917,4.250711327,0.340073283,0.013525957,0.187629359,0.008392671,0.803053494,0.0321183,1.111449689,0.078163629
PEAS AND SNOW PEAS,36K,Both,All ages,19670,9.9853632,3.568230129,0.239885676,F,F,F,.,20.00294093,2.191463037,0.063072093,0.003871184,F,F,F,.,0.345667374,0.039368148,35.73460531,2.029851793,20.00321078,1.644748497,79.99610457,1.905700222,119.6892003,8.441524956,0.635525581,0.033536897,0.356149013,0.030653485,1.373403108,0.091700049,1.931638745,0.208761006
PEAS AND SNOW PEAS,36K,Both,1-3 Years,1288,15.4848494,3.63 E,0.638546746,F,F,F,F,25.51 E,5.820672216,0.25 E,0.049155691,F,F,F,F,F,F,23.4209023,3.309641341,F,F,46.33 E,12.66800659,79.7 E,17.16342815,1.8 E,0.312825373,0.98 E,0.168085468,3.8 E,0.90475929,F,F
PEAS AND SNOW PEAS,36K,Both,4-8 Years,1199,14.44206971,3.56 E,0.643780288,F,F,F,F,18.63 E,3.641729071,0.17 E,0.033051213,F,F,F,F,0.77 E,0.172603725,24.63237526,3.979491142,13.9 E,3.050606326,69.16 E,16.66407933,80.75 E,15.68701255,1.16 E,0.211216926,0.64 E,0.108514504,2.98 E,0.916101676,4.76 E,1.007857192
PEAS AND SNOW PEAS,36K,Both,9-13 Years,1962,8.44908211,2.82 E,0.567205201,F,F,F,.,12.33 E,3.614923676,0.07 E,0.013191601,F,F,F,.,F,F,33.32936101,5.342418493,15.7 E,3.703851142,66.75 E,17.03731948,F,F,0.776094498,0.124368304,0.39 E,0.101087987,1.64 E,0.312431929,F,F
PEAS AND SNOW PEAS,36K,Both,14-18 Years,1890,7.591410849,2.636262486,0.423682722,F,F,F,.,F,F,0.041124345,0.00653948,F,F,F,.,F,F,34.72691097,3.740851895,19.81 E,5.87701342,80.2915362,5.933798722,100.6761314,11.71479575,0.541722031,0.05845508,0.33 E,0.083069546,1.332821998,0.117094138,1.539833995,0.176857577
PEAS AND SNOW PEAS,36K,Both,19-30 Years,1849,8.420297137,2.46 E,0.554054039,F,F,F,.,F,F,0.04 E,0.008354865,F,F,F,.,F,F,29.18 E,5.295109691,F,F,77.63005134,11.19750338,79.37 E,16.08713236,0.43 E,0.076961228,F,F,0.998970484,0.115231601,1.23 E,0.236075077
PEAS AND SNOW PEAS,36K,Both,31-50 Years,4389,8.626559357,3.010311722,0.338534274,F,F,F,.,18.22 E,5.550029373,0.042710986,0.005514006,F,F,F,.,0.25 E,0.076919508,34.89585589,2.731766654,26.61451182,4.235693571,78.46937882,5.883351225,96.08 E,16.31359883,0.49511033,0.045191618,0.355542833,0.055621338,1.239731771,0.132510741,1.439830936,0.127748421
PEAS AND SNOW PEAS,36K,Both,51-70 Years,4465,10.80327466,4.824094709,0.74166769,F,F,F,F,30.61 E,5.912570008,0.062618683,0.009037793,F,F,F,F,0.37 E,0.083399826,44.65400407,5.469973075,25.01 E,4.188903545,98.38 E,17.28966333,156.11 E,36.7620218,0.579626871,0.065462101,0.28 E,0.060480714,1.399539621,0.157826123,1.92 E,0.482130882
PEAS AND SNOW PEAS,36K,Both,71+ Years,2628,12.08975566,4.406274022,0.502617504,F,F,F,F,28.15 E,6.293407524,0.059525208,0.006821108,F,F,F,F,0.361910861,0.053709729,36.4463447,3.393643636,19.95913042,2.638440964,84.99614706,11.42416739,121.0640774,14.11405505,0.492360718,0.046269961,0.27 E,0.045766607,1.288571361,0.150796424,1.681932377,0.165641875
PEAS AND SNOW PEAS,36K,Both,1-18 Years,6339,11.05101787,3.106843543,0.278040435,F,F,F,F,17.86220521,2.688186892,0.116363814,0.012196237,F,F,F,F,0.650547391,0.082552982,28.11364148,2.219895203,15.16759954,1.961513487,78.58844443,7.981722312,84.48371469,13.3624883,1.082285261,0.10411451,0.571015001,0.062428549,2.675462291,0.389309573,4.7 E,0.874497309
PEAS AND SNOW PEAS,36K,Both,19+ Years,13331,9.723628535,3.681550952,0.294221938,F,F,F,.,20.46129679,3.168102743,0.050138843,0.003923075,F,F,F,.,0.26 E,0.044238834,37.86190452,2.507895539,21.83098492,2.597462146,79.99861338,4.925428795,119.9751339,9.533411791,0.515639225,0.032269971,0.292965121,0.035533968,1.24400967,0.059090123,1.601084406,0.095021526
PEAS AND SNOW PEAS,36K,Male,9-13 Years,1023,8.894718234,3.77 E,0.99507658,F,F,F,.,F,F,0.09 E,0.023358643,F,F,F,.,F,F,42.43 E,8.971088852,F,F,F,F,F,F,1 E,0.211499614,F,F,F,F,F,F
PEAS AND SNOW PEAS,36K,Male,14-18 Years,900,7.12326198,2.88 E,0.573056852,F,F,F,.,F,F,0.04 E,0.008835151,F,F,F,.,F,F,40.36959579,5.735746441,F,F,84.26997772,8.029578746,88.41 E,14.92837685,0.611831405,0.091332812,0.38 E,0.124793749,1.349086718,0.127770437,1.49263345,0.179151448
PEAS AND SNOW PEAS,36K,Male,19-30 Years,857,9.455736341,F,F,F,F,F,.,F,F,F,F,F,F,F,.,F,F,26.8 E,7.286514796,F,F,77.28 E,14.94987832,78.27169321,8.60791222,0.37 E,0.101182556,F,F,0.97 E,0.175567028,1.021086338,0.150635631
PEAS AND SNOW PEAS,36K,Male,31-50 Years,2005,7.325878218,2.886614369,0.434322289,F,F,F,.,F,F,0.034112272,0.005367848,F,F,F,.,F,F,39.40298055,4.220821935,25.76755912,4.120595905,92.68 E,16.46625332,125.3354227,14.81132985,0.465640716,0.053359158,0.319434563,0.050798963,1.05 E,0.211680044,1.528291033,0.163836004
PEAS AND SNOW PEAS,36K,Male,51-70 Years,2151,10.67645162,4.930348703,0.800165691,F,F,F,F,31.21 E,8.020305124,0.059760174,0.0096065,F,F,F,F,0.36 E,0.10650977,46.1796567,5.256542028,29.84 E,5.517465492,111.4419959,17.98435677,150.8984334,23.42301038,0.559738164,0.063523688,0.28 E,0.080464855,1.418264068,0.163253671,1.63 E,0.302512486
PEAS AND SNOW PEAS,36K,Male,71+ Years,1180,13.11887607,5.617801061,0.931953849,F,F,F,F,37.47 E,7.01337447,0.06723458,0.010367745,F,F,F,F,0.46 E,0.089305347,42.82227402,5.841535703,25.4 E,5.799468581,119.28 E,22.71976908,124.5408342,20.20792789,0.512502595,0.062800252,0.3 E,0.074359036,1.19758192,0.167005191,1.543306895,0.209304643
PEAS AND SNOW PEAS,36K,Male,19+ Years,6193,9.4431758,3.794668468,0.363778746,F,F,F,.,20.48 E,3.740680293,0.046360104,0.004530848,F,F,F,.,0.254407699,0.040232106,40.18424043,3.01288729,23.7224545,3.272781615,93.02978516,13.06869381,125.1733858,14.06681752,0.490937631,0.037187317,0.269777221,0.036411882,1.252843497,0.107131909,1.525440613,0.105412441
PEAS AND SNOW PEAS,36K,Female,9-13 Years,939,7.980071593,1.81 E,0.447415023,F,F,F,.,F,F,0.04 E,0.009593209,F,F,F,.,F,F,22.65 E,4.463090899,13.71 E,3.728990918,52.33004925,8.431935104,64.08679675,10.11294299,0.52 E,0.095582041,F,F,1.103669583,0.177136831,1.31 E,0.410677436
PEAS AND SNOW PEAS,36K,Female,14-18 Years,990,8.086402629,2.38 E,0.638813123,F,F,F,.,F,F,0.04 E,0.010025437,F,F,F,.,F,F,29.47 E,5.16897747,F,F,74.52 E,14.23325855,99.34888049,15.39527805,0.48 E,0.08131187,F,F,1.28 E,0.260062828,1.540803759,0.235772685
PEAS AND SNOW PEAS,36K,Female,19-30 Years,992,7.273749119,2.37 E,0.538153774,F,F,F,.,F,F,0.04 E,0.008807759,F,F,F,.,F,F,32.61 E,8.011355906,F,F,F,F,119.53 E,35.55782431,0.51 E,0.11946958,F,F,F,F,1.89 E,0.59420619
PEAS AND SNOW PEAS,36K,Female,31-50 Years,2384,9.871262849,3.13 E,0.5549331,F,F,F,.,F,F,0.05 E,0.009917837,F,F,F,.,F,F,31.69488582,3.647288345,26.8 E,7.256212663,63.71092546,8.294321211,84.7235754,7.671817358,0.516039716,0.068103642,0.41 E,0.101639392,1.241001773,0.155749714,1.247549321,0.158331545
PEAS AND SNOW PEAS,36K,Female,51-70 Years,2314,10.92720883,4.72 E,1.178700679,F,F,F,F,25.75 E,8.249735434,0.07 E,0.01451531,F,F,F,F,0.37 E,0.10948408,43.2 E,9.106909752,21.01 E,5.966615156,F,F,F,F,0.6 E,0.109467897,0.28 E,0.087901525,F,F,F,F
PEAS AND SNOW PEAS,36K,Female,71+ Years,1448,11.2745106,3.4465307,0.512848544,F,F,F,F,19.98 E,6.051906904,0.053418024,0.008848411,F,F,F,F,0.3 E,0.069236009,30.56922667,3.305697353,17.17 E,3.0319104,79.98980816,10.08029199,87.22868891,10.96122306,0.473794611,0.063901559,0.24 E,0.054083734,1.31 E,0.259150172,1.682636002,0.209967543
PEAS AND SNOW PEAS,36K,Female,19+ Years,7138,9.994388657,3.572342844,0.44784817,F,F,F,.,20.05 E,5.245409889,0.053786987,0.006227395,F,F,F,.,0.32 E,0.077417834,35.74348533,3.788831849,20.06 E,4.033117238,79.98915219,4.417173787,93.94 E,25.37802203,0.538171853,0.050298081,0.32 E,0.060775212,1.242004993,0.092262819,1.680311443,0.258076404
PEPPERS- RED & GREEN ,36L,Both,All ages,19670,23.13392692,7.202553368,0.368364358,F,F,19.18571284,1.401855542,43.8875238,2.745034183,0.113662916,0.005557842,F,F,0.294819071,0.019319305,0.646976133,0.033422888,31.13415804,1.417569067,14.80701139,0.796004508,78.35217895,3.341742944,110.6327798,6.109641344,0.492145241,0.021382513,0.221738677,0.015081571,1.143305264,0.072096285,1.877346382,0.141110034
PEPPERS- RED & GREEN ,36L,Both,1-3 Years,1288,16.60919164,1.930373367,0.320468135,F,F,3.85 E,0.845530898,9.11 E,2.939329627,0.14 E,0.024471346,F,F,F,F,0.73 E,0.221017416,11.62231979,1.626467116,4.18 E,1.35540589,29.73 E,5.146985511,F,F,0.934616298,0.134744375,0.38 E,0.092157673,2.66 E,0.627757631,3.95 E,0.815324709
PEPPERS- RED & GREEN ,36L,Both,4-8 Years,1199,17.19602564,5.218957018,0.750146199,F,F,10.83 E,2.829774241,33.21 E,7.872389494,0.238803097,0.038076126,F,F,F,F,1.51 E,0.291870355,30.3497862,3.867808845,14.21 E,2.488636118,71.16374738,7.011424287,81.68 E,19.7142281,1.388710983,0.205940498,0.68 E,0.143003721,3.122495411,0.434031821,4.26 E,0.935478542
PEPPERS- RED & GREEN ,36L,Both,9-13 Years,1962,15.52234907,4.539546286,0.704620473,F,F,F,F,21.18 E,4.223124483,0.113482297,0.018581889,F,F,0.14 E,0.045171847,0.62 E,0.13403795,29.24522741,3.71015163,12.91 E,2.325773835,93.81 E,20.84045253,110.8244707,14.30597333,0.731089708,0.099242026,0.27 E,0.055632482,1.9 E,0.578787524,2.965458998,0.479854428
PEPPERS- RED & GREEN ,36L,Both,14-18 Years,1890,22.50763519,5.856552228,0.763752447,F,F,16.91 E,5.00513501,36.71961184,2.562612766,0.091648348,0.011627125,F,F,0.27 E,0.053744589,0.543485616,0.079057926,26.02029124,2.797111991,13.77 E,2.423863151,59.25 E,17.96143573,103.9711629,12.17457253,0.407187817,0.04280219,0.21 E,0.035646659,0.9 E,0.253832698,1.490167292,0.188190319
PEPPERS- RED & GREEN ,36L,Both,19-30 Years,1849,29.62713391,8.739147211,0.984524312,F,F,24.48 E,5.155053289,54.97 E,10.78178609,0.124281691,0.013807818,F,F,0.385638678,0.046480552,0.81 E,0.150867962,29.49710639,2.848265049,15.73037573,2.363511631,82.87289898,8.596764341,94.55676774,8.284996154,0.419486042,0.039574774,0.22 E,0.039804721,1.062324554,0.150092419,1.332662225,0.138175705
PEPPERS- RED & GREEN ,36L,Both,31-50 Years,4389,25.90148669,9.743995414,1.02155684,F,F,30.06968298,3.661643818,58.99859252,5.45395562,0.129254068,0.013714205,F,F,0.393292381,0.048242876,0.724450319,0.098948167,37.61944451,3.417881825,18.82231922,2.07657632,82.92593445,11.49485711,122.32 E,32.21404086,0.499021812,0.04584041,0.257073842,0.027770724,1.120942119,0.101562344,1.88 E,0.360797992
PEPPERS- RED & GREEN ,36L,Both,51-70 Years,4465,22.20529747,6.542140594,0.618582981,F,F,16.08 E,3.114924738,41.7983133,4.140291654,0.08727319,0.008056849,F,F,0.22 E,0.03842502,0.535108133,0.065704863,29.46207139,2.149398578,14.79249118,1.377806913,74.49627625,8.110676917,102.4034609,13.13660938,0.393028691,0.02821821,0.177814238,0.015792148,1.005101103,0.070116856,1.31 E,0.265937107
PEPPERS- RED & GREEN ,36L,Both,71+ Years,2628,17.9077772,3.926966375,0.512592084,F,F,6.831050018,1.043993445,21.15 E,4.283968781,0.054797835,0.007523558,F,F,0.094941263,0.013260347,0.28 E,0.05665972,21.92883199,2.444945876,8.232141678,0.863098463,59.26 E,13.47464088,87.33 E,16.45117576,0.306000205,0.036393125,0.110286607,0.014002233,0.857650105,0.127407104,1.23 E,0.218437016
PEPPERS- RED & GREEN ,36L,Both,1-18 Years,6339,18.17535926,4.673286813,0.362822236,F,F,9.313712269,1.383293193,29.74730918,2.309152741,0.146588108,0.013127501,F,F,0.27502959,0.030464665,0.762108306,0.088840803,25.71221149,1.731657562,11.64999483,1.335244563,67.19256151,6.751225914,93.91089424,8.834337143,0.818087278,0.065232429,0.33499396,0.025739637,2.133071068,0.230257496,2.985137906,0.255800995
PEPPERS- RED & GREEN ,36L,Both,19+ Years,13331,24.35179711,7.823764682,0.446977859,F,F,22.10670404,1.740623525,47.19938766,3.368266768,0.105672374,0.00602749,F,F,0.295661254,0.024113946,0.629719528,0.036065386,32.12807928,1.652310909,15.51886241,1.000620829,78.49975786,3.957517213,111.6368035,7.077186106,0.433940762,0.022222049,0.213225171,0.013503068,1.077903758,0.05100738,1.477516502,0.171387365
PEPPERS- RED & GREEN ,36L,Male,9-13 Years,1023,14.87242368,5.05 E,1.176064696,F,F,F,F,F,F,0.13 E,0.032780012,F,F,F,F,F,F,33.97 E,6.105504915,F,F,93.77 E,18.15934065,119,15.67809159,0.87 E,0.174279084,F,F,2.77 E,0.677527609,2.982397412,0.454914717
PEPPERS- RED & GREEN ,36L,Male,14-18 Years,900,22.43060391,6.54 E,1.199291742,F,F,27.12 E,7.081690564,39.60924559,4.139570701,0.1 E,0.01723096,F,F,0.34 E,0.08541214,0.59 E,0.133110816,29.15956574,3.992334159,19.36 E,6.112177775,F,F,104.67 E,17.43867465,0.424898716,0.058421326,0.27 E,0.06721734,F,F,1.383240187,0.206095551
PEPPERS- RED & GREEN ,36L,Male,19-30 Years,857,29.87115954,9.39 E,1.583449537,F,F,33.57 E,8.422369765,63.25 E,16.27762306,0.12 E,0.021056321,F,F,0.42 E,0.102593009,0.8 E,0.202054644,31.41963466,4.928799904,F,F,83.24409216,12.28826823,99.39 E,17.18732011,0.407070823,0.064315401,F,F,1.05 E,0.199137077,1.304175683,0.187434641
PEPPERS- RED & GREEN ,36L,Male,31-50 Years,2005,24.51719685,10.18355358,1.352706038,F,F,33.4 E,6.088321894,58.79284776,8.437077733,0.118777741,0.015592653,F,F,0.39 E,0.085346688,0.671149404,0.110642464,41.53636993,4.73298003,22.98 E,4.015374775,96.04 E,17.16019793,122.53 E,35.48645588,0.484467051,0.053834498,0.26288646,0.042063515,1.085352773,0.094305212,F,F
PEPPERS- RED & GREEN ,36L,Male,51-70 Years,2151,20.90507448,5.686140155,0.805282339,F,F,15.94 E,3.552161816,35.68 E,6.041985999,0.063723996,0.008724786,F,F,0.18 E,0.037499382,0.38 E,0.089769278,27.19980816,2.917404192,15.08917217,2.094239821,72.55 E,12.83775979,91.01895918,9.968700551,0.304825492,0.031022588,0.172810901,0.022612176,0.71 E,0.137793862,0.977305156,0.143910254
PEPPERS- RED & GREEN ,36L,Male,71+ Years,1180,19.09885749,4.98 E,0.976089739,F,F,F,F,28.48 E,7.3296307,0.06 E,0.01377928,F,F,0.11 E,0.030842581,0.33 E,0.094127494,26.07033835,4.207074606,9.58 E,2.493613643,83.19 E,17.40612327,108.53 E,22.56729539,0.33 E,0.060813494,0.11 E,0.029069474,1 E,0.210777164,1.29 E,0.403993403
PEPPERS- RED & GREEN ,36L,Male,19+ Years,6193,23.69831418,7.989558593,0.632204096,F,F,23.02936287,3.361372985,47.20675101,5.345629472,0.095053027,0.00737467,F,F,0.267911523,0.034540685,0.614819682,0.052537644,33.7136158,2.353469561,16.03732694,1.90661795,82.01064725,6.051611442,111.737415,10.35619176,0.401096156,0.027061923,0.201782987,0.019575598,0.993495679,0.067649837,1.27366083,0.109394588
PEPPERS- RED & GREEN ,36L,Female,9-13 Years,939,16.2063642,4 E,0.875172137,F,F,F,F,18.6 E,3.141254651,0.1 E,0.019976151,F,F,F,F,0.44 E,0.119899611,24.68 E,4.520633848,11.14 E,2.72993436,51.85 E,13.25885075,88.76 E,29.40040354,0.59 E,0.101604551,0.26 E,0.050790608,1.516811834,0.250562533,F,F
PEPPERS- RED & GREEN ,36L,Female,14-18 Years,990,22.58908333,5.133211725,0.768273405,F,F,12.62 E,2.991498172,29.77883937,3.161394841,0.087779548,0.013096517,F,F,0.21 E,0.049624434,0.485980847,0.077503205,22.72430293,3.382058943,10.25 E,2.309768422,F,F,98.07 E,20.89976878,0.388592783,0.057584958,0.17 E,0.039253907,0.93 E,0.286071769,1.77 E,0.414034215
PEPPERS- RED & GREEN ,36L,Female,19-30 Years,992,29.35692287,8.023537456,1.082782999,F,F,24.33850493,2.874218522,54.03 E,11.32709646,0.127254715,0.017218612,F,F,0.384510774,0.045135856,0.82 E,0.168726022,27.33098932,2.969021758,17.98 E,3.033540736,73.08796472,11.41317736,86.93100152,8.400687539,0.433474297,0.047239535,0.26 E,0.047448224,1.09032419,0.147262061,1.31 E,0.286124712
PEPPERS- RED & GREEN ,36L,Female,31-50 Years,2384,27.2262006,9.323354592,1.420399463,F,F,28.7634052,4.741131208,57.69441421,8.016490768,0.139279524,0.021208316,F,F,0.394216166,0.047612593,0.78 E,0.140708342,34.2440531,4.644334756,16.04864626,2.377983837,82.5071846,12.81553057,F,F,0.511564306,0.068952238,0.248954901,0.037456494,1.33 E,0.24000619,1.89 E,0.601981302
PEPPERS- RED & GREEN ,36L,Female,51-70 Years,2314,23.4759029,7.378642342,0.927862972,F,F,19.99 E,3.912001841,45.81511083,4.974262011,0.110285961,0.013398397,F,F,0.3 E,0.060366847,0.74 E,0.12776597,31.43070737,3.245060493,14.49758174,2.025986586,77.38 E,13.13906282,114.89 E,25.04255229,0.469783681,0.045691454,0.18 E,0.041029361,1.134651848,0.171550254,1.91 E,0.334851478
PEPPERS- RED & GREEN ,36L,Female,71+ Years,1448,16.96423131,3.093461652,0.483746057,F,F,4.68 E,1.241351932,17.54 E,3.703580846,0.048197996,0.007929518,F,F,0.07 E,0.01893442,0.25 E,0.065619192,18.23520085,2.61337402,6.51 E,1.28483472,49.67470822,8.019274176,76.56 E,14.2492205,0.284115416,0.043100834,0.11 E,0.019855167,0.79 E,0.141866385,1.14 E,0.24245339
PEPPERS- RED & GREEN ,36L,Female,19+ Years,7138,24.98269528,7.663700707,0.631921986,F,F,21.57066477,1.788508357,46.97846286,4.358676972,0.11592471,0.009428097,F,F,0.336520797,0.034867507,0.688163012,0.082799303,30.67603643,2.255865909,14.6273933,1.21368321,74.91263002,6.891312474,110.4920879,12.90319019,0.464020028,0.033349922,0.221717959,0.020603586,1.13953566,0.099794091,1.880810148,0.219299905
SQUASHES ,36M,Both,All ages,19670,6.41886917,3.726373865,0.444728886,F,F,F,.,6.76 E,1.1583794,0.062002911,0.007420029,F,F,F,.,0.10782864,0.017085994,58.05343225,6.427876642,19.34 E,3.680191862,152.8735014,14.10658839,204.9592488,33.47944416,0.968149461,0.109003529,0.33 E,0.058396477,2.43443481,0.161037971,3.38 E,0.626827348
SQUASHES ,36M,Both,1-3 Years,1288,7.16761555,1.83 E,0.407400757,F,F,F,.,F,F,0.14 E,0.033619322,F,F,F,.,F,F,25.5 E,4.661175169,8.61 E,2.301529388,56.97 E,16.99274345,114.49 E,30.20771226,2.08 E,0.466567695,0.73 E,0.15361596,F,F,F,F
SQUASHES ,36M,Both,4-8 Years,1199,4.714228133,2.06 E,0.652292405,F,F,F,.,F,.,0.09 E,0.029349078,F,F,F,.,F,.,43.73 E,10.63854913,F,F,136.42 E,33.92065613,151.64 E,27.23841624,1.91 E,0.500766068,F,F,6.4 E,1.88829497,7.27 E,1.439070078
SQUASHES ,36M,Both,9-13 Years,1962,3.955847393,F,F,F,F,F,.,F,.,0.04 E,0.011046369,F,F,F,.,F,.,41.86 E,12.26823922,F,F,F,F,176.81 E,58.31859083,0.93 E,0.241143771,F,F,3.02 E,0.930820907,F,F
SQUASHES ,36M,Both,14-18 Years,1890,3.505242483,1.22 E,0.285268295,F,F,F,.,F,.,0.02 E,0.005117314,F,F,F,.,F,.,34.69 E,6.485277005,F,F,75.29 E,14.59690343,100.56 E,28.38746724,0.6 E,0.117229078,F,F,1.34 E,0.334998125,2.13 E,0.546073124
SQUASHES ,36M,Both,19-30 Years,1849,5.598389829,2.32 E,0.543761864,F,F,F,.,F,F,0.03 E,0.007754805,F,F,F,.,F,F,41.42 E,10.58450374,F,F,101.6454044,14.00081907,115.13 E,33.79242496,0.59 E,0.149218874,F,F,1.454393851,0.232133342,1.71 E,0.470558507
SQUASHES ,36M,Both,31-50 Years,4389,6.779756583,5.07 E,1.202981258,F,F,F,.,F,F,0.07 E,0.019964819,F,F,F,.,F,F,74.75 E,16.94269832,25.88 E,6.206995615,179.02 E,39.1615779,F,F,1.1 E,0.285135348,0.36 E,0.096463708,2.65 E,0.671552979,F,F
SQUASHES ,36M,Both,51-70 Years,4465,8.066692548,4.65 E,0.801122511,F,F,F,.,F,F,0.07 E,0.011895687,F,F,F,.,F,F,57.62044365,8.662447498,29.58 E,9.602285231,150.3534775,24.43226796,223.38 E,47.35986317,0.838204849,0.127447905,F,F,2.1599437,0.288941577,3.04 E,0.847866842
SQUASHES ,36M,Both,71+ Years,2628,5.676311569,3.09 E,0.718798414,F,F,F,.,F,F,0.04 E,0.009531665,F,F,F,.,F,F,54.46 E,11.84043948,F,F,153.31 E,41.204731,F,F,0.76 E,0.159181544,F,F,1.98 E,0.591261652,3.2 E,0.756164084
SQUASHES ,36M,Both,1-18 Years,6339,4.573286323,1.671958533,0.270670613,F,F,F,.,F,.,0.06 E,0.011048727,F,F,F,.,F,.,36.55923584,4.680653082,10.36 E,1.911268159,102.19 E,24.00912878,154.1679255,19.88079068,1.416080596,0.202420576,0.39 E,0.123594347,3.54 E,1.048161084,6.76 E,1.306554787
SQUASHES ,36M,Both,19+ Years,13331,6.872161428,4.230957317,0.548305147,F,F,F,.,8.47 E,1.454394086,0.061666705,0.008761172,F,F,F,.,0.117419589,0.018188815,61.56661716,7.416947352,20.76 E,4.859589538,155.3756233,16.06524818,240.6077601,32.93937802,0.897340754,0.119784991,0.32 E,0.070610644,2.420265575,0.208866732,3.134256324,0.512439108
SQUASHES ,36M,Male,9-13 Years,1023,3.295502294,F,F,F,F,F,.,F,.,F,F,F,F,F,.,F,.,F,F,F,F,F,F,F,F,F,F,F,F,F,F,F,F
SQUASHES ,36M,Male,14-18 Years,900,F,F,F,F,F,F,.,F,.,F,F,F,F,F,.,F,.,F,F,F,.,F,.,F,.,F,F,F,.,F,.,F,.
SQUASHES ,36M,Male,19-30 Years,857,5.606076545,1.67 E,0.505193085,F,F,F,.,F,F,0.02 E,0.006510821,F,F,F,.,F,F,F,F,F,F,F,F,F,F,F,F,F,F,F,F,F,F
SQUASHES ,36M,Male,31-50 Years,2005,7.920846487,3.72 E,0.979328774,F,F,F,.,F,F,0.05 E,0.01327963,F,F,F,.,F,F,46.92 E,11.72906019,F,F,149.83 E,44.8725829,159.86 E,43.78004732,0.6 E,0.156748351,F,F,F,F,2.41 E,0.454687734
SQUASHES ,36M,Male,51-70 Years,2151,6.271646778,3.12 E,0.713958737,F,F,F,.,F,F,0.04 E,0.008862036,F,F,F,.,F,F,49.71 E,9.350858801,F,F,F,F,195.5 E,49.71938802,0.63 E,0.116343181,F,F,1.68 E,0.479340553,2.42 E,0.526621672
SQUASHES ,36M,Male,71+ Years,1180,6.41554384,F,F,F,F,F,.,F,F,F,F,F,F,F,.,F,F,67.21 E,21.29350207,F,F,F,F,F,F,0.86 E,0.269757393,F,F,F,F,F,F
SQUASHES ,36M,Male,19+ Years,6193,6.796587558,3.214695716,0.486288883,F,F,F,.,8.4 E,2.058307635,0.04106567,0.00637497,F,F,F,.,0.1 E,0.025063293,47.29867287,6.648418071,F,F,128.38 E,27.96530669,193.26 E,39.73159399,0.604210119,0.086446153,F,F,1.69 E,0.493340389,2.431612976,0.232998624
SQUASHES ,36M,Female,9-13 Years,939,4.650828748,F,F,F,F,F,.,F,.,F,F,F,F,F,.,F,.,F,F,F,F,F,F,F,F,1.18 E,0.383116271,F,F,F,F,F,F
SQUASHES ,36M,Female,14-18 Years,990,3.709735432,1.24 E,0.390351862,F,F,F,.,F,.,F,F,F,F,F,.,F,.,33.39 E,7.84738284,F,F,90.3 E,23.21863485,101.61 E,21.15282557,0.61 E,0.160696651,F,F,1.57 E,0.474089337,2.17 E,0.616683834
SQUASHES ,36M,Female,19-30 Years,992,5.589878283,3.04 E,1.001954702,F,F,F,.,F,F,0.05 E,0.014654101,F,F,F,.,F,F,54.37 E,12.77033404,F,F,109.0367342,10.09179379,116.05 E,29.16939441,0.81 E,0.186991489,F,F,1.666018077,0.196511278,1.74 E,0.477409051
SQUASHES ,36M,Female,31-50 Years,2384,5.687775967,F,F,F,F,F,.,F,F,F,F,F,F,F,.,F,F,111.84 E,32.7431034,F,F,F,F,F,F,1.78 E,0.562842694,0.58 E,0.187604049,F,F,F,F
SQUASHES ,36M,Female,51-70 Years,2314,9.820849268,6.14 E,1.297945923,F,F,F,.,F,F,0.09 E,0.020014353,F,F,F,.,F,F,62.56 E,11.74279143,31.22 E,9.522576008,153.1 E,26.20561239,F,F,0.97 E,0.176182217,0.61 E,0.167351218,2.24 E,0.521239502,3.89 E,1.228333465
SQUASHES ,36M,Female,71+ Years,1448,5.090709092,2.12 E,0.507375235,F,F,F,.,F,F,0.03 E,0.008464214,F,F,F,.,F,F,41.74 E,9.803806342,F,F,107.62 E,32.07276663,164.18 E,32.15020195,0.67 E,0.166473729,0.3 E,0.098300056,1.88 E,0.609880397,2.75 E,0.572171357
SQUASHES ,36M,Female,19+ Years,7138,6.94512342,5.21 E,0.972445517,F,F,F,.,F,F,0.08 E,0.016020598,F,F,F,.,F,F,75.04684942,12.222219,28.73 E,5.930353555,177.1624367,17.70984442,F,F,1.17 E,0.203211457,0.44 E,0.100250404,2.719601038,0.346469356,4.47 E,1.48223645
TOMATOES,36N,Both,All ages,19670,49.68496401,42.79717135,1.07140378,F,F,131.1783273,3.692066025,187.4149046,4.135879438,0.713405707,0.01851755,F,F,2.119604391,0.059465379,3.130959078,0.121776441,86.13706822,1.980104956,60,1.339524561,187.6441868,4.085977542,254.006361,11.30619981,1.43636992,0.034285367,0.874040526,0.028440038,3.131269696,0.128696566,4.439540764,0.162246779
TOMATOES,36N,Both,1-3 Years,1288,40.66854263,26.09889531,2.927386971,F,F,92.91204718,10.41848384,129.3613542,17.81388219,1.761746769,0.205887796,F,F,5.605171951,0.893498799,9.858786658,1.436353175,64.17465102,5.56678663,46.84208211,5.687098104,141.2470271,21.39314585,205.31 E,38.76145525,4.472007231,0.389421239,2.862567755,0.315250522,11.39111435,1.410764411,15.84801887,2.420910211
TOMATOES,36N,Both,4-8 Years,1199,48.43210281,35.71377616,2.6666412,F,F,116.5824021,7.709997075,164.8355421,16.07252496,1.630140595,0.130585108,F,F,5.276411725,0.545886541,8.006102699,1.009069792,73.73988345,4.406313841,56.62442086,5.119700428,166.8220042,15.80836031,216.1369158,17.58908611,3.365826591,0.227584889,2.179770458,0.178394966,8.294189307,1.022017417,10.50312002,0.870363296
TOMATOES,36N,Both,9-13 Years,1962,49.93657375,36.70034613,2.269278624,F,F,118.9774648,6.852832131,151.037367,8.438531819,0.924252013,0.060336394,F,F,2.907731675,0.161636157,3.983400298,0.260830219,73.49392114,3.346775033,53.93675097,4.402008801,151.048262,8.208373761,189.099162,10.41207696,1.850851877,0.094252221,1.286312937,0.095218384,3.987783047,0.25393688,5.05596332,0.330946985
TOMATOES,36N,Both,14-18 Years,1890,49.192492,42.39742677,2.89505522,F,F,124.0410325,6.954829476,188.6239847,14.51621459,0.659101,0.044768736,F,F,2.000981968,0.129224381,2.93421579,0.248571817,86.18678388,5.085897999,61.98734283,4.609256607,189.1760484,13.85303141,266.8875119,38.56065349,1.339840641,0.07950555,0.875112762,0.077702922,2.966239478,0.254331195,3.82 E,0.754717769
TOMATOES,36N,Both,19-30 Years,1849,52.98052842,45.78334984,3.077035795,F,F,147.9935895,12.06883267,184.844903,7.65055662,0.666242159,0.047368393,F,F,2.205213468,0.155544822,2.743734931,0.152064174,86.41542695,4.679437678,61.18065225,5.806186485,180.7400348,6.555589959,217.170558,20.61253952,1.257522677,0.07227443,0.872865641,0.067508495,2.739931332,0.167370816,3.418948643,0.47638957
TOMATOES,36N,Both,31-50 Years,4389,51.91951232,49.4004051,2.314071968,F,F,148.7363817,8.440016186,219.6775202,13.01315632,0.65757958,0.032060239,F,F,1.944593696,0.098183755,3.000412731,0.286594105,95.14805299,3.956212552,61.89673187,4.043585879,214.2036215,12.08973731,284.7474413,14.05864847,1.266536511,0.055574194,0.834820639,0.051682748,2.886692364,0.264826664,4.026302136,0.209890884
TOMATOES,36N,Both,51-70 Years,4465,48.45710884,40.88036587,2.167327426,F,F,123.2279944,4.708981781,179.1980941,10.92510085,0.538911772,0.027204245,F,F,1.677761185,0.102720719,2.460252787,0.178645518,84.3640218,3.841234118,54.34164506,3.501225692,180.0074355,11.26366041,245.8223161,19.77155117,1.11214182,0.047429411,0.711527367,0.03078934,2.485915207,0.181246425,3.359270145,0.201046212
TOMATOES,36N,Both,71+ Years,2628,45.24672879,36.10380851,1.815518089,F,F,123,5.542642043,177.1087484,10.72084036,0.496081928,0.024718653,F,F,1.652034852,0.09906227,2.372976324,0.124865382,79.79319054,3.185707519,57.65432276,3.75866137,181.493987,7.025902472,235.7049581,19.11063086,1.096392912,0.042455226,0.76295543,0.04876187,2.480759007,0.112026592,3.129765912,0.248303849
TOMATOES,36N,Both,1-18 Years,6339,47.75983004,36.2943303,1.345858519,F,F,116.716791,3.179911731,157.8715138,8.492334434,1.178161235,0.052047773,F,F,3.455210446,0.208527907,5.659768339,0.342738218,75.99342433,2.335982854,55.15437555,2.884059288,163.5471589,8.526869869,215.5380328,12.59341729,2.472736633,0.093790526,1.440870524,0.072852572,5.936182371,0.341091559,8.726169711,0.616150723
TOMATOES,36N,Both,19+ Years,13331,50.15779476,44.39432939,1.239321156,F,F,135.8651074,4.255550487,188.9199928,6.70500801,0.60061521,0.016997344,F,F,1.87574755,0.063601613,2.660293436,0.083850916,88.50933261,2.30895502,60,1.273448824,188.1305883,6.971739262,264.3666017,10.81894853,1.197451389,0.030985146,0.797944409,0.02874261,2.659509015,0.082268004,3.63751653,0.11174615
TOMATOES,36N,Male,9-13 Years,1023,47.43864053,36.4390893,2.853018359,F,F,123.0207728,9.714775254,151.1225162,10.79170249,0.916344789,0.078193977,F,F,3.00686691,0.25696715,4.18679841,0.441748672,76.8130977,4.4364516,55.23173936,6.114884303,152.0380714,12.6322985,202.0132399,18.37037456,1.931642178,0.13271987,1.217800099,0.121336649,4.332437059,0.45354927,5.537169368,0.573281115
TOMATOES,36N,Male,14-18 Years,900,48.92731093,46.7550914,5.069367059,F,F,123.4116774,14.34982244,192.77 E,40.47136097,0.679104059,0.075776588,F,F,1.852408738,0.165291408,2.85 E,0.605963377,95.56031288,8.911330126,64.81719533,5.207508406,193.56 E,40.58367013,360.01 E,64.95086227,1.387985659,0.134107393,0.905997537,0.106502384,2.94 E,0.602883314,5.41 E,1.186782549
TOMATOES,36N,Male,19-30 Years,857,54.49435328,48.19792252,4.801214075,F,F,152.0559827,15.90555812,187.5171937,14.45333845,0.64309067,0.068930599,F,F,2.019634974,0.225528183,2.646672802,0.329694305,88.44571891,7.378053316,63.82912027,10.53371852,187.328848,14.46384918,205.44 E,48.02369309,1.180105151,0.108615371,0.81155408,0.095216935,2.56170704,0.295052696,2.75 E,0.888867852
TOMATOES,36N,Male,31-50 Years,2005,51.83897969,54.31069867,3.728190325,F,F,156.8225841,10.63197641,223.8291968,27.36471286,0.643555743,0.045673062,F,F,1.896078547,0.14167578,2.580392681,0.323423736,104.7680703,6.260229838,71.87535387,6.93640887,219.9284604,25.38500776,323.4056301,27.35505007,1.241451408,0.076905317,0.826742087,0.078914989,2.577297763,0.274591357,3.665420818,0.268996162
TOMATOES,36N,Male,51-70 Years,2151,48.86215189,43.76888361,3.614234611,F,F,130.3815141,10.6381154,208.9265402,26.69086846,0.509600784,0.040055057,F,F,1.579729548,0.135402112,2.370627505,0.240902148,89.57625056,6.806720501,51.35004241,4.950176117,211.86925,26.42841415,283.0540175,33.87670041,1.042935614,0.07546566,0.607181769,0.054905879,2.451575359,0.233751341,3.09 E,0.709772634
TOMATOES,36N,Male,71+ Years,1180,48.03023548,45.79028486,3.469368094,F,F,145.4494034,11.49820243,189.5317611,24.20198148,0.56963323,0.043267945,F,F,1.791359091,0.110064156,2.507835274,0.246972869,95.33637386,5.684748263,73.54433121,7.771534728,191.4067913,27.13830601,286.0016156,28.52579537,1.185988834,0.070675124,0.847979241,0.0719302,2.532826914,0.266292997,3.701183129,0.410020887
TOMATOES,36N,Male,19+ Years,6193,50.91941711,48.8033629,2.095259001,F,F,150.0876776,6.754342599,201.5474065,14.08541127,0.591155584,0.025643903,F,F,1.790053595,0.080494666,2.565703648,0.132445552,95.84430787,3.771695843,61.78827281,3.513782596,198.8378036,13.94779006,289.408571,21.76798086,1.160962983,0.045957565,0.740966825,0.046199398,2.53394202,0.134864403,3.539149662,0.212456756
TOMATOES,36N,Female,9-13 Years,939,52.56552793,36.97530633,3.185702789,F,F,112.5476888,9.162997518,149.6431669,12.17236675,0.932573984,0.08332728,F,F,2.899650402,0.208834207,3.826563646,0.275760373,70.34135829,4.659488785,53.32440797,5.432594331,148.7189362,11.17378032,181.6651413,10.11383385,1.774117031,0.124479636,1.287796534,0.15421491,3.824424405,0.255804166,4.553269744,0.332609594
TOMATOES,36N,Female,14-18 Years,990,49.47287814,37.78990056,3.117568429,F,F,124.0998156,9.799640621,175.1634823,20.43272196,0.637950998,0.055152879,F,F,2.117695067,0.178022882,2.940308961,0.293827596,76.38508609,5.207164765,49.38 E,9.305573848,175.6612205,19.77770034,201.4278216,20.95348385,1.289496431,0.092379615,0.852542999,0.108880213,2.958819989,0.29417708,3.54394778,0.253691714
TOMATOES,36N,Female,19-30 Years,992,51.30426112,43.10967908,4.036326123,F,F,140.5265542,16.65977724,177.4177904,11.57390576,0.691877942,0.068400302,F,F,2.322950249,0.180087321,2.756659358,0.251707229,84.02748258,5.499171561,60.91988282,6.090515705,177.2209128,9.819854832,232.3150207,23.15764441,1.348577928,0.094052641,0.959314855,0.091854199,2.754678706,0.220740581,3.849100872,0.437790132
TOMATOES,36N,Female,31-50 Years,2384,51.99657906,44.70143671,2.920532877,F,F,136.8969372,9.667240599,210.5675493,17.22232228,0.67099987,0.046320916,F,F,1.977149649,0.177599813,3.303346563,0.39446866,85.96995708,4.733851706,56.37477349,4.99403995,210.1652079,17.38438741,267.1944073,18.72995901,1.290469262,0.076105145,0.847858528,0.059708686,3.131188915,0.369417139,4.122079959,0.238076055
TOMATOES,36N,Female,51-70 Years,2314,48.0612922,38.05764519,2.224435722,F,F,123,3.42061241,162.8064427,7.638958234,0.567555091,0.034726926,F,F,1.789650987,0.127791422,2.463760022,0.244916705,79.18564702,3.586446109,57.9340818,3.303949685,162.8914482,7.87811297,215.000469,11.83314524,1.180898525,0.056540868,0.83187629,0.062507036,2.504437729,0.253874333,3.359392818,0.202266508
TOMATOES,36N,Female,71+ Years,1448,43.04170003,28.430409,1.943034771,F,F,97.08942037,10.58780674,134.0785522,8.919392783,0.43781631,0.030712561,F,F,1.409668503,0.147617327,2.200877351,0.117091148,66.05317397,3.560243438,43.31893316,3.91571666,142.2403038,14.02551017,187.3861223,15.1111816,1.017191025,0.056560424,0.669013882,0.047908709,2.275079835,0.133942987,2.966123608,0.231000817
TOMATOES,36N,Female,19+ Years,7138,49.42249453,40.13767469,1.493347553,F,F,127.3948245,4.376705449,179.7239522,7.849145763,0.609747906,0.024475262,F,F,1.94949788,0.088291442,2.758318982,0.135754536,81.21337273,2.541836532,57.26020859,2.480070006,180.145777,7.911604405,233.2047438,11.61004379,1.233745711,0.041225331,0.843771981,0.035823737,2.759698978,0.135029191,3.671599291,0.199859379
JUICES- TOMATO & VEGETABLE,36O,Both,All ages,19670,2.440582115,6.149915662,0.660395911,F,F,F,.,F,.,0.096365279,0.010204374,F,F,F,.,F,.,251.9856072,12.55376112,211.2346793,12.06651543,412.675624,23.33356852,500.4335758,66.60799337,3.939193948,0.211297647,3.091372589,0.232492952,6.581128236,0.899148814,9.806057346,0.853820685
JUICES- TOMATO & VEGETABLE,36O,Both,1-3 Years,1288,F,F,F,F,F,F,.,F,.,F,F,F,F,F,.,F,.,F,F,F,.,F,.,F,.,F,F,F,.,F,.,F,.
JUICES- TOMATO & VEGETABLE,36O,Both,4-8 Years,1199,F,3.27 E,1.05094012,F,F,F,.,F,.,0.14 E,0.047192179,F,F,F,.,F,.,F,F,F,.,F,.,F,.,F,F,F,.,F,.,F,.
JUICES- TOMATO & VEGETABLE,36O,Both,9-13 Years,1962,F,4.04 E,1.124687139,F,F,F,.,F,.,0.08 E,0.022021703,F,F,F,.,F,.,F,F,F,.,F,.,F,.,F,F,F,.,F,.,F,.
JUICES- TOMATO & VEGETABLE,36O,Both,14-18 Years,1890,F,F,F,F,F,F,.,F,.,F,F,F,F,F,.,F,.,F,F,F,.,F,.,F,.,F,F,F,.,F,.,F,.
JUICES- TOMATO & VEGETABLE,36O,Both,19-30 Years,1849,F,F,F,F,F,F,.,F,.,F,F,F,F,F,.,F,.,F,F,F,.,F,.,F,.,F,F,F,.,F,.,F,.
JUICES- TOMATO & VEGETABLE,36O,Both,31-50 Years,4389,2.395516381,6.34 E,1.297087752,F,F,F,.,F,.,0.08 E,0.017504694,F,F,F,.,F,.,264.5363475,23.48918727,210.5862301,28.1884883,416.1885442,56.23225457,524.5451517,68.32895187,3.510477822,0.341414797,2.797389277,0.291935514,5.949022954,0.925473431,7.919067774,1.012713288
JUICES- TOMATO & VEGETABLE,36O,Both,51-70 Years,4465,2.626760374,6.76 E,1.375781384,F,F,F,.,F,.,0.09 E,0.019426616,F,F,F,.,F,.,257.2922209,29.68391969,243.8552426,29.90111344,429.89 E,93.62143832,528.96 E,139.0734555,3.500728148,0.44138943,2.916048591,0.479688861,5.95 E,1.277629613,8.15 E,1.710679849
JUICES- TOMATO & VEGETABLE,36O,Both,71+ Years,2628,4.243476377,9.015791064,1.29394562,F,F,F,.,F,.,0.125557277,0.018172098,F,F,F,.,F,.,212.4623837,11.101703,207.4187103,8.23237911,287.83024,17.51108665,336.1255426,42.36824827,2.958830583,0.177269207,2.891759655,0.239823248,4.752662249,0.370238808,4.945982853,0.491515533
JUICES- TOMATO & VEGETABLE,36O,Both,1-18 Years,6339,1.679359046,3.45 E,0.607630852,F,F,F,.,F,.,0.11 E,0.01934676,F,F,F,.,F,.,205.5449359,27.68231015,167.14 E,32.99903345,376.3408378,59.70541614,523.6 E,148.0304852,6.338041971,0.845935397,4.38 E,1.186988412,14.02306096,1.954055797,18.29735335,2.831124856
JUICES- TOMATO & VEGETABLE,36O,Both,19+ Years,13331,2.627545558,6.812588679,0.80037266,F,F,F,.,F,.,0.09360968,0.011318263,F,F,F,.,F,.,259.2757586,13.78292962,212.118581,16.53896338,413.1886952,26.003456,492.4277889,74.24853383,3.562628219,0.208196536,3.068572962,0.230399185,5.952154413,0.513064268,6.922979505,1.091976585
JUICES- TOMATO & VEGETABLE,36O,Male,9-13 Years,1023,F,4.54 E,1.465527585,F,F,F,.,F,.,0.09 E,0.029562493,F,F,F,.,F,.,F,F,F,.,F,.,F,.,F,F,F,.,F,.,F,.
JUICES- TOMATO & VEGETABLE,36O,Male,14-18 Years,900,F,F,F,F,F,F,.,F,.,F,F,F,F,F,.,F,.,F,F,F,.,F,.,F,.,F,F,F,.,F,.,F,.
JUICES- TOMATO & VEGETABLE,36O,Male,19-30 Years,857,F,F,F,F,F,F,.,F,.,F,F,F,F,F,.,F,.,F,F,F,.,F,.,F,.,F,F,F,.,F,.,F,.
JUICES- TOMATO & VEGETABLE,36O,Male,31-50 Years,2005,2.871357707,7.27 E,2.046202104,F,F,F,.,F,.,0.09 E,0.025896175,F,F,F,.,F,.,253.3421158,33.34135316,209.5100089,27.03434115,412.62 E,73.67145609,438.97 E,77.92745139,3.065290845,0.417533594,2.61600733,0.325566639,5.71 E,1.245144301,6.016893335,1.002010195
JUICES- TOMATO & VEGETABLE,36O,Male,51-70 Years,2151,3.164754273,9.09 E,2.601668585,F,F,F,.,F,.,0.12 E,0.036192977,F,F,F,.,F,.,287.3337826,47.58475057,257.73 E,60.56416787,445.64 E,135.7825022,736.2 E,188.3308348,3.75 E,0.710416468,3.2 E,0.769301657,6.57 E,1.855396304,9.73 E,2.160149032
JUICES- TOMATO & VEGETABLE,36O,Male,71+ Years,1180,4.958768255,10.24 E,2.084496308,F,F,F,.,F,.,0.13 E,0.026391823,F,F,F,.,F,.,206.5899228,17.77586388,205.6975961,12.61819511,291.6263887,40.75857034,322.17 E,79.58701934,2.560588493,0.232111119,2.464368378,0.307116182,3.973106255,0.528419471,4.655346467,0.583085114
JUICES- TOMATO & VEGETABLE,36O,Male,19+ Years,6193,3.239524075,8.75 E,1.473752388,F,F,F,.,F,.,0.11 E,0.020469768,F,F,F,.,F,.,270.1596436,20.78129266,212.0161575,26.14474764,416.2778595,45.10580229,507.36 E,100.987775,3.521965394,0.30279298,3.05557509,0.280560358,6.34930591,0.700196309,6.58 E,1.417459069
JUICES- TOMATO & VEGETABLE,36O,Female,9-13 Years,939,F,F,F,F,F,F,.,F,.,F,F,F,F,F,.,F,.,F,F,F,.,F,.,F,.,F,F,F,.,F,.,F,.
JUICES- TOMATO & VEGETABLE,36O,Female,14-18 Years,990,F,F,F,F,F,F,.,F,.,F,F,F,F,F,.,F,.,F,F,F,.,F,.,F,.,F,F,F,.,F,.,F,.
JUICES- TOMATO & VEGETABLE,36O,Female,19-30 Years,992,F,F,F,F,F,F,.,F,.,F,F,F,F,F,.,F,.,F,F,F,.,F,.,F,.,F,F,F,.,F,.,F,.
JUICES- TOMATO & VEGETABLE,36O,Female,31-50 Years,2384,1.940153924,5.44 E,1.497843531,F,F,F,.,F,.,0.08 E,0.022032084,F,F,F,.,F,.,280.3904065,32.78579659,244.19 E,43.87831175,437.1714706,71.37858626,533.8285451,73.42796691,4.140982959,0.567238594,3.34 E,0.836494039,7.92711935,1.281076673,8.499426602,0.884407377
JUICES- TOMATO & VEGETABLE,36O,Female,51-70 Years,2314,2.101021349,4.48 E,1.042993392,F,F,F,.,F,.,0.07 E,0.015518118,F,F,F,.,F,.,213.0715935,18.89858461,208.7905995,25.54600887,335.3191161,27.98206975,356.5078942,23.07324771,3.130150652,0.298260514,2.83 E,0.531323578,4.935495202,0.369306046,5.567269988,0.48464311
JUICES- TOMATO & VEGETABLE,36O,Female,71+ Years,1448,3.676838918,8.04 E,1.717490398,F,F,F,.,F,.,0.12 E,0.026231577,F,F,F,.,F,.,218.7363378,13.87507506,210.2293367,21.50353328,285.3619471,22.89713876,328.0043975,28.81397595,3.384300005,0.243985902,3.423974957,0.41740604,4.895996116,0.421791,5.593207817,0.623839502
JUICES- TOMATO & VEGETABLE,36O,Female,19+ Years,7138,2.036717381,4.94031395,0.716412827,F,F,F,.,F,.,0.073832424,0.01074596,F,F,F,.,F,.,242.5625664,14.42158092,212.812539,23.45487865,361.052717,36.83223332,434.2841716,66.96061926,3.625069673,0.249429397,3.362582665,0.375974865,5.618844741,0.899123871,7.90541628,1.057279048
OTHER VEG (CUCUMBER- IMMATURE - BRUSSEL SPROUTS- BEETS- TURNIPS) ,36P,Both,All ages,19670,46.27694203,22.64279627,0.791545745,F,F,69.99403198,2.815444262,127.3776248,5.451502265,0.379306291,0.013325784,F,F,1.146504869,0.042230353,2.005487577,0.089240179,48.92889477,1.538230126,20.33804559,1.117745567,131.9994217,4.833295433,200.9314986,8.407699407,0.818532559,0.026608606,0.29891551,0.016988968,2.165659021,0.088641587,3.166892897,0.126967644
OTHER VEG (CUCUMBER- IMMATURE - BRUSSEL SPROUTS- BEETS- TURNIPS) ,36P,Both,1-3 Years,1288,35.60202067,11.64367544,1.498434896,F,F,34.99008448,4.761977486,64.95436667,5.017370052,0.899047388,0.111156606,F,F,2.916980299,0.411174277,4.87790539,0.456788223,32.70509712,3.779374837,13.97 E,3.590119635,69.53174032,11.04263722,134.05 E,27.08301127,2.440522025,0.275100421,1.15 E,0.21913958,5.692557704,0.60473986,F,F
OTHER VEG (CUCUMBER- IMMATURE - BRUSSEL SPROUTS- BEETS- TURNIPS) ,36P,Both,4-8 Years,1199,42.96544378,21.28006164,2.364934502,F,F,69.59064997,5.601844102,129.99 E,24.2638765,0.979344742,0.113091471,F,F,2.969742869,0.347076108,5.08 E,0.937788597,49.52831804,5.125555824,24.18451532,3.663582416,131.9163582,20.02473553,179.3518246,29.16366693,2.279377695,0.24649534,1.050417163,0.16655013,5.98 E,1.107518689,8.98 E,1.610809244
OTHER VEG (CUCUMBER- IMMATURE - BRUSSEL SPROUTS- BEETS- TURNIPS) ,36P,Both,9-13 Years,1962,35.35459738,16.36541587,1.290174344,F,F,49,7.011677228,95.65235631,7.913392759,0.399672849,0.031333354,F,F,1.263953098,0.1065678,2.312637232,0.287056389,46.28935719,3.246465221,26.35997084,3.77845182,122.7106709,13.69674266,157.9493291,22.9594841,1.130469242,0.079183869,0.609461077,0.084560348,2.858467481,0.239795112,4.442429595,0.466859626
OTHER VEG (CUCUMBER- IMMATURE - BRUSSEL SPROUTS- BEETS- TURNIPS) ,36P,Both,14-18 Years,1890,37.79212277,15.72251918,1.388722838,F,F,53.06935796,5.506311125,91.47153423,12.05002199,0.247200651,0.021717802,F,F,0.825830913,0.08547916,1.428819824,0.115661666,41.60263577,3.457239667,17.2 E,3.018075946,111.7178635,10.96065354,157.39 E,26.7227363,0.654106286,0.054797729,0.275224871,0.041405463,1.655606963,0.182471391,2.82463248,0.446585383
OTHER VEG (CUCUMBER- IMMATURE - BRUSSEL SPROUTS- BEETS- TURNIPS) ,36P,Both,19-30 Years,1849,45.55454373,19.39813295,1.760450517,F,F,61.15675792,8.872607398,108.8609357,11.32057149,0.282529212,0.026632201,F,F,0.83 E,0.168627312,1.768454466,0.170074073,42.58221325,3.316560057,18.59 E,3.369588562,113.2580158,10.98860733,179.8033099,20.17025178,0.620199849,0.050610295,0.26 E,0.05142116,1.786577478,0.152471253,2.264181177,0.204365789
OTHER VEG (CUCUMBER- IMMATURE - BRUSSEL SPROUTS- BEETS- TURNIPS) ,36P,Both,31-50 Years,4389,48.47785152,24.02742248,1.539553492,F,F,73.97186192,6.940764649,138.9550012,13.70794121,0.316510369,0.019542368,F,F,1.040456901,0.077787101,1.794587642,0.157574957,49.56371153,2.920857112,18.76336535,2.310518501,142.2354031,13.5541331,210.8166173,14.05778869,0.652896857,0.037533527,0.24 E,0.040058589,1.887372016,0.148177962,2.680397112,0.241632088
OTHER VEG (CUCUMBER- IMMATURE - BRUSSEL SPROUTS- BEETS- TURNIPS) ,36P,Both,51-70 Years,4465,49.94296408,27.59042589,1.855603837,F,F,89.62539117,6.677070776,151.7950008,14.38763533,0.371625363,0.026827436,F,F,1.146347273,0.086445489,1.917975009,0.201883469,55.24386947,3.376542828,20.48290844,2.246462726,151.9111506,13.78445198,231.4511116,17.70582154,0.744099534,0.04933106,0.268253933,0.026095374,1.918671781,0.197076858,2.858047518,0.215137653
OTHER VEG (CUCUMBER- IMMATURE - BRUSSEL SPROUTS- BEETS- TURNIPS) ,36P,Both,71+ Years,2628,46.69373498,21.22196157,1.424357607,F,F,71.67434233,5.053644134,109.6863985,8.488193244,0.29468776,0.019427432,F,F,0.948662911,0.083423151,1.591610137,0.092405428,45.44926976,2.661165109,22.49984283,2.516800971,111.1726449,9.578222575,173.6220565,19.27901207,0.631107706,0.036780468,0.312775801,0.038923822,1.627885579,0.088872323,2.243659185,0.229999255
OTHER VEG (CUCUMBER- IMMATURE - BRUSSEL SPROUTS- BEETS- TURNIPS) ,36P,Both,1-18 Years,6339,38.22491205,16.77064781,0.906917644,F,F,54.92110976,4.132454401,94.99391696,6.582366161,0.597673552,0.039078358,F,F,1.630035417,0.148282749,3.327544158,0.214147052,43.87360732,2.070134505,20.97618621,1.573008415,113.3885123,8.934656381,158.7148313,15.1376158,1.55442524,0.092418467,0.616186895,0.065971996,3.868138685,0.21521934,6.013309862,0.601973402
OTHER VEG (CUCUMBER- IMMATURE - BRUSSEL SPROUTS- BEETS- TURNIPS) ,36P,Both,19+ Years,13331,48.25459525,24.08505037,0.959850653,F,F,75.90663523,4.098705316,132.1600516,6.226090361,0.32631122,0.013225822,F,F,1.046866224,0.048267735,1.790055562,0.078601108,49.91244927,1.789088184,20.05932141,1.321017901,135.3534007,6.945170495,204.8530784,10.20316305,0.676228282,0.02508191,0.26572993,0.020508556,1.82828309,0.084562695,2.64540331,0.12743853
OTHER VEG (CUCUMBER- IMMATURE - BRUSSEL SPROUTS- BEETS- TURNIPS) ,36P,Male,9-13 Years,1023,34.22063079,14.41446697,1.73929481,F,F,42,4.14338689,83.71058025,11.70994381,0.346595926,0.041389862,F,F,1.011499068,0.13995821,2.07 E,0.360709459,42.12215448,4.686148826,20.93 E,4.531827742,96.17885332,14.92338428,143.8853994,22.92054773,1.012827404,0.110748465,0.44 E,0.089061034,2.43 E,0.509252587,4.059212007,0.549777042
OTHER VEG (CUCUMBER- IMMATURE - BRUSSEL SPROUTS- BEETS- TURNIPS) ,36P,Male,14-18 Years,900,34.66542436,13.20526458,1.54883212,F,F,42.47 E,9.303525927,77.68794373,10.26343406,0.197348847,0.02300807,F,F,0.53 E,0.149810337,1.237326361,0.161251254,38.09347448,3.97468202,13.9 E,3.652095284,102.8710662,12.09585613,139.8827313,22.03114757,0.569295921,0.059804038,F,F,1.446551088,0.132328145,2.05 E,0.514865504
OTHER VEG (CUCUMBER- IMMATURE - BRUSSEL SPROUTS- BEETS- TURNIPS) ,36P,Male,19-30 Years,857,44.69176239,17.46535091,2.490617338,F,F,41.83 E,9.248372075,89.65 E,22.42193532,0.231692719,0.035007564,F,F,0.6 E,0.104439185,1.08 E,0.28190511,39.07957525,5.016870836,20.65 E,4.544387639,99.29 E,22.71912461,171.4 E,32.5471387,0.518423769,0.070864188,0.28 E,0.064928737,1.18 E,0.32029006,2.190720088,0.363420836
OTHER VEG (CUCUMBER- IMMATURE - BRUSSEL SPROUTS- BEETS- TURNIPS) ,36P,Male,31-50 Years,2005,44.82050592,22.97191519,2.016839296,F,F,69.96399629,8.527563152,132.3776877,17.57408796,0.269595091,0.023874223,F,F,0.889702437,0.095396789,1.603266141,0.197270106,51.25313675,4.190158086,21.02 E,3.650457269,145.4282643,19.79884788,211.2451318,15.04280262,0.601499437,0.049401654,0.24 E,0.04996222,1.722559579,0.1953783,2.365206237,0.26735758
OTHER VEG (CUCUMBER- IMMATURE - BRUSSEL SPROUTS- BEETS- TURNIPS) ,36P,Male,51-70 Years,2151,46.53514891,24.66123245,2.538022785,F,F,64.87 E,11.56449667,137.0903147,16.70971993,0.28856951,0.031086871,F,F,0.76832182,0.111701635,1.476110071,0.208710548,52.99485018,5.182764694,20.47159622,3.029489502,144.5669746,16.17855725,233.9972166,28.36928935,0.620110856,0.064434416,0.225760476,0.033242041,1.51 E,0.282462452,2.459482112,0.298540186
OTHER VEG (CUCUMBER- IMMATURE - BRUSSEL SPROUTS- BEETS- TURNIPS) ,36P,Male,71+ Years,1180,44.4168167,21.45539148,2.375624578,F,F,67.67960593,5.93986347,110.71 E,18.64704424,0.255271618,0.025973077,F,F,0.833683494,0.089061037,1.473027908,0.216678662,48.30465818,4.686837544,22.52 E,4.022331618,116.89 E,26.17100544,202.9333027,24.20208268,0.5747184,0.051365704,0.29 E,0.05590446,1.590094715,0.200175876,1.890222859,0.243103076
OTHER VEG (CUCUMBER- IMMATURE - BRUSSEL SPROUTS- BEETS- TURNIPS) ,36P,Male,19+ Years,6193,45.32120219,22.37786247,1.295939918,F,F,64.61073184,3.787373966,126.9611326,7.633453233,0.267517705,0.015994537,F,F,0.809766029,0.053829607,1.441828298,0.113020651,49.37614491,2.489116912,20.99842267,1.854262449,132.3517477,9.818473581,205.2039909,12.93427252,0.590270541,0.031317213,0.246729116,0.025539878,1.559397107,0.118872184,2.361687453,0.137772576
OTHER VEG (CUCUMBER- IMMATURE - BRUSSEL SPROUTS- BEETS- TURNIPS) ,36P,Female,9-13 Years,939,36.5480425,18.41869545,1.975168142,F,F,65.48287089,10.26245237,103.7652156,12.88586631,0.455533749,0.049916052,F,F,1.468024867,0.153366905,2.779435788,0.432068901,50.39584663,4.602956224,28.6821775,3.831536298,126.9174824,17.75866238,198.9554264,26.84837698,1.246397121,0.118306925,0.770704841,0.12465793,2.876002607,0.376021704,4.57 E,0.783951493
OTHER VEG (CUCUMBER- IMMATURE - BRUSSEL SPROUTS- BEETS- TURNIPS) ,36P,Female,14-18 Years,990,41.0981011,18.38410917,2.428544452,F,F,62.91940073,7.128507025,113.37 E,21.2895049,0.299910878,0.038605354,F,F,1.057152358,0.134050594,1.6 E,0.316303359,44.73225934,5.500086992,20.26 E,4.237097508,124.8 E,20.93740245,199.91 E,42.39916341,0.72974388,0.087512399,0.31 E,0.068494877,1.99 E,0.416316576,3.101265975,0.516196254
OTHER VEG (CUCUMBER- IMMATURE - BRUSSEL SPROUTS- BEETS- TURNIPS) ,36P,Female,19-30 Years,992,46.50990666,21.53831405,2.511777081,F,F,75.81637291,10.74821568,113.5272562,13.97237611,0.338820763,0.041429534,F,F,1.26 E,0.283797934,1.982490484,0.174991541,46.30908897,4.529140701,16.56 E,4.382763553,117.3140091,15.1208574,181.0715071,21.51596674,0.728491601,0.073433051,F,F,2.002362998,0.162855076,2.643928785,0.260955331
OTHER VEG (CUCUMBER- IMMATURE - BRUSSEL SPROUTS- BEETS- TURNIPS) ,36P,Female,31-50 Years,2384,51.97779529,25.03750372,2.303510154,F,F,80.56894187,8.362750938,151.5471461,16.44676381,0.361406546,0.030359726,F,F,1.182303689,0.121307722,2.157588824,0.231332799,48.1696147,4.169092954,16.55 E,3.121227529,141.723038,16.99373497,202.6963716,25.189339,0.695309494,0.055020301,0.23 E,0.056886475,2.064065606,0.227315013,3.053543879,0.303585069
OTHER VEG (CUCUMBER- IMMATURE - BRUSSEL SPROUTS- BEETS- TURNIPS) ,36P,Female,51-70 Years,2314,53.27315319,30.45289571,2.774816539,F,F,102.955563,8.346436905,168.7844984,24.27504157,0.4527893,0.045087705,F,F,1.452268437,0.120984633,2.385758308,0.320619536,57.16368169,4.521869313,20.41 E,3.659181782,160.7073674,22.30969571,230.9218139,27.98220465,0.84993899,0.0751788,0.315545706,0.050714482,2.199660298,0.281121847,3.02 E,0.531260073
OTHER VEG (CUCUMBER- IMMATURE - BRUSSEL SPROUTS- BEETS- TURNIPS) ,36P,Female,71+ Years,1448,48.49745626,21.03704386,1.799395062,F,F,75.53097272,7.606538855,107.7023415,10.10441615,0.325912303,0.028941458,F,F,1.133385963,0.144418944,1.628482553,0.130549329,43.37762325,3.222760846,22.07708013,3.080314809,109.3946015,10.28551507,150.4968571,14.88790024,0.672019376,0.05223013,0.33 E,0.058447732,1.629552499,0.139033583,2.443292469,0.25813058
OTHER VEG (CUCUMBER- IMMATURE - BRUSSEL SPROUTS- BEETS- TURNIPS) ,36P,Female,19+ Years,7138,51.0866085,25.73323684,1.388768335,F,F,87.16913092,4.492518885,137.872645,11.45752673,0.383072797,0.020797757,F,F,1.286155837,0.08043277,2.067427261,0.137210828,50.37178549,2.497054969,18.90843219,1.809687682,136.2461948,10.91149727,202.6168762,15.17098841,0.749849732,0.037626148,0.28509036,0.029922593,2.008381079,0.134540139,2.932350001,0.173385547
POTATOES- FRIED ,38,Both,All ages,19670,19.56882193,12.92779105,0.489002112,F,F,45.17794613,3.154496896,84.86202273,2.986591199,0.205058325,0.007047483,F,F,0.671534708,0.029877416,1.303545199,0.053858909,66.06320554,1.754902538,47.9686707,2.43947767,138.7833101,6.096124583,199.0053816,11.99709469,1.047169157,0.028597577,0.688353937,0.024247903,2.258057415,0.100069355,3.078223078,0.094122115
POTATOES- FRIED ,38,Both,1-3 Years,1288,14.40416578,5.587673263,0.795553403,F,F,F,F,44.22849067,6.502990778,0.391721366,0.056569316,F,F,1.07 E,0.291947209,2.902944439,0.415406915,38.79206439,3.731469772,28.84125272,4.225999542,73.19 E,13.41473564,115.02 E,19.45347305,2.712133197,0.272493469,2.08 E,0.422497459,5.703594845,0.82751523,7.87 E,1.574452022
POTATOES- FRIED ,38,Both,4-8 Years,1199,22.77498701,10.10393104,1.05431554,F,F,36.19 E,6.219053992,66.89566497,7.372289426,0.446618155,0.04567166,F,F,1.61 E,0.320271764,2.810304005,0.285506561,44.3641572,3.442460745,27.77 E,5.031782629,99.62661922,8.963089952,117.8353642,12.65994492,1.961002897,0.141939806,1.27 E,0.229256838,4.456380415,0.481543339,5.442800352,0.46955718
POTATOES- FRIED ,38,Both,9-13 Years,1962,25.16705185,15.55243974,1.294684756,F,F,54.95811025,7.23388176,97.79508741,7.829465393,0.379152218,0.034315153,F,F,1.450728989,0.179356734,2.330244519,0.216182908,61.79682799,3.971002248,42.70294253,5.079694547,140.0552541,11.30676418,180.6230701,19.37024684,1.506542047,0.104347882,1.067956067,0.110477075,3.118850728,0.219231157,4.500644493,0.629526358
POTATOES- FRIED ,38,Both,14-18 Years,1890,25.13536224,20.93041739,2.267270703,F,F,77.52233826,7.535121889,117.865922,11.08835439,0.328128603,0.037206468,F,F,1.18713746,0.13175925,1.895449083,0.151896256,83.27080069,6.980641672,60.84557062,5.17799545,154.4251677,23.69838109,235.11 E,39.52217405,1.305446087,0.118792815,0.928240426,0.080267695,2.448438353,0.358155179,3.24 E,0.726303902
POTATOES- FRIED ,38,Both,19-30 Years,1849,25.75927358,16.71087565,1.63108045,F,F,58.99420354,7.259502009,85.52593468,10.33501912,0.219857054,0.020808455,F,F,0.701382182,0.05009834,1.128740263,0.141772201,64.87324106,4.724329212,44.92358062,4.579082808,117.875606,14.5204211,199.5349556,32.8864461,0.853506421,0.06242505,0.644463472,0.034645156,1.692335863,0.189730927,2.293543655,0.292986135
POTATOES- FRIED ,38,Both,31-50 Years,4389,17.95757587,13.33183888,1.066444981,F,F,50.00076613,6.522213819,99.25791557,6.491106906,0.16352929,0.013184861,F,F,0.577975243,0.072688283,1.132561315,0.075244208,74.2407493,3.887781541,54.36946648,4.702356532,158.0535709,9.766280495,204.006182,20.47381153,0.910642345,0.05073206,0.672367502,0.056152355,1.949523425,0.142358447,2.525290814,0.197076275
POTATOES- FRIED ,38,Both,51-70 Years,4465,18.06270053,11.86899727,0.948374197,F,F,40.12838398,5.206552505,84.49395247,6.037331732,0.149982996,0.012282691,F,F,0.510456803,0.052874277,1.054404271,0.0899008,65.70998204,3.706194583,51.39338927,6.003381916,139.940629,19.7593821,215.2108514,26.58637587,0.83034647,0.046919107,0.585803077,0.052401266,1.637047076,0.158142302,2.306115473,0.333431833
POTATOES- FRIED ,38,Both,71+ Years,2628,13.77613436,7.233293408,0.878992477,F,F,19.54 E,4.687873172,50.0895454,6.225147272,0.103180178,0.014171192,F,F,0.27 E,0.063124965,0.654842788,0.104474057,52.50597316,4.853911021,35.85170851,5.637823631,118.9023292,14.83132621,141.3194146,17.96997859,0.748977724,0.081013212,0.450029725,0.054010071,1.60788239,0.241461869,2.27 E,0.536891522
POTATOES- FRIED ,38,Both,1-18 Years,6339,22.69751036,13.91214587,0.777337575,F,F,50.00179952,3.501935713,88.5539349,4.64659264,0.38541298,0.020651416,F,F,1.3443201,0.088745914,2.443437883,0.132772915,61.29370863,2.879823289,42.59369328,2.307776483,129.7866985,5.527094668,161.3672636,19.41934432,1.690151024,0.06987257,1.119877003,0.064827103,3.610034425,0.291303355,5.21224317,0.323964068
POTATOES- FRIED ,38,Both,19+ Years,13331,18.80038704,12.68602438,0.604603367,F,F,44.87968076,3.575108903,84.77569605,3.780803817,0.16128845,0.007701628,F,F,0.58570884,0.035430623,1.067142132,0.051661187,67.47746391,2.115127173,50.00875571,2.709500291,140.3356544,7.800928468,199.8993873,12.26483604,0.857899626,0.02763995,0.633296194,0.025157232,1.779451646,0.089342567,2.430961422,0.158550938
POTATOES- FRIED ,38,Male,9-13 Years,1023,27.24404406,17.60213593,1.916189334,F,F,77.52 E,15.31127911,99.25367908,13.41751105,0.418116635,0.049892001,F,F,1.636506941,0.23669504,2.646622371,0.296685372,64.60911564,5.242153074,42.13032456,6.588257365,140.207704,13.26145215,177.92 E,33.5296829,1.53470841,0.141159045,1.089385141,0.152305264,3.098857926,0.26527299,4.26 E,0.891202209
POTATOES- FRIED ,38,Male,14-18 Years,900,26.99509394,26.57951896,4.092315887,F,F,98.11064963,11.05025232,137.2901039,22.67337502,0.38 E,0.064643569,F,F,1.378665164,0.162078272,2.018959941,0.212660673,98.46055369,11.81597249,69.20267971,7.611112503,205.91 E,41.93404243,282.05 E,74.34939473,1.422265545,0.199176541,0.984801811,0.12912744,2.4 E,0.698610007,F,F
POTATOES- FRIED ,38,Male,19-30 Years,857,28.71160768,20.50545397,2.685000394,F,F,60.5302802,9.833456919,103.3640619,15.56517811,0.257023441,0.033705488,F,F,0.710486923,0.11554993,1.394747008,0.230172453,71.41868962,7.431766516,49.03630475,6.199325982,160.17 E,30.9832579,234.9138376,33.53428608,0.895190001,0.091315626,0.644713634,0.034609224,2.021726306,0.289575628,2.906706836,0.412620695
POTATOES- FRIED ,38,Male,31-50 Years,2005,20.92565702,17.20258743,1.777394823,F,F,68.25250633,10.06111536,116.0989878,10.84353912,0.194694735,0.020033587,F,F,0.771146626,0.105797965,1.346087989,0.123382371,82.20811137,5.371565189,66.07255595,7.546310473,167.8661242,21.27986487,233.9538078,23.00060936,0.930411576,0.061680331,0.689942814,0.077281636,1.972750841,0.291328895,2.676986383,0.230456107
POTATOES- FRIED ,38,Male,51-70 Years,2151,20.07067846,14.76331885,1.703381266,F,F,54.46 E,9.217358887,99.67816904,7.474918987,0.171074895,0.02123262,F,F,0.626559195,0.080134119,1.148526909,0.156140506,73.5566507,5.819755245,54.41342722,6.293785621,153.4 E,33.78390622,215.9207661,25.77235439,0.85236229,0.073783668,0.624533525,0.055404833,1.78848955,0.249471402,2.68 E,0.531921802
POTATOES- FRIED ,38,Male,71+ Years,1180,15.02271745,9.61 E,1.680129967,F,F,25.73 E,6.257866082,65.65 E,13.01950567,0.13 E,0.026644592,F,F,0.34 E,0.075373652,0.79 E,0.17073246,63.94452257,8.633278063,40.71742685,5.632468607,140.7131558,22.60699352,175.05 E,39.76164166,0.83 E,0.145802379,0.446146701,0.045367544,F,F,3.25 E,0.97169753
POTATOES- FRIED ,38,Male,19+ Years,6193,21.40377538,16.16805699,1.050422967,F,F,59.02521857,5.157253495,102.1340991,5.25837405,0.190582839,0.012787847,F,F,0.68242276,0.036834047,1.231025589,0.102100313,75.53834173,3.220617422,54.60036373,3.219132942,161.1757244,15.34293996,224.0624821,16.57392475,0.890416926,0.039991511,0.644716871,0.023138247,1.896216555,0.155922273,2.714853837,0.223986488
POTATOES- FRIED ,38,Female,9-13 Years,939,22.98111778,13.39523341,1.584582282,F,F,54.66934588,8.275943192,83.58086242,9.739513545,0.338144049,0.043256707,F,F,1.26 E,0.25182054,2.193862804,0.263503785,58.28799774,5.162606912,42.71109173,6.836067159,130.878646,18.03290645,171.8895789,22.98318324,1.471399488,0.134903835,1.00076453,0.160655328,3.120067939,0.463591876,4.490146125,0.703778709
POTATOES- FRIED ,38,Female,14-18 Years,990,23.16899648,14.95740531,1.816416987,F,F,54.8689423,8.938932168,89.86605185,10.84516302,0.269115039,0.036414482,F,F,0.935916134,0.140094288,1.752664783,0.205633932,64.55784706,4.964997404,48.70522015,4.696399825,132.0577189,12.41327992,140.3674296,20.931785,1.161530837,0.106296414,0.784560884,0.078143901,2.475468988,0.401187654,3.14522663,0.405626702
POTATOES- FRIED ,38,Female,19-30 Years,992,22.4901364,12.5091164,1.911062945,F,F,45.56 E,9.480158008,77.52354782,11.21011118,0.178702492,0.026383328,F,F,0.697202835,0.112762062,0.894160124,0.114878009,55.62045589,4.685059778,40.27271881,5.087302406,108.058349,15.64324026,117.8586677,7.091341701,0.794581627,0.075337398,0.574872301,0.082453073,1.52 E,0.260225308,1.79657421,0.167760402
POTATOES- FRIED ,38,Female,31-50 Years,2384,15.11723255,9.627676426,1.225275926,F,F,25.84 E,5.769255053,72.18 E,12.95996805,0.133705118,0.017610429,F,F,0.38 E,0.08236875,0.944773317,0.119411131,63.68676539,5.819883598,41.86 E,7.031933746,133.1763524,14.40681856,162.919277,18.20359875,0.88445499,0.09160577,0.613607293,0.090209431,1.90772569,0.153215094,2.125512739,0.266197733
POTATOES- FRIED ,38,Female,51-70 Years,2314,16.10046199,9.040604969,1.030324624,F,F,28.71 E,6.033823967,64.77822504,7.047413663,0.129371547,0.014997602,F,F,0.42 E,0.076870193,0.967351162,0.13465121,56.15121463,4.235171797,39.49490362,6.060881915,99.64 E,17.32853067,158.71 E,27.06585712,0.803526923,0.059995381,0.545874421,0.090286859,1.59359895,0.198663399,2.222351093,0.255485821
POTATOES- FRIED ,38,Female,71+ Years,1448,12.78862045,5.353528506,0.745868526,F,F,F,F,38.98 E,9.295633354,0.085627244,0.013038741,F,F,F,F,0.61 E,0.112588737,41.86165761,4.268186796,26.42 E,6.826410873,87.09172828,13.04786298,118.7947963,14.43329517,0.669558099,0.075225999,0.45 E,0.091905379,1.502840698,0.241161411,1.89430327,0.225351257
POTATOES- FRIED ,38,Female,19+ Years,7138,16.28697335,9.324332884,0.653352408,F,F,32.77725965,4.303395815,67.08597255,5.69425149,0.133006493,0.009361461,F,F,0.445293249,0.045079463,0.944359579,0.063283797,57.25024953,2.733762575,39.90140717,2.874500195,115.1461168,7.709797675,149.9700029,9.739087041,0.816643401,0.042137035,0.570478467,0.042687418,1.692001686,0.099045392,2.110924887,0.091657517
POTATO CHIPS ,38A,Both,All ages,19670,9.687929416,4.259944537,0.278703967,F,F,F,.,26.42366332,0.91677185,0.06834086,0.004340281,F,F,F,.,0.400776626,0.017915109,43.9716719,2.427741611,26.9996674,0.732483547,84.56177489,0.671541561,119.83 E,29.43667228,0.703873819,0.040148149,0.408458883,0.01586992,1.376699552,0.123053357,2.362997621,0.306319967
POTATO CHIPS ,38A,Both,1-3 Years,1288,6.107965844,1.09 E,0.321661605,F,F,F,.,F,F,0.08 E,0.022630441,F,F,F,.,F,F,17.86 E,4.089042053,12.49 E,2.203179453,52.05 E,16.55820129,54.65 E,12.46633932,1.21 E,0.266061379,0.89 E,0.151703281,3.64 E,1.202940596,3.7 E,0.803936021
POTATO CHIPS ,38A,Both,4-8 Years,1199,11.72421658,3.095508003,0.496311607,F,F,F,F,19.3658044,2.437561293,0.138577382,0.022206816,F,F,F,F,0.829395934,0.091039886,26.40268527,3.512060431,17.55313128,1.698558249,53.33 E,9.831785546,F,F,1.181975622,0.15393678,0.783784906,0.073003846,2.1 E,0.457084966,F,F
POTATO CHIPS ,38A,Both,9-13 Years,1962,15.04078347,6.29939352,0.820190357,F,F,15.41062854,2.464522808,40.58 E,9.992684506,0.159904494,0.024434331,F,F,0.399567817,0.065182228,0.93 E,0.208525028,41.8820837,4.226400227,24.38203153,2.844735566,84.48207501,4.21510831,F,F,1.063139392,0.128680086,0.541352366,0.050740981,2.431176431,0.252580369,2.7 E,0.712196177
POTATO CHIPS ,38A,Both,14-18 Years,1890,12.34663603,8.24 E,1.929192566,F,F,15.92 E,5.247880636,50.0005304,8.300293482,0.13 E,0.032143558,F,F,F,F,0.736657545,0.113313251,66.73 E,13.58157159,35.84501453,5.359357331,F,F,F,F,1.08 E,0.227156202,0.588173268,0.051151798,F,F,F,F
POTATO CHIPS ,38A,Both,19-30 Years,1849,12.05277448,5.126254331,0.814897953,F,F,F,F,35.96 E,6.119967422,0.066467869,0.009954855,F,F,F,F,0.482131919,0.070929388,42.53173689,5.262586054,28.04973202,4.432454362,82.02096311,12.23999182,F,F,0.551473599,0.063743359,0.418384396,0.057004228,0.944022231,0.152703894,F,F
POTATO CHIPS ,38A,Both,31-50 Years,4389,8.536326536,4.126946211,0.563289977,F,F,F,.,26.42192762,1.461492803,0.052232642,0.007870637,F,F,F,.,0.33370355,0.026485948,48.34569288,5.3435286,27.98937705,1.634004999,84.67 E,23.9763902,198.04 E,49.27299872,0.611886644,0.078597065,0.370546831,0.0202736,1.13 E,0.29920552,2.14 E,0.465796907
POTATO CHIPS ,38A,Both,51-70 Years,4465,9.389704102,4.343304621,0.624132207,F,F,F,.,27.84560833,4.286167125,0.057226991,0.00860472,F,F,F,.,0.365214203,0.048868138,46.25603293,4.91153432,28.08500773,4.318552711,84.80092363,12.59459771,F,F,0.609465331,0.069435614,0.393078438,0.031299833,1.272312212,0.164545959,F,F
POTATO CHIPS ,38A,Both,71+ Years,2628,6.441635652,1.54074673,0.233718878,F,F,F,.,F,F,0.020834228,0.003258964,F,F,F,.,F,F,23.91856375,2.227112368,19.71116268,2.654426606,48.60505696,5.258987184,51.16012211,4.989340128,0.32343071,0.030329585,0.272709844,0.038045943,0.595025968,0.050905362,0.660473069,0.080575648
POTATO CHIPS ,38A,Both,1-18 Years,6339,11.85331294,5.092554432,0.605503741,F,F,8.96 E,2.498607883,26.4249403,1.98584849,0.133627966,0.01331126,F,F,0.28 E,0.064567125,0.784418476,0.065072362,42.96313157,4.762435999,23.85043358,1.931675368,84.53642508,2.014667017,F,F,1.114630292,0.096252574,0.636347871,0.046993641,2.361381654,0.234875875,3.21 E,0.859574275
POTATO CHIPS ,38A,Both,19+ Years,13331,9.156091149,4.055447827,0.325451889,F,F,F,.,26.42350848,1.055264384,0.052496476,0.00443654,F,F,F,.,0.354194347,0.022305901,44.29234879,2.800681043,27.98899807,0.933784371,84.57031231,1.686404799,119.84 E,34.42099888,0.573350301,0.039071109,0.380862764,0.012182529,1.131353054,0.080174498,1.6 E,0.422500042
POTATO CHIPS ,38A,Male,9-13 Years,1023,16.11933273,7.23 E,1.360544652,F,F,15.81 E,4.111337193,F,F,0.18 E,0.040764201,F,F,0.42 E,0.080745511,0.96 E,0.300758778,44.87360231,6.436521153,24.35999143,3.999363462,84.32 E,19.43519012,F,F,1.14 E,0.203053034,0.519904738,0.083148299,2.65 E,0.442542167,F,F
POTATO CHIPS ,38A,Male,14-18 Years,900,13.28157265,11.01 E,3.631140887,F,F,23.67 E,6.493106812,54.18 E,12.75516744,F,F,F,F,F,F,0.76 E,0.195415236,82.87 E,23.71319072,35.75 E,8.140406555,F,F,366.88 E,116.4476549,1.31 E,0.395834374,0.56 E,0.099204521,F,F,F,F
POTATO CHIPS ,38A,Male,19-30 Years,857,13.85089184,6.47 E,1.384715009,F,F,F,F,43.04 E,12.73484018,0.08 E,0.016065177,F,F,F,F,0.43 E,0.136025025,46.68 E,9.15897498,28.03 E,8.903933545,82.74 E,27.47317837,F,F,0.56 E,0.109493267,0.38 E,0.099245283,F,F,F,F
POTATO CHIPS ,38A,Male,31-50 Years,2005,10.88872722,5.638179442,0.897973365,F,F,F,F,34.73471717,4.89013927,0.065064682,0.010354023,F,F,F,F,0.384777721,0.035924277,51.77996772,6.198672151,28.54 E,4.966637692,F,F,196.75 E,51.56683685,0.597541668,0.071620188,0.371029888,0.026729927,F,F,1.99 E,0.640631858
POTATO CHIPS ,38A,Male,51-70 Years,2151,9.69244604,5.08 E,1.129812158,F,F,F,.,35.66 E,6.508282512,0.06 E,0.015003145,F,F,F,.,0.4 E,0.076676922,52.45 E,8.772771723,35.94202602,4.566564902,F,F,F,F,0.63 E,0.121578285,0.396775601,0.054730427,F,F,F,F
POTATO CHIPS ,38A,Male,71+ Years,1180,6.362655576,1.7 E,0.378097421,F,F,F,.,F,F,0.02 E,0.004062959,F,F,F,.,F,F,26.68694545,3.040228149,24.32585832,3.623690355,49.60625096,5.354225587,51.90997586,3.499739579,0.306025969,0.031134705,0.27 E,0.047585219,0.545214651,0.078050742,0.642590983,0.083792348
POTATO CHIPS ,38A,Male,19+ Years,6193,10.53603288,5.177560455,0.552125445,F,F,F,F,32.64508078,4.035355286,0.060955277,0.006835568,F,F,F,F,0.385672937,0.02157277,49.1414607,4.159621463,28.95684881,4.06459274,84.95 E,16.22812016,169.42 E,50.62548105,0.578541071,0.052823989,0.380774036,0.017063696,1.133163828,0.152637122,1.97 E,0.643839116
POTATO CHIPS ,38A,Female,9-13 Years,939,13.9056624,5.32 E,0.894833712,F,F,13.86 E,4.417318367,40.65 E,13.1133101,0.13 E,0.026361837,F,F,0.31 E,0.100647305,F,F,38.23244996,4.396684486,24.37 E,4.421346165,77.7160036,10.53445904,F,F,0.969772746,0.127786445,0.543363197,0.084150034,2.319798646,0.384259902,2.42 E,0.4782753
POTATO CHIPS ,38A,Female,14-18 Years,990,11.35809162,5.31 E,0.934659525,F,F,F,F,41.62 E,9.631447385,0.09 E,0.016405402,F,F,F,F,0.6 E,0.130575657,46.77985536,4.78781935,36.77 E,6.835273518,85.68032568,9.28363156,100.0296521,11.75860944,0.804277554,0.090570784,0.589747819,0.060816076,1.749049127,0.175398302,2.031189027,0.20184629
POTATO CHIPS ,38A,Female,19-30 Years,992,10.06170839,3.64 E,0.840817341,F,F,F,F,33.91 E,6.886396043,0.05 E,0.011870639,F,F,F,F,0.493409481,0.076947121,36.2133424,3.838941864,33.56545689,5.311846824,F,F,80.42 E,15.34754249,0.5450214,0.043325381,0.492551484,0.045769769,0.94 E,0.184194161,0.944409329,0.085962078
POTATO CHIPS ,38A,Female,31-50 Years,2384,6.285166535,2.68 E,0.711871841,F,F,F,.,F,F,0.04 E,0.01210219,F,F,F,.,F,F,42.65 E,9.731820491,25.00770237,0.915342615,F,F,F,F,0.64 E,0.168300199,0.357957311,0.031323215,F,F,F,F
POTATO CHIPS ,38A,Female,51-70 Years,2314,9.093858272,3.62 E,0.633258166,F,F,F,.,25.01 E,4.852177307,0.05 E,0.009890798,F,F,F,.,0.34 E,0.066206476,39.80529757,4.752144596,26.42177139,3.089815458,83.06710048,8.440435796,84.64 E,15.46140312,0.58801951,0.076478152,0.35816259,0.042238034,1.27546461,0.116969287,1.39 E,0.285302459
POTATO CHIPS ,38A,Female,71+ Years,1448,6.504201817,1.42 E,0.299835295,F,F,F,.,F,F,0.02 E,0.0049127,F,F,F,.,F,F,21.77324235,3.15518356,19.32868086,3.104035247,40.82 E,8.372885246,F,F,0.336918288,0.050077008,0.29 E,0.056276618,0.599844035,0.086096283,0.76 E,0.175514094
POTATO CHIPS ,38A,Female,19+ Years,7138,7.823841024,2.972116077,0.356330302,F,F,F,.,19.8 E,3.386927435,0.044330016,0.005798442,F,F,F,.,0.308337633,0.041554765,37.98794055,3.538041597,26.41947651,0.730970048,82.09287837,10.74426142,84.6 E,16.0083453,0.566601696,0.059389075,0.387430964,0.024326526,1.110641062,0.124992508,1.31 E,0.280472752
FRIED OR ROASTED POTATOES ,38B,Both,All ages,19670,11.28419142,8.667846515,0.422811782,F,F,25.84 E,5.751641042,69.23164444,3.756179846,0.136717465,0.006112555,F,F,0.32 E,0.073997246,0.993842472,0.053556254,76.81406843,2.162606976,65.99275412,3.206137424,141.3193153,5.994571043,180.4421103,10.91153335,1.212129638,0.03668266,0.898158284,0.03909519,2.321087451,0.109319833,3.131502582,0.156802927
FRIED OR ROASTED POTATOES ,38B,Both,1-3 Years,1288,8.949930447,4.496550928,0.691394696,F,F,F,.,39.23633507,5.765534822,0.31291851,0.049422558,F,F,F,.,2.59597243,0.369180089,50.24118293,3.931836592,40.72061421,3.865786183,74.54 E,16.93407908,116.6036705,18.2285848,3.636930393,0.323731994,2.858774412,0.25047605,5.72 E,1.060262809,9.82 E,2.334810863
FRIED OR ROASTED POTATOES ,38B,Both,4-8 Years,1199,12.58637479,7.008423035,0.968168475,F,F,F,F,57.99971393,7.944767799,0.308040773,0.042175853,F,F,F,F,2.572162219,0.268091268,55.68261833,4.533824143,48.57246176,6.130191119,99.98995478,13.44162463,135.334084,14.10675579,2.447414592,0.192615075,2.367119051,0.252172045,4.682401116,0.452823403,5.4410085,0.687278643
FRIED OR ROASTED POTATOES ,38B,Both,9-13 Years,1962,12.03544817,9.253046225,1.034299175,F,F,F,F,81.65795507,9.303796272,0.219247724,0.026234053,F,F,F,F,1.661672767,0.220893849,76.8816092,5.039619482,67.45464175,8.015358837,139.2564723,17.15067114,180.9972583,14.33455828,1.821683092,0.133248972,1.463507136,0.137449701,3.16 E,0.624112622,4.713459731,0.439776927
FRIED OR ROASTED POTATOES ,38B,Both,14-18 Years,1890,14.61778912,12.69110986,1.398320316,F,F,51.27 E,8.99568008,99.03729495,7.023254351,0.194245177,0.021781057,F,F,0.791451273,0.117905317,1.427955496,0.124393642,86.81962615,5.884363522,73.87620825,8.358477227,141.1633995,15.17711013,195.01 E,35.19246664,1.328827334,0.094244957,1.127618978,0.109561353,2.43780672,0.37738789,3.15373165,0.369540259
FRIED OR ROASTED POTATOES ,38B,Both,19-30 Years,1849,14.81009342,11.58462131,1.501967396,F,F,44.87909384,5.837201242,77.52366974,9.644420952,0.153389185,0.019372603,F,F,0.657188655,0.081386769,0.9 E,0.169444434,78.22112248,6.135558098,54.44 E,10.43447933,136.34 E,24.5064176,199.6105927,28.06666773,1.035707072,0.083477011,0.717680995,0.068521564,1.936645976,0.176166656,2.301132868,0.293902747
FRIED OR ROASTED POTATOES ,38B,Both,31-50 Years,4389,11.15423806,9.204892668,0.891579147,F,F,F,F,77.28557619,11.00541922,0.111296648,0.010548452,F,F,F,F,0.944818893,0.090285809,82.52372432,4.14981265,69.16250452,5.948273968,153.4173064,7.802235632,176.4651586,16.48831029,0.997796958,0.049569744,0.865798724,0.075378029,1.864421079,0.110532885,2.110349466,0.098065944
FRIED OR ROASTED POTATOES ,38B,Both,51-70 Years,4465,10.08416189,7.525692652,0.715892601,F,F,F,F,67.72455149,7.383142145,0.092756005,0.008805604,F,F,F,F,0.805565516,0.086638863,74.62883611,4.557196755,67.1117885,5.676542653,138.9802931,14.76036467,197.6441807,25.8122578,0.919818683,0.050756163,0.803253775,0.06538475,1.695332223,0.138605066,2.071338911,0.144792017
FRIED OR ROASTED POTATOES ,38B,Both,71+ Years,2628,7.736822628,5.692546678,0.847168427,F,F,F,.,41.96 E,9.524143074,0.08 E,0.013795025,F,F,F,.,0.56 E,0.134280084,73.57731917,7.173629632,60.23933123,5.782247381,140.7305772,17.35610623,173.84 E,31.60848853,1.064338083,0.124772108,0.822591705,0.069946837,2.03 E,0.452159719,3.19 E,0.71710844
FRIED OR ROASTED POTATOES ,38B,Both,1-18 Years,6339,12.41693283,8.819591434,0.553595388,F,F,27.28284299,3.824015138,68.00637521,4.284365037,0.251785014,0.016880683,F,F,0.74 E,0.123428496,1.928805745,0.161725057,71.028744,3.04720905,57.98342158,4.315961566,135.5615131,5.397216478,160.1836183,14.21521605,2.029777595,0.092995858,1.519996953,0.110104649,4.270925447,0.310282096,5.319648784,0.333960941
FRIED OR ROASTED POTATOES ,38B,Both,19+ Years,13331,11.00597962,8.630576556,0.510812057,F,F,F,F,70.06960447,4.391094737,0.108791974,0.006407081,F,F,F,F,0.867874981,0.051849622,78.41715915,2.641974357,66.68517696,3.284644655,148.8518253,7.286951264,187.5200367,12.44472359,0.988480606,0.032975068,0.798709505,0.039629458,1.86816937,0.07802063,2.171588626,0.079799902
FRIED OR ROASTED POTATOES ,38B,Male,9-13 Years,1023,12.93140227,10.36881066,1.524647641,F,F,F,F,89.18487797,11.41819814,0.234409464,0.034758676,F,F,F,F,1.780933646,0.266667701,80.18318855,6.508314275,77.5234586,12.34291959,138.611253,16.37963033,176.6109544,18.53073135,1.812714963,0.147117797,1.511470326,0.151160131,3.11682377,0.503542449,4.436020668,0.64397457
FRIED OR ROASTED POTATOES ,38B,Male,14-18 Years,900,16.55370827,15.57287728,2.299822877,F,F,69.21 E,15.58689768,102.0640091,12.63410816,0.209832165,0.029779413,F,F,0.95 E,0.215148496,1.529784125,0.154084862,94.07485637,7.873386608,97.75940139,13.55771346,151.0650939,21.44590007,192.37 E,44.14802511,1.267584042,0.104494772,1.240245898,0.138055802,2.066444573,0.168403252,2.36 E,0.518124419
FRIED OR ROASTED POTATOES ,38B,Male,19-30 Years,857,16.71770157,14.04029833,2.331120773,F,F,46.2 E,8.764470461,97.56861567,14.29418353,0.18 E,0.030044094,F,F,0.694480481,0.059611279,1.13 E,0.238848714,83.98462112,8.829453893,51.44 E,12.93028207,183.03 E,31.58791548,232.8582363,33.02589438,1.077020902,0.103238252,0.704132551,0.089524345,2.105628208,0.239821658,2.64 E,0.45443737
FRIED OR ROASTED POTATOES ,38B,Male,31-50 Years,2005,12.48567628,11.56440799,1.463529029,F,F,49.28 E,16.1670322,99.64214884,12.40605644,0.129630053,0.01653571,F,F,0.51 E,0.158723154,1.10642183,0.137718135,92.62139853,5.821993044,78.00562082,10.61216922,160.1396439,14.34319621,203.3805554,22.706935,1.038230129,0.067214418,0.935329443,0.114323874,1.862376396,0.140948356,2.078129544,0.202622783
FRIED OR ROASTED POTATOES ,38B,Male,51-70 Years,2151,11.74964964,9.679683072,1.209594801,F,F,F,F,86.19409518,10.1477528,0.110007084,0.013995197,F,F,F,F,0.956386684,0.138134718,82.38273794,5.85790827,74.88750506,6.779340737,139.0376714,21.50559364,202.4448484,31.09466555,0.936258415,0.064539957,0.786049116,0.095819482,1.64507228,0.125821289,1.920990263,0.141196041
FRIED OR ROASTED POTATOES ,38B,Male,71+ Years,1180,9.227606721,7.91 E,1.654822917,F,F,F,.,65.47 E,15.62876604,0.11 E,0.026562679,F,F,F,.,0.76 E,0.1819989,85.7015992,12.3940197,67.71908553,9.162649446,172.76 E,31.58657982,F,F,1.15 E,0.213258668,0.821246164,0.120646048,3.14 E,0.994429302,3.44 E,0.947880175
FRIED OR ROASTED POTATOES ,38B,Male,19+ Years,6193,12.65041795,10.99049654,0.86770407,F,F,40.11365519,6.295650059,91.80479741,8.028153324,0.129627561,0.010502535,F,F,0.52 E,0.087560612,1.026577168,0.087751149,86.87852511,3.686050239,72.05379964,4.198520936,160.7040263,11.93665871,203.9323716,11.37040351,1.024689949,0.044327198,0.795541349,0.058271731,1.868302242,0.112121437,2.182018094,0.197075795
FRIED OR ROASTED POTATOES ,38B,Female,9-13 Years,939,11.0924997,8.08 E,1.376873043,F,F,F,F,67.68 E,12.13348022,0.2 E,0.038816424,F,F,F,F,1.39 E,0.353182232,72.83081548,7.242492609,62.61587287,9.299879587,150.0568806,24.53063895,182.2840125,23.8030801,1.832686324,0.220583456,1.25 E,0.210944911,3.82 E,0.722049145,5.2 E,0.887883461
FRIED OR ROASTED POTATOES ,38B,Female,14-18 Years,990,12.57086743,9.64 E,1.622173221,F,F,F,F,69.05 E,13.09049536,0.18 E,0.033679851,F,F,0.59 E,0.190274564,1.23 E,0.251267803,76.71790774,7.928562626,58.9192828,7.994162812,132.1593305,15.29175186,191.56 E,38.37458713,1.414098576,0.169481244,1.012318641,0.10210569,3.13 E,0.532800092,3.18 E,0.531959294
FRIED OR ROASTED POTATOES ,38B,Female,19-30 Years,992,12.69778752,8.87 E,1.900691003,F,F,F,F,77.52 E,17.25832275,0.12 E,0.025352215,F,F,F,F,0.87 E,0.146782512,69.81874184,7.648510375,54.56 E,14.49089086,116.2232371,9.364701057,117.5771402,15.98585065,0.975477245,0.141941391,0.803564291,0.106936097,1.689838794,0.15986923,1.855256748,0.234378605
FRIED OR ROASTED POTATOES ,38B,Female,31-50 Years,2384,9.880101189,6.946924233,0.986189001,F,F,F,.,51.97 E,15.06252634,0.093752261,0.012830045,F,F,F,.,0.777230338,0.126212727,70.31227818,5.730655669,54.54 E,11.30617756,138.5672703,13.52698864,155.6024301,14.08894498,0.948899807,0.081440705,0.794251586,0.10410232,1.932662028,0.158764546,2.060136401,0.142393013
FRIED OR ROASTED POTATOES ,38B,Female,51-70 Years,2314,8.456612014,5.420767623,0.816564305,F,F,F,.,42.71 E,12.05295243,0.075897886,0.011249941,F,F,F,.,0.55 E,0.171078732,64.10093799,6.583457221,57.8 E,10.22794105,138.49 E,24.01429264,174.8147707,22.25590496,0.897497555,0.083622799,0.81 E,0.151495266,1.978577487,0.288607851,2.305052108,0.225071449
FRIED OR ROASTED POTATOES ,38B,Female,71+ Years,1448,6.555858413,3.94 E,0.681065819,F,F,F,.,F,F,0.06 E,0.012059506,F,F,F,.,F,F,60.05854052,5.28469874,55.31927699,5.181952646,114.867312,16.45161625,130.5088794,13.37084188,0.971854402,0.099429677,0.815551415,0.103314943,1.894222047,0.242669019,2.133275246,0.208522442
FRIED OR ROASTED POTATOES ,38B,Female,19+ Years,7138,9.418374054,6.352216807,0.552938783,F,F,F,.,51.68203079,6.316241343,0.088676477,0.007443454,F,F,F,.,0.753916656,0.079043328,67.44494082,3.451494616,55.27433814,5.288770508,117.8072392,11.58631226,150.933883,12.99342508,0.941526389,0.049917528,0.804753297,0.055633633,1.85023126,0.108971695,2.091610034,0.112672815
POTATOES- RAW & COOKED (EXCL FRIED),39,Both,All ages,19670,25.91694299,30.21942426,1.181692747,F,F,120.8844535,5.309035928,172.9471536,7.378210077,0.476857864,0.017958518,F,F,1.703791589,0.0756077,2.804415842,0.098691408,116.6010369,3.742353539,85.75565623,2.275868701,250.770049,7.995764657,311.1737526,15.84410826,1.836960818,0.057095151,1.249295369,0.050050373,3.854023919,0.191568002,5.263656608,0.230341267
POTATOES- RAW & COOKED (EXCL FRIED),39,Both,1-3 Years,1288,23.49373313,15.069568,2.147984044,F,F,45.77123991,6.993512638,84.74760413,9.709751095,1.217121971,0.190219995,F,F,4.09 E,0.714595304,7.588426368,1.040896875,64.1429266,7.396072087,44.25935653,3.483976131,121.5631232,16.80024733,170.31 E,34.10119666,4.930309981,0.634758631,3.295681404,0.439205,9.307759835,1.089738496,13.27 E,2.472057492
POTATOES- RAW & COOKED (EXCL FRIED),39,Both,4-8 Years,1199,23.87851378,15.42151495,1.937418622,F,F,44.94 E,10.39526848,91.80821236,8.39618222,0.672825618,0.084663021,F,F,1.87 E,0.323019802,4.350377039,0.649181886,64.58322781,7.079965596,33.96618484,5.643946034,136.9710578,18.15598819,199.79 E,52.8496901,2.817703079,0.314758835,1.505427983,0.195813939,7.13840813,0.886711431,8.88 E,1.572952701
POTATOES- RAW & COOKED (EXCL FRIED),39,Both,9-13 Years,1962,21.045668,20.75039801,2.173976809,F,F,77.99818046,10.8699845,137.4209173,20.07316331,0.525521139,0.060072682,F,F,1.67 E,0.294099689,3.770141504,0.560127055,98.59700348,7.871681284,73.2851495,10.14599429,233.8659266,22.42653301,283.7057643,33.64247275,2.49705136,0.224164287,1.510154392,0.232957757,6.379917945,0.738747044,8.571144018,1.290789912
POTATOES- RAW & COOKED (EXCL FRIED),39,Both,14-18 Years,1890,20.53014934,21.75349504,2.301149666,F,F,79.28495312,9.116494568,162.5319573,23.6007885,0.327651937,0.031602919,F,F,1.253954295,0.183717843,2.374862648,0.289131831,105.9587764,8.333241848,78.00123055,7.060290389,239.3966584,19.62157553,293.2992958,25.21905049,1.595954961,0.110236827,1.204538804,0.147500927,3.03132748,0.422124106,4.527615802,0.398995069
POTATOES- RAW & COOKED (EXCL FRIED),39,Both,19-30 Years,1849,20.27296167,24.66951442,3.69893696,F,F,101.35 E,23.92446303,166.7752787,22.96209277,0.375457427,0.062304068,F,F,1.38 E,0.241564746,2.44 E,0.513160633,121.6867807,11.4751766,96.45 E,20.52225152,240.9790033,34.2040643,300.11 E,58.85824637,1.85201074,0.20399506,1.381066098,0.172346306,4.766353758,0.703205227,5.257097298,0.484127055
POTATOES- RAW & COOKED (EXCL FRIED),39,Both,31-50 Years,4389,21.73701102,24.46686893,1.689730518,F,F,96.34937999,11.34802684,169.4953578,7.817866845,0.314850978,0.021090787,F,F,1.219410115,0.126017625,2.237332907,0.152814403,112.5585707,5.319238799,86.20165932,6.291394293,233.9220284,17.92591777,296.1444406,16.88628067,1.448455715,0.065968349,1.045289026,0.087777025,3.039666135,0.145223013,3.792636773,0.315031345
POTATOES- RAW & COOKED (EXCL FRIED),39,Both,51-70 Years,4465,31.47197926,43.36506697,3.357347949,F,F,155.9230403,8.198412638,227.6344872,20.74633819,0.562365646,0.044348483,F,F,2.007681505,0.100991166,3.002803846,0.165442058,137.7894495,9.274522142,97.63756129,9.422587676,275.9517546,13.6008595,373.3910273,29.26092752,1.786877278,0.123543751,1.274267357,0.110437205,3.481984636,0.232070602,4.669212009,0.409302418
POTATOES- RAW & COOKED (EXCL FRIED),39,Both,71+ Years,2628,39.74456102,44.09334708,2.952125187,F,F,155.8232217,8.891550374,217.7410939,24.53698136,0.616205659,0.041805195,F,F,2.11403686,0.108598788,3.119674634,0.169916523,110.9418395,5.279059512,84.65049636,5.391375126,249.4136259,18.7785826,299.5177219,19.75369399,1.55041506,0.0763329,1.1309194,0.072460213,3.294712942,0.185685553,4.112976134,0.279178333
POTATOES- RAW & COOKED (EXCL FRIED),39,Both,1-18 Years,6339,22.09794727,18.60150204,1.143329033,F,F,63.4820773,8.256309557,118.5361762,8.711351719,0.617945356,0.043362304,F,F,1.813985255,0.164582922,3.839284693,0.348055624,84.17751124,4.091625445,50.51397002,4.282948448,200.1226928,17.43422358,272.3444565,16.981939,2.775079403,0.162934636,1.570019316,0.110049914,6.644023951,0.461954737,8.334089755,0.682065861
POTATOES- RAW & COOKED (EXCL FRIED),39,Both,19+ Years,13331,26.85492375,33.07289366,1.437329779,F,F,132.9228612,4.760975293,189.6897915,9.512972592,0.442617651,0.019636157,F,F,1.677443328,0.0849794,2.611785639,0.113970734,123.1539288,4.339038135,91.81027123,3.317373869,256.50531,9.645721509,318.8887864,20.57142751,1.648180627,0.059798596,1.203076977,0.055105622,3.409434799,0.152960267,4.550564178,0.201766025
POTATOES- RAW & COOKED (EXCL FRIED),39,Male,9-13 Years,1023,20.34579884,21.29809671,3.0350511,F,F,79.89314467,13.01266043,168.243458,27.04357933,0.523320644,0.083669194,F,F,2 E,0.422796342,3.83569221,0.633849805,104.6805627,10.48190282,77.98643088,8.528320417,233.9991013,22.59612912,256.9835306,22.22041679,2.57213122,0.300952019,1.85 E,0.307984503,6.366156044,0.971738647,6.62 E,1.297234298
POTATOES- RAW & COOKED (EXCL FRIED),39,Male,14-18 Years,900,19.1829088,26.1912352,4.113622605,F,F,91.6 E,22.76281106,204.31 E,37.2177544,0.36628923,0.053279835,F,F,1.46 E,0.329751478,2.794891768,0.415563472,136.5342216,13.25160481,112.36 E,20.31337229,271.3351613,23.8828806,312.8199252,29.73134092,1.909456142,0.168393966,1.592903608,0.258677071,3.933174744,0.440445331,4.590482442,0.397436421
POTATOES- RAW & COOKED (EXCL FRIED),39,Male,19-30 Years,857,18.95072611,26.64 E,5.489705228,F,F,133.78 E,37.07170965,172.2 E,35.16486233,0.37 E,0.082945793,F,F,1.47 E,0.368529408,2.65 E,0.747961359,140.5642315,17.57911433,135.18 E,22.93877304,262.94 E,68.961472,380.82 E,67.29171708,1.975192814,0.284605254,1.496332347,0.248384069,4.76 E,0.816196804,5.631839962,0.772938461
POTATOES- RAW & COOKED (EXCL FRIED),39,Male,31-50 Years,2005,21.43368515,26.85848033,2.489574331,F,F,105.79 E,17.86027654,197.7053976,17.40982998,0.31942743,0.030573003,F,F,1.19961456,0.175405483,2.448337053,0.24659107,125.3096709,8.233218287,91.64958833,13.48255722,262.021488,14.5756274,300.0368894,28.6832585,1.490305692,0.101696291,1.048966411,0.134185625,3.04057315,0.277317092,4.085359563,0.361095784
POTATOES- RAW & COOKED (EXCL FRIED),39,Male,51-70 Years,2151,31.81401752,51.30267078,6.051855188,F,F,171.4877162,11.31053765,269.9050861,23.24840559,0.611256014,0.07794591,F,F,2.081476035,0.167354626,3.136603545,0.251362507,161.2580704,17.33062686,117.0005065,16.15492947,298.3356419,35.55726557,429.8 E,127.115166,1.921341789,0.225159075,1.335905443,0.16687794,3.493752229,0.38677315,F,F
POTATOES- RAW & COOKED (EXCL FRIED),39,Male,71+ Years,1180,40.34755145,50.1895729,4.333927343,F,F,166.7972262,9.346233011,241.3952595,26.24723689,0.636829235,0.054645621,F,F,2.238122392,0.188997829,3.114852341,0.207411286,124.3931071,7.539650267,102.824174,12.24113761,265.8508429,21.30482728,299.5008475,30.21807849,1.578359063,0.095188409,1.193367354,0.128122726,3.150195553,0.192705825,3.840633354,0.248974611
POTATOES- RAW & COOKED (EXCL FRIED),39,Male,19+ Years,6193,26.46616185,37.42885406,2.468345569,F,F,151.3967939,7.655988833,216.042027,13.62393777,0.460154387,0.032515292,F,F,1.754072668,0.130192109,2.80914239,0.129930165,141.4215415,7.681287362,111.1543804,10.61440672,275.4199466,9.674361729,372.5959665,27.23635344,1.738651752,0.102328571,1.231045856,0.099717025,3.497194767,0.227034338,4.502455931,0.34470069
POTATOES- RAW & COOKED (EXCL FRIED),39,Female,9-13 Years,939,21.78224653,20.17397156,3.100135973,F,F,71.88 E,17.40289874,124.4645874,16.86795563,0.527837054,0.085147642,F,F,1.51 E,0.335113573,3.07 E,0.670570376,92.61657899,10.90971872,54.55 E,12.96040987,222.83 E,42.46364176,311.1512137,46.42495459,2.423244332,0.309719118,1.3 E,0.22245354,6.37 E,1.100595482,8.81 E,1.552723465
POTATOES- RAW & COOKED (EXCL FRIED),39,Female,14-18 Years,990,21.95463851,17.06130191,2.195604876,F,F,60.29 E,11.61450438,101.43 E,18.3252822,0.286799243,0.036262413,F,F,0.99 E,0.198245348,1.773121772,0.256649623,77.71160476,7.584652126,54.43104679,8.83854041,172.3995089,18.39531832,214.5122213,22.57866951,1.306326416,0.123407812,0.850592298,0.133987883,2.872567791,0.251245384,2.98 E,0.904256814
POTATOES- RAW & COOKED (EXCL FRIED),39,Female,19-30 Years,992,21.73708101,22.49 E,4.100972852,F,F,91.51 E,22.17141496,165.21 E,32.95180443,0.38 E,0.083375982,F,F,1.26 E,0.376047827,2.43 E,0.724380741,103.46312,12.65980999,85.34 E,14.89767765,210.0126529,23.61311019,251.5797723,30.63486393,1.733094879,0.280153772,1.21 E,0.249726702,4.69 E,1.212726902,5.22724491,0.837392456
POTATOES- RAW & COOKED (EXCL FRIED),39,Female,31-50 Years,2384,22.02728261,22.17818574,2.127303757,F,F,91.71940569,12.71962063,149.9951359,11.99840957,0.310471485,0.027589583,F,F,1.230635223,0.162788004,2.082109458,0.1502793,100.6850737,6.420215451,83.5522861,10.34028961,185.2895441,15.09684775,253.9522593,38.68787196,1.409486092,0.083424789,1.031192161,0.123711807,2.918305349,0.201634098,3.509127316,0.480977009
POTATOES- RAW & COOKED (EXCL FRIED),39,Female,51-70 Years,2314,31.13773222,35.60827251,2.896038473,F,F,137.4983915,8.703013937,180.3749492,18.57997798,0.514588945,0.043026158,F,F,1.951153135,0.147686928,2.783530929,0.267159975,114.3573086,6.48865571,84.74765445,7.795796583,254.8038777,28.20272788,310.9645443,31.82287875,1.65262178,0.099140269,1.272089198,0.121869031,3.319948745,0.337643333,4.673406074,0.399478052
POTATOES- RAW & COOKED (EXCL FRIED),39,Female,71+ Years,1448,39.26688613,39.26405989,3.517495198,F,F,137.8247831,9.845373616,172.9619832,24.71083172,0.599868146,0.0552656,F,F,2.078331262,0.133067191,3.166666178,0.310008364,99.99280249,6.866679041,65.96324719,9.85754047,221.8763448,32.58764418,299.2808056,25.24770328,1.527669253,0.109996495,1.003404458,0.124164734,3.507367265,0.297591096,4.467201778,0.511262209
POTATOES- RAW & COOKED (EXCL FRIED),39,Female,19+ Years,7138,27.2302498,28.86747784,1.43262974,F,F,120.1469618,6.792786363,167.3262962,4.366331512,0.425686995,0.022325307,F,F,1.632460367,0.094888976,2.429824298,0.120922996,106.012534,3.811480162,83.4814995,3.566201783,210.8601799,16.91905423,298.769085,15.62396125,1.563287145,0.061735065,1.178757284,0.069866865,3.270440046,0.196104859,4.610303245,0.316084596
