Food-Group-Name, Food-Group-Code,Sex,Age,Number-of-Respondents,Percentage-of-Eaters,All-Person-Consumption-Intake-g-per-person-Mean,All-Person-Consumption-Intake-g-per-person-SE-Mean,All-Person-Consumption-Intake-g-per-person-P50,All-Person-Consumption-Intake-g-per-person-SE-P50,All-Person-Consumption-Intake-g-per-person-P90,All-Person-Consumption-Intake-g-per-person-SE-P90,All-Person-Consumption-Intake-g-per-person-P95,All-Person-Consumption-Intake-g-per-person-SE-P95,All-Person-Consumption-Intake-g-per-kg-body-weight-Mean,All-Person-Consumption-Intake-g-per-kg-body-weight-SE-Mean,All-Person-Consumption-Intake-g-per-kg-body-weight-P50,All-Person-Consumption-Intake-g-per-kg-body-weight-SE-P50,All-Person-Consumption-Intake-g-per-kg-body-weight-P90,All-Person-Consumption-Intake-g-per-kg-body-weight-SE-P90,All-Person-Consumption-Intake-g-per-kg-body-weight-P95,All-Person-Consumption-Intake-g-per-kg-body-weight-SE-P95,Eaters-Only-Consumption-Intake-g-per-person-Mean,Eaters-Only-Consumption-Intake-g-per-person-SE-Mean,Eaters-Only-Consumption-Intake-g-per-person-P50,Eaters-Only-Consumption-Intake-g-per-person-SE-P50,Eaters-Only-Consumption-Intake-g-per-person-P90,Eaters-Only-Consumption-Intake-g-per-person-SE-P90,Eaters-Only-Consumption-Intake-g-per-person-P95,Eaters-Only-Consumption-Intake-g-per-person-SE-P95,Eaters-Only-Consumption-Intake-g-per-kg-body-weight-Mean,Eaters-Only-Consumption-Intake-g-per-kg-body-weight-SE-Mean,Eaters-Only-Consumption-Intake-g-per-kg-body-weight-P50,Eaters-Only-Consumption-Intake-g-per-kg-body-weight-SE-P50,Eaters-Only-Consumption-Intake-g-per-kg-body-weight-P90,Eaters-Only-Consumption-Intake-g-per-kg-body-weight-SE-P90,Eaters-Only-Consumption-Intake-g-per-kg-body-weight-P95,Eaters-Only-Consumption-Intake-g-per-kg-body-weight-SE-P95
GRAIN PRODUCTS - OVERALL ,1 to 8,Both,All ages,19670,98.07807109,204.8229307,2.188315461,171.9394241,2.188315461,396.6084702,5.900845674,481.9654022,7.090254597,3.559395697,0.038219328,2.572551422,0.040054518,7.434010617,0.121603617,9.989862318,0.14068372,208.8366221,2.147222945,174.8137622,2.088706367,398.1930765,5.570504955,483.0352495,7.623400596,3.629312487,0.037798964,2.626773545,0.040145311,7.483568513,0.127836401,10.05532536,0.136704321
GRAIN PRODUCTS - OVERALL ,1 to 8,Both,1-3 Years,1288,99.51029866,145.7516263,5.551806546,127.4758246,5.551806546,251.7182717,13.12353419,324.2602608,43.10202518,10.78660335,0.435096662,9.41119246,0.523492039,19.0054715,1.089923829,24.7290627,3.198263489,146.4688864,5.556663024,128.2660407,5.064083714,254.4972807,12.57058334,324.7751775,43.33385177,10.8437935,0.436703547,9.450421087,0.509804613,19.00661441,1.114759705,24.8403586,3.188675193
GRAIN PRODUCTS - OVERALL ,1 to 8,Both,4-8 Years,1199,99.89531762,198.9158833,5.016785286,170.0371567,5.016785286,350.1484643,16.0800992,420.6655074,17.7962708,8.760236438,0.213203803,7.622370326,0.223063562,15.16750041,0.420116307,19.10045021,1.047307679,199.1243313,5.010951,170.9170536,5.917846685,350.4125326,16.0975447,420.6760567,17.79733285,8.769416472,0.212847488,7.62326987,0.223625049,15.16958687,0.419642674,19.11414143,1.049121071
GRAIN PRODUCTS - OVERALL ,1 to 8,Both,9-13 Years,1962,99.69719613,228.6509478,4.496599605,201.9901759,4.496599605,394.0723382,14.58161599,503.2676919,23.6496134,5.703104913,0.121197624,4.980866025,0.124866972,10.45496675,0.345041483,12.66566456,0.4691629,229.3454146,4.478484403,202.1128969,5.090464687,394.6720984,14.47488955,503.3378352,23.52315861,5.720426586,0.120422972,4.983871312,0.125470966,10.45973679,0.345448848,12.67344247,0.46936316
GRAIN PRODUCTS - OVERALL ,1 to 8,Both,14-18 Years,1890,98.40164634,242.0854151,6.570533463,206.1180049,6.570533463,484.2350239,19.84292591,574.5377794,36.5870156,3.824446449,0.107488934,3.163156592,0.118779632,7.795371856,0.409973455,9.715305612,0.307781448,246.0176471,6.478376347,208.8083277,5.575072762,484.5401033,18.65980907,590.5653087,34.19555464,3.886567544,0.106795116,3.230795293,0.115510365,7.874317111,0.410966893,9.750197918,0.30530298
GRAIN PRODUCTS - OVERALL ,1 to 8,Both,19-30 Years,1849,97.79788723,226.9023095,7.021254186,196.7728236,7.021254186,441.523934,19.42836114,515.7948458,30.46569361,3.241244375,0.104925277,2.615195793,0.140839174,6.142019471,0.403647658,7.985841903,0.269419686,232.0114636,7.20047031,199.3671412,8.946140015,442.2333071,18.71827311,516.9594328,30.93442188,3.3142274,0.106618883,2.662994114,0.153917651,6.273989465,0.422856433,7.990884183,0.252722147
GRAIN PRODUCTS - OVERALL ,1 to 8,Both,31-50 Years,4389,97.42238681,218.5788413,5.06819858,184.1444,5.06819858,426.0042245,15.37522407,511.9681939,15.55525305,2.938743865,0.077608892,2.33426004,0.075650759,6.007579009,0.263993391,7.404816119,0.222539067,224.3620265,5.068218758,189.7369573,5.40520791,430.0347372,15.68820594,513.1601752,16.32583253,3.016497503,0.07802597,2.411124025,0.085557701,6.132068697,0.266598249,7.429759445,0.230379091
GRAIN PRODUCTS - OVERALL ,1 to 8,Both,51-70 Years,4465,97.63225421,183.7011249,3.66507953,154.5563381,3.66507953,355.6158277,10.41546891,437.4172833,13.52690545,2.421174883,0.050210224,1.939961475,0.063313554,4.838850995,0.13153613,5.88801469,0.142778439,188.1561851,3.646819262,158.6877431,3.674106217,357.6587439,9.985425909,439.1187847,13.25144613,2.479892432,0.049794303,1.987240852,0.066009854,4.863922457,0.12282936,5.927749277,0.143154509
GRAIN PRODUCTS - OVERALL ,1 to 8,Both,71+ Years,2628,99.18175281,176.5218405,3.733923176,145.8045232,3.733923176,335.1701171,8.744776033,409.2721774,7.921639674,2.515104969,0.059795403,2.035480059,0.049197473,4.870815699,0.173819009,6.260213777,0.292624841,177.9781416,3.702337234,146.6133272,3.172705186,335.6052252,8.929471885,409.3092486,7.800758498,2.535854527,0.059454529,2.053164318,0.048794911,4.878942886,0.176668038,6.276146732,0.292600247
GRAIN PRODUCTS - OVERALL ,1 to 8,Both,1-18 Years,6339,99.34990466,210.3881745,2.767402186,182.2004323,2.767402186,384.7531944,10.88213871,488.8609301,10.98862724,6.818482781,0.100997821,5.478948941,0.109101586,13.60052685,0.312503216,16.81150353,0.576273151,211.7648479,2.763952614,182.909799,3.227405822,386.6800262,10.8892809,490.9849155,10.70091262,6.863640122,0.101803063,5.516459891,0.106178013,13.6015265,0.304664239,16.85769139,0.57700681
GRAIN PRODUCTS - OVERALL ,1 to 8,Both,19+ Years,13331,97.76569698,203.4560553,2.621264873,169.5625236,2.621264873,397.4540045,6.342245407,481.1942123,8.013449144,2.768455019,0.040223586,2.2195596,0.031916763,5.539835127,0.127860336,7.023113208,0.174792991,208.1057687,2.579153643,172.3176213,2.330638175,399.6479451,5.969025653,481.8012569,8.762870702,2.831724321,0.039771975,2.253920064,0.0315984,5.605447773,0.13091525,7.05413933,0.176272981
GRAIN PRODUCTS - OVERALL ,1 to 8,Male,9-13 Years,1023,99.77496961,233.9099123,6.493223649,213.4699537,6.493223649,401.0960414,18.01885874,495.4898149,31.07602426,5.735648377,0.159827021,5.140205369,0.19467997,10.46265716,0.345027605,12.30426841,0.485964613,234.4374678,6.490936923,213.8036986,9.632727432,401.1384192,17.9522797,498.1307426,30.93599439,5.748584439,0.159778503,5.156444326,0.193673117,10.46494848,0.344976687,12.30796755,0.487022347
GRAIN PRODUCTS - OVERALL ,1 to 8,Male,14-18 Years,900,98.32338089,280.4141759,11.37536848,234.2608091,11.37536848,533.0744121,43.34172397,676.2447701,49.70477948,4.197204424,0.179737426,3.286059731,0.177989505,9.461226969,0.585095783,10.60399308,0.430372671,285.1958236,11.25305567,237.0873495,11.404741,538.8746737,42.95681287,678.0014551,50.34554318,4.268775531,0.179458591,3.337499764,0.179215251,9.468584449,0.555974295,10.60442298,0.432814933
GRAIN PRODUCTS - OVERALL ,1 to 8,Male,19-30 Years,857,97.11346122,258.3027575,11.55638486,226.4458445,11.55638486,465.2308833,28.43140784,576.2692508,32.48012445,3.407911473,0.159282313,3.025573979,0.253784438,6.340282281,0.52713192,7.882734224,0.437206917,265.9803845,11.81362631,230.861909,13.52348618,465.4841092,29.99927842,577.5067993,31.32322865,3.509206067,0.161213968,3.087045789,0.243535183,6.350765841,0.541335663,7.888811484,0.415870067
GRAIN PRODUCTS - OVERALL ,1 to 8,Male,31-50 Years,2005,98.07447544,248.6242787,7.402254355,219.8676509,7.402254355,474.9162763,17.95200018,567.3022028,26.18065757,3.002104393,0.099089103,2.50464851,0.117702922,5.882385581,0.233367544,7.013574581,0.257256176,253.5055911,7.495256567,222.5425851,8.523091587,474.9443354,17.89216668,567.6423438,26.06966033,3.061045577,0.100719791,2.570783594,0.118292143,5.883557961,0.242366838,7.022229994,0.26888117
GRAIN PRODUCTS - OVERALL ,1 to 8,Male,51-70 Years,2151,97.94995135,210.720387,5.880824181,180.0001057,5.880824181,393.2138441,14.39708058,473.0598115,35.09310775,2.492171234,0.069718521,1.974690645,0.077843243,4.790792721,0.171447773,6.100365857,0.25778757,215.1306704,5.99319798,182.2911631,6.458680953,393.4237154,15.31940134,476.0567898,38.26827425,2.544331262,0.071155159,2.012712776,0.082922004,4.820616754,0.176232889,6.103237119,0.268332973
GRAIN PRODUCTS - OVERALL ,1 to 8,Male,71+ Years,1180,98.93855908,199.742299,6.604034773,165.8305364,6.604034773,367.7470436,15.07514799,433.499253,16.3166875,2.547925676,0.0969245,2.09436235,0.076757737,4.82128742,0.264353235,5.855103644,0.352312008,201.885191,6.597889061,167.7253494,6.901781872,368.7365526,15.41041545,433.8196867,16.32369417,2.575260545,0.097201194,2.098348382,0.080953869,4.824600884,0.270852407,5.895671938,0.34898321
GRAIN PRODUCTS - OVERALL ,1 to 8,Male,19+ Years,6193,97.95396583,232.5384171,4.040252565,198.7188716,4.040252565,441.8474522,10.42457827,535.1232971,18.47871348,2.857187496,0.054850361,2.322327047,0.043858343,5.538601006,0.180529576,6.820601317,0.202593522,237.3956124,4.04716329,201.9579249,3.816211847,444.261245,10.22422124,537.8130266,19.28381034,2.916867604,0.054822955,2.363107856,0.049762872,5.613738949,0.176322568,6.899806266,0.193310398
GRAIN PRODUCTS - OVERALL ,1 to 8,Female,9-13 Years,939,99.61534329,223.1161415,6.623128603,196.5086,6.623128603,388.6192453,20.60021869,503.4617934,40.14016697,5.668854487,0.190914065,4.874262656,0.197486753,10.32586663,0.652318618,12.9972633,0.796118927,223.9776867,6.532901132,196.6535242,5.510465221,388.7624218,20.50700407,503.480039,39.87974579,5.690744317,0.188584792,4.887637219,0.195524594,10.33394328,0.656224883,12.99980593,0.788643255
GRAIN PRODUCTS - OVERALL ,1 to 8,Female,14-18 Years,990,98.48439941,201.558944,5.838962198,182.5448753,5.838962198,358.3019291,22.7286973,458.3144668,27.67229555,3.430315124,0.106473831,3.029532789,0.135299164,6.429732101,0.401700297,8.169090607,0.487458737,204.660784,5.872824138,184.5520285,8.095023271,359.4036209,23.4369007,469.1415343,29.43697869,3.483105085,0.106459416,3.076737181,0.139661734,6.481156583,0.409188197,8.176057019,0.488171372
GRAIN PRODUCTS - OVERALL ,1 to 8,Female,19-30 Years,992,98.55575624,192.1324059,8.315734164,159.1743063,8.315734164,398.9798255,24.50977578,458.1520575,30.41830244,3.056692901,0.151349777,2.320211562,0.125130997,5.954594806,0.724814387,8.076143015,0.460359565,194.9479292,8.408100688,162.7427401,8.89636467,400.1429652,23.9573608,458.206936,30.09300394,3.101485918,0.152727064,2.393774325,0.138733433,5.977558394,0.749319198,8.076845973,0.445077236
GRAIN PRODUCTS - OVERALL ,1 to 8,Female,31-50 Years,2384,96.79836223,189.8264748,6.53410461,158.1212401,6.53410461,384.7717086,12.2083746,469.5815321,19.77309825,2.878110196,0.111911545,2.231982228,0.092950558,6.280391772,0.441770975,7.746183007,0.324368152,196.1050481,6.501268081,164.9540914,5.872314562,389.7031583,12.80601021,476.9265513,19.74238267,2.97330464,0.112356269,2.273828649,0.103728457,6.453136472,0.448007903,7.75292185,0.351985095
GRAIN PRODUCTS - OVERALL ,1 to 8,Female,51-70 Years,2314,97.32179384,157.2973302,4.216887525,133.1083987,4.216887525,302.7225633,9.273307136,377.9213035,20.54777572,2.351795747,0.069867844,1.877879368,0.087849862,4.839102664,0.190125417,5.792377868,0.177508825,161.6260079,4.125457416,134.9704835,5.348335803,303.6527603,8.700600571,383.7493081,20.71630397,2.416515001,0.06913371,1.937167681,0.098638844,4.901806788,0.195016099,5.79243315,0.167163714
GRAIN PRODUCTS - OVERALL ,1 to 8,Female,71+ Years,1448,99.37440518,158.1271376,4.0890891,129.4653475,4.0890891,305.3101157,10.61423,378.0685665,16.79788786,2.489105174,0.072436451,1.986207095,0.07544824,4.910223625,0.242555684,6.414910266,0.5008488,159.1226003,4.097931517,130.5040408,5.646845366,305.3786599,10.63666536,378.4453497,16.69273907,2.504774916,0.072512637,1.98922116,0.076254628,4.911080629,0.241717595,6.418175388,0.505773419
GRAIN PRODUCTS - OVERALL ,1 to 8,Female,19+ Years,7138,97.5839348,175.3787971,3.223760081,146.0768558,3.223760081,357.5818768,12.24096871,421.1456235,12.54580902,2.682789189,0.05580615,2.108003549,0.048305629,5.539265336,0.169252495,7.291779284,0.300978934,179.720973,3.174013105,148.9397443,2.958522538,360.9580153,11.58941673,423.4766901,13.48474089,2.749211941,0.055488709,2.168301252,0.045925893,5.574284928,0.162496543,7.383186572,0.30883654
PASTA -  RICE - CEREAL GRAINS AND FLOURS ,1,Both,All ages,19670,75.55210755,92.34152753,1.829077769,46.86967127,1.829077769,245.989333,5.375773088,320.7535992,6.366399735,1.630251235,0.031605525,0.715575429,0.034096433,4.230769195,0.083015355,6.239498519,0.180575416,122.2223053,2.118690893,85.77211304,2.450435197,274.7616591,7.129724571,348.2941387,11.429922,2.158560027,0.037470019,1.32391964,0.047397845,4.988276947,0.130667409,6.916402469,0.171912765
PASTA -  RICE - CEREAL GRAINS AND FLOURS ,1,Both,1-3 Years,1288,81.59037601,71.66376606,4.770095025,44.36236248,4.770095025,164.1852814,11.93887038,215.1024979,23.89277819,5.131194924,0.348037972,3.200844882,0.317205538,12.3969057,0.730707415,15.70230681,1.995048889,87.8336019,5.733811511,64.81804371,7.292174804,185.7822428,14.13559196,231.46 E,38.66928174,6.321875628,0.408771714,4.23772741,0.493824515,13.59182963,0.79542592,16.57 E,3.151756382
PASTA -  RICE - CEREAL GRAINS AND FLOURS ,1,Both,4-8 Years,1199,82.67921734,88.30234656,4.297082435,57.47567528,4.297082435,209.9904871,14.07754024,280.2448535,21.73361676,3.902671651,0.19539099,2.520376607,0.244075235,10.13011575,0.591153278,13.17294064,0.865469722,106.8011399,4.811665433,82.57432364,5.386244899,236.3463242,17.05343391,312.2308722,24.59873618,4.72025713,0.21848331,3.442224465,0.287516103,10.56014749,0.621745175,13.47669092,0.595989345
PASTA -  RICE - CEREAL GRAINS AND FLOURS ,1,Both,9-13 Years,1962,82.98771261,103.0371673,3.856773088,69.63007236,3.856773088,250.7416503,13.93815483,320.3647024,16.63219619,2.60433096,0.104602582,1.594304093,0.126588048,6.648936766,0.491628329,8.515657429,0.483538091,124.1595461,4.140330522,95.18201214,4.950912508,274.0535972,10.41847977,339.9312655,16.15510398,3.138212729,0.112751121,2.292699276,0.138846862,7.544579512,0.439898338,9.039351038,0.542964629
PASTA -  RICE - CEREAL GRAINS AND FLOURS ,1,Both,14-18 Years,1890,80.36925784,118.6436132,5.323731211,74.20691321,5.323731211,308.9202636,23.35320074,446.2225739,29.6761576,1.887826721,0.086088667,1.112755506,0.106846925,5.015174233,0.389434003,6.777409637,0.352517565,147.6231291,5.62129076,111.4222723,6.328116678,333.997291,25.52985653,466.6622629,23.70112241,2.348941339,0.094067642,1.673134606,0.087187866,5.644552126,0.381605522,7.330900453,0.43336636
PASTA -  RICE - CEREAL GRAINS AND FLOURS ,1,Both,19-30 Years,1849,80.4754504,115.9070152,6.047224525,67.9954907,6.047224525,266.2865148,17.54848853,335.9087479,18.71780167,1.675700059,0.087105242,0.965702646,0.098181818,4.050185378,0.191097358,5.486794154,0.479853876,144.0277931,7.189943461,120.3769913,13.22814599,304.9552515,20.50194957,363.4913094,20.12068086,2.082249991,0.100233059,1.487006983,0.145402551,4.362579669,0.243059405,5.67858287,0.537919234
PASTA -  RICE - CEREAL GRAINS AND FLOURS ,1,Both,31-50 Years,4389,74.67797396,105.7248554,4.138653271,59.43755852,4.138653271,276.398641,12.48148623,355.7846997,17.88687615,1.452549834,0.060646677,0.775745019,0.066975422,3.962700623,0.175508582,5.163589403,0.296596248,141.574349,4.583554006,105.93874,5.760638103,313.3286199,11.61404541,390.5158503,18.10789325,1.945084684,0.068319941,1.397005513,0.071797034,4.315894249,0.18082468,5.839385006,0.366065422
PASTA -  RICE - CEREAL GRAINS AND FLOURS ,1,Both,51-70 Years,4465,70.55199153,73.5331577,2.76422499,31.98969992,2.76422499,200.8918406,11.46438361,278.8261554,12.91968034,0.985214886,0.03726053,0.400581141,0.037536281,2.746661079,0.099362069,3.861959489,0.200760958,104.2254883,3.564239881,65.95843205,4.574678176,248.3666862,10.17649487,315.7655479,12.68675828,1.396438094,0.047555371,0.89351267,0.045428447,3.16436755,0.155055539,4.321932487,0.24525229
PASTA -  RICE - CEREAL GRAINS AND FLOURS ,1,Both,71+ Years,2628,72.12992186,56.27481333,2.337352922,21.53043994,2.337352922,164.0062207,7.33577855,229.8157707,15.73584583,0.810203577,0.038616445,0.284282142,0.034360063,2.263394125,0.102754342,3.338090068,0.185362013,78.01868056,2.909628952,45.7369351,2.443743108,195.7124646,9.730659606,277.1448993,20.98094215,1.123255864,0.048941815,0.624652606,0.036090313,2.774644745,0.175446571,3.714192939,0.231350749
PASTA -  RICE - CEREAL GRAINS AND FLOURS ,1,Both,1-18 Years,6339,81.9177342,98.16960189,2.309202627,60.03147514,2.309202627,239.669745,6.485218435,325.5471588,12.45189592,3.159175285,0.085570327,1.76158884,0.075615365,8.152902082,0.294214724,11.3283536,0.339904171,119.8392544,2.487124767,88.36262124,2.884429604,262.5441524,8.096011704,353.5027602,13.64159509,3.859464833,0.093464572,2.522213834,0.086636234,9.299822896,0.341756589,12.06948475,0.393478739
PASTA -  RICE - CEREAL GRAINS AND FLOURS ,1,Both,19+ Years,13331,73.98865062,90.91009843,2.16378601,43.74591696,2.16378601,247.4018038,6.60576089,318.9648868,7.31568995,1.259200019,0.031863341,0.573680144,0.030308298,3.445434659,0.113999695,4.578829942,0.165045885,122.870329,2.552247292,84.26445054,2.963723533,278.5480075,9.414706631,345.3940699,13.80271815,1.701882665,0.037716802,1.118930371,0.036936304,3.973232724,0.084303131,5.163834393,0.184748313
PASTA -  RICE - CEREAL GRAINS AND FLOURS ,1,Male,9-13 Years,1023,82.01616049,100.7941502,5.34867007,61.91942479,5.34867007,244.2049981,14.0506283,328.6434058,29.72438284,2.521566957,0.144064728,1.502027013,0.169744696,5.887180059,0.579463222,8.996829788,0.87122914,122.8954753,5.756887614,94.29026946,8.246662449,265.8771691,14.03274744,356.4620933,24.41707341,3.07447574,0.15492421,2.242994202,0.204890162,6.717658806,0.748407887,10.00608154,1.049697225
PASTA -  RICE - CEREAL GRAINS AND FLOURS ,1,Male,14-18 Years,900,79.66040657,136.8428018,8.981640899,78.98167225,8.981640899,395.9267121,47.55996149,504.3524806,28.32021098,2.068551105,0.140946491,1.127563222,0.145219194,5.736080935,0.589870127,8.06996482,0.608305134,171.7827057,9.422674591,121.4549496,11.12732796,448.3952206,34.4166472,536.5340184,32.38406205,2.59671171,0.154158434,1.699456489,0.129918959,6.358810397,0.54810209,8.520512619,0.607481813
PASTA -  RICE - CEREAL GRAINS AND FLOURS ,1,Male,19-30 Years,857,82.19110237,134.5455904,10.16375873,97.71 E,10.16375873,299.5256717,24.29761217,364.2099939,37.36476802,1.784398048,0.132504288,1.16 E,0.221930603,4.049135571,0.238494293,4.894850406,0.635355625,163.6984862,12.05282294,136.956391,13.06407355,325.2627806,24.48953847,389.9811619,54.33486836,2.171035546,0.155128732,1.747478689,0.186677014,4.353288506,0.272088369,5.574353133,0.871361765
PASTA -  RICE - CEREAL GRAINS AND FLOURS ,1,Male,31-50 Years,2005,75.34139286,117.4825896,6.217447606,71.4587301,6.217447606,298.4777101,17.80250849,412.8560961,22.93900806,1.451652539,0.080556622,0.800336283,0.0948841,3.853780981,0.219591056,5.125049801,0.385269975,155.9336576,7.262028144,116.0025011,8.816544282,342.7245012,25.71757644,432.7373912,19.68865567,1.926766262,0.095712367,1.365346495,0.115063988,4.255335966,0.296996865,5.694284476,0.484464441
PASTA -  RICE - CEREAL GRAINS AND FLOURS ,1,Male,51-70 Years,2151,69.69501027,84.65690517,4.65053055,39.21752156,4.65053055,243.1093535,15.15762708,315.9512495,16.96441927,1.026459969,0.057438465,0.433199794,0.052518419,2.800196246,0.156262769,3.95886613,0.277727314,121.4676701,5.825186162,82.49720745,5.984354696,285.4434303,14.03884942,345.5414466,33.71060558,1.472788317,0.072921799,0.919721077,0.064871939,3.338914114,0.22497703,4.863157233,0.443598938
PASTA -  RICE - CEREAL GRAINS AND FLOURS ,1,Male,71+ Years,1180,75.55371018,65.9751377,4.014509678,30.82468671,4.014509678,183.9237986,12.42401049,266.9066577,25.30339672,0.85338719,0.060178602,0.377814279,0.047805082,2.385488468,0.186490772,3.391022233,0.335440528,87.32216796,5.004026428,52.98444434,3.438239103,214.1642057,19.24773161,303.0805023,25.43437727,1.129510633,0.07584264,0.63155583,0.061782333,2.773971401,0.218981717,3.94851562,0.419566616
PASTA -  RICE - CEREAL GRAINS AND FLOURS ,1,Male,19+ Years,6193,74.72631327,104.1203084,3.431572306,53.65618189,3.431572306,272.7034734,11.72136636,361.237776,17.87229229,1.306087472,0.044613229,0.628784587,0.048344734,3.543581419,0.133522565,4.607219209,0.221788467,139.335535,4.139380545,97.61527846,5.317430487,307.6685325,9.179567792,402.2056598,16.03875877,1.74782806,0.054193698,1.167611775,0.048577869,3.924848336,0.114085701,5.164576091,0.26764393
PASTA -  RICE - CEREAL GRAINS AND FLOURS ,1,Female,9-13 Years,939,84.01022434,105.3978345,5.661593188,76.5320666,5.661593188,257.0742365,22.00845243,319.2581418,18.7437095,2.69143608,0.157897576,1.678708174,0.175446414,7.29299452,0.563510698,8.00153409,0.518958917,125.4583419,6.088373612,96.13103619,7.404826901,275.3571875,17.03196808,322.9973136,16.41558085,3.203700622,0.172158088,2.318649694,0.191794969,7.629921253,0.402500723,8.459809895,0.62673324
PASTA -  RICE - CEREAL GRAINS AND FLOURS ,1,Female,14-18 Years,990,81.11875351,99.40091216,5.369223943,65.6280199,5.369223943,244.7168174,14.22554178,311.9645874,20.90144356,1.696739888,0.093799981,1.013055793,0.165206826,4.2819944,0.317125613,5.660435008,0.402610794,122.5375241,6.085843965,96.06692624,9.98558072,262.5012595,19.5797154,338.1325307,18.17270398,2.091674014,0.108003448,1.617423204,0.111050215,4.596038691,0.489382182,6.096543662,0.382914114
PASTA -  RICE - CEREAL GRAINS AND FLOURS ,1,Female,19-30 Years,992,78.57569872,95.26840962,6.649172894,55.32754723,6.649172894,245.2581677,16.24556337,317.7170679,23.34450141,1.555338126,0.122177125,0.77 E,0.136939,4.16839523,0.381523184,5.604768219,0.650709932,121.2441138,7.338076721,80.3575069,10.49917602,265.787437,22.86899776,330.532933,17.81753176,1.979413676,0.136970347,1.305413434,0.149070526,4.388018725,0.552842202,6.473545917,0.78432745
PASTA -  RICE - CEREAL GRAINS AND FLOURS ,1,Female,31-50 Years,2384,74.04310674,94.47314102,4.937742173,51.25768526,4.937742173,262.1887826,14.4160669,326.9238594,17.40546155,1.453408512,0.083448038,0.748190945,0.091738287,4.062367448,0.254396191,5.342824642,0.455608784,127.5920814,5.457852106,98.08319674,6.098077049,279.0167587,13.88272543,332.7187817,14.84898621,1.962922108,0.094806005,1.446895704,0.08938316,4.344794651,0.255559478,5.965818408,0.441780211
PASTA -  RICE - CEREAL GRAINS AND FLOURS ,1,Female,51-70 Years,2314,71.38945177,62.66279623,3.115621876,26.84005514,3.115621876,172.0181106,7.941094515,236.9885061,14.95004635,0.944909318,0.04875681,0.388902211,0.05266786,2.683200152,0.122365777,3.613111375,0.280591575,87.77598746,4.002116091,56.23615344,4.057970851,196.0478418,13.01195346,255.3774165,15.9114638,1.323597947,0.061692134,0.862386423,0.077862724,3.026688602,0.193236376,4.079175915,0.264182454
PASTA -  RICE - CEREAL GRAINS AND FLOURS ,1,Female,71+ Years,1448,69.41767702,48.59044373,3.057844681,16.84 E,3.057844681,142.6548311,10.12542901,197.3870782,14.25645852,0.775994531,0.054534783,0.251061955,0.033105411,2.169551895,0.127151652,3.264346399,0.225543706,69.99721947,3.812356026,40.27580975,3.488455878,169.8635339,15.16035731,228.9643286,24.32395999,1.117863006,0.070221026,0.623137388,0.062437588,2.766964865,0.288510167,3.671968726,0.274143938
PASTA -  RICE - CEREAL GRAINS AND FLOURS ,1,Female,19+ Years,7138,73.27648204,78.15644114,2.515257657,35.86439081,2.515257657,220.0240731,9.08435673,286.8703647,12.94834382,1.213933025,0.043268472,0.505982864,0.03797571,3.311109312,0.148195313,4.502320844,0.207704585,106.6596525,2.958504882,72.99828043,4.345039874,253.0892008,8.340507299,316.7105472,10.40780161,1.656647524,0.051620521,1.069101779,0.047956391,4.059575077,0.170875888,5.153566262,0.263850841
PASTA,1A,Both,All ages,19670,23.80223948,31.36360543,1.124631639,F,F,130.985882,5.012515553,196.5277406,5.15471339,0.573905137,0.019462152,F,F,2.149758247,0.094005558,3.455140905,0.111081421,131.767456,3.349230802,103.8246313,3.183922973,262.4774596,6.07804024,343.3415122,26.8487273,2.414100196,0.064949644,1.725706526,0.077637728,5.226276371,0.192409856,7.158913474,0.359589716
PASTA,1A,Both,1-3 Years,1288,36.90108581,32.45411436,4.367351963,F,F,108.2702884,6.39506525,133.1544202,8.164924068,2.373342643,0.298856324,F,F,8.050650015,0.755838186,10.51834202,0.701485485,87.94894146,9.724057619,71.08534337,5.661325884,138.96 E,30.66552972,F,F,6.422512414,0.639218409,5.537907963,0.515075229,10.93 E,2.284557124,F,F
PASTA,1A,Both,4-8 Years,1199,31.6833421,35.06231731,2.998951332,F,F,138.4329145,13.77368192,188.2334705,11.92591334,1.5716236,0.13981802,F,F,5.88181322,0.531714818,8.72710521,0.705490341,110.664832,5.750468632,93.94480665,6.538072865,203.1277473,9.073007142,259.6493282,26.13063596,4.96040978,0.280149843,4.155356939,0.389777693,10.20869184,0.733174842,11.18044319,0.582181216
PASTA,1A,Both,9-13 Years,1962,26.70482161,35.61740224,2.641647825,F,F,139.9815724,9.809143697,196.8932874,8.539079829,0.906407797,0.068898145,F,F,3.70135264,0.231205426,5.204355384,0.369979853,133.3744249,6.26772837,125.5127667,10.09198121,262.0961329,21.14376467,328.5559513,31.60739595,3.394172822,0.175338998,2.841834547,0.201122939,6.500849404,0.472629502,8.39760317,0.731453017
PASTA,1A,Both,14-18 Years,1890,28.53837489,43.27761176,4.045189027,F,F,164.0944968,11.6270246,219.8731564,29.47528085,0.685546003,0.061590077,F,F,2.561543639,0.227039765,3.612792188,0.362881358,151.6470784,9.765625342,130.9427394,7.675666805,319.5520585,43.05946319,429.1497305,50.58167162,2.402190052,0.14898326,1.776647967,0.163167526,5.708363234,0.775207795,7.528381011,0.706442412
PASTA,1A,Both,19-30 Years,1849,29.31307485,40.09454934,4.097484362,F,F,166.2387785,17.89311724,209.9953099,29.3479592,0.581583629,0.059701586,F,F,2.48335015,0.304640584,3.120928333,0.276938589,136.7804283,8.498726487,122.1111754,15.75909572,262.358501,13.94445826,294.5078676,33.48208258,1.984041703,0.127891772,1.551009787,0.203093372,3.830959782,0.272446445,4.434689561,0.653884885
PASTA,1A,Both,31-50 Years,4389,22.99108694,33.62748667,2.556062972,F,F,144.3095101,15.76357606,209.3943064,10.92451537,0.453869899,0.036255089,F,F,1.906928449,0.206997789,2.893343038,0.19970626,146.2631443,7.492171579,120.736425,11.72091095,279.2634508,21.7718852,416.6573568,42.55664785,1.974112405,0.109015034,1.580998329,0.1062781,4.160806028,0.288446297,5.131608342,0.495647506
PASTA,1A,Both,51-70 Years,4465,19.28865163,24.47725581,2.053636353,F,F,94.74147119,9.554149628,171.331615,14.04188851,0.314992963,0.024877302,F,F,1.209686435,0.151601728,2.190071566,0.090588852,126.8997765,8.46360037,95.68486809,7.861783235,276.3165234,26.8997197,394.8841007,54.67144643,1.633048122,0.098772751,1.24725546,0.108768727,3.225151356,0.322498151,4.640993732,0.401173149
PASTA,1A,Both,71+ Years,2628,17.71151943,18.98890468,1.577375981,F,F,74.00438815,9.187491957,142.0699613,12.35494903,0.268432606,0.022309714,F,F,1.122508372,0.177482304,2.058159378,0.183879614,107.2121721,5.984477712,82.79393524,6.884248265,243.9386454,17.82543514,262.474655,9.790109791,1.515582031,0.082147654,1.231766202,0.080082924,3.470764736,0.171257947,3.705696557,0.186316055
PASTA,1A,Both,1-18 Years,6339,30.32077684,37.13303775,1.762496286,F,F,138.6355253,4.016044376,192.0635405,6.335237342,1.260082237,0.066278665,F,F,4.580371524,0.289072413,7.020692788,0.385878012,122.4673033,3.994912212,99.40993001,3.927549443,229.9112279,17.73583216,319.7672521,33.42461423,4.16559441,0.163474591,3.201943375,0.110756776,8.731502111,0.42900821,10.73836932,0.276073277
PASTA,1A,Both,19+ Years,13331,22.20122627,29.94657937,1.340975274,F,F,127.3224947,9.628204048,196.5286089,6.03406235,0.407378325,0.018774665,F,F,1.639437503,0.108046125,2.690950919,0.117674521,134.8870509,4.179632141,105.6550873,5.129678639,263.9898176,9.337666001,355.021372,30.27373583,1.834936144,0.058115624,1.448613662,0.073260847,3.83645745,0.142627334,4.829073381,0.229797119
PASTA,1A,Male,9-13 Years,1023,22.64005562,31.94139351,3.378205081,F,F,141.2640928,17.95664183,197.0574998,18.07690871,0.818487216,0.090049493,F,F,3.47127106,0.461503386,5.277477302,0.604336528,141.083547,9.236826132,127.3885809,13.62229453,287.1566646,31.43640312,357.9739421,38.23381704,3.615217337,0.260799569,3.049476314,0.364524606,7.605887492,0.71317207,9.717009863,1.155492825
PASTA,1A,Male,14-18 Years,900,26.77532885,48.29518287,6.892519431,F,F,171.8717911,23.60703748,294.23 E,49.7719395,0.716435964,0.099085695,F,F,2.37 E,0.41503473,4.55 E,0.992021776,180.3719504,17.58587519,132.5945253,15.22302427,407.6559057,57.27028476,528.0564883,55.00745734,2.675731709,0.26238152,1.855230541,0.22783996,6.691984604,0.741819837,7.776460885,0.653001443
PASTA,1A,Male,19-30 Years,857,30.05125867,41.78220355,6.415212511,F,F,171.1650568,27.78630729,262.06 E,46.02056078,0.547461064,0.086361673,F,F,2.09 E,0.404004738,3.048875856,0.497691894,139.0364511,14.25628691,109.98 E,21.98443276,262.4059874,20.16518762,293.47 E,76.87937208,1.821757518,0.198519933,1.37 E,0.265922047,3.828118102,0.478488506,3.84 E,1.021205048
PASTA,1A,Male,31-50 Years,2005,23.0549867,37.75645896,3.826031213,F,F,164.0347551,20.66050039,216.3604972,28.54212843,0.468025828,0.049786778,F,F,1.938536801,0.261372314,2.888147527,0.324824155,163.7669952,12.74862967,139.952293,19.84769353,364.131089,48.9878225,453.8788324,51.87059316,2.03004163,0.165948102,1.626453918,0.222004861,4.563482832,0.506563569,5.79475344,0.614819839
PASTA,1A,Male,51-70 Years,2151,19.90998095,29.97254507,3.589250112,F,F,120.3935089,16.55743572,196.9276212,20.41907399,0.354197441,0.040074272,F,F,1.331526726,0.205001695,2.317088494,0.191880714,150.5403001,14.13686323,121.2817515,12.81746976,301.94 E,66.85739771,429.61 E,81.12283668,1.778994373,0.162247519,1.348759227,0.151278166,3.33 E,0.655197176,5.17 E,1.240064714
PASTA,1A,Male,71+ Years,1180,17.7285954,20.76896734,2.853238145,F,F,80.01 E,22.28057899,164.8229203,23.45662289,0.257681533,0.036102819,F,F,0.97 E,0.26234543,2.06 E,0.354451711,117.1495365,10.43921115,100.7818096,15.68764381,262.2350058,18.28926755,262.5059657,11.74861413,1.453479686,0.134380909,1.182032309,0.156578867,3.4642026,0.311729804,3.503751749,0.147003869
PASTA,1A,Male,19+ Years,6193,22.69567,34.06850999,2.154491758,F,F,138.891936,9.352500571,216.3920476,15.9061433,0.421902598,0.02733075,F,F,1.685782225,0.160620384,2.733047206,0.178775035,150.1101752,6.949792645,125.5908968,10.50819715,294.2611431,29.29782597,429.181708,35.86828073,1.858956346,0.088181584,1.377272543,0.118786253,3.828566205,0.240208463,5.108313995,0.479023872
PASTA,1A,Female,9-13 Years,939,30.98279167,39.48622404,4.092798124,F,F,139.8607102,11.3226738,196.6653179,10.85322761,0.998939966,0.10937349,F,F,3.741435257,0.242277054,5.078907545,0.438611056,127.4456623,8.523939667,121.833076,13.74214953,216.8116791,20.45000653,278.985028,39.41788313,3.224176753,0.242552278,2.840086166,0.274981799,6.028548664,0.451985522,7.73873691,0.953865509
PASTA,1A,Female,14-18 Years,990,30.4025112,37.9723411,3.521477024,F,F,142.950372,13.32212136,198.6327901,8.887688556,0.65288486,0.063602917,F,F,2.704456984,0.22958345,3.432787547,0.153993139,124.8986995,6.783356073,121.6875539,12.29347819,210.8006233,17.22465096,275.3873583,37.45141333,2.147470174,0.127014301,1.72469565,0.222152511,3.616431557,0.277611444,5.14 E,0.889939096
PASTA,1A,Female,19-30 Years,992,28.49567951,38.22579974,4.506071141,F,F,155.435778,15.43136657,196.892695,15.81379031,0.61936775,0.077343021,F,F,2.659003278,0.286922196,3.130074858,0.250522475,134.1459492,8.649654195,125.766424,18.349266,261.0943396,29.4916096,279.5138441,38.98005848,2.173549677,0.158120123,1.92 E,0.359351135,3.851355144,0.466599051,5.204876143,0.589637032
PASTA,1A,Female,31-50 Years,2384,22.92993725,29.67621371,2.955024435,F,F,127.3521526,16.94531024,200.9128654,11.17258546,0.440323202,0.046757905,F,F,1.788212663,0.237391291,2.822982104,0.252327139,129.42126,8.083796553,103.6988943,11.49940266,262.1236467,19.10709801,279.383141,35.99760737,1.92029833,0.135974344,1.552475375,0.107788165,3.993943182,0.310272027,4.532605804,0.424652362
PASTA,1A,Female,51-70 Years,2314,18.68147545,19.10714283,1.98267415,F,F,67.5 E,14.65202083,135.7602866,12.425041,0.276681518,0.028728292,F,F,0.91 E,0.209124382,2.165348991,0.130500409,102.2785533,8.027283869,82.3249898,11.92557542,209.9928433,23.16292188,289.2812747,28.06771357,1.481047459,0.10732979,1.165015499,0.175750791,3.072390544,0.396892884,4.055498194,0.346024787
PASTA,1A,Female,71+ Years,1448,17.69799224,17.57878076,2.072212081,F,F,73.46 E,14.06209261,131.1600403,16.42206576,0.276949354,0.032619425,F,F,1.23 E,0.260622744,1.909700875,0.185559299,99.32641241,7.211845767,80.71664957,6.132808795,211.1414187,18.40599022,262.2388228,20.52544527,1.564863123,0.111319958,1.307102997,0.125090533,3.556998567,0.293746105,3.970565406,0.341311556
PASTA,1A,Female,19+ Years,7138,21.7238708,25.9671051,1.476790785,F,F,103.9822276,8.433762405,172.6168511,10.12548068,0.39335602,0.023654413,F,F,1.602147623,0.1266041,2.675495579,0.127923516,119.5325886,4.618202066,99.00597095,4.727006085,245.6397844,16.92767657,279.4897437,13.15999782,1.810708706,0.074799964,1.490134855,0.086145903,3.838992501,0.204834658,4.529226681,0.18348489
RICE,1B,Both,All ages,19670,26.83434271,37.4839992,1.389998502,F,F,153.5874469,7.261529849,225.2336671,10.82250388,0.664006181,0.023907593,F,F,2.405332579,0.08352391,3.798696011,0.099577842,139.686668,3.339555341,118.493641,3.016999472,276.1258352,9.8724485,333.5887959,10.67393987,2.477693132,0.060902591,1.899984268,0.070746444,5.253737083,0.232154116,7.173416263,0.301657564
RICE,1B,Both,1-3 Years,1288,33.52620313,27.92065753,3.138758585,F,F,84.45374838,10.02813475,123.4302791,14.1857103,1.998047117,0.242052509,F,F,6.673930299,0.706268876,11.12494639,1.305831566,83.28010607,7.077109456,66.62166659,10.86393546,153.4282736,21.6332038,228.84 E,52.5672498,6.073793605,0.548250175,4.973182743,0.808634838,11.90329399,0.814857746,13.52 E,2.925537025
RICE,1B,Both,4-8 Years,1199,28.60293689,32.03592619,2.948617432,F,F,123.1812506,14.5655521,166.7040652,13.6551702,1.428685875,0.137041237,F,F,5.684674359,0.48523888,8.007597689,0.696239853,112.0022266,6.985399884,97.49988529,12.50681293,217.2628878,19.04618508,267.766805,26.37431481,4.994892239,0.32269855,4.480344602,0.40920057,9.827758742,0.548945875,11.71990455,1.120209436
RICE,1B,Both,9-13 Years,1962,29.27168368,37.49104304,3.043320438,F,F,144.8674563,10.21638125,216.3957515,26.07046991,0.98109356,0.083412924,F,F,3.798689851,0.32160717,5.570188258,0.574022455,128.0795579,6.830188919,104.0215498,11.38053811,246.0975332,27.11569833,323.4420366,25.98753861,3.351681341,0.193549326,2.649050164,0.241340066,7.773262466,0.727797242,8.585223091,0.680135286
RICE,1B,Both,14-18 Years,1890,25.51428936,47.38076398,4.143184142,F,F,166.5519467,12.95944779,246.7438796,29.11903434,0.759385674,0.067832203,F,F,2.754276985,0.329138928,4.349975747,0.389332047,185.7028558,10.44611012,156.8472286,11.19089156,392.2435975,42.70224046,483.3381593,49.73551332,2.976315206,0.171396577,2.154449411,0.180763065,5.913462279,0.658354628,7.686595545,0.6676963
RICE,1B,Both,19-30 Years,1849,27.34677523,45.69421534,5.070126009,F,F,166.8417158,13.63533905,236.9914183,14.88536376,0.672281721,0.067377637,F,F,2.655462935,0.275142414,3.696192174,0.230690476,167.0917867,14.38712859,126.5212796,18.42467193,291.2866641,28.77479083,372.66 E,93.29378289,2.458358307,0.174650708,2.110245974,0.213920072,4.340047935,0.324252362,5.37 E,1.694410718
RICE,1B,Both,31-50 Years,4389,30.91277428,47.33380243,2.909963559,F,F,176.6484565,8.172774448,246.8602579,14.7759011,0.665252219,0.041541858,F,F,2.469585022,0.139563042,3.509082631,0.277491725,153.1205255,6.063291253,127.5024396,6.711378879,303.5363111,16.1861603,352.1962257,22.64030852,2.152030138,0.089968888,1.900075044,0.117103052,4.230144254,0.205453047,5.490395158,0.437719479
RICE,1B,Both,51-70 Years,4465,23.68241089,28.79121681,1.866912478,F,F,122.7898192,6.230312868,184.7208988,13.34923883,0.397810842,0.026200057,F,F,1.701961463,0.130553651,2.567217279,0.151418128,121.572153,5.077592342,105.7500704,9.26719073,252.1714946,12.05812272,315.2158493,12.60066678,1.679773413,0.072533346,1.373274771,0.096569461,3.595176183,0.134364991,4.034732304,0.20939235
RICE,1B,Both,71+ Years,2628,17.8915302,18.94624312,1.709876533,F,F,78.61283231,11.00162724,123.5101978,10.00934887,0.289136236,0.03060725,F,F,1.000638872,0.145036251,1.939964982,0.173093546,105.8950403,6.246784715,82.57580395,5.172316104,250.7166777,32.75858388,314.5343922,17.09178382,1.616050906,0.125442232,1.1210285,0.121330031,3.43 E,0.703644767,5.748004313,0.884058709
RICE,1B,Both,1-18 Years,6339,28.71468662,37.20874555,1.747285205,F,F,139.4702417,10.34287453,203.395168,13.85910722,1.202521756,0.062858663,F,F,4.540793473,0.274204395,6.701022742,0.43030694,129.5808868,4.192051366,97.49767208,6.707417976,253.2553388,16.12752492,345.0409521,23.8506776,4.210768351,0.154946048,3.204115709,0.191505931,8.596131351,0.557552234,11.30632315,0.561058093
RICE,1B,Both,19+ Years,13331,26.37251281,37.55160405,1.620083634,F,F,153.5558446,6.978565844,226.8937895,10.47415579,0.53331502,0.022744468,F,F,2.132631668,0.086439864,3.164803743,0.159386617,142.3891774,4.076408488,122.7305649,2.462894037,276.9551429,12.28274456,333.4945766,11.19272896,2.022238168,0.056661628,1.675425524,0.065115565,4.034076001,0.123113957,5.159696105,0.306841564
RICE,1B,Male,9-13 Years,1023,28.36285559,36.62455398,3.743084439,F,F,153.3953969,12.5673391,199.2527722,23.49573071,0.95056475,0.102965568,F,F,3.771540025,0.377521142,4.76 E,0.837040915,129.1285846,8.751495583,117.6504616,15.75737597,226.9166242,23.71057077,316.000685,44.90316339,3.351442335,0.247793211,2.735316895,0.278805876,7.96 E,1.366716963,8.203089767,0.714618974
RICE,1B,Male,14-18 Years,900,23.63537151,56.25651205,7.315636452,F,F,225.6983427,29.57467313,320.71 E,55.50357431,0.873854055,0.117692873,F,F,3.367642785,0.481708171,4.857556306,0.746514428,238.018311,18.75904137,188.4638564,17.3518937,453.0641723,59.61012473,606.3685928,91.23976952,3.69723004,0.307514724,2.75819249,0.277128569,7.365155217,0.916483342,9.440937663,1.439479156
RICE,1B,Male,19-30 Years,857,27.90713761,51.73 E,8.781977199,F,F,166.8 E,32.20997231,271.9851505,31.54165447,0.697833641,0.10687262,F,F,2.429979719,0.392773338,3.650839742,0.446715875,185.3718962,25.86369021,124.3 E,23.12233419,338.9 E,76.96963392,535.13 E,155.7040587,2.500556133,0.284588474,1.908720781,0.285578394,4.67 E,1.443165191,8.33 E,2.003226653
RICE,1B,Male,31-50 Years,2005,29.47785591,51.20783437,4.523356961,F,F,197.0369863,18.52905653,270.6204295,20.27848425,0.645878529,0.057455734,F,F,2.477323157,0.217728702,3.806593559,0.342439406,173.7162788,10.34125474,155.9866712,11.76936391,315.6406219,18.95955836,399.1034545,52.53258909,2.191063458,0.132256961,1.93147054,0.133972757,4.248157413,0.281321839,5.344674456,0.58410863
RICE,1B,Male,51-70 Years,2151,23.17561558,33.57268939,2.903934412,F,F,138.8880392,14.31068258,226.2019808,19.96839423,0.424487901,0.037483602,F,F,1.712395638,0.158824288,2.691077791,0.256271859,144.8621258,7.335062952,123.0097616,7.676160077,284.23245,18.27438762,328.9776345,18.79123703,1.83161435,0.098695059,1.511638843,0.112945661,3.781153142,0.208713596,5.038482284,0.448819434
RICE,1B,Male,71+ Years,1180,18.34664616,22.88063404,2.91392607,F,F,86.84086631,12.72917664,157.4770111,16.24503411,0.318567854,0.048690589,F,F,1.1 E,0.193881674,2.1030994,0.256482269,124.7128976,10.2096845,94.82267717,9.709017764,307.5221646,45.95188079,319.5147568,16.99029524,1.736381958,0.191145902,1.181870271,0.175511271,4.07 E,0.991977931,5.9 E,1.055903145
RICE,1B,Male,19+ Years,6193,25.90749339,42.40562105,2.610354642,F,F,165.7395501,7.619518675,252.2213114,11.85350777,0.546585932,0.032583254,F,F,2.121998423,0.121132083,3.269874667,0.220231206,163.6809104,6.992235986,133.2678917,9.571026762,314.518285,11.65781158,393.3280317,33.87673482,2.109759999,0.084203658,1.71546621,0.099949481,4.140585709,0.230573868,5.408683884,0.408630897
RICE,1B,Female,9-13 Years,939,30.22818139,38.40298097,4.684085833,F,F,136.6439292,13.44824935,221.6960365,35.87809362,1.01322366,0.129890855,F,F,3.799390387,0.594997536,5.76294013,0.824774266,127.0436368,9.736665959,92.88548408,11.82116135,275.8759748,33.70990548,322.4341954,41.02982405,3.351917362,0.277377812,2.427501472,0.400762555,7.707610427,0.847525638,9.097382274,0.894604339
RICE,1B,Female,14-18 Years,990,27.50094138,37.99609461,4.342530475,F,F,152.4767845,17.52254359,193.9923577,32.30005095,0.638353858,0.075208888,F,F,2.15 E,0.386327915,3.623793251,0.427659903,138.1628872,10.23015995,117.5837301,12.85172868,251.1623744,39.738606,348.3680977,47.60410982,2.321207295,0.175086086,1.741081443,0.1654523,4.431787751,0.627193073,5.591994045,0.629229428
RICE,1B,Female,19-30 Years,992,26.72628261,39.00855119,5.096869329,F,F,166.3419112,18.49184382,235.2366932,26.85399568,0.643987926,0.088754566,F,F,2.902845824,0.403995116,3.698419174,0.298669194,145.9557686,10.28139001,136.2754283,17.03447836,247.2605783,13.89976623,299.6143728,33.28273935,2.409567898,0.184081405,2.265573612,0.283628037,4.159046493,0.290242581,4.654930283,0.472383533
RICE,1B,Female,31-50 Years,2384,32.28593781,43.62649789,3.532704288,F,F,166.7281976,13.51931603,218.8963913,16.42311836,0.68379212,0.057888165,F,F,2.43149322,0.162353851,3.264564844,0.364560306,135.1253854,6.958605074,121.931568,8.240961163,262.1858359,24.2193861,333.0723895,18.44132729,2.117925532,0.123915671,1.815235745,0.147508496,4.229179504,0.385364845,5.696083699,0.660543877
RICE,1B,Female,51-70 Years,2314,24.17766201,24.1186606,2.336058249,F,F,116.9482881,18.27004438,156.5845881,9.749873843,0.371741455,0.03651845,F,F,1.65392054,0.226461727,2.407586431,0.195140637,99.75596727,6.487077168,83.25195371,7.871494018,200.3050824,22.16625545,238.1031545,25.77476649,1.537540954,0.10166086,1.300379554,0.145711119,3.401998719,0.297230453,3.825742839,0.178296914
RICE,1B,Female,71+ Years,1448,17.530998,15.82951085,2.140356946,F,F,F,F,115.2385783,12.59532068,0.265821198,0.040312853,F,F,0.78 E,0.251429396,1.725437589,0.222215451,90.29440793,7.897586877,78.99742855,12.48198953,194.84 E,32.48808572,257.5380975,36.27637143,1.516292444,0.16629493,1.103371229,0.168469932,2.93 E,0.715519934,5.41 E,1.320678397
RICE,1B,Female,19+ Years,7138,26.82146089,32.86534475,1.814769426,F,F,131.3518048,8.452824896,184.8476996,9.705050866,0.520502758,0.030176099,F,F,2.158161357,0.127858016,3.051797921,0.189017687,122.5337609,4.281583077,106.806891,8.049147087,236.9908271,7.133910335,307.0309024,14.39782079,1.940620462,0.074329348,1.667392161,0.095775035,3.857310028,0.156286465,4.681841994,0.428594946
CEREAL GRAINS AND FLOURS ,1C,Both,All ages,19670,54.52528648,23.49392289,0.63108112,3.122900406,0.63108112,68.0103895,2.282651907,110.3088812,3.988145254,0.392339918,0.010474429,0.047144345,0.007281275,1.151301249,0.039016677,1.861306564,0.069029038,43.08812371,1.000247459,25.31236056,0.750645394,104.3859437,3.565377268,150.9133628,8.210061921,0.719555057,0.017305776,0.387547323,0.011630921,1.767970377,0.068232828,2.598300221,0.116703077
CEREAL GRAINS AND FLOURS ,1C,Both,1-3 Years,1288,50.93857213,11.28899417,1.044114795,F,F,34.62457456,5.243726813,46.49103774,6.887150103,0.759805164,0.069359052,F,F,2.065535426,0.226732165,3.673059872,0.444912938,22.16197608,1.730131653,12.31553508,1.293941867,46.33478478,6.689366117,74.6 E,12.75971556,1.499677923,0.119377546,0.916131196,0.093652463,3.662310446,0.433435865,5.008330408,0.778959982
CEREAL GRAINS AND FLOURS ,1C,Both,4-8 Years,1199,60.21023712,21.20410307,1.646161538,6.16 E,1.646161538,60.84491868,5.010044661,89.98972722,11.29115263,0.902362177,0.065195357,0.27 E,0.064921009,2.645650919,0.201036237,4.126823261,0.546206127,35.21677389,2.275486161,22.66687307,1.793824103,81.36177797,8.241843867,117.3258636,12.52115337,1.498685639,0.086743126,1.010696389,0.072442853,3.358900189,0.385652885,4.416649997,0.317127841
CEREAL GRAINS AND FLOURS ,1C,Both,9-13 Years,1962,62.30331525,29.92872197,1.783317595,8.409565935,1.783317595,91.4210645,9.997082078,134.5202819,8.493471963,0.716829603,0.04218724,0.200784759,0.032129082,2.165175065,0.181393335,3.2439966,0.244177169,48.03712588,2.488314106,27.79854234,2.139874573,119.3265153,6.190576507,158.7883655,11.76233858,1.150548089,0.058461461,0.670071269,0.066119107,2.827437935,0.236373294,3.811501443,0.286768418
CEREAL GRAINS AND FLOURS ,1C,Both,14-18 Years,1890,56.61881757,27.98523751,1.833186261,4.4 E,1.833186261,85.7124182,9.169184584,126.7427024,6.796422505,0.442895044,0.030010214,F,F,1.33489537,0.135609827,2.091309007,0.17510547,49.42744958,2.703813572,29.81491732,2.388920898,122.1999354,5.806143165,156.864696,19.46414935,0.78224001,0.046047521,0.450871522,0.02296291,1.908544036,0.151986383,2.542703297,0.176158361
CEREAL GRAINS AND FLOURS ,1C,Both,19-30 Years,1849,55.78914382,30.11825054,2.741349628,F,F,98.49 E,18.29415936,176.0008075,22.43563626,0.421834709,0.038739171,F,F,1.330485683,0.14798062,2.218590367,0.317436436,53.98586262,4.364000833,27.90904123,3.844628782,160.0022637,20.59443679,196.6625693,9.725526968,0.756123289,0.062174998,0.374071625,0.049593644,2.11509012,0.302763551,2.892407286,0.274439157
CEREAL GRAINS AND FLOURS ,1C,Both,31-50 Years,4389,51.82870435,24.76356635,1.333800041,F,F,75.54231377,5.175023171,107.9071449,8.154998044,0.333427715,0.02029656,F,F,1.000195619,0.065457611,1.413947181,0.120069874,47.77963613,2.143568894,27.44726684,2.206292131,107.5113665,6.972266023,161.1089369,16.60268899,0.643326357,0.033861371,0.362596563,0.027607053,1.389441373,0.098065553,2.232552879,0.155571417
CEREAL GRAINS AND FLOURS ,1C,Both,51-70 Years,4465,52.87773051,20.26468508,1.006315666,F,F,59.6183293,2.843017665,92.54077239,6.380385716,0.272411081,0.014774722,F,F,0.774513742,0.038220088,1.18590109,0.087069819,38.32366648,1.630331495,23.94258648,1.320904499,89.12858026,6.240173415,122.8467721,6.990335443,0.515171658,0.024667755,0.307707259,0.013908801,1.149541521,0.077387165,1.620371574,0.157152642
CEREAL GRAINS AND FLOURS ,1C,Both,71+ Years,2628,58.36672494,18.33966553,0.934147227,4.99 E,0.934147227,52.58167626,2.189281113,72.10112209,6.168895385,0.252634735,0.012936894,0.07 E,0.012984627,0.708124105,0.037663319,1.073176752,0.061879686,31.42144013,1.342169936,21.45317195,1.042466647,65.45546,4.324539192,94.6965256,8.617096074,0.432840348,0.018715221,0.273681573,0.016929518,0.995737926,0.067273415,1.340119784,0.125466623
CEREAL GRAINS AND FLOURS ,1C,Both,1-18 Years,6339,58.19575453,23.82781859,0.860105267,4.792387859,0.860105267,69.77448755,3.518502036,113.6316689,4.641826223,0.696571292,0.025580012,0.136591323,0.018342586,2.119140941,0.082214007,3.131024087,0.16299225,40.94425578,1.316485441,23.55176403,0.981701069,107.0795454,5.931570659,133.5168099,4.540750933,1.196030374,0.038524843,0.746648862,0.038507476,2.815637988,0.150029732,4.127241451,0.236949744
CEREAL GRAINS AND FLOURS ,1C,Both,19+ Years,13331,53.6237855,23.41191502,0.745325084,2.7 E,0.745325084,67.71637026,2.763027564,107.7955812,4.97851516,0.318506674,0.011274692,0.04 E,0.008596673,0.934429166,0.044506207,1.415564133,0.050365237,43.65957158,1.199632562,25.35217567,0.870345307,103.8313132,4.380133669,157.1506119,9.938632012,0.593965292,0.018612398,0.332179678,0.013085414,1.384259902,0.050635083,2.168325351,0.13874273
CEREAL GRAINS AND FLOURS ,1C,Male,9-13 Years,1023,62.5110554,32.22820273,2.676128753,8.42 E,2.676128753,106.2779441,14.00361913,136.843079,14.96453397,0.752514992,0.059742229,0.21 E,0.040023495,2.289363827,0.246401559,3.26357529,0.292664928,51.55600481,3.690204016,29.08539066,4.684818885,126.5829892,11.18057965,172.4144985,19.5315516,1.203811049,0.081116466,0.740021342,0.101176262,3.115859882,0.302792844,4.213965182,0.462369385
CEREAL GRAINS AND FLOURS ,1C,Male,14-18 Years,900,55.89126067,32.29110685,2.714474004,F,F,104.7946666,10.90558831,143.1486967,14.64858478,0.478261086,0.040124995,F,F,1.551922763,0.188897598,2.096784763,0.217346198,57.77487655,3.866070634,37.71985218,4.90625945,132.6528643,12.61142414,190.1378767,20.19205125,0.855699228,0.058558801,0.464819216,0.044458861,1.922233232,0.215194624,2.630133148,0.288825548
CEREAL GRAINS AND FLOURS ,1C,Male,19-30 Years,857,59.46369754,41.03139663,4.853432683,F,F,154.2619482,22.26606113,196.6739573,12.76978773,0.539103343,0.067934351,F,F,1.88 E,0.328876692,2.826067733,0.379314572,69.00243061,7.355013761,35.98 E,8.700254121,196.1698404,17.13435632,199.8153911,8.862970209,0.906609183,0.105141176,0.42 E,0.118633874,2.768403541,0.442750138,2.887416322,0.268469284
CEREAL GRAINS AND FLOURS ,1C,Male,31-50 Years,2005,55.03584714,28.51829625,1.909363231,F,F,83.54026555,5.261636295,118.4435835,10.57978307,0.337748182,0.022924789,F,F,1.032897987,0.091234381,1.371793191,0.13022311,51.81767472,2.998096306,31.85126874,4.177852387,113.4269231,9.019525292,167.928167,23.07986121,0.613687623,0.036128224,0.370272033,0.050178397,1.357510047,0.092204492,2.16549648,0.249678569
CEREAL GRAINS AND FLOURS ,1C,Male,51-70 Years,2151,52.65751944,21.1116707,1.352622313,F,F,60.78522161,3.309294961,92.19689371,6.395584836,0.247774627,0.01620877,F,F,0.737713814,0.049798041,1.102100129,0.088447386,40.09241402,2.068488292,28.07991572,2.493090634,89.13818668,6.080311919,121.8585826,10.7140755,0.470539877,0.025512151,0.317777039,0.023427981,1.072379123,0.087319218,1.429345904,0.098733156
CEREAL GRAINS AND FLOURS ,1C,Male,71+ Years,1180,60.61798269,22.32553632,1.6041682,6.7 E,1.6041682,59.7278697,3.392756496,87.80767518,12.49836736,0.277137804,0.0201992,0.08 E,0.017714293,0.770018802,0.059491902,1.102641918,0.14018833,36.82988996,2.287782015,24.52754217,2.353329214,72.83217165,11.89054018,112.3414563,16.05947707,0.457187441,0.028764505,0.30890537,0.035258464,0.988637148,0.116445359,1.419886743,0.215147408
CEREAL GRAINS AND FLOURS ,1C,Male,19+ Years,6193,55.64730697,27.64617736,1.213169633,4.81 E,1.213169633,82.04083422,4.521122372,127.9583138,8.149417859,0.337598942,0.016069918,0.06 E,0.011493979,0.977494354,0.066862912,1.482099874,0.129596857,49.68106969,1.881552143,30.43831639,2.058043816,121.4418465,7.291769844,175.6149163,12.62500849,0.606676154,0.025568339,0.35369125,0.020496522,1.393999054,0.098706572,2.199775195,0.171020598
CEREAL GRAINS AND FLOURS ,1C,Female,9-13 Years,939,62.08467876,27.50862944,2.228780531,8.3 E,2.228780531,77.48106908,9.917560689,122.4434741,10.57274796,0.679272453,0.057805148,0.19 E,0.051517942,2.003427011,0.221460782,2.937356145,0.396246944,44.30824156,3.130590842,26.87227745,2.293872309,114.9454663,12.1564953,138.377773,10.95680557,1.094106415,0.081974001,0.602101356,0.069770016,2.519431361,0.310251196,3.615715706,0.307941204
CEREAL GRAINS AND FLOURS ,1C,Female,14-18 Years,990,57.38809142,23.43247645,2.411977383,F,F,69.66310196,7.662508155,112.1251436,13.47000571,0.40550117,0.044235182,F,F,1.168539164,0.124606015,2.023511933,0.296641033,40.8316009,3.703312277,25.07999821,3.045790769,104.8557365,14.5645241,131.6996192,20.68293758,0.706594626,0.069737451,0.395131427,0.044819228,1.778172865,0.266151173,2.412362615,0.319696804
CEREAL GRAINS AND FLOURS ,1C,Female,19-30 Years,992,51.72028853,18.03405868,1.708185486,F,F,55.28879033,5.942723219,76.20526937,9.000544395,0.29198245,0.03058267,F,F,0.89639518,0.139648867,1.386484054,0.126576388,34.86844175,2.503777114,21.25 E,4.227593941,73.65619764,8.849239171,108.3889251,11.89743293,0.564541418,0.04718251,0.358816152,0.049693915,1.370389859,0.123025458,1.71 E,0.34588108
CEREAL GRAINS AND FLOURS ,1C,Female,31-50 Years,2384,48.75958794,21.17042943,1.83057421,F,F,62.90728939,5.083855257,99.7175227,11.62343029,0.329293189,0.032735172,F,F,0.996878092,0.099227494,1.449250798,0.233724878,43.41798264,3.053485604,24.60362012,1.744052754,101.5560293,11.03504655,158.0646962,23.53939038,0.675340386,0.057431976,0.361444193,0.030955884,1.475962868,0.233408166,2.364018079,0.393444058
CEREAL GRAINS AND FLOURS ,1C,Female,51-70 Years,2314,53.09292543,19.43699281,1.483677985,F,F,53.13676816,3.389170786,94.72751503,13.06385798,0.296486345,0.024715953,F,F,0.838494678,0.071583499,1.293892434,0.163776731,36.60938374,2.542260949,21.25218381,1.563020789,87.66632414,12.53782992,125.4038417,20.1373059,0.558429099,0.042472523,0.298111938,0.017249212,1.244612617,0.1527895,2.15 E,0.384521487
CEREAL GRAINS AND FLOURS ,1C,Female,71+ Years,1448,56.58333131,15.18215212,1.004401822,3.58 E,1.004401822,45.40868309,2.764426261,63.94633999,5.185433314,0.233223979,0.015865125,F,F,0.687343236,0.040426254,1.050943109,0.080945478,26.83149219,1.493899339,17.730149,2.014550745,59.46518358,4.067011237,82.81598511,6.792070182,0.412177886,0.024014036,0.267172593,0.018188441,1.017289265,0.098272919,1.311240271,0.129418561
CEREAL GRAINS AND FLOURS ,1C,Female,19+ Years,7138,51.67019813,19.32399128,0.929335882,F,F,57.14823584,2.35957513,87.95667653,6.245959955,0.300074247,0.016392258,F,F,0.869317828,0.051094029,1.384007843,0.082499058,37.39871722,1.532292951,21.63752764,1.004175938,86.89664199,6.014126683,125.7259486,10.70503973,0.580749171,0.02783348,0.316157225,0.016987755,1.344387395,0.07509856,2.10575836,0.202726182
WHITE BREADS,2,Both,All ages,19670,30.4040295,25.07623771,0.779068546,F,F,77.99807028,4.330027314,130.7594023,3.570993127,0.408052319,0.012101039,F,F,1.358667672,0.043547546,2.047598689,0.052130899,82.47669182,1.700794148,71.99988577,0.610540517,144,2.225121305,201.1827173,9.089847565,1.340495778,0.02854728,0.979186638,0.024129209,2.665699062,0.109758417,3.536101342,0.207913214
WHITE BREADS,2,Both,1-3 Years,1288,26.84563758,11.82960439,1.138794187,F,F,49.03 E,8.351006721,72,1.787012273,0.8700561,0.087590972,F,F,3.365218201,0.441884226,5.035028377,0.27645819,44.06527633,2.243372495,35.99553706,1.194874749,72.25091784,2.501086853,87.60133085,9.397642549,3.133893851,0.165853245,2.886028708,0.194228209,5.645743176,0.215230125,6.128881158,0.637721706
WHITE BREADS,2,Both,4-8 Years,1199,31.52164145,22.25243245,2.492891706,F,F,72,2.127644459,108 E,18.42205263,0.962965883,0.101535813,F,F,3.235310507,0.285405142,4.868828416,0.689208975,70.59414239,5.976260919,65.80188648,7.475160657,142.7306594,13.31079196,174.29 E,37.60354924,3.054935716,0.23269556,2.42451801,0.180264672,6.23691788,0.690096711,8.102403977,1.060234687
WHITE BREADS,2,Both,9-13 Years,1962,34.89518412,26.75424521,1.633486184,F,F,72.24863381,3.799631564,117.7108352,8.983357965,0.6661739,0.042576451,F,F,2.147142704,0.101087467,2.879698012,0.178808536,76.67030819,3.284910978,71.48516153,1.500442538,137.436587,6.437296721,151.1093124,15.60638027,1.909071171,0.085883811,1.630573981,0.083835871,3.397835959,0.2434483,4.256291664,0.287245617
WHITE BREADS,2,Both,14-18 Years,1890,29.16687815,24.8707365,1.726419538,F,F,75.32106047,3.821444062,128.9148651,10.65039523,0.382142035,0.026467898,F,F,1.318782919,0.071894057,1.896970737,0.121178873,85.2704783,3.616021768,72,0.116072017,148.0089017,9.781344181,196.1966133,26.6147344,1.310191762,0.055636446,1.078715306,0.037994735,2.370332744,0.134874816,3.004421469,0.191710212
WHITE BREADS,2,Both,19-30 Years,1849,27.31599735,24.02204325,2.515726782,F,F,72,11.87391337,135.9135579,12.18267716,0.328822383,0.035270521,F,F,1.150865308,0.137565339,1.696287187,0.132113238,87.94130025,5.960748117,72,2.0745779,168.5347451,20.06376103,216.2034153,25.21171455,1.203772201,0.085649955,0.920795338,0.068331106,2.089211134,0.318645379,2.850067765,0.453353586
WHITE BREADS,2,Both,31-50 Years,4389,30.53294785,26.76363453,1.802853622,F,F,88.5636288,8.454258459,131.8961296,6.916882396,0.345286427,0.022476287,F,F,1.183334275,0.058123824,1.743214917,0.123610409,87.65493151,3.968658111,72,0.377811053,144,18.14734195,215.97 E,38.74271226,1.130865019,0.049287529,0.913695813,0.042421233,2.158372333,0.172125153,3.165473039,0.364194672
WHITE BREADS,2,Both,51-70 Years,4465,30.55704334,25.75738244,1.37834736,F,F,90.06628891,9.084184667,137.9248912,5.30422605,0.329469661,0.017696982,F,F,1.170220747,0.063933779,1.70591159,0.10890926,84.2927837,2.628877617,72,1.72797016,144,4.630517507,191.9093523,12.92509806,1.078211846,0.03436481,0.902516906,0.027649918,2.091899214,0.088164568,2.399774222,0.092601828
WHITE BREADS,2,Both,71+ Years,2628,32.73867298,24.6311264,1.455775093,F,F,79.97483101,9.332121168,131.3173549,7.839068236,0.344988933,0.020924676,F,F,1.223930191,0.066247983,1.79327787,0.090745112,75.23556746,2.844660341,67.97508766,1.807728899,139.6609333,2.992516567,170.991355,10.03309515,1.053765781,0.040571663,0.910245033,0.036828093,2.05272524,0.080184855,2.422589308,0.082150457
WHITE BREADS,2,Both,1-18 Years,6339,30.96838675,22.47053213,1.015417392,F,F,72,0.004777504,108,7.057606125,0.69965682,0.035071838,F,F,2.423860495,0.102083518,3.546674844,0.242739515,72.55958249,2.350882042,68.90186966,2.10317978,137.9691916,5.114890116,165.3578498,15.65124433,2.245265272,0.084880164,1.725563893,0.060355002,4.571485824,0.300963734,5.990618546,0.357760866
WHITE BREADS,2,Both,19+ Years,13331,30.26541812,25.71622315,0.926629239,F,F,85.42525393,6.09782831,134.7373681,3.889117284,0.337283464,0.01197266,F,F,1.183292818,0.037486384,1.74315557,0.056992118,84.9690001,2.04979282,72,0.442128538,144.0487592,5.922609525,202.6295806,9.834168896,1.114418649,0.026856014,0.90696476,0.019764632,2.093958795,0.069320339,2.667694818,0.143976128
WHITE BREADS,2,Male,9-13 Years,1023,35.09818482,27.41761566,2.214700181,F,F,72,3.542011372,110.0878557,13.2011262,0.658372364,0.052998814,F,F,2.052737806,0.131179284,2.877965464,0.239387177,78.11690491,4.131323449,69.93303886,1.507710067,131.2694507,7.81827296,174.34 E,31.09315775,1.875801747,0.091977169,1.54910122,0.084738379,3.305695421,0.301228928,4.258444855,0.509595199
WHITE BREADS,2,Male,14-18 Years,900,31.48755928,30.02075898,2.796196946,F,F,87.35204719,13.90118082,144,11.4871946,0.439831287,0.041681825,F,F,1.423165942,0.149266363,2.10501731,0.198025873,95.34165132,5.835976977,72,0.699598325,180,24.70670383,259.7808965,31.58812272,1.396841474,0.090875731,1.097458228,0.069752862,2.672996014,0.295238983,3.214205648,0.440343947
WHITE BREADS,2,Male,19-30 Years,857,30.35067347,28.6923237,3.796881246,F,F,99.63 E,22.31523245,144,15.02398057,0.364290981,0.049315166,F,F,1.14 E,0.196490421,1.849910085,0.227963318,94.53603635,8.193425101,72,3.401390894,169.2063176,22.4980404,216.3128742,34.04181236,1.200273137,0.109205706,0.876562318,0.074530351,2.087808489,0.345814651,2.834871334,0.433842535
WHITE BREADS,2,Male,31-50 Years,2005,32.20101625,33.18356325,3.280414612,F,F,112.9081249,12.50691008,144,15.75294102,0.397245233,0.03961245,F,F,1.228047313,0.154276428,1.882994925,0.224202473,103.0512919,6.611184943,72,3.675194696,201.72 E,39.15263428,303.07 E,51.19952246,1.233641913,0.079838302,0.940593502,0.06194094,2.6 E,0.436768057,3.327190908,0.364102291
WHITE BREADS,2,Male,51-70 Years,2151,35.85029801,32.09663166,2.136711222,F,F,106.9393593,7.551880628,144,5.698419309,0.375189632,0.025009561,F,F,1.249450876,0.092119832,1.790014157,0.143207732,89.52960907,3.743777639,72,0.807053994,152.4769888,12.26207706,192.2212724,17.31711633,1.046545363,0.045233047,0.855757429,0.037282168,2.012551892,0.100337846,2.264211754,0.150465843
WHITE BREADS,2,Male,71+ Years,1180,35.58291103,29.80436778,2.61453922,F,F,102.1201602,8.595649547,138.4984121,7.398287419,0.37916018,0.034804425,F,F,1.249635379,0.119346317,1.79761523,0.166445994,83.76034146,4.822569579,72,1.982962168,143.9121435,17.20030236,188.7324699,21.7556875,1.065568186,0.066347888,0.910255613,0.040776631,2.05861622,0.124794381,2.412701205,0.275950324
WHITE BREADS,2,Male,19+ Years,6193,33.44163097,31.6519262,1.566440535,F,F,108,5.711155241,144,3.486307155,0.382072104,0.019349235,F,F,1.239118671,0.061740786,1.854144544,0.093735089,94.64827305,3.088105823,72,1.56E-15,169.5472503,13.16116157,216.6162896,26.3739563,1.142504397,0.038753475,0.888341864,0.023822677,2.094057324,0.094922447,2.858254752,0.246202333
WHITE BREADS,2,Female,9-13 Years,939,34.68153569,26.05607982,2.356637343,F,F,74.45940041,7.27892938,119.3611102,11.16678003,0.674384641,0.068348932,F,F,2.290680076,0.160426265,2.886523748,0.285972365,75.12954459,4.836494647,72,2.651668465,137.7839837,9.715296779,148.6513356,13.22180432,1.944506283,0.145468113,1.724287514,0.138032763,3.524945343,0.377083771,4.000391031,0.467995634
WHITE BREADS,2,Female,14-18 Years,990,26.71313285,19.42541992,1.766205343,F,F,72,0.804538186,97.81082875,11.94015559,0.321144972,0.028746529,F,F,1.200023695,0.062801356,1.708197758,0.151872203,72.71861383,3.394102882,71.12959892,2.004344992,130.7894309,12.84698993,152.9076279,9.226295318,1.202198835,0.055832853,1.06729996,0.044064539,2.219486576,0.210930256,2.476359285,0.148507504
WHITE BREADS,2,Female,19-30 Years,992,23.95568236,18.8506138,2.910019184,F,F,72,4.716955656,109.44 E,19.23173698,0.289547792,0.04654026,F,F,1.200749026,0.181352947,1.6005694,0.147245429,78.68952976,8.255285547,66.04480143,4.339126712,144.07 E,27.40435789,216.02 E,38.80786856,1.208681047,0.132106143,0.982271528,0.150594722,2.29 E,0.486682978,3.4 E,0.709799565
WHITE BREADS,2,Female,31-50 Years,2384,28.93666841,20.62000142,1.791369881,F,F,72,2.409931163,111.6067519,9.767012041,0.295563781,0.025859756,F,F,1.106457336,0.067267136,1.437777445,0.103709182,71.25907216,4.491538003,65.62005866,3.17975145,130.4128766,7.519454561,151.98 E,35.23189243,1.021416067,0.064046779,0.887315741,0.062639296,1.886952579,0.221751249,2.28 E,0.407076316
WHITE BREADS,2,Female,51-70 Years,2314,25.38436283,19.56253394,1.513602413,F,F,72,2.591084934,120.0358906,13.41555188,0.284791138,0.022677005,F,F,1.092694345,0.064525648,1.691816183,0.179966039,77.06529435,3.735120587,65.84917365,2.355908939,138.0771096,4.124208018,149.87 E,29.81852971,1.121915646,0.056053986,0.946248135,0.047300454,2.288603838,0.210709268,2.696688215,0.255049088
WHITE BREADS,2,Female,71+ Years,1448,30.48553427,20.53300583,1.517928427,F,F,72,2.009533011,115.6747275,9.793880189,0.317919273,0.024528294,F,F,1.203128447,0.070517097,1.780330613,0.135399066,67.35327534,2.921707134,65.42754348,3.812551725,136.225182,7.047252173,142.9469493,10.39053356,1.042852881,0.045953105,0.901827495,0.061278145,1.985681944,0.12925188,2.412808232,0.115471745
WHITE BREADS,2,Female,19+ Years,7138,27.19897707,19.98566153,0.941613005,F,F,72,0.069710563,112.5807865,5.869025099,0.294042745,0.013800599,F,F,1.124467245,0.042404572,1.598386901,0.089187179,73.47946019,2.445723947,65.9676385,1.218705233,137.9977701,2.495364953,160.0930229,19.77246839,1.081080161,0.03569904,0.924964864,0.02943154,2.085737976,0.125792315,2.503336989,0.114285343
WHOLEMEAL BREADS,3,Both,All ages,19670,28.01266686,19.72678749,0.582385707,F,F,71.53883926,0.461160744,98.94009168,3.118522997,0.330692789,0.009707797,F,F,1.111956634,0.024465624,1.634562254,0.049444409,70.42095488,1.132381381,64,0.515939933,128,2.235836922,144,2.128235201,1.179493643,0.021632646,0.913137672,0.015726114,2.186350509,0.064429603,2.973428451,0.079710504
WHOLEMEAL BREADS,3,Both,1-3 Years,1288,31.26762032,13.45542097,1.122361512,F,F,44.39 E,7.656371072,67.82063358,3.756647193,1.040646885,0.089650373,F,F,3.525729265,0.276556988,5.28911508,0.595198377,43.03308289,1.997857305,35.36684764,0.70886246,73.92885821,4.285472633,95.0541201,10.87621736,3.220831785,0.181819619,2.615712732,0.206105013,6.430310097,0.481235014,7.420671136,0.653012281
WHOLEMEAL BREADS,3,Both,4-8 Years,1199,25.25094606,15.2838215,1.333280869,F,F,64,1.543964989,72.30816861,4.370838887,0.701161453,0.06579627,F,F,2.882352009,0.256766531,3.631912036,0.166810407,60.52771831,2.510823926,57.87468503,4.598814907,104.6288817,10.68761199,128.06542,7.639896172,2.776773003,0.133921743,2.344211388,0.154084064,4.452188527,0.344706797,5.989146365,0.725835207
WHOLEMEAL BREADS,3,Both,9-13 Years,1962,22.57754149,15.16285387,1.113703181,F,F,64.29707212,2.984664245,74,4.924370826,0.380187797,0.02908773,F,F,1.553253007,0.096868766,2.22338179,0.135628454,67.15901232,2.121549251,64,0.500806734,110.2903101,12.03414367,137.0545573,5.15410408,1.683920268,0.062398771,1.428571429,0.078998277,2.933084891,0.212634562,3.428896476,0.227358705
WHOLEMEAL BREADS,3,Both,14-18 Years,1890,19.99557038,14.69687258,1.308701237,F,F,67.47431059,3.049288516,73.98334001,12.27002331,0.231669211,0.021196841,F,F,1.051351612,0.061932331,1.385319987,0.097611995,73.50064189,2.839575547,67.47557059,2.855455546,126.2525581,11.40832217,142.5819525,7.720578145,1.158602665,0.048099009,1.051413071,0.042408034,1.859384047,0.208382871,2.284619494,0.201812533
WHOLEMEAL BREADS,3,Both,19-30 Years,1849,20.09266054,14.7580431,1.623756759,F,F,64.09466572,4.548391023,73.51 E,13.59680021,0.210802284,0.024254162,F,F,0.935725049,0.093220613,1.223877858,0.148437061,73.44992003,3.821501996,64.02599673,3.758831874,127.8975465,9.882346927,142.0989478,8.047838093,1.049150678,0.062934725,0.928222351,0.064614006,1.932207952,0.180129131,1.996397729,0.248478712
WHOLEMEAL BREADS,3,Both,31-50 Years,4389,25.134074,17.93627661,1.056025986,F,F,71.19771334,1.024179663,79.92024881,7.738379286,0.23341317,0.013710327,F,F,0.91255675,0.041361758,1.230920593,0.049239972,71.3623928,2.543848312,66.84789286,2.149329341,127.7317525,7.579416081,144,12.17880447,0.928672249,0.030995663,0.767431469,0.042856934,1.577405349,0.072577527,1.94869176,0.171267673
WHOLEMEAL BREADS,3,Both,51-70 Years,4465,32.49623174,24.46950201,1.260639441,F,F,74,1.672375011,111,8.912606227,0.326740549,0.017605293,F,F,1.108813517,0.037064106,1.462333476,0.065192568,75.29950611,2.429708476,68,1.821418325,135.8173827,4.266168686,154.1116683,17.35616692,1.005472117,0.037239932,0.84137756,0.032261373,1.69880467,0.096770615,2.282347619,0.165004425
WHOLEMEAL BREADS,3,Both,71+ Years,2628,44.13952565,29.52011645,1.307446473,F,F,77.23519449,5.225620657,113.9614647,7.46028457,0.414219283,0.019230629,F,F,1.197565744,0.043033495,1.625849748,0.083669457,66.87909762,1.702286575,64,2.892475729,123.9764375,6.295732716,141.0543696,5.341823725,0.938431659,0.026915156,0.793288858,0.029217307,1.717211974,0.073461029,2.108994198,0.158062091
WHOLEMEAL BREADS,3,Both,1-18 Years,6339,24.0311441,14.7789086,0.65056392,F,F,64,0.186316501,74,0.938282067,0.531256256,0.024704336,F,F,2.043271938,0.114036175,3.139304467,0.145230264,61.4989804,1.267756866,64,2.042022259,104.4429068,3.626349897,134.0014827,4.218937596,2.203741585,0.066032474,1.733122416,0.048827516,3.993919942,0.164522752,5.568817744,0.461083937
WHOLEMEAL BREADS,3,Both,19+ Years,13331,28.99056576,20.94203242,0.684517373,F,F,71.78047441,0.464496712,102,3.658063073,0.282018482,0.009512497,F,F,1.019082225,0.031289936,1.358461457,0.039651819,72.23740505,1.337656084,64.33346749,2.317754948,128,4.04080996,144,5.033559638,0.97279399,0.019671362,0.821746553,0.020231832,1.677650673,0.059280016,2.0956155,0.095142378
WHOLEMEAL BREADS,3,Male,9-13 Years,1023,22.4558617,16.4107934,1.65303703,F,F,68.55712818,3.459619734,95.54202124,14.88583574,0.403360054,0.041076667,F,F,1.615708754,0.183083687,2.417315319,0.196033116,73.08022118,3.58583045,64.12486745,4.387649297,135.1692563,14.87601666,139.7338697,8.400704932,1.79623503,0.08704836,1.55174119,0.103026182,3.199767471,0.218903007,3.429206739,0.109100749
WHOLEMEAL BREADS,3,Male,14-18 Years,900,22.63400882,18.56549732,2.24084384,F,F,71.19109141,4.942388227,104.3430517,8.852570666,0.273413172,0.034236366,F,F,1.132533058,0.067945574,1.455215288,0.190695233,82.02478609,3.981112693,69.72825485,2.665216381,134.3162775,9.846491336,144.9314112,15.41399252,1.207975019,0.069898356,1.09794051,0.061512467,2.211277029,0.260428076,2.337323131,0.319482134
WHOLEMEAL BREADS,3,Male,19-30 Years,857,17.78847276,14.5659988,2.41851726,F,F,65.01812458,6.536433085,F,F,0.2 E,0.036898047,F,F,0.921806534,0.142500527,1.09 E,0.360898707,81.88448214,5.364329264,68.80577543,3.483635979,134.7887968,10.20304082,146.7375495,16.57436252,1.125960491,0.093496724,0.967915306,0.091806805,1.993828783,0.226848488,2.01 E,0.437629771
WHOLEMEAL BREADS,3,Male,31-50 Years,2005,25.07981082,20.73136019,1.828211263,F,F,71.19370831,1.744583394,107.9756879,10.68023291,0.238060227,0.020525623,F,F,0.859077076,0.056357189,1.202747256,0.118187076,82.66154931,4.694336985,68.69207651,2.970294953,135.7446235,12.7753463,188.05 E,32.6989142,0.949210618,0.053243467,0.764459476,0.046887009,1.667134695,0.147101674,2.15 E,0.419154652
WHOLEMEAL BREADS,3,Male,51-70 Years,2151,29.90157944,25.89304053,1.950961272,F,F,74.84 E,13.46036214,135.7125442,7.295004458,0.306725366,0.023471281,F,F,1.021563849,0.073440488,1.580389493,0.126332627,86.59422348,3.848710991,71.38209336,0.782398086,147.5683259,18.35044971,208.1098032,16.77446289,1.025783157,0.048319306,0.812863315,0.039374601,2.018366898,0.174962223,2.518500278,0.225205848
WHOLEMEAL BREADS,3,Male,71+ Years,1180,41.82018671,30.43309953,1.932895764,F,F,83.28921569,11.04049614,126.1569094,8.74175206,0.380164455,0.024418355,F,F,1.099779512,0.074543933,1.556849595,0.097050815,72.77131435,2.569817754,67.26756792,3.078461136,131.2210115,5.831260411,145.2502934,12.08113447,0.909045333,0.033193562,0.816889577,0.036655898,1.702566446,0.086297247,1.931326652,0.096634856
WHOLEMEAL BREADS,3,Male,19+ Years,6193,27.17410663,22.38002556,1.032605242,F,F,74,1.119214233,118.2995687,7.290839529,0.269350606,0.012676362,F,F,0.950094844,0.031114797,1.418002924,0.079948234,82.35790732,2.230974253,71.1920023,1.080869631,141.6248852,4.655681965,190.159481,14.06938765,0.991203169,0.028264629,0.81878943,0.025256684,1.818652948,0.099639184,2.303423212,0.185846431
WHOLEMEAL BREADS,3,Female,9-13 Years,939,22.70560359,13.84945773,1.401473795,F,F,64,1.749558646,71.65707736,1.759592656,0.355800115,0.037992007,F,F,1.429237587,0.138741668,1.855274173,0.127432249,60.99576993,2.714332177,64,1.866436541,85.5954519,13.77257206,127.9560826,17.29214758,1.567014562,0.093502758,1.307350743,0.098358076,2.528442064,0.386173029,3.33 E,0.649445048
WHOLEMEAL BREADS,3,Female,14-18 Years,990,17.20584807,10.60642704,1.310876541,F,F,63.18 E,11.96830646,68.18377137,3.311857054,0.187531718,0.024480657,F,F,0.886273943,0.121914718,1.278306916,0.097194178,61.64431416,2.763067192,64,2.580157272,94.6021148,15.67484066,118.828497,16.67668734,1.089930105,0.053173778,1.046446554,0.080684945,1.752299863,0.16005014,2.071895,0.238759859
WHOLEMEAL BREADS,3,Female,19-30 Years,992,22.64410144,14.9706949,2.276819002,F,F,64,5.916052079,73.15768977,8.469406704,0.222441298,0.033636088,F,F,0.94738041,0.120640394,1.284025275,0.134320772,66.11300051,4.824762602,64,4.506797605,111.32 E,19.18424579,134.17411,13.26721789,0.982336608,0.078886797,0.882026683,0.106586678,1.593525922,0.195144774,1.941239523,0.19020066
WHOLEMEAL BREADS,3,Female,31-50 Years,2384,25.18600184,15.26148555,1.125268471,F,F,66.90437788,3.072516057,74,0.952743145,0.228966109,0.017469991,F,F,0.954281109,0.056226097,1.264460677,0.049550002,60.5951101,2.018259023,61.39641433,5.161316527,99.88748788,11.79423628,127.8051121,8.270714686,0.909100661,0.033641445,0.787231169,0.058871511,1.481373336,0.089456534,1.808866622,0.134082706
WHOLEMEAL BREADS,3,Female,51-70 Years,2314,35.03178088,23.07839003,1.527019791,F,F,71.98487108,1.424280087,100.5122458,6.682238996,0.34629981,0.025237477,F,F,1.142648723,0.04051351,1.413544938,0.057182627,65.87843795,2.886435735,64,3.461819307,108,5.806138265,133.9687164,4.444462421,0.988530418,0.052806082,0.861169292,0.0500388,1.565029212,0.076226494,1.885662146,0.204387655
WHOLEMEAL BREADS,3,Female,71+ Years,1448,45.97685159,28.79687265,1.71740313,F,F,75.62525028,4.436448369,110.1156958,8.20977167,0.441196719,0.027673256,F,F,1.237659869,0.053018,1.701193081,0.139617613,62.63341584,2.28333749,54,4.097175057,113.5267476,8.284413924,135.9941462,7.323902056,0.959606201,0.03945692,0.777745394,0.035368142,1.771644977,0.146588645,2.343859011,0.207666598
WHOLEMEAL BREADS,3,Female,19+ Years,7138,30.74424699,19.55373717,0.772196066,F,F,71.4256194,0.626697918,80.93561637,6.517946489,0.294248548,0.012191622,F,F,1.082153662,0.028700923,1.352519404,0.032711248,63.60128833,1.437824178,63.98900186,3.211966981,108,3.38583922,135.9861747,2.989961566,0.957084907,0.025272305,0.827206938,0.032282686,1.565216947,0.050435108,1.986779748,0.096676618
WHOLE WHEAT BREADS,3A,Both,All ages,19670,23.44278039,9.496443352,0.316088184,F,F,33.94723559,2.746716362,60.93659322,4.804955723,0.157773514,0.005042715,F,F,0.548651946,0.022634335,0.947436186,0.028600268,40.50903175,0.843683356,28.14142638,0.226573616,F,.,95.39097368,7.722760631,0.672445272,0.014664799,0.46780211,0.012625589,1.334597408,0.039045469,1.71462851,0.081684022
WHOLE WHEAT BREADS,3A,Both,1-3 Years,1288,26.95177931,5.812067475,0.485175919,F,F,23.98167631,3.664863213,33.35004848,2.270191531,0.444115308,0.036495054,F,F,1.630863858,0.165398935,2.611811172,0.201889817,21.56468932,1.156105234,14.1584378,2.192736168,39.24220829,2.183617371,49.72000043,7.635439728,1.593369335,0.096200494,1.181970665,0.122395184,3.095564919,0.253472209,3.602722186,0.402645014
WHOLE WHEAT BREADS,3A,Both,4-8 Years,1199,21.84356605,7.041141246,0.739321971,F,F,25.30564798,1.761293651,36.91578276,3.14657715,0.323374421,0.037280596,F,F,1.296361681,0.071822059,1.624263838,0.112644277,32.23439446,2.139948362,25.216,0.661475607,55.33342078,9.188643874,73.32108214,8.478602437,1.48041039,0.116321633,1.279505882,0.063373502,2.551656781,0.210376392,3.4 E,0.587480645
WHOLE WHEAT BREADS,3A,Both,9-13 Years,1962,19.28527266,6.802575409,0.61490392,F,F,25.31642538,1.738627678,39.43383318,6.236206056,0.170331766,0.015696556,F,F,0.612029895,0.068490053,1.088100097,0.106996386,35.27342097,1.922019544,26.82739327,1.470104238,72.54700704,3.30831994,75.648,9.07321939,0.883221975,0.050343733,0.629993155,0.050270483,1.777025683,0.137234657,2.278485449,0.281117154
WHOLE WHEAT BREADS,3A,Both,14-18 Years,1890,18.09150134,6.881650013,0.674839708,F,F,26.94543136,1.70046491,42.21 E,7.566756957,0.108773356,0.010934522,F,F,0.443601506,0.031180224,0.682501655,0.086610338,38.03802617,2.199764083,27.54736879,1.931828098,73.92663078,2.574300912,73.98428867,5.632574067,0.601240073,0.036825664,0.464223702,0.025097476,1.181902172,0.124033205,1.551540626,0.186211819
WHOLE WHEAT BREADS,3A,Both,19-30 Years,1849,16.87214643,7.200139946,1.002668871,F,F,25.23277885,4.199030666,53.76 E,11.19625152,0.104220391,0.014951385,F,F,0.4 E,0.074580658,0.778875375,0.127173853,42.67471228,3.228052895,28.07 E,6.029846561,73.03381478,1.922329932,73.88571196,11.067746,0.617706772,0.05095704,0.480100957,0.070672631,1.084733798,0.099043624,1.341844315,0.154570047
WHOLE WHEAT BREADS,3A,Both,31-50 Years,4389,20.87285969,8.716403203,0.573819806,F,F,28.12700604,2.209423999,54.99903147,7.426646473,0.114184905,0.00765947,F,F,0.43107953,0.029171383,0.713370918,0.050518703,41.75950652,1.869103709,27.94540814,0.982989332,74,0.895652547,85.03214873,12.38363316,0.547049645,0.024352141,0.41481151,0.024789336,1.052675412,0.057424437,1.269245179,0.066491786
WHOLE WHEAT BREADS,3A,Both,51-70 Years,4465,26.92013159,12.06074129,0.719277646,F,F,47.25349789,4.948439635,70.95195397,2.863506681,0.163073731,0.009987011,F,F,0.591879245,0.03869,0.944233016,0.06338567,44.80194034,1.762805549,28.86744914,3.405478735,74.05483438,6.88336693,107.7765549,7.872833761,0.605768701,0.025137526,0.449490905,0.021765944,1.1743717,0.08770594,1.478707889,0.104660668
WHOLE WHEAT BREADS,3A,Both,71+ Years,2628,36.43964991,13.83793065,0.826426323,F,F,41.99732184,3.399545976,67.97283852,4.653671691,0.193833498,0.011555687,F,F,0.615463337,0.046229278,0.984092453,0.059868153,37.97492753,1.661564083,27.95271231,0.434403517,74,1.652850411,107.9377555,15.12638544,0.531930187,0.023206751,0.39029222,0.017690941,1.031833714,0.048856034,1.337986911,0.139943708
WHOLE WHEAT BREADS,3A,Both,1-18 Years,6339,20.93454368,6.727194203,0.358052044,F,F,25.23508387,1.42620202,37.824,1.799531822,0.238618208,0.01334375,F,F,0.899234326,0.056156615,1.429131584,0.066124065,32.13442006,1.019684422,25.216,0.448287008,67.87570855,2.985113453,74,0.510183239,1.135946268,0.046919455,0.862250536,0.039028764,2.252257874,0.138848526,2.882588011,0.181745903
WHOLE WHEAT BREADS,3A,Both,19+ Years,13331,24.05882658,10.17659662,0.381932427,F,F,36.89596066,2.052310951,67.92216677,2.957756763,0.138153492,0.005356393,F,F,0.502574031,0.022262962,0.838789213,0.042434904,42.29880698,0.998845037,28.2469148,0.290516841,74,0.0233507,101.5860864,6.399293425,0.574232047,0.014334087,0.428843537,0.012658233,1.115974898,0.031782833,1.3869199,0.054413118
WHOLE WHEAT BREADS,3A,Male,9-13 Years,1023,19.9752617,7.139129751,0.867660396,F,F,27.30741825,1.446739928,39.82079652,5.499533367,0.171121464,0.019734791,F,F,0.673695473,0.097459098,1.042156472,0.115266129,35.73985591,2.857173576,27.31185709,1.155145926,67.94736201,8.456885647,75.57 E,23.08990181,0.856666942,0.058670841,0.67399405,0.071125864,1.377755496,0.197565057,2.18 E,0.497280641
WHOLE WHEAT BREADS,3A,Male,14-18 Years,900,20.01468426,7.990067655,1.094406821,F,F,28.28 E,6.635556887,50.432,7.634746819,0.115034654,0.015642316,F,F,0.465855709,0.056324955,0.7 E,0.126072304,39.92102774,2.66043998,28.27 E,5.481385498,73.92048695,4.12747187,73.99365655,11.68867202,0.57475128,0.037496819,0.465822081,0.040126634,1.046779314,0.074395683,1.183933011,0.109999559
WHOLE WHEAT BREADS,3A,Male,19-30 Years,857,14.13061853,6.87 E,1.540479479,F,F,F,F,56.68 E,14.79574492,0.1 E,0.022909526,F,F,F,F,0.78 E,0.199318889,48.59464264,4.89700146,44.12 E,9.978738294,73.26577882,5.878130865,74.8 E,22.82855593,0.673757117,0.077844423,0.64 E,0.144572491,1.07856609,0.101692355,1.143084039,0.146905604
WHOLE WHEAT BREADS,3A,Male,31-50 Years,2005,21.16686819,9.989650778,0.936142642,F,F,33.60772457,4.530696051,67.79259642,8.861552909,0.115980405,0.010835701,F,F,0.388550463,0.051082157,0.714176035,0.069244484,47.1947512,3.244423473,28.33 E,5.132759435,74,6.579827775,107.87 E,18.63138683,0.547933704,0.038197929,0.371953509,0.038525143,1.008496622,0.065095194,1.23 E,0.253254591
WHOLE WHEAT BREADS,3A,Male,51-70 Years,2151,24.93406669,12.05307676,1.096873475,F,F,49.17572032,5.677001508,74,4.672343898,0.142760289,0.012653951,F,F,0.531391916,0.051761239,0.827544469,0.065735155,48.33979513,2.984770239,33.9812697,4.826499572,83.14144867,11.03052287,122.4786376,19.90895633,0.572551163,0.033358458,0.410279187,0.033588795,1.13100029,0.099645981,1.523903904,0.237328457
WHOLE WHEAT BREADS,3A,Male,71+ Years,1180,34.37669105,14.10693251,1.165164435,F,F,45.48268165,4.893446884,73.16058861,6.675661922,0.178325007,0.014776545,F,F,0.613121531,0.065467948,0.928701923,0.081913425,41.03633037,2.065666435,28.1669023,1.738545648,73.90975212,4.101165969,105.9093542,13.3208849,0.518738136,0.025999048,0.363611962,0.022868314,0.993580183,0.044235869,1.188549899,0.092570174
WHOLE WHEAT BREADS,3A,Male,19+ Years,6193,22.57657985,10.55627026,0.572327141,F,F,37.824,3.516537085,67.95978303,3.933231187,0.127845924,0.007092903,F,F,0.456452639,0.03559986,0.786264183,0.040081196,46.75761487,1.608843327,30.31620503,3.356028495,74.54996239,4.73324785,108.1769026,9.50052632,0.566276756,0.019904946,0.401038036,0.019755757,1.084594702,0.039647245,1.288144356,0.134441513
WHOLE WHEAT BREADS,3A,Female,9-13 Years,939,18.55909248,6.448368204,0.827754313,F,F,25.216,0.973644247,F,F,0.169500647,0.022795057,F,F,0.562922135,0.08251049,1.13 E,0.256339709,34.74506209,2.583042265,25.216,0.608940604,74,3.674880084,75.59989284,7.696549929,0.913302455,0.078491645,0.595722015,0.066056052,1.916453059,0.140569817,2.27854891,0.277798515
WHOLE WHEAT BREADS,3A,Female,14-18 Years,990,16.05804616,5.709677464,0.800725423,F,F,25.216,2.987040462,32.64 E,9.004932864,0.102153045,0.01571906,F,F,0.411521717,0.05583294,0.61 E,0.127364863,35.55648929,3.349305753,25.216,1.838325892,69.85742124,5.25409807,72.5875665,2.163933197,0.636148657,0.06843963,0.455938907,0.039473597,1.340806281,0.193193366,1.557919638,0.138476534
WHOLE WHEAT BREADS,3A,Female,19-30 Years,992,19.90785666,7.57 E,1.393764885,F,F,25.22 E,6.000224623,52.64 E,13.90939807,0.11 E,0.020973728,F,F,0.43 E,0.097296235,0.73 E,0.152152741,38.02184239,3.916570547,25.22 E,4.313346817,72.7846631,4.92240499,73.73507494,9.386565507,0.573653051,0.064657874,0.43 E,0.074241168,1.134976772,0.184716009,1.37 E,0.233122536
WHOLE WHEAT BREADS,3A,Female,31-50 Years,2384,20.59150449,7.497952611,0.689152144,F,F,27.65909857,1.104842524,49.2 E,8.978590191,0.112466678,0.010672507,F,F,0.446084507,0.029774655,0.710153823,0.076610009,36.41284499,1.921777352,27.52780551,0.899149475,74,2.229045409,74,9.062035886,0.546179993,0.030492446,0.443133186,0.022509297,1.09139984,0.100920798,1.280035754,0.064344211
WHOLE WHEAT BREADS,3A,Female,51-70 Years,2314,28.86095624,12.06823124,0.965752348,F,F,42.94760325,6.518374985,67.99217251,3.57184768,0.182924458,0.015524764,F,F,0.629823606,0.058215128,1.082095903,0.090750807,41.81507757,2.103398456,28.33827443,3.279988088,74,5.777274354,105.5180593,13.19885488,0.633812879,0.036237764,0.464664572,0.024800093,1.345426715,0.130923523,1.478173148,0.126013049
WHOLE WHEAT BREADS,3A,Female,71+ Years,1448,38.07387756,13.62483367,1.150260765,F,F,39.22628743,3.6894379,67.76915275,6.50966629,0.206118962,0.017005131,F,F,0.646369467,0.059915737,0.987222426,0.071473598,35.78525369,2.365331724,27.78017573,0.892637103,74,5.357631718,103.71 E,18.85959381,0.541365825,0.034581048,0.40434598,0.023400343,1.052279394,0.10467886,1.534425322,0.205490382
WHOLE WHEAT BREADS,3A,Female,19+ Years,7138,25.48984598,9.81004472,0.482901237,F,F,33.94969277,2.307332736,67.79739357,5.593094615,0.148104825,0.007496239,F,F,0.521581619,0.028308353,0.921258954,0.064221747,38.48608864,1.189936056,28.07988525,0.295482926,74,0.268298065,93.11058356,12.94024116,0.581034602,0.019506265,0.441159927,0.012627538,1.173916956,0.062964395,1.400506189,0.060498992
OTHER WHOLE GRAIN BREADS,3B,Both,All ages,19670,21.42931421,10.23034414,0.370975962,F,F,43.61805091,0.335614317,54,3.541574177,0.172919275,0.006339972,F,F,0.621516236,0.023957129,0.971754701,0.038747577,47.73995116,0.992102782,41.44389128,1.765586149,82.416,0.662308744,102,5.653296659,0.806266343,0.01878283,0.582881348,0.012544781,1.555772983,0.069289261,2.085080882,0.070375383
OTHER WHOLE GRAIN BREADS,3B,Both,1-3 Years,1288,25.45351063,7.643353496,0.811133221,F,F,24.72 E,5.419567748,43.24556674,3.883114907,0.596531578,0.06751259,F,F,2.085158231,0.214863561,3.611698838,0.462821891,30.02868094,1.983064691,21.60241418,1.379359693,60.44319171,8.330946216,76.23280857,10.94121423,2.264760076,0.181587688,1.741136928,0.149165824,4.691807821,0.555895913,5.305342924,0.604006614
OTHER WHOLE GRAIN BREADS,3B,Both,4-8 Years,1199,20.87031419,8.242680254,0.795547116,F,F,38.784,0.981216711,45.97384218,4.36781321,0.377787032,0.038026494,F,F,1.83629865,0.157239612,2.206147573,0.09871921,39.49475882,1.524178363,38.784,0.624673926,66.30225103,6.557908196,77.67389861,3.220068166,1.810164563,0.072731335,1.804487318,0.116766654,2.703645887,0.276461689,3.670821928,0.315675334
OTHER WHOLE GRAIN BREADS,3B,Both,9-13 Years,1962,19.07780103,8.360278459,0.718211277,F,F,38.784,1.590319656,47.84760131,4.729364302,0.209856031,0.018450734,F,F,0.890659679,0.074786999,1.385966421,0.089057297,43.82202354,1.574508219,38.784,1.732363946,77.568,6.493778943,86.02145722,3.650793247,1.100001152,0.044336976,0.932549945,0.045622265,1.938134924,0.10666997,2.153912124,0.233428698
OTHER WHOLE GRAIN BREADS,3B,Both,14-18 Years,1890,15.97584628,7.815222567,0.791039894,F,F,38.784,1.848609913,45.48855202,6.608585979,0.122895855,0.012926237,F,F,0.57833968,0.055286094,0.768141701,0.068409758,48.91898952,2.506628113,40.97849873,2.311522555,77.86665181,6.779146373,99.56693106,14.58535042,0.769260378,0.040531878,0.666114014,0.028309195,1.296511636,0.104352116,1.642395626,0.234002699
OTHER WHOLE GRAIN BREADS,3B,Both,19-30 Years,1849,15.09890215,7.557903153,0.992571319,F,F,38.784,3.52779468,54,6.831892661,0.106581893,0.014652718,F,F,0.45 E,0.095086731,0.750935926,0.083676974,50.0559781,2.761393681,43.11134386,2.841125955,82.416,4.148823231,87.20087293,12.75632655,0.705891674,0.045166942,0.652869193,0.053083604,1.195018537,0.074253074,1.234820594,0.195921951
OTHER WHOLE GRAIN BREADS,3B,Both,31-50 Years,4389,18.93871871,9.219873408,0.679106665,F,F,43.02539752,2.182574312,54,4.056092431,0.119228265,0.008543406,F,F,0.497230769,0.033649129,0.74497368,0.041921015,48.68266722,2.133248504,43.11304319,0.927938076,82.10190409,2.861684331,105.0599278,13.50538973,0.629547686,0.025579045,0.516222619,0.023908319,1.082021379,0.055139948,1.436916997,0.133840286
OTHER WHOLE GRAIN BREADS,3B,Both,51-70 Years,4465,23.88993006,12.40876071,0.830338316,F,F,43.38933612,0.608511208,69.30300155,5.389277722,0.163666818,0.012344692,F,F,0.581118326,0.026646626,0.863528567,0.041941229,51.94138569,2.401608769,43.05408043,1.175712302,86.84285755,4.698558359,127.8571892,12.3817715,0.685087052,0.040020837,0.541795035,0.018061935,1.262850114,0.095011249,1.633160971,0.130708209
OTHER WHOLE GRAIN BREADS,3B,Both,71+ Years,2628,34.92545935,15.6821858,0.816871484,F,F,47.95591261,3.914699828,73.64045998,5.887891932,0.220385785,0.012296511,F,F,0.710642503,0.026796166,0.98527371,0.062782897,44.90187414,1.219426251,42.48376321,1.753300587,81.90925213,2.215799232,91.9859304,5.239127899,0.631017569,0.02108577,0.522499582,0.016856961,1.160950644,0.0540422,1.416904281,0.076214462
OTHER WHOLE GRAIN BREADS,3B,Both,1-18 Years,6339,19.75059481,8.051714399,0.392014033,F,F,38.784,0.164870481,45.98927633,3.180767538,0.292638048,0.015872905,F,F,1.122632458,0.088007332,1.958886555,0.098384109,40.76694639,0.927408124,38.784,7.78E-16,71.71143945,4.550860792,82.43960292,1.966366273,1.4764396,0.052176544,1.126990911,0.070991183,2.703193571,0.171880481,3.813102831,0.251748672
OTHER WHOLE GRAIN BREADS,3B,Both,19+ Years,13331,21.84162326,10.7654358,0.431637505,F,F,43.23596392,0.396036079,59.92311095,3.674279731,0.143864989,0.006104013,F,F,0.563720524,0.013324364,0.816788141,0.02844524,49.28862509,1.193864245,43.07069179,0.604816374,82.416,1.189722001,107.9829555,6.536258281,0.658673522,0.018225898,0.538666667,0.011738966,1.166072045,0.043697329,1.478195146,0.073230832
OTHER WHOLE GRAIN BREADS,3B,Male,9-13 Years,1023,19.95215686,9.271663647,1.017974877,F,F,41.73003254,2.21285277,54,6.205263395,0.23223859,0.025911368,F,F,0.968608781,0.135643458,1.477600446,0.115607565,46.46948052,2.281103612,41.74323624,2.066513693,82.41367953,7.63642563,87.45894069,11.00955194,1.163977368,0.058374141,0.969597779,0.091480751,2.00852075,0.100778386,2.141786407,0.114395495
OTHER WHOLE GRAIN BREADS,3B,Male,14-18 Years,900,19.27109416,10.57542967,1.367492014,F,F,42.59858367,3.275867006,63.06318667,6.516279554,0.158378518,0.021497244,F,F,0.67039587,0.05727525,0.915936814,0.115931731,54.87716255,3.328441668,42.84389784,2.407630074,86.52431041,10.08904313,107.93 E,26.87944395,0.821844972,0.058236142,0.672389783,0.038161577,1.38378366,0.169936802,1.76 E,0.425647272
OTHER WHOLE GRAIN BREADS,3B,Male,19-30 Years,857,13.73018449,7.7 E,1.442739185,F,F,38.77 E,7.342628067,54 E,9.810925229,0.11 E,0.021714934,F,F,0.5 E,0.124923659,0.74 E,0.172720386,56.07554089,3.323491641,45.85385588,5.007982732,86.95501787,9.971005467,108.1780789,12.44063108,0.765358449,0.060874748,0.697984919,0.049991689,1.201599638,0.153978807,1.446554735,0.224042715
OTHER WHOLE GRAIN BREADS,3B,Male,31-50 Years,2005,19.33244857,10.74170941,1.185317386,F,F,43.24126424,1.270000258,63.88959983,9.021794374,0.122079822,0.013195918,F,F,0.470503917,0.038103038,0.730641805,0.106011484,55.56310867,3.707400323,43.2926849,0.542654351,87.264,13.33844859,120.49 E,26.12388312,0.631476256,0.04304172,0.488613549,0.028541464,1.065648386,0.137022637,1.474047518,0.236149829
OTHER WHOLE GRAIN BREADS,3B,Male,51-70 Years,2151,23.58958053,13.83996377,1.184026386,F,F,45.00060131,4.543847276,77.62735407,4.469664532,0.163965077,0.014527975,F,F,0.574579708,0.035115742,0.92038934,0.076151242,58.66981719,3.051995004,43.40248103,0.652578268,120.4207349,15.04994302,135.2439386,12.20562736,0.695074152,0.039604803,0.53868164,0.027963427,1.403184429,0.196521099,1.82156908,0.147775669
OTHER WHOLE GRAIN BREADS,3B,Male,71+ Years,1180,33.76306466,16.32616702,1.222122428,F,F,53.53408273,3.491971119,75.1420197,6.031737421,0.201839449,0.015363216,F,F,0.625356032,0.044284128,0.904347774,0.06857155,48.3551099,1.862758749,43.16924706,1.084908462,82.12450941,2.462718994,98.97418066,12.32830865,0.597811398,0.024666637,0.503334874,0.017412849,1.071296309,0.071992989,1.316684347,0.076383487
OTHER WHOLE GRAIN BREADS,3B,Male,19+ Years,6193,21.29380359,11.8237553,0.643203787,F,F,43.46190964,1.083526151,71.96049508,4.343102044,0.141504682,0.007903742,F,F,0.54419024,0.017136833,0.830421564,0.057426942,55.5267416,1.728256206,43.35417439,0.277825614,95.7492607,8.192345151,129.4814421,8.406739422,0.66453455,0.02225239,0.522503699,0.015124408,1.208563439,0.073299233,1.677344453,0.127476261
OTHER WHOLE GRAIN BREADS,3B,Female,9-13 Years,939,18.15758371,7.401089524,0.944315219,F,F,38.784,3.801096152,43.63131546,5.551423262,0.186299467,0.024214122,F,F,0.756292047,0.09481417,1.219077428,0.146819965,40.76032165,2.514731398,38.784,0.222369067,69.92168546,9.219219534,82.10427176,5.419134808,1.026014641,0.07476604,0.819158371,0.073338515,1.742932802,0.226090464,2.59 E,0.47714802
OTHER WHOLE GRAIN BREADS,3B,Female,14-18 Years,990,12.49165412,4.896749577,0.749157796,F,F,F,F,38.784,1.141517739,0.085378673,0.01367927,F,F,F,F,0.680243073,0.059511018,39.2001694,2.032041492,38.784,0.680449964,55.8384793,6.806210596,76.69843686,12.74535634,0.683485726,0.033796252,0.635046857,0.03767695,1.09168708,0.106639475,1.256459823,0.178365382
OTHER WHOLE GRAIN BREADS,3B,Female,19-30 Years,992,16.61449139,7.4 E,1.279700654,F,F,38.78 E,7.363176207,44.87 E,8.439051457,0.11 E,0.018536442,F,F,0.41 E,0.109110516,0.806141968,0.103699045,44.54762321,3.907240099,38.784,2.59230338,80.00886628,8.514761154,82.72659953,6.603280508,0.65147508,0.06148737,0.54 E,0.104644704,1.088000056,0.119603516,1.213418798,0.128544295
OTHER WHOLE GRAIN BREADS,3B,Female,31-50 Years,2384,18.56193388,7.763532935,0.687403178,F,F,38.784,3.711848514,44.41351547,2.590685833,0.116499431,0.010455588,F,F,0.538208614,0.050382135,0.745492144,0.036222555,41.82502203,1.957679626,38.94863285,2.681064878,75.13082851,6.8297056,86.91040626,10.87171111,0.627625506,0.029616403,0.562215403,0.030548817,1.090187557,0.087940757,1.328792305,0.130580057
OTHER WHOLE GRAIN BREADS,3B,Female,51-70 Years,2314,24.18343798,11.01015879,1.095416049,F,F,43.02762241,1.915353302,54,3.656943986,0.163375353,0.019056317,F,F,0.59327563,0.040277426,0.808548088,0.05265995,45.52768221,3.484026408,38.784,0.913942758,77.97587485,3.863455478,83.69656107,2.147321167,0.675567108,0.065879342,0.546938932,0.025925575,1.098932579,0.093735957,1.337895411,0.064370293
OTHER WHOLE GRAIN BREADS,3B,Female,71+ Years,1448,35.84628118,15.17203897,1.026599924,F,F,47.34909317,3.562704675,68.49484483,7.455822661,0.235077757,0.017418654,F,F,0.750603621,0.029809892,1.079853529,0.081870291,42.32528026,1.54159031,38.92201465,2.417560976,77.9865818,4.529751618,89.0733871,4.616472002,0.655793989,0.030617154,0.568485583,0.035548023,1.225064676,0.09050349,1.493053512,0.126690104
OTHER WHOLE GRAIN BREADS,3B,Female,19+ Years,7138,22.37050995,9.743692452,0.493111708,F,F,42.6454852,1.942563897,54,2.202547798,0.146143723,0.008079003,F,F,0.583190419,0.026303444,0.809827492,0.024597688,43.55596933,1.479757265,38.784,0.733072574,77.96827572,2.315608085,85.49470359,2.159547912,0.653287399,0.026658999,0.551150902,0.015454901,1.12013952,0.043228074,1.351975047,0.055657798
OTHER BREADS,4,Both,All ages,19670,50.74085568,35.88704363,0.911200568,F,F,105,0.209627227,151.9506672,4.105499854,0.606981549,0.014880387,F,F,1.724486834,0.048546872,2.60165942,0.080550307,70.72613016,1.445229395,53.9390124,1.403350928,151.781451,4.181116309,190.6535969,6.907180049,1.196082272,0.024344466,0.815774457,0.023412641,2.575892187,0.079424152,3.5796963,0.130103719
OTHER BREADS,4,Both,1-3 Years,1288,53.15862223,17.81343619,1.46801048,F,F,52.47892062,3.017642003,74.8474412,9.131259601,1.286738208,0.101769638,F,F,3.852392487,0.231981807,5.060688484,0.665486336,33.50996591,2.479425229,20.00367957,2.014588003,74.67381283,8.573280551,103.0046548,9.36208334,2.402356751,0.172513809,1.568061064,0.170158039,4.716364977,0.619469503,7.188605152,0.483844958
OTHER BREADS,4,Both,4-8 Years,1199,62.80485722,36.97427665,2.750186689,17.83 E,2.750186689,104.4260778,10.24659688,144.3484558,14.11248561,1.594547473,0.110602787,0.76080671,0.106338711,4.231793704,0.342431418,5.531335241,0.575955549,58.87168332,3.754382838,42,1.301681886,127.2457869,11.4643234,157.2897468,20.93142463,2.538891964,0.148407684,1.922073256,0.12198576,5.100709813,0.371741123,7.070283547,0.92292088
OTHER BREADS,4,Both,9-13 Years,1962,60.7099442,46.11049853,2.21269286,17.92 E,2.21269286,126.6185718,9.14231801,175.0092915,9.896704756,1.138653002,0.057240076,0.46 E,0.077166709,3.220965538,0.218119299,4.520607436,0.291435677,75.9521346,2.801939029,57.85997173,2.570056556,165.9234948,9.085218073,209.9640025,13.52608563,1.87556259,0.073142245,1.384359945,0.072258819,3.990387963,0.265996116,5.262260682,0.254589303
OTHER BREADS,4,Both,14-18 Years,1890,55.25430055,49.16697735,2.593539113,14.6 E,2.593539113,135.9103092,11.8253811,198.9892779,13.21213326,0.769505511,0.04104451,F,F,2.037092415,0.135118589,3.090676834,0.249714756,88.98307799,3.855320328,64.44096004,3.611012742,185.3183296,14.17413779,232.1815744,17.98229098,1.392661753,0.063519405,1.031686189,0.060834692,2.969626128,0.237833075,3.951215788,0.34286478
OTHER BREADS,4,Both,19-30 Years,1849,54.40641935,43.59267976,3.046936056,F,F,126.9782397,16.00866927,176.7730901,10.54666195,0.630824042,0.047626526,F,F,1.987179565,0.245969822,2.672772489,0.180643494,80.12414764,4.388028582,63.69451118,3.230475806,168.0005506,10.56678461,205.5566192,13.99309893,1.159466198,0.070686223,0.904392905,0.06759297,2.562751995,0.160677167,3.029109844,0.171547367
OTHER BREADS,4,Both,31-50 Years,4389,48.22067384,38.35608751,2.025653278,F,F,104.9114497,2.751124988,157.5788454,9.552677937,0.502521924,0.027889418,F,F,1.480204816,0.067800615,1.911128075,0.120732245,79.54282771,3.311086929,59.98915626,2.352496738,158.5253462,9.163080435,202.5057967,18.4953882,1.042129617,0.046316029,0.769247584,0.045980752,1.932969936,0.129540197,2.71149197,0.263058422
OTHER BREADS,4,Both,51-70 Years,4465,47.56657531,30.56722311,1.426828669,F,F,99.51554932,5.022205515,127.3374217,7.162571621,0.389217792,0.018743288,F,F,1.248169943,0.052232649,1.622583776,0.10767861,64.26197998,2.239025939,51,2.238967726,130.8993444,6.848808917,161.6557712,10.14962736,0.818259018,0.029402337,0.608728979,0.024482808,1.711975254,0.092738835,2.102191081,0.086528515
OTHER BREADS,4,Both,71+ Years,2628,46.52961016,23.95858067,1.308467218,F,F,74.32551949,4.798110637,105,3.635591571,0.337605584,0.018829779,F,F,1.012032582,0.047116844,1.556558681,0.133914194,51.49104104,2.384859372,41.09459593,2.574827868,105,4.608612217,140.7373714,11.7789635,0.725571486,0.033962031,0.543641062,0.038620646,1.587301587,0.110948673,2.004449379,0.191065661
OTHER BREADS,4,Both,1-18 Years,6339,58.47463784,39.72162198,1.18339773,12.06597159,1.18339773,110.4947576,3.812506968,159.451834,5.910860408,1.183762446,0.038548241,0.423190433,0.052348384,3.370220343,0.111413941,4.615049409,0.154850696,67.92965883,1.750946344,49.45195998,2.079238455,149.40662,6.404839128,203.0269259,9.719528728,2.020016237,0.056987236,1.421883937,0.038265376,4.34420218,0.173248237,5.553924316,0.286871434
OTHER BREADS,4,Both,19+ Years,13331,48.84136709,34.94523564,1.074217003,F,F,105,0.143425756,151.0624232,5.482685625,0.467003862,0.015172994,F,F,1.395754734,0.037647254,1.937841655,0.08233544,71.54843881,1.790687364,54.84882105,1.581047095,151.7871482,4.784375834,185.9669637,8.514725597,0.956164599,0.025855224,0.712425075,0.022119681,1.956531464,0.085698024,2.612539624,0.119132183
OTHER BREADS,4,Male,9-13 Years,1023,57.74049719,48.75549335,3.23864922,18.35 E,3.23864922,136.9657799,17.15748989,199.7653596,15.25649384,1.186611143,0.0807977,0.47 E,0.116853069,3.474344068,0.391008844,4.795604446,0.303398929,84.43899122,4.414750555,60.36203558,4.06240658,190.635496,14.36643658,232.8384458,11.9669235,2.055076073,0.111366484,1.371923685,0.102008969,4.701099172,0.289496836,5.553680578,0.262232473
OTHER BREADS,4,Male,14-18 Years,900,55.96937055,57.56224589,4.640347771,F,F,156.9843824,21.37680946,213.1458389,17.1071392,0.841722403,0.070771473,F,F,2.207982365,0.310247692,3.471879601,0.384827903,102.8459769,6.690006724,77.90526896,6.717273384,209.6089638,13.78641,277.0640271,32.36441666,1.503898284,0.106456638,1.058961042,0.116708499,3.256883392,0.356238279,4.624805033,0.62211933
OTHER BREADS,4,Male,19-30 Years,857,55.19817249,47.13000627,4.674613391,F,F,150.7055554,20.10875896,179.8674055,10.72450615,0.623399505,0.063137033,F,F,1.936942183,0.296652938,2.469257785,0.156331782,85.38327293,6.875570704,67.95839274,7.613152611,178.5072077,10.67693759,203.0872603,19.34805851,1.129384319,0.092598501,0.909778971,0.100808516,2.334466685,0.165879856,2.71806633,0.132541806
OTHER BREADS,4,Male,31-50 Years,2005,50.88477838,44.9243867,3.26025282,F,F,130.8621348,11.42496146,172.2383124,9.697185532,0.52791112,0.040771258,F,F,1.505224598,0.090638229,1.98478145,0.165582902,88.28649379,5.073589326,71.22272414,5.41404401,171.9776534,8.626686576,227.5692811,33.86110225,1.03746373,0.065798344,0.84061866,0.072771711,1.946212365,0.167362357,2.818868337,0.414272655
OTHER BREADS,4,Male,51-70 Years,2151,48.3983245,36.20614892,2.250045894,F,F,106.0801856,5.136161616,150.1041399,7.464458755,0.414945475,0.026116151,F,F,1.268654054,0.064343077,1.707477617,0.110272677,74.80868252,3.619137789,57,2.524632619,151.7570607,7.349610034,190.0863707,18.8670365,0.857355041,0.043285654,0.604577326,0.034553705,1.75082897,0.11370927,2.258402681,0.236520455
OTHER BREADS,4,Male,71+ Years,1180,44.20812247,27.23994877,2.448018455,F,F,84,9.557076901,128.4504881,12.40073999,0.340595799,0.031812947,F,F,0.967016355,0.087883391,1.583852427,0.18297432,61.61752015,4.610991609,42.97383388,4.16905564,132.459065,11.94765998,194.9 E,41.85912033,0.770437151,0.061030572,0.571198135,0.054028073,1.636174995,0.179911206,2.34 E,0.567155611
OTHER BREADS,4,Male,19+ Years,6193,50.1155384,40.52495096,1.692759413,F,F,116.9779199,6.904151327,170.1737127,6.030950075,0.487445298,0.021309867,F,F,1.423626603,0.067987005,2.015845124,0.130539668,80.86304619,2.762390677,62,2.09644979,169.8777438,5.682864902,203.9812558,14.17739813,0.972643044,0.035865951,0.742166585,0.03206144,2.015596848,0.127957616,2.654581311,0.136850202
OTHER BREADS,4,Female,9-13 Years,939,63.83514389,43.32676911,3.088980986,17.73 E,3.088980986,113.9536312,11.17354856,159.3811611,11.44516313,1.088179373,0.081214211,0.45 E,0.109746932,3.025478702,0.251900317,3.878270948,0.195176463,67.87290898,3.948866586,56.90385635,4.028125885,139.9304031,10.90792018,171.0661573,12.14109396,1.704671294,0.105365586,1.388092116,0.111954912,3.759050226,0.284994049,4.243900155,0.53841562
OTHER BREADS,4,Female,14-18 Years,990,54.49822957,40.29033745,2.679539725,F,F,110.7522377,7.439857672,163.1511371,15.24306747,0.693147816,0.048716722,F,F,1.913076231,0.161248673,2.873354222,0.331056213,73.92962629,3.799430924,57.95685063,2.065346417,163.0444657,17.98461331,184.865169,13.68178855,1.271872172,0.073555506,0.974301751,0.066748301,2.65571266,0.286544228,3.527979192,0.419650908
OTHER BREADS,4,Female,19-30 Years,992,53.52970637,39.67577699,3.843117332,F,F,119.3473374,14.23846468,157.8424494,16.86610129,0.639045276,0.07083643,F,F,2.03 E,0.343451843,2.980198072,0.325726712,74.11917547,6.198877113,56.25023962,6.207098982,157.7584294,14.90292946,205.954227,32.91306627,1.193814276,0.114993018,0.816778906,0.104274329,2.807944285,0.285562978,3.366584566,0.515946927
OTHER BREADS,4,Female,31-50 Years,2384,45.67122484,32.07046938,2.090051806,F,F,104.5559738,4.596896537,113.8887552,11.66288782,0.478225407,0.032727819,F,F,1.4630407,0.084349247,1.898876074,0.124496927,70.22029625,3.309294234,52.46186679,3.11623368,123.6220688,12.36815372,176.9792527,13.1344326,1.047104404,0.053003926,0.724801355,0.049209484,1.918881433,0.157641498,2.647523897,0.246548963
OTHER BREADS,4,Female,51-70 Years,2314,46.75377241,25.05674545,1.608338622,F,F,85.73763066,5.252194912,104.9756676,2.465488525,0.364076156,0.024277125,F,F,1.196345906,0.075689983,1.594416713,0.139833554,53.59299188,2.585812207,42,2.542722218,104.9938775,3.510985245,135.5067792,11.34397578,0.778709689,0.038491442,0.618003221,0.038185598,1.662347081,0.134328216,2.094655868,0.087809687
OTHER BREADS,4,Female,71+ Years,1448,48.3686383,21.35915777,1.330039769,F,F,66.14387596,5.472360049,99.01443653,10.84952828,0.335236805,0.021827683,F,F,1.026774821,0.05629564,1.527176534,0.149005698,44.159105,2.291749974,35.84552755,4.218074662,99.12438493,9.737026349,109.9165915,7.884368699,0.693087127,0.037379411,0.503117317,0.051373289,1.545498294,0.145416471,1.840778513,0.129914355
OTHER BREADS,4,Female,19+ Years,7138,47.61123189,29.55835859,1.157942193,F,F,94.6972755,4.843359188,113.9960344,6.169420941,0.447268894,0.018735146,F,F,1.387105361,0.052095826,1.902004369,0.087169182,62.08274269,1.952095767,47.20943397,2.414945892,118.3553376,6.641570481,157.8964276,8.398134508,0.939418864,0.032042929,0.683254644,0.027348364,1.935643844,0.087455652,2.576372027,0.177278068
ROLLS -  BAGELS -  PITA BREAD - CROUTONS -  DUMPLINGS -  MATZO -  TORTILLA ,4A,Both,All ages,19670,37.36623266,27.7097672,0.849458286,F,F,102.9629588,3.092187058,125.854835,5.071109812,0.443991624,0.013458424,F,F,1.419229403,0.040267182,2.140578191,0.067471805,74.15724099,1.759249117,57,1.336579859,152.6725051,5.117896551,198.5435353,8.098455001,1.187737883,0.027945603,0.846934657,0.025725222,2.475768033,0.088258702,3.331609849,0.134215736
ROLLS -  BAGELS -  PITA BREAD - CROUTONS -  DUMPLINGS -  MATZO -  TORTILLA ,4A,Both,1-3 Years,1288,27.98297137,9.423100518,1.098223405,F,F,34.49006581,4.218960701,52.43095718,3.296172534,0.656490604,0.078949949,F,F,2.569846482,0.237454898,3.572371598,0.295591151,33.67441003,3.483165569,21.82 E,4.32479612,77.79 E,13.23934228,102.5492991,10.08208846,2.365445627,0.264165858,1.79 E,0.328289376,4.64 E,0.998829638,7.238096967,0.876695087
ROLLS -  BAGELS -  PITA BREAD - CROUTONS -  DUMPLINGS -  MATZO -  TORTILLA ,4A,Both,4-8 Years,1199,36.53541255,21.84350554,2.154193655,F,F,69.95990382,7.658570959,104.9461611,8.337209076,0.923536585,0.089920677,F,F,3.19914559,0.283162952,4.320282224,0.5484518,59.7872147,4.259793938,42.59184061,2.352301798,120.0585548,19.35246926,164.568374,15.89998462,2.527784745,0.178699812,1.976675812,0.16427926,5.556615157,0.877564947,6.679730342,0.542880263
ROLLS -  BAGELS -  PITA BREAD - CROUTONS -  DUMPLINGS -  MATZO -  TORTILLA ,4A,Both,9-13 Years,1962,39.22167007,29.41134744,1.9378684,F,F,104.6956049,3.25671565,138.0337835,12.14445609,0.710743201,0.048467044,F,F,2.418039659,0.159292007,3.3131736,0.282035818,74.98749388,3.6211387,58.18883733,2.897012508,158.1348206,13.35323743,209.8001941,21.26545512,1.812118657,0.089988058,1.402465988,0.092026205,3.76084063,0.269162216,4.665278388,0.292345013
ROLLS -  BAGELS -  PITA BREAD - CROUTONS -  DUMPLINGS -  MATZO -  TORTILLA ,4A,Both,14-18 Years,1890,42.51269029,38.69179491,2.467697451,F,F,110.8508787,8.192324601,168.8083443,18.84802553,0.603445619,0.039631495,F,F,1.83586524,0.087895815,2.633860937,0.232485664,91.01234159,4.28577519,69.95193067,5.835137553,191.107942,17.93515049,232.0795188,19.86930894,1.419448205,0.072600477,1.137228738,0.08167694,2.788436289,0.241517179,3.996991549,0.49881053
ROLLS -  BAGELS -  PITA BREAD - CROUTONS -  DUMPLINGS -  MATZO -  TORTILLA ,4A,Both,19-30 Years,1849,42.88461158,35.300144,2.879940989,F,F,113.5809528,8.092997242,163.977118,11.72188381,0.50771188,0.044788975,F,F,1.618722227,0.167647154,2.307446415,0.213632097,82.31424444,4.896740004,64.30962274,4.522067913,167.5136277,11.16844498,207.0659371,14.79444396,1.183902246,0.079629623,0.915952296,0.062899119,2.558653757,0.219507798,3.04600148,0.257842602
ROLLS -  BAGELS -  PITA BREAD - CROUTONS -  DUMPLINGS -  MATZO -  TORTILLA ,4A,Both,31-50 Years,4389,38.90729846,31.66359079,1.967060854,F,F,104.2888841,1.041672108,135.9285137,11.26580445,0.417071425,0.027661264,F,F,1.365427195,0.052121346,1.793210461,0.10579827,81.38213663,3.92231944,62,3.231693365,157.5736435,10.09742524,209.1597931,24.92784706,1.071961923,0.056146136,0.803925021,0.054311215,1.987430655,0.157816112,2.740724693,0.368804289
ROLLS -  BAGELS -  PITA BREAD - CROUTONS -  DUMPLINGS -  MATZO -  TORTILLA ,4A,Both,51-70 Years,4465,35.14660379,23.99912219,1.308553079,F,F,86,6.177008712,109.2848823,5.441301452,0.30555806,0.017192259,F,F,1.094414914,0.044520541,1.558376432,0.076749977,68.28290532,2.7288954,53.92127335,2.665339542,133.0123376,9.756070651,170.7327767,12.39766561,0.869381469,0.035629093,0.662878901,0.04888051,1.791515783,0.098420815,2.14334482,0.130914672
ROLLS -  BAGELS -  PITA BREAD - CROUTONS -  DUMPLINGS -  MATZO -  TORTILLA ,4A,Both,71+ Years,2628,30.44691292,16.8510528,1.193265794,F,F,57,2.628774007,85.48825073,7.528276481,0.239070091,0.017120397,F,F,0.810825555,0.036208438,1.166609116,0.071210126,55.34568593,3.129848738,43,0.842969666,104.8883654,7.392692666,146.99 E,30.91522498,0.785203057,0.044700498,0.630951799,0.036416621,1.559023092,0.131985989,2.39 E,0.417995941
ROLLS -  BAGELS -  PITA BREAD - CROUTONS -  DUMPLINGS -  MATZO -  TORTILLA ,4A,Both,1-18 Years,6339,37.54375613,26.62941434,1.050632565,F,F,101.1752395,7.24418166,126.9978136,8.71388664,0.731378095,0.033135252,F,F,2.460961836,0.111592077,3.49085906,0.163924055,70.92900947,2.227345597,52.45546131,1.845186759,156.2803072,9.232361382,206.4864033,10.26236719,1.9439683,0.069514743,1.423090192,0.049767922,3.976413882,0.186755648,5.349189427,0.49843318
ROLLS -  BAGELS -  PITA BREAD - CROUTONS -  DUMPLINGS -  MATZO -  TORTILLA ,4A,Both,19+ Years,13331,37.32263125,27.97511188,1.027322682,F,F,103.1323837,3.292698489,125.7525947,5.875996494,0.374246433,0.014682379,F,F,1.246039266,0.043368996,1.760804822,0.065856416,74.95482217,2.140165979,57,2.409547266,151.7599333,6.010473455,198.3107564,10.37548088,1.00273325,0.031506249,0.752977531,0.022845265,2.00357011,0.09227852,2.715111683,0.149394777
ROLLS -  BAGELS -  PITA BREAD - CROUTONS -  DUMPLINGS -  MATZO -  TORTILLA ,4A,Male,9-13 Years,1023,38.31308884,31.07833147,2.754112794,F,F,104.7122759,6.217605761,141.4930444,20.11270147,0.737578236,0.065343251,F,F,2.575957058,0.229968793,3.711169832,0.453325192,81.11674735,5.476001697,60,3.289022892,169.3288557,22.61276215,229.9623214,23.1101615,1.925133833,0.129077577,1.4590952,0.130575328,4.300763407,0.440803372,4.752283035,0.318831949
ROLLS -  BAGELS -  PITA BREAD - CROUTONS -  DUMPLINGS -  MATZO -  TORTILLA ,4A,Male,14-18 Years,900,45.8341397,47.00464229,4.291795924,F,F,144.5680084,19.48709771,208.7058847,17.30120462,0.690071473,0.066770001,F,F,1.966740214,0.184823236,2.974749952,0.367377204,102.5537789,6.757164249,80.45490777,8.602429306,209.4139206,14.93239998,257.839814,41.74751904,1.505583998,0.112574589,1.095582599,0.124553276,3.015551932,0.377965375,4.48336859,0.67519519
ROLLS -  BAGELS -  PITA BREAD - CROUTONS -  DUMPLINGS -  MATZO -  TORTILLA ,4A,Male,19-30 Years,857,44.63519489,39.4792954,4.43940964,F,F,123.2437988,14.31392083,167.7827748,14.60709076,0.519627566,0.059806101,F,F,1.642060299,0.196092002,2.270619759,0.179496248,88.44880256,7.008702657,74.9011108,8.938238321,168.4766942,14.72029291,206.5986509,14.11478623,1.164165559,0.093225576,1.049469225,0.115062076,2.277163477,0.147321937,2.552949906,0.157921353
ROLLS -  BAGELS -  PITA BREAD - CROUTONS -  DUMPLINGS -  MATZO -  TORTILLA ,4A,Male,31-50 Years,2005,42.97523083,37.0721068,2.953333393,F,F,104.9114985,5.764371273,157.9297577,13.79239412,0.437813327,0.037731077,F,F,1.313581561,0.074629713,1.757996709,0.165093771,86.26389221,5.561948923,68.01195487,5.148153349,171.0495266,12.46211701,223.05 E,40.99111702,1.018757359,0.073696202,0.811881825,0.076258443,1.858847721,0.203295839,2.75 E,0.58563632
ROLLS -  BAGELS -  PITA BREAD - CROUTONS -  DUMPLINGS -  MATZO -  TORTILLA ,4A,Male,51-70 Years,2151,37.55615358,29.32579066,2.083499999,F,F,104.2925664,4.791585166,133.1414227,12.30291539,0.335843737,0.023868591,F,F,1.14322158,0.054106303,1.558614658,0.099356851,78.08518144,4.272990304,57,6.892501179,150.9585955,9.669320537,187.1261189,22.88459364,0.894244233,0.050681763,0.661962294,0.061988694,1.778798512,0.127611523,2.253269823,0.301507412
ROLLS -  BAGELS -  PITA BREAD - CROUTONS -  DUMPLINGS -  MATZO -  TORTILLA ,4A,Male,71+ Years,1180,29.64254476,20.02835807,2.320235138,F,F,67.37019231,6.557012025,104.6111613,9.222099759,0.255555761,0.030998669,F,F,0.859391417,0.063935756,1.241746918,0.153996216,67.56625733,6.158410348,51.23750501,5.820766608,127.95 E,25.39753949,272.01 E,85.91847918,0.862124906,0.083920806,0.634581642,0.053407105,1.79 E,0.375201931,3.44 E,0.970309702
ROLLS -  BAGELS -  PITA BREAD - CROUTONS -  DUMPLINGS -  MATZO -  TORTILLA ,4A,Male,19+ Years,6193,40.03971044,33.09974324,1.582643949,F,F,104.6546466,1.406020678,151.7267659,9.220056219,0.399076292,0.020044395,F,F,1.26219017,0.049107823,1.782315901,0.089238712,82.66728923,3.106497452,64.59062304,3.3170124,166.8337753,7.491129548,209.2822429,12.65412611,0.996701245,0.040668288,0.78037534,0.041972197,1.938273572,0.122869269,2.565687358,0.190741886
ROLLS -  BAGELS -  PITA BREAD - CROUTONS -  DUMPLINGS -  MATZO -  TORTILLA ,4A,Female,9-13 Years,939,40.17790797,27.65692718,2.729171971,F,F,104.2144012,6.920032361,124.9140954,16.69565585,0.682500622,0.072263889,F,F,2.276946258,0.156511665,3.201935462,0.339168531,68.83615543,4.880023166,56.56421477,5.753321337,145.2348494,17.3215416,171.5 E,30.38667356,1.698696264,0.131416987,1.389922949,0.134521654,3.593499726,0.341000563,3.973912273,0.658941609
ROLLS -  BAGELS -  PITA BREAD - CROUTONS -  DUMPLINGS -  MATZO -  TORTILLA ,4A,Female,14-18 Years,990,39.00079424,29.90230206,2.42654842,F,F,104.4318958,0.987592773,123.5282012,15.10056142,0.511852777,0.043806868,F,F,1.709073952,0.082451616,2.242197228,0.231148442,76.67100796,4.633323528,63.88949722,6.312392336,140.12716,18.58856058,193.4884592,25.4189152,1.31241629,0.090302669,1.146939356,0.102496149,2.62807756,0.299644276,3.2 E,0.605003512
ROLLS -  BAGELS -  PITA BREAD - CROUTONS -  DUMPLINGS -  MATZO -  TORTILLA ,4A,Female,19-30 Years,992,40.94618022,30.67254469,3.514137224,F,F,103.8927948,11.59274845,149.967204,19.03117621,0.494517569,0.066044041,F,F,1.52 E,0.314116206,2.744855728,0.439684324,74.90941652,7.527448539,54.94055545,7.235761385,156.6262708,19.41528475,209.92 E,48.01447676,1.207725766,0.142991324,0.764374995,0.108747855,2.994537213,0.392044343,3.36 E,0.820248971
ROLLS -  BAGELS -  PITA BREAD - CROUTONS -  DUMPLINGS -  MATZO -  TORTILLA ,4A,Female,31-50 Years,2384,35.01443841,26.48784205,2.144284404,F,F,101.5316397,9.195737246,104.7579923,7.793590201,0.397222196,0.033422498,F,F,1.419016381,0.083799409,1.830104762,0.118461109,75.64834179,4.204893495,57.90486478,3.393947194,135.5660176,15.34579807,176.6304894,24.74204079,1.134452569,0.067368945,0.780227991,0.068486752,2.201892906,0.18780855,2.711563008,0.370185387
ROLLS -  BAGELS -  PITA BREAD - CROUTONS -  DUMPLINGS -  MATZO -  TORTILLA ,4A,Female,51-70 Years,2314,32.79194074,18.79378901,1.537021339,F,F,67.94384821,7.546549681,104.9280872,2.806926383,0.275962255,0.023389802,F,F,1.047382828,0.07867646,1.552172209,0.128339546,57.31221937,3.268950293,44.96370566,3.996880543,105.7167675,9.104932455,147.6266475,15.49447086,0.841555117,0.048129452,0.665155354,0.068864411,1.865175705,0.141020078,2.109233275,0.10854875
ROLLS -  BAGELS -  PITA BREAD - CROUTONS -  DUMPLINGS -  MATZO -  TORTILLA ,4A,Female,71+ Years,1448,31.08411452,14.33406604,1.066667207,F,F,52.42052289,2.977981079,69.27047341,5.416164344,0.226010529,0.017552107,F,F,0.780178022,0.040847122,1.128912725,0.08105208,46.11379883,2.895997502,42,3.44228904,94.21861167,8.734168887,111.3990177,18.38217614,0.727093349,0.048197438,0.620174282,0.066547101,1.499161361,0.143088908,1.961640069,0.265753227
ROLLS -  BAGELS -  PITA BREAD - CROUTONS -  DUMPLINGS -  MATZO -  TORTILLA ,4A,Female,19+ Years,7138,34.69945592,23.02759081,1.130079021,F,F,84,5.533911804,104.9804367,2.281919376,0.350274709,0.018533314,F,F,1.229243969,0.084439857,1.747759235,0.085515325,66.36297372,2.425402604,50.79973255,2.531328862,124.8842191,9.056503616,173.7499866,10.66556712,1.009453029,0.040782197,0.727205858,0.028686124,2.093835005,0.123093262,2.75901399,0.192091561
CRACKERS AND CRISPBREADS,4B,Both,All ages,19670,12.60716104,2.932719392,0.147454102,F,F,8.859262288,1.445407805,20.98629406,1.239869724,0.065616496,0.003339983,F,F,0.128205602,0.0187357,0.380956589,0.021490421,23.26232989,0.81500468,17.74843357,0.805429636,46.50051168,2.904263839,62.00069924,4.022631028,0.521162428,0.022277147,0.286133516,0.016396247,1.132092398,0.080479244,1.820361289,0.128196731
CRACKERS AND CRISPBREADS,4B,Both,1-3 Years,1288,27.44139227,4.869386643,0.606754288,F,F,17.46930732,1.37214298,20.94 E,4.642397671,0.370713351,0.044143921,F,F,1.368797654,0.118065896,1.905001622,0.26838062,17.74467781,1.727743882,14.544671,0.95418535,32.96 E,6.615142231,49.07 E,12.82116343,1.322327834,0.111017598,1.06387432,0.079199366,2.86 E,0.516494777,3.865810552,0.589843732
CRACKERS AND CRISPBREADS,4B,Both,4-8 Years,1199,28.04904517,7.602688442,0.856882608,F,F,27.97069743,1.763345497,41.61067875,4.862091369,0.336609232,0.036120201,F,F,1.162560285,0.131056503,1.934701756,0.213167557,27.10498128,2.070516833,20.88846274,2.627234138,48.47839979,6.503212861,64.93566331,5.76276292,1.200073765,0.087569932,0.895701151,0.089258941,2.333443082,0.220052293,2.873290081,0.188181785
CRACKERS AND CRISPBREADS,4B,Both,9-13 Years,1962,18.82084481,5.980571392,0.975667227,F,F,17.83 E,3.801317041,34.67056407,3.336028168,0.153656674,0.025119557,F,F,0.465025804,0.074773064,0.98574406,0.112334038,31.77631745,4.190047192,19.74 E,3.489779491,61.64 E,18.77673211,119.47 E,30.48606812,0.81641752,0.10568946,0.51368365,0.059935748,1.83 E,0.467198874,3.07 E,0.830589887
CRACKERS AND CRISPBREADS,4B,Both,14-18 Years,1890,9.737365721,3.236358761,0.534312583,F,F,F,.,18.02 E,3.422248313,0.048896014,0.007422437,F,F,F,.,0.32 E,0.055323707,33.23649182,4.397168354,18.64304062,2.635867532,61.77 E,15.24121101,99.8 E,22.48595912,0.502148276,0.06086153,0.326022505,0.036366693,0.93 E,0.281259796,1.66 E,0.450986396
CRACKERS AND CRISPBREADS,4B,Both,19-30 Years,1849,10.36967001,2.55 E,0.43270286,F,F,F,F,21.12 E,3.665176008,0.04 E,0.006226202,F,F,F,F,0.31 E,0.063481543,24.54739606,2.121569228,21.09864356,2.75645809,46.17723251,7.401824772,58.66448655,6.358039308,0.357582501,0.030617202,0.308411923,0.044756224,0.610912592,0.081474931,0.836168705,0.103848784
CRACKERS AND CRISPBREADS,4B,Both,31-50 Years,4389,7.800830048,1.746816813,0.197595675,F,F,F,.,11.98 E,3.293648467,0.022097313,0.002447225,F,F,F,.,0.17 E,0.033495234,22.39270439,1.396783381,17.86524747,1.764636872,39.88735057,6.134373875,58.25282995,8.392201237,0.283268736,0.017644552,0.220400072,0.02320351,0.548094114,0.076309958,0.780132782,0.100933563
CRACKERS AND CRISPBREADS,4B,Both,51-70 Years,4465,12.92217537,2.869658543,0.34044414,F,F,F,F,19.85826897,2.099089672,0.036860466,0.004004396,F,F,0.1 E,0.028215038,0.253353075,0.020111627,22.20724035,1.986990331,14.90240935,1.297598905,44.95672197,5.775745601,76.17 E,18.76843689,0.285249694,0.022491223,0.194745725,0.017393928,0.650443461,0.090129526,0.94 E,0.163747393
CRACKERS AND CRISPBREADS,4B,Both,71+ Years,2628,14.61165151,2.256111435,0.187273022,F,F,9.254025252,1.415188183,15.94615937,1.586259464,0.033336975,0.003040723,F,F,0.139425151,0.017654117,0.238146372,0.020438719,15.44049578,0.707557339,11.85836135,0.807198077,26.93744532,2.206748233,35.44777992,3.648060259,0.228153369,0.012217961,0.179411176,0.008855023,0.449342438,0.052824248,0.548808693,0.038945723
CRACKERS AND CRISPBREADS,4B,Both,1-18 Years,6339,20.23226893,5.462425631,0.398335915,F,F,18.1207379,1.296511882,30.59088386,1.932270529,0.209001774,0.014996771,F,F,0.765326067,0.060692896,1.325075073,0.096643363,26.99858157,1.447666418,17.98344258,1.026045952,54.2728144,5.073472681,68.84647733,11.06557402,1.032704469,0.051647737,0.758678954,0.041064279,2.159246829,0.19769525,2.955240752,0.218269691
CRACKERS AND CRISPBREADS,4B,Both,19+ Years,13331,10.73436385,2.311400086,0.155949909,F,F,F,F,17.74084499,1.403771017,0.030818638,0.001986361,F,F,F,F,0.240148611,0.019689651,21.53271603,0.949386596,15.99687362,1.425378278,40.01836274,3.750658478,59.04240046,6.409765867,0.287102598,0.011461588,0.217821044,0.01404751,0.581835303,0.039151566,0.78353975,0.079296774
CRACKERS AND CRISPBREADS,4B,Male,9-13 Years,1023,17.32776954,5.5 E,0.965853945,F,F,17.36 E,5.742964208,34.92871399,2.924350729,0.138311379,0.020560383,F,F,0.47 E,0.117188605,0.990261644,0.112720874,31.73271672,4.820795059,23.98 E,4.373357586,59.68 E,15.56915034,F,F,0.798206479,0.091144336,0.61 E,0.10315114,1.772144352,0.262923645,1.97 E,0.541666838
CRACKERS AND CRISPBREADS,4B,Male,14-18 Years,900,9.235321228,3.62 E,0.952329732,F,F,F,.,F,F,0.05 E,0.012739401,F,F,F,.,F,F,39.21 E,8.554607392,17.93 E,5.366330626,F,F,F,F,0.55 E,0.115375187,F,F,F,F,F,F
CRACKERS AND CRISPBREADS,4B,Male,19-30 Years,857,10.53064162,2.53 E,0.637504299,F,F,F,F,20.73 E,5.900107353,0.03 E,0.008608334,F,F,F,F,0.3 E,0.097216861,24.00128246,3.428588447,20.61829616,2.654392321,46.87 E,10.37549074,52.17 E,9.362637543,0.328770424,0.048343463,0.3 E,0.05981775,0.46 E,0.141108746,0.7 E,0.190225776
CRACKERS AND CRISPBREADS,4B,Male,31-50 Years,2005,7.075778292,1.88 E,0.321142819,F,F,F,.,F,F,0.02 E,0.003672958,F,F,F,.,0.16 E,0.044669637,26.55039206,2.650220991,20.98381208,2.554546154,54 E,10.68613677,69.4 E,12.31036583,0.301174216,0.031894722,0.211602411,0.030682704,0.66 E,0.125687171,0.829109708,0.103588218
CRACKERS AND CRISPBREADS,4B,Male,51-70 Years,2151,12.35899805,2.734037244,0.326367262,F,F,F,F,20.64963031,2.892670488,0.03194951,0.003890846,F,F,F,F,0.250269551,0.033498347,22.12183571,1.886076006,15.94 E,2.902163873,40.63014046,5.8046887,54.55652289,7.778282607,0.258512141,0.023770959,0.194017841,0.02270205,0.519605599,0.052200454,0.73985238,0.108412297
CRACKERS AND CRISPBREADS,4B,Male,71+ Years,1180,12.51471104,1.969098157,0.251165316,F,F,F,F,14.99937283,2.164053252,0.025132567,0.003258838,F,F,F,F,0.19227863,0.023738277,15.73426786,1.201302014,11.96458313,1.977357514,27.89270517,2.633020558,30.25461373,2.889121906,0.200824187,0.015338972,0.170997536,0.014190759,0.339208697,0.023164923,0.418232601,0.060055867
CRACKERS AND CRISPBREADS,4B,Male,19+ Years,6193,10.03244958,2.288065002,0.20609819,F,F,F,F,19.537875,2.302624173,0.027635605,0.002544188,F,F,F,F,0.210068074,0.025548686,22.80664341,1.282190019,17.99159402,1.917909517,44.76816759,4.774721219,59.67476193,6.001543196,0.275462187,0.016110522,0.209911614,0.019283827,0.518942729,0.063205874,0.758209259,0.091253936
CRACKERS AND CRISPBREADS,4B,Female,9-13 Years,939,20.39223448,6.49 E,1.639312431,F,F,18.06 E,4.226023183,34.19 E,8.737017364,0.17 E,0.045396434,F,F,0.46 E,0.092408357,0.9 E,0.212730706,31.82 E,6.501227422,17.87 E,3.139893349,F,F,126.51 E,37.61733016,0.83 E,0.182360013,0.456745262,0.073688791,F,F,3.36 E,0.920468439
CRACKERS AND CRISPBREADS,4B,Female,14-18 Years,990,10.26819665,2.829433633,0.462815499,F,F,F,F,19.69205971,2.897248023,0.04726781,0.00758826,F,F,F,F,0.342641422,0.045285883,27.55531209,3.334402646,19.32016882,2.131996471,51.69 E,16.20130033,92.65 E,24.63563642,0.46033215,0.054358516,0.335202558,0.030271699,0.89 E,0.221182934,1.54 E,0.411844261
CRACKERS AND CRISPBREADS,4B,Female,19-30 Years,992,10.19142519,2.57 E,0.552931132,F,F,F,F,23.97 E,7.403329633,0.04 E,0.008707546,F,F,F,F,0.37 E,0.104689523,25.17223854,2.532228821,23.88 E,5.964576253,39.57 E,9.27209543,57.53737775,7.840781166,0.390548188,0.038457325,0.37 E,0.070887985,0.617965904,0.077661823,0.772558759,0.089315238
CRACKERS AND CRISPBREADS,4B,Female,31-50 Years,2384,8.494677622,1.620660342,0.202592308,F,F,F,.,12 E,3.379121784,0.02285034,0.002905217,F,F,F,.,0.19 E,0.046166068,19.07853851,1.354627524,17.0428822,1.97724844,35.29446016,3.160913195,40.42809263,6.693910974,0.268995964,0.019570925,0.226775041,0.028862229,0.503759538,0.041904228,0.63 E,0.105884291
CRACKERS AND CRISPBREADS,4B,Female,51-70 Years,2314,13.47252417,3 E,0.598533012,F,F,7.49 E,2.26847097,17.92716658,2.391593721,0.04 E,0.007029294,F,F,0.11 E,0.030664432,0.264016861,0.035672698,22.28380154,3.614312637,13.91616341,1.623341148,F,F,86.59 E,26.11508986,0.309218633,0.03959001,0.19531875,0.024409051,0.72 E,0.156694634,1 E,0.199652324
CRACKERS AND CRISPBREADS,4B,Female,71+ Years,1448,16.2727986,2.483476626,0.272861069,F,F,10.41327778,1.342981611,17.54320829,1.78159545,0.039836315,0.004861586,F,F,0.163357288,0.019124797,0.25501362,0.035390665,15.26152131,0.975672093,11.67419555,0.904944047,26.59322844,3.800317265,39.32325926,4.466875429,0.244803099,0.017766925,0.187278792,0.01435469,0.498723863,0.054870458,0.554179913,0.045937637
CRACKERS AND CRISPBREADS,4B,Female,19+ Years,7138,11.41201955,2.333928696,0.224017648,F,F,5.38 E,1.507019685,17.51968879,1.551197529,0.033891663,0.002869851,F,F,0.07 E,0.019837065,0.258516825,0.019119927,20.45149578,1.496443924,14.8339628,0.877581888,39.33117267,3.686867845,55.75 E,11.92079583,0.296982163,0.017228448,0.228984422,0.016701617,0.613979262,0.050916014,0.844441449,0.130741334
MUFFINS AND ENGLISH MUFFINS ,4C,Both,All ages,19670,2.549417106,1.39435047,0.130821512,F,F,F,.,F,.,0.021383353,0.002062355,F,F,F,.,F,.,54.69291261,1.177391382,56.85836138,0.746471503,63.28088269,3.198080905,86.66 E,17.755545,0.83801225,0.039067679,0.713615707,0.030413049,1.243931801,0.098976179,1.68 E,0.350639922
MUFFINS AND ENGLISH MUFFINS ,4C,Both,1-3 Years,1288,F,F,F,F,F,F,.,F,.,F,F,F,F,F,.,F,.,F,F,F,.,F,.,F,.,F,F,F,.,F,.,F,.
MUFFINS AND ENGLISH MUFFINS ,4C,Both,4-8 Years,1199,F,0.52 E,0.170521693,F,F,F,.,F,.,F,F,F,F,F,.,F,.,F,F,F,.,F,.,F,.,F,F,F,.,F,.,F,.
MUFFINS AND ENGLISH MUFFINS ,4C,Both,9-13 Years,1962,2.717850715,1.64 E,0.450365497,F,F,F,.,F,.,F,F,F,F,F,.,F,.,60.49 E,10.90756814,56.88342608,5.509315663,F,F,F,F,1.53 E,0.434870876,1.14464995,0.178717813,F,F,F,F
MUFFINS AND ENGLISH MUFFINS ,4C,Both,14-18 Years,1890,2.534315437,1.52 E,0.341349631,F,F,F,.,F,.,0.02 E,0.004834328,F,F,F,.,F,.,59.83818156,4.597312869,56.95019082,0.294976739,102.66 E,27.47639142,114.56 E,20.25026551,0.878018357,0.060052016,0.839366077,0.051730429,1.287992446,0.130743547,1.413355263,0.148477586
MUFFINS AND ENGLISH MUFFINS ,4C,Both,19-30 Years,1849,2.588868691,1.35 E,0.372407997,F,F,F,.,F,.,0.02 E,0.0054989,F,F,F,.,F,.,52.2234672,2.903591614,54.072826,2.851311967,63.02812756,6.714698143,78.29 E,14.79012832,0.738952397,0.048490715,0.754833829,0.087550515,0.956801678,0.117842508,1.226235267,0.154192872
MUFFINS AND ENGLISH MUFFINS ,4C,Both,31-50 Years,4389,2.93025663,1.58449083,0.247678011,F,F,F,.,F,.,0.020113839,0.003156104,F,F,F,.,F,.,54.07344918,2.659366903,54.61796178,2.378435583,65.09461905,7.594210733,89.76 E,18.17957466,0.68641902,0.042856939,0.573236795,0.049899918,1.047327594,0.112006306,1.362614739,0.189774966
MUFFINS AND ENGLISH MUFFINS ,4C,Both,51-70 Years,4465,2.510536023,1.4 E,0.264162324,F,F,F,.,F,.,0.02 E,0.003204817,F,F,F,.,F,.,55.69819923,1.606381544,55.28409984,1.654900138,57.49008439,6.530826291,69.61 E,21.76663375,0.671790278,0.028170064,0.691155462,0.045494227,0.863362978,0.059409538,0.919804292,0.119533897
MUFFINS AND ENGLISH MUFFINS ,4C,Both,71+ Years,2628,2.440059091,1.33 E,0.277072088,F,F,F,.,F,.,0.02 E,0.003389479,F,F,F,.,F,.,54.39659407,3.02397904,55.2768206,1.682277714,56.91977674,7.102223673,F,F,0.690419791,0.038680314,0.677148698,0.040640132,1.001272669,0.108226201,1.09209734,0.070605268
MUFFINS AND ENGLISH MUFFINS ,4C,Both,1-18 Years,6339,2.033937789,1.15418407,0.186717042,F,F,F,.,F,.,0.03 E,0.006100848,F,F,F,.,F,.,56.74628182,3.896847717,56.89586374,0.192877558,61.49 E,17.47613545,114.17 E,34.6222938,1.633575057,0.185887527,1.106686669,0.107857613,3.414087573,0.431049698,3.62 E,1.005693431
MUFFINS AND ENGLISH MUFFINS ,4C,Both,19+ Years,13331,2.676023605,1.453337564,0.150186027,F,F,F,.,F,.,0.018488066,0.001929934,F,F,F,.,F,.,54.30959434,1.222694461,56.84965587,1.098570908,62.85893301,3.163691198,82.37 E,17.85537487,0.690878302,0.021327438,0.666859357,0.035179572,0.980201063,0.05519881,1.142780477,0.103151294
MUFFINS AND ENGLISH MUFFINS ,4C,Male,9-13 Years,1023,F,F,F,F,F,F,.,F,.,F,F,F,F,F,.,F,.,F,F,F,.,F,.,F,.,F,F,F,.,F,.,F,.
MUFFINS AND ENGLISH MUFFINS ,4C,Male,14-18 Years,900,F,1.75 E,0.563726234,F,F,F,.,F,.,0.02 E,0.00797158,F,F,F,.,F,.,F,F,F,.,F,.,F,.,F,F,F,.,F,.,F,.
MUFFINS AND ENGLISH MUFFINS ,4C,Male,19-30 Years,857,F,F,F,F,F,F,.,F,.,F,F,F,F,F,.,F,.,F,F,F,.,F,.,F,.,F,F,F,.,F,.,F,.
MUFFINS AND ENGLISH MUFFINS ,4C,Male,31-50 Years,2005,3.032435093,1.7 E,0.345708617,F,F,F,.,F,.,0.02 E,0.003684218,F,F,F,.,F,.,56.10880949,4.090464527,56.87942761,2.393349863,65.56 E,19.77761359,110.27 E,22.68718488,0.619065525,0.058542019,0.566886072,0.047158099,0.87 E,0.260955429,1.56 E,0.392087545
MUFFINS AND ENGLISH MUFFINS ,4C,Male,51-70 Years,2151,2.404618631,1.43 E,0.362042972,F,F,F,.,F,.,0.02 E,0.003876363,F,F,F,.,F,.,59.37044375,2.97611887,54.94356034,1.809188573,F,F,108.9 E,22.46881487,0.644501743,0.043293313,0.615371384,0.054867434,0.79 E,0.172141294,1.103268231,0.170449909
MUFFINS AND ENGLISH MUFFINS ,4C,Male,71+ Years,1180,F,1.51 E,0.442179632,F,F,F,.,F,.,0.02 E,0.004736476,F,F,F,.,F,.,F,F,F,.,F,.,F,.,F,F,F,.,F,.,F,.
MUFFINS AND ENGLISH MUFFINS ,4C,Male,19+ Years,6193,2.859398915,1.619306448,0.232504938,F,F,F,.,F,.,0.018809443,0.002817665,F,F,F,.,F,.,56.63100867,1.839114111,56.84851411,1.224610973,64.42 E,18.13223064,109.1823079,16.00726057,0.65781108,0.030695751,0.615244558,0.033049449,0.928837242,0.100485745,1.199846316,0.171853165
MUFFINS AND ENGLISH MUFFINS ,4C,Female,9-13 Years,939,F,F,F,F,F,F,.,F,.,F,F,F,F,F,.,F,.,F,F,F,.,F,.,F,.,F,F,F,.,F,.,F,.
MUFFINS AND ENGLISH MUFFINS ,4C,Female,14-18 Years,990,F,1.27 E,0.38763608,F,F,F,.,F,.,0.02 E,0.005675374,F,F,F,.,F,.,F,F,F,.,F,.,F,.,F,F,F,.,F,.,F,.
MUFFINS AND ENGLISH MUFFINS ,4C,Female,19-30 Years,992,1.644076516,0.79 E,0.215296117,F,F,F,.,F,.,0.01 E,0.002921473,F,F,F,.,F,.,47.75310482,5.207274722,55.10992482,6.762552838,57.64381649,5.446756437,68.82685617,9.142155006,0.675546814,0.074477396,0.706295075,0.091420515,1.100038471,0.122085226,1.145063852,0.102881044
MUFFINS AND ENGLISH MUFFINS ,4C,Female,31-50 Years,2384,2.832475639,1.47 E,0.337978311,F,F,F,.,F,.,0.02 E,0.004866684,F,F,F,.,F,.,51.98818205,2.888677568,52.04273504,4.59753686,60.37697547,4.140272142,64.87373123,8.730178233,0.755424014,0.062316434,0.61 E,0.150980894,1.047588942,0.10834659,1.279174521,0.144349218
MUFFINS AND ENGLISH MUFFINS ,4C,Female,51-70 Years,2314,2.614040741,1.37 E,0.363780544,F,F,F,.,F,.,0.02 E,0.004867841,F,F,F,.,F,.,52.39710203,1.956713936,55.46762292,1.064017272,56.94450527,1.121315606,57.67529676,3.579733123,0.696320808,0.03178832,0.76373959,0.039237658,0.877852281,0.051892594,0.891076214,0.050439215
MUFFINS AND ENGLISH MUFFINS ,4C,Female,71+ Years,1448,F,1.18 E,0.313899829,F,F,F,.,F,.,0.02 E,0.004488606,F,F,F,.,F,.,F,F,F,.,F,.,F,.,F,F,F,.,F,.,F,.
MUFFINS AND ENGLISH MUFFINS ,4C,Female,19+ Years,7138,2.498985855,1.293104664,0.18278804,F,F,F,.,F,.,0.018177797,0.002527547,F,F,F,.,F,.,51.74517742,1.544883675,54.9317548,1.380132515,57.54511111,3.405109794,62.43696653,4.240633306,0.727406957,0.028732148,0.743773842,0.0396328,1.038077185,0.05707863,1.129539398,0.074464514
PANCAKES AND WAFFLES,4D,Both,All ages,19670,2.143655808,0.933566704,0.099243294,F,F,F,.,F,.,0.020887506,0.00224864,F,F,F,.,F,.,43.55021457,2.031328229,37.36227674,3.391453043,77.97143666,1.736950577,95.27766456,10.70420669,0.973427803,0.066451165,0.718555378,0.084147674,2.131601819,0.2339203,2.736124285,0.273248048
PANCAKES AND WAFFLES,4D,Both,1-3 Years,1288,3.200601676,0.82 E,0.266013282,F,F,F,.,F,.,F,F,F,F,F,.,F,.,25.51 E,4.85886372,F,F,F,F,F,F,1.95 E,0.425585025,F,F,F,F,F,F
PANCAKES AND WAFFLES,4D,Both,4-8 Years,1199,6.798994587,2.66 E,0.557213131,F,F,F,.,F,F,0.12 E,0.026574012,F,F,F,.,F,F,39.11213302,5.279054059,28.75 E,7.407992038,77.95890705,12.6518127,86.55 E,28.51859276,1.820357479,0.252745763,1.23 E,0.332460324,3.501570985,0.557909159,F,F
PANCAKES AND WAFFLES,4D,Both,9-13 Years,1962,6.73866731,2.96100072,0.486849807,F,F,F,.,F,F,0.07 E,0.012563292,F,F,F,.,0.49 E,0.163066841,43.9404497,3.53454249,35.49 E,8.57170655,75.59781449,2.976061912,77.07253792,2.032878331,1.093963468,0.093225764,0.848350059,0.103412852,2.248592159,0.252752336,2.689543488,0.196793744
PANCAKES AND WAFFLES,4D,Both,14-18 Years,1890,3.625416366,1.86 E,0.436893828,F,F,F,.,F,.,0.03 E,0.006185612,F,F,F,.,F,.,51.33888462,6.221216739,F,F,78.17 E,13.991483,90.61513831,9.334415334,0.785677386,0.098057332,0.64 E,0.143294347,1.513791576,0.127441853,1.715273171,0.182626011
PANCAKES AND WAFFLES,4D,Both,19-30 Years,1849,2.592955201,F,F,F,F,F,.,F,.,F,F,F,F,F,.,F,.,53.79879746,5.765057363,63.37 E,11.80544628,65.88831998,6.454083753,72.69092473,7.611885868,0.771883845,0.117026061,0.98 E,0.272117955,1.113123597,0.091715617,1.122544514,0.080639044
PANCAKES AND WAFFLES,4D,Both,31-50 Years,4389,0.927531165,0.34 E,0.080942345,F,F,F,.,F,.,0 E,0.001076815,F,F,F,.,F,.,36.55371485,5.267327789,28.37 E,6.822543818,75.11 E,12.75537874,91.76 E,16.25622086,0.48856913,0.072044903,0.34 E,0.097902488,1.1 E,0.229714128,1.4 E,0.281382015
PANCAKES AND WAFFLES,4D,Both,51-70 Years,4465,1.229366554,0.51 E,0.147412803,F,F,F,.,F,.,0.01 E,0.001773416,F,F,F,.,F,.,41.2545503,5.9834556,F,F,76.77611502,10.97729975,93.45334897,13.62099556,0.49339091,0.077690189,F,F,1.01812021,0.12929933,1.07688719,0.109383415
PANCAKES AND WAFFLES,4D,Both,71+ Years,2628,1.497071026,0.75 E,0.229774381,F,F,F,.,F,.,0.01 E,0.002348643,F,F,F,.,F,.,50.36 E,8.545153585,38.19 E,6.725647543,83.77 E,17.59198827,115.5 E,25.63006968,0.578938,0.074968386,0.49 E,0.082159724,1.002890607,0.157059083,1.16 E,0.201058599
PANCAKES AND WAFFLES,4D,Both,1-18 Years,6339,5.273737436,2.204226779,0.235505004,F,F,F,.,F,F,0.073443135,0.00912515,F,F,F,.,F,F,41.79629354,2.664896135,31.92649954,3.535453567,77.97605675,1.222113794,78 E,14.88409815,1.379930422,0.108017326,0.958828494,0.095420673,2.78983687,0.272889273,3.475691863,0.379323701
PANCAKES AND WAFFLES,4D,Both,19+ Years,13331,1.374878742,0.62 E,0.108028261,F,F,F,.,F,.,0.01 E,0.001618982,F,F,F,.,F,.,45.20259065,3.253956336,38.13 E,8.367810352,76.80507847,6.223686813,94.75949119,11.78870184,0.591535492,0.056918726,0.48 E,0.100911864,1.125112207,0.074591691,1.181691645,0.082659227
PANCAKES AND WAFFLES,4D,Male,9-13 Years,1023,7.71282512,3.47 E,0.771131854,F,F,F,.,F,F,0.08 E,0.018175283,F,F,F,.,F,F,44.98780919,5.486723212,F,F,76.17167879,2.86590187,77.26026569,1.047755118,1.085535138,0.130508081,0.84 E,0.242183911,2.112829876,0.233648589,2.576683749,0.213442709
PANCAKES AND WAFFLES,4D,Male,14-18 Years,900,3.510056522,2.38 E,0.736012236,F,F,F,.,F,.,0.03 E,0.009195436,F,F,F,.,F,.,67.78465424,6.355086006,77.25126885,11.15955624,90.67533948,9.47148451,96.87 E,18.74580839,0.930687869,0.11901747,F,F,1.565263359,0.1935609,1.762283372,0.286409881
PANCAKES AND WAFFLES,4D,Male,19-30 Years,857,F,F,F,F,F,F,.,F,.,F,F,F,F,F,.,F,.,F,F,F,.,F,.,F,.,F,F,F,.,F,.,F,.
PANCAKES AND WAFFLES,4D,Male,31-50 Years,2005,F,0.47 E,0.145813464,F,F,F,.,F,.,0.01 E,0.001850044,F,F,F,.,F,.,F,F,F,.,F,.,F,.,F,F,F,.,F,.,F,.
PANCAKES AND WAFFLES,4D,Male,51-70 Years,2151,F,F,F,F,F,F,.,F,.,F,F,F,F,F,.,F,.,F,F,F,.,F,.,F,.,F,F,F,.,F,.,F,.
PANCAKES AND WAFFLES,4D,Male,71+ Years,1180,F,F,F,F,F,F,.,F,.,F,F,F,F,F,.,F,.,F,F,F,.,F,.,F,.,F,F,F,.,F,.,F,.
PANCAKES AND WAFFLES,4D,Male,19+ Years,6193,1.441987178,0.72 E,0.127533681,F,F,F,.,F,.,0.01 E,0.001492592,F,F,F,.,F,.,49.81874247,4.888755289,38.39 E,7.591288353,91.39261944,11.31063205,102.0723782,15.92758403,0.571788307,0.059322538,0.41 E,0.107746821,1.09246891,0.119838626,1.203024526,0.11717145
PANCAKES AND WAFFLES,4D,Female,9-13 Years,939,5.71341322,2.43 E,0.562441524,F,F,F,.,F,F,0.06 E,0.016810126,F,F,F,.,F,F,42.45240556,4.134891128,35.42 E,6.152440546,69.81328458,6.087863709,75.0813278,5.889988728,1.105938083,0.153217252,0.864250356,0.108534175,2.43 E,0.422986451,2.679144602,0.354018774
PANCAKES AND WAFFLES,4D,Female,14-18 Years,990,3.74739076,1.31 E,0.396420086,F,F,F,.,F,.,0.02 E,0.007558969,F,F,F,.,F,.,35.05 E,7.038472575,F,F,72.26389506,5.310169097,75.13194753,4.014514186,0.64 E,0.142087418,F,F,1.455159086,0.141712952,1.493260158,0.104468355
PANCAKES AND WAFFLES,4D,Female,19-30 Years,992,F,F,F,F,F,F,.,F,.,F,F,F,F,F,.,F,.,F,F,F,.,F,.,F,.,F,F,F,.,F,.,F,.
PANCAKES AND WAFFLES,4D,Female,31-50 Years,2384,F,F,F,F,F,F,.,F,.,F,F,F,F,F,.,F,.,F,F,F,.,F,.,F,.,F,F,F,.,F,.,F,.
PANCAKES AND WAFFLES,4D,Female,51-70 Years,2314,F,F,F,F,F,F,.,F,.,F,F,F,F,F,.,F,.,F,F,F,.,F,.,F,.,F,F,F,.,F,.,F,.
PANCAKES AND WAFFLES,4D,Female,71+ Years,1448,F,0.24 E,0.075791587,F,F,F,.,F,.,0 E,0.001280069,F,F,F,.,F,.,F,F,F,.,F,.,F,.,F,F,F,.,F,.,F,.
PANCAKES AND WAFFLES,4D,Female,19+ Years,7138,1.310089613,0.53 E,0.173232245,F,F,F,.,F,.,F,F,F,F,F,.,F,.,40.29729146,5.81891687,F,F,65.7674332,4.203819433,76.23237939,5.898821566,0.612519605,0.099829031,F,F,1.107971171,0.097513367,1.12457127,0.135236553
CROISSANTS -  PIECRUSTS & PHYLLO DOUGH,4E,Both,All ages,19670,2.486779931,1.685219131,0.196882663,F,F,F,.,F,.,0.031775149,0.003372806,F,F,F,.,F,.,67.76711964,4.123288092,57,0.251334773,125.7279086,9.926478876,156.6595194,21.20435881,1.279622993,0.080505963,1.00532081,0.069694335,2.490826703,0.322307488,3.03 E,0.643294936
CROISSANTS -  PIECRUSTS & PHYLLO DOUGH,4E,Both,1-3 Years,1288,F,F,F,F,F,F,.,F,.,F,F,F,F,F,.,F,.,F,F,F,.,F,.,F,.,F,F,F,.,F,.,F,.
CROISSANTS -  PIECRUSTS & PHYLLO DOUGH,4E,Both,4-8 Years,1199,F,2.13 E,0.560247372,F,F,F,.,F,.,0.09 E,0.024437503,F,F,F,.,F,.,F,F,F,.,F,.,F,.,F,F,F,.,F,.,F,.
CROISSANTS -  PIECRUSTS & PHYLLO DOUGH,4E,Both,9-13 Years,1962,4.819182832,3.86 E,0.892515424,F,F,F,.,F,.,0.1 E,0.024390971,F,F,F,.,F,.,80.16133653,8.716472489,56.80409955,6.106814053,147.73 E,26.23575392,159.798311,17.15389007,2.077984657,0.258730994,1.540010398,0.205018518,4.63 E,0.978430881,4.661455585,0.542577838
CROISSANTS -  PIECRUSTS & PHYLLO DOUGH,4E,Both,14-18 Years,1890,2.628547347,F,F,F,F,F,.,F,.,F,F,F,F,F,.,F,.,80.93 E,16.4632152,56.65 E,11.2534179,150.2 E,36.2658142,160.64 E,31.73310011,1.44 E,0.311361353,1.1 E,0.198072575,2.67 E,0.711966537,2.91 E,0.66728059
CROISSANTS -  PIECRUSTS & PHYLLO DOUGH,4E,Both,19-30 Years,1849,2.330128076,F,F,F,F,F,.,F,.,F,F,F,F,F,.,F,.,81.52438366,11.77596991,65.24465035,5.883517665,157.18 E,42.45830964,164.09 E,35.96034858,1.35 E,0.229892059,1.056879765,0.146510388,2.68 E,0.767962923,2.84 E,0.730489446
CROISSANTS -  PIECRUSTS & PHYLLO DOUGH,4E,Both,31-50 Years,4389,2.702496545,1.97 E,0.479800479,F,F,F,.,F,.,0.03 E,0.005727708,F,F,F,.,F,.,72.92388034,9.697020687,57,6.744512078,123.9254402,12.77421427,125.59 E,27.4655332,0.941741047,0.105673576,0.91 E,0.164575489,1.39287242,0.136604602,1.4 E,0.461104286
CROISSANTS -  PIECRUSTS & PHYLLO DOUGH,4E,Both,51-70 Years,4465,1.684500803,0.86 E,0.172430704,F,F,F,.,F,.,0.01 E,0.002566736,F,F,F,.,F,.,51.1085747,4.450031906,55.70649297,4.301792093,82.55 E,21.40834095,112.6310283,15.41488354,0.718992265,0.068264098,0.679768424,0.077622845,1.279142421,0.119604581,1.378446746,0.145368653
CROISSANTS -  PIECRUSTS & PHYLLO DOUGH,4E,Both,71+ Years,2628,F,1.24 E,0.354079351,F,F,F,.,F,.,0.02 E,0.005483718,F,F,F,.,F,.,F,F,F,.,F,.,F,.,F,F,F,.,F,.,F,.
CROISSANTS -  PIECRUSTS & PHYLLO DOUGH,4E,Both,1-18 Years,6339,3.47373926,2.413036194,0.357110726,F,F,F,.,F,.,0.075321233,0.011207007,F,F,F,.,F,.,69.4650926,5.299248504,56.55004825,0.479766545,138.0462273,22.58912288,164.7429072,19.22801238,2.172450402,0.163780547,1.883629246,0.184956844,4.62174265,0.534533524,5.022993504,0.291210572
CROISSANTS -  PIECRUSTS & PHYLLO DOUGH,4E,Both,19+ Years,13331,2.24437357,1.506460513,0.228661311,F,F,F,.,F,.,0.021207046,0.003159126,F,F,F,.,F,.,67.12164736,5.374057104,57,1.212277054,122.7727265,10.26088624,126.2651182,16.66542457,0.944898212,0.074385998,0.897007045,0.075952966,1.393267923,0.226720306,1.87 E,0.449966984
CROISSANTS -  PIECRUSTS & PHYLLO DOUGH,4E,Male,9-13 Years,1023,4.834284572,4.43 E,1.404128113,F,F,F,.,F,.,F,F,F,F,F,.,F,.,91.65606048,13.60296923,56.96 E,14.37238027,157.68 E,26.49795793,165.1758333,19.08778328,2.36 E,0.414043102,1.6 E,0.529604725,4.65 E,0.833122578,4.661510957,0.532946092
CROISSANTS -  PIECRUSTS & PHYLLO DOUGH,4E,Male,14-18 Years,900,F,F,F,F,F,F,.,F,.,F,F,F,F,F,.,F,.,F,F,F,.,F,.,F,.,F,F,F,.,F,.,F,.
CROISSANTS -  PIECRUSTS & PHYLLO DOUGH,4E,Male,19-30 Years,857,F,F,F,F,F,F,.,F,.,F,F,F,F,F,.,F,.,F,F,F,.,F,.,F,.,F,F,F,.,F,.,F,.
CROISSANTS -  PIECRUSTS & PHYLLO DOUGH,4E,Male,31-50 Years,2005,3.106803717,2.88 E,0.93772999,F,F,F,.,F,.,0.03 E,0.010734625,F,F,F,.,F,.,92.85699143,12.72126413,96.45 E,26.67510731,124.22 E,24.51670213,F,F,1.079326098,0.148364868,1.16 E,0.306219608,1.39 E,0.369291224,F,F
CROISSANTS -  PIECRUSTS & PHYLLO DOUGH,4E,Male,51-70 Years,2151,F,0.87 E,0.232835824,F,F,F,.,F,.,0.01 E,0.0029216,F,F,F,.,F,.,F,F,F,.,F,.,F,.,F,F,F,.,F,.,F,.
CROISSANTS -  PIECRUSTS & PHYLLO DOUGH,4E,Male,71+ Years,1180,F,F,F,F,F,F,.,F,.,F,F,F,F,F,.,F,.,F,F,F,.,F,.,F,.,F,F,F,.,F,.,F,.
CROISSANTS -  PIECRUSTS & PHYLLO DOUGH,4E,Male,19+ Years,6193,2.174441218,1.74 E,0.386534668,F,F,F,.,F,.,0.02 E,0.004574225,F,F,F,.,F,.,80.01224501,7.977290286,66.0945947,9.361036818,122.6499834,7.919341657,126.73 E,25.36957378,0.975027147,0.088953872,0.935904282,0.152304354,1.392774497,0.111057317,1.4 E,0.425489597
CROISSANTS -  PIECRUSTS & PHYLLO DOUGH,4E,Female,9-13 Years,939,F,3.27 E,0.973980209,F,F,F,.,F,.,0.09 E,0.025105093,F,F,F,.,F,.,F,F,F,.,F,.,F,.,F,F,F,.,F,.,F,.
CROISSANTS -  PIECRUSTS & PHYLLO DOUGH,4E,Female,14-18 Years,990,F,F,F,F,F,F,.,F,.,F,F,F,F,F,.,F,.,F,F,F,.,F,.,F,.,F,F,F,.,F,.,F,.
CROISSANTS -  PIECRUSTS & PHYLLO DOUGH,4E,Female,19-30 Years,992,F,F,F,F,F,F,.,F,.,F,F,F,F,F,.,F,.,F,F,F,.,F,.,F,.,F,F,F,.,F,.,F,.
CROISSANTS -  PIECRUSTS & PHYLLO DOUGH,4E,Female,31-50 Years,2384,2.315589613,1.1 E,0.280462328,F,F,F,.,F,.,0.02 E,0.004644909,F,F,F,.,F,.,47.33081084,6.301624998,56 E,14.83196778,64.99792664,10.11633374,F,F,0.765089057,0.113079727,0.76 E,0.206621077,1.292446982,0.165679327,1.413131922,0.19659738
CROISSANTS -  PIECRUSTS & PHYLLO DOUGH,4E,Female,51-70 Years,2314,1.930087265,0.85 E,0.235381105,F,F,F,.,F,.,0.01 E,0.004011552,F,F,F,.,F,.,44.0451362,5.291261947,51.83 E,9.163828933,61.50849689,9.035406661,66.79 E,20.36128854,0.689001078,0.097758934,0.78 E,0.172309665,1.131514363,0.102301773,1.2692914,0.121644318
CROISSANTS -  PIECRUSTS & PHYLLO DOUGH,4E,Female,71+ Years,1448,F,F,F,F,F,F,.,F,.,F,F,F,F,F,.,F,.,F,F,F,.,F,.,F,.,F,F,F,.,F,.,F,.
CROISSANTS -  PIECRUSTS & PHYLLO DOUGH,4E,Female,19+ Years,7138,2.311889019,1.28 E,0.235786252,F,F,F,.,F,.,0.02 E,0.00420121,F,F,F,.,F,.,55.41644936,6.004375527,56.76907042,2.268427941,F,F,122.58 E,29.49344824,0.917539887,0.115305554,0.891840739,0.085624584,1.71 E,0.387010192,1.96 E,0.479175935
DRY MIXES (CAKES -  MUFFINS -  PANCAKES),4F,Both,All ages,19670,4.148961757,1.231420736,0.102255891,F,F,F,.,F,.,0.023327422,0.001745076,F,F,F,.,F,.,29.6802142,1.273756668,23.62229248,1.496197338,57.21321963,7.99543721,80.63743167,4.795195898,0.562131161,0.025998785,0.405776913,0.024683437,1.13519157,0.081994459,1.500636589,0.160005379
DRY MIXES (CAKES -  MUFFINS -  PANCAKES),4F,Both,1-3 Years,1288,6.257412687,0.84 E,0.189343391,F,F,F,.,F,F,0.06 E,0.014380471,F,F,F,.,F,F,13.4469142,2.030422786,10.68 E,2.519820033,28.38 E,6.647328253,37.2 E,7.930887532,1.00322231,0.132423633,0.71 E,0.222361059,2.24 E,0.429267907,2.743444967,0.405172737
DRY MIXES (CAKES -  MUFFINS -  PANCAKES),4F,Both,4-8 Years,1199,9.428929229,2.22 E,0.38883353,F,F,F,.,16.90223394,2.247255512,0.1 E,0.016028041,F,F,F,.,0.74 E,0.124251712,23.5097501,3.046865328,16.93974416,1.876441907,39.43 E,8.82776748,F,F,1.011816851,0.122285838,0.806378726,0.091340694,1.87 E,0.336858999,F,F
DRY MIXES (CAKES -  MUFFINS -  PANCAKES),4F,Both,9-13 Years,1962,7.497633225,2.25 E,0.392720156,F,F,F,.,16.42 E,3.206843685,0.06 E,0.011681981,F,F,F,.,0.41 E,0.07327599,30.01635404,3.179487542,21.67022214,2.463630241,67.43 E,13.79829306,71.85 E,14.92300879,0.78353995,0.102558201,0.513702706,0.039505239,1.57 E,0.483083606,2.3 E,0.580618592
DRY MIXES (CAKES -  MUFFINS -  PANCAKES),4F,Both,14-18 Years,1890,5.095495684,1.73 E,0.32776386,F,F,F,.,F,F,0.03 E,0.005412871,F,F,F,.,F,F,34.02494271,4.215802256,25.54 E,5.430124204,58.69215623,7.48594651,75.37 E,15.84999286,0.561221913,0.070986927,0.39 E,0.088875163,0.988876295,0.117058198,1.2 E,0.257069335
DRY MIXES (CAKES -  MUFFINS -  PANCAKES),4F,Both,19-30 Years,1849,3.748555741,1.1 E,0.329453955,F,F,F,.,F,.,0.02 E,0.004696767,F,F,F,.,F,.,29.35673391,4.561780486,28.27 E,6.398021013,F,F,75.53 E,19.69602691,0.41 E,0.073596091,0.32 E,0.062049104,F,F,1.12 E,0.318105651
DRY MIXES (CAKES -  MUFFINS -  PANCAKES),4F,Both,31-50 Years,4389,3.00638409,1.05 E,0.189207169,F,F,F,.,F,.,0.01 E,0.002266523,F,F,F,.,F,.,34.97146746,3.321343761,32.31207213,4.419413739,75.34 E,15.20565749,85.00811018,10.32784994,0.440968174,0.037647329,0.35 E,0.06376468,0.815590719,0.098495163,1.020468864,0.140165854
DRY MIXES (CAKES -  MUFFINS -  PANCAKES),4F,Both,51-70 Years,4465,3.272962491,0.93 E,0.167422092,F,F,F,.,F,.,0.01 E,0.002105802,F,F,F,.,F,.,28.47649572,2.293213125,25.26752466,1.713827819,49.4 E,9.896938142,73.47 E,14.46028129,0.359207171,0.025591788,0.327452866,0.041187904,0.646375997,0.047914381,0.661675088,0.105783231
DRY MIXES (CAKES -  MUFFINS -  PANCAKES),4F,Both,71+ Years,2628,4.630425822,1.53 E,0.333328563,F,F,F,.,F,.,0.02 E,0.004880277,F,F,F,.,F,.,32.97401865,4.547532322,25.41256246,3.187997114,78.91 E,22.60401951,F,F,0.46316564,0.065484241,0.310359276,0.034121943,1.04 E,0.298391904,1.26 E,0.328967141
DRY MIXES (CAKES -  MUFFINS -  PANCAKES),4F,Both,1-18 Years,6339,7.142665956,1.858334967,0.179095473,F,F,F,.,13.78372366,1.973765129,0.061304767,0.006193534,F,F,F,.,0.4417381,0.059102805,26.01738593,1.66268157,17.00470022,1.33317576,56.63348701,6.998152768,71.37480677,9.080475117,0.853459542,0.054387625,0.626462051,0.067397912,1.607012375,0.26562167,2.306678065,0.279375899
DRY MIXES (CAKES -  MUFFINS -  PANCAKES),4F,Both,19+ Years,13331,3.413680251,1.077444789,0.115473279,F,F,F,.,F,.,0.014110783,0.001492262,F,F,F,.,F,.,31.56255742,1.732392435,25.52357037,1.666242817,57.56 E,12.82799104,81.9728314,5.213232289,0.413359842,0.022435481,0.334054627,0.019493398,0.721333449,0.099574588,1.027368063,0.127112331
DRY MIXES (CAKES -  MUFFINS -  PANCAKES),4F,Male,9-13 Years,1023,7.944625761,2.11 E,0.387006206,F,F,F,.,15.01 E,3.781245439,0.05 E,0.010962481,F,F,F,.,0.39 E,0.082553464,26.55400586,2.886009939,18.67 E,3.571350529,48.4 E,8.662178231,66.87 E,15.72528271,0.685597037,0.082824867,0.481544664,0.056275377,1.283224153,0.176399118,1.58 E,0.322410303
DRY MIXES (CAKES -  MUFFINS -  PANCAKES),4F,Male,14-18 Years,900,3.863296736,1.54 E,0.380405387,F,F,F,.,F,.,0.02 E,0.005957856,F,F,F,.,F,.,39.87802295,6.450852949,29.08 E,7.032001183,65.96 E,11.18316975,74.36 E,24.1832529,0.621034494,0.102604202,0.42 E,0.124793576,1.02 E,0.19648406,F,F
DRY MIXES (CAKES -  MUFFINS -  PANCAKES),4F,Male,19-30 Years,857,F,F,F,F,F,F,.,F,.,F,F,F,F,F,.,F,.,F,F,F,.,F,.,F,.,F,F,F,.,F,.,F,.
DRY MIXES (CAKES -  MUFFINS -  PANCAKES),4F,Male,31-50 Years,2005,2.35193423,0.91 E,0.203768353,F,F,F,.,F,.,0.01 E,0.002414911,F,F,F,.,F,.,38.89573502,5.347666541,31.89378983,3.541952937,75.42 E,17.16721598,101.97 E,21.85172004,0.451030967,0.061531802,0.35 E,0.064312657,0.74 E,0.209970549,1.04 E,0.341022877
DRY MIXES (CAKES -  MUFFINS -  PANCAKES),4F,Male,51-70 Years,2151,2.824583074,0.97 E,0.255091858,F,F,F,.,F,.,0.01 E,0.00281732,F,F,F,.,F,.,34.45571121,3.90739036,26.28 E,5.439748882,56.54 E,14.59869659,84.23 E,16.83690215,0.374361785,0.045036456,0.27 E,0.050822026,0.66 E,0.144415673,0.97 E,0.196833153
DRY MIXES (CAKES -  MUFFINS -  PANCAKES),4F,Male,71+ Years,1180,4.184707328,1.56 E,0.445128136,F,F,F,.,F,.,0.02 E,0.005314786,F,F,F,.,F,.,37.22 E,8.008019038,27.10006032,2.575695967,F,F,F,F,0.45 E,0.095880158,0.306961413,0.024271275,F,F,F,F
DRY MIXES (CAKES -  MUFFINS -  PANCAKES),4F,Male,19+ Years,6193,2.857185508,1.059637161,0.159377727,F,F,F,.,F,.,0.012477452,0.002031607,F,F,F,.,F,.,37.08674703,2.712956076,30.43003357,2.129958635,75.70555345,12.24275414,85.04432289,13.38614952,0.436704298,0.038382238,0.328875151,0.018811035,0.81 E,0.187407601,1.145359046,0.185297764
DRY MIXES (CAKES -  MUFFINS -  PANCAKES),4F,Female,9-13 Years,939,7.02719515,2.4 E,0.692750823,F,F,F,.,F,F,0.06 E,0.020989505,F,F,F,.,F,F,34.14 E,5.691118915,23.09374809,3.290776225,69.92 E,16.91319694,F,F,0.9 E,0.193100221,0.530555574,0.075234388,F,F,F,F
DRY MIXES (CAKES -  MUFFINS -  PANCAKES),4F,Female,14-18 Years,990,6.398346963,1.94 E,0.542837625,F,F,F,.,F,F,0.03 E,0.00922128,F,F,F,.,F,F,30.29 E,5.533105068,F,F,56.27720294,8.173507138,59.41 E,12.82846701,0.52 E,0.095676048,F,F,0.97 E,0.178274125,1.16 E,0.228027169
DRY MIXES (CAKES -  MUFFINS -  PANCAKES),4F,Female,19-30 Years,992,4.365364438,0.96 E,0.252326683,F,F,F,.,F,.,0.01 E,0.00370564,F,F,F,.,F,.,22.00407338,2.315897198,16.67 E,2.951526975,38.63340058,5.012267392,42.4173177,3.579714417,0.334439401,0.040435125,0.25 E,0.070189598,0.513983902,0.073604786,0.634011929,0.068761928
DRY MIXES (CAKES -  MUFFINS -  PANCAKES),4F,Female,31-50 Years,2384,3.632668274,1.18 E,0.320765115,F,F,F,.,F,.,0.02 E,0.003845684,F,F,F,.,F,.,32.54008596,4.293289417,32.81 E,7.165474018,64.51 E,18.02514765,82.83 E,18.63539211,0.43473351,0.04485965,0.38 E,0.077781533,0.866252807,0.142690483,0.874362375,0.112495509
DRY MIXES (CAKES -  MUFFINS -  PANCAKES),4F,Female,51-70 Years,2314,3.711128347,0.89 E,0.223396783,F,F,F,.,F,.,0.01 E,0.003227808,F,F,F,.,F,.,24.02930813,2.754304364,23.09639126,2.250354087,39.63265181,5.390258712,43.76 E,9.15807383,0.347935556,0.0336702,0.37 E,0.062899708,0.625458795,0.061633501,0.648309601,0.038771528
DRY MIXES (CAKES -  MUFFINS -  PANCAKES),4F,Female,71+ Years,1448,4.983513565,1.5 E,0.486386018,F,F,F,.,F,.,0.02 E,0.007734893,F,F,F,.,F,.,30.15 E,6.063053009,21.66 E,4.543821011,77.15 E,24.51411722,80.26 E,18.88826902,0.47 E,0.095282326,0.32 E,0.076301384,1.08 E,0.317946263,1.21 E,0.302382399
DRY MIXES (CAKES -  MUFFINS -  PANCAKES),4F,Female,19+ Years,7138,3.950942207,1.094636975,0.163523191,F,F,F,.,F,.,0.015687666,0.002190598,F,F,F,.,F,.,27.70571974,2.229855745,23.09142139,2.215308021,F,F,80.69 E,15.39407773,0.397061384,0.027783256,0.338464184,0.038438111,0.70037769,0.078732404,0.87 E,0.159272639
WHOLE GRAIN -  OATS AND HIGH FIBRE BREAKFAST CEREALS,5,Both,All ages,19670,22.93636463,18.71131139,0.81966286,F,F,52.07879618,1.983199533,119.2855207,7.946301938,0.324837788,0.014639875,F,F,0.846244974,0.032623811,1.819888631,0.097348828,81.57923754,2.83428477,46.21347188,0.88687913,218.9304914,17.92797153,247.2513722,12.05536303,1.416728128,0.05453744,0.723314658,0.02856567,3.087924033,0.118615852,4.704710507,0.329492959
WHOLE GRAIN -  OATS AND HIGH FIBRE BREAKFAST CEREALS,5,Both,1-3 Years,1288,32.09996235,16.90791284,2.546714812,F,F,40.12 E,7.181066855,123.35 E,37.729208,1.43 E,0.253186514,F,F,3.01 E,0.507303866,F,F,52.67268744,6.856157511,24.08185369,2.14274526,171.33 E,35.02518443,176.0487338,25.95431655,4.398385708,0.683032414,1.846125635,0.227575289,15.65 E,3.760189322,16.38268099,2.073672521
WHOLE GRAIN -  OATS AND HIGH FIBRE BREAKFAST CEREALS,5,Both,4-8 Years,1199,21.85722942,12.77072143,1.822802623,F,F,32.47 E,6.264541523,69.97 E,18.86373436,0.572059678,0.084531867,F,F,1.504007173,0.233161519,3.14 E,0.631920957,58.42790588,6.783165465,31.66101143,2.719810757,154.4775049,25.61995314,212.775327,29.39526913,2.617256138,0.315404706,1.403568134,0.136653814,7.061100239,1.119176665,8.38 E,2.180497263
WHOLE GRAIN -  OATS AND HIGH FIBRE BREAKFAST CEREALS,5,Both,9-13 Years,1962,17.19832303,12.47185259,1.406288077,F,F,37.33726,5.298456499,74.2 E,15.68357508,0.309332265,0.036547497,F,F,0.95 E,0.172697526,1.78 E,0.310600648,72.51784119,5.672925143,40.40048671,3.232608121,182.9690544,21.71083367,237.755553,29.71077317,1.798618765,0.147046422,1.122682932,0.087484676,4.407232382,0.554920861,6.774711601,1.089078718
WHOLE GRAIN -  OATS AND HIGH FIBRE BREAKFAST CEREALS,5,Both,14-18 Years,1890,17.36563878,13.47859031,1.67430239,F,F,46.22073424,5.063654331,74.29229132,5.644332223,0.220128597,0.030056529,F,F,0.682578984,0.071996037,1.212744117,0.157610431,77.61643832,8.353978735,50.25831357,4.549178458,151.74 E,35.75745817,231.43 E,42.82814715,1.267610133,0.154848705,0.793303284,0.060041556,2.616398839,0.428237431,3.75 E,0.964022247
WHOLE GRAIN -  OATS AND HIGH FIBRE BREAKFAST CEREALS,5,Both,19-30 Years,1849,17.44124674,15.56 E,2.695779935,F,F,44.41 E,8.922273235,F,F,0.21 E,0.036072146,F,F,0.63 E,0.108576436,1.47 E,0.476580138,89.23086172,11.10503632,53.93 E,10.00208364,232.2112386,25.7996329,243.2304174,13.19328364,1.203097816,0.146667117,0.708020842,0.108605757,2.976510986,0.361263604,3.23 E,0.63909301
WHOLE GRAIN -  OATS AND HIGH FIBRE BREAKFAST CEREALS,5,Both,31-50 Years,4389,21.4138889,18.61096836,1.845539969,F,F,52.02621565,4.42571168,108.6448016,16.52601063,0.259964507,0.02962384,F,F,0.678767482,0.074493118,1.301504773,0.152130127,86.9107356,7.424838501,48.08295083,2.907986793,219.5105199,21.49914324,307.1 E,54.21376399,1.213999512,0.121962178,0.636195649,0.045582452,2.679346454,0.330187848,4.45 E,0.872653197
WHOLE GRAIN -  OATS AND HIGH FIBRE BREAKFAST CEREALS,5,Both,51-70 Years,4465,24.43148304,20.33069761,1.413498175,F,F,54.84307291,4.678298937,123.633433,15.86388024,0.269408116,0.018928951,F,F,0.746691759,0.05544196,1.505080578,0.154101804,83.21515965,4.569935479,46.35937205,1.599799556,222.5277424,20.44997594,241.164685,23.75880645,1.102708812,0.060738044,0.624930562,0.024477772,2.904599695,0.242818791,3.614550095,0.206255804
WHOLE GRAIN -  OATS AND HIGH FIBRE BREAKFAST CEREALS,5,Both,71+ Years,2628,35.28584194,29.49173782,2.085144182,F,F,79.62 E,13.27844616,172.9496793,7.182260498,0.423003877,0.030436881,F,F,1.207283283,0.18341388,2.509911483,0.133432515,83.57952141,5.022935582,46.1385141,1.579098383,209.8481221,17.83986808,239.0614867,16.36730947,1.198792076,0.073477349,0.672476196,0.042128382,2.81685386,0.150551656,3.748139269,0.332308052
WHOLE GRAIN -  OATS AND HIGH FIBRE BREAKFAST CEREALS,5,Both,1-18 Years,6339,21.02987256,13.58247307,0.875417209,F,F,38.06636697,2.87218924,76.58760651,7.076377583,0.533387004,0.046496389,F,F,1.268264211,0.085186617,2.673538042,0.206717576,64.58656859,3.408204666,36.32833175,1.930036979,172.7453604,15.54061288,227.4762213,12.40989473,2.543834235,0.19438788,1.19197155,0.066812025,6.143469725,0.833299402,10.93342792,1.728667562
WHOLE GRAIN -  OATS AND HIGH FIBRE BREAKFAST CEREALS,5,Both,19+ Years,13331,23.40461676,19.97100163,0.993006016,F,F,54.90810749,2.508437494,123.2583504,8.886472884,0.274225438,0.014455986,F,F,0.778465309,0.040490018,1.623766675,0.126084334,85.32932555,3.410919105,46.53522124,1.772040757,226.0710975,11.31710121,247.2627337,22.23321193,1.171672412,0.050830121,0.64073763,0.019122043,2.783697779,0.128312172,3.843449977,0.234301113
WHOLE GRAIN -  OATS AND HIGH FIBRE BREAKFAST CEREALS,5,Male,9-13 Years,1023,17.65478362,12.0091247,1.839353952,F,F,37.36874651,4.874630244,59 E,12.93598682,0.284360562,0.038064038,F,F,0.98 E,0.171623346,1.57 E,0.332848975,68.02193085,8.679931291,37.96153645,3.105320394,166.26 E,35.38578951,247.27 E,47.657205,1.610671464,0.158994395,1.122280513,0.099973725,3.958525946,0.472527317,5.298340279,0.553943221
WHOLE GRAIN -  OATS AND HIGH FIBRE BREAKFAST CEREALS,5,Male,14-18 Years,900,15.5483553,13.68 E,2.81142951,F,F,43.44 E,9.191497117,77.54366512,11.4330792,0.22 E,0.050900977,F,F,0.64 E,0.126541822,1.18 E,0.272577902,87.98 E,15.14184289,59.37755356,6.574508014,154.69 E,44.61282249,F,F,1.41 E,0.286439291,0.78 E,0.132187735,2.65 E,0.71857197,F,F
WHOLE GRAIN -  OATS AND HIGH FIBRE BREAKFAST CEREALS,5,Male,19-30 Years,857,20.40343023,19.24 E,4.198393638,F,F,F,F,169.29 E,53.46771668,0.25 E,0.05297743,F,F,F,F,2.15 E,0.661240086,94.3 E,16.10045148,66.31 E,17.79728524,235.2000188,33.29860084,242.1048883,17.69227542,1.21 E,0.202510059,0.79 E,0.207581588,2.64084975,0.387329956,3.22831936,0.435585515
WHOLE GRAIN -  OATS AND HIGH FIBRE BREAKFAST CEREALS,5,Male,31-50 Years,2005,20.14223168,18.86319129,2.619982489,F,F,64.24622596,8.240318728,110.29 E,19.05967952,0.227187527,0.032088935,F,F,0.787014485,0.116521826,1.179793156,0.155645757,93.64995694,10.72635978,62.72360707,5.797482666,190.4039425,30.91060069,246.27 E,65.38775856,1.127916364,0.129189272,0.781734279,0.092332848,2.238067858,0.280009566,3 E,0.645990054
WHOLE GRAIN -  OATS AND HIGH FIBRE BREAKFAST CEREALS,5,Male,51-70 Years,2151,25.01401548,22.60947455,2.336187686,F,F,67.3290191,8.655556109,150.61 E,26.10274963,0.259818891,0.025865544,F,F,0.739806199,0.070045013,1.465951651,0.170760961,90.3872254,7.443273648,50.12186744,3.803681918,224.9597823,26.28973374,297.6309614,37.66691874,1.038693253,0.082375959,0.592223485,0.04516454,2.414151951,0.381740289,3.293136694,0.287984373
WHOLE GRAIN -  OATS AND HIGH FIBRE BREAKFAST CEREALS,5,Male,71+ Years,1180,34.44897848,34.12753398,3.850901966,F,F,110.15 E,22.34396,206.7489867,20.78438138,0.440276921,0.053653268,F,F,1.3 E,0.302681003,2.654328238,0.167083931,99.06689687,9.703969013,53.24585945,4.363431202,233.8800251,8.845291068,301.05 E,56.17008749,1.278055085,0.137679757,0.636856865,0.055837217,2.916513878,0.147987941,3.52 E,0.876433099
WHOLE GRAIN -  OATS AND HIGH FIBRE BREAKFAST CEREALS,5,Male,19+ Years,6193,23.34700744,21.81975628,1.533626795,F,F,66.60259273,4.719373528,134.8066845,15.63586964,0.264508572,0.018526298,F,F,0.810382694,0.065429648,1.502906986,0.172973597,93.45847144,5.46619034,54.61833209,3.902870651,225.3748821,12.15399195,251.1697231,33.54603678,1.132944225,0.066440617,0.668977543,0.033693272,2.622703944,0.148005848,3.24484999,0.213475268
WHOLE GRAIN -  OATS AND HIGH FIBRE BREAKFAST CEREALS,5,Female,9-13 Years,939,16.7179203,12.95885135,2.044888783,F,F,33.92 E,9.486116977,99.89 E,26.27367924,0.34 E,0.060161226,F,F,0.85 E,0.25537204,2.19 E,0.493185977,77.51473344,8.454221643,46.41229997,7.111197841,182.9753356,27.40894752,227.8089113,25.14320727,2.007509144,0.274008844,1.163214636,0.193051953,5.12 E,1.288899115,6.66 E,1.232589921
WHOLE GRAIN -  OATS AND HIGH FIBRE BREAKFAST CEREALS,5,Female,14-18 Years,990,19.28712241,13.26665058,1.736129119,F,F,46.39130824,6.06964916,74.17829962,6.310500188,0.220706022,0.029967607,F,F,0.773976597,0.096998926,1.208598783,0.155137556,68.78501778,7.074752502,46.42962393,3.980606939,F,F,229.9851098,35.4686725,1.144318044,0.123946325,0.79250279,0.057162182,2.6 E,0.596355479,3.75 E,0.761162341
WHOLE GRAIN -  OATS AND HIGH FIBRE BREAKFAST CEREALS,5,Female,19-30 Years,992,14.16120326,11.49 E,3.17176804,F,F,F,F,F,F,0.17 E,0.047098994,F,F,F,F,F,F,81.15 E,14.24366037,44.45 E,7.736930753,230.51 E,48.878103,252.2605614,35.06589641,1.19 E,0.20876166,0.68 E,0.140192384,2.94 E,0.823991393,4.63 E,1.196383552
WHOLE GRAIN -  OATS AND HIGH FIBRE BREAKFAST CEREALS,5,Female,31-50 Years,2384,22.63081757,18.36960039,2.692606351,F,F,45.3529243,4.486334361,93.51 E,28.23929052,0.29 E,0.049935058,F,F,0.618644103,0.088218007,1.51 E,0.392069697,81.17073247,10.38670864,37.90287979,4.594771,227.4742901,33.21930655,318.29 E,56.97618063,1.287319189,0.19774111,0.507768985,0.071103294,3.33 E,0.757534813,5.47 E,1.513891294
WHOLE GRAIN -  OATS AND HIGH FIBRE BREAKFAST CEREALS,5,Female,51-70 Years,2314,23.86222001,18.10382856,1.633815211,F,F,49.45227433,4.297730596,113.4636622,15.72906808,0.27877891,0.027822231,F,F,0.789470115,0.087233099,1.730488133,0.254436922,75.86816547,4.833423232,45.73264966,1.900328365,217.3613731,23.31626108,230.271004,6.701440562,1.168285726,0.08383465,0.626164951,0.036815937,2.970146367,0.260870659,3.824059199,0.230761204
WHOLE GRAIN -  OATS AND HIGH FIBRE BREAKFAST CEREALS,5,Female,71+ Years,1448,35.94878556,25.81936876,1.979385292,F,F,64.66 E,12.84675016,170.6325839,13.08770689,0.409320577,0.031503018,F,F,1.1 E,0.241936989,2.354462217,0.17305757,71.82264536,4.282257403,44.31101303,1.622071007,175.9668995,8.655495705,227.4765917,13.49810595,1.138621432,0.06887233,0.722083573,0.063212648,2.64528987,0.258905684,3.84409017,0.386184878
WHOLE GRAIN -  OATS AND HIGH FIBRE BREAKFAST CEREALS,5,Female,19+ Years,7138,23.46023507,18.18614104,1.267832911,F,F,47.18407442,2.851159737,113.4302791,12.44511175,0.283606482,0.022212631,F,F,0.737896836,0.04613612,1.711517918,0.173698589,77.51900601,4.342507747,43.97097583,1.615509484,225.5053683,22.48626994,247.2346019,23.08022677,1.208881673,0.078587364,0.624050046,0.02510078,2.994029864,0.201899411,4.170979892,0.393362857
BREAKFAST CEREAL,6,Both,All ages,19670,10.56817021,3.520276022,0.185050854,F,F,7.89 E,2.591456732,26.20067636,1.431221127,0.075983546,0.003456787,F,F,F,F,0.516563478,0.016647229,33.31017529,1.260893087,25.40190443,0.512828127,53.06537112,4.419012254,70.88704576,6.094250532,0.724297158,0.02424049,0.498724274,0.013873954,1.459384037,0.067969078,1.98525229,0.155431112
BREAKFAST CEREAL,6,Both,1-3 Years,1288,24.70265292,5.395381511,0.686687855,F,F,17.48 E,2.925359719,33.11849273,4.164041726,0.372219847,0.049711427,F,F,1.356259618,0.183709962,2.329518479,0.308612661,21.84130396,1.71395421,16.5839094,0.778159326,37.65948911,3.641746457,49.99587144,7.990454109,1.60076566,0.140079171,1.227640152,0.133254993,2.61627656,0.224245268,3.04143205,0.251565137
BREAKFAST CEREAL,6,Both,4-8 Years,1199,32.50472043,7.842462188,0.598257591,F,F,27.01943739,2.298053455,34.7040941,3.738212072,0.351009142,0.02790302,F,F,1.254826647,0.087010361,1.635752088,0.069778338,24.12714856,1.230383173,20.45521825,1.729976493,44.85248105,3.406781442,50.99327209,5.62164788,1.079871284,0.055602919,0.923734362,0.056818034,1.780872658,0.109592268,2.182238933,0.330417147
BREAKFAST CEREAL,6,Both,9-13 Years,1962,25.29958021,9.619965742,1.029024347,F,F,33.08299472,0.754130127,45.07727041,1.552262446,0.224904715,0.02067773,F,F,0.842125251,0.037993886,1.075790365,0.060611059,38.02421093,3.29461562,30.60605518,0.866527369,55.24 E,9.374371732,89.90032163,11.41851369,0.888966194,0.059670833,0.736341763,0.035229931,1.435532988,0.150248397,1.981925978,0.234362725
BREAKFAST CEREAL,6,Both,14-18 Years,1890,17.51570233,6.610497115,0.689866715,F,F,30.2259755,2.293538028,37.83965023,5.36704597,0.101217046,0.010378732,F,F,0.406658576,0.031211076,0.621356331,0.071898807,37.74040567,2.631207668,30.53930518,1.275034518,56.15 E,16.44811712,86.81985728,11.68800596,0.577864618,0.04132109,0.44571679,0.028087195,1.090767178,0.151733042,1.541536281,0.218946269
BREAKFAST CEREAL,6,Both,19-30 Years,1849,9.966998205,3.52 E,0.596233665,F,F,F,.,30.52523342,3.436859846,0.04962465,0.007735131,F,F,F,.,0.479203207,0.057909557,35.30454733,3.14081182,30.53222032,2.104799205,67.22 E,12.6756496,69.38976168,9.677155657,0.497889629,0.038142181,0.479285911,0.039017757,0.761071599,0.069220572,0.85 E,0.226188861
BREAKFAST CEREAL,6,Both,31-50 Years,4389,5.788770153,2.308453086,0.318076002,F,F,F,.,F,F,0.029724532,0.004077046,F,F,F,.,F,F,39.87812652,4.201065047,25.84458957,2.314815266,62.86 E,16.19033853,116.2 E,25.0103708,0.513486132,0.054292551,0.33581,0.022460168,0.91 E,0.168634322,1.43 E,0.253189476
BREAKFAST CEREAL,6,Both,51-70 Years,4465,6.031904315,2.105017442,0.335788759,F,F,F,.,13.24 E,4.19657259,0.03 E,0.00588337,F,F,F,.,0.16 E,0.049360683,34.89805761,4.644778961,24.41629435,1.260227117,53.93954652,7.278009317,F,F,0.47 E,0.08941158,0.305611578,0.028158989,0.643458541,0.088218634,F,F
BREAKFAST CEREAL,6,Both,71+ Years,2628,9.596352247,3.009749308,0.390978006,F,F,F,.,19.66595661,2.90991167,0.043919508,0.006447155,F,F,F,.,0.268113659,0.041528369,31.3634726,3.106851301,20.43848227,2.62750997,49.05 E,12.63380283,F,F,0.457668776,0.054051748,0.289874307,0.032339965,0.66 E,0.188189654,F,F
BREAKFAST CEREAL,6,Both,1-18 Years,6339,24.98378585,7.556240726,0.404975801,F,F,30.27861114,0.980459734,37.56561307,3.085637408,0.247748802,0.012681073,F,F,0.904383845,0.033252298,1.342348495,0.083965662,30.24457851,1.234102526,24.86168729,0.673017804,47.5311015,1.708281633,68.34072993,5.165688201,1.000583851,0.036129968,0.802450961,0.027629873,1.810905481,0.120626762,2.490521022,0.14865433
BREAKFAST CEREAL,6,Both,19+ Years,13331,7.027561365,2.529005674,0.200349199,F,F,F,.,17.71485193,2.38828565,0.034298214,0.002936551,F,F,F,.,0.241424602,0.023500386,35.98695967,2.114473189,25.66822938,1.035559008,58.75358377,6.797615696,76.21 E,16.60181648,0.488052856,0.033507028,0.349531289,0.011905531,0.761700437,0.047342063,1.03 E,0.237550543
BREAKFAST CEREAL,6,Male,9-13 Years,1023,25.97822127,11.11931011,1.842005898,F,F,34.33036129,2.495487752,47.31643171,1.371966792,0.253594128,0.032250521,F,F,0.904407984,0.048563042,1.156200902,0.090293981,42.80243052,5.697040856,32.14460234,0.681379464,53.32 E,15.43448855,98.54 E,31.07417306,0.976179722,0.088080237,0.793982485,0.036474886,1.514825631,0.247360269,2.23 E,0.428439752
BREAKFAST CEREAL,6,Male,14-18 Years,900,19.73217189,8.147083207,1.137863367,F,F,32.06143322,2.196689829,44.69904615,3.128458447,0.115945013,0.015544613,F,F,0.448400986,0.046722946,0.682394449,0.082770695,41.28832473,3.785919343,32.80689046,1.771247864,70.52 E,16.03332911,97.06 E,24.95203685,0.587593771,0.054237872,0.458830814,0.043220287,1.11 E,0.19462125,1.63 E,0.373007611
BREAKFAST CEREAL,6,Male,19-30 Years,857,6.611479928,2.55 E,0.560103667,F,F,F,.,F,F,0.04 E,0.008251074,F,F,F,.,F,F,38.62304923,3.153491539,33.16028289,3.26649898,47.62 E,13.0909881,72.59 E,12.42811767,0.53255408,0.056403962,0.43637969,0.049935171,0.76 E,0.221322304,1.3 E,0.353917919
BREAKFAST CEREAL,6,Male,31-50 Years,2005,6.289229352,2.91 E,0.56740818,F,F,F,.,F,F,0.03 E,0.006893428,F,F,F,.,F,F,46.32079182,6.721083514,32.91236356,4.056000019,92.75 E,26.09120859,F,F,0.546757626,0.082701023,0.338645131,0.040663309,1.04 E,0.2919495,F,F
BREAKFAST CEREAL,6,Male,51-70 Years,2151,6.143635394,2.11 E,0.393195375,F,F,F,.,F,F,0.02 E,0.003968547,F,F,F,.,F,F,34.34583385,4.675036457,24.48969077,3.925352075,53.83896255,5.982666831,62.78854853,6.58975444,0.374767824,0.047486813,0.28 E,0.048578839,0.549211298,0.040465366,0.646856148,0.069489311
BREAKFAST CEREAL,6,Male,71+ Years,1180,10.61917387,2.9145047,0.460984493,F,F,F,F,21.22 E,3.84749034,0.036813494,0.006071756,F,F,F,F,0.27 E,0.045895053,27.44568209,3.269775747,18.98 E,3.575645656,37.43 E,6.236845875,50.48 E,16.79166997,0.346670037,0.043633313,0.25857596,0.036203516,0.523376641,0.062435628,0.67 E,0.149376939
BREAKFAST CEREAL,6,Male,19+ Years,6193,6.766717587,2.582956919,0.278875776,F,F,F,.,19.58654342,3.13435721,0.031036578,0.003376024,F,F,F,.,0.21 E,0.036636298,38.17148988,2.964355329,30.20365263,2.704407164,55.29702077,7.252138254,87.8 E,19.68601882,0.458665189,0.036323983,0.347792983,0.017539375,0.719562251,0.082703218,1.36 E,0.324009871
BREAKFAST CEREAL,6,Female,9-13 Years,939,24.58534323,8.041978141,0.952976617,F,F,30.52552363,1.50965253,40.56136357,4.530249277,0.194710492,0.0257439,F,F,0.730241431,0.070711818,0.985323935,0.06711778,32.71045706,2.381385283,30.15176611,3.207009063,62.3 E,11.50131248,75.96082771,9.736069487,0.791977929,0.076183382,0.637987097,0.050973262,1.21512209,0.171290455,1.702899099,0.229637928
BREAKFAST CEREAL,6,Female,14-18 Years,990,15.17214392,4.985805617,0.703206871,F,F,23.83441298,3.572443529,32.21122439,3.72942156,0.085644602,0.012691538,F,F,0.38 E,0.062677924,0.565747796,0.08955388,32.86157608,2.948238507,25.32200767,3.459493538,50.4 E,11.93575854,75.96 E,12.71301135,0.564485823,0.057384444,0.443354783,0.033044096,1.06 E,0.185748222,1.3 E,0.225840865
BREAKFAST CEREAL,6,Female,19-30 Years,992,13.68258364,4.59 E,1.126878179,F,F,F,F,33.11 E,8.194679864,0.07 E,0.013905107,F,F,F,F,0.52 E,0.08840695,33.52896715,4.557803646,28.80483486,3.26467942,67.62 E,14.57643741,69.15 E,13.21066922,0.47934225,0.049020478,0.48733918,0.057032906,0.740162923,0.075439381,0.8 E,0.2018966
BREAKFAST CEREAL,6,Female,31-50 Years,2384,5.309849305,1.73 E,0.33726811,F,F,F,.,F,F,0.03 E,0.004841637,F,F,F,.,F,F,32.5755541,5.109986198,25.21778327,1.792900687,56.01375541,9.133117288,72.2120955,10.12039243,0.475773869,0.073050937,0.320599514,0.03838623,0.903589964,0.143751835,0.95 E,0.224903789
BREAKFAST CEREAL,6,Female,51-70 Years,2314,5.922718338,2.1 E,0.552336068,F,F,F,.,F,F,0.03 E,0.011072911,F,F,F,.,F,F,35.46 E,7.799657981,24.38495484,2.17467731,F,F,F,F,0.56 E,0.166340832,0.338024599,0.026844004,F,F,F,F
BREAKFAST CEREAL,6,Female,71+ Years,1448,8.786096934,3.09 E,0.608481847,F,F,F,.,18.29 E,3.413944738,0.05 E,0.010717446,F,F,F,.,0.27 E,0.064355595,35.11456653,5.203382699,23.05813815,2.575078454,F,F,F,F,0.56 E,0.094889843,0.334793528,0.048364677,F,F,F,F
BREAKFAST CEREAL,6,Female,19+ Years,7138,7.279390226,2.476919015,0.304489952,F,F,F,.,17.47965312,2.790711503,0.037447126,0.004964106,F,F,F,.,0.260844037,0.035513867,34.02646291,3.023798025,25.25370209,0.719864187,67.81 E,11.65619638,72.81 E,15.10472447,0.514426685,0.054085847,0.352821861,0.021144489,0.792189439,0.071557305,F,F
COOKIES -  BISCUITS & GRANOLA BARS,7,Both,All ages,19670,24.29956124,8.902830172,0.318092693,F,F,34.94092654,1.101848413,47.97748331,1.608907207,0.170226058,0.005487764,F,F,0.539893992,0.016210322,0.953969998,0.03027702,36.63782273,0.994150376,29.7520249,0.796659684,69.99846187,1.72908339,95.58284551,6.662664888,0.701886547,0.017993411,0.45205459,0.011525028,1.49447979,0.064973025,2.087229111,0.142221569
COOKIES -  BISCUITS & GRANOLA BARS,7,Both,1-3 Years,1288,31.99726736,8.225313334,0.771712606,F,F,27.94200843,2.487797629,37.35189702,5.657010916,0.618890967,0.059439153,F,F,2.151094843,0.193329406,3.08635119,0.395691868,25.70629936,1.964731527,18.81 E,3.18812977,49.37888107,6.928293273,69.02927273,8.559293353,1.992977747,0.14406644,1.540991034,0.134865942,3.78901064,0.347184637,4.849659369,0.496916549
COOKIES -  BISCUITS & GRANOLA BARS,7,Both,4-8 Years,1199,43.212593,14.32714862,0.994462184,F,F,39.07522595,2.826979429,61.67813912,6.990252576,0.624251212,0.042162899,F,F,1.815505719,0.119790633,2.60763604,0.154639699,33.15503104,1.547775708,25.92651908,1.501335416,67.08432751,5.978503085,82.33058018,6.428500623,1.444604845,0.061846678,1.170790058,0.078412052,2.631767894,0.127344186,3.298262323,0.332360731
COOKIES -  BISCUITS & GRANOLA BARS,7,Both,9-13 Years,1962,36.32770267,14.24230105,0.974492946,F,F,46.77737407,2.660991435,60.71863616,2.416205624,0.347793476,0.023885822,F,F,1.147953642,0.064227036,1.581909406,0.081955409,39.20506941,1.813433042,31.1972871,1.998845341,69.98785972,5.134992488,89.98454082,8.315659992,0.957378117,0.044088548,0.782206606,0.03719043,1.754666651,0.078130448,2.132119397,0.185384493
COOKIES -  BISCUITS & GRANOLA BARS,7,Both,14-18 Years,1890,30.91667961,13.56401111,1.087031721,F,F,43.84687111,3.770009894,63.95303041,4.198320807,0.213284967,0.017252729,F,F,0.700087376,0.033755138,1.001307925,0.075637967,43.87279386,2.815878837,34.2297161,1.532144263,78.06626324,7.348970286,105.3512071,11.68389297,0.689870224,0.045865501,0.525225807,0.031539112,1.238439392,0.125306292,1.705065906,0.212746618
COOKIES -  BISCUITS & GRANOLA BARS,7,Both,19-30 Years,1849,23.11041922,8.922628678,1.037391532,F,F,34.8657056,2.17763832,48.79 E,11.55112715,0.125510029,0.015341842,F,F,0.503975369,0.04821717,0.693298931,0.115192639,38.60868378,3.052234812,34.73654968,2.116989975,72.66074627,11.8177756,104.4648854,14.42599044,0.543088498,0.047392236,0.454799219,0.036737548,1 E,0.197173356,1.42 E,0.280980974
COOKIES -  BISCUITS & GRANOLA BARS,7,Both,31-50 Years,4389,21.3604375,8.163399734,0.681045011,F,F,34.27708714,1.922982094,47.22639368,3.416887367,0.10752802,0.009117645,F,F,0.410346865,0.022875098,0.614902636,0.063987898,38.21738077,2.387252318,32.43428144,2.205124395,68.99623926,6.95802422,101.7074663,11.85765875,0.503398024,0.032839285,0.401478502,0.019029575,0.954410677,0.083757275,1.277147758,0.129108845
COOKIES -  BISCUITS & GRANOLA BARS,7,Both,51-70 Years,4465,18.48593156,6.543641199,0.512070634,F,F,24.3771222,1.684559024,36.4560871,2.509887443,0.087739747,0.007603948,F,F,0.297453048,0.024039498,0.491743338,0.039116029,35.3979521,2.111036381,25.85785684,1.150067517,66.97448368,3.903201163,88.11 E,15.47110924,0.474629837,0.03321576,0.321250422,0.017397979,0.87179197,0.088992276,1.275146921,0.164790711
COOKIES -  BISCUITS & GRANOLA BARS,7,Both,71+ Years,2628,27.36964037,9.172320952,0.906461535,F,F,25.98687135,2.312024151,44.76097812,6.787025272,0.134844882,0.01432001,F,F,0.400232833,0.03430707,0.630163876,0.055509507,33.51275657,2.729680022,21.04564345,1.964767954,69.61037436,10.15472738,107.3971753,13.15584379,0.492680503,0.043686018,0.294756191,0.022002404,0.97 E,0.177600087,1.585440437,0.241440451
COOKIES -  BISCUITS & GRANOLA BARS,7,Both,1-18 Years,6339,35.98166838,13.07020423,0.538179661,F,F,39.63111379,2.337962191,60,1.821606752,0.429435807,0.017689389,F,F,1.395333271,0.052345534,2.000270324,0.109492628,36.32461978,1.150525887,29.02215163,0.880132073,69.99239384,3.15662727,88.25065074,3.432608452,1.196797887,0.037383164,0.887564189,0.038323204,2.430548045,0.100786727,3.045083001,0.254936851
COOKIES -  BISCUITS & GRANOLA BARS,7,Both,19+ Years,13331,21.43032743,7.879284468,0.368439681,F,F,30.96422453,1.596266413,44.87952814,2.281625933,0.107319014,0.005241192,F,F,0.400909755,0.01607097,0.608346491,0.029730174,36.76698125,1.313732701,29.76779813,1.308186819,70.58883909,2.635782674,103.5583346,8.414087706,0.500781029,0.019385809,0.375623853,0.013226632,0.952292866,0.051744441,1.321141415,0.103046012
COOKIES -  BISCUITS & GRANOLA BARS,7,Male,9-13 Years,1023,36.58130056,15.87840964,1.390137744,F,F,48.1831519,4.152941622,62.13813269,4.935641029,0.388061045,0.034531678,F,F,1.230712382,0.090383933,1.585131987,0.095210277,43.40580953,2.635898266,34.43161229,1.204104486,71.7765554,5.096605787,100.1 E,19.69040385,1.060818067,0.06457203,0.887626134,0.06281694,1.782650807,0.151231268,2.39 E,0.431920103
COOKIES -  BISCUITS & GRANOLA BARS,7,Male,14-18 Years,900,29.85303771,14.6795065,1.84696312,F,F,45.17860377,4.796704615,71.55078224,8.612930263,0.22229246,0.028978569,F,F,0.70084123,0.061130578,1.038996162,0.135633149,49.17257214,5.050623273,34.57258466,1.371500689,95.36815026,11.8672465,118.62 E,24.6582595,0.744622582,0.082344587,0.514744852,0.038361404,1.48587218,0.236387481,2.11 E,0.454815359
COOKIES -  BISCUITS & GRANOLA BARS,7,Male,19-30 Years,857,26.03672631,11.37095199,1.857975433,F,F,45.63 E,8.932497915,70.58416709,10.1227043,0.15 E,0.027292191,F,F,0.59 E,0.106379254,0.882519934,0.142861763,43.67274081,4.736179082,34.67430859,5.359170891,79.45 E,16.49235406,104.1455299,12.5829072,0.578375482,0.074266249,0.460000096,0.071450293,1.06 E,0.349451477,1.84 E,0.448895565
COOKIES -  BISCUITS & GRANOLA BARS,7,Male,31-50 Years,2005,22.64170771,9.693330839,1.111753525,F,F,36.62238687,1.897828171,50.48075756,4.992167666,0.117680355,0.014677989,F,F,0.442571324,0.034915124,0.657744735,0.102494989,42.8118363,3.582023939,35.45396071,0.98031322,68.68412287,5.046509982,88.4 E,27.46447762,0.51975035,0.049955208,0.394336718,0.02853251,0.945888369,0.059703374,1.05 E,0.311182115
COOKIES -  BISCUITS & GRANOLA BARS,7,Male,51-70 Years,2151,18.3548904,6.571757444,0.62085007,F,F,25.88623835,2.48119512,37.11740992,5.785733799,0.078918238,0.007772107,F,F,0.311627979,0.031532756,0.478543736,0.062310815,35.8038501,2.018291389,28.27903336,2.143035891,67.05929201,4.77251239,86.21 E,14.77971363,0.429957555,0.026862418,0.327849157,0.021746551,0.767865192,0.091530317,1.140871431,0.151487984
COOKIES -  BISCUITS & GRANOLA BARS,7,Male,71+ Years,1180,25.83513428,8.398621113,0.886841703,F,F,25.90934804,2.29718997,41.59 E,7.118024096,0.106375313,0.011276477,F,F,0.350096463,0.030347491,0.529381813,0.064845529,32.5085251,2.820980928,23.82694305,1.821673389,62.10342707,8.916579968,95.21 E,19.94963306,0.4117467,0.035958176,0.292970075,0.025243211,0.79 E,0.138349354,1.250009479,0.191830321
COOKIES -  BISCUITS & GRANOLA BARS,7,Male,19+ Years,6193,22.17796796,8.821808746,0.583178256,F,F,34.86151328,0.897358789,49.91549156,3.985515256,0.109543597,0.007983138,F,F,0.412848048,0.024732274,0.624457724,0.052757467,39.77735364,1.856976573,34.69350441,2.000900575,70.88642521,3.01714446,100.4121121,9.816430111,0.493929817,0.026712927,0.379153402,0.017477391,0.922556341,0.039376446,1.230966041,0.176728662
COOKIES -  BISCUITS & GRANOLA BARS,7,Female,9-13 Years,939,36.06080313,12.52037569,1.199478518,F,F,43.28595044,4.362402138,57.09238196,3.899688124,0.305413802,0.02906545,F,F,1.013086078,0.10386388,1.511434858,0.141057524,34.72017983,2.235238074,29.92541926,1.388816384,60.98490897,7.571690608,82.60952507,9.412760129,0.846941209,0.054518536,0.702170087,0.05513806,1.751353864,0.125530535,1.972737313,0.153433704
COOKIES -  BISCUITS & GRANOLA BARS,7,Female,14-18 Years,990,32.04130906,12.38455499,1.080197834,F,F,39.79738891,4.833871358,60.83036777,3.417911333,0.203760999,0.017977977,F,F,0.686947988,0.040338793,0.951964886,0.079681603,38.65183838,2.107366016,30.98939416,2.801093066,68.1978972,4.72018791,84.1639498,11.93571237,0.635932191,0.035526564,0.537337789,0.045988738,1.111659765,0.095853642,1.424100759,0.224998249
COOKIES -  BISCUITS & GRANOLA BARS,7,Female,19-30 Years,992,19.87010191,6.211585642,0.908169449,F,F,29.48977405,3.807759287,35.61204594,2.185936679,0.097738781,0.01461975,F,F,0.443535092,0.067474558,0.58077585,0.047363096,31.26096519,2.509277925,29.52591164,2.442447762,63.84 E,14.58603127,71.91431506,11.4556971,0.491888674,0.040662083,0.447297672,0.046211993,0.9 E,0.169884128,1.161331032,0.146196981
COOKIES -  BISCUITS & GRANOLA BARS,7,Female,31-50 Years,2384,20.13430955,6.699312546,0.767174476,F,F,25.3048641,3.568199437,38.65471155,3.882933126,0.097812614,0.010407316,F,F,0.4029699,0.041373725,0.604577137,0.065208258,33.27311786,2.975825479,24.98585236,3.343180594,71.35 E,15.35482997,108.1873108,15.91608378,0.485800685,0.039512246,0.402823325,0.029489967,1.12 E,0.189763524,1.281066874,0.166724625
COOKIES -  BISCUITS & GRANOLA BARS,7,Female,51-70 Years,2314,18.61398776,6.516165409,0.787861157,F,F,19.97 E,3.332635407,35.3942564,1.804962588,0.096360312,0.012709209,F,F,0.278213256,0.035051214,0.518414191,0.044899958,35.00682118,3.523686287,23.8436213,2.329924038,65.40356967,6.65802502,F,F,0.517676884,0.057543643,0.308013087,0.030815547,0.982991818,0.144097373,F,F
COOKIES -  BISCUITS & GRANOLA BARS,7,Female,71+ Years,1448,28.58524012,9.785227829,1.421902889,F,F,27.24134133,2.812752665,47.85 E,10.41822795,0.157397807,0.023323768,F,F,0.446901165,0.045654637,0.7 E,0.139717872,34.23174962,4.20798485,19.55450038,2.22599037,80.61 E,14.22373583,110.6 E,23.07524135,0.550626149,0.069238107,0.300385431,0.033327477,1.22 E,0.242944008,1.86 E,0.489617439
COOKIES -  BISCUITS & GRANOLA BARS,7,Female,19+ Years,7138,20.70852579,6.969334387,0.458324888,F,F,24.99508051,1.963273494,36.51763724,2.108506724,0.105171315,0.006935667,F,F,0.385989721,0.025080518,0.579802849,0.0321868,33.65442068,1.768462927,24.2204508,1.243180319,67.61560275,6.465655784,104.1086769,11.08630566,0.507864809,0.027149695,0.370100086,0.021751636,1.062940409,0.112647621,1.371258959,0.14122692
COOKIES -  COMMERCIAL  ,7A,Both,All ages,19670,17.70204273,5.125491179,0.193590856,F,F,18.55967313,1.348106723,33.24009277,1.921444778,0.102280002,0.003788611,F,F,0.301292493,0.018446173,0.608460219,0.029368024,28.95423572,0.814063036,23.68395665,1.222982229,57.99478543,1.978300028,75.77830849,4.151805848,0.579491536,0.017785431,0.351129308,0.013749851,1.327623146,0.06474872,1.829441974,0.089054306
COOKIES -  COMMERCIAL  ,7A,Both,1-3 Years,1288,25.99897835,5.744184415,0.680037147,F,F,21.00810989,3.274971531,31.51885686,3.099573455,0.43232965,0.051990389,F,F,1.569851167,0.201964847,2.464928308,0.200728786,22.09388514,1.939797982,12.98 E,2.966055716,44.7590254,5.879411162,58.54044118,8.062494394,1.734029048,0.146123322,1.203300293,0.181172453,3.50265728,0.42990064,4.188170029,0.480743359
COOKIES -  COMMERCIAL  ,7A,Both,4-8 Years,1199,33.57771484,9.679952077,0.861537992,F,F,31.88363188,2.273484856,44.80084089,4.380049993,0.420016835,0.035712867,F,F,1.433086888,0.090011169,1.915316293,0.167101942,28.82850165,1.69596087,24.24659223,1.310550544,56.37874335,8.790745382,81.73776068,11.87086555,1.250879749,0.062527776,1.087469864,0.075207874,2.172661701,0.317856091,2.859259732,0.303182431
COOKIES -  COMMERCIAL  ,7A,Both,9-13 Years,1962,24.54419614,8.083970934,0.640998707,F,F,30,2.812353844,47.9501411,3.439127604,0.201948718,0.015755415,F,F,0.802169175,0.075081476,1.317394068,0.095068561,32.93638499,1.67513395,28.43090786,2.246967178,59.96235875,6.59156749,82.41895527,6.991003413,0.822796219,0.042227687,0.614420678,0.063154878,1.65749187,0.093551082,2.002517008,0.132682591
COOKIES -  COMMERCIAL  ,7A,Both,14-18 Years,1890,18.70611077,6.394421346,0.580830672,F,F,24.01169173,2.007332474,39.04523438,3.690491834,0.100813129,0.009631595,F,F,0.383225661,0.038897945,0.624083345,0.065670545,34.18359607,2.258454671,24.26974342,2.179464498,62.25562016,7.474988867,91.51 E,17.26055283,0.538931533,0.040159871,0.411960514,0.02876913,1.028724531,0.127390045,1.64 E,0.330176038
COOKIES -  COMMERCIAL  ,7A,Both,19-30 Years,1849,13.95981971,4.063647651,0.606552918,F,F,11.9 E,2.856040217,29.48 E,5.045054663,0.056887208,0.00819241,F,F,0.17 E,0.044023766,0.5 E,0.090690885,29.1095998,3.096832482,22.43 E,4.828384616,72.09480566,10.28563746,75.31299521,5.645666792,0.407506752,0.041037897,0.28 E,0.079744068,0.882461794,0.092816237,1.034126783,0.109885198
COOKIES -  COMMERCIAL  ,7A,Both,31-50 Years,4389,14.56542525,4.383238634,0.354357081,F,F,14.889423,2.285924153,29.96684863,3.518906527,0.058020265,0.004847792,F,F,0.19 E,0.031781479,0.409932384,0.026865592,30.09344772,1.789387001,23.40330474,1.879242935,57.86751732,5.62607626,80.23251047,10.49695688,0.398342402,0.025598944,0.317836587,0.030989211,0.783802116,0.053163113,1.05 E,0.219478848
COOKIES -  COMMERCIAL  ,7A,Both,51-70 Years,4465,14.84772392,4.27457812,0.388242774,F,F,12.99 E,2.275767296,28.84874545,1.985700461,0.057758422,0.005956238,F,F,0.192013179,0.026981435,0.337618659,0.02956417,28.78945045,1.968321529,21.28206935,2.174352448,51.79664321,4.997775296,73.02052667,7.485218464,0.389005226,0.033058093,0.258302558,0.016035035,0.726980241,0.045268505,0.947531715,0.092436642
COOKIES -  COMMERCIAL  ,7A,Both,71+ Years,2628,24.52686622,6.1324452,0.427487374,F,F,23.60702931,2.294059923,32.44672736,2.409981871,0.0891849,0.006732745,F,F,0.316533403,0.027718865,0.482630567,0.032440092,25.0029708,1.204177717,17.47271788,1.415434251,55.9754193,5.780947097,67.46711032,6.222176797,0.363621259,0.019883819,0.249552197,0.014245844,0.686856672,0.062079881,0.94 E,0.158374404
COOKIES -  COMMERCIAL  ,7A,Both,1-18 Years,6339,25.63966093,7.656598417,0.352280275,F,F,28.80975729,0.853193103,44.63546441,1.91270871,0.270375278,0.014258567,F,F,1.032689168,0.068610184,1.57608842,0.073916596,29.8623232,0.941558521,24.12858458,0.285706448,59.51703567,2.534478323,82.07044041,6.169856909,1.061606471,0.039294149,0.785945351,0.041718819,2.092510403,0.125950857,2.849908262,0.144746539
COOKIES -  COMMERCIAL  ,7A,Both,19+ Years,13331,15.75249011,4.503827776,0.222560059,F,F,14.96749368,1.199534051,29.89046439,1.294614659,0.061485329,0.003207796,F,F,0.201489482,0.01515471,0.409854293,0.019379664,28.59121158,1.081058283,20.9997602,1.763628175,57.96354916,3.094893936,74.50394182,4.370829551,0.39032133,0.016406484,0.27483941,0.014115481,0.776634866,0.037235622,0.981957969,0.073814431
COOKIES -  COMMERCIAL  ,7A,Male,9-13 Years,1023,23.56285215,8.74856154,0.889805501,F,F,35.05324577,3.892529339,54.98751354,4.568904357,0.218771954,0.022289382,F,F,0.935272702,0.129631931,1.369269042,0.099117636,37.12861875,2.007835276,29.94494102,2.745853448,68.26284074,5.863023965,75.90375375,7.997058121,0.928461262,0.052221716,0.785197614,0.100496349,1.603675921,0.089527699,2.075609756,0.253708739
COOKIES -  COMMERCIAL  ,7A,Male,14-18 Years,900,17.39545945,6.518236896,0.922840098,F,F,24.05 E,4.273075796,41.53703661,5.447972881,0.100171154,0.015253172,F,F,0.34 E,0.066896259,0.629482496,0.090687346,37.47090966,4.017818508,28.14422266,3.278458826,75.34 E,19.95142753,120.51 E,22.22441944,0.575846555,0.070178263,0.392995085,0.050178668,F,F,1.98 E,0.44185415
COOKIES -  COMMERCIAL  ,7A,Male,19-30 Years,857,14.59936744,4.42 E,0.979863447,F,F,F,F,F,F,0.06 E,0.012199164,F,F,F,F,F,F,30.26 E,5.311337476,F,F,71.34452039,7.732366671,74.97608,5.033707409,0.38 E,0.065968704,F,F,0.882530356,0.091979253,0.898955926,0.087951533
COOKIES -  COMMERCIAL  ,7A,Male,31-50 Years,2005,14.86580002,5.154778448,0.610474035,F,F,22.82 E,4.910217955,36.573193,2.877695663,0.060797873,0.007217449,F,F,0.25 E,0.052042339,0.434437772,0.032863189,34.67541903,2.691797568,28.94647881,2.487016041,56.25559441,6.312978658,77.14 E,20.72515076,0.408978147,0.03282323,0.338699851,0.028088443,0.720556674,0.072705177,0.92 E,0.224939938
COOKIES -  COMMERCIAL  ,7A,Male,51-70 Years,2151,14.59436434,4.396468995,0.530322544,F,F,17.93 E,4.67742885,29.95281144,3.699242567,0.052762721,0.006795878,F,F,0.2 E,0.04244989,0.344347258,0.043581497,30.12442948,1.925232433,24.44046305,1.681858678,58.16203217,6.543710329,70.67597487,6.402286333,0.361528053,0.027583866,0.283991141,0.02269141,0.722394554,0.069406365,0.825704633,0.085638857
COOKIES -  COMMERCIAL  ,7A,Male,71+ Years,1180,23.39784976,6.401826083,0.605856124,F,F,24.28420757,2.326412435,35.76346013,4.03442206,0.081428934,0.00771021,F,F,0.314621698,0.037120532,0.47328325,0.043193963,27.36074533,1.76805167,21.10440791,2.502165408,60.16080056,5.061857478,64.26007985,7.124335189,0.348018877,0.022530306,0.268431191,0.028521056,0.676192718,0.05932268,0.885177963,0.1431848
COOKIES -  COMMERCIAL  ,7A,Male,19+ Years,6193,15.64984982,4.906117365,0.33447131,F,F,17.99198142,2.935588583,35.53289312,2.636332831,0.059434739,0.004120093,F,F,0.218881464,0.023002159,0.418524183,0.029066989,31.34929358,1.487570362,24.39947288,1.367722214,59.9653696,3.717968161,74.0165028,4.386593874,0.379778335,0.018806223,0.29635418,0.020346588,0.741737313,0.051599443,0.895470125,0.051462982
COOKIES -  COMMERCIAL  ,7A,Female,9-13 Years,939,25.57701334,7.38452139,0.931007658,F,F,29.06686647,2.797653701,43.45328246,4.282650307,0.184243073,0.022609104,F,F,0.694449269,0.090071938,1.15 E,0.193276426,28.87171106,2.55556972,23.54412535,2.641656569,56.02 E,10.99553362,82.70302158,12.70571319,0.720346314,0.062019014,0.550441171,0.063738203,1.744948937,0.197909432,1.969089382,0.146688509
COOKIES -  COMMERCIAL  ,7A,Female,14-18 Years,990,20.09191275,6.263506409,0.765164903,F,F,23.96047473,2.714779206,36.77583714,4.999638505,0.101491915,0.012783544,F,F,0.41273355,0.051244593,0.579737439,0.076845847,31.17426641,2.376775759,23.93851736,1.784756863,59.12877017,6.206231711,72.19 E,12.6994847,0.505138142,0.043332261,0.412678132,0.036229623,0.877548516,0.137645758,1.12 E,0.291267299
COOKIES -  COMMERCIAL  ,7A,Female,19-30 Years,992,13.25164469,3.67 E,0.680368116,F,F,F,F,29.51 E,4.931541635,0.06 E,0.010841276,F,F,F,F,0.53 E,0.098427481,27.70736285,2.942843192,24.26 E,4.813161718,43.48 E,13.39750073,73.7 E,15.71033312,0.439994989,0.045080816,0.38 E,0.088764916,0.7 E,0.181944245,1.11 E,0.2176637
COOKIES -  COMMERCIAL  ,7A,Female,31-50 Years,2384,14.27797777,3.644903716,0.423412361,F,F,11.45 E,2.124930359,21.15 E,3.637782022,0.055362197,0.007002868,F,F,0.13 E,0.035308562,0.401814368,0.061949115,25.52815093,2.357897174,17.32252383,2.253834284,58.14 E,10.31533334,85.42321348,12.61419051,0.387745363,0.040169562,0.242794619,0.036239804,0.83 E,0.148365805,1.44 E,0.290939383
COOKIES -  COMMERCIAL  ,7A,Female,51-70 Years,2314,15.09531225,4.155463777,0.596459518,F,F,12.15594528,1.737243742,24.50751632,2.631123715,0.062640326,0.01017433,F,F,0.16 E,0.032070722,0.325376956,0.04248232,27.5281737,3.492098231,16.96985501,2.177482319,51.15428571,7.696733185,F,F,0.414965424,0.060649115,0.243217207,0.020558557,0.752911633,0.095643934,F,F
COOKIES -  COMMERCIAL  ,7A,Female,71+ Years,1448,25.42124661,5.919047978,0.590999139,F,F,19.84308125,2.661305423,29.79986936,2.501541675,0.095328994,0.009994412,F,F,0.318675858,0.03878437,0.506699386,0.040893101,23.283862,1.568476856,15.00559006,1.359773672,47.81 E,8.04783943,68.80605234,7.545855689,0.374997322,0.027975125,0.240492273,0.018365844,0.700695007,0.104839734,0.96 E,0.203444944
COOKIES -  COMMERCIAL  ,7A,Female,19+ Years,7138,15.8515831,4.115441554,0.301637496,F,F,12.91734912,0.890432574,25.93690279,2.351444522,0.063465049,0.004995306,F,F,0.194090021,0.019135661,0.407142014,0.027689682,25.96233783,1.502496555,17.61830076,1.500429673,50.31811921,5.645205765,75.58910891,8.290681613,0.400370416,0.025678693,0.251392155,0.016478628,0.783903767,0.055713165,1.147689169,0.174526752
BISCUITS -  COMMERCIAL ,7B,Both,All ages,19670,0.629729795,0.73 E,0.176437563,F,F,F,.,F,.,0.01 E,0.002557723,F,F,F,.,F,.,116.2689491,15.23060743,99.85768266,12.93554592,287 E,69.27796296,287.81057,40.58398972,1.776095288,0.240426199,1.269461314,0.123622201,3.99 E,0.788635981,4.99 E,0.897543032
BISCUITS -  COMMERCIAL ,7B,Both,1-3 Years,1288,F,F,F,F,F,F,.,F,.,F,F,F,F,F,.,F,.,F,F,F,.,F,.,F,.,F,F,F,.,F,.,F,.
BISCUITS -  COMMERCIAL ,7B,Both,4-8 Years,1199,F,F,F,F,F,F,.,F,.,F,F,F,F,F,.,F,.,F,F,F,.,F,.,F,.,F,F,F,.,F,.,F,.
BISCUITS -  COMMERCIAL ,7B,Both,9-13 Years,1962,F,F,F,F,F,F,.,F,.,F,F,F,F,F,.,F,.,F,F,F,.,F,.,F,.,F,F,F,.,F,.,F,.
BISCUITS -  COMMERCIAL ,7B,Both,14-18 Years,1890,F,F,F,F,F,F,.,F,.,F,F,F,F,F,.,F,.,F,F,F,.,F,.,F,.,F,F,F,.,F,.,F,.
BISCUITS -  COMMERCIAL ,7B,Both,19-30 Years,1849,F,F,F,F,F,F,.,F,.,F,F,F,F,F,.,F,.,F,F,F,.,F,.,F,.,F,F,F,.,F,.,F,.
BISCUITS -  COMMERCIAL ,7B,Both,31-50 Years,4389,F,F,F,F,F,F,.,F,.,F,F,F,F,F,.,F,.,F,F,F,.,F,.,F,.,F,F,F,.,F,.,F,.
BISCUITS -  COMMERCIAL ,7B,Both,51-70 Years,4465,F,F,F,F,F,F,.,F,.,F,F,F,F,F,.,F,.,F,F,F,.,F,.,F,.,F,F,F,.,F,.,F,.
BISCUITS -  COMMERCIAL ,7B,Both,71+ Years,2628,F,F,F,F,F,F,.,F,.,F,F,F,F,F,.,F,.,F,F,F,.,F,.,F,.,F,F,F,.,F,.,F,.
BISCUITS -  COMMERCIAL ,7B,Both,1-18 Years,6339,F,F,F,F,F,F,.,F,.,F,F,F,F,F,.,F,.,F,F,F,.,F,.,F,.,F,F,F,.,F,.,F,.
BISCUITS -  COMMERCIAL ,7B,Both,19+ Years,13331,0.667524036,0.84 E,0.217190259,F,F,F,.,F,.,0.01 E,0.002953287,F,F,F,.,F,.,125.6938182,16.19266429,101.7595497,11.24826533,237.44 E,40.75101161,283.4077987,37.63197329,1.722859334,0.242516415,1.270186222,0.123657466,3.66 E,0.682305952,3.979698026,0.610261211
BISCUITS -  COMMERCIAL ,7B,Male,9-13 Years,1023,F,F,F,F,F,F,.,F,.,F,F,F,F,F,.,F,.,F,F,F,.,F,.,F,.,F,F,F,.,F,.,F,.
BISCUITS -  COMMERCIAL ,7B,Male,14-18 Years,900,F,F,F,F,F,F,.,F,.,F,F,F,F,F,.,F,.,F,F,F,.,F,.,F,.,F,F,F,.,F,.,F,.
BISCUITS -  COMMERCIAL ,7B,Male,19-30 Years,857,F,F,F,F,F,F,.,F,.,F,F,F,F,F,.,F,.,F,F,F,.,F,.,F,.,F,F,F,.,F,.,F,.
BISCUITS -  COMMERCIAL ,7B,Male,31-50 Years,2005,F,F,F,F,F,F,.,F,.,F,F,F,F,F,.,F,.,F,F,F,.,F,.,F,.,F,F,F,.,F,.,F,.
BISCUITS -  COMMERCIAL ,7B,Male,51-70 Years,2151,F,F,F,F,F,F,.,F,.,F,F,F,F,F,.,F,.,F,F,F,.,F,.,F,.,F,F,F,.,F,.,F,.
BISCUITS -  COMMERCIAL ,7B,Male,71+ Years,1180,F,F,F,F,F,F,.,F,.,F,F,F,F,F,.,F,.,F,F,F,.,F,.,F,.,F,F,F,.,F,.,F,.
BISCUITS -  COMMERCIAL ,7B,Male,19+ Years,6193,0.485148036,F,F,F,F,F,.,F,.,F,F,F,F,F,.,F,.,137.96 E,31.48583319,105.22 E,34.67802424,263.44 E,61.80277673,279.85 E,48.57983232,1.78 E,0.462023095,F,F,3.84 E,1.113555838,3.95 E,0.82998338
BISCUITS -  COMMERCIAL ,7B,Female,9-13 Years,939,F,F,F,F,F,F,.,F,.,F,F,F,F,F,.,F,.,F,F,F,.,F,.,F,.,F,F,F,.,F,.,F,.
BISCUITS -  COMMERCIAL ,7B,Female,14-18 Years,990,F,F,F,F,F,F,.,F,.,F,F,F,F,F,.,F,.,F,F,F,.,F,.,F,.,F,F,F,.,F,.,F,.
BISCUITS -  COMMERCIAL ,7B,Female,19-30 Years,992,F,F,F,F,F,F,.,F,.,F,F,F,F,F,.,F,.,F,F,F,.,F,.,F,.,F,F,F,.,F,.,F,.
BISCUITS -  COMMERCIAL ,7B,Female,31-50 Years,2384,F,F,F,F,F,F,.,F,.,F,F,F,F,F,.,F,.,F,F,F,.,F,.,F,.,F,F,F,.,F,.,F,.
BISCUITS -  COMMERCIAL ,7B,Female,51-70 Years,2314,F,F,F,F,F,F,.,F,.,F,F,F,F,F,.,F,.,F,F,F,.,F,.,F,.,F,F,F,.,F,.,F,.
BISCUITS -  COMMERCIAL ,7B,Female,71+ Years,1448,F,F,F,F,F,F,.,F,.,F,F,F,F,F,.,F,.,F,F,F,.,F,.,F,.,F,F,F,.,F,.,F,.
BISCUITS -  COMMERCIAL ,7B,Female,19+ Years,7138,0.843597013,1 E,0.312306854,F,F,F,.,F,.,0.01 E,0.004196291,F,F,F,.,F,.,118.8814272,16.71035134,101.1670332,12.25631942,198.78 E,48.76619924,233.42 E,47.0001602,1.692728562,0.278976708,1.27 E,0.229722976,2.82 E,0.68006374,3.76 E,0.859911138
GRANOLA BAR,7C,Both,All ages,19670,7.698395856,3.045158777,0.173651725,F,F,F,.,30.50267388,1.551961583,0.056735161,0.002911441,F,F,F,.,0.444439268,0.014966027,39.55575725,1.200645029,34.95131526,0.048684744,65.19269458,3.715094005,70.58795942,10.01520339,0.73681288,0.027245802,0.524802169,0.015625855,1.310529741,0.118711394,1.863330485,0.127947278
GRANOLA BAR,7C,Both,1-3 Years,1288,6.719805286,2.34 E,0.414672039,F,F,F,.,19.2 E,5.242623379,0.18 E,0.031585514,F,F,F,.,1.54 E,0.392090598,34.80505905,3.480878887,27.79529114,3.735214363,64.79 E,12.75070096,71.16252073,10.26372999,2.626856514,0.241470289,2.279194363,0.226853555,4.79939644,0.74111994,4.858711929,0.728051756
GRANOLA BAR,7C,Both,4-8 Years,1199,13.57350022,4.192935161,0.439655433,F,F,25.02563881,2.486697643,30.28211346,2.227299692,0.182863226,0.01995595,F,F,0.914711044,0.113840417,1.37239179,0.083853574,30.89059632,1.259569617,25.89075809,2.278406232,36.92 E,6.886766804,61.07293115,9.376785793,1.347207596,0.075259883,1.184133775,0.078501284,2.042661879,0.23792349,2.480358458,0.256453753
GRANOLA BAR,7C,Both,9-13 Years,1962,15.17254035,5.847807707,0.657225681,F,F,25.89043132,3.11925687,34.07445774,1.14936023,0.140633671,0.016056394,F,F,0.632992402,0.045805147,0.90558433,0.052164635,38.5420475,2.838618907,31.02159011,1.824142677,60.49304483,5.230844867,F,F,0.92689601,0.070488673,0.766815474,0.028939735,1.313054842,0.144830342,F,F
GRANOLA BAR,7C,Both,14-18 Years,1890,16.6284971,6.948450613,0.864604969,F,F,31.02277689,2.425774817,35.35154052,4.143519984,0.109358751,0.013206596,F,F,0.472940052,0.036955726,0.682888388,0.042590164,41.7864018,3.758259029,32.2354002,2.710583259,62.27219512,6.045114313,85.08135776,11.1326373,0.657658658,0.05705313,0.544412366,0.028474416,1.000828441,0.078950195,1.262295741,0.167778543
GRANOLA BAR,7C,Both,19-30 Years,1849,10.63256166,4.72 E,0.860572136,F,F,F,F,33.50439626,3.097686005,0.07 E,0.013290108,F,F,F,F,0.464830613,0.057333591,44.43093538,4.230900854,33.2281339,2.218652047,70.56 E,17.43130633,99.11 E,18.15614733,0.628771574,0.078018282,0.463036225,0.038432107,F,F,1.85 E,0.515108678
GRANOLA BAR,7C,Both,31-50 Years,4389,7.423002505,2.792957478,0.312620118,F,F,F,.,30.65165213,3.012297802,0.036682417,0.004213256,F,F,F,.,0.370703999,0.028672413,37.6257111,1.386144213,34.42538271,0.594130589,59.41450057,7.12972954,68.48260786,5.358996466,0.494172229,0.023176953,0.433837112,0.02389965,0.773659005,0.11204191,0.96005844,0.081956961
GRANOLA BAR,7C,Both,51-70 Years,4465,4.141553637,1.741723792,0.255814504,F,F,F,.,F,.,0.023156646,0.003521836,F,F,F,.,F,.,42.05484089,4.026621291,34.38594854,0.61405146,66.35472902,8.295225355,F,F,0.55912945,0.056231449,0.434276951,0.020725885,0.981538688,0.156481165,1.15 E,0.376027469
GRANOLA BAR,7C,Both,71+ Years,2628,1.865095722,0.83 E,0.221837966,F,F,F,.,F,.,0.01 E,0.003198244,F,F,F,.,F,.,44.74908211,5.886490769,34.62362113,2.318844238,80.26 E,17.96770192,96.6 E,18.72521661,0.641407074,0.082884534,0.55962126,0.058548741,1.07 E,0.194248167,1.21 E,0.208047702
GRANOLA BAR,7C,Both,1-18 Years,6339,13.73609517,5.116491556,0.327495067,F,F,25.29621567,0.788815738,34.96311782,0.240829975,0.149042956,0.009070127,F,F,0.58081941,0.03151405,0.990134639,0.048709079,37.24851562,1.617315461,30.78804335,1.046558032,60.91308923,2.634349162,69.75820011,4.516763804,1.078662423,0.048375064,0.817731807,0.025408111,1.895171509,0.172948423,2.603092376,0.296632115
GRANOLA BAR,7C,Both,19+ Years,13331,6.215480929,2.536420244,0.204868695,F,F,F,.,27.21828964,2.58296334,0.034333185,0.002971634,F,F,F,.,0.345990008,0.029656418,40.80810918,1.634581147,34.45776056,0.542239439,68.25572667,3.955385336,70.75 E,14.95780107,0.552381795,0.027528575,0.449899094,0.012237448,0.940963975,0.07741745,1.15 E,0.251381971
GRANOLA BAR,7C,Male,9-13 Years,1023,16.61227179,6.888286527,1.091506044,F,F,29.07219417,2.781764781,34.8632119,2.498816663,0.165101548,0.025862391,F,F,0.702061982,0.057882623,0.983230417,0.073307315,41.46504835,4.692386979,31.00147601,2.651867103,61.44 E,17.10040988,F,F,0.993852918,0.107614293,0.776546909,0.038669894,1.42 E,0.323821834,2.21 E,0.652361363
GRANOLA BAR,7C,Male,14-18 Years,900,17.51935788,7.74 E,1.444887512,F,F,31.1602315,2.985034015,37.3 E,6.823845031,0.12 E,0.021421964,F,F,0.447196438,0.04921973,0.702132751,0.068211871,44.19284415,6.531079284,32.2443669,2.509339689,67.61115336,8.011984825,81.5387931,12.71997847,0.663167715,0.099197333,0.499936544,0.048762047,0.9759687,0.147490526,1.29 E,0.225800435
GRANOLA BAR,7C,Male,19-30 Years,857,14.14187473,6.84 E,1.571518647,F,F,31.89 E,9.539733403,F,F,0.09 E,0.024369013,F,F,0.4 E,0.114313935,F,F,48.33814287,6.003272772,33.78 E,6.900108521,77.53 E,19.384909,101.54 E,18.85576792,0.66 E,0.111249213,0.459237798,0.069373724,F,F,1.86 E,0.522447453
GRANOLA BAR,7C,Male,31-50 Years,2005,9.214555889,3.621874716,0.542078677,F,F,F,.,34.42205831,1.970437317,0.044389366,0.007344962,F,F,F,.,0.394365302,0.040393619,39.30601496,2.109480323,34.59885336,0.887637869,61.08502231,7.022208803,68.91347531,4.585352793,0.481730935,0.036227754,0.41030372,0.027984735,0.94 E,0.159882187,0.959276761,0.083548732
GRANOLA BAR,7C,Male,51-70 Years,2151,4.144804629,1.77 E,0.318793366,F,F,F,.,F,.,0.02 E,0.003794131,F,F,F,.,F,.,42.64925911,3.684550573,32.71746088,2.301390999,68.71 E,11.73444485,97.55 E,18.95280777,0.515950994,0.04362444,0.412530269,0.0080313,1 E,0.184532881,1.1629586,0.137242483
GRANOLA BAR,7C,Male,71+ Years,1180,F,F,F,F,F,F,.,F,.,F,F,F,F,F,.,F,.,F,F,F,.,F,.,F,.,F,F,F,.,F,.,F,.
GRANOLA BAR,7C,Male,19+ Years,6193,7.574427481,3.246363897,0.366335998,F,F,F,.,34.09832496,2.72331746,0.041487158,0.005306808,F,F,F,.,0.394102637,0.029778651,42.85952839,2.264419134,34.58426784,0.435512558,69.44730485,6.952819919,73.75 E,20.16175094,0.547726648,0.040348585,0.433554315,0.015154465,0.949502873,0.121342724,F,F
GRANOLA BAR,7C,Female,9-13 Years,939,13.65729247,4.752753954,0.618516734,F,F,24.93426935,3.762616517,32.63538981,2.277269596,0.114882411,0.017109041,F,F,0.580878514,0.072004653,0.843674882,0.060069229,34.80011842,2.228201315,31.02453416,1.632219203,60.22 E,10.51953174,60.90114071,9.389539031,0.841179989,0.080989173,0.736323749,0.044886163,1.183893386,0.17163194,1.53 E,0.333953835
GRANOLA BAR,7C,Female,14-18 Years,990,15.68655578,6.109080493,0.749385187,F,F,29.10332287,3.547721969,34.36489779,2.708212972,0.102143501,0.012570663,F,F,0.50280694,0.05113568,0.672095812,0.046681381,38.94468982,2.562236048,32.22827166,2.663086416,61.68153527,5.189159888,69.12091209,10.89704372,0.65115314,0.040931875,0.579428259,0.027578758,1.036338882,0.101627121,1.158445978,0.175123649
GRANOLA BAR,7C,Female,19-30 Years,992,6.74667833,2.39 E,0.555047357,F,F,F,.,F,F,0.04 E,0.009060176,F,F,F,.,F,F,35.36210876,2.816081039,31.88012436,2.788933791,64.41 E,18.51899076,65.54 E,14.31295734,0.548859082,0.056924469,0.467257134,0.041126066,0.88 E,0.148126669,1.08 E,0.20308377
GRANOLA BAR,7C,Female,31-50 Years,2384,5.708552524,1.999714498,0.28083433,F,F,F,.,F,F,0.029307153,0.003995082,F,F,F,.,F,F,35.03014976,1.272775898,32.82699295,2.144354589,39.13867437,3.089273055,49.55090799,5.839300596,0.513390268,0.021063279,0.495474622,0.034498533,0.667695279,0.030323604,0.763558933,0.104855253
GRANOLA BAR,7C,Female,51-70 Years,2314,4.138376699,1.72 E,0.405487423,F,F,F,.,F,.,0.02 E,0.005958555,F,F,F,.,F,.,41.47306057,6.865955654,34.3480391,0.685926748,F,F,F,F,0.60138989,0.098650674,0.483070751,0.019418997,F,F,F,F
GRANOLA BAR,7C,Female,71+ Years,1448,2.258061907,1.11 E,0.36439143,F,F,F,.,F,.,0.02 E,0.005339743,F,F,F,.,F,.,49.36809824,7.480557464,34.86 E,6.810737743,81.3 E,16.32020124,91.22 E,16.67512551,0.744429257,0.104026345,0.564706791,0.086204124,1.16 E,0.226648484,1.32 E,0.250462181
GRANOLA BAR,7C,Female,19+ Years,7138,4.903500373,1.851012663,0.196603039,F,F,F,.,F,.,0.027426458,0.002924502,F,F,F,.,F,.,37.74880233,2.106460766,34.31132291,0.68867709,49.04 E,8.967860027,67.81579926,7.050618185,0.559324074,0.031876016,0.491972257,0.019745917,0.764424666,0.101215792,1.129010905,0.166676057
CAKES - PIES - DANISHES AND OTHER PASTRIES - COMMERCIAL,8,Both,All ages,19670,1.056909527,0.656916787,0.084433353,F,F,F,.,F,.,0.012370412,0.001447631,F,F,F,.,F,.,62.15449576,4.677282202,50.4437654,2.942392076,111.1937996,14.49504048,142.93 E,31.53867644,1.168896411,0.100064396,0.816893778,0.067081005,2.007118915,0.264768129,3.16 E,1.045939375
CAKES - PIES - DANISHES AND OTHER PASTRIES - COMMERCIAL,8,Both,1-3 Years,1288,F,F,F,F,F,F,.,F,.,F,F,F,F,F,.,F,.,F,F,F,.,F,.,F,.,F,F,F,.,F,.,F,.
CAKES - PIES - DANISHES AND OTHER PASTRIES - COMMERCIAL,8,Both,4-8 Years,1199,1.947764963,1.16 E,0.35462358,F,F,F,.,F,.,0.05 E,0.01662396,F,F,F,.,F,.,59.69 E,12.51372607,40.03 E,9.725551079,109.25 E,34.55106257,158.97 E,44.20128891,2.65 E,0.571022678,1.73 E,0.388501011,6.02 E,1.571685472,6.97 E,1.335703794
CAKES - PIES - DANISHES AND OTHER PASTRIES - COMMERCIAL,8,Both,9-13 Years,1962,2.245542804,1.25 E,0.262131435,F,F,F,.,F,.,0.03 E,0.00672296,F,F,F,.,F,.,55.75772408,6.998300809,48.23 E,8.812613862,104.79 E,23.93345801,F,F,1.412967804,0.185583034,1.121461775,0.164879845,2.3 E,0.558585282,F,F
CAKES - PIES - DANISHES AND OTHER PASTRIES - COMMERCIAL,8,Both,14-18 Years,1890,2.037572795,1.05 E,0.264324794,F,F,F,.,F,.,0.02 E,0.005037702,F,F,F,.,F,.,51.73 E,9.342271482,47.89 E,12.74182587,108.64 E,19.92762469,116.5492038,15.33612383,0.92 E,0.177194606,0.79 E,0.194602481,1.95 E,0.586340049,2.79 E,0.58429867
CAKES - PIES - DANISHES AND OTHER PASTRIES - COMMERCIAL,8,Both,19-30 Years,1849,F,0.62 E,0.199540693,F,F,F,.,F,.,F,F,F,F,F,.,F,.,F,F,F,.,F,.,F,.,F,F,F,.,F,.,F,.
CAKES - PIES - DANISHES AND OTHER PASTRIES - COMMERCIAL,8,Both,31-50 Years,4389,1.039685752,0.72 E,0.203575803,F,F,F,.,F,.,0.01 E,0.001942217,F,F,F,.,F,.,68.78675163,11.45452344,50 E,12.93183986,128.79 E,35.60496025,179.53 E,43.5782487,0.745941939,0.101652239,0.64 E,0.119144419,1.61 E,0.306809705,1.649613458,0.178703514
CAKES - PIES - DANISHES AND OTHER PASTRIES - COMMERCIAL,8,Both,51-70 Years,4465,0.573302444,F,F,F,F,F,.,F,.,F,F,F,F,F,.,F,.,68.81 E,11.56546233,56.15 E,16.03412465,111.29 E,21.85591758,124.97 E,23.14833198,0.888958183,0.136001403,0.81 E,0.179012553,1.348928218,0.198608382,1.526690814,0.232988849
CAKES - PIES - DANISHES AND OTHER PASTRIES - COMMERCIAL,8,Both,71+ Years,2628,F,F,F,F,F,F,.,F,.,F,F,F,F,F,.,F,.,F,F,F,.,F,.,F,.,F,F,F,.,F,.,F,.
CAKES - PIES - DANISHES AND OTHER PASTRIES - COMMERCIAL,8,Both,0-18 Years,6339,1.924225743,1.038591906,0.142742249,F,F,F,.,F,.,0.03 E,0.005675274,F,F,F,.,F,.,53.97453544,5.08018132,44.88 E,8.013812391,108.6480541,11.65216341,116.28 E,36.63524574,1.754080785,0.22878982,1.217199975,0.184926152,4.19 E,1.204762264,5.97 E,1.227275851
CAKES - PIES - DANISHES AND OTHER PASTRIES - COMMERCIAL,8,Both,19+ Years,13331,0.843888624,0.56 E,0.09963236,F,F,F,.,F,.,0.007106526,0.001168962,F,F,F,.,F,.,66.73556485,6.438744062,51.50281505,4.780338438,111.95 E,20.0478414,149.19 E,27.51108943,0.84211662,0.072594688,0.694225852,0.069473553,1.579836362,0.163177663,1.695445413,0.098136399
CAKES - PIES - DANISHES AND OTHER PASTRIES - COMMERCIAL,8,Male,9-13 Years,1023,F,1.53 E,0.406213143,F,F,F,.,F,.,0.04 E,0.010836334,F,F,F,.,F,.,F,F,F,.,F,.,F,.,F,F,F,.,F,.,F,.
CAKES - PIES - DANISHES AND OTHER PASTRIES - COMMERCIAL,8,Male,14-18 Years,900,F,F,F,F,F,F,.,F,.,F,F,F,F,F,.,F,.,F,F,F,.,F,.,F,.,F,F,F,.,F,.,F,.
CAKES - PIES - DANISHES AND OTHER PASTRIES - COMMERCIAL,8,Male,19-30 Years,857,F,F,F,F,F,F,.,F,.,F,F,F,F,F,.,F,.,F,F,F,.,F,.,F,.,F,F,F,.,F,.,F,.
CAKES - PIES - DANISHES AND OTHER PASTRIES - COMMERCIAL,8,Male,31-50 Years,2005,F,F,F,F,F,F,.,F,.,F,F,F,F,F,.,F,.,F,F,F,.,F,.,F,.,F,F,F,.,F,.,F,.
CAKES - PIES - DANISHES AND OTHER PASTRIES - COMMERCIAL,8,Male,51-70 Years,2151,F,F,F,F,F,F,.,F,.,F,F,F,F,F,.,F,.,F,F,F,.,F,.,F,.,F,F,F,.,F,.,F,.
CAKES - PIES - DANISHES AND OTHER PASTRIES - COMMERCIAL,8,Male,71+ Years,1180,F,F,F,F,F,F,.,F,.,F,F,F,F,F,.,F,.,F,F,F,.,F,.,F,.,F,F,F,.,F,.,F,.
CAKES - PIES - DANISHES AND OTHER PASTRIES - COMMERCIAL,8,Male,19+ Years,6193,0.758338406,0.64 E,0.176560417,F,F,F,.,F,.,0.01 E,0.001824908,F,F,F,.,F,.,83.95776802,12.03618418,73.88322346,11.19040661,145.97 E,30.12709463,177.97 E,37.07161465,0.941963177,0.114499333,0.75 E,0.143655013,1.608432867,0.20406512,1.704492144,0.171811702
CAKES - PIES - DANISHES AND OTHER PASTRIES - COMMERCIAL,8,Female,9-13 Years,939,F,0.96 E,0.279511261,F,F,F,.,F,.,0.02 E,0.006698995,F,F,F,.,F,.,F,F,F,.,F,.,F,.,F,F,F,.,F,.,F,.
CAKES - PIES - DANISHES AND OTHER PASTRIES - COMMERCIAL,8,Female,14-18 Years,990,F,F,F,F,F,F,.,F,.,F,F,F,F,F,.,F,.,F,F,F,.,F,.,F,.,F,F,F,.,F,.,F,.
CAKES - PIES - DANISHES AND OTHER PASTRIES - COMMERCIAL,8,Female,19-30 Years,992,F,F,F,F,F,F,.,F,.,F,F,F,F,F,.,F,.,F,F,F,.,F,.,F,.,F,F,F,.,F,.,F,.
CAKES - PIES - DANISHES AND OTHER PASTRIES - COMMERCIAL,8,Female,31-50 Years,2384,1.145681299,0.6 E,0.162747527,F,F,F,.,F,.,0.01 E,0.002070446,F,F,F,.,F,.,52.61076085,8.552239434,40.3 E,12.17438152,105.83 E,18.43601841,120.4016419,18.15515989,0.66 E,0.117376498,F,F,1.35 E,0.226715832,1.562596689,0.220131545
CAKES - PIES - DANISHES AND OTHER PASTRIES - COMMERCIAL,8,Female,51-70 Years,2314,F,F,F,F,F,F,.,F,.,F,F,F,F,F,.,F,.,F,F,F,.,F,.,F,.,F,F,F,.,F,.,F,.
CAKES - PIES - DANISHES AND OTHER PASTRIES - COMMERCIAL,8,Female,71+ Years,1448,F,F,F,F,F,F,.,F,.,F,F,F,F,F,.,F,.,F,F,F,.,F,.,F,.,F,F,F,.,F,.,F,.
CAKES - PIES - DANISHES AND OTHER PASTRIES - COMMERCIAL,8,Female,19+ Years,7138,0.926482175,0.49 E,0.09692467,F,F,F,.,F,.,0.01 E,0.001469803,F,F,F,.,F,.,53.12614182,5.311170403,46.58098626,6.402509233,92.36038758,12.99741504,111.6000499,12.52201134,0.763215332,0.091927486,0.622376125,0.087859132,1.358573944,0.191040635,1.646344711,0.226559342
PIES -  COMMERCIAL (POP TARTS),8A,Both,All ages,19670,0.263560412,0.14 E,0.031341176,F,F,F,.,F,.,0 E,0.000887044,F,F,F,.,F,.,54.93286389,5.55937131,42.07 E,9.890979928,105.82 E,20.31485579,108.67 E,21.23299857,1.29 E,0.235766564,0.858922985,0.106793193,F,F,F,F
PIES -  COMMERCIAL (POP TARTS),8A,Both,1-3 Years,1288,F,F,F,F,F,F,.,F,.,F,F,F,F,F,.,F,.,F,F,F,.,F,.,F,.,F,F,F,.,F,.,F,.
PIES -  COMMERCIAL (POP TARTS),8A,Both,4-8 Years,1199,F,F,F,F,F,F,.,F,.,F,F,F,F,F,.,F,.,F,F,F,.,F,.,F,.,F,F,F,.,F,.,F,.
PIES -  COMMERCIAL (POP TARTS),8A,Both,9-13 Years,1962,F,F,F,F,F,F,.,F,.,F,F,F,F,F,.,F,.,F,F,F,.,F,.,F,.,F,F,F,.,F,.,F,.
PIES -  COMMERCIAL (POP TARTS),8A,Both,14-18 Years,1890,F,F,F,F,F,F,.,F,.,F,F,F,F,F,.,F,.,F,F,F,.,F,.,F,.,F,F,F,.,F,.,F,.
PIES -  COMMERCIAL (POP TARTS),8A,Both,19-30 Years,1849,F,F,F,F,F,F,.,F,.,F,F,F,F,F,.,F,.,F,F,F,.,F,.,F,.,F,F,F,.,F,.,F,.
PIES -  COMMERCIAL (POP TARTS),8A,Both,31-50 Years,4389,F,F,F,F,F,F,.,F,.,F,F,F,F,F,.,F,.,F,F,F,.,F,.,F,.,F,F,F,.,F,.,F,.
PIES -  COMMERCIAL (POP TARTS),8A,Both,51-70 Years,4465,F,F,F,F,F,F,.,F,.,F,F,F,F,F,.,F,.,F,F,F,.,F,.,F,.,F,F,F,.,F,.,F,.
PIES -  COMMERCIAL (POP TARTS),8A,Both,71+ Years,2628,F,F,F,F,F,F,.,F,.,F,F,F,F,F,.,F,.,F,F,F,.,F,.,F,.,F,F,F,.,F,.,F,.
PIES -  COMMERCIAL (POP TARTS),8A,Both,1-18 Years,6339,0.649580609,0.38 E,0.086817315,F,F,F,.,F,.,0.01 E,0.003850215,F,F,F,.,F,.,58.7519165,7.915127369,42.25 E,11.17260087,95.58 E,23.50944293,F,F,1.82 E,0.409122772,1.3 E,0.225958863,F,F,6.16 E,1.980697759
PIES -  COMMERCIAL (POP TARTS),8A,Both,19+ Years,13331,0.168750273,F,F,F,F,F,.,F,.,F,F,F,F,F,.,F,.,51.32218417,8.124024975,F,F,63.45 E,11.920388,F,F,0.78 E,0.130989792,0.69 E,0.122215871,1.02 E,0.193635378,F,F
PIES -  COMMERCIAL (POP TARTS),8A,Male,9-13 Years,1023,F,F,F,F,F,F,.,F,.,F,F,F,F,F,.,F,.,F,F,F,.,F,.,F,.,F,F,F,.,F,.,F,.
PIES -  COMMERCIAL (POP TARTS),8A,Male,14-18 Years,900,F,F,F,F,F,F,.,F,.,F,F,F,F,F,.,F,.,F,F,F,.,F,.,F,.,F,F,F,.,F,.,F,.
PIES -  COMMERCIAL (POP TARTS),8A,Male,19-30 Years,857,F,F,F,F,F,F,.,F,.,F,F,F,F,F,.,F,.,F,F,F,.,F,.,F,.,F,F,F,.,F,.,F,.
PIES -  COMMERCIAL (POP TARTS),8A,Male,31-50 Years,2005,F,F,F,F,F,F,.,F,.,F,F,F,F,F,.,F,.,F,F,F,.,F,.,F,.,F,F,F,.,F,.,F,.
PIES -  COMMERCIAL (POP TARTS),8A,Male,51-70 Years,2151,F,F,F,F,F,F,.,F,.,F,F,F,F,F,.,F,.,F,F,F,.,F,.,F,.,F,F,F,.,F,.,F,.
PIES -  COMMERCIAL (POP TARTS),8A,Male,71+ Years,1180,F,F,F,F,F,F,.,F,.,F,F,F,F,F,.,F,.,F,F,F,.,F,.,F,.,F,F,F,.,F,.,F,.
PIES -  COMMERCIAL (POP TARTS),8A,Male,19+ Years,6193,F,F,F,F,F,F,.,F,.,F,F,F,F,F,.,F,.,F,F,F,.,F,.,F,.,F,F,F,.,F,.,F,.
PIES -  COMMERCIAL (POP TARTS),8A,Female,9-13 Years,939,F,F,F,F,F,F,.,F,.,F,F,F,F,F,.,F,.,F,F,F,.,F,.,F,.,F,F,F,.,F,.,F,.
PIES -  COMMERCIAL (POP TARTS),8A,Female,14-18 Years,990,F,F,F,F,F,F,.,F,.,F,F,F,F,F,.,F,.,F,F,F,.,F,.,F,.,F,F,F,.,F,.,F,.
PIES -  COMMERCIAL (POP TARTS),8A,Female,19-30 Years,992,F,F,F,F,F,F,.,F,.,F,F,F,F,F,.,F,.,F,F,F,.,F,.,F,.,F,F,F,.,F,.,F,.
PIES -  COMMERCIAL (POP TARTS),8A,Female,31-50 Years,2384,F,F,F,F,F,F,.,F,.,F,F,F,F,F,.,F,.,F,F,F,.,F,.,F,.,F,F,F,.,F,.,F,.
PIES -  COMMERCIAL (POP TARTS),8A,Female,51-70 Years,2314,F,F,F,F,F,F,.,F,.,F,F,F,F,F,.,F,.,F,F,F,.,F,.,F,.,F,F,F,.,F,.,F,.
PIES -  COMMERCIAL (POP TARTS),8A,Female,71+ Years,1448,F,F,F,F,F,F,.,F,.,F,F,F,F,F,.,F,.,F,F,F,.,F,.,F,.,F,F,F,.,F,.,F,.
PIES -  COMMERCIAL (POP TARTS),8A,Female,19+ Years,7138,F,F,F,F,F,F,.,F,.,F,F,F,F,F,.,F,.,F,F,F,.,F,.,F,.,F,F,F,.,F,.,F,.
CAKES - COMMERCIAL (FROZEN CAKE),8B,Both,All ages,19670,0.652522767,0.39 E,0.073240478,F,F,F,.,F,.,0.006882218,0.001034024,F,F,F,.,F,.,59.65589661,6.838577807,46.98741075,5.744058954,110.99 E,30.45755468,194.8 E,55.255594,1.05400136,0.106805905,0.744291152,0.078024234,2.008599756,0.317574869,2.87 E,0.587119923
CAKES - COMMERCIAL (FROZEN CAKE),8B,Both,1-3 Years,1288,F,F,F,F,F,F,.,F,.,F,F,F,F,F,.,F,.,F,F,F,.,F,.,F,.,F,F,F,.,F,.,F,.
CAKES - COMMERCIAL (FROZEN CAKE),8B,Both,4-8 Years,1199,F,F,F,F,F,F,.,F,.,F,F,F,F,F,.,F,.,F,F,F,.,F,.,F,.,F,F,F,.,F,.,F,.
CAKES - COMMERCIAL (FROZEN CAKE),8B,Both,9-13 Years,1962,1.568353221,0.71 E,0.191786559,F,F,F,.,F,.,0.02 E,0.005215528,F,F,F,.,F,.,45.50948533,6.919321368,F,F,66.65 E,18.67546624,95.22 E,28.05893557,1.21 E,0.202073444,0.94 E,0.213801095,2.28 E,0.583119844,2.87 E,0.786050744
CAKES - COMMERCIAL (FROZEN CAKE),8B,Both,14-18 Years,1890,F,0.64 E,0.210952108,F,F,F,.,F,.,F,F,F,F,F,.,F,.,F,F,F,.,F,.,F,.,F,F,F,.,F,.,F,.
CAKES - COMMERCIAL (FROZEN CAKE),8B,Both,19-30 Years,1849,F,F,F,F,F,F,.,F,.,F,F,F,F,F,.,F,.,F,F,F,.,F,.,F,.,F,F,F,.,F,.,F,.
CAKES - COMMERCIAL (FROZEN CAKE),8B,Both,31-50 Years,4389,0.76561181,F,F,F,F,F,.,F,.,0.01 E,0.001728657,F,F,F,.,F,.,69.26 E,15.40082539,47.45 E,14.44192059,165.79 E,53.39270189,182.89 E,48.62417831,0.7 E,0.126227151,0.62 E,0.13759482,1.53 E,0.421175208,1.61 E,0.322674227
CAKES - COMMERCIAL (FROZEN CAKE),8B,Both,51-70 Years,4465,F,F,F,F,F,F,.,F,.,F,F,F,F,F,.,F,.,F,F,F,.,F,.,F,.,F,F,F,.,F,.,F,.
CAKES - COMMERCIAL (FROZEN CAKE),8B,Both,71+ Years,2628,F,F,F,F,F,F,.,F,.,F,F,F,F,F,.,F,.,F,F,F,.,F,.,F,.,F,F,F,.,F,.,F,.
CAKES - COMMERCIAL (FROZEN CAKE),8B,Both,1-18 Years,6339,1.217127197,0.6 E,0.113082058,F,F,F,.,F,.,0.02 E,0.003966661,F,F,F,.,F,.,49.44171125,6.426435968,40.86 E,8.894923454,92.18 E,27.53575477,127.88 E,40.4127545,1.577705234,0.240350031,0.96 E,0.220433272,3.2 E,0.693920474,4.46 E,1.079227014
CAKES - COMMERCIAL (FROZEN CAKE),8B,Both,19+ Years,13331,0.513850685,0.34 E,0.088347473,F,F,F,.,F,.,0 E,0.000921345,F,F,F,.,F,.,65.59810007,9.63456676,49.1 E,9.31674946,112.05 E,29.88205317,170.03 E,40.66518643,0.750719321,0.087604753,0.670956288,0.094584885,1.363022956,0.163276573,1.547732498,0.15685335
CAKES - COMMERCIAL (FROZEN CAKE),8B,Male,9-13 Years,1023,F,F,F,F,F,F,.,F,.,F,F,F,F,F,.,F,.,F,F,F,.,F,.,F,.,F,F,F,.,F,.,F,.
CAKES - COMMERCIAL (FROZEN CAKE),8B,Male,14-18 Years,900,F,F,F,F,F,F,.,F,.,F,F,F,F,F,.,F,.,F,F,F,.,F,.,F,.,F,F,F,.,F,.,F,.
CAKES - COMMERCIAL (FROZEN CAKE),8B,Male,19-30 Years,857,F,F,F,F,F,F,.,F,.,F,F,F,F,F,.,F,.,F,F,F,.,F,.,F,.,F,F,F,.,F,.,F,.
CAKES - COMMERCIAL (FROZEN CAKE),8B,Male,31-50 Years,2005,F,F,F,F,F,F,.,F,.,F,F,F,F,F,.,F,.,F,F,F,.,F,.,F,.,F,F,F,.,F,.,F,.
CAKES - COMMERCIAL (FROZEN CAKE),8B,Male,51-70 Years,2151,F,F,F,F,F,F,.,F,.,F,F,F,F,F,.,F,.,F,F,F,.,F,.,F,.,F,F,F,.,F,.,F,.
CAKES - COMMERCIAL (FROZEN CAKE),8B,Male,71+ Years,1180,F,F,F,F,F,F,.,F,.,F,F,F,F,F,.,F,.,F,F,F,.,F,.,F,.,F,F,F,.,F,.,F,.
CAKES - COMMERCIAL (FROZEN CAKE),8B,Male,19+ Years,6193,0.482265459,F,F,F,F,F,.,F,.,F,F,F,F,F,.,F,.,88.57 E,17.58137626,74.95 E,16.20140935,161.17 E,41.76108748,180.59 E,46.95557642,0.92 E,0.15299433,0.75 E,0.238687889,1.476486747,0.230675945,1.587225667,0.222477437
CAKES - COMMERCIAL (FROZEN CAKE),8B,Female,9-13 Years,939,F,0.4 E,0.131490086,F,F,F,.,F,.,F,F,F,F,F,.,F,.,F,F,F,.,F,.,F,.,F,F,F,.,F,.,F,.
CAKES - COMMERCIAL (FROZEN CAKE),8B,Female,14-18 Years,990,F,F,F,F,F,F,.,F,.,F,F,F,F,F,.,F,.,F,F,F,.,F,.,F,.,F,F,F,.,F,.,F,.
CAKES - COMMERCIAL (FROZEN CAKE),8B,Female,19-30 Years,992,F,F,F,F,F,F,.,F,.,F,F,F,F,F,.,F,.,F,F,F,.,F,.,F,.,F,F,F,.,F,.,F,.
CAKES - COMMERCIAL (FROZEN CAKE),8B,Female,31-50 Years,2384,F,F,F,F,F,F,.,F,.,F,F,F,F,F,.,F,.,F,F,F,.,F,.,F,.,F,F,F,.,F,.,F,.
CAKES - COMMERCIAL (FROZEN CAKE),8B,Female,51-70 Years,2314,F,F,F,F,F,F,.,F,.,F,F,F,F,F,.,F,.,F,F,F,.,F,.,F,.,F,F,F,.,F,.,F,.
CAKES - COMMERCIAL (FROZEN CAKE),8B,Female,71+ Years,1448,F,F,F,F,F,F,.,F,.,F,F,F,F,F,.,F,.,F,F,F,.,F,.,F,.,F,F,F,.,F,.,F,.
CAKES - COMMERCIAL (FROZEN CAKE),8B,Female,19+ Years,7138,0.544344307,0.25 E,0.060802719,F,F,F,.,F,.,0 E,0.00080845,F,F,F,.,F,.,45.94890789,5.714106126,44.55 E,9.637570077,86.32 E,22.59425847,111.92 E,23.18290219,0.608355812,0.076818821,0.59 E,0.119266723,1.129091939,0.180479452,1.276090124,0.162250088
 DANISHES -  DOUGHNUTS AND OTHER PASTRIES -  COMMERCIAL,8C,Both,All ages,19670,F,0.12 E,0.033801567,F,F,F,.,F,.,0 E,0.00059787,F,F,F,.,F,.,F,F,F,.,F,.,F,.,F,F,F,.,F,.,F,.
 DANISHES -  DOUGHNUTS AND OTHER PASTRIES -  COMMERCIAL,8C,Both,1-3 Years,1288,F,F,F,F,F,F,.,F,.,F,F,F,F,F,.,F,.,F,F,F,.,F,.,F,.,F,F,F,.,F,.,F,.
 DANISHES -  DOUGHNUTS AND OTHER PASTRIES -  COMMERCIAL,8C,Both,4-8 Years,1199,F,F,F,F,F,F,.,F,.,F,F,F,F,F,.,F,.,F,F,F,.,F,.,F,.,F,F,F,.,F,.,F,.
 DANISHES -  DOUGHNUTS AND OTHER PASTRIES -  COMMERCIAL,8C,Both,9-13 Years,1962,F,F,F,F,F,F,.,F,.,F,F,F,F,F,.,F,.,F,F,F,.,F,.,F,.,F,F,F,.,F,.,F,.
 DANISHES -  DOUGHNUTS AND OTHER PASTRIES -  COMMERCIAL,8C,Both,14-18 Years,1890,F,F,F,F,F,F,.,F,.,F,F,F,F,F,.,F,.,F,F,F,.,F,.,F,.,F,F,F,.,F,.,F,.
 DANISHES -  DOUGHNUTS AND OTHER PASTRIES -  COMMERCIAL,8C,Both,19-30 Years,1849,F,F,F,F,F,F,.,F,.,F,F,F,F,F,.,F,.,F,F,F,.,F,.,F,.,F,F,F,.,F,.,F,.
 DANISHES -  DOUGHNUTS AND OTHER PASTRIES -  COMMERCIAL,8C,Both,31-50 Years,4389,F,F,F,F,F,F,.,F,.,F,F,F,F,F,.,F,.,F,F,F,.,F,.,F,.,F,F,F,.,F,.,F,.
 DANISHES -  DOUGHNUTS AND OTHER PASTRIES -  COMMERCIAL,8C,Both,51-70 Years,4465,F,F,F,F,F,F,.,F,.,F,F,F,F,F,.,F,.,F,F,F,.,F,.,F,.,F,F,F,.,F,.,F,.
 DANISHES -  DOUGHNUTS AND OTHER PASTRIES -  COMMERCIAL,8C,Both,71+ Years,2628,F,F,F,F,F,F,.,F,.,F,F,F,F,F,.,F,.,F,F,F,.,F,.,F,.,F,F,F,.,F,.,F,.
 DANISHES -  DOUGHNUTS AND OTHER PASTRIES -  COMMERCIAL,8C,Both,1-18 Years,6339,F,F,F,F,F,F,.,F,.,F,F,F,F,F,.,F,.,F,F,F,.,F,.,F,.,F,F,F,.,F,.,F,.
 DANISHES -  DOUGHNUTS AND OTHER PASTRIES -  COMMERCIAL,8C,Both,19+ Years,13331,F,0.14 E,0.041753185,F,F,F,.,F,.,0 E,0.000601658,F,F,F,.,F,.,F,F,F,.,F,.,F,.,F,F,F,.,F,.,F,.
 DANISHES -  DOUGHNUTS AND OTHER PASTRIES -  COMMERCIAL,8C,Male,9-13 Years,1023,F,F,F,F,F,F,.,F,.,F,F,F,F,F,.,F,.,F,F,F,.,F,.,F,.,F,F,F,.,F,.,F,.
 DANISHES -  DOUGHNUTS AND OTHER PASTRIES -  COMMERCIAL,8C,Male,14-18 Years,900,F,F,F,F,F,F,.,F,.,F,F,F,F,F,.,F,.,F,F,F,.,F,.,F,.,F,F,F,.,F,.,F,.
 DANISHES -  DOUGHNUTS AND OTHER PASTRIES -  COMMERCIAL,8C,Male,19-30 Years,857,F,F,F,F,F,F,.,F,.,F,F,F,F,F,.,F,.,F,F,F,.,F,.,F,.,F,F,F,.,F,.,F,.
 DANISHES -  DOUGHNUTS AND OTHER PASTRIES -  COMMERCIAL,8C,Male,31-50 Years,2005,F,F,F,F,F,F,.,F,.,F,F,F,F,F,.,F,.,F,F,F,.,F,.,F,.,F,F,F,.,F,.,F,.
 DANISHES -  DOUGHNUTS AND OTHER PASTRIES -  COMMERCIAL,8C,Male,51-70 Years,2151,F,F,F,F,F,F,.,F,.,F,F,F,F,F,.,F,.,F,F,F,.,F,.,F,.,F,F,F,.,F,.,F,.
 DANISHES -  DOUGHNUTS AND OTHER PASTRIES -  COMMERCIAL,8C,Male,71+ Years,1180,F,F,F,F,F,F,.,F,.,F,F,F,F,F,.,F,.,F,F,F,.,F,.,F,.,F,F,F,.,F,.,F,.
 DANISHES -  DOUGHNUTS AND OTHER PASTRIES -  COMMERCIAL,8C,Male,19+ Years,6193,F,F,F,F,F,F,.,F,.,F,F,F,F,F,.,F,.,F,F,F,.,F,.,F,.,F,F,F,.,F,.,F,.
 DANISHES -  DOUGHNUTS AND OTHER PASTRIES -  COMMERCIAL,8C,Female,9-13 Years,939,F,F,F,F,F,F,.,F,.,F,F,F,F,F,.,F,.,F,F,F,.,F,.,F,.,F,F,F,.,F,.,F,.
 DANISHES -  DOUGHNUTS AND OTHER PASTRIES -  COMMERCIAL,8C,Female,14-18 Years,990,F,F,F,F,F,F,.,F,.,F,F,F,F,F,.,F,.,F,F,F,.,F,.,F,.,F,F,F,.,F,.,F,.
 DANISHES -  DOUGHNUTS AND OTHER PASTRIES -  COMMERCIAL,8C,Female,19-30 Years,992,F,F,F,F,F,F,.,F,.,F,F,F,F,F,.,F,.,F,F,F,.,F,.,F,.,F,F,F,.,F,.,F,.
 DANISHES -  DOUGHNUTS AND OTHER PASTRIES -  COMMERCIAL,8C,Female,31-50 Years,2384,F,F,F,F,F,F,.,F,.,F,F,F,F,F,.,F,.,F,F,F,.,F,.,F,.,F,F,F,.,F,.,F,.
 DANISHES -  DOUGHNUTS AND OTHER PASTRIES -  COMMERCIAL,8C,Female,51-70 Years,2314,F,F,F,F,F,F,.,F,.,F,F,F,F,F,.,F,.,F,F,F,.,F,.,F,.,F,F,F,.,F,.,F,.
 DANISHES -  DOUGHNUTS AND OTHER PASTRIES -  COMMERCIAL,8C,Female,71+ Years,1448,F,F,F,F,F,F,.,F,.,F,F,F,F,F,.,F,.,F,F,F,.,F,.,F,.,F,F,F,.,F,.,F,.
 DANISHES -  DOUGHNUTS AND OTHER PASTRIES -  COMMERCIAL,8C,Female,19+ Years,7138,F,F,F,F,F,F,.,F,.,F,F,F,F,F,.,F,.,F,F,F,.,F,.,F,.,F,F,F,.,F,.,F,.
