Food-Group-Name, Food-Group-Code,Sex,Age,Number-of-Respondents,Percentage-of-Eaters,All-Person-Consumption-Intake-g-per-person-Mean,All-Person-Consumption-Intake-g-per-person-SE-Mean,All-Person-Consumption-Intake-g-per-person-P50,All-Person-Consumption-Intake-g-per-person-SE-P50,All-Person-Consumption-Intake-g-per-person-P90,All-Person-Consumption-Intake-g-per-person-SE-P90,All-Person-Consumption-Intake-g-per-person-P95,All-Person-Consumption-Intake-g-per-person-SE-P95,All-Person-Consumption-Intake-g-per-kg-body-weight-Mean,All-Person-Consumption-Intake-g-per-kg-body-weight-SE-Mean,All-Person-Consumption-Intake-g-per-kg-body-weight-P50,All-Person-Consumption-Intake-g-per-kg-body-weight-SE-P50,All-Person-Consumption-Intake-g-per-kg-body-weight-P90,All-Person-Consumption-Intake-g-per-kg-body-weight-SE-P90,All-Person-Consumption-Intake-g-per-kg-body-weight-P95,All-Person-Consumption-Intake-g-per-kg-body-weight-SE-P95,Eaters-Only-Consumption-Intake-g-per-person-Mean,Eaters-Only-Consumption-Intake-g-per-person-SE-Mean,Eaters-Only-Consumption-Intake-g-per-person-P50,Eaters-Only-Consumption-Intake-g-per-person-SE-P50,Eaters-Only-Consumption-Intake-g-per-person-P90,Eaters-Only-Consumption-Intake-g-per-person-SE-P90,Eaters-Only-Consumption-Intake-g-per-person-P95,Eaters-Only-Consumption-Intake-g-per-person-SE-P95,Eaters-Only-Consumption-Intake-g-per-kg-body-weight-Mean,Eaters-Only-Consumption-Intake-g-per-kg-body-weight-SE-Mean,Eaters-Only-Consumption-Intake-g-per-kg-body-weight-P50,Eaters-Only-Consumption-Intake-g-per-kg-body-weight-SE-P50,Eaters-Only-Consumption-Intake-g-per-kg-body-weight-P90,Eaters-Only-Consumption-Intake-g-per-kg-body-weight-SE-P90,Eaters-Only-Consumption-Intake-g-per-kg-body-weight-P95,Eaters-Only-Consumption-Intake-g-per-kg-body-weight-SE-P95
FRUITS - OVERALL - also for FRUITS- RAW- COOKED AND CANNED (40),40,Both,All ages,19670,71.69481173,152.5233886,2.852211553,117.9984143,2.852211553,376.5053165,7.40857327,484.234903,9.421636804,2.853174115,0.050801034,1.562533307,0.053749969,7.027875524,0.124321151,10.38914941,0.275311268,212.7397853,3.290842367,177.9873377,3.957313309,427.46786,7.07628413,542.915603,14.51969515,3.981190197,0.061720802,2.607106442,0.057961673,8.437178764,0.220239831,12.3551545,0.277144623
FRUITS - OVERALL - also for FRUITS- RAW- COOKED AND CANNED (40),40,Both,1-3 Years,1288,91.06889402,183.9945903,8.333311381,145.5395912,8.333311381,387.0975631,27.15213768,470.7678367,33.72462166,13.45113944,0.56626093,10.6472504,0.620565637,26.99836805,1.130303954,34.40218593,2.494428412,202.0388984,8.606136548,167.0110032,11.25779299,408.1391637,31.95513529,497.5118517,39.54893211,14.68004968,0.60280575,11.34415947,0.756304128,27.78775936,1.316762885,35.63842762,2.848228297
FRUITS - OVERALL - also for FRUITS- RAW- COOKED AND CANNED (40),40,Both,4-8 Years,1199,82.28387319,179.3587808,7.488761104,155.9652857,7.488761104,389.1385984,16.11399799,464.9795278,22.16883171,8.037806177,0.34050169,6.532952665,0.434896347,18.35677733,0.933357267,22.01917371,1.663525736,217.9756176,7.885418214,181.9256968,8.692663942,420.0197681,18.51780861,477.965874,27.5550092,9.768385792,0.363480214,8.108898845,0.443128356,20.06388371,0.883903636,24.05420566,1.627382666
FRUITS - OVERALL - also for FRUITS- RAW- COOKED AND CANNED (40),40,Both,9-13 Years,1962,72.76418329,162.3377809,6.297024928,117.6864948,6.297024928,397.2595846,19.65307331,503.5110492,16.6968267,4.019998322,0.163914465,2.795675461,0.161065264,9.759000132,0.398013056,12.94339869,0.91196576,223.1012204,7.038549126,181.9963432,3.103837698,452.2827708,19.10106443,533.8011718,18.13499924,5.524693799,0.193866504,4.220275788,0.204951999,10.95519747,0.564950332,14.98148305,0.971630521
FRUITS - OVERALL - also for FRUITS- RAW- COOKED AND CANNED (40),40,Both,14-18 Years,1890,63.62914873,141.8015332,8.833029865,78.42 E,8.833029865,373.9970509,20.55587481,523.6549342,31.99915537,2.285142601,0.145529949,1.208585436,0.179458794,5.986169449,0.490554324,8.44287675,0.602238502,222.8562476,11.70475584,181.2307152,9.224468167,487.5706945,35.75111562,596.4280641,43.72216827,3.591345549,0.19435863,2.646638107,0.093881837,7.853622341,0.537974145,9.772849167,0.677564987
FRUITS - OVERALL - also for FRUITS- RAW- COOKED AND CANNED (40),40,Both,19-30 Years,1849,62.28886723,123.8137645,8.210500309,F,F,360.3646766,23.33495502,474.5495141,44.24890665,1.821360229,0.126656572,F,F,5.152992065,0.334614891,6.628095985,0.564965404,198.7735048,10.666785,150.5835021,12.0094042,422.4797391,34.75757808,559.6746535,42.56249023,2.924054185,0.167444773,2.197217605,0.178202387,5.967420426,0.575418515,7.828868389,0.668633631
FRUITS - OVERALL - also for FRUITS- RAW- COOKED AND CANNED (40),40,Both,31-50 Years,4389,70.95515825,152.6887891,5.48889514,117.5904964,5.48889514,386.0372214,12.85802821,476.9960987,17.83701004,2.088085328,0.075674794,1.411347422,0.106179132,5.366503439,0.174617239,6.887792016,0.215264907,215.1905413,6.410909352,181.7899918,4.272664028,421.959721,10.15374454,538.0071928,24.89490967,2.942823861,0.089807037,2.359722474,0.093467484,6.022229207,0.253925913,7.586748487,0.377566579
FRUITS - OVERALL - also for FRUITS- RAW- COOKED AND CANNED (40),40,Both,51-70 Years,4465,72.59824516,160.1021683,5.531957991,117.8746527,5.531957991,388.2392121,18.43171172,515.3444727,30.44206769,2.13835427,0.072906398,1.421408145,0.076228435,5.358287422,0.259719023,7.028383226,0.398455984,220.5317331,6.128566643,181.6203991,6.109273238,444.9953094,18.75485273,586.3351247,21.50055623,2.945462753,0.082727036,2.239808179,0.088562102,6.176325583,0.181224814,7.804932751,0.235656861
FRUITS - OVERALL - also for FRUITS- RAW- COOKED AND CANNED (40),40,Both,71+ Years,2628,76.2290707,146.2495368,4.76241259,117.803199,4.76241259,355.1166941,13.87784818,458.5394275,18.43321613,2.074190893,0.07340249,1.640598992,0.078129508,4.944031002,0.173594802,6.29403939,0.380810269,191.8553322,4.947802671,149.7870766,6.206752158,393.8720262,18.51852651,486.3529093,11.89495525,2.720997218,0.076610639,2.119940053,0.071960791,5.457475991,0.200573714,7.037822051,0.437465465
FRUITS - OVERALL - also for FRUITS- RAW- COOKED AND CANNED (40),40,Both,1-18 Years,6339,75.85390826,164.8140904,4.022128864,118.9247417,4.022128864,389.0042456,10.20087867,494.9982312,16.25996325,6.129060528,0.150635584,3.531415944,0.132610387,15.61965253,0.518942131,21.27038515,0.715505492,217.2783106,4.582236309,181.993352,1.739203089,436.8006738,12.25032674,530.8623034,12.23102243,8.090283651,0.183763558,5.719861013,0.153434556,17.89936718,0.584449155,24.01951238,0.947934992
FRUITS - OVERALL - also for FRUITS- RAW- COOKED AND CANNED (40),40,Both,19+ Years,13331,70.67329907,149.5046782,3.287595501,113.3994657,3.287595501,373.9563381,8.362680773,481.7153922,11.06528084,2.058156444,0.046485793,1.372894926,0.057804587,5.269154485,0.102064456,6.887849919,0.161836684,211.5433696,3.866849916,175.1364419,5.481062795,426.9949844,7.657417592,544.8433582,19.10678416,2.912212209,0.055363952,2.270901548,0.056684623,6.055990073,0.146245875,7.75884731,0.183196217
FRUITS - OVERALL - also for FRUITS- RAW- COOKED AND CANNED (40),40,Male,9-13 Years,1023,71.00761815,160.8796598,8.511254463,115.353683,8.511254463,384.8489286,30.6455109,520.9609686,21.98208503,3.955305415,0.205780799,2.769969635,0.196325703,9.391901109,0.576083805,12.12802093,1.218846971,226.56676,10.38712082,179.9309802,10.59459541,492.2723939,43.38285436,590.1462755,47.49812554,5.57025502,0.246847355,4.217585552,0.273160657,10.79643273,0.535393511,14.90334745,1.175799131
FRUITS - OVERALL - also for FRUITS- RAW- COOKED AND CANNED (40),40,Male,14-18 Years,900,60.95064613,143.2997991,14.42613549,81.11 E,14.42613549,370.5073722,39.30355628,548.3153528,60.51484977,2.186141261,0.233615254,1.13 E,0.285868019,5.24319607,0.70354043,8.03401911,0.983671167,235.1079246,20.25670361,177.0267501,14.50896315,508.2471233,56.38499363,658.6754749,69.73016172,3.586740091,0.332018542,2.446264013,0.123012737,7.535727263,0.822635276,9.894607312,1.160125419
FRUITS - OVERALL - also for FRUITS- RAW- COOKED AND CANNED (40),40,Male,19-30 Years,857,54.94492855,112.8559393,11.21743175,F,F,360.0600437,35.7055966,418.8074037,59.15142303,1.493523321,0.152224606,F,F,4.737645707,0.481726882,5.319812619,0.658455966,205.398282,15.91793973,144.6137808,21.65705661,414.0605071,49.65919454,543.1203361,53.57981748,2.718218697,0.215675457,2.035088526,0.305164992,5.315605149,0.547882745,6.627227755,0.782802754
FRUITS - OVERALL - also for FRUITS- RAW- COOKED AND CANNED (40),40,Male,31-50 Years,2005,68.70106725,152.3521617,9.104616087,117.472701,9.104616087,386.6041419,21.38049975,478.9889303,30.44142609,1.811518745,0.108506807,1.213835302,0.166264222,4.517934149,0.315436985,5.623529807,0.32146033,221.7609825,11.19116672,178.5541247,8.955286818,422.8052913,22.8699433,541.4445091,37.7656942,2.636813105,0.134194306,2.044295504,0.162640358,5.367568597,0.306361701,6.519437606,0.4488833
FRUITS - OVERALL - also for FRUITS- RAW- COOKED AND CANNED (40),40,Male,51-70 Years,2151,69.34990615,162.7886761,8.063140531,117.866573,8.063140531,390.8365149,28.43663322,552.3701525,42.74798884,1.95160993,0.098007311,1.28727766,0.118556826,4.676320611,0.323166036,6.420306759,0.433046954,234.7352507,9.282873861,181.9814879,7.051841343,479.1134917,30.43204399,635.7990151,28.22823846,2.814149346,0.11546077,2.132734395,0.12107661,5.640675241,0.419169613,7.722116988,0.52710808
FRUITS - OVERALL - also for FRUITS- RAW- COOKED AND CANNED (40),40,Male,71+ Years,1180,76.60351159,157.4773359,7.671617989,117.6523669,7.671617989,418.384542,32.18866717,486.7960215,20.53686282,1.993560796,0.100582582,1.528854676,0.110609855,4.939360938,0.256920214,6.294540046,0.489236297,205.5745652,8.621559424,172.5797017,11.66211491,436.9034493,20.39680073,509.0222641,27.77312809,2.602440482,0.111256766,2.039970078,0.106733184,5.447472289,0.315505158,6.599473724,0.492771038
FRUITS - OVERALL - also for FRUITS- RAW- COOKED AND CANNED (40),40,Male,19+ Years,6193,67.29817658,149.2640305,4.835071058,102.0743881,4.835071058,375.9998012,12.99910097,497.9940096,17.81092952,1.820417507,0.059782478,1.177122668,0.101887648,4.717492536,0.168514957,6.074472866,0.263460094,221.795059,5.850446443,181.7109057,5.94814087,435.9548077,19.26360109,571.9625736,21.17930065,2.70500272,0.072446112,2.079386343,0.075892255,5.36625202,0.160702283,6.669224117,0.36795936
FRUITS - OVERALL - also for FRUITS- RAW- COOKED AND CANNED (40),40,Female,9-13 Years,939,74.61288334,163.872383,8.70635759,126.5461635,8.70635759,401.0092732,24.5496088,462.3504913,15.98205087,4.088084486,0.253224232,2.876618395,0.261723545,9.970894663,0.62955204,13.1889358,1.256596344,219.6301439,8.634731241,181.9252569,9.877388583,438.1899072,20.30160718,486.7779903,19.92676099,5.479059785,0.27406468,4.351755489,0.351493746,11.07339231,1.036991565,14.97356833,1.456166565
FRUITS - OVERALL - also for FRUITS- RAW- COOKED AND CANNED (40),40,Female,14-18 Years,990,66.46123242,140.2173591,9.608622267,76.06 E,9.608622267,388.5995138,28.43565962,519.2898669,43.56398616,2.389820521,0.169900012,1.38 E,0.278657282,6.742938681,0.66348562,9.006173983,0.788346034,210.9761647,12.03397417,180.8433588,8.771267527,463.5282772,41.4259524,566.8592386,41.64557743,3.595811323,0.211857832,2.833535598,0.181788147,8.107852787,0.764517343,9.464434089,0.814009508
FRUITS - OVERALL - also for FRUITS- RAW- COOKED AND CANNED (40),40,Female,19-30 Years,992,70.4208544,135.9474298,11.70304019,82.44 E,11.70304019,365.0299284,41.00628615,481.8034399,62.90177784,2.184375996,0.201810426,1.29 E,0.354618511,5.648461339,0.676212261,7.7277707,0.884802027,193.0499579,14.87013045,152.0556728,12.76650253,427.1636273,46.97825931,560.8856274,62.48768536,3.101887949,0.257979283,2.279604572,0.222917978,6.923486743,0.71624064,8.968770415,1.257326387
FRUITS - OVERALL - also for FRUITS- RAW- COOKED AND CANNED (40),40,Female,31-50 Years,2384,73.11223953,153.010929,6.169999103,117.6643887,6.169999103,381.2956321,15.60742361,457.2545013,22.55596418,2.352749265,0.102731398,1.586084099,0.137618845,6.075947583,0.31857274,7.48261876,0.375621324,209.2822351,6.81508759,181.8518815,5.315940801,419.7415124,14.83646216,512.9948488,33.00657379,3.21799644,0.116466931,2.582597794,0.130874519,6.887555727,0.291626231,8.153172779,0.479071793
FRUITS - OVERALL - also for FRUITS- RAW- COOKED AND CANNED (40),40,Female,51-70 Years,2314,75.77259079,157.476856,7.133736658,117.5714558,7.133736658,385.5415194,21.72667552,491.6162927,31.99216913,2.320844792,0.103875485,1.588971041,0.111693972,5.986554038,0.251864553,7.720573311,0.372673293,207.8282587,7.710923572,165.9991492,9.928317627,431.3470798,17.16165531,552.520849,32.35144869,3.062908062,0.112536857,2.308446663,0.121281327,6.445406991,0.331352006,7.862768875,0.39298501
FRUITS - OVERALL - also for FRUITS- RAW- COOKED AND CANNED (40),40,Female,71+ Years,1448,75.93244741,137.3551376,6.421823786,117.7180383,6.421823786,328.9048135,13.57786794,396.4475462,32.30989352,2.138064166,0.106853391,1.725311499,0.119719814,4.979976003,0.240342715,6.257612266,0.732008141,180.8912293,6.535485567,141.0867444,6.383375252,363.2845635,14.9660427,451.9868657,31.4661829,2.815745098,0.111474741,2.169061642,0.091941516,5.548146538,0.274781695,7.579286052,0.753941181
FRUITS - OVERALL - also for FRUITS- RAW- COOKED AND CANNED (40),40,Female,19+ Years,7138,73.93177532,149.7370091,4.307665302,117.6539894,4.307665302,368.99794,11.76028628,475.3215665,13.271946,2.287678982,0.067426575,1.588581719,0.086352256,5.809797553,0.162643956,7.517009027,0.233374031,202.5340369,4.737897459,166.4777783,6.807506536,418.3885721,11.78580462,515.1686845,26.56562319,3.094310899,0.075336911,2.406639646,0.077513115,6.682915929,0.252686359,8.140346951,0.33936076
CITRUS FRUITS (ORANGES- GRAPEFRUITS- LEMONS- ETC) ,40A,Both,All ages,19670,17.46388517,19.53707894,0.814816093,F,F,87.77091066,4.845301668,130.967026,3.088576322,0.346218439,0.014156941,F,F,1.313483437,0.077020717,2.240373765,0.093462609,111.8713204,2.949394872,95.93536359,9.573363798,221.9767831,13.89407758,261.6667829,10.24956691,1.980599774,0.05717902,1.547288,0.051169848,4.126698579,0.178759776,5.998621422,0.414845576
CITRUS FRUITS (ORANGES- GRAPEFRUITS- LEMONS- ETC) ,40A,Both,1-3 Years,1288,16.85143517,15.63881214,2.106489436,F,F,65.33623291,9.866251924,95.67 E,19.58883732,1.187491931,0.160406329,F,F,5.061861118,0.380431207,7.906588854,1.136042691,92.80403709,7.497181138,75.41390877,7.701945456,178.26 E,41.05030545,259.1630594,38.19596868,6.845182993,0.591796817,5.411147346,0.238179251,15.66 E,3.046035154,19.680608,2.914770285
CITRUS FRUITS (ORANGES- GRAPEFRUITS- LEMONS- ETC) ,40A,Both,4-8 Years,1199,17.90242152,18.84850705,1.961425831,F,F,95.65224923,6.776860429,129.6622487,3.890745737,0.882554254,0.093997325,F,F,4.365118917,0.432245736,6.096756382,0.516013031,105.2846791,5.537897578,95.92163665,4.658551937,146.5009339,20.19813749,201.7725581,28.42791173,4.929803788,0.271700815,4.639985482,0.298810299,7.887245918,0.612494048,9.344065703,0.873705609
CITRUS FRUITS (ORANGES- GRAPEFRUITS- LEMONS- ETC) ,40A,Both,9-13 Years,1962,14.39346098,14.94361332,1.422040156,F,F,50.56 E,15.83783648,128.9024053,8.17674157,0.358256186,0.034494784,F,F,1.26 E,0.224898267,2.996397796,0.274200939,103.822238,7.386057927,95.56223036,7.920501533,197.1404147,24.79509495,250.1286271,18.54731796,2.489020443,0.180536307,2.096558439,0.216537516,4.816675706,0.292587987,5.88921383,0.69883764
CITRUS FRUITS (ORANGES- GRAPEFRUITS- LEMONS- ETC) ,40A,Both,14-18 Years,1890,11.67855332,13.35588709,1.633087811,F,F,F,F,128.6127871,18.95276194,0.21379044,0.026086351,F,F,F,F,1.917764066,0.237330837,114.3625133,9.611914262,95.68 E,17.98505276,221.2224763,23.86349368,259.6879005,20.06147372,1.830624342,0.150484316,1.71522416,0.238479579,3.563226315,0.226197986,3.854621455,0.421582397
CITRUS FRUITS (ORANGES- GRAPEFRUITS- LEMONS- ETC) ,40A,Both,19-30 Years,1849,11.7188851,12.45900368,1.807063017,F,F,F,F,94.07 E,25.45530936,0.178636069,0.025149071,F,F,F,F,1.42 E,0.260066329,106.3156057,8.172148275,86.94 E,15.42080503,218.3614955,22.35457243,259.3974058,21.25922607,1.524343548,0.114307712,1.158382462,0.187221422,2.913177811,0.210791018,3.429896151,0.228247705
CITRUS FRUITS (ORANGES- GRAPEFRUITS- LEMONS- ETC) ,40A,Both,31-50 Years,4389,17.97323696,22.25354564,2.008888777,F,F,96.89 E,21.42641054,145.5626941,8.214699767,0.316732884,0.03197974,F,F,1.323703982,0.155815623,2.062435673,0.161805571,123.8149015,6.92222034,128.2584761,10.69301618,260.0293248,17.29749662,339.3519971,41.37580814,1.762247304,0.122500643,1.541474404,0.100275083,3.595766431,0.343761043,4.63 E,1.048312299
CITRUS FRUITS (ORANGES- GRAPEFRUITS- LEMONS- ETC) ,40A,Both,51-70 Years,4465,19.90943001,21.93499636,1.536401024,F,F,95.72 E,19.36517246,147.2000556,11.72091788,0.295047323,0.020875079,F,F,1.384965036,0.108813029,2.046432312,0.118860567,110.1739043,5.28305069,95.76 E,18.8739711,221.9643725,16.09856402,261.1063646,10.60073834,1.481947615,0.072975473,1.38701201,0.080756655,2.956322584,0.202898571,3.74472269,0.321875848
CITRUS FRUITS (ORANGES- GRAPEFRUITS- LEMONS- ETC) ,40A,Both,71+ Years,2628,22.20420677,22.05757828,1.634438997,F,F,113.1746702,14.11573303,130.5489589,1.003324544,0.313072369,0.023434662,F,F,1.503335296,0.133661691,2.088080075,0.087954952,99.33963643,4.453069149,95.80865786,5.30676206,178.0192809,13.67692578,220.2270336,28.51643297,1.409968713,0.065285892,1.341744304,0.09407841,2.614848545,0.093238404,2.98154845,0.165912809
CITRUS FRUITS (ORANGES- GRAPEFRUITS- LEMONS- ETC) ,40A,Both,1-18 Years,6339,15.00569591,15.69665105,0.911038744,F,F,73.35674085,6.381558591,128.9617179,3.518384152,0.594479336,0.040268859,F,F,2.027784747,0.267791127,4.624019513,0.246899322,104.6046191,3.780744019,95.64166413,2.552199906,198.1514988,14.71330419,259.5402289,10.62091965,3.947117058,0.175035646,3.230780445,0.201886541,7.647356449,0.52162571,9.559401979,0.772757856
CITRUS FRUITS (ORANGES- GRAPEFRUITS- LEMONS- ETC) ,40A,Both,19+ Years,13331,18.06763925,20.48032364,0.983646284,F,F,90.89272017,5.980593003,135.0000827,6.264116642,0.285968548,0.014623799,F,F,1.246034616,0.075502183,2.004099827,0.069550587,113.3536228,3.541671729,99.03 E,17.33657498,226.0808766,18.41122131,263.154353,16.99706464,1.582766539,0.057062743,1.412075529,0.068668285,3.064352567,0.146193119,3.96236134,0.240298121
CITRUS FRUITS (ORANGES- GRAPEFRUITS- LEMONS- ETC) ,40A,Male,9-13 Years,1023,12.78697016,13.50115743,1.775555581,F,F,F,F,115.6722262,16.93924406,0.313717987,0.040212554,F,F,1.24 E,0.363137793,2.642938223,0.370109384,105.5852736,8.792958641,95.60010987,9.298404636,183.9021672,24.1642115,220.8084772,25.63204038,2.453419247,0.194059988,2.021294951,0.320449925,4.414014294,0.290323553,5.291124968,0.40210727
CITRUS FRUITS (ORANGES- GRAPEFRUITS- LEMONS- ETC) ,40A,Male,14-18 Years,900,9.653503373,13.67 E,2.317718422,F,F,F,.,130.43 E,26.13331433,0.21 E,0.036062592,F,F,F,.,2.03 E,0.475342642,141.6255263,13.65553176,130.7320142,12.11943577,258.6386499,22.53020895,261.94 E,53.2218672,2.187758832,0.222093457,2.200802186,0.273719203,3.772439555,0.403038753,4.48 E,0.982886546
CITRUS FRUITS (ORANGES- GRAPEFRUITS- LEMONS- ETC) ,40A,Male,19-30 Years,857,9.007576034,10.65 E,2.696583356,F,F,F,.,87.3 E,27.69431329,0.14 E,0.03509358,F,F,F,.,1.13 E,0.371302233,118.2887955,13.41591875,87.86 E,25.12305982,206.842168,29.11662044,228.21 E,39.55084088,1.522525604,0.185095078,1.15 E,0.289132789,2.798945704,0.348150132,2.895549888,0.367293773
CITRUS FRUITS (ORANGES- GRAPEFRUITS- LEMONS- ETC) ,40A,Male,31-50 Years,2005,16.67733253,19.96582667,2.624520843,F,F,87.61 E,24.48813724,137.9164993,7.259429692,0.244108638,0.03401163,F,F,1.1 E,0.252698624,1.803627091,0.143968388,119.718346,9.362041516,128.2029197,15.63508944,259.6970622,22.98876245,268.2625066,15.9736953,1.463715121,0.12397072,1.408606856,0.144972739,3.095140853,0.445593358,3.534790577,0.227109742
CITRUS FRUITS (ORANGES- GRAPEFRUITS- LEMONS- ETC) ,40A,Male,51-70 Years,2151,18.34913533,20.75439151,2.29332421,F,F,95.74 E,25.85660987,150.3197641,19.35239581,0.251941292,0.028086753,F,F,1.27 E,0.25824578,1.9294703,0.148862675,113.1082808,7.841963407,128.3389395,18.95007488,227.1527594,26.20202159,260.8237204,11.01642737,1.37304177,0.097591069,1.430034009,0.149333103,2.658876845,0.319470349,3.353854497,0.259604776
CITRUS FRUITS (ORANGES- GRAPEFRUITS- LEMONS- ETC) ,40A,Male,71+ Years,1180,20.96689549,21.75538035,2.462424818,F,F,108.3601087,16.13050497,130.6656214,6.034316746,0.286111502,0.033776724,F,F,1.377594567,0.167034219,1.915443767,0.227485692,103.7606181,6.724982458,95.91532965,15.36479015,181.0271371,23.13483853,258.1886926,40.2682681,1.364586864,0.094055768,1.296853505,0.121737872,2.583437055,0.149511634,2.61771899,0.183776548
CITRUS FRUITS (ORANGES- GRAPEFRUITS- LEMONS- ETC) ,40A,Male,19+ Years,6193,16.31610753,18.74739016,1.364238678,F,F,86.52019519,10.78922745,130.9661974,6.375805832,0.232021618,0.017239241,F,F,1.098984856,0.129876419,1.778894648,0.080743548,114.9011191,5.00430246,127.9092504,16.17508744,252.4423288,23.17846175,261.3125093,5.844546248,1.422040258,0.065468289,1.375699351,0.090199865,2.755499694,0.223895177,3.458239744,0.173041915
CITRUS FRUITS (ORANGES- GRAPEFRUITS- LEMONS- ETC) ,40A,Female,9-13 Years,939,16.08421505,16.46172854,2.314161813,F,F,F,F,129.8617077,9.311113402,0.405130492,0.056998066,F,F,F,F,3.04 E,0.522026588,102.3471055,11.01961471,92.0286826,15.0055946,215.5058712,34.02939468,256.2319991,26.01475749,2.518807977,0.27565713,2.177964784,0.262161125,4.900639573,0.792652527,6.800417227,0.955646836
CITRUS FRUITS (ORANGES- GRAPEFRUITS- LEMONS- ETC) ,40A,Female,14-18 Years,990,13.81971641,13.02183385,2.027512903,F,F,F,F,97.36 E,16.80565031,0.216534304,0.033725957,F,F,F,F,1.812873935,0.266611329,94.22649105,11.25339393,73.99 E,13.70218838,208.1467086,25.60074458,220.4471118,21.95900596,1.566850561,0.177977152,1.31 E,0.269784703,3.488312576,0.413246926,3.707902,0.282244459
CITRUS FRUITS (ORANGES- GRAPEFRUITS- LEMONS- ETC) ,40A,Female,19-30 Years,992,14.72113382,14.46 E,2.444585061,F,F,F,F,128.78 E,22.25714962,0.22 E,0.037470723,F,F,F,F,1.95 E,0.353269756,98.20330234,9.769134837,73.81 E,20.65625343,222.0400705,30.92596647,259.4167368,23.19158822,1.525575276,0.147776879,1.15 E,0.260611976,3.094198189,0.236433909,3.544708552,0.449640171
CITRUS FRUITS (ORANGES- GRAPEFRUITS- LEMONS- ETC) ,40A,Female,31-50 Years,2384,19.21336933,24.44280765,2.738590535,F,F,127.04 E,23.87350496,149.0286686,14.7247768,0.386231587,0.049992246,F,F,1.62747577,0.232138,2.51826463,0.224466433,127.2177057,9.953223094,128.3035808,15.77749569,260.34 E,47.66347811,346.408128,43.29594253,2.010223093,0.193777717,1.723660574,0.168737516,4.1 E,0.969646574,6.67 E,1.467907754
CITRUS FRUITS (ORANGES- GRAPEFRUITS- LEMONS- ETC) ,40A,Female,51-70 Years,2314,21.434183,23.08870841,2.220367421,F,F,94.86 E,19.46618975,145.9569033,11.56287154,0.337171449,0.032563775,F,F,1.477256479,0.145238718,2.154769786,0.212435764,107.7190972,7.321336879,92.73113004,12.24627882,221.9104105,16.00647103,261.7575475,28.50677126,1.573054821,0.106651316,1.353071804,0.09844307,2.974234869,0.423611333,4.391463066,0.35108426
CITRUS FRUITS (ORANGES- GRAPEFRUITS- LEMONS- ETC) ,40A,Female,71+ Years,1448,23.18437577,22.29697239,2.150730381,F,F,113.3987467,14.99526275,130.1416641,1.579456835,0.334430135,0.03201575,F,F,1.657605976,0.186831118,2.096692505,0.08567156,96.17240773,5.899971899,95.62972188,6.204012175,165.1045013,17.84470047,201.7862672,31.14256699,1.442480655,0.088748847,1.345687939,0.141411314,2.632860472,0.176764806,3.383189793,0.325758867
CITRUS FRUITS (ORANGES- GRAPEFRUITS- LEMONS- ETC) ,40A,Female,19+ Years,7138,19.75863699,22.15336591,1.307621729,F,F,95.66290641,11.25068986,144.2681247,8.269525779,0.338051041,0.022229387,F,F,1.416640578,0.113529217,2.219645575,0.102874945,112.1199095,4.619067636,95.75032476,11.92105785,221.9773798,18.78596787,302.738353,35.43955925,1.710902636,0.082509261,1.464546576,0.097289961,3.309550001,0.287944901,4.539269938,0.609131498
APPLE ,40B,Both,All ages,19670,25.38866512,40.89615054,1.31598113,F,F,181.5715087,0.428491337,181.9959848,9.612666487,0.786966503,0.024571088,F,F,2.776645146,0.065868029,4.106357959,0.15943664,161.0803496,3.13148005,181.3427727,0.65722731,268.4423084,20.02501166,363.4329817,0.805261302,3.105340632,0.068338102,2.394387657,0.037216721,6.200428927,0.20876836,8.877919755,0.336658231
APPLE ,40B,Both,1-3 Years,1288,42.4079943,56.78667669,5.643666332,F,F,180.7546942,8.837708285,222.1637942,34.6490613,3.887577068,0.348982266,F,F,11.88147539,0.527398081,14.98951893,0.849900927,133.9055941,9.889087417,111.1522186,8.592022317,252.06 E,42.95114227,328.5095838,40.83840241,9.211876741,0.676342155,7.789943502,0.38615899,15.67523887,0.991070026,18.51843474,2.614651397
APPLE ,40B,Both,4-8 Years,1199,35.10144259,58.34019518,4.564586027,F,F,181.9190058,15.41475371,260.9321549,25.45472491,2.59976786,0.200275984,F,F,9.225098286,0.520815535,11.21725381,0.736720822,166.2045514,7.864421517,180.3482665,9.61564036,272.750752,24.16060166,349.759385,30.99155456,7.406441639,0.372708689,7.018376322,0.488593344,13.09315637,1.151294621,16.7915181,1.954799374
APPLE ,40B,Both,9-13 Years,1962,31.61211789,53.12793783,3.308494196,F,F,181.7281845,0.271815462,222.8805087,19.43115676,1.294232623,0.080058857,F,F,4.625464282,0.211203689,6.066571411,0.198775209,168.0619376,5.672879476,181.3246475,2.807278752,270.8295196,39.03398432,363.515319,13.65512834,4.094102861,0.145921652,3.732575456,0.115135205,6.670597727,0.257943689,8.767473302,0.932977491
APPLE ,40B,Both,14-18 Years,1890,26.97447382,49.66740394,3.715012757,F,F,178.3845381,4.254498192,221.9886172,21.51973724,0.795512736,0.06123091,F,F,3.128976225,0.137437849,3.955580889,0.4022762,184.1274246,7.554763304,174.1967303,7.803269699,350.9213726,44.55697252,360.8650098,8.881404324,2.949131617,0.132353312,2.868849513,0.096631047,5.265579119,0.430486184,6.06165292,0.465176879
APPLE ,40B,Both,19-30 Years,1849,18.1931646,29.20238416,3.956982468,F,F,164.495088,26.64312532,176.8980153,6.084774239,0.42272081,0.055532323,F,F,2.1285737,0.325552393,2.966900587,0.2607429,160.5129443,15.67391453,166.7360928,15.49132352,239.15 E,72.64053135,345.07 E,88.2181322,2.323514456,0.209527275,2.309635795,0.19852918,4.248502181,0.4263963,4.684835255,0.731382967
APPLE ,40B,Both,31-50 Years,4389,23.8065578,39.4142222,2.479784061,F,F,176.95844,5.041559958,181.4157835,6.878654187,0.524105691,0.032065332,F,F,2.362140708,0.086939267,3.06828891,0.144407618,165.5603574,6.150050636,175.2617265,6.738273519,337.91 E,58.38701416,358.574139,5.872721777,2.201518151,0.078158814,2.13472715,0.066125766,3.789415177,0.254923225,4.660563826,0.164283289
APPLE ,40B,Both,51-70 Years,4465,25.06106913,41.52725146,2.651534956,F,F,180.6788653,1.321134668,209.3998654,18.36405065,0.55881473,0.034669919,F,F,2.393671698,0.066593231,3.136507264,0.105279662,165.7042293,6.221368314,179.9622485,2.037751548,260.3113743,40.42927004,360.430063,23.48195282,2.229812015,0.081267453,2.163758712,0.069153953,3.852475074,0.281641785,4.938856044,0.300404981
APPLE ,40B,Both,71+ Years,2628,25.71689899,33.03143637,2.296550772,F,F,179.9470681,9.426485698,181.5504324,1.276894991,0.460377666,0.032583517,F,F,2.244935696,0.100454109,2.690366333,0.09080787,128.4425326,5.195873693,139.7011724,14.82611954,222.2512007,11.74721636,256.6327069,18.35375037,1.790175658,0.07941788,1.813215081,0.118064691,3.149986786,0.122989497,3.647548094,0.292007645
APPLE ,40B,Both,1-18 Years,6339,33.05479808,54.20277596,2.057736423,F,F,181.7937909,0.206209121,227.1253973,11.07117014,1.924734983,0.082633875,F,F,6.898106684,0.306309887,9.820473794,0.406880987,163.978542,3.972890583,181.2709334,3.436364586,279.6550693,19.28107973,363.3265096,3.726627105,5.848487731,0.195988958,4.548107469,0.195539192,11.50431507,0.397597087,14.26400908,0.855752748
APPLE ,40B,Both,19+ Years,13331,23.50579179,37.62791998,1.51555819,F,F,180.5222626,1.477737364,181.8289128,1.924537393,0.510843973,0.020237036,F,F,2.32663855,0.049323701,3.003367885,0.081486916,160.0793554,3.869305254,180.0641783,1.935821707,254.4129595,30.27733024,358.0081163,6.581530871,2.173268517,0.050586026,2.13764009,0.043573046,3.794827119,0.154823851,4.755476671,0.186820631
APPLE ,40B,Male,9-13 Years,1023,29.91646795,49.10669161,3.931367894,F,F,181.6850343,0.314965669,222.1811712,21.92279255,1.184648115,0.092033015,F,F,4.488041014,0.286967324,5.845455888,0.310584868,164.1460205,7.506133377,181.2873775,9.678673369,258.7875757,27.2588006,363.1756393,42.07921883,3.959852871,0.18527446,3.421767942,0.236619037,6.29124464,0.409664712,8.658862017,0.869114524
APPLE ,40B,Male,14-18 Years,900,25.37174517,48.15039878,5.251727267,F,F,178.1021798,6.308585217,220.05 E,53.80784359,0.735814736,0.082036026,F,F,2.959819512,0.144371696,3.69 E,0.760923149,189.779609,11.42574917,174.7187465,7.281253461,353.9452122,36.93980483,360.9032413,9.787014371,2.900134502,0.191768269,2.774749036,0.146896771,5.535966338,0.506230116,5.977670724,0.360054205
APPLE ,40B,Male,19-30 Years,857,17.71168504,29.53 E,5.577605331,F,F,166.49 E,35.97392003,176.596475,8.337463629,0.4 E,0.079553871,F,F,2.12 E,0.48544606,2.64948303,0.292084848,166.7024782,14.14085101,168.8029925,13.62920618,220.45 E,72.82788338,311.24 E,75.64047545,2.265252248,0.200753984,2.317167528,0.183607159,3.922498478,0.615825648,4.23823295,0.496282103
APPLE ,40B,Male,31-50 Years,2005,24.53532143,43.69751491,4.19323811,F,F,177.6575956,4.342404418,181.84 E,42.74928672,0.520646478,0.049884423,F,F,2.189729984,0.106411241,2.759059912,0.226301583,178.1004379,9.235857356,175.7627752,6.237224844,346.260622,38.7348094,359.9988357,19.9733218,2.122028358,0.108503508,2.060572276,0.064921919,3.695001981,0.409643941,4.441693613,0.238140536
APPLE ,40B,Male,51-70 Years,2151,24.81483234,42.27981465,4.295006075,F,F,180.728172,1.271828021,218.6860457,23.69331781,0.512340029,0.051011894,F,F,2.164296624,0.100993203,2.728177586,0.201109996,170.3812223,10.55450698,180.0562119,1.940617366,258.6 E,51.68294212,382.8111144,50.79455797,2.06465239,0.126803068,1.956874705,0.091513529,3.361843582,0.531899894,4.91539833,0.582509777
APPLE ,40B,Male,71+ Years,1180,28.22933223,37.92634973,3.740362675,F,F,179.9431548,2.882558475,181.8761435,19.8418967,0.472137586,0.044863867,F,F,2.306441823,0.13935955,2.585462336,0.074885579,134.3508569,6.900901629,178.3524342,25.38466558,236.8048219,16.28890407,257.1599774,14.64800444,1.672507102,0.086881524,1.879593048,0.149368983,2.884624996,0.139612457,3.255427527,0.169123078
APPLE ,40B,Male,19+ Years,6193,23.80100599,40.05887369,2.421764075,F,F,180.5663381,1.433661916,181.8832628,12.31241633,0.491200597,0.029404694,F,F,2.178247319,0.065800715,2.667303093,0.09507934,168.3074812,5.747076674,180.0657742,1.934225782,272.37 E,49.84506086,356.5688323,17.26470664,2.063780824,0.06778818,2.050736028,0.045211836,3.530233946,0.276417591,4.437382894,0.203104026
APPLE ,40B,Female,9-13 Years,939,33.39670763,57.36010545,5.238678418,F,F,177.7445077,4.255492307,222.93 E,46.57872328,1.40956503,0.132188556,F,F,4.885854097,0.344260125,6.186961675,0.316897429,171.7537731,8.492270463,170.4237111,11.81015004,325.2581674,53.44770204,353.8444249,18.57038159,4.220670628,0.221052834,3.819859526,0.134586998,6.666295212,0.386651845,8.864035881,1.417393562
APPLE ,40B,Female,14-18 Years,990,28.66910038,51.27139176,5.012755663,F,F,174.5179638,9.215378004,220.0163725,22.71355768,0.858633725,0.088333003,F,F,3.355087262,0.150956203,3.982855979,0.38937316,178.8385094,9.02541837,163.4200137,18.57998625,275.09 E,51.28825981,354.5741799,36.38673347,2.99497966,0.169190751,2.921468488,0.124285049,4.61 E,0.773342829,6.776390314,1.072964822
APPLE ,40B,Female,19-30 Years,992,18.7263098,28.84 E,5.750908025,F,F,147.7 E,43.16435732,174.8430983,21.71815889,0.45 E,0.078170963,F,F,2.23 E,0.59428333,3.319200642,0.350049367,154.03 E,28.8594262,152.12 E,34.42753583,F,F,411.67 E,119.3973683,2.384533058,0.393904693,2.28 E,0.515820554,4.69 E,0.833465726,6.08153173,0.966143566
APPLE ,40B,Female,31-50 Years,2384,23.10915811,35.31527032,2.867418346,F,F,166.7727371,15.22726287,179.2661845,4.259135081,0.527416029,0.042459596,F,F,2.528338411,0.150471309,3.286805503,0.148144634,152.8193721,7.235840473,162.8883268,19.07556261,220.64 E,43.70670885,353.9840062,33.7206631,2.282281451,0.109764004,2.316655712,0.128721603,3.810453528,0.370880012,4.757931503,0.215432211
APPLE ,40B,Female,51-70 Years,2314,25.30169692,40.79183077,3.115698426,F,F,174.8762978,7.123702231,196.6898012,18.58830894,0.604230792,0.047092231,F,F,2.659274153,0.138198495,3.261768054,0.140578747,161.2217192,6.506588916,170.9185957,11.12515782,248.3 E,56.42268706,357.3939372,21.6646267,2.388103827,0.100290818,2.43126675,0.072706559,3.950276277,0.350360572,5.173023934,0.461045958
APPLE ,40B,Female,71+ Years,1448,23.72660827,29.15380074,2.893948532,F,F,146.8852521,19.5338809,181.0716125,0.933025412,0.451061732,0.046467819,F,F,2.193064248,0.18868189,2.807502919,0.116583022,122.8738655,7.759718037,112.7111731,18.11279412,200.2702273,18.76344024,236.01 E,41.02468877,1.901079696,0.128270335,1.68469673,0.238221636,3.335620417,0.259998733,3.858500995,0.636487194
APPLE ,40B,Female,19+ Years,7138,23.22078037,35.28098146,1.940980356,F,F,180.3157615,1.684238549,181.753112,1.641151501,0.529808461,0.028462162,F,F,2.500595181,0.086351791,3.234289151,0.087158174,151.937105,5.45537127,179.8528224,3.365381003,233.4267167,29.10832538,355.9552042,13.08044979,2.281613506,0.079268848,2.316524152,0.070619612,3.948267192,0.256519505,5.068506441,0.23540566
BANANA ,40C,Both,All ages,19670,27.56921016,29.13181066,0.787820503,F,F,117.8876424,0.112357559,117.9908967,1.524713264,0.523212316,0.014122752,F,F,1.79069579,0.030381114,2.488298206,0.093174472,105.667919,1.52147308,117.8094871,0.190512874,135.9674996,0.985539057,233.4944342,13.70199233,1.896965548,0.034910237,1.531881097,0.025217361,3.324912701,0.094994669,5.17489846,0.226016905
BANANA ,40C,Both,1-3 Years,1288,38.36727335,31.7219422,2.36523306,F,F,117.6671133,1.55899609,117.9189286,1.661068613,2.444002319,0.180893609,F,F,7.908290925,0.426465084,10.40972573,0.643808474,82.67968879,3.371361499,67.88 E,11.74880633,117.9775146,6.399343469,139.05 E,25.26805002,6.171365486,0.264648716,5.619327445,0.318370944,10.89859873,0.42769834,11.55594286,0.53086731
BANANA ,40C,Both,4-8 Years,1199,29.56320856,27.39749981,2.240782501,F,F,117.8576416,0.142358428,117.9642969,1.409638792,1.236597307,0.106864047,F,F,5.039550436,0.33886384,6.233005941,0.255854394,92.67431091,3.960195389,117.7556448,8.004165077,130.6874026,10.26474654,160.84 E,37.45918562,4.182892749,0.201881762,3.911547202,0.24883072,6.724572034,0.378655952,8.131453904,1.000756202
BANANA ,40C,Both,9-13 Years,1962,22.86541181,22.6784148,1.685913284,F,F,114.873762,3.126237985,117.3437956,1.621265962,0.576337832,0.044040589,F,F,2.667265029,0.164710686,3.469700434,0.144451662,99.18218395,3.366285908,114.1659957,3.834004331,132.609483,4.334141488,182.32 E,36.33585452,2.520566159,0.095716202,2.45017479,0.102379788,4.283946676,0.212835292,5.19934118,0.372528382
BANANA ,40C,Both,14-18 Years,1890,21.46549589,22.63728653,2.025753447,F,F,115.7308663,2.267094846,117.7732713,8.02680375,0.362616474,0.032581767,F,F,1.824229179,0.110878555,2.26227187,0.108763406,105.4589498,4.515864304,115.4315527,2.568447286,138.07 E,32.57364244,227.1846247,25.25652235,1.689299309,0.071855529,1.759248322,0.077740654,2.71298913,0.245207283,3.356711832,0.187151854
BANANA ,40C,Both,19-30 Years,1849,22.28920275,24.49826005,2.625693749,F,F,117.0523595,0.947640511,117.85774,6.51301074,0.357096535,0.039567564,F,F,1.700360225,0.108506919,2.073079299,0.179047619,109.9108852,6.567647835,116.8679916,1.132008434,179.29 E,37.53974704,226.615416,25.33646932,1.602105462,0.100552081,1.605074519,0.10548728,2.637297664,0.202158318,3.014923153,0.20326274
BANANA ,40C,Both,31-50 Years,4389,27.25661017,29.66603881,1.646054697,F,F,117.6994063,0.300593707,117.9767101,5.821798079,0.398231351,0.022705025,F,F,1.596689566,0.043917446,1.945964345,0.063159169,108.8397957,3.108616483,117.4981777,0.501822269,134.5808461,1.489065659,196.93 E,37.11509025,1.461045041,0.049092722,1.455244959,0.032023953,2.274703524,0.079595006,2.715635454,0.105451724
BANANA ,40C,Both,51-70 Years,4465,29.27968468,32.8301522,1.7963658,F,F,117.8963391,0.103660945,128.4896532,7.586406954,0.432768249,0.022585336,F,F,1.659595895,0.051931036,2.021485605,0.057110684,112.1260443,3.189860753,117.7821017,0.217898254,174.45 E,29.42279041,234.1689292,10.56576646,1.478049553,0.039867429,1.417197722,0.030824525,2.315109573,0.133456228,2.758530611,0.098233814
BANANA ,40C,Both,71+ Years,2628,32.59927972,31.22277162,1.627085392,F,F,116.1684713,1.831528666,117.555061,0.623024878,0.45182758,0.024798004,F,F,1.696086077,0.058126634,2.010701327,0.057518803,95.77748923,2.597999929,114.4214683,3.791728746,130.8161243,9.187517008,136.7505836,19.2394655,1.386004797,0.042846276,1.379532941,0.034879369,2.124331816,0.085194699,2.545572632,0.220541011
BANANA ,40C,Both,1-18 Years,6339,26.91786509,25.49217973,1.077494544,F,F,117.8396647,0.160335301,117.9679327,0.032067264,0.993344561,0.045321314,F,F,3.744681951,0.201182585,5.820928172,0.229257524,94.70357195,1.930786601,117.7509306,1.600975546,135.776495,0.767772263,198.5081136,26.78189439,3.682714722,0.109937159,2.989776875,0.102474122,7.439626195,0.320694444,9.339769918,0.538595465
BANANA ,40C,Both,19+ Years,13331,27.72918655,30.02573775,0.937149749,F,F,117.8677758,0.132224154,117.993894,3.532134956,0.409116955,0.013272879,F,F,1.638737176,0.032254916,2.007020522,0.036475823,108.282072,1.825556773,117.7702968,0.229703216,135.9722377,3.752997065,233.65836,13.31779547,1.475401937,0.027886097,1.45328441,0.023796669,2.322038244,0.079830784,2.76020232,0.087330491
BANANA ,40C,Male,9-13 Years,1023,24.10909353,23.98199798,2.177757834,F,F,114.9631663,3.036833692,117.3584785,1.53156359,0.619024467,0.058333507,F,F,2.838189645,0.183356095,3.506602944,0.2294988,99.47283151,4.836542644,113.9789101,4.264020279,132.0837121,9.405049757,209.95 E,38.22672715,2.567597435,0.141592796,2.462709712,0.188347637,4.553740462,0.258823872,5.220162565,0.370262841
BANANA ,40C,Male,14-18 Years,900,21.35621896,23.86754782,2.744097677,F,F,115.9736452,3.246793392,117.8343979,9.44767736,0.36035586,0.043473529,F,F,1.72802614,0.181565743,2.167763374,0.140047763,111.7592391,6.128033062,115.7212864,2.278713629,175.8 E,38.5030311,229.2507809,18.34900451,1.687357956,0.105580211,1.656598132,0.130763285,2.871808975,0.339104802,3.494188152,0.26223305
BANANA ,40C,Male,19-30 Years,857,22.29811399,27.01129879,4.245626948,F,F,115.5676053,2.797533668,128.01 E,29.7277317,0.353609439,0.055290811,F,F,1.546579929,0.160379971,2.087973037,0.286881567,121.1371455,9.46847351,114.9435653,3.192781363,223.96 E,39.83484716,230.0098638,21.57921757,1.585826671,0.125468895,1.528577144,0.128869431,2.621973529,0.223142317,2.664806921,0.228563811
BANANA ,40C,Male,31-50 Years,2005,29.01745301,33.92544901,2.684262869,F,F,117.6689803,0.622846463,132.946478,6.593095176,0.405528297,0.033098839,F,F,1.498061419,0.057305948,1.752499275,0.060897773,116.9139449,3.616039804,117.269498,0.730502017,135.0608044,12.14417815,226.51 E,38.06647341,1.397532366,0.049376633,1.396368264,0.039749417,1.817621106,0.104085271,2.750772263,0.404137332
BANANA ,40C,Male,51-70 Years,2151,30.82630115,37.3474145,3.095923591,F,F,117.9254887,0.074511325,135.47 E,32.56876052,0.43779085,0.035081593,F,F,1.530312713,0.053017552,1.951491328,0.138622657,121.1543815,4.811835066,117.8127938,0.18720617,233.37 E,41.04506462,235.0146788,5.143059582,1.420186119,0.054903543,1.371349423,0.041165581,2.218021533,0.256281686,2.759094733,0.19224495
BANANA ,40C,Male,71+ Years,1180,34.26934897,32.86576517,2.525056678,F,F,116.5411217,1.458878324,117.7229154,3.923131835,0.426203478,0.033633316,F,F,1.588045466,0.059988614,1.816120818,0.058933089,95.90425893,3.877696174,114.854779,3.145220973,132.4204953,9.100195644,135.74 E,29.75016243,1.243687117,0.052272057,1.343694714,0.039933488,1.923237166,0.065647187,2.036199955,0.234368807
BANANA ,40C,Male,19+ Years,6193,28.97629095,33.70126807,1.586665009,F,F,117.9081209,0.09187912,134.6166548,6.64955357,0.409111333,0.019420827,F,F,1.52968822,0.03724369,1.812718788,0.050117206,116.3063559,2.493623081,117.8070685,0.192931514,167.92 E,35.76918293,234.5137302,3.687261606,1.411883026,0.031607435,1.378968411,0.023596288,2.128009926,0.140518301,2.757825235,0.10284777
BANANA ,40C,Female,9-13 Years,939,21.55649681,21.3064564,2.388753065,F,F,114.4881329,4.853705139,117.2678383,4.267862014,0.531412208,0.062109524,F,F,2.505755055,0.206192558,3.144416197,0.243592293,98.84006937,4.895413613,114.0554726,5.136697889,131.8003379,7.244122588,155.33 E,45.1087823,2.465206722,0.132381462,2.43134766,0.132911206,3.911060787,0.167684096,4.368748134,0.58716535
BANANA ,40C,Female,14-18 Years,990,21.58103859,21.33648402,2.647930784,F,F,114.2635193,6.323093677,117.5576448,7.809179846,0.365006708,0.045150329,F,F,1.862452678,0.140299204,2.288361597,0.156836637,98.86680813,7.204925727,113.7427054,4.920951733,137.37 E,30.89635347,204.3 E,48.34347231,1.691330593,0.108651346,1.831621594,0.097718513,2.653639927,0.268017735,3.27394362,0.371866266
BANANA ,40C,Female,19-30 Years,992,22.27933528,21.71555724,3.175094193,F,F,116.8973465,3.177541784,117.6385512,0.367216372,0.360957817,0.058567794,F,F,1.843870891,0.117777668,2.065410306,0.244732008,97.46950243,6.656376563,116.7284011,1.660726002,129.2791117,8.842743286,146.9735002,24.37964555,1.620146258,0.133543559,1.82015237,0.096086468,2.930365325,0.391201364,2.99368007,0.218943255
BANANA ,40C,Female,31-50 Years,2384,25.57154903,25.58994161,1.890533078,F,F,117.5531569,0.446843148,117.8709066,0.311975011,0.391248445,0.030813353,F,F,1.727274895,0.101268251,2.106532471,0.075214292,100.0719259,4.50403325,117.376121,0.623878963,125.8063201,9.402893313,165.34 E,35.36023454,1.530014644,0.078579283,1.549701834,0.048647755,2.373366192,0.110237757,2.697753,0.105572681
BANANA ,40C,Female,51-70 Years,2314,27.76829833,28.41578787,1.916530764,F,F,114.2930813,3.706918735,118.3598051,4.488185333,0.427860056,0.029963326,F,F,1.801361951,0.063131935,2.070756857,0.065457485,102.3317581,3.64610788,111.3103012,6.689698796,135.9372491,9.216972485,176.4673713,13.78133168,1.540822024,0.059538757,1.581804245,0.064032135,2.318748614,0.139843488,2.652579509,0.16277421
BANANA ,40C,Female,71+ Years,1448,31.27629,29.92123064,2.222331261,F,F,115.7669958,2.233004156,117.3742227,1.240122803,0.472126394,0.036608558,F,F,1.826237432,0.072120527,2.099018558,0.087596503,95.66745492,3.567590786,112.4994906,7.019681495,117.9760877,10.67779141,138.72 E,30.97574034,1.509534518,0.065689614,1.442950413,0.068409644,2.351114338,0.129181455,2.803982987,0.414197181
BANANA ,40C,Female,19+ Years,7138,26.52518282,26.47723594,1.21690375,F,F,117.5819083,0.418091748,117.9104268,0.089573217,0.409122383,0.020014589,F,F,1.809028956,0.044927042,2.089987895,0.04024893,99.81924017,2.353998376,117.3675439,0.632456095,135.8894889,3.592988971,174.120546,14.44349319,1.542392321,0.042067986,1.580709479,0.034233764,2.400140982,0.09961837,2.846881788,0.122349906
CHERRIES,40D,Both,All ages,19670,2.824495798,2.000291214,0.245806728,F,F,F,.,F,.,0.034768669,0.004441542,F,F,F,.,F,.,70.81940836,6.296044463,42.91 E,9.208494351,163.57 E,35.35775136,242.8883673,22.99104545,1.228161338,0.127387553,0.693867719,0.11264072,2.508304616,0.281227445,3.709847909,0.353595172
CHERRIES,40D,Both,1-3 Years,1288,F,F,F,F,F,F,.,F,.,F,F,F,F,F,.,F,.,F,F,F,.,F,.,F,.,F,F,F,.,F,.,F,.
CHERRIES,40D,Both,4-8 Years,1199,F,0.93 E,0.284540798,F,F,F,.,F,.,0.04 E,0.013281949,F,F,F,.,F,.,F,F,F,.,F,.,F,.,F,F,F,.,F,.,F,.
CHERRIES,40D,Both,9-13 Years,1962,2.486022529,F,F,F,F,F,.,F,.,F,F,F,F,F,.,F,.,73.18 E,16.62282617,F,F,F,F,214.62 E,55.89751525,1.99 E,0.417477639,F,F,3.55957667,0.376597642,3.720976531,0.33355582
CHERRIES,40D,Both,14-18 Years,1890,F,F,F,F,F,F,.,F,.,F,F,F,F,F,.,F,.,F,F,F,.,F,.,F,.,F,F,F,.,F,.,F,.
CHERRIES,40D,Both,19-30 Years,1849,F,F,F,F,F,F,.,F,.,F,F,F,F,F,.,F,.,F,F,F,.,F,.,F,.,F,F,F,.,F,.,F,.
CHERRIES,40D,Both,31-50 Years,4389,2.52529324,1.93 E,0.403042802,F,F,F,.,F,.,0.03 E,0.006936908,F,F,F,.,F,.,76.38021494,9.610263997,77.38 E,16.66290496,152.9525339,21.94882006,187.48 E,39.30429398,1.182711851,0.17705371,F,F,2.232376594,0.244957525,2.819336393,0.428284868
CHERRIES,40D,Both,51-70 Years,4465,3.782886807,2.85 E,0.696530043,F,F,F,.,F,.,0.03 E,0.007244637,F,F,F,.,F,.,75.21 E,14.36538914,F,F,231.53 E,41.90078543,244.95 E,42.5157976,0.875751898,0.144944574,F,F,2.24 E,0.39135241,2.98 E,0.699135215
CHERRIES,40D,Both,71+ Years,2628,4.69869332,2.84 E,0.654735371,F,F,F,.,F,.,0.04 E,0.007996654,F,F,F,.,F,.,60.36 E,11.67239386,F,F,160.84 E,31.65905225,193.75 E,64.47335182,0.79 E,0.138557042,0.43 E,0.108769872,2.163486057,0.348765002,2.35 E,0.586776812
CHERRIES,40D,Both,1-18 Years,6339,1.933373316,1.33 E,0.320911373,F,F,F,.,F,.,0.06 E,0.017077794,F,F,F,.,F,.,68.74 E,12.13342678,37.6 E,6.805984192,199.59 E,61.59456845,235.01 E,46.83829009,2.98 E,0.714658651,1.51 E,0.34905824,F,F,F,F
CHERRIES,40D,Both,19+ Years,13331,3.043363741,2.165146887,0.301529549,F,F,F,.,F,.,0.02905004,0.003873924,F,F,F,.,F,.,71.14321754,7.063168021,49.14 E,11.49614355,163.48 E,35.42564214,242.7915112,26.36542303,0.954537226,0.08650119,0.6 E,0.124078078,2.247475245,0.089620594,2.57 E,0.468422416
CHERRIES,40D,Male,9-13 Years,1023,F,1.21 E,0.379361384,F,F,F,.,F,.,0.03 E,0.00948521,F,F,F,.,F,.,F,F,F,.,F,.,F,.,F,F,F,.,F,.,F,.
CHERRIES,40D,Male,14-18 Years,900,F,F,F,F,F,F,.,F,.,F,F,F,F,F,.,F,.,F,F,F,.,F,.,F,.,F,F,F,.,F,.,F,.
CHERRIES,40D,Male,19-30 Years,857,F,F,F,F,F,F,.,F,.,F,F,F,F,F,.,F,.,F,F,F,.,F,.,F,.,F,F,F,.,F,.,F,.
CHERRIES,40D,Male,31-50 Years,2005,2.414868943,F,F,F,F,F,.,F,.,F,F,F,F,F,.,F,.,47.89 E,11.01913777,F,F,81.57 E,25.66122479,120.4 E,27.86318128,0.51 E,0.117389473,F,F,1.03 E,0.205944745,1.31 E,0.254707352
CHERRIES,40D,Male,51-70 Years,2151,3.589584971,F,F,F,F,F,.,F,.,F,F,F,F,F,.,F,.,93.45 E,23.28310118,F,F,241.22 E,45.56328709,267.191049,44.20532149,0.99 E,0.230824551,F,F,2.22 E,0.51819442,3.29 E,0.801794318
CHERRIES,40D,Male,71+ Years,1180,4.404632658,4.13 E,1.369429359,F,F,F,.,F,.,0.05 E,0.016034419,F,F,F,.,F,.,93.86 E,24.49219733,F,F,198.46 E,58.96403028,300.02 E,86.93109572,1.12 E,0.283975592,F,F,2.33 E,0.612179205,3.37 E,0.918053712
CHERRIES,40D,Male,19+ Years,6193,2.753302426,2.19 E,0.496367756,F,F,F,.,F,.,0.02 E,0.005288786,F,F,F,.,F,.,79.46329982,12.60733545,F,F,230.99 E,50.75704716,244.0055732,38.6708643,0.891384526,0.134063333,F,F,2.167783031,0.245751855,2.45 E,0.713438131
CHERRIES,40D,Female,9-13 Years,939,F,F,F,F,F,F,.,F,.,F,F,F,F,F,.,F,.,F,F,F,.,F,.,F,.,F,F,F,.,F,.,F,.
CHERRIES,40D,Female,14-18 Years,990,F,F,F,F,F,F,.,F,.,F,F,F,F,F,.,F,.,F,F,F,.,F,.,F,.,F,F,F,.,F,.,F,.
CHERRIES,40D,Female,19-30 Years,992,F,F,F,F,F,F,.,F,.,F,F,F,F,F,.,F,.,F,F,F,.,F,.,F,.,F,F,F,.,F,.,F,.
CHERRIES,40D,Female,31-50 Years,2384,2.630965187,2.67 E,0.67285386,F,F,F,.,F,.,0.05 E,0.012885859,F,F,F,.,F,.,101.4011626,10.65759033,81.89091217,10.94659388,163.58 E,44.93473849,241.67 E,40.66982092,1.773025724,0.163708947,1.901242821,0.206551497,2.800396526,0.41960569,3.330084657,0.448545951
CHERRIES,40D,Female,51-70 Years,2314,3.971785453,2.35 E,0.602657297,F,F,F,.,F,.,0.03 E,0.007258409,F,F,F,.,F,.,59.1 E,15.32307544,F,F,163.16 E,53.52985191,224.67 E,64.38182594,0.78 E,0.179782117,F,F,2.24 E,0.584732625,2.49 E,0.690362903
CHERRIES,40D,Female,71+ Years,1448,4.931641283,1.81 E,0.56254517,F,F,F,.,F,.,0.03 E,0.007941811,F,F,F,.,F,.,36.66 E,8.986254515,F,F,91.94 E,24.84646284,137.75 E,29.79489415,0.55 E,0.122362162,F,F,1.36 E,0.253946589,1.78 E,0.326461114
CHERRIES,40D,Female,19+ Years,7138,3.323400366,2.143213963,0.322377915,F,F,F,.,F,.,0.033401785,0.005406278,F,F,F,.,F,.,64.4885878,7.522383959,49.14 E,13.54195042,155.4039653,23.1593176,222.49 E,37.2510843,1.005048486,0.119653705,0.66 E,0.186125107,2.247077996,0.141497966,2.797872094,0.380046092
GRAPES AND RAISINS ,40E,Both,All ages,19670,14.32093444,7.84682064,0.444205182,F,F,11.70814982,1.546616625,48.98735705,7.138971256,0.162677483,0.008247987,F,F,0.180189763,0.025808207,0.960615331,0.07463392,54.79265807,2.390543088,29.33293365,2.82322262,146.8908846,8.416864969,159.4190823,9.77817175,1.137038548,0.049037645,0.478798205,0.048434273,2.825884758,0.174284296,4.535070738,0.26691406
GRAPES AND RAISINS ,40E,Both,1-3 Years,1288,25.97025557,13.06226271,1.418289652,F,F,48.7023928,4.157977754,79.43117804,8.758910989,0.972721868,0.10801432,F,F,3.776356046,0.553672874,5.467717729,0.531156414,50.29701259,3.925440048,47.85106997,7.137388656,113.0683312,9.708540573,141.2003082,13.81250143,3.682498145,0.295228522,2.722222222,0.384046869,7.659095883,0.938644826,10.37442378,1.519752692
GRAPES AND RAISINS ,40E,Both,4-8 Years,1199,18.1276568,12.51293781,1.71400712,F,F,48.48 E,12.1244569,96.40437286,13.35123306,0.600046233,0.087768628,F,F,2.17 E,0.52335627,4.500318199,0.580434505,69.02678018,6.107272106,48.99 E,12.44447601,147.7867622,10.1599733,157.1179103,14.92477566,3.310114702,0.328561183,2.458830595,0.38163907,7.823017978,1.043138913,9.069605322,0.665509793
GRAPES AND RAISINS ,40E,Both,9-13 Years,1962,15.58109137,10.02698633,1.127360919,F,F,F,F,78.5861375,11.01519226,0.251803544,0.028896555,F,F,F,F,1.954709424,0.22405861,64.3535558,5.40172159,47.44144867,5.812071395,148.4849292,10.99287895,190.569027,22.94346584,1.616084124,0.135591703,1.03 E,0.262845619,3.611264157,0.356751932,4.50585074,0.700913223
GRAPES AND RAISINS ,40E,Both,14-18 Years,1890,9.225960225,4.860718737,0.767238199,F,F,F,.,20.54 E,6.079128944,0.08 E,0.013776771,F,F,F,.,0.32 E,0.089681581,52.68523404,7.341478241,25.41 E,6.307154795,140.28 E,25.84258043,198.38 E,36.15916466,0.873497957,0.130612358,0.39 E,0.093451992,1.9 E,0.488745789,3.15 E,0.78979372
GRAPES AND RAISINS ,40E,Both,19-30 Years,1849,11.00624075,7.59 E,1.477733395,F,F,F,F,F,F,0.11 E,0.020977274,F,F,F,F,F,F,68.98964684,7.256719256,58.85 E,16.12812089,151.6393161,13.18632693,157.2406926,16.82360222,0.995974843,0.104837023,0.84 E,0.216835263,2.008607305,0.253232442,2.44787634,0.170204849
GRAPES AND RAISINS ,40E,Both,31-50 Years,4389,12.24562147,7.448543929,0.958949144,F,F,7.82 E,2.387249539,48.77 E,10.89731721,0.101353521,0.012314493,F,F,0.1 E,0.028239168,0.68 E,0.154724635,60.8261814,6.880717798,29.05 E,7.963143643,148.5392096,14.47831144,207.27 E,41.98652338,0.827671521,0.089361004,0.39 E,0.115597308,2.135876565,0.29398999,3.02 E,0.539801565
GRAPES AND RAISINS ,40E,Both,51-70 Years,4465,15.84598159,7.520266379,0.752026081,F,F,13.1 E,3.037687207,47.37367105,6.553256086,0.101191967,0.010050817,F,F,0.17 E,0.037173935,0.64225137,0.104576451,47.45850759,4.120885829,23.07311371,2.135016079,131.9092035,16.64439126,150.9195018,18.39492482,0.638597026,0.055252852,0.295106562,0.037633924,1.749105553,0.106529218,2.093143417,0.254405983
GRAPES AND RAISINS ,40E,Both,71+ Years,2628,17.55870734,6.482230335,0.730431762,F,F,12.51 E,3.504124016,41.70071723,4.957144515,0.094081409,0.011419113,F,F,0.17 E,0.056788405,0.62194974,0.084012686,36.91746898,3.018733634,18.01 E,3.597324758,96.75536314,14.70002612,146.2578725,14.61246023,0.535810567,0.050011093,0.26 E,0.059045848,1.327144993,0.100157912,1.813212613,0.242651123
GRAPES AND RAISINS ,40E,Both,1-18 Years,6339,16.19958651,9.745809788,0.647342385,F,F,29.23 E,5.268252055,75.49472975,4.623307365,0.413460421,0.031328628,F,F,0.99 E,0.207264221,2.971032656,0.318612974,60.16085524,2.984837809,47.85668891,3.000194098,146.9823799,10.70450753,156.0999774,10.30996823,2.559893328,0.155082812,1.704367578,0.158222454,6.078273711,0.562837831,8.601477784,0.704693944
GRAPES AND RAISINS ,40E,Both,19+ Years,13331,13.85952008,7.3804113,0.531807789,F,F,10.49971914,1.115418356,48.82037942,5.236580712,0.101815523,0.007150497,F,F,0.135395894,0.018405867,0.691664995,0.087491373,53.2515647,2.988222149,25.4565111,2.947795655,146.8401537,11.48117416,159.4306709,16.00089446,0.734625174,0.040506552,0.347346357,0.035852604,1.866361885,0.078315873,2.42344211,0.197428902
GRAPES AND RAISINS ,40E,Male,9-13 Years,1023,16.57218758,11.85806426,1.871503327,F,F,F,F,97.24 E,18.53481038,0.290685387,0.046487811,F,F,F,F,2.456923703,0.38423753,71.554007,8.849675516,F,F,150.6962315,19.39308455,199.0940708,25.45179868,1.754055618,0.218168966,F,F,3.66455417,0.592064789,4.925969661,0.786334075
GRAPES AND RAISINS ,40E,Male,14-18 Years,900,7.560198477,4.02 E,0.961354256,F,F,F,.,F,F,0.06 E,0.014643632,F,F,F,.,F,F,53.15 E,11.37882709,F,F,142.11 E,28.87125459,158.04 E,38.62630689,0.8 E,0.172979765,F,F,1.9 E,0.481058894,2.65 E,0.576006673
GRAPES AND RAISINS ,40E,Male,19-30 Years,857,7.352096661,6.17 E,1.877487484,F,F,F,.,F,F,F,F,F,F,F,.,F,F,83.98498359,11.40176826,79.55 E,22.32820733,156.318563,25.98578078,191.03 E,34.12693909,1.221116003,0.194088207,F,F,2.445903858,0.259247788,2.453094897,0.268532347
GRAPES AND RAISINS ,40E,Male,31-50 Years,2005,10.51773249,5.97 E,1.197651331,F,F,F,F,F,F,0.07 E,0.012650227,F,F,F,F,F,F,56.8 E,10.14290739,F,F,147.22 E,47.81174683,230.19 E,47.02003516,0.65 E,0.109799457,F,F,1.87 E,0.493992232,2.84 E,0.562830892
GRAPES AND RAISINS ,40E,Male,51-70 Years,2151,16.62761442,7.02362437,1.023075908,F,F,12.53 E,3.45644297,37.73 E,7.389818216,0.085801823,0.012304755,F,F,0.15 E,0.037759207,0.47 E,0.090645958,42.24072193,5.341335806,18.62 E,3.723272749,132.76 E,23.9962697,150.3831852,15.23101431,0.516020043,0.064831924,0.23 E,0.038754183,1.74 E,0.296739608,1.877066656,0.145130995
GRAPES AND RAISINS ,40E,Male,71+ Years,1180,16.43926528,5.725296607,0.780466838,F,F,F,F,37.03728214,5.520156595,0.07430443,0.010302819,F,F,0.14 E,0.045684785,0.46 E,0.078623268,34.8269616,3.472514656,F,F,82.4 E,19.32302562,133.4450062,16.07721521,0.45199362,0.047561742,F,F,1.266469693,0.17039427,1.619060035,0.193225524
GRAPES AND RAISINS ,40E,Male,19+ Years,6193,12.61071633,6.330421823,0.689470752,F,F,8.97 E,1.984023496,32.77 E,6.605401743,0.078805689,0.008697239,F,F,0.1 E,0.020132794,0.39 E,0.080155556,50.19874887,4.405570757,22.06047726,2.934989622,146.8557186,15.5373096,159.29 E,32.85697954,0.624910491,0.056171318,0.24 E,0.041151574,1.788261035,0.124575175,2.207072606,0.227127246
GRAPES AND RAISINS ,40E,Female,9-13 Years,939,14.53801044,8.099865164,1.255924241,F,F,F,F,48.54 E,8.117745306,0.21088228,0.034243115,F,F,F,F,1.69 E,0.323889589,55.715087,5.860166004,46.24934547,5.431781694,117.8400515,15.91527574,150.29 E,25.48747901,1.450558046,0.1509936,1.03 E,0.231718506,2.982245054,0.351209572,3.7 E,0.714079815
GRAPES AND RAISINS ,40E,Female,14-18 Years,990,10.98723411,5.75 E,1.246178931,F,F,F,F,F,F,0.1 E,0.024340324,F,F,F,F,F,F,52.35 E,9.823582168,F,F,127.1 E,41.17873123,217.29 E,54.07234147,0.93 E,0.191124722,F,F,F,F,4.31 E,1.371572766
GRAPES AND RAISINS ,40E,Female,19-30 Years,992,15.05249632,9.16 E,2.231190717,F,F,F,F,72.22 E,22.07414071,0.13 E,0.027365646,F,F,F,F,1.08 E,0.277482914,60.87954057,9.253843826,F,F,150.640675,23.51628862,153.7835322,8.165415478,0.874209072,0.11219344,0.74 E,0.239541539,1.970232625,0.281289961,2.01 E,0.336430093
GRAPES AND RAISINS ,40E,Female,31-50 Years,2384,13.89914698,8.86 E,1.503495982,F,F,F,F,72.24 E,13.55937889,0.132466372,0.021300299,F,F,F,F,0.96 E,0.193923303,63.74435937,9.310303,45.25 E,10.8531622,148.8265482,16.86906242,F,F,0.953053973,0.130054792,0.59 E,0.13490913,2.19 E,0.414730355,3.31 E,1.00757816
GRAPES AND RAISINS ,40E,Female,51-70 Years,2314,15.08215346,8.005595461,1.107701439,F,F,F,F,48.66 E,12.52143528,0.116231542,0.015750009,F,F,0.21 E,0.070753426,0.76252803,0.12168088,53.07992313,5.917116902,24.86 E,6.033845716,118.0423387,19.65267728,159.37 E,48.64802308,0.770656142,0.081921198,0.37 E,0.083399683,1.830845168,0.205451914,2.739140981,0.441184689
GRAPES AND RAISINS ,40E,Female,71+ Years,1448,18.4455031,7.081855492,1.127508403,F,F,F,F,48.67032928,6.565214399,0.11 E,0.018534174,F,F,F,F,0.755216445,0.106492238,38.3933984,4.57835432,18.11 E,4.397096193,97.8 E,18.84694133,141.9784769,19.27883881,0.594986584,0.078230831,0.3 E,0.068676751,1.385719035,0.173604968,1.92 E,0.450817986
GRAPES AND RAISINS ,40E,Female,19+ Years,7138,15.06516442,8.394112518,0.787840123,F,F,13.52 E,3.487790049,59.77 E,10.38374904,0.124030124,0.010936833,F,F,0.22 E,0.048322844,0.886438595,0.099392969,55.7186917,4.15380595,31.39487786,4.578935234,146.8358715,13.75572967,159.3646895,16.2538016,0.823290875,0.057902237,0.478566177,0.070376995,1.897332368,0.139699224,2.642240894,0.376635346
MELONS (CANTELOUP- HONEYDEW- WATERMELON) ,40F,Both,All ages,19670,4.916023558,12.7984359,1.207879626,F,F,F,.,F,.,0.244668705,0.019158606,F,F,F,.,F,.,260.3412239,18.67225925,143.3614721,8.625967766,678.3752121,68.74005333,782.75 E,144.0505041,4.97922738,0.300754079,2.450467552,0.21244177,12.44013599,0.864498965,15.52881146,0.948177621
MELONS (CANTELOUP- HONEYDEW- WATERMELON) ,40F,Both,1-3 Years,1288,8.168405647,18.77 E,3.261104282,F,F,F,.,F,F,1.46 E,0.265220438,F,F,F,.,F,F,229.7344979,25.99894738,137.58 E,30.7690842,627.15 E,122.9293406,675.1259424,65.50723709,17.51379314,2.205044847,11.55 E,2.353941523,45.09 E,9.774512778,54.1 E,10.91327694
MELONS (CANTELOUP- HONEYDEW- WATERMELON) ,40F,Both,4-8 Years,1199,6.717434819,13.66 E,2.630869075,F,F,F,.,F,F,0.59 E,0.108173032,F,F,F,.,F,F,203.2773669,26.44924945,155.3133589,23.07620102,361.92 E,86.64889787,545.21 E,126.7867597,8.800430783,0.961694429,7.699034591,1.011461562,14.70431477,2.362374174,22.05 E,4.341847138
MELONS (CANTELOUP- HONEYDEW- WATERMELON) ,40F,Both,9-13 Years,1962,6.344443673,15.99 E,2.669162193,F,F,F,.,F,F,0.4 E,0.06915971,F,F,F,.,F,F,252.0757106,30.51224061,160.5327909,22.4724997,463.04 E,104.3560869,775.79 E,187.916746,6.289360422,0.785330681,4.263592817,0.597331481,12.26 E,2.796084724,20.79 E,5.231864161
MELONS (CANTELOUP- HONEYDEW- WATERMELON) ,40F,Both,14-18 Years,1890,4.566299942,18.67 E,5.769052024,F,F,F,.,F,.,0.3 E,0.094515734,F,F,F,.,F,.,408.95 E,91.99142891,211.59 E,60.00723547,F,F,1548.25 E,442.932018,6.63 E,1.538289294,3.49 E,0.725116665,F,F,29.48 E,9.786757417
MELONS (CANTELOUP- HONEYDEW- WATERMELON) ,40F,Both,19-30 Years,1849,4.605927074,14.63 E,4.647431331,F,F,F,.,F,.,F,F,F,F,F,.,F,.,317.62 E,68.41052444,F,F,719.29 E,131.4391726,738.93 E,146.3375862,4.76 E,1.176285145,F,F,12.2 E,2.587282596,12.59902941,1.688637565
MELONS (CANTELOUP- HONEYDEW- WATERMELON) ,40F,Both,31-50 Years,4389,3.751262152,10.97 E,2.626930244,F,F,F,.,F,.,0.15 E,0.03269406,F,F,F,.,F,.,292.56 E,53.47084434,161.71 E,42.27430054,693.19 E,164.1008018,850.24 E,281.3055631,3.87 E,0.645471209,2.5 E,0.622274426,10.57 E,2.729009188,12.53 E,2.351046038
MELONS (CANTELOUP- HONEYDEW- WATERMELON) ,40F,Both,51-70 Years,4465,5.442326288,11.71502611,1.754697794,F,F,F,.,F,F,0.152962748,0.021544328,F,F,F,.,F,F,215.2576948,29.6084811,83.12 E,20.63320345,559.11 E,142.3413743,859.42 E,258.1377527,2.810613327,0.351620178,1.529365844,0.224185426,7.39 E,1.92423516,10.5 E,1.912172989
MELONS (CANTELOUP- HONEYDEW- WATERMELON) ,40F,Both,71+ Years,2628,4.911438792,11.31 E,2.431031948,F,F,F,.,F,.,0.15 E,0.030156868,F,F,F,.,F,.,230.2967894,35.71202645,131.06 E,31.44090843,566.38 E,129.5423564,572 E,159.2618537,3.011734054,0.432974767,1.89 E,0.423335274,6.606583412,1.05978605,7.842946417,1.049372919
MELONS (CANTELOUP- HONEYDEW- WATERMELON) ,40F,Both,1-18 Years,6339,6.24227714,16.56901536,1.965469075,F,F,F,.,76.96 E,19.00980435,0.59170351,0.060406843,F,F,F,.,2.55 E,0.783485689,265.4322292,25.52268203,160.0497111,15.56202333,565.2122711,82.18075812,766.05 E,205.241143,9.472108703,0.737332195,5.748029646,0.512033468,21.87775883,3.402272343,29.59293318,3.655510683
MELONS (CANTELOUP- HONEYDEW- WATERMELON) ,40F,Both,19+ Years,13331,4.590283383,11.87234662,1.453898852,F,F,F,.,F,.,0.160447591,0.01963816,F,F,F,.,F,.,258.6408209,24.05540858,135.9130582,15.25829404,692.5000206,73.86429767,780.15 E,193.8639208,3.495374418,0.321425332,1.946947531,0.218838298,8.74 E,1.56065357,12.5838119,1.3395454
MELONS (CANTELOUP- HONEYDEW- WATERMELON) ,40F,Male,9-13 Years,1023,4.201856769,13.09 E,3.698450471,F,F,F,.,F,.,0.33 E,0.09105001,F,F,F,.,F,.,311.64 E,74.87485692,154.82 E,45.1188227,F,F,1118.78 E,319.086107,7.75 E,1.844562938,3.95 E,1.258099487,F,F,27.18 E,8.899096298
MELONS (CANTELOUP- HONEYDEW- WATERMELON) ,40F,Male,14-18 Years,900,4.140322455,F,F,F,F,F,.,F,.,F,F,F,F,F,.,F,.,653.27 E,167.6680564,F,F,1579.48 E,446.1802695,1793.39 E,423.7500401,10.21 E,2.906885014,F,F,F,F,30.65 E,7.838417393
MELONS (CANTELOUP- HONEYDEW- WATERMELON) ,40F,Male,19-30 Years,857,F,F,F,F,F,F,.,F,.,F,F,F,F,F,.,F,.,F,F,F,.,F,.,F,.,F,F,F,.,F,.,F,.
MELONS (CANTELOUP- HONEYDEW- WATERMELON) ,40F,Male,31-50 Years,2005,3.69997881,13.27 E,4.34196766,F,F,F,.,F,.,0.16 E,0.049336123,F,F,F,.,F,.,358.63 E,94.02941013,F,F,831.05 E,228.9024046,1121.06 E,289.2298758,4.22 E,1.062262606,F,F,10.63 E,2.92492853,12.95 E,3.176777829
MELONS (CANTELOUP- HONEYDEW- WATERMELON) ,40F,Male,51-70 Years,2151,5.360679462,13.42 E,3.01565282,F,F,F,.,F,F,0.16 E,0.032910848,F,F,F,.,F,F,250.28 E,53.01389689,F,F,F,F,1384.49 E,438.632541,2.94 E,0.589418825,1.14 E,0.299474739,8.1 E,2.446036576,F,F
MELONS (CANTELOUP- HONEYDEW- WATERMELON) ,40F,Male,71+ Years,1180,5.899866248,F,F,F,F,F,.,F,F,F,F,F,F,F,.,F,F,245.39 E,63.58149919,F,F,568.45 E,145.0764183,571.43 E,160.1457811,2.92 E,0.743543033,F,F,6.6 E,1.595301259,7.68 E,1.335684143
MELONS (CANTELOUP- HONEYDEW- WATERMELON) ,40F,Male,19+ Years,6193,4.372597515,12.6601793,2.030594322,F,F,F,.,F,.,0.149080785,0.022878637,F,F,F,.,F,.,289.5345216,38.78018081,134.85 E,23.47901096,694.76 E,219.6262984,1388.57 E,367.1278017,3.409433064,0.436715782,1.57 E,0.297222703,8.29 E,1.729855794,14.34 E,3.179894585
MELONS (CANTELOUP- HONEYDEW- WATERMELON) ,40F,Female,9-13 Years,939,8.599413005,19.04 E,3.597833212,F,F,F,.,160.26 E,38.52265502,0.48 E,0.096580688,F,F,F,.,3.87 E,1.152831863,221.4465109,23.13411121,160.6074619,24.31545998,434.06 E,81.54961574,495.59 E,150.1447975,5.540750564,0.626277449,4.234640705,0.65585993,11.3 E,2.738893492,13.9 E,3.598023516
MELONS (CANTELOUP- HONEYDEW- WATERMELON) ,40F,Female,14-18 Years,990,5.0167023,9.82 E,2.397712377,F,F,F,.,F,F,0.18 E,0.045623726,F,F,F,.,F,F,195.7402116,22.29462393,155.1656115,16.99014698,353.77 E,78.23285831,469.66 E,87.78059907,3.513915048,0.507523055,2.6 E,0.522860024,7.5 E,1.748033383,8.29984924,1.286963279
MELONS (CANTELOUP- HONEYDEW- WATERMELON) ,40F,Female,19-30 Years,992,6.315603407,F,F,F,F,F,.,F,F,F,F,F,F,F,.,F,F,332.42 E,86.85186068,F,F,667.86 E,149.2095597,715.9 E,143.783332,5.47 E,1.549305605,F,F,12.29 E,3.1012259,12.55 E,2.448340681
MELONS (CANTELOUP- HONEYDEW- WATERMELON) ,40F,Female,31-50 Years,2384,3.800338403,8.78 E,2.403027029,F,F,F,.,F,.,0.13 E,0.03550446,F,F,F,.,F,.,231.01 E,45.32050763,135.52 E,39.91906669,564.93 E,108.665457,681.2484191,102.554702,3.54 E,0.66004572,2.33 E,0.749648693,8.08 E,1.901869798,10.76 E,2.256993434
MELONS (CANTELOUP- HONEYDEW- WATERMELON) ,40F,Female,51-70 Years,2314,5.522113294,10.05 E,1.806640711,F,F,F,.,F,F,0.15 E,0.027026265,F,F,F,.,F,F,182.0332341,29.99967365,81.1 E,23.40994771,F,F,702.22 E,149.9974186,2.690703156,0.406708836,1.712229851,0.238722489,F,F,9.75 E,2.440274613
MELONS (CANTELOUP- HONEYDEW- WATERMELON) ,40F,Female,71+ Years,1448,4.128429731,8.8 E,2.109406533,F,F,F,.,F,.,0.13 E,0.030527073,F,F,F,.,F,.,213.2147081,34.34330586,F,F,F,F,F,F,3.11 E,0.525565182,2.11 E,0.620523331,5.72 E,1.339026357,7.38 E,2.288612815
MELONS (CANTELOUP- HONEYDEW- WATERMELON) ,40F,Female,19+ Years,7138,4.800445897,11.11 E,1.897586557,F,F,F,.,F,.,0.17 E,0.029729396,F,F,F,.,F,.,231.4731204,27.50730552,128.4196716,19.584256,666.8328562,106.0250249,724.7339694,62.09351111,3.570950633,0.437728927,2.019005642,0.242688552,9.61 E,2.090776456,12.56091793,1.678075308
PEACHES- NECTARINES ,40G,Both,All ages,19670,3.627373884,5.001606112,0.385095855,F,F,F,.,F,.,0.093280815,0.006994014,F,F,F,.,F,.,137.885045,6.770327801,146.2823465,5.763732851,262.0941715,25.98225652,295.954773,15.62683382,2.566406006,0.148233359,2.041974236,0.122047822,4.894329177,0.348507636,6.274463045,0.586118067
PEACHES- NECTARINES ,40G,Both,1-3 Years,1288,3.979121631,4.12 E,1.054171669,F,F,F,.,F,.,0.33 E,0.082372426,F,F,F,.,F,.,103.4297322,10.91202786,F,F,149.3693227,2.67585132,149.9414919,18.44022002,7.746951083,0.854030444,7.06 E,1.943763184,12.80212232,1.599016257,15.12614277,1.348117301
PEACHES- NECTARINES ,40G,Both,4-8 Years,1199,5.701038258,7.41 E,1.60287513,F,F,F,.,F,F,0.32 E,0.072242462,F,F,F,.,F,F,130.001949,16.92490196,125.2800496,11.15531633,251.7 E,68.8445134,325.4 E,64.67031066,5.599469648,0.823176449,4.81544018,0.636017884,11.36 E,3.758932263,16.84 E,3.581698017
PEACHES- NECTARINES ,40G,Both,9-13 Years,1962,3.23154274,4.39 E,0.815554262,F,F,F,.,F,.,0.11 E,0.020549331,F,F,F,.,F,.,135.8992594,11.15945976,140.1917531,10.02153358,174.55 E,44.49218674,262.46 E,45.6972919,3.337472768,0.304498406,3.14754962,0.337104454,5.229851266,0.561358315,6.424379429,0.726793552
PEACHES- NECTARINES ,40G,Both,14-18 Years,1890,2.917959279,5.35 E,1.640203569,F,F,F,.,F,.,0.08 E,0.021224508,F,F,F,.,F,.,183.45 E,41.3321613,139.9632443,11.48706179,F,F,F,F,2.777065285,0.444133147,2.270817071,0.260042741,5.25 E,1.534884573,6.46 E,1.768814911
PEACHES- NECTARINES ,40G,Both,19-30 Years,1849,3.179885595,F,F,F,F,F,.,F,.,F,F,F,F,F,.,F,.,83.69 E,26.44745149,F,F,149.2830086,11.56402732,149.85 E,31.04731865,1.32 E,0.409566089,F,F,2.36 E,0.398379791,3.082823431,0.472917148
PEACHES- NECTARINES ,40G,Both,31-50 Years,4389,3.138631273,4.96 E,0.97182928,F,F,F,.,F,.,0.07 E,0.014106981,F,F,F,.,F,.,158.1769581,12.58284112,147.9037422,2.627759379,290.0926057,31.62980907,297.2568178,15.51990837,2.184740545,0.219143682,1.77 E,0.314962113,3.524457519,0.542679494,4.448592771,0.532305352
PEACHES- NECTARINES ,40G,Both,51-70 Years,4465,3.790200935,5.601947555,0.677493855,F,F,F,.,F,.,0.073442772,0.009063666,F,F,F,.,F,.,147.8008066,10.07291171,144.513197,6.771577124,268.3877243,32.2876276,299.86 E,69.22316913,1.93770128,0.135944633,1.742263511,0.12887224,3.703421619,0.477545093,4.562620388,0.483520003
PEACHES- NECTARINES ,40G,Both,71+ Years,2628,4.692314867,5.8 E,1.012879909,F,F,F,.,F,.,0.09 E,0.019671253,F,F,F,.,F,.,123.5599146,10.38948275,132.5563946,11.01809715,173.67 E,56.85207845,283.2770935,44.2128691,1.998333934,0.240130716,1.885379317,0.189563771,4.128445242,0.625253319,4.612350595,0.511941154
PEACHES- NECTARINES ,40G,Both,1-18 Years,6339,3.957089942,5.466598958,0.709175591,F,F,F,.,F,.,0.194500076,0.025398014,F,F,F,.,F,.,138.1469473,11.57643623,134.1489565,8.582331927,207.85 E,52.2750505,305.09 E,50.92527544,4.864321293,0.40731119,4.027032601,0.477796643,9.56 E,1.655028151,14.46541005,2.249662024
PEACHES- NECTARINES ,40G,Both,19+ Years,13331,3.546392563,4.887399558,0.459823417,F,F,F,.,F,.,0.068716135,0.006838898,F,F,F,.,F,.,137.81327,7.896049029,146.4693536,5.236489814,265.888218,27.30953033,295.505629,11.58206334,1.937634756,0.11878748,1.741690581,0.120000284,3.703065768,0.327202528,4.47274331,0.223594467
PEACHES- NECTARINES ,40G,Male,9-13 Years,1023,F,4.33 E,1.216636839,F,F,F,.,F,.,0.11 E,0.031705494,F,F,F,.,F,.,F,F,F,.,F,.,F,.,F,F,F,.,F,.,F,.
PEACHES- NECTARINES ,40G,Male,14-18 Years,900,F,F,F,F,F,F,.,F,.,F,F,F,F,F,.,F,.,F,F,F,.,F,.,F,.,F,F,F,.,F,.,F,.
PEACHES- NECTARINES ,40G,Male,19-30 Years,857,F,F,F,F,F,F,.,F,.,F,F,F,F,F,.,F,.,F,F,F,.,F,.,F,.,F,F,F,.,F,.,F,.
PEACHES- NECTARINES ,40G,Male,31-50 Years,2005,3.31247914,5.66 E,1.520203092,F,F,F,.,F,.,0.06 E,0.016539758,F,F,F,.,F,.,170.8741999,18.21387685,148.259356,12.94983915,294.2409448,44.64313227,298.4551724,24.18382152,1.876569209,0.197794416,1.656162093,0.158088688,3.091631973,0.414150747,3.373539686,0.315528322
PEACHES- NECTARINES ,40G,Male,51-70 Years,2151,2.920219421,5.39 E,1.099608388,F,F,F,.,F,.,0.07 E,0.014348404,F,F,F,.,F,.,184.5752579,18.49979591,143.5511213,8.666928269,400.78 E,86.53917495,434.3052322,56.80220687,2.330507623,0.258180721,1.742017158,0.148834181,4.553698452,0.674592786,5.47931522,0.72856688
PEACHES- NECTARINES ,40G,Male,71+ Years,1180,3.310587523,3.65 E,1.163828057,F,F,F,.,F,.,F,F,F,F,F,.,F,.,110.38 E,26.04128054,F,F,286.54 E,75.07650665,319.29 E,57.78711435,1.43 E,0.379942799,F,F,3.65 E,1.041586367,4.52 E,1.097077941
PEACHES- NECTARINES ,40G,Male,19+ Years,6193,2.878003303,4.504588516,0.659402249,F,F,F,.,F,.,0.053469127,0.007603378,F,F,F,.,F,.,156.5178369,13.27786597,147.2291698,4.28815352,294.5430327,21.2349007,340.3520744,42.01846392,1.857854962,0.160636194,1.657672631,0.063018887,3.438187155,0.424669729,4.537100858,0.550783277
PEACHES- NECTARINES ,40G,Female,9-13 Years,939,3.907415471,4.46 E,1.109546273,F,F,F,.,F,.,0.11 E,0.026501852,F,F,F,.,F,.,114.061642,13.24536506,134.0300633,21.44662815,149.2499329,11.28480073,162.928457,21.65258203,2.749463705,0.343576598,3.06 E,0.518001192,4.579441753,0.478873569,4.69653423,0.655219955
PEACHES- NECTARINES ,40G,Female,14-18 Years,990,F,4.19 E,1.06518259,F,F,F,.,F,.,0.07 E,0.019387339,F,F,F,.,F,.,F,F,F,.,F,.,F,.,F,F,F,.,F,.,F,.
PEACHES- NECTARINES ,40G,Female,19-30 Years,992,F,F,F,F,F,F,.,F,.,F,F,F,F,F,.,F,.,F,F,F,.,F,.,F,.,F,F,F,.,F,.,F,.
PEACHES- NECTARINES ,40G,Female,31-50 Years,2384,2.972265327,4.3 E,1.126160956,F,F,F,.,F,.,0.07 E,0.021370846,F,F,F,.,F,.,144.6353565,18.61774282,140.6241257,16.18480042,230.7767021,31.42519238,282.0569703,41.70848619,2.51340511,0.363338555,2.57 E,0.575774335,4.436354984,0.576558223,4.49 E,0.759268542
PEACHES- NECTARINES ,40G,Female,51-70 Years,2314,4.640365285,5.809064722,0.956911103,F,F,F,.,F,.,0.08 E,0.013309105,F,F,F,.,F,.,125.1855051,11.28348219,134.716568,12.77872316,196.5243243,28.04878707,259.541961,36.0647741,1.696135911,0.15363173,1.705197106,0.271583066,2.604069899,0.357020369,3.727739406,0.564599286
PEACHES- NECTARINES ,40G,Female,71+ Years,1448,5.786886881,7.5 E,1.600151903,F,F,F,.,F,F,0.13 E,0.033131426,F,F,F,.,F,F,129.5348115,8.976855037,136.307219,10.59672357,149.82 E,31.03815036,195.99 E,60.26558959,2.25399924,0.27616408,1.994588162,0.221113927,4.10866078,0.650989353,4.16618374,0.444957308
PEACHES- NECTARINES ,40G,Female,19+ Years,7138,4.191681894,5.256980425,0.636131649,F,F,F,.,F,.,0.083436197,0.011068564,F,F,F,.,F,.,125.4145844,9.711313542,145.2848616,7.906292991,215.573885,25.18610082,259.7648681,23.55873388,1.990518343,0.166947385,2.042032641,0.169604585,3.990605793,0.406968606,4.441811251,0.254864788
PEARS ,40H,Both,All ages,19670,4.099808974,5.934978165,0.479483159,F,F,F,.,F,.,0.11046164,0.009019229,F,F,F,.,F,.,144.7623097,4.97609982,173.4936207,4.673044556,191.1148746,25.98663509,270.9783103,44.4697746,2.690548432,0.126393419,2.373632946,0.089965739,4.869028061,0.659581727,7.584287802,0.858052618
PEARS ,40H,Both,1-3 Years,1288,6.583349978,6.13 E,1.522629008,F,F,F,.,F,F,0.46 E,0.109149849,F,F,F,.,F,F,93.07891516,11.04141967,85.67594178,12.50340461,175.5187433,10.51736489,176.8976491,2.653100115,6.600917253,0.752877233,5.37 E,1.034692238,11.80935392,1.666620555,14.68541475,1.348426009
PEARS ,40H,Both,4-8 Years,1199,5.486208149,7.2 E,1.696711499,F,F,F,.,F,F,0.31 E,0.073395364,F,F,F,.,F,F,131.2189179,13.85910404,172.54 E,52.14901572,177.4788435,16.84693511,190.33 E,38.58292678,5.678902564,0.647094615,5.91 E,1.333899791,9.895095076,0.7620637,10.5153224,1.147059452
PEARS ,40H,Both,9-13 Years,1962,3.927853878,5.63 E,0.979223665,F,F,F,.,F,.,0.13 E,0.022550912,F,F,F,.,F,.,143.3658595,9.718161403,134.35 E,31.4488365,183.3594242,28.82915011,227.54 E,46.00846965,3.269815709,0.26992972,2.708822175,0.21576686,5.216227428,0.510904044,6.575951824,1.084120331
PEARS ,40H,Both,14-18 Years,1890,3.080788739,4.16 E,1.04251757,F,F,F,.,F,.,0.06 E,0.016976429,F,F,F,.,F,.,135.0626354,15.15217976,154.62 E,33.20764266,173.9582395,4.041760541,176.3758046,7.427670892,2.105282255,0.289578674,2.57 E,0.674265632,3.33983063,0.174542847,3.410702809,0.10763874
PEARS ,40H,Both,19-30 Years,1849,4.101974344,F,F,F,F,F,.,F,.,F,F,F,F,F,.,F,.,145.4857175,14.52923515,168.5019326,23.94281008,176.6405454,6.465084548,177.657872,21.61732436,2.145665844,0.234410434,2.6 E,0.532140981,3.056993701,0.16552287,3.103492793,0.180135428
PEARS ,40H,Both,31-50 Years,4389,3.403172782,5.4022408,0.75369195,F,F,F,.,F,.,0.07645453,0.011219252,F,F,F,.,F,.,158.7413025,10.91327248,168.8791368,10.00963813,219.04 E,49.42389313,303.3796073,42.28816054,2.246566203,0.174260289,2.081048035,0.142883007,3.774259176,0.376990865,4.15 E,1.054846778
PEARS ,40H,Both,51-70 Years,4465,3.844310108,5.674534777,0.941816469,F,F,F,.,F,.,0.079384601,0.012882735,F,F,F,.,F,.,147.6086636,11.24126816,157.6778303,19.61707096,228.38 E,42.81860168,261.29 E,61.41214317,2.06498952,0.158122796,2.282021625,0.115340549,3.639446678,0.416906388,4.076452606,0.347128118
PEARS ,40H,Both,71+ Years,2628,6.072377388,8.72 E,1.536994972,F,F,F,.,F,F,0.13 E,0.027387892,F,F,F,.,F,F,143.6047264,13.57270918,168.9197431,16.10655568,229.2772324,25.22999053,263.9007466,37.91893242,2.091098137,0.306019535,1.855950936,0.236338775,F,F,F,F
PEARS ,40H,Both,1-18 Years,6339,4.562873973,5.730825873,0.68427928,F,F,F,.,F,.,0.213623748,0.028641113,F,F,F,.,F,.,125.5968476,6.380834817,130 E,25.40998044,177.3134123,0.686587702,177.99 E,30.75894324,4.646203636,0.344999615,3.365804579,0.318174292,10.33502691,0.612448751,10.67554031,0.892603504
PEARS ,40H,Both,19+ Years,13331,3.986075917,5.985119861,0.582673435,F,F,F,.,F,.,0.085425455,0.008853108,F,F,F,.,F,.,150.1506741,6.005205327,170.1365432,7.863456778,228.3944276,28.10719444,292.6243762,45.20159252,2.143096541,0.100503572,2.234442678,0.106231925,3.427399408,0.211430252,4.139263177,0.457577939
PEARS ,40H,Male,9-13 Years,1023,4.126739176,6.4 E,1.401924436,F,F,F,.,F,.,0.15 E,0.033958881,F,F,F,.,F,.,155.1063467,16.97101805,158.61 E,30.7972315,188.72 E,39.24289502,255.6 E,51.79855486,3.617600701,0.448193232,2.61 E,0.463001798,5.490135947,0.871474956,6.9 E,1.391005816
PEARS ,40H,Male,14-18 Years,900,F,F,F,F,F,F,.,F,.,F,F,F,F,F,.,F,.,F,F,F,.,F,.,F,.,F,F,F,.,F,.,F,.
PEARS ,40H,Male,19-30 Years,857,F,F,F,F,F,F,.,F,.,F,F,F,F,F,.,F,.,F,F,F,.,F,.,F,.,F,F,F,.,F,.,F,.
PEARS ,40H,Male,31-50 Years,2005,2.038475399,3.66 E,0.875799969,F,F,F,.,F,.,0.05 E,0.011502344,F,F,F,.,F,.,179.3681347,16.72956345,170.3076923,7.653355813,246.01 E,49.41986234,284.4 E,69.30322169,2.268778928,0.254751287,2.079177556,0.072969069,3.35 E,0.681189618,3.72 E,1.216457422
PEARS ,40H,Male,51-70 Years,2151,2.681972926,4.02 E,1.199135331,F,F,F,.,F,.,0.05 E,0.015162441,F,F,F,.,F,.,150.05 E,27.03775931,153.02 E,35.75905697,297.56 E,72.18211689,340.16 E,65.33735013,1.89 E,0.354188256,1.95 E,0.489855054,4.14 E,0.872211365,4.48618737,0.673522105
PEARS ,40H,Male,71+ Years,1180,7.308586345,11.2 E,2.157366085,F,F,F,.,F,F,0.14 E,0.02767609,F,F,F,.,F,F,153.1809003,10.46804055,169.0211611,9.579394293,228.5928542,26.99923965,229.3235811,15.36497206,1.940665712,0.138890967,2.1986676,0.217012816,2.746038338,0.134530828,2.920690311,0.193285229
PEARS ,40H,Male,19+ Years,6193,3.231780825,5.148187687,0.800027118,F,F,F,.,F,.,0.066679261,0.011098856,F,F,F,.,F,.,159.2987881,10.05783582,169.3344102,8.749225184,228.43 E,40.67532544,289.95 E,51.06661057,2.063235874,0.148244333,2.183878974,0.134079045,2.81 E,0.512429317,3.849410691,0.492247174
PEARS ,40H,Female,9-13 Years,939,3.718536698,4.82 E,1.205157656,F,F,F,.,F,.,0.11 E,0.026684854,F,F,F,.,F,.,129.6531505,12.33640627,111.9226085,12.85275205,177.8306778,23.68269334,210.7 E,36.5570289,2.863608171,0.354739617,2.76 E,0.478321007,5.031220592,0.691459102,5.211464761,0.83518823
PEARS ,40H,Female,14-18 Years,990,F,F,F,F,F,F,.,F,.,F,F,F,F,F,.,F,.,F,F,F,.,F,.,F,.,F,F,F,.,F,.,F,.
PEARS ,40H,Female,19-30 Years,992,3.853658426,F,F,F,F,F,.,F,.,F,F,F,F,F,.,F,.,132.416248,14.31435185,165.07 E,47.0376153,177.2231524,26.12456388,202.58 E,35.35278503,2.098829836,0.260410505,2.05 E,0.611407075,3.135799301,0.175650653,3.192071652,0.342619731
PEARS ,40H,Female,31-50 Years,2384,4.709137441,7.07 E,1.265771206,F,F,F,.,F,.,0.11 E,0.019564848,F,F,F,.,F,.,150.196703,13.27765695,168.138919,16.12574779,205.67 E,52.6975236,309.23 E,55.46895671,2.237364653,0.231282469,2.127024596,0.284611795,3.633591952,0.487622726,4.32 E,0.926484072
PEARS ,40H,Female,51-70 Years,2314,4.980170604,7.29 E,1.372210587,F,F,F,.,F,.,0.11 E,0.019802716,F,F,F,.,F,.,146.3231325,9.432040119,158.2057877,19.33298625,179.4972467,22.02408496,209.1188562,21.59246769,2.158627416,0.142961755,2.370948116,0.083372091,3.492733722,0.407889668,3.675363755,0.25504974
PEARS ,40H,Female,71+ Years,1448,5.093081629,6.76 E,2.164591988,F,F,F,.,F,F,F,F,F,F,F,.,F,F,132.72 E,28.45367395,F,F,266.25 E,55.9333528,311.12 E,63.48723165,2.26 E,0.62687659,1.54 E,0.49808368,5.73 E,1.694794025,6.67 E,1.858743964
PEARS ,40H,Female,19+ Years,7138,4.714302124,6.793127162,0.832312565,F,F,F,.,F,.,0.103523769,0.013673012,F,F,F,.,F,.,144.0961352,7.462229626,169.3936368,9.260767671,199.1110938,29.85356817,267.22 E,45.26637635,2.195951099,0.136920359,2.252358615,0.161624174,3.574252134,0.218923293,4.16 E,0.825282042
PINEAPPLE ,40I,Both,All ages,19670,4.318847694,2.842122139,0.263990509,F,F,F,.,F,.,0.049069074,0.004453899,F,F,F,.,F,.,65.80741764,3.917427343,44.3299483,5.80141413,152.3282644,14.09159262,167.1416443,5.712408075,1.133670796,0.075464913,0.725097596,0.059278038,2.548837978,0.280976658,3.25983107,0.415180103
PINEAPPLE ,40I,Both,1-3 Years,1288,3.337410495,1.93 E,0.555958285,F,F,F,.,F,.,0.15 E,0.043688402,F,F,F,.,F,.,57.86 E,14.88398087,F,F,159.91 E,35.39893468,176.4437503,22.85016411,4.14 E,1.162193045,F,F,9.96 E,2.916976945,14.96 E,3.54774979
PINEAPPLE ,40I,Both,4-8 Years,1199,3.606812553,2.49 E,0.73299566,F,F,F,.,F,.,0.1 E,0.032071568,F,F,F,.,F,.,69.01 E,12.23472057,F,F,128.89 E,31.45382406,169.67 E,28.31834415,2.88 E,0.622378562,F,F,F,F,F,F
PINEAPPLE ,40I,Both,9-13 Years,1962,3.683296358,4.12 E,1.146209569,F,F,F,.,F,.,0.1 E,0.027143603,F,F,F,.,F,.,111.93 E,18.64826014,F,F,205.14 E,46.07258477,F,F,2.7 E,0.466696811,F,F,5.51 E,1.261962243,7.18 E,1.539308258
PINEAPPLE ,40I,Both,14-18 Years,1890,2.987889815,2.11 E,0.402824795,F,F,F,.,F,.,0.03 E,0.006553529,F,F,F,.,F,.,70.71550976,8.38381884,58.56 E,10.58487783,126.6313358,11.15925801,166.03 E,34.64305907,1.118520832,0.140757117,0.89 E,0.180544083,1.735155729,0.249662816,2.44 E,0.696635234
PINEAPPLE ,40I,Both,19-30 Years,1849,5.224022485,3.73 E,0.963161687,F,F,F,.,F,F,0.05 E,0.013031337,F,F,F,.,F,F,71.44603843,7.152480429,63.73 E,14.45690646,129.7250968,20.73323522,133.1965251,18.44951231,1.044507776,0.102414725,1.07 E,0.178482686,1.92 E,0.418104164,2.437799387,0.373610211
PINEAPPLE ,40I,Both,31-50 Years,4389,4.615092905,2.995294892,0.491137232,F,F,F,.,F,.,0.039482797,0.006125322,F,F,F,.,F,.,64.90215806,7.270510605,43.36 E,8.038927541,148.4962505,21.56576012,167.8452486,12.41803445,0.85551468,0.095005089,0.60392629,0.084042299,1.912674632,0.204072202,2.250990168,0.324794971
PINEAPPLE ,40I,Both,51-70 Years,4465,4.292130229,2.82 E,0.568807408,F,F,F,.,F,.,0.04 E,0.008811276,F,F,F,.,F,.,65.7154638,8.885782396,44.33 E,12.70709519,162.2913794,23.76054527,164.4900517,16.08178629,0.911423373,0.145583387,0.6 E,0.131588487,2.09 E,0.402148821,2.663878388,0.37258943
PINEAPPLE ,40I,Both,71+ Years,2628,4.050347656,1.41 E,0.275443941,F,F,F,.,F,.,0.02 E,0.003391189,F,F,F,.,F,.,34.76392264,5.115389776,20.83 E,4.139066282,86.91 E,17.98873699,110.5559991,18.16929633,0.448190259,0.060734964,0.29 E,0.063608397,0.99420352,0.129686937,1.28 E,0.22268657
PINEAPPLE ,40I,Both,1-18 Years,6339,3.404853037,2.724289245,0.408564448,F,F,F,.,F,.,0.089176134,0.014378358,F,F,F,.,F,.,80.01194809,8.076125314,51.4 E,10.70185647,169.8482447,18.09249042,203.5319685,24.66471016,2.590497896,0.292020307,1.442685674,0.207739668,5.87 E,1.011501244,9.73 E,1.921842935
PINEAPPLE ,40I,Both,19+ Years,13331,4.543333255,2.871062991,0.312846172,F,F,F,.,F,.,0.03933558,0.004294895,F,F,F,.,F,.,63.19287689,4.511772832,44.32383251,5.912462321,142.5342709,17.25498188,164.3492357,4.968283761,0.865786805,0.065204021,0.626718906,0.068879289,1.931981324,0.215240283,2.549207522,0.254739385
PINEAPPLE ,40I,Male,9-13 Years,1023,F,F,F,F,F,F,.,F,.,F,F,F,F,F,.,F,.,F,F,F,.,F,.,F,.,F,F,F,.,F,.,F,.
PINEAPPLE ,40I,Male,14-18 Years,900,F,F,F,F,F,F,.,F,.,F,F,F,F,F,.,F,.,F,F,F,.,F,.,F,.,F,F,F,.,F,.,F,.
PINEAPPLE ,40I,Male,19-30 Years,857,5.715732355,F,F,F,F,F,.,F,F,F,F,F,F,F,.,F,F,76.14288121,10.94140584,74.41 E,16.17514319,130.62 E,27.31599174,132.62 E,22.14123168,0.931904556,0.107528557,1.08 E,0.252266042,1.173794665,0.138434522,1.33 E,0.244246543
PINEAPPLE ,40I,Male,31-50 Years,2005,4.478738036,2.57 E,0.641740548,F,F,F,.,F,.,0.03 E,0.006874449,F,F,F,.,F,.,57.28526884,8.879779148,43.25 E,9.6600605,F,F,167.79 E,38.72065549,0.630022476,0.091831274,0.551190828,0.089077462,F,F,1.92 E,0.439991149
PINEAPPLE ,40I,Male,51-70 Years,2151,3.598984175,2.55 E,0.538485991,F,F,F,.,F,.,0.03 E,0.006833396,F,F,F,.,F,.,70.76149292,8.962122894,67.03 E,17.3899435,162.51 E,28.66654989,196.790004,29.11512245,0.881851178,0.115007494,0.75 E,0.152894154,2.05 E,0.360647709,2.3 E,0.389295239
PINEAPPLE ,40I,Male,71+ Years,1180,3.529151508,1.26 E,0.40961034,F,F,F,.,F,.,0.02 E,0.0048956,F,F,F,.,F,.,35.77 E,9.632295462,F,F,71.01 E,16.44606755,F,F,0.43 E,0.112864181,F,F,0.88 E,0.21673673,F,F
PINEAPPLE ,40I,Male,19+ Years,6193,4.30723949,2.73952254,0.420773471,F,F,F,.,F,.,0.032488587,0.00493211,F,F,F,.,F,.,63.60274478,5.369529965,50.54 E,10.76011998,130.78 E,22.8907331,167.6733719,16.29132379,0.754278632,0.061199793,0.616823972,0.081159294,1.36 E,0.246875958,1.954371434,0.184896741
PINEAPPLE ,40I,Female,9-13 Years,939,5.791679155,F,F,F,F,F,.,F,F,F,F,F,F,F,.,F,F,103.73 E,19.09185664,F,F,201.3654331,32.15977909,219.4150881,30.14157566,2.44 E,0.490145862,F,F,5.03 E,1.137123797,6.28 E,1.284790953
PINEAPPLE ,40I,Female,14-18 Years,990,4.588043326,3.51 E,0.760657901,F,F,F,.,F,.,0.06 E,0.012453785,F,F,F,.,F,.,76.60591955,10.5837582,61.66 E,10.45485666,125.1167363,10.73447175,F,F,1.225066403,0.177979618,0.92 E,0.185253313,1.741923968,0.250704667,F,F
PINEAPPLE ,40I,Female,19-30 Years,992,4.679549209,3.05 E,0.752641356,F,F,F,.,F,.,0.06 E,0.015741785,F,F,F,.,F,.,65.09358438,8.796499006,51.75 E,11.14725106,115.9 E,27.5474714,140.17 E,25.91230161,1.196803013,0.192803092,0.94 E,0.203665599,2.464187707,0.391908375,2.571601761,0.299435375
PINEAPPLE ,40I,Female,31-50 Years,2384,4.745579446,3.41 E,0.739216915,F,F,F,.,F,.,0.05 E,0.010013784,F,F,F,.,F,.,71.78137678,10.08443855,48.12 E,10.50074558,153.1247431,16.70479242,175.2680276,19.26508272,1.05916871,0.137552927,0.77 E,0.200062456,2.052530751,0.314915201,2.823682966,0.46233841
PINEAPPLE ,40I,Female,51-70 Years,2314,4.969487224,3.09 E,0.998149878,F,F,F,.,F,.,F,F,F,F,F,.,F,.,62.14 E,14.25317928,F,F,149.51 E,28.51484737,158.67 E,28.19452522,0.93 E,0.240941751,F,F,2.54 E,0.702390771,2.7 E,0.588595428
PINEAPPLE ,40I,Female,71+ Years,1448,4.463227028,1.52 E,0.372317375,F,F,F,.,F,.,0.02 E,0.004648728,F,F,F,.,F,.,34.13 E,6.150183797,F,F,94.67 E,25.05582797,115.6 E,20.83249139,0.457057807,0.07281661,0.33 E,0.093120907,1.1 E,0.191498488,1.32 E,0.247780572
PINEAPPLE ,40I,Female,19+ Years,7138,4.771267481,2.998057326,0.459017945,F,F,F,.,F,.,0.045945936,0.007009371,F,F,F,.,F,.,62.83565819,6.729633671,42.00810922,5.030872813,149.0292534,17.22498505,160.0009057,8.617504596,0.962971299,0.106418428,0.650243111,0.098717258,2.329300627,0.338017393,2.71160354,0.218228723
PLUMS AND PRUNES ,40J,Both,All ages,19670,1.730030065,1.39 E,0.26059842,F,F,F,.,F,.,0.03 E,0.004681379,F,F,F,.,F,.,80.52 E,13.61075416,65.28 E,12.25563931,F,F,F,F,1.565848097,0.247640002,0.778434472,0.083076441,3.55 E,0.862925664,F,F
PLUMS AND PRUNES ,40J,Both,1-3 Years,1288,F,F,F,F,F,F,.,F,.,F,F,F,F,F,.,F,.,F,F,F,.,F,.,F,.,F,F,F,.,F,.,F,.
PLUMS AND PRUNES ,40J,Both,4-8 Years,1199,F,F,F,F,F,F,.,F,.,F,F,F,F,F,.,F,.,F,F,F,.,F,.,F,.,F,F,F,.,F,.,F,.
PLUMS AND PRUNES ,40J,Both,9-13 Years,1962,F,F,F,F,F,F,.,F,.,F,F,F,F,F,.,F,.,F,F,F,.,F,.,F,.,F,F,F,.,F,.,F,.
PLUMS AND PRUNES ,40J,Both,14-18 Years,1890,F,F,F,F,F,F,.,F,.,F,F,F,F,F,.,F,.,F,F,F,.,F,.,F,.,F,F,F,.,F,.,F,.
PLUMS AND PRUNES ,40J,Both,19-30 Years,1849,F,F,F,F,F,F,.,F,.,F,F,F,F,F,.,F,.,F,F,F,.,F,.,F,.,F,F,F,.,F,.,F,.
PLUMS AND PRUNES ,40J,Both,31-50 Years,4389,0.873184041,F,F,F,F,F,.,F,.,F,F,F,F,F,.,F,.,100.03 E,30.85267319,61.46 E,10.74080535,F,F,F,F,1.34 E,0.377611482,0.9 E,0.22522748,F,F,5.13 E,1.679120407
PLUMS AND PRUNES ,40J,Both,51-70 Years,4465,2.321466911,F,F,F,F,F,.,F,.,F,F,F,F,F,.,F,.,100.98 E,31.78704105,60.13465543,5.901737536,F,F,F,F,F,F,0.867702259,0.06128836,F,F,F,F
PLUMS AND PRUNES ,40J,Both,71+ Years,2628,4.172982438,2.36 E,0.655620718,F,F,F,.,F,.,0.03 E,0.007536401,F,F,F,.,F,.,56.63 E,14.35552134,25.5945548,3.04463331,F,F,F,F,0.77 E,0.155627049,0.415286923,0.063724704,F,F,3.02 E,0.819125199
PLUMS AND PRUNES ,40J,Both,1-18 Years,6339,1.465111717,1.25 E,0.294748294,F,F,F,.,F,.,0.06 E,0.015174791,F,F,F,.,F,.,85.1 E,14.46062839,56.28 E,9.725509481,F,F,222.63 E,73.78228112,3.74 E,0.811553427,2.68 E,0.467911315,F,F,F,F
PLUMS AND PRUNES ,40J,Both,19+ Years,13331,1.795096468,1.43 E,0.324539501,F,F,F,.,F,.,0.02 E,0.00487488,F,F,F,.,F,.,79.6 E,16.0409816,48.69 E,12.45708776,F,F,F,F,1.13 E,0.239670838,0.700802357,0.108655048,F,F,F,F
PLUMS AND PRUNES ,40J,Male,9-13 Years,1023,F,F,F,F,F,F,.,F,.,F,F,F,F,F,.,F,.,F,F,F,.,F,.,F,.,F,F,F,.,F,.,F,.
PLUMS AND PRUNES ,40J,Male,14-18 Years,900,F,F,F,F,F,F,.,F,.,F,F,F,F,F,.,F,.,F,F,F,.,F,.,F,.,F,F,F,.,F,.,F,.
PLUMS AND PRUNES ,40J,Male,19-30 Years,857,F,F,F,F,F,F,.,F,.,F,F,F,F,F,.,F,.,F,F,F,.,F,.,F,.,F,F,F,.,F,.,F,.
PLUMS AND PRUNES ,40J,Male,31-50 Years,2005,F,F,F,F,F,F,.,F,.,F,F,F,F,F,.,F,.,F,F,F,.,F,.,F,.,F,F,F,.,F,.,F,.
PLUMS AND PRUNES ,40J,Male,51-70 Years,2151,2.352467491,1.7 E,0.421586843,F,F,F,.,F,.,0.02 E,0.00512001,F,F,F,.,F,.,72.3884982,8.697788367,61.08737747,5.666252286,118.8921451,19.7998033,130.28 E,25.33723996,0.846083351,0.097415426,0.828811945,0.071449161,1.44 E,0.26071111,1.858823619,0.285583411
PLUMS AND PRUNES ,40J,Male,71+ Years,1180,5.183526361,F,F,F,F,F,.,F,F,F,F,F,F,F,.,F,F,F,F,25.15 E,4.894140541,F,F,F,F,F,F,0.38 E,0.06808612,F,F,3.26 E,1.07158693
PLUMS AND PRUNES ,40J,Male,19+ Years,6193,1.581262719,1.08 E,0.219262235,F,F,F,.,F,.,0.01 E,0.002531322,F,F,F,.,F,.,68.33466683,10.10797537,56.63 E,12.66472514,F,F,F,F,0.815663708,0.108236052,0.73 E,0.150338446,1.45 E,0.408333088,F,F
PLUMS AND PRUNES ,40J,Female,9-13 Years,939,F,F,F,F,F,F,.,F,.,F,F,F,F,F,.,F,.,F,F,F,.,F,.,F,.,F,F,F,.,F,.,F,.
PLUMS AND PRUNES ,40J,Female,14-18 Years,990,F,F,F,F,F,F,.,F,.,F,F,F,F,F,.,F,.,F,F,F,.,F,.,F,.,F,F,F,.,F,.,F,.
PLUMS AND PRUNES ,40J,Female,19-30 Years,992,F,F,F,F,F,F,.,F,.,F,F,F,F,F,.,F,.,F,F,F,.,F,.,F,.,F,F,F,.,F,.,F,.
PLUMS AND PRUNES ,40J,Female,31-50 Years,2384,1.273975611,F,F,F,F,F,.,F,.,F,F,F,F,F,.,F,.,F,F,F,F,F,F,F,F,F,F,1.25 E,0.407592821,F,F,F,F
PLUMS AND PRUNES ,40J,Female,51-70 Years,2314,2.291172488,F,F,F,F,F,.,F,.,F,F,F,F,F,.,F,.,F,F,58.95 E,10.52516695,F,F,F,F,F,F,0.881161873,0.138599412,F,F,F,F
PLUMS AND PRUNES ,40J,Female,71+ Years,1448,3.37245323,1.59 E,0.388830582,F,F,F,.,F,.,0.03 E,0.006128218,F,F,F,.,F,.,47.03 E,9.464994584,26.28 E,7.023485606,F,F,F,F,0.75 E,0.132013535,0.57 E,0.109322823,F,F,F,F
PLUMS AND PRUNES ,40J,Female,19+ Years,7138,2.001539996,F,F,F,F,F,.,F,.,F,F,F,F,F,.,F,.,88.19 E,27.92739305,F,F,F,F,F,F,1.37 E,0.422366063,0.67 E,0.15315595,F,F,F,F
STRAWBERRIES ,40K,Both,All ages,19670,10.07939146,7.008204637,0.395813115,F,F,F,F,52.21612553,3.858324084,0.146744453,0.009076149,F,F,F,F,0.853653533,0.05618071,69.53003726,2.517946768,52.08856226,2.688016038,142.9303698,3.458551783,169.9418867,14.78997566,1.458003794,0.073073053,0.852095054,0.037313577,3.03667915,0.214580412,4.504018865,0.290034893
STRAWBERRIES ,40K,Both,1-3 Years,1288,18.83030227,11.49 E,2.31036181,F,F,36 E,7.145478494,71.99978038,10.74839561,0.88 E,0.206365425,F,F,2.948622776,0.469812316,5 E,0.899692862,60.99791844,8.995667247,43.7812715,5.839503863,131.11 E,32.26111263,183.14 E,49.5375402,4.62 E,0.850372934,3.106935367,0.327102452,F,F,16.51 E,5.113122483
STRAWBERRIES ,40K,Both,4-8 Years,1199,18.00258448,12.72489731,1.549704304,F,F,55.00155245,7.848159401,77.85 E,14.26431237,0.57744803,0.07010708,F,F,2.29814644,0.326168267,4.315579285,0.547387003,70.68372504,4.517106548,59.39979337,6.166140557,141.3566386,13.39460898,157.6626478,15.38084613,3.207584058,0.211128317,2.463018119,0.260180962,6.208334899,0.551887738,8.107108313,0.901782733
STRAWBERRIES ,40K,Both,9-13 Years,1962,11.94033634,9.414360645,1.054997326,F,F,F,F,71.9992267,7.227851146,0.235294849,0.026873881,F,F,F,F,1.818235354,0.243112376,78.84502058,5.7958901,59.4283483,8.24946187,164.5161959,12.57235123,187.6746949,16.57870511,1.970588114,0.151452109,1.442050645,0.157270353,4.362077109,0.501522446,4.861315038,0.649403937
STRAWBERRIES ,40K,Both,14-18 Years,1890,9.853591912,6.698214795,1.059390143,F,F,F,.,56.79838952,8.722391777,0.11 E,0.019012113,F,F,F,.,0.852168811,0.123718235,67.97739194,6.388765245,59.04136632,6.9650902,119.6203882,12.84737211,146.59 E,27.0866902,1.136865617,0.123150696,0.853176593,0.088580084,2.202585499,0.308660338,2.489369533,0.358206492
STRAWBERRIES ,40K,Both,19-30 Years,1849,9.326276432,5.43 E,0.936140804,F,F,F,.,46.4 E,8.647708503,0.08 E,0.014926725,F,F,F,.,0.61 E,0.124669336,58.21579437,5.341820902,47.84240038,7.009667362,107.7677715,8.803869722,117.3970321,7.399853614,0.840776603,0.091246395,0.64833173,0.10011447,1.835812404,0.232273855,1.902140113,0.12974739
STRAWBERRIES ,40K,Both,31-50 Years,4389,9.105396743,6.691995196,0.870028002,F,F,F,.,48.91576702,7.273121523,0.091238428,0.011917834,F,F,F,.,0.592692019,0.092857795,73.49482274,6.303664859,53.32787853,4.552997375,147.220943,8.098233542,169.44 E,31.87999714,1.00202584,0.088193064,0.657124922,0.076345539,2.009008476,0.231668628,2.583602704,0.351016987
STRAWBERRIES ,40K,Both,51-70 Years,4465,9.542114716,6.673577493,0.836549495,F,F,F,.,47.93834285,5.39333441,0.089264525,0.010614335,F,F,F,.,0.63901742,0.093377019,69.93813941,5.684099195,48.91576702,3.950974648,142.0198725,16.66902897,185.8340181,29.41235511,0.935479476,0.071231101,0.702460899,0.075545545,2.089240105,0.263754019,2.369239086,0.168021929
STRAWBERRIES ,40K,Both,71+ Years,2628,7.313949255,5.213372873,0.823614938,F,F,F,.,35.72 E,8.418269803,0.070922745,0.01108386,F,F,F,.,0.49 E,0.101999723,71.27986114,8.498246626,59.16620966,5.970131623,139.9996439,8.619335078,144 E,42.00447605,0.969691515,0.112803272,0.694004853,0.067345436,1.796907445,0.108641469,2.01 E,0.618627714
STRAWBERRIES ,40K,Both,1-18 Years,6339,14.18482627,9.906437164,0.727382003,F,F,35.99991655,3.061620274,71.99983194,2.323984313,0.397058509,0.04018823,F,F,1.128486021,0.162046149,2.594013974,0.252438406,69.83826928,3.240375627,55.24905795,4.323997156,142.3290127,6.802477405,173.7035606,13.55144299,2.804227888,0.220549146,1.943844664,0.131591625,5.761246808,0.432354957,7.58835931,0.710713432
STRAWBERRIES ,40K,Both,19+ Years,13331,9.071058609,6.296371859,0.465289973,F,F,F,.,47.90236541,3.29196386,0.085996285,0.006339134,F,F,F,.,0.603696229,0.048291451,69.41165447,3.392639002,51.35329064,2.785997002,143.0512059,5.247175428,169.5641522,19.28840426,0.948029205,0.045915854,0.669715233,0.044667508,1.973323381,0.091943299,2.447364478,0.148317917
STRAWBERRIES ,40K,Male,9-13 Years,1023,11.82151028,9.59651186,1.391309217,F,F,F,F,71.99902788,10.20766116,0.244091744,0.037377781,F,F,F,F,1.891429535,0.257450438,81.17839118,7.962954688,59.52458402,8.533693407,163.5913426,14.84147396,180.003284,23.20903096,2.064810145,0.221068199,1.64836262,0.218583003,3.79 E,0.749148249,6 E,1.217448141
STRAWBERRIES ,40K,Male,14-18 Years,900,4.694074622,3.53 E,0.760827001,F,F,F,.,F,.,0.05 E,0.011474461,F,F,F,.,F,.,75.24003298,7.661770821,59.93 E,12.3063422,119.8809977,16.15132238,167.91 E,37.04294265,1.117646426,0.141118271,0.86 E,0.246418365,2.114989572,0.332442115,2.608135268,0.406605993
STRAWBERRIES ,40K,Male,19-30 Years,857,7.735257556,4.15 E,1.357129593,F,F,F,.,F,F,F,F,F,F,F,.,F,F,53.7 E,10.01096622,40.78 E,12.55949668,104.08 E,18.75416972,106.7436963,15.27643524,0.78 E,0.185782995,F,F,1.82 E,0.504528582,1.88 E,0.42392791
STRAWBERRIES ,40K,Male,31-50 Years,2005,5.61227628,5.23 E,1.473152887,F,F,F,.,F,F,0.06 E,0.01888057,F,F,F,.,F,F,93.16532224,12.3453376,F,F,150.3713669,13.53675019,168.7286383,24.64367311,1.111794182,0.177608653,F,F,1.931726256,0.16597657,1.996843529,0.275785955
STRAWBERRIES ,40K,Male,51-70 Years,2151,8.306474496,7.01 E,1.447110566,F,F,F,.,51.64 E,11.85770553,0.08 E,0.016889675,F,F,F,.,0.57 E,0.164452753,84.38345544,10.60183751,62.97631892,8.074260168,185.82 E,34.32639778,228.9298884,35.68137697,0.997221744,0.126545623,0.801026568,0.128575529,2.27 E,0.411619862,2.563927061,0.389947609
STRAWBERRIES ,40K,Male,71+ Years,1180,7.619517607,5.78 E,1.54086235,F,F,F,.,F,F,0.07 E,0.019971502,F,F,F,.,0.45 E,0.131687987,75.84 E,17.30188682,54.92557883,6.249007722,138.35 E,44.36374794,F,F,0.94 E,0.227030229,0.624096306,0.057388634,F,F,F,F
STRAWBERRIES ,40K,Male,19+ Years,6193,7.102133387,5.684205283,0.801707619,F,F,F,.,37.12 E,8.532618252,0.069772139,0.010351216,F,F,F,.,0.44 E,0.105396304,80.03518061,6.505778966,59.877301,6.136014396,147.8715842,19.15430488,196.8498121,25.81925148,0.982410985,0.088011048,0.694790624,0.076068878,1.961658888,0.140989155,2.415824179,0.241878119
STRAWBERRIES ,40K,Female,9-13 Years,939,12.06539503,9.22 E,1.610556832,F,F,F,F,72 E,14.56938215,0.23 E,0.039034334,F,F,F,F,1.54 E,0.346172505,76.43890029,8.834853726,54.75 E,13.19990802,155.6199226,18.41256702,187.7311343,21.06470996,1.873428434,0.222377887,1.36 E,0.229884741,4.426766397,0.697206263,4.841855288,0.423397845
STRAWBERRIES ,40K,Female,14-18 Years,990,15.30894773,10.05 E,2.027930448,F,F,38.34 E,11.40923467,71.99986726,10.98657014,0.17 E,0.037335516,F,F,0.72 E,0.183499208,1.27 E,0.260425086,65.6228131,8.284267618,54.82434657,7.341156682,118.5085684,19.26713279,146.11 E,35.8638539,1.14309656,0.158357878,0.843086891,0.093066836,2.15 E,0.377740723,2.47 E,0.532928003
STRAWBERRIES ,40K,Female,19-30 Years,992,11.08802114,6.84 E,1.37211023,F,F,F,F,59.55258189,9.099944136,0.1 E,0.020115316,F,F,F,F,0.72 E,0.171710127,61.70693411,6.011404573,50.39 E,8.597839396,113.8556436,11.04404,122.1441956,19.3968655,0.886427321,0.088526777,0.71 E,0.120465831,1.602181056,0.146211164,1.858914525,0.157512296
STRAWBERRIES ,40K,Female,31-50 Years,2384,12.44818316,8.092318811,1.109416193,F,F,23.89 E,6.697686352,56.72826355,6.196574564,0.11883864,0.016731316,F,F,0.31 E,0.086162239,0.82 E,0.157269509,65.00803136,6.717599368,47.86073517,5.28016917,140.9564082,17.72480647,176.31 E,43.66541498,0.954666544,0.10289053,0.6 E,0.10381747,2.159932139,0.342772388,2.6 E,0.482997658
STRAWBERRIES ,40K,Female,51-70 Years,2314,10.74960849,6.345511925,0.794909081,F,F,F,F,47.91247817,5.016762841,0.095548599,0.012405765,F,F,F,F,0.687252045,0.091052137,59.03016774,5.202200178,47.81516579,4.661024305,116.3737384,16.6961375,140.410288,9.793203484,0.888856549,0.081850162,0.629707374,0.066683814,1.857817814,0.250797651,2.335795418,0.282707313
STRAWBERRIES ,40K,Female,71+ Years,1448,7.071885169,4.765674618,0.769489225,F,F,F,.,35.57 E,11.06413977,0.070645191,0.0112102,F,F,F,.,0.52 E,0.16030692,67.38902717,6.048824577,59.29 E,10.33360454,140.3695946,14.48355375,143.9942513,3.97653813,0.998958406,0.087254122,0.92 E,0.157488225,1.878050291,0.103950118,2.009098326,0.111450191
STRAWBERRIES ,40K,Female,19+ Years,7138,10.97193661,6.887381595,0.572522386,F,F,F,F,51.92399312,4.316930458,0.101659715,0.008630318,F,F,F,F,0.71908948,0.073643086,62.77270676,3.478948525,47.96470614,2.261017596,130.8421441,11.19744529,143.4222686,9.737276532,0.926543039,0.052902603,0.642460154,0.051439293,1.908568619,0.156503007,2.403052859,0.187781047
OTHER FRUITS (BLUEBERRIES- DATES- KIWIS- FRUIT SALADS- ETC) ,40L,Both,All ages,19670,28.17400398,18.13294829,0.799864009,F,F,64.40391608,4.44156296,113.3970689,5.125635066,0.327952689,0.013145266,F,F,0.942009285,0.060483386,1.944024224,0.113299363,64.36056551,2.312441951,32.60467619,2.350890827,167.9570509,8.827934765,216.4710463,9.277066295,1.165175039,0.039595343,0.505166717,0.030228408,3.082553349,0.152599917,4.354513239,0.209576344
OTHER FRUITS (BLUEBERRIES- DATES- KIWIS- FRUIT SALADS- ETC) ,40L,Both,1-3 Years,1288,31.5844547,19.61167313,2.386478118,F,F,72.44122081,8.635170622,108.9879251,12.03551165,1.340139122,0.152907991,F,F,5.17117833,0.657206396,7.289846265,0.648020505,62.09280267,4.949767902,51.47 E,9.100853029,127.6218773,11.97200972,165.9173548,17.48206571,4.331821708,0.333720418,3.738977552,0.394478484,9.502846726,1.507534455,12.41046143,0.866427084
OTHER FRUITS (BLUEBERRIES- DATES- KIWIS- FRUIT SALADS- ETC) ,40L,Both,4-8 Years,1199,30.21095707,16.58086183,1.83112791,F,F,68.97 E,12.26500632,114.2059226,15.92530461,0.713501259,0.07268829,F,F,2.79 E,0.517451281,4.370306136,0.450871538,54.88360331,4.915185258,34.57 E,6.413184185,118.3003904,18.8576481,185.2028441,20.38477122,2.361730076,0.199105889,1.41 E,0.292960477,5.442539054,0.57231071,7.589250721,1.198091612
OTHER FRUITS (BLUEBERRIES- DATES- KIWIS- FRUIT SALADS- ETC) ,40L,Both,9-13 Years,1962,23.13713626,18.60980371,2.265830169,F,F,68.34454884,9.805556466,110.4781829,11.77257467,0.469983116,0.053588654,F,F,1.73 E,0.294981361,3.17047353,0.322656427,80.43261489,8.092295331,48.4 E,8.141387862,199.3775561,26.77435774,249.01 E,73.62540104,2.031293376,0.186529458,1.16 E,0.251853709,4.884362011,0.512471367,6.87 E,1.307498536
OTHER FRUITS (BLUEBERRIES- DATES- KIWIS- FRUIT SALADS- ETC) ,40L,Both,14-18 Years,1890,21.45211476,13.36301125,1.601410413,F,F,28.05 E,6.357186317,80.06 E,14.96819109,0.222575574,0.026894577,F,F,0.45 E,0.113111328,1.34 E,0.223626431,62.29227935,6.518610947,23.54 E,4.889862585,186.9503417,30.80539366,251.8429299,30.42602462,1.03754607,0.109284939,0.35 E,0.079571338,2.72 E,0.565461988,4.464460346,0.638722806
OTHER FRUITS (BLUEBERRIES- DATES- KIWIS- FRUIT SALADS- ETC) ,40L,Both,19-30 Years,1849,27.83199454,16.51312745,2.503933054,F,F,54.19 E,16.16769865,98.38608307,10.08913563,0.25 E,0.042431441,F,F,0.69 E,0.22630352,1.409658015,0.191010622,59.33145548,8.073666252,F,F,142.87 E,39.03365969,235.4 E,48.07179307,0.909905255,0.140095611,F,F,2.03 E,0.463217346,3.71 E,0.938037962
OTHER FRUITS (BLUEBERRIES- DATES- KIWIS- FRUIT SALADS- ETC) ,40L,Both,31-50 Years,4389,29.38579358,20.07526531,1.588545051,F,F,70.48639573,6.508897569,140.0014111,17.15961558,0.285240214,0.023266422,F,F,0.954436736,0.105806218,1.718465595,0.17088378,68.31622651,4.222461753,36.08373697,4.174432128,186.0001608,16.27864834,216.8217966,15.0434683,0.970673849,0.064370958,0.474797079,0.05374484,2.523107005,0.242381564,3.362896911,0.261908673
OTHER FRUITS (BLUEBERRIES- DATES- KIWIS- FRUIT SALADS- ETC) ,40L,Both,51-70 Years,4465,28.48035811,18.61449873,1.740570066,F,F,60.22657152,7.489205064,114.6454543,12.31745359,0.249253014,0.022061234,F,F,0.743702053,0.071706653,1.543494091,0.144018763,65.3590754,5.000068617,32.54166419,3.675834069,171.2746716,15.70205095,224.9745462,20.2386139,0.87517514,0.063617396,0.411938213,0.054053368,2.393236803,0.206236313,3.088366665,0.256113803
OTHER FRUITS (BLUEBERRIES- DATES- KIWIS- FRUIT SALADS- ETC) ,40L,Both,71+ Years,2628,28.31389209,15.80575654,1.258936607,F,F,52.98 E,9.604454251,115.8049105,11.67315498,0.227965378,0.019123369,F,F,0.757109534,0.104263049,1.478522257,0.168664275,55.82332691,3.409054716,30.33269123,4.842721819,144.5960244,9.026035352,196.3085454,12.90018572,0.805136139,0.051491786,0.39 E,0.075600599,2.294684388,0.223241538,2.585158875,0.254683858
OTHER FRUITS (BLUEBERRIES- DATES- KIWIS- FRUIT SALADS- ETC) ,40L,Both,1-18 Years,6339,26.03910984,16.70364433,1.039665809,F,F,64.78106577,9.962020706,105.2752373,5.335595458,0.603196945,0.037151462,F,F,1.99071401,0.20201794,4.10150074,0.257859952,64.14829243,3.318996615,36.23632177,3.028874355,145.011249,12.61666352,211.0976105,12.23648582,2.331545233,0.114928269,1.131131602,0.145893693,5.88503502,0.38505881,7.789615726,0.833758548
OTHER FRUITS (BLUEBERRIES- DATES- KIWIS- FRUIT SALADS- ETC) ,40L,Both,19+ Years,13331,28.69835378,18.48399859,0.985390169,F,F,64.40018589,4.850614603,115.264567,8.704755629,0.261154265,0.014125065,F,F,0.806596909,0.067969153,1.656174744,0.085816624,64.4078707,2.798071971,31.19488966,2.793561119,169.9943417,11.78638175,216.6578254,10.45384779,0.909997372,0.041109628,0.434567438,0.038364498,2.406829731,0.116258,3.287257011,0.1722525
OTHER FRUITS (BLUEBERRIES- DATES- KIWIS- FRUIT SALADS- ETC) ,40L,Male,9-13 Years,1023,23.57950912,24.15 E,4.129764856,F,F,86.51975619,13.52285206,140.38 E,26.37458612,0.597199461,0.096654348,F,F,2.22 E,0.386547902,3.696404535,0.587130974,102.4403699,13.28812973,70.31874871,10.11472379,238.84 E,72.90604714,407.82 E,91.36942756,2.532705229,0.301115005,1.74 E,0.306963034,5.44 E,1.382018364,9.01 E,1.764188784
OTHER FRUITS (BLUEBERRIES- DATES- KIWIS- FRUIT SALADS- ETC) ,40L,Male,14-18 Years,900,16.82784103,9.96 E,1.689884358,F,F,15.14 E,3.261973785,F,F,0.16 E,0.027048035,F,F,0.21 E,0.05494439,F,F,59.17963988,8.464607284,18 E,3.68554259,162.45 E,28.93967396,235.47 E,48.0593101,0.92394704,0.135902043,0.29 E,0.055633433,2.64 E,0.475608232,3.81 E,0.648665747
OTHER FRUITS (BLUEBERRIES- DATES- KIWIS- FRUIT SALADS- ETC) ,40L,Male,19-30 Years,857,27.00893414,13.26 E,2.734493735,F,F,F,F,84.97 E,16.83528488,0.17 E,0.035265144,F,F,F,F,1.04 E,0.263005811,49.11 E,9.982984963,F,F,F,F,207.18 E,53.46054441,0.63 E,0.127714676,F,F,1.67 E,0.481377861,2.53 E,0.624052609
OTHER FRUITS (BLUEBERRIES- DATES- KIWIS- FRUIT SALADS- ETC) ,40L,Male,31-50 Years,2005,24.25215379,16.89154321,2.266996968,F,F,38.55 E,11.72604527,139.05 E,29.33766474,0.200900639,0.026635683,F,F,0.48 E,0.126913197,1.45 E,0.273787029,69.64966228,7.472822166,29.26768157,4.849634465,184.9736512,17.93541657,227.7892424,23.24535631,0.828382669,0.089935515,0.32 E,0.068284784,2.272302015,0.324465399,3.128331359,0.343911741
OTHER FRUITS (BLUEBERRIES- DATES- KIWIS- FRUIT SALADS- ETC) ,40L,Male,51-70 Years,2151,24.7769911,17.93914926,2.446277872,F,F,53.7 E,11.71229988,119.385212,17.9794047,0.217652702,0.030939615,F,F,0.6 E,0.121686357,1.440453828,0.195736824,72.4024527,7.666044191,34.3 E,6.511946335,180.2111101,23.26240878,279.17 E,63.73965964,0.878446868,0.099755749,0.34 E,0.088839484,2.337216303,0.385044605,3.51 E,0.634818177
OTHER FRUITS (BLUEBERRIES- DATES- KIWIS- FRUIT SALADS- ETC) ,40L,Male,71+ Years,1180,28.47042648,15.35867794,1.929112587,F,F,47.89 E,12.16353768,100.78 E,17.23652861,0.196164785,0.02579161,F,F,0.68 E,0.14595099,1.396659589,0.184485268,53.94607613,5.475788235,24.94 E,7.357617508,144.4300236,17.81230194,206.5809723,30.07439177,0.689012458,0.072707551,0.29 E,0.090831748,1.93 E,0.322677276,2.416466201,0.198460821
OTHER FRUITS (BLUEBERRIES- DATES- KIWIS- FRUIT SALADS- ETC) ,40L,Male,19+ Years,6193,25.37681976,16.42097784,1.341980962,F,F,42.53 E,7.419166009,113.2086356,13.50190228,0.200348072,0.016706662,F,F,0.531860109,0.085064568,1.304655674,0.151060907,64.7085726,4.266746515,25.89231355,3.468065557,174.2869329,14.29542124,228.305131,20.67586598,0.789492433,0.053662503,0.2933086,0.042734817,2.181867025,0.220989284,3.009796415,0.276834661
OTHER FRUITS (BLUEBERRIES- DATES- KIWIS- FRUIT SALADS- ETC) ,40L,Female,9-13 Years,939,22.67156017,12.77381915,1.805869661,F,F,40.87 E,11.25008682,82.15 E,15.46025285,0.336094052,0.050479559,F,F,1.04 E,0.326562787,2.209077874,0.289970364,56.34292061,6.375264603,F,F,140.29 E,26.46874307,206.7838034,25.37515794,1.482447832,0.177777246,0.68 E,0.163732614,3.711848049,0.502886842,5.056576119,0.705328836
OTHER FRUITS (BLUEBERRIES- DATES- KIWIS- FRUIT SALADS- ETC) ,40L,Female,14-18 Years,990,26.34153699,16.96256712,2.64332566,F,F,41.97821635,6.439747667,104.51 E,23.73602484,0.293517942,0.046739254,F,F,0.7 E,0.133656709,1.85 E,0.397198819,64.39475086,9.076125042,31.59 E,7.933439403,198.55 E,42.66341442,255.23 E,65.39821357,1.114277964,0.160321063,0.51 E,0.127543016,3.47 E,0.930943846,5.42 E,1.096099823
OTHER FRUITS (BLUEBERRIES- DATES- KIWIS- FRUIT SALADS- ETC) ,40L,Female,19-30 Years,992,28.74337422,20.11 E,3.97396175,F,F,69.73 E,13.69379273,103.16 E,21.68577165,0.35 E,0.075861292,F,F,1.1 E,0.270942926,1.71 E,0.326122261,69.97 E,12.24219432,F,F,F,F,F,F,1.2 E,0.240828018,0.64 E,0.194165256,F,F,F,F
OTHER FRUITS (BLUEBERRIES- DATES- KIWIS- FRUIT SALADS- ETC) ,40L,Female,31-50 Years,2384,34.29849601,23.12196899,2.130920557,F,F,79.39988437,8.497697951,141.9671716,22.0409912,0.365950051,0.036731485,F,F,1.23217719,0.137379962,2.142649654,0.323314324,67.41394428,4.868911088,42.4508513,6.029285125,181.5306924,22.45417287,216.3568,17.89919318,1.066956554,0.087168119,0.601206771,0.087264923,2.822168984,0.341260663,3.853915645,0.436299125
OTHER FRUITS (BLUEBERRIES- DATES- KIWIS- FRUIT SALADS- ETC) ,40L,Female,51-70 Years,2314,32.09936673,19.27446452,2.073818528,F,F,65.00014455,7.997606552,113.3086417,13.82591538,0.280133507,0.027461984,F,F,0.849682353,0.111810729,1.828340776,0.228925672,60.0462454,5.810710739,32.19233206,4.355300093,152.4378053,17.23981244,206.934664,13.63030882,0.872707271,0.075009199,0.47047166,0.064513536,2.404487686,0.212677577,2.99543303,0.186611554
OTHER FRUITS (BLUEBERRIES- DATES- KIWIS- FRUIT SALADS- ETC) ,40L,Female,71+ Years,1448,28.18988922,16.15992173,1.725164363,F,F,61.97 E,12.04191661,119.4117319,13.80744177,0.253157061,0.028765769,F,F,0.82 E,0.147523016,1.800596576,0.277006694,57.32524029,4.4717431,33.75 E,6.148727328,144.7825072,12.73045972,190.5053508,12.7705198,0.898042058,0.076352696,0.5 E,0.100739536,2.54415562,0.288673082,3.21987635,0.333199847
OTHER FRUITS (BLUEBERRIES- DATES- KIWIS- FRUIT SALADS- ETC) ,40L,Female,19+ Years,7138,31.90509361,20.47572013,1.303089147,F,F,71.97130786,3.425702255,121.0031175,9.893121973,0.319858961,0.020989686,F,F,1.052335325,0.083374864,1.884223074,0.149400919,64.17696303,3.430066352,36.0502677,2.919961605,164.9390231,16.99461375,216.0630578,10.37577824,1.002532588,0.056147408,0.52394298,0.040140436,2.582611461,0.165396687,3.539910799,0.24871928
