Food-Group-Name, Food-Group-Code,Sex,Age,Number-of-Respondents,Percentage-of-Eaters,All-Person-Consumption-Intake-g-per-person-Mean,All-Person-Consumption-Intake-g-per-person-SE-Mean,All-Person-Consumption-Intake-g-per-person-P50,All-Person-Consumption-Intake-g-per-person-SE-P50,All-Person-Consumption-Intake-g-per-person-P90,All-Person-Consumption-Intake-g-per-person-SE-P90,All-Person-Consumption-Intake-g-per-person-P95,All-Person-Consumption-Intake-g-per-person-SE-P95,All-Person-Consumption-Intake-g-per-kg-body-weight-Mean,All-Person-Consumption-Intake-g-per-kg-body-weight-SE-Mean,All-Person-Consumption-Intake-g-per-kg-body-weight-P50,All-Person-Consumption-Intake-g-per-kg-body-weight-SE-P50,All-Person-Consumption-Intake-g-per-kg-body-weight-P90,All-Person-Consumption-Intake-g-per-kg-body-weight-SE-P90,All-Person-Consumption-Intake-g-per-kg-body-weight-P95,All-Person-Consumption-Intake-g-per-kg-body-weight-SE-P95,Eaters-Only-Consumption-Intake-g-per-person-Mean,Eaters-Only-Consumption-Intake-g-per-person-SE-Mean,Eaters-Only-Consumption-Intake-g-per-person-P50,Eaters-Only-Consumption-Intake-g-per-person-SE-P50,Eaters-Only-Consumption-Intake-g-per-person-P90,Eaters-Only-Consumption-Intake-g-per-person-SE-P90,Eaters-Only-Consumption-Intake-g-per-person-P95,Eaters-Only-Consumption-Intake-g-per-person-SE-P95,Eaters-Only-Consumption-Intake-g-per-kg-body-weight-Mean,Eaters-Only-Consumption-Intake-g-per-kg-body-weight-SE-Mean,Eaters-Only-Consumption-Intake-g-per-kg-body-weight-P50,Eaters-Only-Consumption-Intake-g-per-kg-body-weight-SE-P50,Eaters-Only-Consumption-Intake-g-per-kg-body-weight-P90,Eaters-Only-Consumption-Intake-g-per-kg-body-weight-SE-P90,Eaters-Only-Consumption-Intake-g-per-kg-body-weight-P95,Eaters-Only-Consumption-Intake-g-per-kg-body-weight-SE-P95
BEVERAGES - OVERALL (Dairy beverages are not included),45 - 49 & 51,Both,All ages,19670,99.36420078,1588.357348,16.19653611,1371.535518,16.19653611,2935.052815,43.36926923,3460.036456,56.86808004,23.93239162,0.223178224,20.87347744,0.220876418,42.75276335,0.608876098,51.72728834,0.987302698,1598.520731,16.22604533,1377.170961,15.95765971,2939.209038,43.88755133,3466.447592,57.06692018,24.08396333,0.222640908,20.97891381,0.219421342,42.84491503,0.607740563,51.78327529,1.016877397
BEVERAGES - OVERALL (Dairy beverages are not included),46 - 49 & 51,Both,1-3 Years,1288,94.44395346,497.9500398,19.63738497,410.1798352,19.63738497,999.8151639,73.53153875,1251.985126,43.30514894,35.44501746,1.347862063,28.26174702,1.464895359,70.41517324,2.532690575,83.79773905,4.88937751,527.2439596,20.28101417,446.3433001,27.40959139,1028.391453,80.1050134,1252.03555,40.01991232,37.59689055,1.371966641,30.00949419,1.720682872,71.72058377,2.595512913,84.38593426,4.969382994
BEVERAGES - OVERALL (Dairy beverages are not included),47 - 49 & 51,Both,4-8 Years,1199,98.81496601,719.028919,19.61044835,610.888,19.61044835,1307.108694,56.40053364,1558.835561,83.37767208,32.13660365,0.95887381,28.00840552,0.972947976,59.27596542,2.822429913,72.85167621,4.670021621,727.6518407,19.47958134,618.998353,31.02829,1316.282582,54.96939934,1562.261314,85.17120033,32.52200041,0.956123312,28.07750317,0.920154083,59.28715241,2.819753402,73.16157366,4.68225414
BEVERAGES - OVERALL (Dairy beverages are not included),48 - 49 & 51,Both,9-13 Years,1962,98.23481049,973.3312942,22.59665314,821.1089946,22.59665314,1751.423734,63.81793192,2116.013267,102.3518461,23.43637135,0.544550944,20.98165871,0.432346112,40.39432524,2.006250431,56.4275098,3.336254749,990.8211655,22.77201143,841.4287527,23.1152649,1759.359123,65.73778952,2126.07913,103.0128138,23.85750147,0.549603585,21.13550335,0.457196569,40.77891943,2.020074955,56.72815493,3.300231572
BEVERAGES - OVERALL (Dairy beverages are not included),49 - 49 & 51,Both,14-18 Years,1890,99.09187714,1412.561321,30.51743601,1206.238083,30.51743601,2633.092876,53.56432933,3313.825871,167.549088,21.59916647,0.466419877,18.51166929,0.485031926,38.97341778,1.514061817,47.05767816,1.352395274,1425.506673,30.53606261,1210.980818,26.44680665,2633.839427,54.31791006,3314.215815,162.7816107,21.79711102,0.463836613,18.64908863,0.474238321,39.01594891,1.576501765,47.23239219,1.355152038
BEVERAGES - OVERALL (Dairy beverages are not included),50 - 49 & 51,Both,19-30 Years,1849,99.41586564,1860.913529,64.4787237,1601.789319,64.4787237,3215.073625,185.7349305,4317.472699,296.3504015,25.66250019,0.818338285,22.9663523,0.895893237,45.02378235,2.541716709,56.64641128,2.486721569,1871.847634,64.60311208,1609.424176,54.64891642,3215.546076,193.5258554,4317.510294,292.1942538,25.81328445,0.816525071,23.11432768,0.890821276,45.31237307,2.529525516,56.65681435,2.465674943
BEVERAGES - OVERALL (Dairy beverages are not included),51 - 49 & 51,Both,31-50 Years,4389,99.75510794,1840.058197,31.7683156,1630.33752,31.7683156,3144.38141,79.32841686,3846.326584,93.84572964,23.82884754,0.382757468,21.22356205,0.456131838,41.86003474,0.84664027,49.4956008,1.252992822,1844.575416,31.73295481,1632.605667,36.38973502,3150.547519,78.20874945,3846.40363,93.5342371,23.88734575,0.382088467,21.25499598,0.449205029,41.87584367,0.840998093,49.58090928,1.250953536
BEVERAGES - OVERALL (Dairy beverages are not included),52 - 49 & 51,Both,51-70 Years,4465,99.81225973,1733.922285,26.52638182,1547.197372,26.52638182,3004.093767,57.40744819,3455.870089,64.11271634,22.76081743,0.360208245,20.39435494,0.367238432,39.80290028,1.0871816,47.92020536,0.989844977,1737.183679,26.50000227,1550.769157,30.80650673,3004.210731,57.13056322,3455.976325,64.47077074,22.80362902,0.360152722,20.44896488,0.358641102,39.80797826,1.086142336,48.01755314,1.013833572
BEVERAGES - OVERALL (Dairy beverages are not included),53 - 49 & 51,Both,71+ Years,2628,99.58296351,1313.005537,22.87767811,1186.451102,22.87767811,2277.357077,70.37101447,2755.635796,116.1769896,18.35604395,0.302647827,16.44461173,0.295521822,30.85574896,0.694666502,37.63653741,1.543272151,1318.504181,22.90545857,1186.934801,21.62770747,2277.934836,69.95510203,2758.066839,115.4662496,18.43291593,0.30116112,16.55856689,0.30634756,30.85717233,0.701167345,37.68023499,1.546259968
BEVERAGES - OVERALL (Dairy beverages are not included),54 - 49 & 51,Both,1-18 Years,6339,98.01219716,949.0523956,13.06960253,781.2512317,13.06960253,1887.934093,43.3147906,2397.695292,65.92286568,27.24494049,0.416534023,22.39778717,0.431903267,51.66202878,1.446248817,65.29259853,1.447249977,968.3002964,13.07907136,783.4029266,10.10057544,1900.415595,40.7602877,2413.797542,67.79817226,27.79274658,0.409346094,22.8555124,0.489230334,51.97832299,1.499882216,65.81371397,1.449608802
BEVERAGES - OVERALL (Dairy beverages are not included),55 - 49 & 51,Both,19+ Years,13331,99.6962654,1745.376572,19.55862789,1532.171083,19.55862789,3082.298609,30.48823922,3631.160053,80.73879376,23.12847642,0.254262446,20.51951483,0.270523645,40.59312585,0.683926515,48.55286245,0.713008271,1750.694035,19.62612776,1534.419083,19.4696863,3082.597747,30.42423124,3636.347351,80.5115974,23.19893962,0.255155764,20.54439712,0.267652065,40.67024488,0.676233798,48.65794548,0.70759734
BEVERAGES - OVERALL (Dairy beverages are not included),56 - 49 & 51,Male,9-13 Years,1023,97.76850241,1016.326243,34.33522041,873.1013994,34.33522041,1928.54653,77.34506457,2280.910531,132.5198436,24.39973502,0.855269317,21.33583851,0.814209929,45.7957549,2.975593018,57.31096849,2.28449913,1039.523178,34.07135047,896.8476103,44.41396507,1939.161221,76.01092905,2324.397788,133.0755214,24.95664188,0.852516146,21.695008,0.782988391,45.83742542,3.159488143,57.33239944,2.291647989
BEVERAGES - OVERALL (Dairy beverages are not included),57 - 49 & 51,Male,14-18 Years,900,99.54829944,1553.18524,46.17591118,1333.812463,46.17591118,2857.081095,154.413648,3423.733385,122.7340882,22.31059003,0.629951546,18.9525684,0.718683302,39.80089188,2.042303235,47.9377213,1.941630646,1560.232821,46.18995955,1337.458627,55.80717891,2859.432587,154.0138627,3423.79428,122.6420191,22.41182437,0.626636505,18.97325172,0.716903115,39.9492911,2.054314184,47.99319566,1.966984458
BEVERAGES - OVERALL (Dairy beverages are not included),58 - 49 & 51,Male,19-30 Years,857,99.9585772,2135.74539,103.9286552,1808.612873,103.9286552,3800.78685,422.6112296,4612.904807,419.6164911,27.49437784,1.270784633,24.62489372,1.071337217,48.02159299,3.854626116,56.83804485,4.623230408,2136.630443,103.9597716,1808.614922,112.6286057,3801.317316,422.6565001,4612.948719,419.5879178,27.5057715,1.270916802,24.62512367,1.070278494,48.06609649,3.861354071,56.83851379,4.631850196
BEVERAGES - OVERALL (Dairy beverages are not included),59 - 49 & 51,Male,31-50 Years,2005,99.99600874,2020.998671,48.90457503,1793.976772,48.90457503,3459.739712,133.5172657,4276.428862,241.3980784,23.23716831,0.526066487,20.58599583,0.684987353,41.4614295,1.481526839,49.77319164,1.935831128,2021.079338,48.90899875,1793.994043,47.20888471,3459.741661,133.5209109,4276.429109,241.4112503,23.23809581,0.526093819,20.58792297,0.685137592,41.46200739,1.481561532,49.77339187,1.935902153
BEVERAGES - OVERALL (Dairy beverages are not included),60 - 49 & 51,Male,51-70 Years,2151,99.89936408,1786.002991,39.75591654,1613.073418,39.75591654,3061.910128,81.68847311,3545.380385,181.5299544,20.8938586,0.471822792,18.86367109,0.573927852,36.20997149,1.12651184,43.58286343,1.633645991,1787.802162,39.79176118,1614.039155,62.55464422,3063.045714,81.75679322,3545.751818,181.8276186,20.91490651,0.472012387,18.86439086,0.573966222,36.21122849,1.124238838,43.60126037,1.63679966
BEVERAGES - OVERALL (Dairy beverages are not included),61 - 49 & 51,Male,71+ Years,1180,99.88047388,1348.865059,29.32559525,1234.532957,29.32559525,2280.608763,82.9262704,2553.013377,128.2167152,16.69012314,0.328288799,15.64420002,0.433881079,27.98446678,0.777304032,31.02643536,0.749689835,1350.479234,29.31218854,1235.535016,28.39458489,2280.664969,82.77638536,2554.838324,128.2258235,16.71009607,0.328747026,15.65785316,0.43369915,27.98652712,0.772698659,31.03838817,0.752207947
BEVERAGES - OVERALL (Dairy beverages are not included),62 - 49 & 51,Male,19+ Years,6193,99.94481924,1891.232141,30.66210914,1668.306044,30.66210914,3241.248312,63.30001387,4032.387673,126.6433954,22.51920839,0.367610162,19.90154334,0.441744181,39.8454619,1.14675772,48.27678889,1.448808003,1892.276314,30.67330962,1670.669642,32.44727208,3242.673917,63.21115765,4032.39778,126.7322616,22.53164152,0.367567193,19.91080481,0.440741909,39.84822902,1.146878463,48.27690155,1.446273447
BEVERAGES - OVERALL (Dairy beverages are not included),63 - 49 & 51,Female,9-13 Years,939,98.72557724,928.081185,28.05535357,809.9465419,28.05535357,1653.980036,83.98897066,1907.72367,104.6178264,22.42247758,0.631482322,20.73265409,0.460022656,36.01254095,1.177436349,45.60171531,4.141057302,940.0615433,28.55769174,811.0620936,20.55419476,1656.526927,82.12633192,1909.885389,106.7548597,22.7119235,0.639419685,20.93295131,0.46134091,36.34543477,1.197852646,45.6638102,4.238462819
BEVERAGES - OVERALL (Dairy beverages are not included),64 - 49 & 51,Female,14-18 Years,990,98.60928431,1263.874249,40.83001087,1087.704404,40.83001087,2489.149872,147.9458996,2743.583025,190.4840763,20.84695101,0.681936252,18.11501499,0.763380332,38.22560023,2.110217375,47.0102957,2.100486444,1281.699038,41.12968062,1117.83818,53.90330203,2498.635101,146.1085326,2746.260603,197.7999138,21.14096168,0.685078453,18.19866723,0.722145398,38.24705449,2.188842295,47.02009305,2.104567217
BEVERAGES - OVERALL (Dairy beverages are not included),65 - 49 & 51,Female,19-30 Years,992,98.81491788,1556.590566,62.11458505,1342.935122,62.11458505,2916.899503,152.1007656,3389.034428,188.9409461,23.63405112,0.926132645,20.79214602,1.098936842,41.33387697,2.78589336,55.36839235,3.131521977,1575.258675,61.38627554,1369.287021,85.3817528,2924.862742,150.0560336,3396.029676,189.4071681,23.91749305,0.91153484,20.80870936,1.134635485,41.35886592,2.88682473,55.4799944,3.084365242
BEVERAGES - OVERALL (Dairy beverages are not included),66 - 49 & 51,Female,31-50 Years,2384,99.52457483,1666.904891,35.51872419,1502.388796,35.51872419,2884.654568,84.0745804,3456.810442,135.0515459,24.39506256,0.5124952,21.80128179,0.571278056,42.09202097,1.064349526,49.46835163,1.628287112,1674.867634,35.79704289,1502.474082,39.25333509,2884.67368,83.0050763,3460.781834,134.4708144,24.51159686,0.516087913,21.81500432,0.573612151,42.09354372,1.066410337,49.47280284,1.641188853
BEVERAGES - OVERALL (Dairy beverages are not included),67 - 49 & 51,Female,51-70 Years,2314,99.72713952,1683.027918,32.91946768,1517.929692,32.91946768,2884.963083,93.59471364,3346.62124,72.42774796,24.58524911,0.539446032,21.64829858,0.422171528,43.71322761,1.597829072,48.57467929,1.275618569,1687.632801,33.01650913,1518.285885,32.84102855,2887.282916,93.67842051,3346.853418,72.62485708,24.65251609,0.541251403,21.66379584,0.421518975,43.71670068,1.587251001,48.66914366,1.259810828
BEVERAGES - OVERALL (Dairy beverages are not included),68 - 49 & 51,Female,71+ Years,1448,99.34728277,1284.598464,33.53428101,1136.939225,33.53428101,2248.826654,111.4953612,2818.981481,132.5752997,19.67574736,0.483048492,17.38034862,0.570798959,35.10402144,1.467006612,43.14351965,2.278207021,1293.038349,33.37505278,1140.117709,35.76568235,2254.940429,113.2228707,2819.147336,130.8104825,19.80501813,0.478180369,17.50848605,0.566972996,35.17245197,1.471624475,43.15624497,2.246485188
BEVERAGES - OVERALL (Dairy beverages are not included),69 - 49 & 51,Female,19+ Years,7138,99.45630174,1604.561857,21.50857769,1421.439362,21.50857769,2824.204609,50.43827939,3287.865937,78.87437296,23.71668778,0.319927687,20.95882748,0.333784479,41.48165153,0.805348576,48.89305807,0.912204586,1613.333524,21.79513576,1426.203652,28.92464467,2824.207113,50.89239816,3291.060775,79.73213165,23.84633992,0.323843091,21.00603754,0.346487384,41.60824534,0.802392934,49.1077427,0.888378638
FRUIT JUICES,45,Both,All ages,19670,33.74644773,74.80425961,2.249962769,F,F,283.7732147,3.723897555,410.4293345,7.384425044,1.51065093,0.039521719,F,F,4.719674265,0.156111276,8.18677337,0.273469529,221.6655815,5.0468209,209.5988203,1.793761764,427.0648363,15.65046502,583.5447721,24.71380138,4.485428931,0.097296481,3.114895529,0.082179542,10.90374695,0.368331253,14.68432976,0.567102464
FRUIT JUICES,45,Both,1-3 Years,1288,44.09159121,91.09886349,6.320548203,F,F,255.5681238,24.68913911,379.0096739,26.82722968,6.40352814,0.467948003,F,F,19.23304221,0.793171482,26.70288192,1.739319481,206.6127826,9.669338795,194.0258007,8.173679222,400.0237706,21.48103726,467.6237387,41.89793532,15.00295067,0.709224002,13.41721282,0.492523507,26.98606939,2.102827858,36.47441895,2.80680101
FRUIT JUICES,45,Both,4-8 Years,1199,51.68030463,136.4391636,7.839070639,F,F,408.793061,11.78243902,473.491837,30.99973702,6.155587079,0.366258241,F,F,17.24052024,0.922454054,22.81060724,0.924992694,264.0061133,10.42868126,211.3200424,1.771322799,472.0657225,32.30224984,547.5917359,32.5048446,11.9108955,0.507476419,9.926380078,0.423677567,22.77511399,1.014432731,27.16026935,2.113716867
FRUIT JUICES,45,Both,9-13 Years,1962,43.42235051,118.6143651,6.319314555,F,F,380.57808,30.92971589,462.3383222,32.95229759,2.880920009,0.141580304,F,F,9.032886411,0.487165324,12.11168289,0.500203832,273.1643121,12.30477308,211.3207866,2.071935589,494.4093474,37.9310072,630.2747101,58.51415314,6.634647769,0.280744737,5.405468001,0.249303433,12.53088709,0.552997074,15.88346465,1.906888142
FRUIT JUICES,45,Both,14-18 Years,1890,37.58663773,122.9580262,9.922079596,F,F,409.8997849,17.26376777,524.1040421,34.33755164,1.959285343,0.152418779,F,F,6.396130931,0.527617462,8.68136661,0.914800639,327.1322833,21.29499803,252.6429,19.60363757,620.6867547,57.25227838,820.6129967,85.21718822,5.212717766,0.313336041,4.080184301,0.15772824,10.77447221,1.033698796,13.61272558,1.553306524
FRUIT JUICES,45,Both,19-30 Years,1849,31.96552104,88.53229338,10.27820979,F,F,288.3353191,24.57422302,420.8432572,53.29829069,1.298141922,0.153617015,F,F,5.07895019,0.637836157,6.277799735,0.704703977,276.9618342,21.71459233,212.4359386,14.38641408,529.76 E,100.280646,825.49 E,163.0629032,4.061069178,0.327761941,3.502312677,0.206708909,7.77 E,1.480431934,11.95 E,2.079958377
FRUIT JUICES,45,Both,31-50 Years,4389,30.65523831,64.79161666,4.463228957,F,F,283.2957046,21.21600516,376.6092002,30.06072325,0.879517284,0.064420107,F,F,3.523281547,0.226198359,4.567678508,0.302952672,211.3557755,11.02250228,209.5982626,9.58910183,429.7599401,42.32975425,613.5912131,38.8241897,2.869060338,0.16162736,2.624199993,0.189705455,6.165360291,0.478541558,8.865271354,0.95376234
FRUIT JUICES,45,Both,51-70 Years,4465,29.18921353,47.39427715,3.085767871,F,F,209.697694,6.375556627,283.7692936,5.553869804,0.636889819,0.045095001,F,F,2.74657607,0.176961025,3.924006397,0.272142947,162.3691474,8.667375999,131.64 E,32.33829491,374.4092563,37.9182051,476.334155,42.48971479,2.181935522,0.128258801,1.77142039,0.187531895,4.993997075,0.378978461,6.224826376,0.62179471
FRUIT JUICES,45,Both,71+ Years,2628,37.26087571,69.62997867,4.939078239,F,F,248.9759894,20.82739223,289.5420357,13.2828751,0.998218869,0.069118292,F,F,3.470798125,0.13764352,4.673557657,0.156205183,186.8715572,10.25364999,188.8794859,12.31455173,345.5950006,37.25874093,430.4483448,57.86996235,2.679000023,0.140387962,2.455595909,0.127553642,4.938301536,0.31592295,6.857072763,0.821175285
FRUIT JUICES,45,Both,1-18 Years,6339,44.17073136,120.2699254,4.078945421,F,F,399.9158,15.77519546,473.0882697,28.52439786,4.091660704,0.139185926,F,F,13.09585371,0.368811839,18.46376627,0.70671325,272.2842065,7.370408077,211.3115154,0.500742786,494.6281525,15.3623098,628.6208197,28.66261496,9.309547633,0.239237959,7.176782375,0.228423178,19.23119737,0.715833155,24.76083986,1.087781897
FRUIT JUICES,45,Both,19+ Years,13331,31.18614703,63.63747059,2.589899222,F,F,252.4867606,19.19937692,346.334392,25.18924464,0.884271342,0.037625531,F,F,3.492517222,0.114564313,4.856335477,0.214624216,204.0568542,6.250154617,194.6097859,5.155329065,419.9445384,9.749924561,568.2999265,28.21916006,2.835461981,0.092208411,2.549688753,0.103723623,5.839878063,0.231106912,8.239853494,0.573246512
FRUIT JUICES,45,Male,9-13 Years,1023,42.06875355,115.1597037,7.652357462,F,F,344.7823756,38.4014316,476.6357829,50.70460181,2.903826819,0.208825888,F,F,8.7799828,0.714337429,12.41116807,0.969109913,273.7416585,13.68011568,211.3204527,5.500073543,499.8530197,62.92492831,635.8167947,71.2414105,6.902573938,0.407535056,5.254011571,0.433322456,13.60245383,1.057578119,17.08 E,3.265635503
FRUIT JUICES,45,Male,14-18 Years,900,42.79683251,162.3600655,18.19277075,F,F,422.4973189,44.34717732,627.2209365,75.41339235,2.482965976,0.265426459,F,F,7.51976702,0.439734234,10.77026381,1.387682103,379.3740236,33.81700803,284.5531751,22.20485668,676.4407317,82.71522997,1028.27 E,185.3737607,5.801751743,0.48292125,4.482839614,0.379338349,10.79387351,1.202151555,13.86 E,3.285024645
FRUIT JUICES,45,Male,19-30 Years,857,34.05490322,103.9 E,17.37654737,F,F,327.57 E,70.64643311,526.89 E,137.7553092,1.38 E,0.242876975,F,F,3.88 E,0.776798349,6.8 E,2.05553866,305.1043038,34.66508728,212.0613646,13.49254404,820.09 E,218.0162908,827.09 E,178.0386644,4.04055028,0.501411841,3.225919032,0.301167151,10.06 E,2.70725504,11.94 E,2.420682509
FRUIT JUICES,45,Male,31-50 Years,2005,32.75522349,74.03969044,6.684166074,F,F,307.6631086,14.08182019,386.9254501,23.95820064,0.881636078,0.080231083,F,F,3.910190713,0.304324114,4.230418551,0.299308703,226.0393383,15.07778801,210.1561789,18.84033988,420.961466,48.52660998,612.8114671,68.86865268,2.691589262,0.180229371,2.478058247,0.275625078,5.296790207,0.480897281,7.089946117,0.974337099
FRUIT JUICES,45,Male,51-70 Years,2151,32.10737046,54.85291921,4.64624715,F,F,211.6515843,28.14861583,284.2418359,26.28780405,0.650832714,0.056455577,F,F,2.820203657,0.202033003,3.66394492,0.360638149,170.8421413,11.52303641,189.1611834,25.15211289,383.8212018,40.64844306,436.5018849,35.32200749,2.027050812,0.141413761,1.901409736,0.213857048,4.449667598,0.320425889,5.631437077,0.296745114
FRUIT JUICES,45,Male,71+ Years,1180,36.5471519,71.39194805,8.024467681,F,F,248.9818325,23.8967615,319.7374104,38.31453332,0.920163896,0.104609156,F,F,3.225070097,0.185282191,4.61125223,0.376369565,195.342029,18.19826913,189.0431017,13.30618787,409.5376,55.14723324,465.6833733,65.0485568,2.517744471,0.239493059,2.158693567,0.140665938,4.764916161,0.259354511,5.76 E,1.453408806
FRUIT JUICES,45,Male,19+ Years,6193,33.18397122,72.76909821,4.163613301,F,F,283.5625383,9.054643629,388.8390543,22.97366273,0.898232435,0.05431857,F,F,3.500303828,0.155827065,4.41313078,0.229908557,219.2899027,9.746362593,209.2083617,8.410095603,420.963123,29.20893191,579.2257436,75.55549547,2.706826225,0.129228573,2.441192102,0.129025043,5.471320731,0.287943414,7.471036996,0.972004965
FRUIT JUICES,45,Female,9-13 Years,939,44.84694599,122.2502295,10.91626103,F,F,401.2532042,44.41301465,441.9660513,31.44648995,2.856811697,0.213867327,F,F,9.18999145,0.716306785,11.77561996,0.57610071,272.5943245,20.9623652,211.321102,7.995442906,481.9650947,42.94759102,608.3834618,90.81444264,6.370136547,0.391524344,5.48086355,0.350567489,12.12850362,0.577475696,14.03047339,1.995990707
FRUIT JUICES,45,Female,14-18 Years,990,32.07769866,81.29673659,7.913370337,F,F,283.9015167,17.77366572,414.2645271,31.22743887,1.405577694,0.145800067,F,F,4.529533595,0.389608366,7.006633235,0.621121748,253.4369359,15.71704982,210.3740528,4.892634584,496.1011215,52.43080966,634.6586837,82.0818459,4.38179094,0.303257495,3.852600466,0.148080912,9.023370583,1.265996185,11.28 E,2.304909577
FRUIT JUICES,45,Female,19-30 Years,992,29.65193567,71.51224536,9.313623552,F,F,284.9184532,14.55187258,408.7902,59.11902726,1.211923132,0.167703432,F,F,5.357418268,0.4926021,5.839313344,0.592209819,241.1722667,18.78534861,211.32 E,38.98976443,420.8084565,57.51489942,526.0545009,67.74350905,4.087163635,0.340681822,4.078268381,0.469650352,7.491797982,0.611139724,8.51 E,1.547549826
FRUIT JUICES,45,Female,31-50 Years,2384,28.64563056,55.94155388,5.409603219,F,F,210.4577496,17.70986004,299.4005821,42.53705067,0.877489676,0.094436682,F,F,3.293743229,0.135830419,5.095790933,0.648591189,195.2882614,15.07124276,191.6138001,20.00243356,452.0374746,64.73863719,630.6197657,72.96713926,3.063258371,0.27245659,2.762479476,0.261568627,7.475662571,1.099091501,11.02412172,1.795924824
FRUIT JUICES,45,Female,51-70 Years,2314,26.3375288,40.10553426,4.005448104,F,F,189.2735032,19.39959223,283.0221236,28.37359463,0.623264526,0.069438146,F,F,2.632411613,0.340515004,4.228776323,0.394889261,152.2752364,12.42943686,99.91 E,25.56370092,373.5765473,56.10640219,551.0431372,77.17859445,2.366450289,0.21717429,1.55 E,0.334578825,5.680859218,0.579731668,7.681167362,1.169447668
FRUIT JUICES,45,Female,71+ Years,1448,37.82627099,68.23418782,6.662217757,F,F,248.968414,27.40207838,285.292603,15.31964271,1.060052189,0.097908491,F,F,3.651597002,0.186462277,4.783661958,0.386228497,180.3883545,12.63490494,186.736876,26.19252081,304.6929635,37.03474941,427.12 E,78.49185022,2.802423186,0.186353711,2.614938268,0.138037025,5.356128596,0.534522435,6.895878933,0.813301401
FRUIT JUICES,45,Female,19+ Years,7138,29.25736883,54.82143743,3.010088301,F,F,210.5349532,11.56621078,292.1372942,10.23294846,0.870792753,0.051871028,F,F,3.458750529,0.155705056,5.361355557,0.287874059,187.3765128,7.670083006,189.0382838,9.500580524,411.9387941,17.25088752,568.2942666,39.75123797,2.976319429,0.135950093,2.636750512,0.12667594,6.658744991,0.421886957,8.89351028,0.844234688
NON-ALCOHOLIC BEVERAGES (SOFT & FRUIT DRINKS- ETC) ,46,Both,All ages,19670,32.45314087,147.4241964,4.760371115,F,F,495.4990911,17.58385795,740.1518437,6.105185487,2.152222671,0.066603764,F,F,6.989040195,0.22226528,10.520041,0.320342209,454.2678843,10.20529363,368.4453678,3.050894842,848.2957743,41.3456599,1176.020952,51.87612312,6.621336532,0.143220428,5.001565054,0.116336072,13.34061356,0.457805503,17.77879938,0.736288762
NON-ALCOHOLIC BEVERAGES (SOFT & FRUIT DRINKS- ETC) ,46,Both,1-3 Years,1288,13.70447881,28.01 E,5.660342497,F,F,F,F,209.6582715,28.61197568,2.13 E,0.484859855,F,F,F,F,15.74 E,2.768254348,204.3571293,28.63422802,180.77 E,31.59067497,402.26 E,111.3048447,F,F,15.27353109,2.506609244,12.25 E,2.196643111,30.92 E,7.916174881,F,F
NON-ALCOHOLIC BEVERAGES (SOFT & FRUIT DRINKS- ETC) ,46,Both,4-8 Years,1199,28.53136189,69.06935852,5.931535184,F,F,261.8549291,22.81512481,371.418717,18.78663304,2.951228839,0.248803871,F,F,11.72087307,0.706159856,15.8350858,1.536676,242.082235,14.47029078,200.5420959,8.130224033,429.7640142,60.32630237,602.6141915,91.09280833,10.34380641,0.596006985,9.3515476,0.749227099,20.36206549,1.029748078,24.43391862,1.768155513
NON-ALCOHOLIC BEVERAGES (SOFT & FRUIT DRINKS- ETC) ,46,Both,9-13 Years,1962,41.2933004,148.6495233,8.76056792,F,F,494.7903611,32.90507367,709.389085,56.17824716,3.480432478,0.213794311,F,F,11.13122923,0.542716302,16.50764714,1.121066343,359.9846024,16.19686545,294.766162,17.87629725,736.8538029,36.77589094,945.7475321,96.27701343,8.428564546,0.4011589,6.825103202,0.357322399,17.63669013,1.06918386,20.67389187,1.568843041
NON-ALCOHOLIC BEVERAGES (SOFT & FRUIT DRINKS- ETC) ,46,Both,14-18 Years,1890,43.36564801,223.5675231,13.21389006,F,F,726.444004,49.64382427,897.4726946,67.58586928,3.345304209,0.188484385,F,F,10.16063486,0.514947692,14.55788946,0.879376985,515.5406026,21.7286606,371.8095638,15.58378064,943.4107304,82.51715915,1312.111746,123.7656186,7.714180147,0.313599095,6.273781661,0.230058538,15.04862478,0.647130157,17.44652644,1.314981184
NON-ALCOHOLIC BEVERAGES (SOFT & FRUIT DRINKS- ETC) ,46,Both,19-30 Years,1849,39.84577511,189.2068553,17.19585878,F,F,557.5942125,52.82579547,778.91 E,138.0895181,2.603706754,0.252201228,F,F,7.46727624,0.738157452,11.81724794,1.29698302,474.8479728,29.92534719,370.0412114,3.368505322,995.9124281,129.2066198,1257.504732,161.5645075,6.5344613,0.459794295,5.169427449,0.333700296,13.32135652,1.442946017,18.6861189,2.436754663
NON-ALCOHOLIC BEVERAGES (SOFT & FRUIT DRINKS- ETC) ,46,Both,31-50 Years,4389,32.13467941,165.9285034,9.872050227,F,F,545.508,36.43006496,766.222094,29.36809787,2.050309797,0.125436594,F,F,6.640810279,0.356790534,9.784835384,0.461690791,516.3533802,20.12505375,370.1198768,11.12518305,1009.969159,79.21529283,1413.25668,158.1858578,6.38036487,0.263209542,4.920576012,0.217398525,12.45019192,1.095597129,16.3379941,1.154984603
NON-ALCOHOLIC BEVERAGES (SOFT & FRUIT DRINKS- ETC) ,46,Both,51-70 Years,4465,30.48475866,140.6979984,7.980947536,F,F,495.4987266,46.23263911,740.1992152,19.43406896,1.708991596,0.093928277,F,F,5.968027632,0.310081694,8.524766609,0.390645842,461.5355495,20.50101557,355.54632,6.768305836,850.6501875,50.66454499,1127.01254,93.0064356,5.60605257,0.231290165,4.59139617,0.13277524,10.48712618,0.622184144,13.48120328,1.464044287
NON-ALCOHOLIC BEVERAGES (SOFT & FRUIT DRINKS- ETC) ,46,Both,71+ Years,2628,25.91797069,88.5160424,6.561880656,F,F,355.3578858,17.96061983,493.43298,46.42800642,1.184727107,0.085178535,F,F,4.453290904,0.222807403,6.498220112,0.417845839,341.5238155,18.30924136,273.8671197,15.82703604,650.9718478,50.37593708,783.82088,84.9488764,4.571064308,0.22571836,3.748425307,0.175334579,8.503488837,0.823526082,10.90174514,0.943886142
NON-ALCOHOLIC BEVERAGES (SOFT & FRUIT DRINKS- ETC) ,46,Both,1-18 Years,6339,33.72530633,127.7933938,5.299260624,F,F,414.5905275,16.13106815,686.294961,47.58705459,3.079970782,0.137462586,F,F,10.84180744,0.419037813,15.52798665,0.514368016,378.9243381,10.89290561,297.7869434,13.15575425,768.5085783,21.09840375,992.1213677,56.46164008,9.057975959,0.277124289,6.988487504,0.221700121,18.3539767,0.843317936,23.26274454,1.165537056
NON-ALCOHOLIC BEVERAGES (SOFT & FRUIT DRINKS- ETC) ,46,Both,19+ Years,13331,32.14068524,152.2457035,5.619852574,F,F,515.5500061,17.38681244,740.2604151,8.307804133,1.927069521,0.073207535,F,F,6.289095982,0.198389994,9.272113985,0.365068631,473.685307,12.29052939,370.0027674,1.148468392,888.1766213,60.77464227,1194.046532,80.91379625,5.995732534,0.160106958,4.694151068,0.101965193,11.14264882,0.582096628,16.30333484,0.953190093
NON-ALCOHOLIC BEVERAGES (SOFT & FRUIT DRINKS- ETC) ,46,Male,9-13 Years,1023,41.48146078,160.4439842,12.8105092,F,F,515.6315931,35.91711538,716.5879205,56.94107103,3.768333999,0.321143926,F,F,11.46525951,1.063394962,17.61589336,1.531443678,386.7847977,22.62044685,324.9423388,28.63881639,735.9940535,64.44833895,1017.773977,127.7046578,9.084381137,0.578343528,7.186786799,0.494691912,18.13867724,1.367606824,21.13822965,2.583254668
NON-ALCOHOLIC BEVERAGES (SOFT & FRUIT DRINKS- ETC) ,46,Male,14-18 Years,900,49.63628528,295.4855639,22.8972498,F,F,760.2033741,59.0881068,1198.791118,140.563072,4.1958427,0.312027155,F,F,11.25999452,0.889257963,15.68479251,1.000467438,595.3015264,32.01082404,426.2632445,37.87978908,1200.25352,131.7799049,1655.292701,179.0930191,8.453176292,0.457651039,6.556864227,0.346982196,15.80410145,0.994097688,20.25744625,2.51395439
NON-ALCOHOLIC BEVERAGES (SOFT & FRUIT DRINKS- ETC) ,46,Male,19-30 Years,857,42.38952249,240.4772286,28.92027636,F,F,740.0274604,96.32733435,1151.965768,141.5199718,3.188360596,0.430026352,F,F,9.12 E,1.589437796,14.58 E,2.775519756,567.303462,46.25525142,384.0784368,26.76515138,1172.020383,135.9166624,1505.47 E,283.6785934,7.521577052,0.731108441,5.199395035,0.420053699,16.37047431,2.692738075,20.83108083,3.203686046
NON-ALCOHOLIC BEVERAGES (SOFT & FRUIT DRINKS- ETC) ,46,Male,31-50 Years,2005,36.50757077,212.0160831,17.32366147,F,F,738.5020528,52.8020943,1005.289553,119.2027432,2.440358325,0.212608605,F,F,7.755743008,0.817347756,11.03140934,1.160659456,580.7455237,31.57049641,389.5846895,37.45315917,1110.36469,131.7721692,1447.473968,214.1825112,6.684526725,0.404077756,4.85630494,0.330416507,12.98104357,1.664630312,16.7691408,2.431566427
NON-ALCOHOLIC BEVERAGES (SOFT & FRUIT DRINKS- ETC) ,46,Male,51-70 Years,2151,33.19603385,171.3356766,11.91041761,F,F,610.3927038,65.19143009,827.1862256,50.34807681,1.892278164,0.131093042,F,F,6.646260556,0.394779685,8.525000015,0.477175916,516.1329734,24.87165167,371.4932344,23.76554844,980.6033452,87.77522078,1278.669148,114.6325882,5.700313998,0.280075246,4.655111659,0.189376898,9.918901039,0.827466611,15.26606303,1.709930236
NON-ALCOHOLIC BEVERAGES (SOFT & FRUIT DRINKS- ETC) ,46,Male,71+ Years,1180,27.99844807,112.1469475,12.32670237,F,F,370.1458717,25.16766319,577.9074936,53.00584182,1.351046128,0.145886208,F,F,4.83027081,0.283305368,6.902282274,0.5087949,400.5470133,31.42157561,355.3574133,27.76371646,710.7102416,74.62980544,939.16 E,216.7412887,4.8254322,0.359880004,4.044511216,0.189810291,7.993694914,0.789720601,10.31 E,3.36512614
NON-ALCOHOLIC BEVERAGES (SOFT & FRUIT DRINKS- ETC) ,46,Male,19+ Years,6193,35.5491111,192.877449,9.518178114,F,F,672.8902157,50.34125471,888.2015912,73.09309956,2.27567841,0.122948499,F,F,7.131644131,0.357187526,10.34013342,0.565818245,542.5661656,18.34831819,370.1531978,10.03525602,1104.512516,64.50316565,1418.841746,84.34532171,6.401505802,0.248943352,4.739813554,0.154521404,12.546432,1.013386577,17.11180271,1.050760527
NON-ALCOHOLIC BEVERAGES (SOFT & FRUIT DRINKS- ETC) ,46,Female,9-13 Years,939,41.09527068,136.2364222,11.79949615,F,F,445.7385709,34.62799485,629.415062,79.33874521,3.177430018,0.283276475,F,F,10.16687533,0.942622886,15.71642361,1.817133793,331.5136267,20.85736309,270.0733839,27.55439806,729.9767305,76.20118167,789.2114013,102.9382781,7.731862976,0.493582545,6.470160269,0.577559855,16.50477152,1.501131995,19.0648224,1.886230461
NON-ALCOHOLIC BEVERAGES (SOFT & FRUIT DRINKS- ETC) ,46,Female,14-18 Years,990,36.73546235,147.525816,12.29551484,F,F,533.5434529,41.69640713,740.269078,52.15570194,2.445997192,0.200132983,F,F,8.524242308,0.736273738,12.29039241,1.06565366,401.5896535,22.31800909,369.1593546,13.20087184,790.1008262,40.10618664,929.2324251,78.17814811,6.658408621,0.359031627,5.803570656,0.339148076,13.45181487,1.120182255,15.55883998,0.578190648
NON-ALCOHOLIC BEVERAGES (SOFT & FRUIT DRINKS- ETC) ,46,Female,19-30 Years,992,37.02906844,132.4348647,13.32856633,F,F,400.6815101,39.69960887,564.4737813,60.63118359,1.956316063,0.194243772,F,F,6.221889888,0.353384523,8.434436927,0.83485408,357.6510842,27.72038851,355.3575596,15.94071981,645.3601489,69.81981119,764.3023996,79.80341343,5.283190059,0.429363954,4.891148019,0.492484602,9.88186132,0.980769954,12.65431183,1.186557484
NON-ALCOHOLIC BEVERAGES (SOFT & FRUIT DRINKS- ETC) ,46,Female,31-50 Years,2384,27.94998496,121.8244031,8.773973024,F,F,427.3349948,44.26694523,609.6292666,66.99923588,1.677047856,0.12296491,F,F,5.858802749,0.368826515,8.016097132,0.754314663,435.8657196,18.93852074,368.4124286,10.08330939,743.2682682,52.03387823,1059.742276,64.39328057,6.00017445,0.278145326,4.982384151,0.244482911,10.74383581,1.639421498,14.78390855,1.521974575
NON-ALCOHOLIC BEVERAGES (SOFT & FRUIT DRINKS- ETC) ,46,Female,51-70 Years,2314,27.83524317,110.7582109,11.72843431,F,F,367.4916329,11.88662487,581.8861635,67.43728365,1.529880083,0.148748753,F,F,5.306735942,0.370198624,8.081437183,0.810438487,397.9063887,32.822376,321.9267592,25.97606207,756.0951397,44.87010843,859.61 E,192.9691541,5.496198017,0.378350963,4.448853751,0.214567142,10.61234255,0.92367659,12.36 E,2.654680062
NON-ALCOHOLIC BEVERAGES (SOFT & FRUIT DRINKS- ETC) ,46,Female,71+ Years,1448,24.26986528,69.79619329,6.855872706,F,F,252.984002,36.37979871,369.5414087,32.52956327,1.052973077,0.103018028,F,F,3.934179777,0.3672462,5.844986681,0.46696454,287.583769,18.56011318,213.5984582,17.01421003,599.437942,77.33746208,739.1948856,41.3625779,4.338602895,0.280745229,3.494525541,0.18952633,8.980343489,1.184105786,11.0683607,0.733653449
NON-ALCOHOLIC BEVERAGES (SOFT & FRUIT DRINKS- ETC) ,46,Female,19+ Years,7138,28.85005659,113.0182152,5.507554786,F,F,370.7365495,16.15542071,566.9086138,26.70395605,1.590508763,0.074322174,F,F,5.673855146,0.167839271,7.949965002,0.37632405,391.7434785,13.81959278,355.3557546,3.690850862,739.4573899,13.03019978,902.916802,82.83115423,5.513017827,0.178261781,4.675293516,0.135627365,10.28083961,0.460159966,13.52964011,0.615878561
"SOFT DRINKS 

* Regular & Diet Combined",46A & 46B,Both,All ages,19670,22.40656723,105.694,3.785249,F,F,370.115,0.323213,600.605,52.104639,1.42,0.048549,F,F,5.387,0.152307,7.857,0.262964,471.709,10.980103,370.059,0.194429,795.304,36.96607,1110.467,55.533813,6.325,0.133598,4.983,0.108531,11.571,0.523593,15.822,0.876963
"SOFT DRINKS 

* Regular & Diet Combined",46A & 46B,Both,1-3 Years,1288,2.847355648,2.93 E,0.770842,F,F,F,.,F,.,0.22 E,0.054479,F,F,F,.,F,.,102.937,10.552926,107.54 E,25.646084,181.9 E,39.44715,191.756,28.75099,7.291,0.757434,6.1 E,1.193339,12.065,1.171556,13.11,1.768588
"SOFT DRINKS 

* Regular & Diet Combined",46A & 46B,Both,4-8 Years,1199,8.700041358,20.985,3.178828,F,F,F,.,188.18 E,33.68732,0.85,0.128135,F,F,F,.,6.81 E,1.580215,241.203,24.347238,192.344,24.816577,382.17 E,92.259213,557.15 E,118.57662,9.769,0.941917,8.817,1.206159,15.51 E,2.637141,20.053,3.276156
"SOFT DRINKS 

* Regular & Diet Combined",46A & 46B,Both,9-13 Years,1962,20.25870857,72.988,6.498966,F,F,359.596,31.148423,421.199,50.304296,1.656,0.152568,F,F,7.093,0.592458,10.412,0.779952,360.28,20.569978,359.513,23.683101,655.262,83.226502,755.67 E,171.470776,8.174,0.490919,7.003,0.451297,15.061,1.747272,19.844,2.64617
"SOFT DRINKS 

* Regular & Diet Combined",46A & 46B,Both,14-18 Years,1890,27.91320411,134.652,9.568475,F,F,415.048,51.456522,709.024,75.802573,2.018,0.142636,F,F,6.739,0.327942,9.887,0.865968,482.395,21.202435,370.033,1.411287,760.536,66.803277,1133.077,154.502771,7.228,0.328285,5.907,0.223866,12.914,1.121405,16.655,1.455465
"SOFT DRINKS 

* Regular & Diet Combined",46A & 46B,Both,19-30 Years,1849,28.04154647,126.354,11.248841,F,F,371.482,18.998563,647.344,75.35906,1.7,0.154249,F,F,5.791,0.286964,8.184,0.754543,450.596,22.354479,370.052,1.256866,741.369,90.214115,1114.54,122.153905,6.061,0.325414,5.072,0.268822,11.287,1.066932,14.573,1.559336
"SOFT DRINKS 

* Regular & Diet Combined",46A & 46B,Both,31-50 Years,4389,24.38560359,125.467,8.123618,F,F,404.082,45.168635,735.229,24.205763,1.54,0.100038,F,F,5.605,0.277924,8.219,0.622424,514.514,19.79903,370.085,1.769501,923.756,111.76487,1316.082,139.900677,6.314,0.245761,4.865,0.210788,12.441,1.26083,16.24,1.107415
"SOFT DRINKS 

* Regular & Diet Combined",46A & 46B,Both,51-70 Years,4465,23.98856097,118.829,7.708675,F,F,380.39,33.904792,710.716,53.023212,1.436,0.08947,F,F,5.222,0.26705,7.851,0.471227,495.356,22.777892,370.035,2.578883,864.382,60.587801,1103.958,101.303569,5.987,0.251001,4.746,0.120538,10.433,0.644469,13.149,1.578747
"SOFT DRINKS 

* Regular & Diet Combined",46A & 46B,Both,71+ Years,2628,16.32188923,62.054,6.150201,F,F,248.3 E,47.617065,370.121,22.730799,0.834,0.078408,F,F,3.603,0.379349,5.349,0.446333,380.19,26.934808,355.356,20.981983,710.717,48.823057,802.57 E,194.728781,5.111,0.316554,4.393,0.203072,9.141,0.926957,11.644,1.725536
"SOFT DRINKS 

* Regular & Diet Combined",46A & 46B,Both,1-18 Years,6339,16.3223287,64.465,3.510857,F,F,301.219,36.843816,390.394,19.718465,1.308,0.070829,F,F,5.506,0.325052,8.859,0.444504,394.952,13.094618,367.679,2.307458,734.417,21.162721,887.286,107.400841,7.922,0.247881,6.327,0.153801,14.082,0.582173,18.638,1.638515
"SOFT DRINKS 

* Regular & Diet Combined",46A & 46B,Both,19+ Years,13331,23.90091262,115.82,4.574998,F,F,370.154,8.608885,710.714,44.105561,1.448,0.056593,F,F,5.37,0.165597,7.725,0.287618,484.583,12.333726,370.07,0.094035,818.06,51.526192,1120.056,86.615918,6.058,0.14818,4.808,0.095647,10.864,0.564463,14.779,1.021295
"SOFT DRINKS 

* Regular & Diet Combined",46A & 46B,Male,9-13 Years,1023,20.95737856,89.252,11.41654,F,F,370.084,23.084992,515.989,46.228322,2.011,0.272087,F,F,8.657,0.949639,12.659,1.43742,425.874,33.297495,369.982,7.64493,730.9 E,154.025718,1114.9 E,239.981248,9.596,0.822989,8.175,0.654911,18.909,2.751886,21.203,2.789105
"SOFT DRINKS 

* Regular & Diet Combined",46A & 46B,Male,14-18 Years,900,33.22712518,179.103,16.415588,F,F,553.052,65.271985,758.322,79.210618,2.542,0.232892,F,F,7.392,0.591997,11.227,1.23855,539.026,32.429825,370.119,16.800693,920.994,135.546956,1244.607,205.731834,7.649,0.503328,5.906,0.349559,14.294,1.565998,17.38 E,2.970181
"SOFT DRINKS 

* Regular & Diet Combined",46A & 46B,Male,19-30 Years,857,31.40539945,156.999,18.43132,F,F,497.65 E,87.25808,740.192,67.172154,2.008,0.249658,F,F,6.265,0.64069,9.715,1.245881,499.912,36.38703,370.107,2.580583,989.27 E,180.229054,1258.356,147.149519,6.394,0.518244,4.937,0.358893,12.167,1.422854,16.297,2.373342
"SOFT DRINKS 

* Regular & Diet Combined",46A & 46B,Male,31-50 Years,2005,29.41632874,163.381,14.232215,F,F,548.119,83.352467,755.941,73.902122,1.88,0.168005,F,F,6.201,0.520668,9.689,0.822328,555.411,29.647776,370.127,13.222489,1103.036,151.22716,1412.551,156.833874,6.391,0.351846,4.745,0.349631,12.143,1.701403,16.274,1.488487
"SOFT DRINKS 

* Regular & Diet Combined",46A & 46B,Male,51-70 Years,2151,27.18392065,143.752,10.95962,F,F,516.09,45.758403,745.196,25.939858,1.577,0.119855,F,F,5.904,0.50938,7.852,0.429235,528.814,25.022349,373.004,33.47816,884.118,67.643776,1110.441,116.377851,5.803,0.284138,4.746,0.172127,9.276,0.810448,13.563,1.43653
"SOFT DRINKS 

* Regular & Diet Combined",46A & 46B,Male,71+ Years,1180,18.7349699,80.743,11.958796,F,F,364.593,35.330684,468.474,58.630786,0.993,0.143037,F,F,4.197,0.412081,6.625,1.001564,430.974,44.727207,369.144,7.794741,731.61 E,169.059419,1151.85 E,320.277119,5.302,0.511879,4.406,0.237501,8.91 E,1.55218,12.54 E,3.218879
"SOFT DRINKS 

* Regular & Diet Combined",46A & 46B,Male,19+ Years,6193,27.88094839,146.811,7.517437,F,F,515.838,36.593708,740.258,8.709136,1.707,0.089711,F,F,5.937,0.29669,8.514,0.434982,526.565,16.76366,370.134,1.657815,984.146,91.599694,1257.842,109.005399,6.122,0.205569,4.743,0.115626,11.012,0.872866,16.242,1.452037
"SOFT DRINKS 

* Regular & Diet Combined",46A & 46B,Female,9-13 Years,939,19.52339213,55.871,6.450938,F,F,218.65 E,49.165313,368.127,9.097446,1.282,0.147673,F,F,5.09 E,0.86685,8.416,0.60284,286.175,20.071651,242.94 E,42.140126,426.75 E,93.244145,703.07 E,122.459238,6.567,0.419266,5.458,0.747165,11.265,1.225342,14.061,1.327947
"SOFT DRINKS 

* Regular & Diet Combined",46A & 46B,Female,14-18 Years,990,22.29459124,87.652,8.554992,F,F,370.036,4.864795,511.336,53.178349,1.463,0.144361,F,F,6.233,0.413991,7.885,0.612437,393.155,18.520719,369.923,1.853089,716.131,106.161913,740.004,19.30263,6.564,0.314115,5.898,0.311526,11.379,0.95383,13.066,1.27039
"SOFT DRINKS 

* Regular & Diet Combined",46A & 46B,Female,19-30 Years,992,24.31673197,92.42,11.979266,F,F,368.314,4.656103,424.249,48.103606,1.358,0.174696,F,F,5.594,0.302477,6.455,0.671705,380.069,20.105591,366.424,6.581849,589.23 E,112.568197,740.23 E,128.2332,5.585,0.348753,5.297,0.335863,9.12 E,1.611318,12.651,1.685517
"SOFT DRINKS 

* Regular & Diet Combined",46A & 46B,Female,31-50 Years,2384,19.57138666,89.185,7.657651,F,F,367.934,8.575414,515.707,66.902831,1.214,0.107626,F,F,4.924,0.284591,6.876,0.558315,455.692,22.11114,368.267,5.741767,765.949,64.343216,1076.243,104.52,6.205,0.337885,5.013,0.220505,12.871,1.743747,15.214,1.706097
"SOFT DRINKS 

* Regular & Diet Combined",46A & 46B,Female,51-70 Years,2314,20.86598785,94.473,11.623109,F,F,355.358,11.835541,515.582,70.239095,1.298,0.145092,F,F,4.855,0.329536,7.715,1.0685,452.761,41.713018,355.357,6.492934,750.924,46.232124,1066.07 E,311.070127,6.221,0.459807,4.766,0.220283,10.825,0.873442,13.03 E,4.173524
"SOFT DRINKS 

* Regular & Diet Combined",46A & 46B,Female,71+ Years,1448,14.41030328,47.249,5.918757,F,F,186.55,24.395201,359.567,13.703249,0.708,0.087614,F,F,3.02 E,0.532325,5.261,0.392581,327.887,24.435962,280.3 E,53.998108,695.856,113.311935,739.554,46.528892,4.914,0.350405,4.363,0.352328,9.449,1.348974,11.488,1.082725
"SOFT DRINKS 

* Regular & Diet Combined",46A & 46B,Female,19+ Years,7138,20.05842925,85.899,5.150582,F,F,355.425,7.41062,495.496,39.182294,1.198,0.068893,F,F,4.887,0.190447,6.6,0.41935,428.246,17.385943,355.397,6.398808,740.203,12.207232,998.37,102.49003,5.971,0.214626,4.874,0.149394,10.862,0.692473,13.652,1.070541
SOFT DRINKS - REGULAR ,46A,Both,All ages,19670,16.01970392,72.86676861,2.960518839,F,F,366.1475759,7.269679014,427.3014444,41.8644921,1.028600605,0.04063134,F,F,4.433704548,0.135169834,6.542442636,0.210073061,454.8571497,10.2991338,370.0836096,0.074890443,760.8267887,16.51391977,1110.373773,37.23049818,6.406657954,0.145454429,5.029337215,0.117828189,11.69275159,0.527823336,15.42424401,0.819072327
SOFT DRINKS - REGULAR ,46A,Both,1-3 Years,1288,2.543866316,2.77 E,0.75456485,F,F,F,.,F,.,0.21 E,0.053283433,F,F,F,.,F,.,108.7541513,10.49601137,109.24 E,20.42273281,184.62 E,40.26183683,194.8686867,30.23330833,7.745657734,0.785567591,6.4 E,1.271417418,12.09748406,1.14625245,13.12295112,1.942410728
SOFT DRINKS - REGULAR ,46A,Both,4-8 Years,1199,8.331761171,20.55801939,3.18710205,F,F,F,.,188.18 E,38.72390613,0.831976817,0.128239665,F,F,F,.,6.76 E,1.622271695,246.7427831,25.64321065,199.0468236,27.67394867,385.45 E,96.97565272,557.39 E,119.4766787,9.985605683,0.98895326,8.858608656,1.203095062,15.90746334,2.630485539,20.08 E,3.536114838
SOFT DRINKS - REGULAR ,46A,Both,9-13 Years,1962,17.96583028,65.83478323,6.39107788,F,F,293.37 E,52.84728802,406.2465382,43.00487918,1.50226468,0.149971498,F,F,6.603640508,0.737572652,9.491808545,0.773156009,366.4444237,22.44523892,359.7209997,24.10514744,732.406243,112.8930345,810.98 E,171.3469346,8.361788219,0.541224728,7.373823886,0.509432276,15.02131654,2.066391524,20.11244469,2.930251594
SOFT DRINKS - REGULAR ,46A,Both,14-18 Years,1890,25.44189793,124.2392872,9.418218188,F,F,410.4048535,41.47795416,640.6895157,68.22854416,1.859906629,0.140201604,F,F,6.613684452,0.319461416,9.442588928,0.886518719,488.3255469,22.93524419,370.0917774,3.444386049,786.3049929,71.89241403,1172.224154,170.312576,7.310408344,0.35476831,5.910774015,0.230101703,13.08772517,1.231519807,16.67103133,1.531842449
SOFT DRINKS - REGULAR ,46A,Both,19-30 Years,1849,23.39716319,107.2366425,10.30542269,F,F,370.1359691,5.619329749,556.69 E,93.58527037,1.457807933,0.143247027,F,F,5.559717807,0.245688528,7.387639132,0.765814132,458.331814,25.60382497,370.0891404,0.531573235,765.3975779,114.3369874,1137.710306,138.8145624,6.230703788,0.373484167,5.19349825,0.234502695,11.78314008,1.201292672,16.22015417,2.1258367
SOFT DRINKS - REGULAR ,46A,Both,31-50 Years,4389,16.99377243,83.43724737,6.117462779,F,F,370.029787,0.790490761,530.0898203,74.44329405,1.050815244,0.078860027,F,F,4.353493798,0.29908357,6.692636691,0.456058945,490.9871998,17.21495014,370.1014125,2.008694217,781.9079678,63.87352197,1107.633823,37.47848622,6.183531343,0.237847365,4.889672118,0.265714115,11.31308236,1.068923884,14.45152474,0.943642078
SOFT DRINKS - REGULAR ,46A,Both,51-70 Years,4465,14.28213096,66.79357964,5.332451868,F,F,300.3994508,42.423798,410.7350614,46.2231091,0.841979826,0.071140623,F,F,3.581769175,0.340894813,5.499421778,0.378266108,467.6723651,22.98162399,370.0497318,0.583726576,760.9785792,65.31190828,1110.43085,132.7033738,5.895337524,0.314558689,4.651149474,0.102995755,10.80257601,0.677586241,14.33635028,1.698081797
SOFT DRINKS - REGULAR ,46A,Both,71+ Years,2628,9.748803288,35.19954137,4.08388704,F,F,F,.,363.5924413,49.95794551,0.49449278,0.059374454,F,F,F,.,4.454383582,0.360390091,361.0652541,21.75239028,365.1250328,30.04126169,710.9730926,106.0851686,740.24 E,129.0471628,5.072343399,0.313550313,4.472658414,0.205501267,8.500468509,1.144211888,11.19188583,1.536770697
SOFT DRINKS - REGULAR ,46A,Both,1-18 Years,6339,14.84792234,59.42254249,3.460112218,F,F,260.7968243,32.16530111,371.7754408,15.73548635,1.213655229,0.069782234,F,F,5.016418393,0.282545045,8.54622117,0.476132104,400.2077943,14.0319464,368.291853,1.201001507,736.8078506,22.76591339,918.4218321,113.2096104,8.0826916,0.267980835,6.429538643,0.186456202,14.44999996,0.66552957,19.00732037,1.667213361
SOFT DRINKS - REGULAR ,46A,Both,19+ Years,13331,16.30750433,76.16879519,3.532082937,F,F,368.5039889,2.198445872,462.8494925,42.83682216,0.983690106,0.046773734,F,F,4.324896026,0.168797396,6.206465387,0.200821992,467.0781846,11.91295096,370.0943159,0.064184088,765.8055166,24.56024913,1110.398404,34.63926902,6.032131499,0.163332257,4.781096188,0.119447694,10.86363114,0.507238205,14.33694831,0.875617808
SOFT DRINKS - REGULAR ,46A,Male,9-13 Years,1023,18.16760358,80.30168141,11.28194174,F,F,369.8471415,20.77863517,515.781645,53.99584405,1.826460917,0.268995954,F,F,8.118011139,0.947205817,11.58612812,1.2381624,442.0048086,35.67284697,370.0405899,11.25984291,738.45 E,178.071009,1147.26 E,242.1277857,10.05339482,0.890962757,8.857975857,0.714381944,19.25489082,3.119826984,21.36926919,2.909578475
SOFT DRINKS - REGULAR ,46A,Male,14-18 Years,900,30.85150743,168.3304351,16.17190009,F,F,528.9733316,56.73077857,739.0327393,83.10037279,2.384020836,0.228939495,F,F,7.114070778,0.543795318,11.11133298,1.313150593,545.6149444,34.74396223,371.1954967,23.66377758,934.2610979,147.5986789,1258.77 E,216.9632628,7.727404701,0.538442134,5.906741942,0.364575917,14.54854722,1.749377502,17.66 E,3.31375218
SOFT DRINKS - REGULAR ,46A,Male,19-30 Years,857,27.69953244,140.9520195,17.65117556,F,F,406.25 E,75.41280774,740.1374439,63.09995614,1.823091168,0.240276794,F,F,5.807908901,0.606372336,8.81 E,1.470868876,508.8606451,39.47235335,370.1208626,5.804893867,991.41 E,187.5271835,1258.410485,170.0625569,6.581667657,0.567097238,4.959931606,0.378603811,12.23209995,1.692143612,16.43 E,2.763533659
SOFT DRINKS - REGULAR ,46A,Male,31-50 Years,2005,22.1789139,116.8199282,10.8822715,F,F,370.1573894,58.18509617,739.9565229,47.54990868,1.381247497,0.131931977,F,F,5.188167431,0.477690346,7.796505245,0.841437918,526.7161805,23.52480826,370.1220687,10.00533783,840.1409016,115.2190065,1152.641961,102.8537627,6.227750841,0.293329189,4.756565885,0.309140317,10.64144502,0.823731725,14.34603999,1.659504085
SOFT DRINKS - REGULAR ,46A,Male,51-70 Years,2151,16.48507093,84.83509013,8.518371693,F,F,370.0774726,7.19062172,515.999155,22.63722806,0.965696773,0.098272897,F,F,4.381985263,0.335562012,5.943332582,0.415218434,514.6176834,27.99614052,371.9608611,23.48396148,976.3502646,124.559129,1189.165127,164.1214427,5.858007993,0.333637032,4.660050081,0.11237806,10.18870831,1.595569164,14.54323275,1.575024138
SOFT DRINKS - REGULAR ,46A,Male,71+ Years,1180,12.19193607,46.56599857,7.368807368,F,F,F,F,370.062983,15.28950201,0.6 E,0.102630489,F,F,F,F,4.80659879,0.497870928,381.9409673,32.63483771,369.9057832,23.01806659,673.1 E,146.0595996,819.4 E,212.8890125,4.956553491,0.481851352,4.476348713,0.34579976,7.74 E,1.330269902,10 E,2.588512008
SOFT DRINKS - REGULAR ,46A,Male,19+ Years,6193,20.20749114,102.9806621,5.995911633,F,F,370.1369189,5.44948626,615.7757579,82.38596483,1.23916955,0.074774935,F,F,4.745257786,0.18941492,6.923290951,0.40627331,509.6162676,16.88025889,370.1339097,1.147210656,873.8106485,102.3735581,1200.230138,73.13111378,6.132228595,0.217214285,4.74380139,0.117550919,11.01052055,0.799866066,15.66363699,1.273429584
SOFT DRINKS - REGULAR ,46A,Female,9-13 Years,939,17.75347362,50.60907094,6.224723854,F,F,206.62 E,34.56300408,366.1355271,18.69325213,1.161063783,0.140846669,F,F,4.659210155,0.690435096,7.968735791,0.615249725,285.06574,21.64556501,208.51 E,53.30203994,495.17 E,97.274635,732.32 E,126.2065474,6.53992457,0.442449681,5.312224224,0.798295509,10.85898384,1.323111898,14.27429187,1.760746251
SOFT DRINKS - REGULAR ,46A,Female,14-18 Years,990,19.72211001,77.62002287,8.235217473,F,F,369.9715713,12.23344536,504.5448394,66.76948529,1.305740546,0.139449197,F,F,5.902905458,0.425096947,7.591278466,0.62093885,393.5685525,19.34270178,369.9852102,2.156067209,617.5202303,79.46346567,740.0807509,34.07723617,6.620693961,0.334017262,6.072426548,0.358903811,11.39978721,0.937542679,13.11976907,1.291565468
SOFT DRINKS - REGULAR ,46A,Female,19-30 Years,992,18.63312401,69.90340408,10.26276906,F,F,367.451182,36.04332686,374.3344295,32.57736703,1.053327625,0.156271592,F,F,5.105682021,0.536065964,6.058893175,0.411462654,375.1566513,23.67080777,368.0495843,7.345657176,557.77 E,131.1608959,740.19 E,128.7786008,5.652984567,0.394604846,5.369644473,0.258050294,9.61 E,1.713184003,12.39241036,1.787707972
SOFT DRINKS - REGULAR ,46A,Female,31-50 Years,2384,12.03178481,51.49126295,5.861813809,F,F,F,F,369.9490364,34.50743329,0.734603864,0.090587121,F,F,2.6 E,0.818888731,5.751682712,0.398398004,427.9603049,22.84424506,369.1087554,4.830107401,758.1753091,33.43392037,950.4267375,102.3084849,6.105526945,0.420773523,5.104889744,0.386801948,12.98398673,2.00231351,14.26899582,1.182056558
SOFT DRINKS - REGULAR ,46A,Female,51-70 Years,2314,12.12937139,49.16303373,7.479602027,F,F,F,F,364.2450571,29.06302377,0.721081006,0.114072231,F,F,F,F,4.962931862,0.549009396,405.3221897,41.61984356,312.36872,31.42541298,760.4472619,109.2934438,761.05 E,235.8272387,5.944916543,0.624877702,4.637560023,0.371061496,10.80821413,1.190175455,F,F
SOFT DRINKS - REGULAR ,46A,Female,71+ Years,1448,7.813410764,26.2 E,4.50560363,F,F,F,.,208.47 E,65.9248245,0.41 E,0.069266648,F,F,F,.,4.08 E,0.731682732,335.2607612,28.0467516,359.45 E,71.46199588,696.71 E,129.1533621,739.106772,69.28558448,5.215471436,0.378782793,4.463527681,0.398445697,10.42478596,1.639753512,11.05038465,0.949199695
SOFT DRINKS - REGULAR ,46A,Female,19+ Years,7138,12.54230338,50.28356224,3.732819515,F,F,204.8080025,28.36432586,369.9377511,2.056835878,0.737040182,0.057019511,F,F,2.943747102,0.370774648,5.599081124,0.218738791,400.9117043,16.76160903,366.9989892,2.551486935,740.1596999,24.22746413,775.2773081,90.30998118,5.876434015,0.270071222,4.982297376,0.190514222,10.86273216,0.820239496,13.55805651,0.849996915
SOFT DRINKS - ASPARTAME ,46B,Both,All ages,19670,6.697804689,32.8269502,2.540116235,F,F,F,.,270.27 E,45.22967071,0.391889076,0.028152992,F,F,F,.,3.400818315,0.390872814,490.1150709,25.21763625,355.3570517,0.001498279,888.35077,107.1134429,1270.303254,150.1851714,5.837325215,0.260545019,4.69408156,0.157737011,9.83706919,1.35190039,14.8664465,1.526268189
SOFT DRINKS - ASPARTAME ,46B,Both,1-3 Years,1288,F,F,F,F,F,F,.,F,.,F,F,F,F,F,.,F,.,F,F,F,.,F,.,F,.,F,F,F,.,F,.,F,.
SOFT DRINKS - ASPARTAME ,46B,Both,4-8 Years,1199,F,F,F,F,F,F,.,F,.,F,F,F,F,F,.,F,.,F,F,F,.,F,.,F,.,F,F,F,.,F,.,F,.
SOFT DRINKS - ASPARTAME ,46B,Both,9-13 Years,1962,2.551983627,7.15 E,1.55627657,F,F,F,.,F,.,0.15 E,0.035606448,F,F,F,.,F,.,280.3042633,40.96359935,238.61 E,52.69111155,494.9560066,73.85217357,564.7620962,78.69030968,6.019231558,0.889529003,5.95 E,1.150554952,12.94 E,3.517111079,14.7 E,3.180032577
SOFT DRINKS - ASPARTAME ,46B,Both,14-18 Years,1890,2.616191585,10.41 E,1.893216526,F,F,F,.,F,.,0.16 E,0.029075311,F,F,F,.,F,.,398.0074754,34.37138751,355.356598,0.001950464,662.35 E,114.5293613,728.3224659,66.88277312,6.026407153,0.483629064,5.445260565,0.448201189,8.955350598,0.885261231,9.89 E,1.653254765
SOFT DRINKS - ASPARTAME ,46B,Both,19-30 Years,1849,5.030472461,19.12 E,3.684718488,F,F,F,.,F,F,0.24 E,0.045140916,F,F,F,.,F,F,380.0321318,34.79503979,355.3550915,11.9111552,710.7148813,111.5156969,F,F,4.806601386,0.461178155,3.752484388,0.587034204,8.862959782,1.111859722,9.68 E,1.812361835
SOFT DRINKS - ASPARTAME ,46B,Both,31-50 Years,4389,7.688515172,42.03020803,6.094478276,F,F,F,.,355.3560571,33.85603357,0.488975616,0.070300205,F,F,F,.,3.940061205,0.542386202,546.662224,49.15358981,355.3579052,34.09815438,1351.68 E,300.7506611,1421.432236,108.5200063,6.359818573,0.562203963,4.801858206,0.294770722,14.01 E,2.794648232,16.31885736,1.576357307
SOFT DRINKS - ASPARTAME ,46B,Both,51-70 Years,4465,10.21765022,52.03525809,6.086043548,F,F,F,F,355.3577951,38.72983171,0.594190697,0.062869788,F,F,F,F,4.866251751,0.413264504,509.2683442,41.61024302,355.3575991,18.37221176,875.3255269,70.1798831,1066.07 E,229.585929,5.815336054,0.388725495,4.852436361,0.276066927,8.834577616,0.823200734,12.04 E,2.527383731
SOFT DRINKS - ASPARTAME ,46B,Both,71+ Years,2628,6.685340691,26.85 E,4.934495496,F,F,F,.,180.18 E,44.16556309,0.34 E,0.057286809,F,F,F,.,2.57 E,0.63388267,401.6949598,57.873897,353.8385866,54.45129902,710.71 E,204.8826653,F,F,5.081327826,0.642640767,3.768063632,0.390834534,9.24 E,2.02429833,14.03 E,2.981737605
SOFT DRINKS - ASPARTAME ,46B,Both,1-18 Years,6339,1.585118458,5.042815256,0.677482859,F,F,F,.,F,.,0.094142868,0.012740336,F,F,F,.,F,.,318.1349148,26.90368313,355.355169,48.55603415,549.8494785,86.81224192,674.7880242,76.87773009,5.869395411,0.453638419,5.407916449,0.46038203,9.330853097,1.516458617,13.99 E,2.563480721
SOFT DRINKS - ASPARTAME ,46B,Both,19+ Years,13331,7.953527826,39.65099133,3.140112305,F,F,F,.,355.3552564,16.90938911,0.464148448,0.034724733,F,F,F,.,3.86181968,0.278720192,498.5333828,26.29110764,355.3571673,0.001382686,888.3680145,117.6672826,1353.412642,178.1434212,5.835755634,0.273847663,4.692601366,0.162378142,9.839824915,1.455150035,15.18821231,1.626770668
SOFT DRINKS - ASPARTAME ,46B,Male,9-13 Years,1023,F,8.95 E,2.512913978,F,F,F,.,F,.,0.18 E,0.055693995,F,F,F,.,F,.,F,F,F,.,F,.,F,.,F,F,F,.,F,.,F,.
SOFT DRINKS - ASPARTAME ,46B,Male,14-18 Years,900,2.586903477,10.77 E,2.551378455,F,F,F,.,F,.,0.16 E,0.039187474,F,F,F,.,F,.,416.4226316,32.16180689,355.3566978,6.928916348,647.57 E,133.379349,756.6069929,92.04279728,6.093261973,0.483949366,5.221210922,0.661842032,8.7 E,1.508692246,10.69 E,1.914433499
SOFT DRINKS - ASPARTAME ,46B,Male,19-30 Years,857,4.272237842,16.05 E,3.721893345,F,F,F,.,F,.,0.18 E,0.042792271,F,F,F,.,F,.,375.62 E,69.2984266,340.2603242,56.39191263,700.43 E,189.6756803,1165.06 E,323.4260506,4.33 E,0.808083567,3.58 E,0.685735204,8 E,1.519563199,10.32 E,2.287427697
SOFT DRINKS - ASPARTAME ,46B,Male,31-50 Years,2005,7.566954417,46.56 E,10.74652655,F,F,F,.,355.36 E,71.18267364,0.5 E,0.121579544,F,F,F,.,3.61 E,0.814369614,615.3270204,89.11047159,355.36 E,88.06683769,1356.57 E,259.5372514,1418.864232,227.0252196,6.589569099,1.052875905,4.11 E,0.900136584,16.23 E,3.873221852,16.3 E,2.750296899
SOFT DRINKS - ASPARTAME ,46B,Male,51-70 Years,2151,11.17847578,58.91725133,8.257057285,F,F,F,F,600.6 E,169.3104825,0.611691737,0.084346689,F,F,F,F,5.79 E,1.024419721,527.0597933,39.77221033,390.39 E,117.5123637,880.4489706,68.01988591,1066.065673,111.5625019,5.472049585,0.409588061,5.126563489,0.736770841,8.453917832,0.393010541,9.08 E,1.535306764
SOFT DRINKS - ASPARTAME ,46B,Male,71+ Years,1180,6.713882659,34.18 E,10.02236217,F,F,F,.,F,F,0.39 E,0.109593949,F,F,F,.,F,F,509.05 E,106.8862588,355.3568355,33.56826821,924.59 E,302.815146,1333.33 E,373.6517495,5.8 E,1.143934266,4.375462214,0.482236535,10.14 E,3.289498772,15.53 E,4.362882981
SOFT DRINKS - ASPARTAME ,46B,Male,19+ Years,6193,8.078069603,43.83055753,5.066558544,F,F,F,.,355.3562812,22.07055526,0.467839292,0.055576632,F,F,F,.,3.646452974,0.34263239,542.5870249,39.12431222,355.3581483,32.53863281,1066.073295,172.2556729,1363.804573,171.4791021,5.791473888,0.444025513,4.424510745,0.360912877,10.35 E,2.416428156,16.21 E,2.873661541
SOFT DRINKS - ASPARTAME ,46B,Female,9-13 Years,939,F,5.26 E,1.661482919,F,F,F,.,F,.,0.12 E,0.040035299,F,F,F,.,F,.,F,F,F,.,F,.,F,.,F,F,F,.,F,.,F,.
SOFT DRINKS - ASPARTAME ,46B,Female,14-18 Years,990,2.647159027,10.03 E,2.723946401,F,F,F,.,F,.,0.16 E,0.042135237,F,F,F,.,F,.,378.98 E,64.19886767,355.356463,25.89818866,710.78 E,212.1648968,724.99 E,223.8711977,5.957328013,0.890056278,5.457251094,0.796023054,8.768872202,1.208433573,9.41 E,2.867055772
SOFT DRINKS - ASPARTAME ,46B,Female,19-30 Years,992,5.870070184,22.52 E,6.335450187,F,F,F,.,F,F,0.3 E,0.079373313,F,F,F,.,F,F,383.5874424,34.91975795,355.3555398,12.53082803,558.29 E,151.7153272,710.72 E,191.4302363,5.193747078,0.595425646,4.3 E,0.942162169,8.842120937,1.330050571,9.663173727,1.517765348
SOFT DRINKS - ASPARTAME ,46B,Female,31-50 Years,2384,7.804844296,37.69391558,5.683516201,F,F,F,.,355.36 E,62.65436854,0.479737026,0.069284815,F,F,F,.,4.67 E,0.86020887,482.955382,41.88715082,355.3572131,35.69038175,765.83 E,227.5313397,1439.2 E,271.8180691,6.146657227,0.508138254,4.86528477,0.268800485,9.82 E,2.990099494,17.78 E,2.970699116
SOFT DRINKS - ASPARTAME ,46B,Female,51-70 Years,2314,9.27871115,45.31 E,9.649842638,F,F,F,.,355.3559462,20.92165151,0.58 E,0.101019018,F,F,F,.,4.58414856,0.428071253,488.3224395,76.83095056,355.3565152,6.438061944,761.48 E,236.4152846,F,F,6.219487825,0.67866059,4.771684583,0.251920664,10.9 E,2.938527084,F,F
SOFT DRINKS - ASPARTAME ,46B,Female,71+ Years,1448,6.662730412,21.05 E,3.642336997,F,F,F,.,F,F,0.3 E,0.052164709,F,F,F,.,F,F,315.9991852,38.74595272,222.22 E,66.75781247,650.9 E,145.197888,794.1074557,109.5713271,4.511041886,0.556233381,3.455239298,0.518054703,7.76 E,1.92815554,11.74 E,2.186445545
SOFT DRINKS - ASPARTAME ,46B,Female,19+ Years,7138,7.833290287,35.61587341,3.964109098,F,F,F,.,355.2755699,37.41058214,0.460585162,0.044257412,F,F,F,.,4.192616779,0.402196152,454.6732229,36.38747001,355.3562899,0.002252452,731.4971535,77.41056528,1066.07 E,267.9419097,5.879842896,0.354767872,4.799334495,0.163876353,9.77179516,1.287557606,14.2 E,2.822276265
FRUIT DRINKS,46C,Both,All ages,19670,8.580971047,27.6948668,1.812647553,F,F,F,.,210.4711993,12.39062978,0.534044406,0.033488805,F,F,F,.,3.561074202,0.243158533,322.7474682,13.66358119,252.7034326,12.40203879,559.2166996,37.57302046,829.7896125,108.9236226,6.225533131,0.28261485,4.259067184,0.197180945,12.60945637,1.090453137,19.03608852,1.724550492
FRUIT DRINKS,46C,Both,1-3 Years,1288,9.923853696,23.84 E,5.637682567,F,F,F,.,200.47 E,38.34106915,1.82 E,0.48429388,F,F,F,.,14.74 E,3.519064229,240.2127385,35.44236843,200.5837712,18.51490496,F,F,F,F,18.33 E,3.135232096,14.75476695,2.002288758,F,F,F,F
FRUIT DRINKS,46C,Both,4-8 Years,1199,17.11488629,44.93741537,4.595920411,F,F,200.9340318,10.4193349,281.8543259,30.48836768,1.96593249,0.200124138,F,F,9.893518108,0.921180799,12.71178427,1.07235307,262.5633301,13.49486733,209.2276736,20.71510131,400.9607676,45.20925783,559.4858303,58.87403208,11.48668157,0.595607214,10.39560243,0.490349459,19.05211249,1.437877051,23.64880071,1.875487164
FRUIT DRINKS,46C,Both,9-13 Years,1962,19.39884477,61.95651598,5.324266114,F,F,247.9991906,29.52363115,401.819195,18.6556699,1.499838951,0.135287782,F,F,6.224713609,0.560292635,8.912090551,0.744731222,319.382503,15.18626797,269.8814955,27.98515501,541.2271822,50.82899534,714.8641265,73.95430781,7.731589013,0.420194101,6.428493275,0.409025117,12.74621397,1.458251605,16.47218263,1.969070647
FRUIT DRINKS,46C,Both,14-18 Years,1890,12.99533916,52.63137045,6.45026686,F,F,202.8518706,26.99262556,373.8745907,43.39510506,0.787092473,0.094947498,F,F,2.976013822,0.44593213,5.260341164,0.617622315,405.0018996,30.40238623,291.0585732,18.36394011,817.3130401,76.65865875,863.6743852,123.2594253,6.056728977,0.490940095,4.380434109,0.360437861,10.79599574,1.209371593,14.9131793,2.24396421
FRUIT DRINKS,46C,Both,19-30 Years,1849,7.388431821,30.11 E,7.287831817,F,F,F,.,249.82 E,64.3471313,0.45 E,0.123781606,F,F,F,.,3.57 E,0.936623502,407.5202008,64.08529199,344.6193453,51.95092782,719.65 E,237.400206,1102.65 E,300.1552018,6.12 E,1.189326278,4.708578739,0.560558693,F,F,19.46 E,5.855096256
FRUIT DRINKS,46C,Both,31-50 Years,4389,6.995457338,26.45939895,4.093096697,F,F,F,.,201.0883237,32.16441932,0.344479341,0.054817974,F,F,F,.,2.98 E,0.499079474,378.2368709,39.49236659,285.9606852,29.66235464,736.1 E,208.2315175,1029.68 E,228.6275649,4.924329088,0.530741792,3.518984094,0.3819397,9.01 E,2.100767797,13.03 E,3.372220283
FRUIT DRINKS,46C,Both,51-70 Years,4465,6.12875611,15.42490649,1.537720315,F,F,F,.,F,F,0.196000805,0.019423539,F,F,F,.,F,F,251.6808665,13.99268683,210.4993126,10.2333379,422.0742528,52.01142597,564.4054346,39.25383917,3.198051966,0.172231311,2.710271035,0.222683506,5.914992855,0.325514632,7.106194927,0.374003416
FRUIT DRINKS,46C,Both,71+ Years,2628,8.186623903,19.97530345,2.127780908,F,F,F,.,192.272227,14.55848715,0.277228004,0.030026424,F,F,F,.,2.749701142,0.287335505,243.9992809,10.99002648,212.0829691,8.085170437,410.3833281,33.54121564,518.1393453,49.43822202,3.386353243,0.166837599,3.143287108,0.163800305,5.862518996,0.667283832,6.940839001,1.016499894
FRUIT DRINKS,46C,Both,1-18 Years,6339,15.34608268,48.1755488,3.071734662,F,F,201.0139551,5.394729698,319.7057496,29.06252017,1.47534926,0.108636158,F,F,5.51935294,0.501113781,10.29027724,0.451694458,313.9273377,12.2924229,247.9869432,16.46042116,566.0370139,41.19851133,804.1063638,61.02964264,9.571611343,0.468721255,7.304845533,0.274344464,19.00189679,1.355913722,23.77104887,1.832713382
FRUIT DRINKS,46C,Both,19+ Years,13331,6.919396912,22.66462143,2.033127309,F,F,F,.,200.0472766,10.52418396,0.3056012,0.029871674,F,F,F,.,2.598895669,0.231026403,327.5519777,20.1844286,253.0078933,17.36605903,556.6308917,71.98534621,860.59 E,183.2413061,4.416587229,0.311256567,3.341339566,0.141262171,7.574543447,0.979853989,10.58 E,3.325843564
FRUIT DRINKS,46C,Male,9-13 Years,1023,18.46656945,57.38042614,6.397923332,F,F,209.6195012,29.21395638,372.0917688,41.45502103,1.407315647,0.168527735,F,F,5.229402192,0.568128548,8.224259933,1.112394957,310.7259651,20.88202483,223.297577,31.39348422,616.2747768,88.62564273,770.6923761,68.40427813,7.620882974,0.586662533,5.744482105,0.504397819,15.08812759,2.059782412,18.27844223,2.681407073
FRUIT DRINKS,46C,Male,14-18 Years,900,13.88480439,57.23 E,9.952310475,F,F,209.59 E,45.75025705,382.960338,57.67943197,0.79 E,0.134901822,F,F,3.2 E,0.651375275,4.924947859,0.699080411,412.1506867,48.64266753,294.4598423,29.7071498,834.66 E,160.7188251,863.12 E,277.9118904,5.692487248,0.751379451,3.834027859,0.435358038,9.057842763,1.224559959,F,F
FRUIT DRINKS,46C,Male,19-30 Years,857,8.222957809,F,F,F,F,F,.,F,F,F,F,F,F,F,.,F,F,459.61 E,102.3759112,393.88 E,95.17860446,1085.17 E,341.6719031,1134.81 E,304.7186768,6.84 E,1.931331087,4.86 E,1.294954092,F,F,19.62 E,6.070081476
FRUIT DRINKS,46C,Male,31-50 Years,2005,6.380180039,29.47 E,7.395200878,F,F,F,.,F,F,0.35 E,0.096071114,F,F,F,.,F,F,461.9729603,75.43346209,344.4945824,39.09340776,1004.94 E,288.5496771,1413.57 E,332.1337295,5.47 E,1.043860163,3.53 E,0.603122691,F,F,17.91 E,5.285488479
FRUIT DRINKS,46C,Male,51-70 Years,2151,6.20463023,16.86241788,2.302919253,F,F,F,.,F,F,0.19265254,0.025116558,F,F,F,.,F,F,271.7715199,18.0160748,216.017353,12.05216542,522.694901,57.52122669,612.4697198,42.11573002,3.104980203,0.200076243,2.382737925,0.154456401,5.683712809,0.550374296,7.023926339,0.397364652
FRUIT DRINKS,46C,Male,71+ Years,1180,7.315256937,19.47748048,2.977595074,F,F,F,.,198.17 E,50.17433937,0.235413515,0.035835678,F,F,F,.,2.36 E,0.577175578,266.2583234,18.06819536,219.8654129,24.66648408,425.4841096,47.88546309,556.35196,84.43876854,3.218116833,0.206451327,2.864280036,0.156289102,6.151714683,0.948018332,6.754990367,0.528297606
FRUIT DRINKS,46C,Male,19+ Years,6193,6.75416514,25.71532927,3.821834658,F,F,F,.,202.3350532,19.64472992,0.32 E,0.056126412,F,F,F,.,2.386394402,0.264847523,380.7329068,37.00101649,283.5601162,22.15157269,741.49 E,205.8813531,1107.38 E,199.0260396,4.787959811,0.596648586,3.215102448,0.30302363,F,F,18.03 E,5.073780164
FRUIT DRINKS,46C,Female,9-13 Years,939,20.38001957,66.77262973,8.512009546,F,F,281.5096836,45.5277431,428.1211384,27.37810251,1.597215264,0.213341682,F,F,7.144148905,0.654144788,9.157744782,0.785894206,327.6377116,21.29657789,278.1360542,31.97017244,518.4549009,42.82745492,637.29 E,128.1173125,7.837162564,0.582752807,7.133527148,0.440386773,12.29708685,1.313043974,15.6266284,2.512930235
FRUIT DRINKS,46C,Female,14-18 Years,990,12.05487341,47.77295737,7.745386774,F,F,F,F,362.31 E,67.00670124,0.78360511,0.127055747,F,F,F,F,5.79 E,0.988091954,396.2958029,33.8514844,289.0772768,32.11446356,816.6517359,79.87566124,862.9361585,129.0457556,6.50031803,0.600051251,5.227096675,0.636284591,12.50786057,1.69206871,16.36100386,2.435265402
FRUIT DRINKS,46C,Female,19-30 Years,992,6.464356209,21.6 E,4.1905424,F,F,F,.,F,F,0.33 E,0.063841359,F,F,F,.,F,F,334.148722,27.40313034,299.2847362,34.11520428,561.4419359,43.74776225,565.5220886,27.10384698,5.093745219,0.450179363,4.65093205,0.434970585,8.811121111,0.830237571,9.739505481,0.813638903
FRUIT DRINKS,46C,Female,31-50 Years,2384,7.584254839,23.57386163,3.670075583,F,F,F,.,200.61 E,36.87849864,0.340061135,0.053578734,F,F,F,.,3.09 E,0.627217517,310.8263386,26.1886905,244.0851143,38.69003359,545.508,70.63623122,698.28 E,127.7859099,4.483777803,0.364543623,3.485376048,0.470401809,7.557520369,0.859481138,9.53 E,1.704461431
FRUIT DRINKS,46C,Female,51-70 Years,2314,6.054610313,14.02013992,2.011051039,F,F,F,.,F,F,0.199272801,0.028592797,F,F,F,.,F,F,231.561392,22.20581089,203.1362397,25.71227504,403.0953538,28.65435986,440.4 E,104.2827418,3.291257246,0.308964906,3.054757187,0.306688161,5.924231563,0.5158615,7.12 E,1.247526712
FRUIT DRINKS,46C,Female,71+ Years,1448,8.876900389,20.36966714,2.847881201,F,F,F,.,192.1493908,16.84311987,0.310352462,0.044776828,F,F,F,.,3.094345178,0.354722631,229.4682406,13.21977046,206.5433969,10.31989775,393.6102156,62.92315554,503.583217,72.60589402,3.49618052,0.248919534,3.240709359,0.165434363,5.46 E,1.127334277,7.68 E,1.605731043
FRUIT DRINKS,46C,Female,19+ Years,7138,7.078918175,19.71934786,1.723374606,F,F,F,.,198.5898475,22.98769573,0.288430366,0.025174399,F,F,F,.,2.790916965,0.420742277,278.5644271,13.405194,213.9672172,28.57437273,485.0531589,42.97443002,566.0425858,55.66816197,4.07449781,0.191899492,3.385778546,0.170192754,7.534351752,0.469417368,9.287888164,0.774559904
OTHER BEVERAGES (MALTED MILK- INSTANT BREAKFAST),46D,Both,All ages,19670,2.638437291,1.162480573,0.189733566,F,F,F,.,F,.,0.020423921,0.002945372,F,F,F,.,F,.,44.05943538,5.884007428,26.92971748,1.631305988,58.39 E,12.19936202,F,F,0.772276002,0.09155951,0.460327287,0.025989473,1.36 E,0.244333435,F,F
OTHER BEVERAGES (MALTED MILK- INSTANT BREAKFAST),46D,Both,1-3 Years,1288,F,0.37 E,0.116028843,F,F,F,.,F,.,0.03 E,0.008195738,F,F,F,.,F,.,F,F,F,.,F,.,F,.,F,F,F,.,F,.,F,.
OTHER BEVERAGES (MALTED MILK- INSTANT BREAKFAST),46D,Both,4-8 Years,1199,5.248938593,1.52 E,0.354947661,F,F,F,.,F,F,0.06 E,0.014438994,F,F,F,.,F,F,28.86640324,4.01155536,20.17 E,5.971220827,46.99 E,11.27534698,70.91 E,20.14193735,1.205863553,0.162673483,0.953200995,0.133958185,2.21 E,0.506324002,2.9 E,0.756092387
OTHER BEVERAGES (MALTED MILK- INSTANT BREAKFAST),46D,Both,9-13 Years,1962,6.401808337,2.15 E,0.434062339,F,F,F,.,F,F,0.05 E,0.010374397,F,F,F,.,F,F,33.57217442,5.555960369,26.21995208,2.579171351,44.19 E,11.65959448,F,F,0.816803441,0.130928625,0.649256426,0.066758276,1.399302632,0.232311644,1.74 E,0.563316429
OTHER BEVERAGES (MALTED MILK- INSTANT BREAKFAST),46D,Both,14-18 Years,1890,5.536457957,2.59 E,0.526379498,F,F,F,.,F,F,0.04 E,0.006634849,F,F,F,.,F,F,46.69 E,7.836265774,36.61164972,5.349383356,59.16 E,19.43815857,F,F,0.68790948,0.07904129,0.560449657,0.067289492,1.07 E,0.191687907,F,F
OTHER BEVERAGES (MALTED MILK- INSTANT BREAKFAST),46D,Both,19-30 Years,1849,4.656470752,F,F,F,F,F,.,F,.,F,F,F,F,F,.,F,.,F,F,35.51 E,7.318499119,F,F,F,F,F,F,0.45 E,0.084548346,F,F,F,F
OTHER BEVERAGES (MALTED MILK- INSTANT BREAKFAST),46D,Both,31-50 Years,4389,1.176430433,0.54 E,0.155120932,F,F,F,.,F,.,0.01 E,0.002198698,F,F,F,.,F,.,45.91 E,11.37591821,27.07 E,4.933135852,F,F,F,F,0.59 E,0.166193024,0.29 E,0.069721584,F,F,F,F
OTHER BEVERAGES (MALTED MILK- INSTANT BREAKFAST),46D,Both,51-70 Years,4465,1.898554361,0.54 E,0.106130452,F,F,F,.,F,.,0.01 E,0.001413463,F,F,F,.,F,.,28.53072487,4.166428147,18.62049862,2.910797346,42.82765945,3.942206237,F,F,0.373392208,0.056378779,0.24 E,0.060129639,0.594608572,0.044114252,F,F
OTHER BEVERAGES (MALTED MILK- INSTANT BREAKFAST),46D,Both,71+ Years,2628,1.630296448,0.56 E,0.151678785,F,F,F,.,F,.,0.01 E,0.002082153,F,F,F,.,F,.,34.18 E,6.97626586,26.88931196,2.944353613,F,F,F,F,0.47 E,0.082655191,0.41 E,0.07460979,F,F,F,F
OTHER BEVERAGES (MALTED MILK- INSTANT BREAKFAST),46D,Both,1-18 Years,6339,5.022546855,1.801479649,0.224135587,F,F,F,.,F,F,0.047103123,0.005738374,F,F,F,.,F,F,35.86785152,3.245398824,26.91324787,1.845491062,57.95858436,5.040416567,76.59 E,22.01177122,0.926678103,0.073077671,0.731123577,0.051508733,1.567480297,0.256526729,2.33 E,0.408377233
OTHER BEVERAGES (MALTED MILK- INSTANT BREAKFAST),46D,Both,19+ Years,13331,2.052877879,1.01 E,0.231507753,F,F,F,.,F,.,0.01 E,0.003414076,F,F,F,.,F,.,48.98 E,9.304106975,26.93174873,2.931086325,F,F,F,F,0.68 E,0.139252663,0.398744086,0.036889057,F,F,F,F
OTHER BEVERAGES (MALTED MILK- INSTANT BREAKFAST),46D,Male,9-13 Years,1023,6.6262529,2.4 E,0.777839208,F,F,F,.,F,F,0.06 E,0.01821899,F,F,F,.,F,F,36.22 E,10.13328297,21.35 E,5.420677492,F,F,F,F,0.9 E,0.234166015,0.654912191,0.081385811,F,F,F,F
OTHER BEVERAGES (MALTED MILK- INSTANT BREAKFAST),46D,Male,14-18 Years,900,4.725697652,F,F,F,F,F,.,F,.,0.03 E,0.009184689,F,F,F,.,F,.,49.7 E,15.17087175,39.76 E,8.647148474,F,F,F,F,0.66 E,0.147425005,0.566307071,0.073835113,F,F,F,F
OTHER BEVERAGES (MALTED MILK- INSTANT BREAKFAST),46D,Male,19-30 Years,857,F,F,F,F,F,F,.,F,.,F,F,F,F,F,.,F,.,F,F,F,.,F,.,F,.,F,F,F,.,F,.,F,.
OTHER BEVERAGES (MALTED MILK- INSTANT BREAKFAST),46D,Male,31-50 Years,2005,1.216911313,F,F,F,F,F,.,F,.,F,F,F,F,F,.,F,.,F,F,F,F,F,F,F,F,F,F,F,F,F,F,F,F
OTHER BEVERAGES (MALTED MILK- INSTANT BREAKFAST),46D,Male,51-70 Years,2151,1.50700574,0.47 E,0.137748803,F,F,F,.,F,.,0.01 E,0.001772158,F,F,F,.,F,.,31.28 E,7.881309921,19 E,4.920736392,F,F,F,F,0.38 E,0.110739638,F,F,F,F,F,F
OTHER BEVERAGES (MALTED MILK- INSTANT BREAKFAST),46D,Male,71+ Years,1180,F,F,F,F,F,F,.,F,.,F,F,F,F,F,.,F,.,F,F,F,.,F,.,F,.,F,F,F,.,F,.,F,.
OTHER BEVERAGES (MALTED MILK- INSTANT BREAKFAST),46D,Male,19+ Years,6193,1.505072968,F,F,F,F,F,.,F,.,F,F,F,F,F,.,F,.,78.73 E,23.89669842,29.32205616,4.117543115,F,F,F,F,1.09 E,0.360543402,0.39 E,0.070554325,F,F,F,F
OTHER BEVERAGES (MALTED MILK- INSTANT BREAKFAST),46D,Female,9-13 Years,939,6.165591264,1.89 E,0.359053282,F,F,F,.,F,F,0.04 E,0.009339152,F,F,F,.,F,F,30.57828857,3.136838254,26.9289287,3.216008913,44.07771889,6.429977226,55.18 E,9.203803393,0.723309585,0.090208243,0.53 E,0.133953838,1.329673475,0.207057515,1.4 E,0.332053588
OTHER BEVERAGES (MALTED MILK- INSTANT BREAKFAST),46D,Female,14-18 Years,990,6.39370597,2.84 E,0.620767937,F,F,F,.,F,F,0.05 E,0.00934319,F,F,F,.,F,F,44.3441572,7.215745957,35.09 E,5.982863553,58.86 E,17.76925872,F,F,0.705863221,0.082351293,0.51 E,0.134951384,1.19 E,0.20004587,1.48 E,0.318453801
OTHER BEVERAGES (MALTED MILK- INSTANT BREAKFAST),46D,Female,19-30 Years,992,F,F,F,F,F,F,.,F,F,F,F,F,F,F,.,F,F,F,F,F,.,F,.,F,.,F,F,F,.,F,.,F,.
OTHER BEVERAGES (MALTED MILK- INSTANT BREAKFAST),46D,Female,31-50 Years,2384,1.137691736,0.4 E,0.114773348,F,F,F,.,F,.,0 E,0.00127015,F,F,F,.,F,.,34.8 E,8.809401475,26.9 E,7.366149725,58.77 E,16.56316378,F,F,0.44 E,0.101341448,F,F,0.82 E,0.188125315,1.16 E,0.281879476
OTHER BEVERAGES (MALTED MILK- INSTANT BREAKFAST),46D,Female,51-70 Years,2314,2.281183962,0.61 E,0.162515388,F,F,F,.,F,.,0.01 E,0.00220008,F,F,F,.,F,.,26.76 E,5.118789539,18.62 E,3.575357703,37.81009357,5.24966416,43.46389906,4.927361135,0.37 E,0.065395882,0.26 E,0.066088234,0.609856044,0.098351427,0.611252286,0.084341218
OTHER BEVERAGES (MALTED MILK- INSTANT BREAKFAST),46D,Female,71+ Years,1448,1.968019282,0.46 E,0.151509275,F,F,F,.,F,.,F,F,F,F,F,.,F,.,23.52 E,3.970480335,26.87 E,6.398107881,29.03 E,6.891270937,40.47 E,8.949096748,0.38 E,0.068569914,0.38 E,0.098856407,0.485787179,0.077723805,0.66 E,0.148015635
OTHER BEVERAGES (MALTED MILK- INSTANT BREAKFAST),46D,Female,19+ Years,7138,2.581750327,0.83 E,0.17935253,F,F,F,.,F,.,0.01 E,0.002450109,F,F,F,.,F,.,32.23879782,3.32787317,26.91 E,4.950931469,55.25543615,6.230757396,58.03915215,9.254215564,0.450646321,0.041006099,0.429598083,0.048448626,0.736014777,0.111625384,0.903547274,0.143563295
ENERGY DRINK,46E,Both,All ages,19670,0.556539997,2.56 E,0.468293399,F,F,F,.,F,.,0.03 E,0.005658579,F,F,F,.,F,.,459.7964985,45.24356262,369.3967081,57.3515431,647.36 E,110.0648542,977.98 E,244.4220294,5.589366599,0.528108803,4.561555157,0.453734962,8.275820729,0.965349539,10.07 E,2.152312765
ENERGY DRINK,46E,Both,1-3 Years,1288,F,F,F,F,F,F,.,F,.,F,F,F,F,F,.,F,.,F,F,F,.,F,.,F,.,F,F,F,.,F,.,F,.
ENERGY DRINK,46E,Both,4-8 Years,1199,F,F,F,F,F,F,.,F,.,F,F,F,F,F,.,F,.,F,F,F,.,F,.,F,.,F,F,F,.,F,.,F,.
ENERGY DRINK,46E,Both,9-13 Years,1962,F,F,F,F,F,F,.,F,.,F,F,F,F,F,.,F,.,F,F,F,.,F,.,F,.,F,F,F,.,F,.,F,.
ENERGY DRINK,46E,Both,14-18 Years,1890,F,F,F,F,F,F,.,F,.,F,F,F,F,F,.,F,.,F,F,F,.,F,.,F,.,F,F,F,.,F,.,F,.
ENERGY DRINK,46E,Both,19-30 Years,1849,2.247559063,9.83 E,2.733249199,F,F,F,.,F,.,0.12 E,0.033521834,F,F,F,.,F,.,437.47 E,73.84221917,288.55 E,79.93607526,548.23 E,158.5088242,943.98 E,251.1033228,5.221148485,0.834520569,4.41 E,0.798964188,8.06 E,1.530385081,9.893414126,1.180178081
ENERGY DRINK,46E,Both,31-50 Years,4389,0.624388489,2.79 E,0.66623766,F,F,F,.,F,.,0.03 E,0.007543307,F,F,F,.,F,.,446.7541783,33.59545393,431.2531396,48.43520455,627.2211861,97.83323447,716.9137617,111.4894662,5.337244736,0.383799213,4.981871113,0.307988327,7.558917805,0.806624715,8.104949507,0.706261632
ENERGY DRINK,46E,Both,51-70 Years,4465,F,F,F,F,F,F,.,F,.,F,F,F,F,F,.,F,.,F,F,F,.,F,.,F,.,F,F,F,.,F,.,F,.
ENERGY DRINK,46E,Both,71+ Years,2628,F,F,F,F,F,F,.,F,.,F,F,F,F,F,.,F,.,F,F,F,.,F,.,F,.,F,F,F,.,F,.,F,.
ENERGY DRINK,46E,Both,1-18 Years,6339,F,F,F,F,F,F,.,F,.,F,F,F,F,F,.,F,.,F,F,F,.,F,.,F,.,F,F,F,.,F,.,F,.
ENERGY DRINK,46E,Both,19+ Years,13331,0.640472989,2.78 E,0.531285215,F,F,F,.,F,.,0.03 E,0.00639439,F,F,F,.,F,.,434.3905018,41.48475457,367.4661777,60.36069501,603.7028602,77.73817675,738.09 E,124.956181,5.188157745,0.464537267,4.495558556,0.500563482,7.894705259,0.918205764,8.879040136,0.764681802
ENERGY DRINK,46E,Male,9-13 Years,1023,F,F,F,F,F,F,.,F,.,F,F,F,F,F,.,F,.,F,F,F,.,F,.,F,.,F,F,F,.,F,.,F,.
ENERGY DRINK,46E,Male,14-18 Years,900,F,F,F,F,F,F,.,F,.,F,F,F,F,F,.,F,.,F,F,F,.,F,.,F,.,F,F,F,.,F,.,F,.
ENERGY DRINK,46E,Male,19-30 Years,857,F,F,F,F,F,F,.,F,.,F,F,F,F,F,.,F,.,F,F,F,.,F,.,F,.,F,F,F,.,F,.,F,.
ENERGY DRINK,46E,Male,31-50 Years,2005,F,4.24 E,1.277790616,F,F,F,.,F,.,0.05 E,0.013742823,F,F,F,.,F,.,F,F,F,.,F,.,F,.,F,F,F,.,F,.,F,.
ENERGY DRINK,46E,Male,51-70 Years,2151,F,F,F,F,F,F,.,F,.,F,F,F,F,F,.,F,.,F,F,F,.,F,.,F,.,F,F,F,.,F,.,F,.
ENERGY DRINK,46E,Male,71+ Years,1180,F,F,F,F,F,F,.,F,.,F,F,F,F,F,.,F,.,F,F,F,.,F,.,F,.,F,F,F,.,F,.,F,.
ENERGY DRINK,46E,Male,19+ Years,6193,0.959876143,4.01 E,0.965852357,F,F,F,.,F,.,0.05 E,0.011516702,F,F,F,.,F,.,417.5384265,44.16336157,F,F,658.8683588,101.1825307,748.12 E,145.5795106,4.815254132,0.396217711,4.489729042,0.590854348,7.206474199,1.152706309,8.822600608,0.972137773
ENERGY DRINK,46E,Female,9-13 Years,939,F,F,F,F,F,F,.,F,.,F,F,F,F,F,.,F,.,F,F,F,.,F,.,F,.,F,F,F,.,F,.,F,.
ENERGY DRINK,46E,Female,14-18 Years,990,F,F,F,F,F,F,.,F,.,F,F,F,F,F,.,F,.,F,F,F,.,F,.,F,.,F,F,F,.,F,.,F,.
ENERGY DRINK,46E,Female,19-30 Years,992,F,F,F,F,F,F,.,F,.,F,F,F,F,F,.,F,.,F,F,F,.,F,.,F,.,F,F,F,.,F,.,F,.
ENERGY DRINK,46E,Female,31-50 Years,2384,F,F,F,F,F,F,.,F,.,F,F,F,F,F,.,F,.,F,F,F,.,F,.,F,.,F,F,F,.,F,.,F,.
ENERGY DRINK,46E,Female,51-70 Years,2314,F,F,F,F,F,F,.,F,.,F,F,F,F,F,.,F,.,F,F,F,.,F,.,F,.,F,F,F,.,F,.,F,.
ENERGY DRINK,46E,Female,71+ Years,1448,F,F,F,F,F,F,.,F,.,F,F,F,F,F,.,F,.,F,F,F,.,F,.,F,.,F,F,F,.,F,.,F,.
ENERGY DRINK,46E,Female,19+ Years,7138,F,1.6 E,0.486790599,F,F,F,.,F,.,0.02 E,0.005935322,F,F,F,.,F,.,F,F,F,.,F,.,F,.,F,F,F,.,F,.,F,.
VITAMIN WATER,46F,Both,All ages,19670,0.580316024,2.43 E,0.655071512,F,F,F,.,F,.,0.03 E,0.008869078,F,F,F,.,F,.,418.7624181,51.14140843,485.7823145,58.02782361,587.9270045,28.82038681,591.2429109,92.20483194,5.907658635,0.789782801,6.191377979,0.945435223,10.43 E,2.09492033,13.4 E,2.660179513
VITAMIN WATER,46F,Both,1-3 Years,1288,F,F,F,F,F,F,.,F,.,F,F,F,F,F,.,F,.,F,F,F,.,F,.,F,.,F,F,F,.,F,.,F,.
VITAMIN WATER,46F,Both,4-8 Years,1199,F,F,F,F,F,F,.,F,.,F,F,F,F,F,.,F,.,F,F,F,.,F,.,F,.,F,F,F,.,F,.,F,.
VITAMIN WATER,46F,Both,9-13 Years,1962,F,F,F,F,F,F,.,F,.,F,F,F,F,F,.,F,.,F,F,F,.,F,.,F,.,F,F,F,.,F,.,F,.
VITAMIN WATER,46F,Both,14-18 Years,1890,F,F,F,F,F,F,.,F,.,F,F,F,F,F,.,F,.,F,F,F,.,F,.,F,.,F,F,F,.,F,.,F,.
VITAMIN WATER,46F,Both,19-30 Years,1849,F,F,F,F,F,F,.,F,.,F,F,F,F,F,.,F,.,F,F,F,.,F,.,F,.,F,F,F,.,F,.,F,.
VITAMIN WATER,46F,Both,31-50 Years,4389,F,F,F,F,F,F,.,F,.,F,F,F,F,F,.,F,.,F,F,F,.,F,.,F,.,F,F,F,.,F,.,F,.
VITAMIN WATER,46F,Both,51-70 Years,4465,F,F,F,F,F,F,.,F,.,F,F,F,F,F,.,F,.,F,F,F,.,F,.,F,.,F,F,F,.,F,.,F,.
VITAMIN WATER,46F,Both,71+ Years,2628,F,F,F,F,F,F,.,F,.,F,F,F,F,F,.,F,.,F,F,F,.,F,.,F,.,F,F,F,.,F,.,F,.
VITAMIN WATER,46F,Both,1-18 Years,6339,0.483615403,2.38 E,0.712473347,F,F,F,.,F,.,0.05 E,0.014838977,F,F,F,.,F,.,491.7847924,53.78484668,502.40821,62.60584329,591.66 E,134.0083002,871.76 E,190.1624958,9.295629999,1.383392368,8.62 E,1.576033819,16.53 E,3.37387121,17.36 E,3.110319173
VITAMIN WATER,46F,Both,19+ Years,13331,0.604066593,2.44 E,0.798937035,F,F,F,.,F,.,0.03 E,0.010379614,F,F,F,.,F,.,404.4036887,59.7132714,482.53 E,90.24933687,586.4384986,32.53533135,590.3131497,61.58030792,5.241466053,0.840030923,5.34 E,1.13670624,7 E,1.914633124,10.47 E,2.691826771
VITAMIN WATER,46F,Male,9-13 Years,1023,F,F,F,F,F,F,.,F,.,F,F,F,F,F,.,F,.,F,F,F,.,F,.,F,.,F,F,F,.,F,.,F,.
VITAMIN WATER,46F,Male,14-18 Years,900,F,F,F,F,F,F,.,F,.,F,F,F,F,F,.,F,.,F,F,F,.,F,.,F,.,F,F,F,.,F,.,F,.
VITAMIN WATER,46F,Male,19-30 Years,857,F,F,F,F,F,F,.,F,.,F,F,F,F,F,.,F,.,F,F,F,.,F,.,F,.,F,F,F,.,F,.,F,.
VITAMIN WATER,46F,Male,31-50 Years,2005,F,F,F,F,F,F,.,F,.,F,F,F,F,F,.,F,.,F,F,F,.,F,.,F,.,F,F,F,.,F,.,F,.
VITAMIN WATER,46F,Male,51-70 Years,2151,F,F,F,F,F,F,.,F,.,F,F,F,F,F,.,F,.,F,F,F,.,F,.,F,.,F,F,F,.,F,.,F,.
VITAMIN WATER,46F,Male,71+ Years,1180,F,F,F,F,F,F,.,F,.,F,F,F,F,F,.,F,.,F,F,F,.,F,.,F,.,F,F,F,.,F,.,F,.
VITAMIN WATER,46F,Male,19+ Years,6193,F,F,F,F,F,F,.,F,.,F,F,F,F,F,.,F,.,F,F,F,.,F,.,F,.,F,F,F,.,F,.,F,.
VITAMIN WATER,46F,Female,9-13 Years,939,F,F,F,F,F,F,.,F,.,F,F,F,F,F,.,F,.,F,F,F,.,F,.,F,.,F,F,F,.,F,.,F,.
VITAMIN WATER,46F,Female,14-18 Years,990,F,F,F,F,F,F,.,F,.,F,F,F,F,F,.,F,.,F,F,F,.,F,.,F,.,F,F,F,.,F,.,F,.
VITAMIN WATER,46F,Female,19-30 Years,992,F,F,F,F,F,F,.,F,.,F,F,F,F,F,.,F,.,F,F,F,.,F,.,F,.,F,F,F,.,F,.,F,.
VITAMIN WATER,46F,Female,31-50 Years,2384,F,F,F,F,F,F,.,F,.,F,F,F,F,F,.,F,.,F,F,F,.,F,.,F,.,F,F,F,.,F,.,F,.
VITAMIN WATER,46F,Female,51-70 Years,2314,F,F,F,F,F,F,.,F,.,F,F,F,F,F,.,F,.,F,F,F,.,F,.,F,.,F,F,F,.,F,.,F,.
VITAMIN WATER,46F,Female,71+ Years,1448,F,F,F,F,F,F,.,F,.,F,F,F,F,F,.,F,.,F,F,F,.,F,.,F,.,F,F,F,.,F,.,F,.
VITAMIN WATER,46F,Female,19+ Years,7138,F,F,F,F,F,F,.,F,.,F,F,F,F,F,.,F,.,F,F,F,.,F,.,F,.,F,F,F,.,F,.,F,.
SPORTS DRINK,46G,Both,All ages,19670,1.186290091,7.884033383,1.29354345,F,F,F,.,F,.,0.11 E,0.018670654,F,F,F,.,F,.,664.5957377,64.32840882,608.7193568,36.22270802,F,F,1828.46 E,407.4886311,9.39557319,1.012374276,6.643453371,0.590329442,17.29 E,4.403011426,26.12 E,5.065364478
SPORTS DRINK,46G,Both,1-3 Years,1288,F,F,F,F,F,F,.,F,.,F,F,F,F,F,.,F,.,F,F,F,.,F,.,F,.,F,F,F,.,F,.,F,.
SPORTS DRINK,46G,Both,4-8 Years,1199,F,F,F,F,F,F,.,F,.,F,F,F,F,F,.,F,.,F,F,F,.,F,.,F,.,F,F,F,.,F,.,F,.
SPORTS DRINK,46G,Both,9-13 Years,1962,1.744580114,9.08 E,2.205090126,F,F,F,.,F,.,0.2 E,0.051568485,F,F,F,.,F,.,520.6756006,62.55321152,510.91 E,114.7241967,736.03 E,167.2750492,1021.73 E,221.7335782,11.65028534,1.657538778,11.24 E,3.051086495,19.34670355,2.59725046,21.02 E,6.066099719
SPORTS DRINK,46G,Both,14-18 Years,1890,3.389734054,22.18 E,4.004136638,F,F,F,.,F,.,0.34 E,0.062469311,F,F,F,.,F,.,654.3225447,47.96794168,608.5750927,42.83422792,1110.23 E,210.1918329,1206.943421,145.1441039,10.11183742,0.773503924,9.839551367,0.609175289,14.74449091,1.786658801,16.94 E,3.385516454
SPORTS DRINK,46G,Both,19-30 Years,1849,1.640045562,F,F,F,F,F,.,F,.,F,F,F,F,F,.,F,.,1001.22 E,228.4569896,F,F,1730.66 E,376.6649771,1801.26 E,344.1300353,14.89 E,3.6396074,F,F,26.39 E,5.430261331,27.38 E,4.895566494
SPORTS DRINK,46G,Both,31-50 Years,4389,1.255933374,6.71 E,1.722788401,F,F,F,.,F,.,0.08 E,0.019513064,F,F,F,.,F,.,534.1667067,58.89693655,513.0069759,83.60963795,745.6 E,129.1839277,995.23 E,189.3039707,6.016718847,0.496972518,5.336799964,0.705738711,8.49 E,1.646114329,11.75 E,2.229022498
SPORTS DRINK,46G,Both,51-70 Years,4465,0.592499285,F,F,F,F,F,.,F,.,F,F,F,F,F,.,F,.,775.3941087,109.3610794,732.2 E,152.6929186,1005.466325,121.9833205,1010.540823,95.38343629,8.82 E,1.55981313,9.45 E,2.498713585,12.48291763,1.961689876,12.50581115,1.4087492
SPORTS DRINK,46G,Both,71+ Years,2628,F,F,F,F,F,F,.,F,.,F,F,F,F,F,.,F,.,F,F,F,.,F,.,F,.,F,F,F,.,F,.,F,.
SPORTS DRINK,46G,Both,1-18 Years,6339,1.645268896,9.322479488,1.309744649,F,F,F,.,F,.,0.181484967,0.024451445,F,F,F,.,F,.,566.6234565,38.41228441,544.1924608,41.51154678,814.38 E,182.8934328,1198.719898,142.6249125,10.89950968,0.779376443,9.739301454,0.73586837,17.49707294,1.866464658,22.24 E,4.449575921
SPORTS DRINK,46G,Both,19+ Years,13331,1.073560642,7.53 E,1.586552144,F,F,F,.,F,.,0.09 E,0.022596549,F,F,F,.,F,.,701.4729669,85.86370509,608.8746836,37.22771317,1449.35 E,378.1628394,1828.46 E,422.4822956,8.829484394,1.370258856,6.566594854,0.556713166,16.43 E,5.199192397,24.51 E,5.722308783
SPORTS DRINK,46G,Male,9-13 Years,1023,1.642055535,8.29 E,2.646995183,F,F,F,.,F,.,0.19 E,0.063231192,F,F,F,.,F,.,504.68 E,100.54996,F,F,940.97 E,240.9753233,1297.94 E,330.173543,11.75 E,2.648973669,F,F,21.09 E,6.452807109,31.92 E,8.47426366
SPORTS DRINK,46G,Male,14-18 Years,900,5.608548792,36.96 E,7.510719672,F,F,F,.,F,F,0.57 E,0.115822477,F,F,F,.,F,F,659.0788805,56.37657772,599.5385132,57.30459556,1189.48 E,238.4154301,1210.672854,163.1262866,10.09204445,0.906340294,9.595632423,0.629513678,14.37 E,2.419060941,17.09 E,4.187761024
SPORTS DRINK,46G,Male,19-30 Years,857,F,F,F,F,F,F,.,F,.,F,F,F,F,F,.,F,.,F,F,F,.,F,.,F,.,F,F,F,.,F,.,F,.
SPORTS DRINK,46G,Male,31-50 Years,2005,2.153720735,11.3 E,2.84791526,F,F,F,.,F,.,0.13 E,0.032811016,F,F,F,.,F,.,524.4661243,67.035007,510.24 E,97.65717867,756.93 E,153.0126605,1012.56 E,202.0387921,5.920903755,0.563652068,5.187838606,0.590341093,8.52 E,1.909062963,12.31 E,2.382296188
SPORTS DRINK,46G,Male,51-70 Years,2151,1.129926555,F,F,F,F,F,.,F,.,F,F,F,F,F,.,F,.,795.6789228,110.8355856,975.6 E,258.1617367,1006.049482,115.5409363,1010.832402,92.19093177,8.98 E,1.643947587,8.79 E,2.341395177,12.49 E,2.184173994,12.5071266,1.527599138
SPORTS DRINK,46G,Male,71+ Years,1180,F,F,F,F,F,F,.,F,.,F,F,F,F,F,.,F,.,F,F,F,.,F,.,F,.,F,F,F,.,F,.,F,.
SPORTS DRINK,46G,Male,19+ Years,6193,1.812692487,13.05 E,3.145142083,F,F,F,.,F,.,0.16 E,0.045054177,F,F,F,.,F,.,719.9849681,101.3339446,608.7508173,57.78064721,1497.13 E,387.272255,1828.46 E,406.0050038,8.85 E,1.615352697,6.117445031,0.696513959,19.85 E,5.48205934,24.75 E,5.959058456
SPORTS DRINK,46G,Female,9-13 Years,939,F,F,F,F,F,F,.,F,.,F,F,F,F,F,.,F,.,F,F,F,.,F,.,F,.,F,F,F,.,F,.,F,.
SPORTS DRINK,46G,Female,14-18 Years,990,F,F,F,F,F,F,.,F,.,F,F,F,F,F,.,F,.,F,F,F,.,F,.,F,.,F,F,F,.,F,.,F,.
SPORTS DRINK,46G,Female,19-30 Years,992,F,F,F,F,F,F,.,F,.,F,F,F,F,F,.,F,.,F,F,F,.,F,.,F,.,F,F,F,.,F,.,F,.
SPORTS DRINK,46G,Female,31-50 Years,2384,F,F,F,F,F,F,.,F,.,F,F,F,F,F,.,F,.,F,F,F,.,F,.,F,.,F,F,F,.,F,.,F,.
SPORTS DRINK,46G,Female,51-70 Years,2314,F,F,F,F,F,F,.,F,.,F,F,F,F,F,.,F,.,F,F,F,.,F,.,F,.,F,F,F,.,F,.,F,.
SPORTS DRINK,46G,Female,71+ Years,1448,F,F,F,F,F,F,.,F,.,F,F,F,F,F,.,F,.,F,F,F,.,F,.,F,.,F,F,F,.,F,.,F,.
SPORTS DRINK,46G,Female,19+ Years,7138,0.35997363,F,F,F,F,F,.,F,.,F,F,F,F,F,.,F,.,611.4751779,93.18801708,608.6923735,83.23546495,726.07 E,214.1806681,F,F,8.71 E,1.946511767,6.562548004,0.918880479,F,F,F,F
SPIRITS & LIQUEURS ,47,Both,All ages,19670,3.739230538,6.076750289,0.657999929,F,F,F,.,F,.,0.079522656,0.008633191,F,F,F,.,F,.,162.5133895,13.57174699,83.22062489,10.13124158,346.9374264,20.78199075,459.18 E,106.7517148,2.12172376,0.176386979,0.99919796,0.09038085,4.243885556,0.436108875,6.83 E,1.165195098
SPIRITS & LIQUEURS ,47,Both,1-3 Years,1288,F,F,F,F,F,F,.,F,.,F,F,F,F,F,.,F,.,F,F,F,.,F,.,F,.,F,F,F,.,F,.,F,.
SPIRITS & LIQUEURS ,47,Both,4-8 Years,1199,F,F,F,F,F,F,.,F,.,F,F,F,F,F,.,F,.,F,F,F,.,F,.,F,.,F,F,F,.,F,.,F,.
SPIRITS & LIQUEURS ,47,Both,9-13 Years,1962,F,F,F,F,F,F,.,F,.,F,F,F,F,F,.,F,.,F,F,F,.,F,.,F,.,F,F,F,.,F,.,F,.
SPIRITS & LIQUEURS ,47,Both,14-18 Years,1890,F,F,F,F,F,F,.,F,.,F,F,F,F,F,.,F,.,F,F,F,.,F,.,F,.,F,F,F,.,F,.,F,.
SPIRITS & LIQUEURS ,47,Both,19-30 Years,1849,4.382545526,7.86 E,2.105370883,F,F,F,.,F,.,0.11 E,0.028075251,F,F,F,.,F,.,179.29 E,32.45801898,F,F,381.21 E,66.45698731,F,F,2.44 E,0.441217531,F,F,4.9 E,0.920931271,F,F
SPIRITS & LIQUEURS ,47,Both,31-50 Years,4389,4.536315976,7.92 E,1.607479526,F,F,F,.,F,.,0.1 E,0.019741258,F,F,F,.,F,.,174.549627,27.04267898,107.82 E,23.49261835,339.64 E,75.57291936,F,F,2.214966732,0.304935156,1.26 E,0.296384227,3.96 E,1.018272927,6.83 E,2.075168179
SPIRITS & LIQUEURS ,47,Both,51-70 Years,4465,4.289263881,7.36 E,1.340791052,F,F,F,.,F,.,0.09 E,0.019215353,F,F,F,.,F,.,171.6336912,25.3682031,86.72 E,15.90786396,358.6239673,33.16230087,F,F,2.19 E,0.377198321,0.958804367,0.140420883,4.14 E,0.963780826,F,F
SPIRITS & LIQUEURS ,47,Both,71+ Years,2628,5.494435402,4.46 E,0.773231238,F,F,F,.,F,F,0.056117919,0.008935554,F,F,F,.,F,F,81.14569027,10.35547926,52.76587729,3.851012542,168.12 E,48.57266616,267.58 E,48.45166375,1.021359155,0.115372384,0.71390092,0.067186092,2.47 E,0.528878148,2.753594555,0.272586179
SPIRITS & LIQUEURS ,47,Both,1-18 Years,6339,F,F,F,F,F,F,.,F,.,F,F,F,F,F,.,F,.,F,F,F,.,F,.,F,.,F,F,F,.,F,.,F,.
SPIRITS & LIQUEURS ,47,Both,19+ Years,13331,4.544261566,7.30963234,0.820584079,F,F,F,.,F,.,0.094039757,0.010673476,F,F,F,.,F,.,160.8541285,13.80890147,83.17345271,11.04781241,345.2350506,20.53067004,442.81 E,90.80689426,2.069417783,0.177702329,0.977741408,0.090410404,4.036225178,0.431559073,6.822216182,1.101433572
SPIRITS & LIQUEURS ,47,Male,9-13 Years,1023,F,F,F,F,F,F,.,F,.,F,F,F,F,F,.,F,.,F,F,F,.,F,.,F,.,F,F,F,.,F,.,F,.
SPIRITS & LIQUEURS ,47,Male,14-18 Years,900,F,F,F,F,F,F,.,F,.,F,F,F,F,F,.,F,.,F,F,F,.,F,.,F,.,F,F,F,.,F,.,F,.
SPIRITS & LIQUEURS ,47,Male,19-30 Years,857,4.583400018,F,F,F,F,F,.,F,.,F,F,F,F,F,.,F,.,170.76 E,48.34071105,F,F,375.74 E,99.62460102,F,F,2.1 E,0.59180826,F,F,4.31 E,0.983959094,F,F
SPIRITS & LIQUEURS ,47,Male,31-50 Years,2005,4.565562488,9.85 E,2.66940675,F,F,F,.,F,.,0.11 E,0.028853547,F,F,F,.,F,.,215.78 E,39.10237017,F,F,341.16 E,98.28639665,F,F,2.36 E,0.398919242,F,F,4 E,0.834930429,6.61 E,1.822824146
SPIRITS & LIQUEURS ,47,Male,51-70 Years,2151,5.008398178,8.07 E,1.514022793,F,F,F,.,F,F,0.09 E,0.018609422,F,F,F,.,F,F,161.0801071,22.93910311,98.06 E,16.80273776,356.7317749,55.83864124,F,F,1.883830194,0.296234993,1.081238875,0.16280836,3.98 E,0.877625924,F,F
SPIRITS & LIQUEURS ,47,Male,71+ Years,1180,7.652802499,6.54 E,1.471728417,F,F,F,.,45.61 E,9.186587371,0.07 E,0.01500825,F,F,F,.,0.54 E,0.126121753,85.47069291,13.58020116,52.43202725,5.164822928,F,F,276.27 E,61.75513523,0.971687112,0.13032182,0.690517053,0.076525135,2.23 E,0.517456513,2.728733239,0.449714018
SPIRITS & LIQUEURS ,47,Male,19+ Years,6193,5.0488413,8.539708237,1.251343344,F,F,F,.,F,F,0.097609922,0.014198361,F,F,F,.,F,F,169.1419423,17.97901043,86.5357461,10.67427633,338.380035,30.7443299,437.29 E,99.8428822,1.933313327,0.201120874,0.996408273,0.122713791,4.030497757,0.363509924,5.29 E,1.184125684
SPIRITS & LIQUEURS ,47,Female,9-13 Years,939,F,F,F,F,F,F,.,F,.,F,F,F,F,F,.,F,.,F,F,F,.,F,.,F,.,F,F,F,.,F,.,F,.
SPIRITS & LIQUEURS ,47,Female,14-18 Years,990,F,F,F,F,F,F,.,F,.,F,F,F,F,F,.,F,.,F,F,F,.,F,.,F,.,F,F,F,.,F,.,F,.
SPIRITS & LIQUEURS ,47,Female,19-30 Years,992,4.160138147,F,F,F,F,F,.,F,.,F,F,F,F,F,.,F,.,189.7 E,47.08845361,F,F,372.25 E,97.72557825,F,F,2.85 E,0.755117685,F,F,5.98 E,1.902093798,F,F
SPIRITS & LIQUEURS ,47,Female,31-50 Years,2384,4.508328151,6.07 E,1.763628258,F,F,F,.,F,.,0.09 E,0.026678959,F,F,F,.,F,.,134.59 E,33.81390364,79.74 E,25.99276918,F,F,F,F,2.08 E,0.459885725,F,F,F,F,6.86 E,2.254379597
SPIRITS & LIQUEURS ,47,Female,51-70 Years,2314,3.586510626,F,F,F,F,F,.,F,.,F,F,F,F,F,.,F,.,186.04 E,53.21330776,F,F,F,F,F,F,2.6 E,0.81034508,0.91 E,0.220780766,F,F,F,F
SPIRITS & LIQUEURS ,47,Female,71+ Years,1448,3.784627579,2.81 E,0.765840546,F,F,F,.,F,.,0.04 E,0.010561591,F,F,F,.,F,.,74.22 E,17.08037523,51.98 E,9.131482781,148.31 E,41.56431742,208.04 E,58.92564069,1.1 E,0.229687586,0.76 E,0.146802101,2.26 E,0.592270303,F,F
SPIRITS & LIQUEURS ,47,Female,19+ Years,7138,4.057120407,6.12 E,1.072635036,F,F,F,.,F,.,0.09 E,0.016046877,F,F,F,.,F,.,150.8968919,22.401918,64.59 E,16.22960965,346.3332159,42.87157612,F,F,2.232937901,0.325834599,0.95 E,0.164100873,4.38 E,1.206256894,6.9 E,1.606889135
SPIRITS,47A,Both,All ages,19670,3.356691393,5.68963635,0.641335833,F,F,F,.,F,.,0.074616279,0.008365566,F,F,F,.,F,.,169.5013239,13.96942813,87.73767438,9.898507718,347.665889,18.5507403,461.91 E,134.6026156,2.217697842,0.179995544,1.083787379,0.108870765,4.397082333,0.429663159,6.81 E,1.472421239
SPIRITS,47A,Both,1-3 Years,1288,F,F,F,F,F,F,.,F,.,F,F,F,F,F,.,F,.,F,F,F,.,F,.,F,.,F,F,F,.,F,.,F,.
SPIRITS,47A,Both,4-8 Years,1199,F,F,F,F,F,F,.,F,.,F,F,F,F,F,.,F,.,F,F,F,.,F,.,F,.,F,F,F,.,F,.,F,.
SPIRITS,47A,Both,9-13 Years,1962,F,F,F,F,F,F,.,F,.,F,F,F,F,F,.,F,.,F,F,F,.,F,.,F,.,F,F,F,.,F,.,F,.
SPIRITS,47A,Both,14-18 Years,1890,F,F,F,F,F,F,.,F,.,F,F,F,F,F,.,F,.,F,F,F,.,F,.,F,.,F,F,F,.,F,.,F,.
SPIRITS,47A,Both,19-30 Years,1849,3.711626594,7.58 E,2.100493202,F,F,F,.,F,.,0.1 E,0.028038666,F,F,F,.,F,.,204.15 E,36.9461288,F,F,406.0862629,65.47116173,F,F,2.8 E,0.499344784,F,F,5.11 E,0.953535328,F,F
SPIRITS,47A,Both,31-50 Years,4389,4.003697188,7.67 E,1.607717055,F,F,F,.,F,.,0.1 E,0.01973779,F,F,F,.,F,.,191.5205255,29.50447086,125.14 E,23.46459231,344.12 E,103.6698298,F,F,2.428812313,0.326327131,1.5 E,0.422403433,4.09 E,1.256304709,F,F
SPIRITS,47A,Both,51-70 Years,4465,3.870590451,6.37 E,1.208783722,F,F,F,.,F,.,0.08 E,0.017291658,F,F,F,.,F,.,164.6012356,24.56411337,87.63 E,15.83265376,352.3675383,32.81410186,F,F,2.09 E,0.369991981,1.066620101,0.127917859,3.84 E,0.702109726,F,F
SPIRITS,47A,Both,71+ Years,2628,5.310603576,4.35 E,0.773988225,F,F,F,.,F,F,0.054804102,0.008938623,F,F,F,.,F,F,82.00309723,10.71241384,52.65250637,3.932477555,168.79 E,49.70015591,268.95 E,47.49934063,1.031975013,0.119295737,0.713875645,0.067655069,2.48 E,0.507592742,2.755400008,0.277095732
SPIRITS,47A,Both,1-18 Years,6339,F,F,F,F,F,F,.,F,.,F,F,F,F,F,.,F,.,F,F,F,.,F,.,F,.,F,F,F,.,F,.,F,.
SPIRITS,47A,Both,19+ Years,13331,4.06776726,6.828362277,0.800660885,F,F,F,.,F,.,0.087959939,0.01033539,F,F,F,.,F,.,167.8651172,14.26994144,87.38901368,10.51790492,345.6696037,17.9420679,443.6 E,112.5357835,2.16236411,0.181418676,1.083468,0.106321855,4.037541932,0.419737401,6.26 E,1.327682831
SPIRITS,47A,Male,9-13 Years,1023,F,F,F,F,F,F,.,F,.,F,F,F,F,F,.,F,.,F,F,F,.,F,.,F,.,F,F,F,.,F,.,F,.
SPIRITS,47A,Male,14-18 Years,900,F,F,F,F,F,F,.,F,.,F,F,F,F,F,.,F,.,F,F,F,.,F,.,F,.,F,F,F,.,F,.,F,.
SPIRITS,47A,Male,19-30 Years,857,3.695429453,F,F,F,F,F,.,F,.,F,F,F,F,F,.,F,.,199.6 E,53.95086016,F,F,393.04 E,107.7106131,F,F,2.49 E,0.652006955,F,F,4.42 E,1.102749642,F,F
SPIRITS,47A,Male,31-50 Years,2005,4.29141857,9.66 E,2.678437042,F,F,F,.,F,.,0.11 E,0.028939356,F,F,F,.,F,.,225.1 E,40.54662211,F,F,353.67 E,115.3421787,F,F,2.46 E,0.411566415,F,F,4.03 E,0.91660878,6.72 E,1.930224968
SPIRITS,47A,Male,51-70 Years,2151,4.586944972,7.06 E,1.326797956,F,F,F,.,F,.,0.08 E,0.016921225,F,F,F,.,F,.,153.9333013,18.90923616,101.7393287,15.22041845,356.45 E,61.89172716,376.66 E,63.65910343,1.823520747,0.26789738,1.081926211,0.147992794,3.5 E,0.836596714,5.13 E,1.279111155
SPIRITS,47A,Male,71+ Years,1180,7.296742641,6.34 E,1.472315779,F,F,F,.,41.41 E,11.52014498,0.07 E,0.014994865,F,F,F,.,0.52 E,0.147742674,86.8249969,14.22539937,52.08881155,5.572866249,F,F,277.32 E,60.77203298,0.983810416,0.136690129,0.664408408,0.079277931,2.4 E,0.557050541,2.733004829,0.432660825
SPIRITS,47A,Male,19+ Years,6193,4.606821619,8.030269955,1.236165147,F,F,F,.,F,.,0.092171347,0.014047831,F,F,F,.,F,.,174.3125873,18.19207142,88.8360349,13.60818064,340.6631836,28.69156252,434.64 E,81.88530936,2.000757881,0.202665912,1.08289193,0.125022147,4.033970516,0.348952259,5.23 E,1.046356149
SPIRITS,47A,Female,9-13 Years,939,F,F,F,F,F,F,.,F,.,F,F,F,F,F,.,F,.,F,F,F,.,F,.,F,.,F,F,F,.,F,.,F,.
SPIRITS,47A,Female,14-18 Years,990,F,F,F,F,F,F,.,F,.,F,F,F,F,F,.,F,.,F,F,F,.,F,.,F,.,F,F,F,.,F,.,F,.
SPIRITS,47A,Female,19-30 Years,992,3.729561787,F,F,F,F,F,.,F,.,F,F,F,F,F,.,F,.,209.14 E,52.5950684,F,F,387.3 E,121.0525736,F,F,3.14 E,0.849118176,F,F,F,F,F,F
SPIRITS,47A,Female,31-50 Years,2384,3.728358523,5.76 E,1.758745378,F,F,F,.,F,.,0.09 E,0.026663516,F,F,F,.,F,.,154.54 E,40.37123717,111.11 E,29.1651832,F,F,F,F,2.4 E,0.535065116,F,F,F,F,F,F
SPIRITS,47A,Female,51-70 Years,2314,3.170553651,F,F,F,F,F,.,F,.,F,F,F,F,F,.,F,.,179.68 E,54.24078292,F,F,F,F,F,F,2.48 E,0.81909884,0.91 E,0.210540817,F,F,F,F
SPIRITS,47A,Female,71+ Years,1448,3.737230764,2.79 E,0.765304028,F,F,F,.,F,.,0.04 E,0.010555106,F,F,F,.,F,.,74.55 E,17.28913413,52 E,9.031420878,150.75 E,42.32508254,208.83 E,59.60129087,1.11 E,0.232744564,0.76 E,0.142462608,2.28 E,0.610095004,F,F
SPIRITS,47A,Female,19+ Years,7138,3.54734294,5.67 E,1.017910437,F,F,F,.,F,.,0.08 E,0.01520286,F,F,F,.,F,.,159.7813726,23.59044899,80.16 E,19.08270787,346.0308111,43.63044388,F,F,2.364983657,0.340167207,1.14 E,0.210522458,4.41 E,1.221349418,7.7 E,2.426504569
LIQUEURS ,47B,Both,All ages,19670,0.433286856,F,F,F,F,F,.,F,.,F,F,F,F,F,.,F,.,89.34 E,26.77952425,F,F,F,F,414.07 E,133.4080848,1.13 E,0.350835256,0.36 E,0.093076307,F,F,F,F
LIQUEURS ,47B,Both,1-3 Years,1288,F,F,F,F,F,F,.,F,.,F,F,F,F,F,.,F,.,F,F,F,.,F,.,F,.,F,F,F,.,F,.,F,.
LIQUEURS ,47B,Both,4-8 Years,1199,F,F,F,F,F,F,.,F,.,F,F,F,F,F,.,F,.,F,F,F,.,F,.,F,.,F,F,F,.,F,.,F,.
LIQUEURS ,47B,Both,9-13 Years,1962,F,F,F,F,F,F,.,F,.,F,F,F,F,F,.,F,.,F,F,F,.,F,.,F,.,F,F,F,.,F,.,F,.
LIQUEURS ,47B,Both,14-18 Years,1890,F,F,F,F,F,F,.,F,.,F,F,F,F,F,.,F,.,F,F,F,.,F,.,F,.,F,F,F,.,F,.,F,.
LIQUEURS ,47B,Both,19-30 Years,1849,F,F,F,F,F,F,.,F,.,F,F,F,F,F,.,F,.,F,F,F,.,F,.,F,.,F,F,F,.,F,.,F,.
LIQUEURS ,47B,Both,31-50 Years,4389,F,F,F,F,F,F,.,F,.,0 E,0.001064595,F,F,F,.,F,.,F,F,F,.,F,.,F,.,F,F,F,.,F,.,F,.
LIQUEURS ,47B,Both,51-70 Years,4465,0.540026456,F,F,F,F,F,.,F,.,F,F,F,F,F,.,F,.,F,F,F,F,F,F,F,F,F,F,F,F,F,F,8.05 E,2.485525799
LIQUEURS ,47B,Both,71+ Years,2628,F,F,F,F,F,F,.,F,.,F,F,F,F,F,.,F,.,F,F,F,.,F,.,F,.,F,F,F,.,F,.,F,.
LIQUEURS ,47B,Both,1-18 Years,6339,F,F,F,F,F,F,.,F,.,F,F,F,F,F,.,F,.,F,F,F,.,F,.,F,.,F,F,F,.,F,.,F,.
LIQUEURS ,47B,Both,19+ Years,13331,0.537054841,F,F,F,F,F,.,F,.,F,F,F,F,F,.,F,.,89.61 E,26.91652004,F,F,F,F,414.12 E,133.0995046,1.13 E,0.352674524,0.36 E,0.092565161,F,F,F,F
LIQUEURS ,47B,Male,9-13 Years,1023,F,F,F,F,F,F,.,F,.,F,F,F,F,F,.,F,.,F,F,F,.,F,.,F,.,F,F,F,.,F,.,F,.
LIQUEURS ,47B,Male,14-18 Years,900,F,F,F,F,F,F,.,F,.,F,F,F,F,F,.,F,.,F,F,F,.,F,.,F,.,F,F,F,.,F,.,F,.
LIQUEURS ,47B,Male,19-30 Years,857,F,F,F,F,F,F,.,F,.,F,F,F,F,F,.,F,.,F,F,F,.,F,.,F,.,F,F,F,.,F,.,F,.
LIQUEURS ,47B,Male,31-50 Years,2005,F,F,F,F,F,F,.,F,.,F,F,F,F,F,.,F,.,F,F,F,.,F,.,F,.,F,F,F,.,F,.,F,.
LIQUEURS ,47B,Male,51-70 Years,2151,F,F,F,F,F,F,.,F,.,F,F,F,F,F,.,F,.,F,F,F,.,F,.,F,.,F,F,F,.,F,.,F,.
LIQUEURS ,47B,Male,71+ Years,1180,F,F,F,F,F,F,.,F,.,F,F,F,F,F,.,F,.,F,F,F,.,F,.,F,.,F,F,F,.,F,.,F,.
LIQUEURS ,47B,Male,19+ Years,6193,0.467676088,F,F,F,F,F,.,F,.,F,F,F,F,F,.,F,.,F,F,F,F,F,F,F,F,F,F,F,F,F,F,F,F
LIQUEURS ,47B,Female,9-13 Years,939,F,F,F,F,F,F,.,F,.,F,F,F,F,F,.,F,.,F,F,F,.,F,.,F,.,F,F,F,.,F,.,F,.
LIQUEURS ,47B,Female,14-18 Years,990,F,F,F,F,F,F,.,F,.,F,F,F,F,F,.,F,.,F,F,F,.,F,.,F,.,F,F,F,.,F,.,F,.
LIQUEURS ,47B,Female,19-30 Years,992,F,F,F,F,F,F,.,F,.,F,F,F,F,F,.,F,.,F,F,F,.,F,.,F,.,F,F,F,.,F,.,F,.
LIQUEURS ,47B,Female,31-50 Years,2384,F,F,F,F,F,F,.,F,.,F,F,F,F,F,.,F,.,F,F,F,.,F,.,F,.,F,F,F,.,F,.,F,.
LIQUEURS ,47B,Female,51-70 Years,2314,F,F,F,F,F,F,.,F,.,F,F,F,F,F,.,F,.,F,F,F,.,F,.,F,.,F,F,F,.,F,.,F,.
LIQUEURS ,47B,Female,71+ Years,1448,F,F,F,F,F,F,.,F,.,F,F,F,F,F,.,F,.,F,F,F,.,F,.,F,.,F,F,F,.,F,.,F,.
LIQUEURS ,47B,Female,19+ Years,7138,0.604035822,F,F,F,F,F,.,F,.,F,F,F,F,F,.,F,.,F,F,F,F,F,F,F,F,F,F,F,F,F,F,F,F
WINES,48,Both,All ages,19670,10.8321772,27.7744498,1.529761539,F,F,F,F,237.341337,30.76347659,0.382880728,0.021263776,F,F,F,F,3.182341442,0.201756118,256.4069003,8.354609275,194.8221961,20.61572075,550.9585532,13.98728688,561.6048132,6.000942671,3.526436705,0.118859769,2.971819382,0.119633322,6.861857341,0.291333733,8.772814895,0.507207402
WINES,48,Both,1-3 Years,1288,F,F,F,F,F,F,.,F,.,F,F,F,F,F,.,F,.,F,F,F,.,F,.,F,.,F,F,F,.,F,.,F,.
WINES,48,Both,4-8 Years,1199,F,F,F,F,F,F,.,F,.,F,F,F,F,F,.,F,.,F,F,F,.,F,.,F,.,F,F,F,.,F,.,F,.
WINES,48,Both,9-13 Years,1962,F,F,F,F,F,F,.,F,.,F,F,F,F,F,.,F,.,F,F,F,.,F,.,F,.,F,F,F,.,F,.,F,.
WINES,48,Both,14-18 Years,1890,1.377641813,F,F,F,F,F,.,F,.,F,F,F,F,F,.,F,.,F,F,F,F,F,F,F,F,F,F,F,F,F,F,5.78 E,1.857761122
WINES,48,Both,19-30 Years,1849,4.984983151,9.21 E,1.666627302,F,F,F,.,F,.,0.15 E,0.027899475,F,F,F,.,F,.,184.8370035,20.51300267,169.7423636,9.878292384,369.62 E,64.32964784,549.19 E,103.8053268,2.924530813,0.347786678,2.492165433,0.262922907,6.12 E,1.191622136,8.3122454,1.230910783
WINES,48,Both,31-50 Years,4389,11.90341562,28.16248189,2.4852069,F,F,F,F,246.0985232,38.94554359,0.379954098,0.033444549,F,F,F,F,3.266556211,0.338601846,236.5916035,11.97250452,183.2354107,19.07092349,467.7564109,35.34193584,554.5886929,29.9951436,3.191975398,0.158027787,2.669589573,0.232098196,6.269125374,0.467822925,7.464374321,0.471663195
WINES,48,Both,51-70 Years,4465,17.94298385,53.35126135,4.742353897,F,F,250.5092538,39.14299295,367.2689624,30.73601217,0.728672845,0.065697136,F,F,3.051211799,0.343559083,5.395184811,0.345024261,297.3377327,14.09772105,279.0795647,14.57354958,556.5745086,5.916489929,565.2454869,27.63811225,4.061046093,0.204689237,3.559727148,0.283423775,7.217215954,0.585657142,9.768003858,0.700043629
WINES,48,Both,71+ Years,2628,16.48920327,38.37787593,4.088526359,F,F,176.8036328,23.85482551,278.1040232,15.95221527,0.537205929,0.057236397,F,F,2.198187693,0.27479583,3.804374809,0.278015617,232.7454839,16.22284528,182.087171,3.525264685,518.675214,85.16987466,561.9651873,50.67531512,3.257925322,0.223446759,2.634898217,0.223627411,6.426590026,0.892978228,8.865748318,1.142845399
WINES,48,Both,1-18 Years,6339,0.871901922,F,F,F,F,F,.,F,.,F,F,F,F,F,.,F,.,F,F,F,F,F,F,F,F,F,F,F,F,F,F,F,F
WINES,48,Both,19+ Years,13331,13.27851315,34.49139082,1.90412311,F,F,119.87 E,32.05818134,279.2083601,6.756434376,0.474202102,0.026414478,F,F,1.717526992,0.227629806,3.759287931,0.205980923,259.7534108,8.481344953,198.3415847,23.6093713,551.5785399,13.66581034,561.9123824,7.364860123,3.571198793,0.120876479,3.021753124,0.122679312,6.993430982,0.315037744,8.854327065,0.50580613
WINES,48,Male,9-13 Years,1023,F,F,F,F,F,F,.,F,.,F,F,F,F,F,.,F,.,F,F,F,.,F,.,F,.,F,F,F,.,F,.,F,.
WINES,48,Male,14-18 Years,900,F,F,F,F,F,F,.,F,.,F,F,F,F,F,.,F,.,F,F,F,.,F,.,F,.,F,F,F,.,F,.,F,.
WINES,48,Male,19-30 Years,857,2.53845628,3.7 E,1.099167967,F,F,F,.,F,.,0.05 E,0.014553664,F,F,F,.,F,.,145.7729467,22.50949347,147.52 E,27.71911665,F,F,F,F,1.913423532,0.269426195,1.955554483,0.32545948,2.79 E,0.729022368,3.84 E,1.12733117
WINES,48,Male,31-50 Years,2005,10.9942547,27.39247765,3.732973793,F,F,F,F,199.16 E,53.49880117,0.328300052,0.045185786,F,F,F,F,2.697525666,0.39426597,249.1526565,19.31549501,184.19 E,38.05958241,540.6328747,61.68853321,558.6527056,90.51884361,2.986105574,0.228657655,2.636758742,0.276800697,6.249635353,0.692968933,7.402953351,0.532928006
WINES,48,Male,51-70 Years,2151,16.06666191,48.84904295,6.059325171,F,F,184.34 E,41.43736191,366.209007,41.40664207,0.560569391,0.070703611,F,F,2.39 E,0.428281265,4.278636495,0.537082788,304.0397764,20.42943291,271.2291389,27.82101903,559.1874938,12.99092856,566.0193727,34.02278934,3.489022138,0.250194912,3.101321035,0.286881659,6.509537937,0.609097958,7.208176846,0.518137716
WINES,48,Male,71+ Years,1180,19.18121888,50.24947575,6.921428368,F,F,183.5677936,30.10383886,341.3248188,48.79909636,0.641369692,0.090600686,F,F,2.355366934,0.341589345,4.280897456,0.484265262,261.9722765,23.49371761,184.4469505,28.31027009,557.6161853,68.55219901,661.2658656,92.02003982,3.343737936,0.315847694,2.433815697,0.275284692,6.93 E,1.27043047,9.207466766,1.391378457
WINES,48,Male,19+ Years,6193,12.03824533,32.70617049,2.505481277,F,F,F,F,278.3484166,19.33124242,0.38873397,0.029687689,F,F,F,F,3.265825782,0.254055127,271.6855289,12.08514822,200.81 E,34.79465981,556.8339874,12.87531039,566.218323,51.9206344,3.229158066,0.145418771,2.700674152,0.167017967,6.500760143,0.473334527,7.362682682,0.396228063
WINES,48,Female,9-13 Years,939,F,F,F,F,F,F,.,F,.,F,F,F,F,F,.,F,.,F,F,F,.,F,.,F,.,F,F,F,.,F,.,F,.
WINES,48,Female,14-18 Years,990,F,F,F,F,F,F,.,F,.,F,F,F,F,F,.,F,.,F,F,F,.,F,.,F,.,F,F,F,.,F,.,F,.
WINES,48,Female,19-30 Years,992,7.694036971,15.32 E,3.335443115,F,F,F,.,F,F,0.25 E,0.05695674,F,F,F,.,F,F,199.1082006,28.85009485,175.1583459,19.29336142,373.09 E,83.41825982,550.2 E,97.33902212,3.293916701,0.49297059,2.962772878,0.415819852,7.22 E,1.303399178,9.158637339,1.298403345
WINES,48,Female,31-50 Years,2384,12.77344882,28.89934732,3.414750157,F,F,F,F,251.5206581,39.29939484,0.429385099,0.050618535,F,F,F,F,3.720353616,0.446705253,226.2454544,14.26388609,182.5673511,23.96874917,411.3284641,40.3186541,539.1576116,30.88842708,3.361543976,0.218176909,2.919202417,0.386440514,6.241817692,0.519668237,7.732707603,1.028183196
WINES,48,Female,51-70 Years,2314,19.77656535,57.75092447,6.859413716,F,F,278.8038561,40.79397949,367.1367631,59.21767798,0.892947097,0.10685367,F,F,3.97 E,0.688684499,6.1358206,0.476854774,292.0169576,18.85866501,279.0678951,22.88042231,553.6992272,20.13519947,558.2678539,62.09090556,4.515177846,0.297787942,4.278925933,0.553344455,8.861965489,0.902512548,10.45592872,0.603976736
WINES,48,Female,71+ Years,1448,14.3566516,28.97347282,3.885218057,F,F,F,F,203.59 E,40.80949561,0.454689837,0.059133153,F,F,1.66 E,0.430444984,3.543300871,0.323895496,201.8121888,16.06620546,180.2085411,9.576473132,367.237316,60.19107471,498.2268682,81.08004028,3.167102256,0.23278812,2.865885798,0.273326875,6.044703885,0.784380762,7.03 E,1.250712927
WINES,48,Female,19+ Years,7138,14.47591659,36.21491287,2.771694465,F,F,167.5643889,25.18547691,279.2324181,14.95099872,0.556716404,0.042981135,F,F,2.30468118,0.293456544,4.433911111,0.340966786,250.1735393,11.11320278,184.67 E,31.20320051,535.4177928,40.5270155,555.996694,9.941569374,3.845811077,0.177087793,3.181869268,0.224697222,7.294141412,0.614366702,9.903295234,0.50006005
BEERS & COOLERS ,49,Both,All ages,19670,9.985467595,78.52347512,4.892927109,F,F,F,.,670.2246614,66.18501365,0.974494231,0.059690757,F,F,F,F,7.399320392,0.625310172,786.3775468,26.41111681,670.7720731,44.09717576,1500.072395,100.3809433,2003.661295,139.8840526,9.736235471,0.319744505,7.37195413,0.424537063,18.71964064,0.997834604,25.70587416,2.369046842
BEERS & COOLERS ,49,Both,1-3 Years,1288,F,F,F,F,F,F,.,F,.,F,F,F,F,F,.,F,.,F,F,F,.,F,.,F,.,F,F,F,.,F,.,F,.
BEERS & COOLERS ,49,Both,4-8 Years,1199,F,F,F,F,F,F,.,F,.,F,F,F,F,F,.,F,.,F,F,F,.,F,.,F,.,F,F,F,.,F,.,F,.
BEERS & COOLERS ,49,Both,9-13 Years,1962,F,F,F,F,F,F,.,F,.,F,F,F,F,F,.,F,.,F,F,F,.,F,.,F,.,F,F,F,.,F,.,F,.
BEERS & COOLERS ,49,Both,14-18 Years,1890,F,9.15 E,2.609065811,F,F,F,.,F,.,0.13 E,0.037880126,F,F,F,.,F,.,F,F,F,.,F,.,F,.,F,F,F,.,F,.,F,.
BEERS & COOLERS ,49,Both,19-30 Years,1849,16.66601426,135.51 E,23.46154948,F,F,567.09 E,170.5603669,1069.25 E,226.4385783,1.77 E,0.295779765,F,F,6.74 E,1.531157612,11.94467711,1.958960897,813.0865342,74.5519613,683.3273908,79.92078548,1414.89 E,287.6052399,2139.37 E,551.3790376,10.59687197,0.88179632,8.96272826,1.040230645,18.87 E,3.214655077,28.3 E,5.381005633
BEERS & COOLERS ,49,Both,31-50 Years,4389,11.91657811,103.481504,9.729333698,F,F,342.4197818,50.92348526,712.2228618,114.1811276,1.230220291,0.115177636,F,F,4.24 E,0.738828962,9.209354402,1.118033861,868.3827105,44.63981829,684.7505818,43.79963554,1504.479644,171.7495193,2139.023683,200.8651999,10.32360364,0.523364712,7.510161352,0.627610774,18.05761054,1.063208045,27.06086836,2.726682954
BEERS & COOLERS ,49,Both,51-70 Years,4465,12.70555198,91.8528106,8.290870867,F,F,349.635605,17.43550662,684.2228713,24.30701395,1.141820366,0.102179776,F,F,4.228992198,0.432868485,8.400509194,0.677138841,722.9344362,39.69626111,586.8343671,76.06185902,1504.527786,169.999236,1772.956078,76.3226509,8.986782842,0.488945459,7.139185215,0.804377501,19.02957369,2.100716877,21.33794019,1.77441204
BEERS & COOLERS ,49,Both,71+ Years,2628,6.514837425,37.73456379,5.51162592,F,F,F,.,341.8782403,43.96431395,0.474856781,0.068190109,F,F,F,.,4.16 E,0.696516382,579.2096,53.65082428,356.545504,48.46756289,1052.03 E,249.1185066,1818.03 E,517.2630622,7.288850814,0.654130419,5.394727063,0.386780179,13.26 E,2.76370862,19.28 E,4.282538488
BEERS & COOLERS ,49,Both,1-18 Years,6339,F,2.72 E,0.755559263,F,F,F,.,F,.,0.04 E,0.012864309,F,F,F,.,F,.,F,F,F,.,F,.,F,.,F,F,F,.,F,.,F,.
BEERS & COOLERS ,49,Both,19+ Years,13331,12.32520307,97.14230352,6.097445911,F,F,351.0080478,13.56675256,703.8992098,17.68085008,1.200452862,0.074299746,F,F,4.289711811,0.324808441,8.950952431,0.55137631,788.1598624,26.62975735,671.9553972,42.04184878,1500.449696,101.6514837,2006.053484,140.5840807,9.739822178,0.323098923,7.386027694,0.424013066,18.70421545,0.997644695,25.40603682,2.363123065
BEERS & COOLERS ,49,Male,9-13 Years,1023,F,F,F,F,F,F,.,F,.,F,F,F,F,F,.,F,.,F,F,F,.,F,.,F,.,F,F,F,.,F,.,F,.
BEERS & COOLERS ,49,Male,14-18 Years,900,F,16.49 E,5.022857103,F,F,F,.,F,.,0.22 E,0.072378519,F,F,F,.,F,.,F,F,F,.,F,.,F,.,F,F,F,.,F,.,F,.
BEERS & COOLERS ,49,Male,19-30 Years,857,24.38795972,210.31 E,40.63204305,F,F,794.85 E,214.4682434,1088.313894,115.7454753,2.6 E,0.491974222,F,F,9.34 E,1.675822471,15.36 E,2.862855654,862.336096,105.761392,682.82 E,142.8326663,1637.56 E,467.9105254,2851.42 E,758.4033023,10.66905829,1.215122189,8.944587716,1.27433134,19.87 E,4.880173999,30.36 E,6.283732001
BEERS & COOLERS ,49,Male,31-50 Years,2005,19.03300737,181.9549358,19.15432999,F,F,708.2969919,85.39614747,1069.686,137.9144845,2.08411115,0.222672275,F,F,7.894057305,1.298269311,13.26865814,1.46345781,955.9967707,52.67522029,711.9040492,57.54306777,1708.657951,191.5391958,2312.995204,304.984393,10.94998341,0.625902298,8.378776169,0.92575565,18.09730909,1.728893994,28.21754791,3.068161215
BEERS & COOLERS ,49,Male,51-70 Years,2151,20.39949506,157.1693528,16.18168409,F,F,679.3480985,84.01043854,952.8342824,131.9439719,1.881983814,0.195409222,F,F,7.166534217,0.976990085,10.73998862,1.228265295,770.4570739,47.51404827,678.8107811,71.1833489,1686.957241,184.0286839,1782.378627,80.81050418,9.225639204,0.587385262,7.156531938,0.800321024,20.72582773,2.05797792,21.73853694,2.323953957
BEERS & COOLERS ,49,Male,71+ Years,1180,11.83186024,73.24796692,12.02630132,F,F,F,F,507.55 E,113.0976721,0.884570943,0.145980138,F,F,F,F,5.992510963,0.830331816,619.0739698,65.1710213,374.59 E,82.25073552,F,F,2019.85 E,553.803839,7.476178087,0.792515605,5.061745191,0.468643882,13.86 E,3.736410704,22.87 E,5.479278044
BEERS & COOLERS ,49,Male,19+ Years,6193,19.66930221,167.1019506,11.83699439,F,F,683.6652243,36.95214109,1069.373364,36.13362432,1.980664371,0.140849061,F,F,7.773374563,0.704782801,12.04731353,1.047183462,849.5570854,33.94587737,684.1201607,13.07120424,1701.277047,140.1101417,2118.274533,188.0000455,10.0698253,0.406247608,7.892252717,0.460347154,19.29543862,1.154695889,26.22268261,2.51044795
BEERS & COOLERS ,49,Female,9-13 Years,939,F,F,F,F,F,F,.,F,.,F,F,F,F,F,.,F,.,F,F,F,.,F,.,F,.,F,F,F,.,F,.,F,.
BEERS & COOLERS ,49,Female,14-18 Years,990,F,F,F,F,F,F,.,F,.,F,F,F,F,F,.,F,.,F,F,F,.,F,.,F,.,F,F,F,.,F,.,F,.
BEERS & COOLERS ,49,Female,19-30 Years,992,8.115457918,52.69 E,13.51115414,F,F,F,.,F,F,0.84 E,0.217924665,F,F,F,.,F,F,649.2040822,57.45733345,681.48 E,144.1043578,1064.32484,155.724298,1096.31 E,240.5516297,10.35666537,0.941557546,10.69 E,2.407683713,17.38834654,2.686035242,19.68 E,3.426263023
BEERS & COOLERS ,49,Female,31-50 Years,2384,5.106419882,28.38534721,3.94184669,F,F,F,.,F,F,0.413078486,0.056829871,F,F,F,.,F,F,555.875699,55.04253834,353.9528515,14.93316499,1072.13 E,250.3854842,1998.07 E,552.6195865,8.089395225,0.770540177,5.706010959,0.435569122,15 E,2.933773449,20.6 E,3.781078982
BEERS & COOLERS ,49,Female,51-70 Years,2314,5.186867954,28.02 E,5.203112787,F,F,F,.,F,F,0.42 E,0.077488833,F,F,F,.,F,F,540.2895034,43.16937341,392.67 E,81.00388764,1030.66 E,195.6585388,1057.622924,150.4262293,8.068780258,0.638645573,5.66 E,1.149613694,13.79465129,1.329009268,16.08857974,2.441781445
BEERS & COOLERS ,49,Female,71+ Years,1448,2.302816579,9.6 E,2.0964947,F,F,F,.,F,.,0.15 E,0.032795314,F,F,F,.,F,.,416.9536714,30.81162871,354.8791199,8.641465145,643.5991245,104.2672785,710.897155,90.6490239,6.526391483,0.604579537,5.794662405,0.49889728,11.28 E,1.93626155,12.48506468,1.839564183
BEERS & COOLERS ,49,Female,19+ Years,7138,5.234920332,29.60050326,3.078643819,F,F,F,.,F,F,0.447205924,0.04746504,F,F,F,.,F,F,565.4432425,27.18370992,389.7776931,44.61595989,1034.029552,76.53586026,1133.02 E,193.101172,8.542745551,0.404354084,6.131153346,0.474196959,15.31123724,1.430980581,19.40469543,1.593327352
BEERS,49A,Both,All ages,19670,9.979998442,78.5036139,4.892834698,F,F,F,.,670.2246614,66.19315601,0.974214736,0.059691625,F,F,F,F,7.398957298,0.625323644,786.6094805,26.41541289,670.978087,43.53811359,1500.115851,100.4697905,2003.80318,139.7715175,9.738777065,0.319772291,7.388664448,0.422969802,18.72130637,0.99950195,25.70617433,2.365126711
BEERS,49A,Both,1-3 Years,1288,F,F,F,F,F,F,.,F,.,F,F,F,F,F,.,F,.,F,F,F,.,F,.,F,.,F,F,F,.,F,.,F,.
BEERS,49A,Both,4-8 Years,1199,F,F,F,F,F,F,.,F,.,F,F,F,F,F,.,F,.,F,F,F,.,F,.,F,.,F,F,F,.,F,.,F,.
BEERS,49A,Both,9-13 Years,1962,F,F,F,F,F,F,.,F,.,F,F,F,F,F,.,F,.,F,F,F,.,F,.,F,.,F,F,F,.,F,.,F,.
BEERS,49A,Both,14-18 Years,1890,F,9.15 E,2.609065811,F,F,F,.,F,.,0.13 E,0.037880126,F,F,F,.,F,.,F,F,F,.,F,.,F,.,F,F,F,.,F,.,F,.
BEERS,49A,Both,19-30 Years,1849,16.66601426,135.51 E,23.46154948,F,F,567.09 E,170.5603669,1069.25 E,226.4385783,1.77 E,0.295779765,F,F,6.74 E,1.531157612,11.94467711,1.958960897,813.0865342,74.5519613,683.3273908,79.92078548,1414.89 E,287.6052399,2139.37 E,551.3790376,10.59687197,0.88179632,8.96272826,1.040230645,18.87 E,3.214655077,28.3 E,5.381005633
BEERS,49A,Both,31-50 Years,4389,11.9163801,103.4805096,9.729248852,F,F,342.4194202,50.92481856,712.2228618,114.1811276,1.230202326,0.115176333,F,F,4.24 E,0.738810457,9.209354402,1.118135849,868.388795,44.64077303,684.7509676,43.79010628,1504.480315,171.7554527,2139.023756,200.8729794,10.32362442,0.52337381,7.510007494,0.627415563,18.05762551,1.063262338,27.06086933,2.726594705
BEERS,49A,Both,51-70 Years,4465,12.68507023,91.77875185,8.288707303,F,F,349.3435933,17.52076794,684.2228713,24.30701395,1.140785293,0.10214202,F,F,4.221548253,0.434145,8.400509194,0.677138841,723.5178852,39.74087908,588.730259,75.45619719,1504.91796,169.6571367,1773.094811,75.57780315,8.993133445,0.489569179,7.141064975,0.79954097,19.03076748,2.090814588,21.33863025,1.780387914
BEERS,49A,Both,71+ Years,2628,6.514837425,37.73456379,5.51162592,F,F,F,.,341.8782403,43.96431395,0.474856781,0.068190109,F,F,F,.,4.16 E,0.696516382,579.2096,53.65082428,356.545504,48.46756289,1052.03 E,249.1185066,1818.03 E,517.2630622,7.288850814,0.654130419,5.394727063,0.386780179,13.26 E,2.76370862,19.28 E,4.282538488
BEERS,49A,Both,1-18 Years,6339,F,2.72 E,0.755559263,F,F,F,.,F,.,0.04 E,0.012864309,F,F,F,.,F,.,F,F,F,.,F,.,F,.,F,F,F,.,F,.,F,.
BEERS,49A,Both,19+ Years,13331,12.31839064,97.11756421,6.09734705,F,F,350.957497,13.76243203,703.8992098,17.68032112,1.200105538,0.074301387,F,F,4.287787366,0.324969724,8.950946645,0.551372007,788.3949054,26.63449306,672.1614112,41.45171533,1500.493152,101.9939989,2006.219534,140.4003059,9.742389026,0.323128238,7.399586082,0.422858287,18.70588117,0.997495357,25.40957331,2.359042833
BEERS,49A,Male,9-13 Years,1023,F,F,F,F,F,F,.,F,.,F,F,F,F,F,.,F,.,F,F,F,.,F,.,F,.,F,F,F,.,F,.,F,.
BEERS,49A,Male,14-18 Years,900,F,16.49 E,5.022857103,F,F,F,.,F,.,0.22 E,0.072378519,F,F,F,.,F,.,F,F,F,.,F,.,F,.,F,F,F,.,F,.,F,.
BEERS,49A,Male,19-30 Years,857,24.38795972,210.31 E,40.63204305,F,F,794.85 E,214.4682434,1088.313894,115.7454753,2.6 E,0.491974222,F,F,9.34 E,1.675822471,15.36 E,2.862855654,862.336096,105.761392,682.82 E,142.8326663,1637.56 E,467.9105254,2851.42 E,758.4033023,10.66905829,1.215122189,8.944587716,1.27433134,19.87 E,4.880173999,30.36 E,6.283732001
BEERS,49A,Male,31-50 Years,2005,19.03300737,181.9549358,19.15432999,F,F,708.2969919,85.39614747,1069.686,137.9144845,2.08411115,0.222672275,F,F,7.894057305,1.298269311,13.26865814,1.46345781,955.9967707,52.67522029,711.9040492,57.54306777,1708.657951,191.5391958,2312.995204,304.984393,10.94998341,0.625902298,8.378776169,0.92575565,18.09730909,1.728893994,28.21754791,3.068161215
BEERS,49A,Male,51-70 Years,2151,20.39949506,157.1693528,16.18168409,F,F,679.3480985,84.01043854,952.8342824,131.9439719,1.881983814,0.195409222,F,F,7.166534217,0.976990085,10.73998862,1.228265295,770.4570739,47.51404827,678.8107811,71.1833489,1686.957241,184.0286839,1782.378627,80.81050418,9.225639204,0.587385262,7.156531938,0.800321024,20.72582773,2.05797792,21.73853694,2.323953957
BEERS,49A,Male,71+ Years,1180,11.83186024,73.24796692,12.02630132,F,F,F,F,507.55 E,113.0976721,0.884570943,0.145980138,F,F,F,F,5.992510963,0.830331816,619.0739698,65.1710213,374.59 E,82.25073552,F,F,2019.85 E,553.803839,7.476178087,0.792515605,5.061745191,0.468643882,13.86 E,3.736410704,22.87 E,5.479278044
BEERS,49A,Male,19+ Years,6193,19.66930221,167.1019506,11.83699439,F,F,683.6652243,36.95214109,1069.373364,36.13362432,1.980664371,0.140849061,F,F,7.773374563,0.704782801,12.04731353,1.047183462,849.5570854,33.94587737,684.1201607,13.07120424,1701.277047,140.1101417,2118.274533,188.0000455,10.0698253,0.406247608,7.892252717,0.460347154,19.29543862,1.154695889,26.22268261,2.51044795
BEERS,49A,Female,9-13 Years,939,F,F,F,F,F,F,.,F,.,F,F,F,F,F,.,F,.,F,F,F,.,F,.,F,.,F,F,F,.,F,.,F,.
BEERS,49A,Female,14-18 Years,990,F,F,F,F,F,F,.,F,.,F,F,F,F,F,.,F,.,F,F,F,.,F,.,F,.,F,F,F,.,F,.,F,.
BEERS,49A,Female,19-30 Years,992,8.115457918,52.69 E,13.51115414,F,F,F,.,F,F,0.84 E,0.217924665,F,F,F,.,F,F,649.2040822,57.45733345,681.48 E,144.1043578,1064.32484,155.724298,1096.31 E,240.5516297,10.35666537,0.941557546,10.69 E,2.407683713,17.38834654,2.686035242,19.68 E,3.426263023
BEERS,49A,Female,31-50 Years,2384,5.106032397,28.38340126,3.941908698,F,F,F,.,F,F,0.413043329,0.056830767,F,F,F,.,F,F,555.8797723,55.04655336,353.95244,14.90181201,1072.14 E,250.4069446,1998.19 E,552.6497479,8.089320568,0.770597388,5.705966842,0.435494163,15 E,2.934065414,20.6 E,3.781115685
BEERS,49A,Female,51-70 Years,2314,5.146370995,27.88 E,5.20088648,F,F,F,.,F,F,0.42 E,0.077461118,F,F,F,.,F,F,541.6957427,43.40531422,454.72 E,77.40736169,1031.08 E,194.6745582,1057.833459,150.2699257,8.092506558,0.641631247,5.67 E,1.189711746,13.79947257,1.310628618,16.1669567,2.455634399
BEERS,49A,Female,71+ Years,1448,2.302816579,9.6 E,2.0964947,F,F,F,.,F,.,0.15 E,0.032795314,F,F,F,.,F,.,416.9536714,30.81162871,354.8791199,8.641465145,643.5991245,104.2672785,710.897155,90.6490239,6.526391483,0.604579537,5.794662405,0.49889728,11.28 E,1.93626155,12.48506468,1.839564183
BEERS,49A,Female,19+ Years,7138,5.221530917,29.55187964,3.078905197,F,F,F,.,F,F,0.446523279,0.047472184,F,F,F,.,F,F,565.9619777,27.23663553,389.8606297,45.20517851,1034.409191,76.14406877,1133.15 E,195.3352221,8.551577813,0.404927379,6.137120408,0.483436047,15.31531079,1.427872968,19.42108919,1.593594041
COOLERS ,49B,Both,All ages,19670,F,F,F,F,F,F,.,F,.,F,F,F,F,F,.,F,.,F,F,F,.,F,.,F,.,F,F,F,.,F,.,F,.
TEA- COFFEE- WATER,51,Both,All ages,19670,96.79876769,1253.754217,15.11302585,1036.383503,15.11302585,2464.041491,41.66671816,3024.48122,45.3985794,18.8326204,0.21493434,15.74823601,0.209343452,36.58714397,0.587467134,45.01804103,0.749873807,1295.217126,15.14380899,1077.293062,15.14817931,2504.07711,39.55780762,3055.605853,43.52054189,19.45371495,0.213263261,16.17033179,0.221172457,36.96250186,0.579303016,45.56345605,0.773842566
TEA- COFFEE- WATER,51,Both,1-3 Years,1288,84.12107404,378.2749121,20.45155188,269.2393753,20.45155188,841.4196,58.49614437,1184.93472,131.1964445,26.87199601,1.357430846,20.76236458,1.216629056,61.5716132,4.53801166,69.27522939,3.075131921,449.6791279,22.25668658,335.2915726,25.51088826,909.0317487,80.9205489,1252.1125,127.7021534,32.21088011,1.411245733,24.98432404,1.604415711,65.09253924,3.786096183,71.72020322,4.357061818
TEA- COFFEE- WATER,51,Both,4-8 Years,1199,92.2973316,513.2291966,17.39399234,400.5045767,17.39399234,1064.858146,51.50361534,1352.2815,77.38308887,23.01652268,0.853288172,18.91314319,1.07681407,48.63669619,2.753379042,60.1290008,3.731683983,556.0607091,18.1471238,451.6105533,27.07250847,1078.950773,56.71389122,1374.088333,72.59286944,24.93736524,0.882631622,20.48844209,0.643080432,50.72000982,2.719321037,63.27311543,3.582777639
TEA- COFFEE- WATER,51,Both,9-13 Years,1962,92.26420147,705.8055133,21.34833518,573.902254,21.34833518,1455.018624,71.04715566,1894.428186,74.19362887,17.06935494,0.529770418,14.33542417,0.582512324,33.75569981,1.124859673,45.10345414,3.125883074,764.9830617,21.94330984,606.1882228,33.96389754,1490.423713,65.87551702,1905.143492,66.84357684,18.50051772,0.548452965,15.49699802,0.622949669,34.75630728,1.291101858,46.80508281,3.23042526
TEA- COFFEE- WATER,51,Both,14-18 Years,1890,93.11471325,1052.252035,29.2479595,879.2915229,29.2479595,2250.918687,91.49140822,2679.478893,98.33966989,16.09451842,0.449794856,13.47972994,0.393755371,33.60703489,1.67502263,40.98706127,1.486184083,1130.059899,27.96555711,943.7799581,30.77850436,2323.230733,86.28134635,2679.520947,94.20541032,17.28461363,0.432235154,14.09610345,0.456878782,35.40381272,1.714128465,41.69837638,1.365294634
TEA- COFFEE- WATER,51,Both,19-30 Years,1849,96.53463941,1430.593625,63.19734219,1171.400589,63.19734219,3051.648395,162.3987274,3782.159879,258.9601778,19.74184442,0.826960465,15.77961878,0.894451596,39.44579705,2.517321649,49.68801412,2.458433803,1481.948484,64.79165811,1176.949046,70.02156849,3070.745188,157.6764487,3843.709149,258.6899385,20.45052899,0.844290214,16.38567746,0.979096105,39.4680293,2.720201584,49.95541457,2.314382753
TEA- COFFEE- WATER,51,Both,31-50 Years,4389,98.24530636,1469.775969,29.41231349,1258.62278,29.41231349,2714.315812,72.08695558,3287.563991,127.7723498,19.18836818,0.349030738,16.53281132,0.374221887,36.86571371,1.042939863,42.69728628,1.500150207,1496.026653,29.45350089,1297.096519,43.0374345,2714.328189,74.42691299,3343.989869,124.329867,19.53107878,0.347827178,16.78842693,0.394138993,37.06380551,1.007893793,43.18779915,1.47041686
TEA- COFFEE- WATER,51,Both,51-70 Years,4465,98.93806768,1393.264116,24.00688681,1211.65735,24.00688681,2574.456029,64.07002083,3004.680808,57.93054831,18.45064873,0.326173239,15.76748143,0.360326536,34.26701268,0.702948155,41.90121357,0.975529775,1408.218443,24.29756743,1220.067163,30.1408568,2575.062925,63.40029003,3005.112445,58.80521379,18.64868515,0.330346696,15.85932484,0.380980693,34.30942358,0.711609746,41.96774216,0.972594509
TEA- COFFEE- WATER,51,Both,71+ Years,2628,98.22242748,1074.288579,21.70880985,947.6361969,21.70880985,1920.751604,58.56140757,2448.872605,126.066746,15.10491735,0.298981083,13.12616198,0.282035645,27.70755068,0.790304092,34.56889112,1.624455303,1093.73043,21.12617277,956.7434842,24.36876053,1935.484902,60.04936141,2455.559529,122.6464934,15.37827738,0.290211703,13.34005712,0.300569754,27.76007409,0.759819398,34.58233737,1.564399038
TEA- COFFEE- WATER,51,Both,1-18 Years,6339,91.16237118,696.7888662,12.41511543,510.200057,12.41511543,1494.942636,22.10388512,2003.38,41.68177291,20.00358808,0.401871627,15.64425858,0.391365365,42.94081362,1.259408536,55.85859462,1.758968438,764.3382431,12.43198616,581.5453658,15.85138854,1526.470418,41.42734207,2040.139788,58.80704812,21.94860282,0.389732333,17.11748607,0.381642498,44.69162981,1.167318188,57.31276851,1.697672225
TEA- COFFEE- WATER,51,Both,19+ Years,13331,98.18311893,1390.550071,18.26983908,1178.978712,18.26983908,2624.319467,49.23796548,3145.203149,54.41729481,18.54844083,0.240963153,15.78530222,0.231677346,35.24261994,0.614296186,42.97664271,0.806779837,1416.282235,18.21409563,1191.748491,16.96858429,2639.280957,49.00403846,3161.728152,56.67175847,18.89168019,0.240348179,15.96117483,0.231416939,35.37961,0.653810018,43.23467125,0.818741522
TEA- COFFEE- WATER,51,Male,9-13 Years,1023,90.71658315,740.3573523,33.22467976,583.9608764,33.22467976,1617.677847,134.9698871,1988.172654,90.5267856,17.71997853,0.815548678,14.15308406,0.801861357,38.5717449,3.664289299,51.91446323,3.538058443,816.1212941,34.6020351,680.4477148,44.55093796,1715.354521,139.2360714,2000.035645,114.4454773,19.53333989,0.858861068,15.86931635,0.854672791,42.95303678,4.260039125,53.93390366,3.48498655
TEA- COFFEE- WATER,51,Male,14-18 Years,900,92.94088189,1074.737742,43.65340769,938.8200044,43.65340769,2184.018026,112.7741838,2679.51769,165.7915433,15.34617121,0.602491267,12.89833516,0.554723477,30.66218623,1.672812649,37.71660298,2.057679106,1156.367058,42.92348077,971.5816701,33.13236519,2293.462356,111.6294203,2710.720305,166.3167944,16.51175553,0.587466584,13.63659144,0.559574767,31.24116406,1.992050965,38.28974348,2.21313755
TEA- COFFEE- WATER,51,Male,19-30 Years,857,95.97683107,1569.531855,103.1374619,1303.502821,103.1374619,3228.307875,308.7985565,4014.414141,293.9817703,20.18314927,1.324091119,16.02612175,1.344573375,41.37838749,4.749164614,50.7784645,3.538188039,1635.323689,104.3690701,1326.724138,87.81378073,3232.741478,330.8406842,4029.182708,328.7614373,21.02918907,1.341630964,16.70434972,1.431897158,42.69088959,4.754727386,50.88501596,4.138308163
TEA- COFFEE- WATER,51,Male,31-50 Years,2005,97.87352398,1515.744007,45.37725245,1325.062417,45.37725245,2799.289309,137.7328765,3564.892326,220.8704507,17.39513304,0.472741042,15.03407601,0.553774489,32.68960674,1.252969359,39.78063771,1.946878272,1548.676236,45.27949306,1335.049773,38.91241383,2809.534703,143.2935727,3577.394409,224.2781859,17.77307318,0.468538837,15.25927489,0.540458912,32.74067405,1.346726883,40.21945765,1.962038699
TEA- COFFEE- WATER,51,Male,51-70 Years,2151,98.4682408,1345.728466,34.3190119,1171.899474,34.3190119,2504.46837,100.0734581,2920.573173,78.73303728,15.8138448,0.401825109,13.7745161,0.403190319,29.84043476,0.708908001,34.2575683,1.420181276,1366.662444,34.27386515,1176.894218,28.33059486,2508.816599,103.480327,2921.518609,83.53447848,16.05984292,0.40153827,13.88028736,0.439122811,30.04936237,0.729892351,34.26955667,1.490498997
TEA- COFFEE- WATER,51,Male,71+ Years,1180,97.61206424,1035.287818,28.55002761,946.878445,28.55002761,1778.779552,58.98941027,2088.460502,114.6611854,12.81861119,0.338740547,11.80879379,0.41635712,22.12167756,1.00274143,27.97068462,0.923678168,1060.614613,27.26175773,956.7483872,38.41791696,1781.474679,60.26996683,2096.748643,119.4245116,13.13219968,0.32394944,12.07561467,0.400664827,22.38497318,1.057539209,27.98215482,0.859432756
TEA- COFFEE- WATER,51,Male,19+ Years,6193,97.70134324,1417.237765,28.55291719,1191.625738,28.55291719,2714.244146,67.64520617,3325.55335,134.1827613,16.87828928,0.349162234,14.20867277,0.323910984,32.25091311,0.867848621,39.69325086,1.574203114,1450.581658,28.34320396,1216.851498,32.01390584,2716.851697,71.80426149,3361.147785,139.3375269,17.27539123,0.347342332,14.52403463,0.333432858,32.31037523,0.822492776,40.16653549,1.537639014
TEA- COFFEE- WATER,51,Female,9-13 Years,939,93.89299509,669.4413699,23.07836212,554.4500564,23.07836212,1236.643056,45.50952775,1616.268819,113.4259433,16.38460501,0.589122459,14.55770228,0.786551095,30.32197892,1.393650791,36.38618639,1.947639388,712.9832948,24.25132041,594.0758219,25.61547263,1243.123975,55.30993022,1688.303491,127.9845316,17.45029541,0.607763902,15.19691666,0.803317446,30.72049533,1.565099018,36.7839243,2.225033868
TEA- COFFEE- WATER,51,Female,14-18 Years,990,93.29851182,1028.477033,39.55608078,826.2306293,39.55608078,2285.448634,148.3040316,2587.564366,99.89945951,16.88577467,0.661754021,13.8559094,0.697932268,36.52162772,1.993937519,42.34891143,1.539646309,1102.350951,39.84292517,888.6281031,49.82001532,2337.926843,136.4487214,2636.551874,110.2300345,18.09865382,0.668616402,15.0118584,0.746120746,37.63697679,1.844058126,42.68369561,1.672756313
TEA- COFFEE- WATER,51,Female,19-30 Years,992,97.15230392,1276.746494,59.88643658,1000.516697,59.88643658,2525.078344,192.1137746,3156.509039,180.8860611,19.25318492,0.884043921,15.76793698,0.988297824,38.8903635,1.81835231,46.16570901,3.279397054,1314.170063,61.43346643,1031.057834,74.92162699,2525.953437,205.7156344,3160.040663,189.0911526,19.81752788,0.900921699,15.93275852,1.166049437,39.02055724,1.799052078,46.54663959,3.428653426
TEA- COFFEE- WATER,51,Female,31-50 Years,2384,98.60108828,1425.786266,34.20733366,1194.463698,34.20733366,2625.919044,82.32320141,3074.524919,110.0766235,20.90442754,0.482269719,18.1745912,0.629065452,39.50849329,1.034984986,45.68840178,1.962474018,1446.014735,34.48515452,1206.936631,61.1874748,2653.203714,80.76531745,3074.77218,116.2300349,21.20101097,0.484662989,18.28348764,0.614093742,39.51134061,0.985564866,45.70349229,2.002938429
TEA- COFFEE- WATER,51,Female,51-70 Years,2314,99.39719244,1439.716959,30.74455815,1272.150754,30.74455815,2576.152932,74.41055454,3059.994142,76.43935909,21.02738934,0.483364374,18.11212457,0.718955593,38.76017553,1.295228729,45.05626904,1.265360018,1448.448315,30.98322194,1284.997794,34.1122227,2576.358343,75.39014617,3063.311825,76.35100398,21.15491276,0.4866618,18.30968261,0.708007183,38.76104292,1.284113578,45.34928463,1.218858017
TEA- COFFEE- WATER,51,Female,71+ Years,1448,98.70594294,1105.184068,32.02132552,949.2598447,32.02132552,2031.423643,100.9598086,2581.925841,131.206758,16.91607549,0.473739784,14.40801114,0.604456611,31.40324214,1.884668048,39.21166278,2.276838239,1119.673279,31.83201349,956.281991,31.6639255,2039.525586,103.2175518,2583.405561,129.1624295,17.13784904,0.467585865,14.6139092,0.63820563,31.76187621,1.928821705,39.28424508,2.277242608
TEA- COFFEE- WATER,51,Female,19+ Years,7138,98.64824418,1364.78472,20.39081462,1166.63254,20.39081462,2548.149907,48.80242097,3029.75877,48.43181718,20.16087096,0.298085996,17.0396835,0.413420406,38.25243587,0.775928075,44.80770924,0.708124808,1383.486074,20.78725193,1176.849045,18.62401199,2564.155683,48.3068295,3043.922011,46.36053503,20.43713107,0.304175827,17.33857145,0.429897392,38.28549848,0.761325799,44.81753159,0.742118624
TEA (INCL ICED TEA),51A,Both,All ages,19670,29.60782981,128.3031621,4.281049963,F,F,473.9217768,26.96988404,686.1645,40.78521911,1.860511983,0.060672732,F,F,6.503654778,0.188468258,9.634927178,0.317738419,433.342001,10.38384919,331.7302707,20.62509129,841.4240815,38.75118712,1127.505504,41.80199983,6.26990642,0.143755323,4.72646074,0.114310292,12.49324253,0.357401122,16.24699947,0.452031618
TEA (INCL ICED TEA),51A,Both,1-3 Years,1288,2.902680145,4.36 E,1.018445724,F,F,F,.,F,.,0.31 E,0.074630616,F,F,F,.,F,.,150.1156324,21.74650874,118.49 E,32.92321215,278.2375954,39.30650053,310.13 E,62.48126213,10.4 E,1.876919545,8.83 E,2.827488988,19.72198075,2.482434893,23.46126146,3.892491106
TEA (INCL ICED TEA),51A,Both,4-8 Years,1199,6.896424876,16.5 E,4.399099255,F,F,F,.,F,F,0.7 E,0.228743095,F,F,F,.,F,F,239.2959886,37.22671803,187.1700695,30.61646716,550.81 E,121.3244472,693.01 E,126.318591,10.16 E,2.192334846,7.78 E,1.31014368,F,F,31.76 E,8.370729321
TEA (INCL ICED TEA),51A,Both,9-13 Years,1962,13.86384351,39.42907029,3.913661299,F,F,188.47 E,47.23246788,302.3622966,38.93189591,0.987943595,0.101587277,F,F,4.2 E,1.064589007,8.100925786,0.678778343,284.4021592,17.50316488,236.9730964,19.10727219,555.6541519,71.61137939,706.0973878,61.89367006,7.126044047,0.420747573,6.667251516,0.606212719,13.19954539,1.442048086,16.23835676,1.259638688
TEA (INCL ICED TEA),51A,Both,14-18 Years,1890,18.95912191,62.25749906,5.840737022,F,F,238.9361373,25.79672039,391.2027294,22.74431454,0.972793324,0.087314518,F,F,4.099112012,0.298113448,6.315426449,0.49462552,328.3775449,21.3006515,270.4563757,21.70201558,611.0353486,60.00087882,809.14 E,155.661253,5.13100411,0.317176339,4.1430755,0.204040786,9.714060989,1.027361335,13.32287069,1.844036284
TEA (INCL ICED TEA),51A,Both,19-30 Years,1849,28.61662599,135.4675833,17.42843803,F,F,451.2870727,59.60140552,703.8264081,77.86990934,1.891789968,0.205779312,F,F,6.824713901,0.797995186,9.025594185,1.177645333,473.3876852,48.38958357,359.9567901,36.93249227,929.07 E,221.8847788,1354.12 E,313.3063773,6.61080719,0.511015527,4.848281666,0.507562025,12.48271888,1.833572887,16.24664673,2.37372592
TEA (INCL ICED TEA),51A,Both,31-50 Years,4389,31.02196825,139.0343395,8.075345055,F,F,480.8132476,20.51808442,690.3720021,46.13204331,1.897125391,0.108127475,F,F,6.586600424,0.35382832,9.340608631,0.425491049,448.180265,18.38077775,350.5040649,19.32358377,833.1102181,53.09626057,1184.952519,85.24815964,6.11542561,0.246427865,4.826156509,0.175312754,11.66453472,0.684095032,15.04136822,1.324227031
TEA (INCL ICED TEA),51A,Both,51-70 Years,4465,36.3890611,163.3438035,7.846480553,F,F,568.1712316,32.4368911,835.1880701,64.68935369,2.291457053,0.118685663,F,F,7.519295214,0.522071849,11.5341038,0.744495596,448.8816105,14.9296662,350.2276786,28.04777798,947.654874,44.27854807,1120.829657,34.94062401,6.297104086,0.235481962,4.480381565,0.206282121,13.89790322,0.798774219,16.86035415,0.982803891
TEA (INCL ICED TEA),51A,Both,71+ Years,2628,44.84341199,181.5272188,7.594606945,F,F,566.3740384,22.31345684,716.0028864,24.73390947,2.670251986,0.122256528,F,F,7.781859741,0.344718202,11.76279558,0.622324966,404.8024242,11.07162226,342.6187761,24.04335747,751.275,21.2325951,909.0416054,46.99662067,5.954613772,0.196305095,4.451883965,0.207144051,12.2290215,0.518702451,15.04087296,1.10898613
TEA (INCL ICED TEA),51A,Both,1-18 Years,6339,11.5515754,33.72535739,2.342404927,F,F,F,F,270.4565038,19.19105155,0.796456581,0.077157186,F,F,F,F,6.097481245,0.466999401,291.9546142,13.67315385,236.990594,13.16432523,601.0151333,43.75273603,719.2215165,45.14901951,6.824000241,0.496286088,5.270631504,0.312332683,13.9411998,1.25276796,17.48019868,1.829083808
TEA (INCL ICED TEA),51A,Both,19+ Years,13331,34.04261329,151.5323478,5.254919951,F,F,514.8677013,20.05401721,719.6555479,24.04497109,2.118745249,0.071347005,F,F,7.049182171,0.274245524,10.28114071,0.457660537,445.1254859,11.020801,350.3865688,15.81118785,873.9360052,41.52161969,1146.969786,42.90930577,6.223803182,0.146746465,4.692487134,0.12007696,12.3577402,0.34330222,16.2455988,0.531378073
TEA (INCL ICED TEA),51A,Male,9-13 Years,1023,13.88783514,43.73660407,6.418607368,F,F,200.75 E,64.19682646,337.9161042,49.73113188,1.081711875,0.159834129,F,F,F,F,8.212770338,0.732617195,314.9274428,26.8322258,267.3357296,30.12400103,649.9118303,97.11491907,783.8370266,85.05651122,7.788916445,0.627197582,6.742372457,0.67673135,15.27071712,1.820985328,17.54056092,1.751157031
TEA (INCL ICED TEA),51A,Male,14-18 Years,900,15.35761955,54.28 E,9.386010735,F,F,200.34 E,57.69798388,343.83 E,82.0041442,0.79 E,0.133241157,F,F,F,F,4.87 E,1.077773103,353.4645061,46.62970328,268.9751558,31.94284584,741.43 E,189.217969,1090.94 E,206.4166653,5.138292188,0.663005124,4.022399586,0.523154231,10.89 E,2.610505795,16.25 E,2.895216016
TEA (INCL ICED TEA),51A,Male,19-30 Years,857,25.59163587,123.84 E,28.07626375,F,F,406.89 E,104.3353026,704.14 E,150.6262848,1.53 E,0.279720429,F,F,5.75 E,1.423335698,8.94 E,1.625656296,483.89 E,87.10014544,352.49 E,59.6015512,F,F,F,F,5.969273829,0.748074652,4.540744542,0.706329696,11.52 E,2.924755366,16.24 E,3.478183174
TEA (INCL ICED TEA),51A,Male,31-50 Years,2005,24.2127039,124.1490148,13.30756026,F,F,473.9807741,48.58742108,760.5312243,87.31741747,1.505560356,0.157467238,F,F,5.796304917,0.585994828,8.567024354,0.739079315,512.7432911,39.52055127,390.6609482,37.26878853,1054.984576,149.7842772,1339.787952,121.8717236,6.218059586,0.468171962,4.90517242,0.471547377,12.45184495,1.276978735,16.1210089,1.795725931
TEA (INCL ICED TEA),51A,Male,51-70 Years,2151,30.77117249,144.7986572,11.07042918,F,F,509.2401265,45.79588044,910.9012799,120.2698212,1.834471226,0.150917865,F,F,6.249795136,0.714480247,11.31171245,1.298971035,470.5659405,24.29979428,355.4532616,31.64567844,999.0947659,69.3102305,1124.610054,74.77603646,5.961655269,0.352854108,4.228546777,0.368583102,13.90884424,1.297598465,16.85881848,1.812857104
TEA (INCL ICED TEA),51A,Male,71+ Years,1180,38.15183765,160.4974739,10.67790787,F,F,561.0875367,37.23249303,716.5556867,47.16412789,2.038942562,0.140860655,F,F,6.818382029,0.334655402,9.615582703,0.721295769,420.6808474,17.97797076,350.3769377,23.99615379,757.4018207,34.46385102,950.5274544,91.29932302,5.344284018,0.254867445,4.205261631,0.273420433,10.49397748,0.856365843,12.52156833,0.951580925
TEA (INCL ICED TEA),51A,Male,19+ Years,6193,28.13675505,134.8532297,7.907972569,F,F,480.0662864,26.55382001,755.3116687,41.67456636,1.675997498,0.091322172,F,F,6.189471904,0.387650186,9.023222063,0.429662949,479.2778325,20.10149163,359.8593282,19.60056316,947.889299,59.89089545,1184.91887,106.3603347,5.956612604,0.222587,4.480243702,0.181236632,12.42007376,0.77917354,16.11278866,0.966674379
TEA (INCL ICED TEA),51A,Female,9-13 Years,939,13.83859348,34.89559884,4.692778947,F,F,F,F,275.96 E,50.88020336,0.889257005,0.128083751,F,F,F,F,7.151892684,1.140979787,252.1614563,21.91167827,202.5774767,28.40416322,425.4 E,72.97824288,591.6627738,55.86945704,6.425920428,0.547791252,5.597684936,0.7177898,11.11394453,0.551425296,13.63009571,1.465075578
TEA (INCL ICED TEA),51A,Female,14-18 Years,990,22.76712869,70.68846703,6.346102306,F,F,284.8119378,30.25437493,401.3414033,17.30594351,1.166998856,0.106016914,F,F,4.543851293,0.364569473,6.990374881,0.433014842,310.4847695,16.21008492,250.9116225,26.31192672,571.5681314,41.07394352,616.3840971,82.38571671,5.125806033,0.280125678,4.149090474,0.287269003,8.944993193,0.580561293,11.63997844,1.226220858
TEA (INCL ICED TEA),51A,Female,19-30 Years,992,31.96621562,148.3479069,19.39971943,F,F,489.9945255,59.30867022,697.943091,106.7432521,2.295021137,0.29561521,F,F,7.65840071,0.816529415,11.15668879,1.271277718,464.0771642,46.3904944,369.9371266,41.59348352,825.52 E,242.4145805,1331.745178,213.0435227,7.179520919,0.682123014,5.342627868,0.730725416,12.81 E,2.519519949,21.6 E,4.937782761
TEA (INCL ICED TEA),51A,Female,31-50 Years,2384,37.53818107,153.2790418,10.06482748,F,F,494.5083607,26.31204071,617.2107722,45.28347031,2.271838572,0.155967713,F,F,7.327275666,0.461312849,9.852365102,0.516992228,408.3283671,17.75777538,350.1650303,29.30082069,703.410003,50.94212723,997.891948,122.4845632,6.052074199,0.285256211,4.810241508,0.194964297,10.90453044,0.797864635,13.90231163,2.036480256
TEA (INCL ICED TEA),51A,Female,51-70 Years,2314,41.87898075,181.466513,10.45391506,F,F,569.4002922,24.26736804,833.1375033,63.91982513,2.738033276,0.17323852,F,F,8.568137735,0.578334165,12.54508799,0.974995313,433.311675,17.95057577,325.8080472,23.95516855,916.5549654,61.12288338,1104.584955,55.66629226,6.537965411,0.30558216,4.713571598,0.269371868,13.55950586,0.986795325,16.65363939,1.216681802
TEA (INCL ICED TEA),51A,Female,71+ Years,1448,50.14432034,198.1864898,10.7247107,F,F,569.9196146,32.30172657,710.9671691,31.40449186,3.170360514,0.189621189,F,F,8.964825738,0.764036123,12.54363022,0.752102795,395.2321789,14.71162538,304.8516777,26.48251675,710.9658666,30.14056597,890.6370718,71.12148969,6.322471804,0.277309985,4.83318382,0.316293495,12.54238547,0.717058323,16.24672686,1.347812817
TEA (INCL ICED TEA),51A,Female,19+ Years,7138,39.74436157,167.6350257,6.335208125,F,F,535.4797467,16.64158897,710.9733034,22.82775859,2.546191376,0.10130012,F,F,7.812483273,0.289838241,11.38836041,0.548587373,421.7831639,11.27291646,350.1805343,26.22675515,781.3207327,33.78610545,1085.020733,59.2825883,6.406421629,0.1848381,4.848316815,0.147953201,12.29023034,0.361331769,16.4212363,0.860053922
COFFEE,51B,Both,All ages,19670,54.32186936,245.836249,5.265736524,61.72 E,5.265736524,700.6424808,21.5991664,915.9210103,9.977777884,3.215713412,0.067641538,0.8 E,0.229840228,9.116421073,0.207147379,12.11478883,0.221722301,452.55484,7.995731582,380.3826159,1.169633776,900.1540079,20.98823032,1138.321423,34.14849768,5.905855727,0.099639614,4.71459648,0.095721606,11.77514776,0.190255379,14.50576224,0.473725609
COFFEE,51B,Both,1-3 Years,1288,F,F,F,F,F,F,.,F,.,F,F,F,F,F,.,F,.,F,F,F,.,F,.,F,.,F,F,F,.,F,.,F,.
COFFEE,51B,Both,4-8 Years,1199,F,F,F,F,F,F,.,F,.,F,F,F,F,F,.,F,.,F,F,F,.,F,.,F,.,F,F,F,.,F,.,F,.
COFFEE,51B,Both,9-13 Years,1962,2.747111653,2.96 E,0.85069222,F,F,F,.,F,.,0.06 E,0.018477163,F,F,F,.,F,.,107.58 E,23.38762447,F,F,271.04 E,49.98263846,281.16 E,54.20248329,2.17 E,0.483043133,F,F,4.75 E,1.428216848,6.56 E,1.73496269
COFFEE,51B,Both,14-18 Years,1890,15.825834,35.29767107,3.91486414,F,F,120.45 E,28.33409138,279.7370248,20.99661521,0.550892071,0.062272058,F,F,1.93 E,0.434690046,4.015540805,0.467863791,223.0382997,16.79070063,189.5258415,25.24341928,412.4067657,59.159752,549.905299,80.05463031,3.480967075,0.272817837,2.863447892,0.346606832,7.093950158,0.63094673,9.19 E,1.576728456
COFFEE,51B,Both,19-30 Years,1849,46.8688084,192.056848,14.30703211,F,F,535.5389967,31.57111491,818.9407541,86.20286386,2.608377371,0.200756028,F,F,7.656651791,0.509555333,11.02157377,0.987102247,409.775402,21.28717742,347.1806223,39.95847151,852.9980874,78.53459499,1106.802305,92.67782904,5.565273494,0.310050955,4.439649619,0.15025292,11.08835058,0.956202068,14.6736899,1.2969954
COFFEE,51B,Both,31-50 Years,4389,66.55641668,310.2600772,11.2438671,190.2227409,11.2438671,820.8246773,31.4004124,948.449954,39.20799571,3.929910905,0.1327443,2.570150432,0.193666671,10.19465977,0.376222285,12.6192211,0.255678661,466.1610295,15.20988031,380.3836246,12.2873336,915.9199283,25.06729193,1114.051014,50.35353829,5.90463114,0.172711636,4.730643367,0.166616381,11.89758716,0.3508825,13.43883574,0.570909974
COFFEE,51B,Both,51-70 Years,4465,73.24754425,360.8528173,10.2698621,284.2840005,10.2698621,829.2045317,27.59441638,1106.076962,54.69842727,4.692420323,0.139826796,3.498085058,0.193997161,11.22094782,0.304028141,14.22407272,0.790774015,492.6483488,11.68165583,394.7879014,12.52255237,915.9239863,32.0906764,1217.361581,29.6165312,6.406249344,0.160432313,5.169596013,0.166743125,12.26505304,0.517752639,16.40864,0.657867258
COFFEE,51B,Both,71+ Years,2628,73.57524318,280.551222,9.609709945,200.2017405,9.609709945,648.4863182,31.25162149,829.5712795,29.49510198,3.864783689,0.13499978,3.013123395,0.147442001,8.914188644,0.356970439,11.89553305,0.575130573,381.3119875,10.44867586,305.44748,5.067453444,758.2886188,41.14402066,915.9209207,28.50134866,5.252831689,0.148801768,4.196903813,0.149215995,10.46046672,0.538261623,13.02877131,0.562154855
COFFEE,51B,Both,1-18 Years,6339,5.579592854,11.13007526,1.153274505,F,F,F,.,F,F,0.186180641,0.019418343,F,F,F,.,F,F,199.4782693,15.20966799,132.7 E,33.10719128,407.5874707,30.4531918,536.6824724,61.22855735,3.297123407,0.2498753,2.508362135,0.313693297,7.080727946,0.490857745,9.231861996,1.451636541
COFFEE,51B,Both,19+ Years,13331,66.29342435,303.4822612,6.522800658,190.3793954,6.522800658,799.2818648,20.98057117,949.5315998,26.30944753,3.950944059,0.083521235,2.687610619,0.094484462,10.12049006,0.249075974,12.86045303,0.224841733,457.7863704,8.183934952,380.3829732,1.686458233,914.7288437,21.17918978,1143.329494,34.44264163,5.959782736,0.101989809,4.7547975,0.098492179,11.85489834,0.189497306,14.55277897,0.490857602
COFFEE,51B,Male,9-13 Years,1023,F,F,F,F,F,F,.,F,.,F,F,F,F,F,.,F,.,F,F,F,.,F,.,F,.,F,F,F,.,F,.,F,.
COFFEE,51B,Male,14-18 Years,900,14.14836288,38.76 E,6.515573721,F,F,F,F,289.6000522,42.04751041,0.56 E,0.09676649,F,F,F,F,3.906860764,0.573407697,273.9869661,31.3100874,236.83 E,41.85150557,535.5387649,86.07669462,597.8 E,151.6220758,3.926085119,0.479730536,3.139619533,0.431385575,7.32 E,1.436454098,9.43 E,1.963781466
COFFEE,51B,Male,19-30 Years,857,47.85123321,209.5834878,20.33053606,F,F,602.5140726,87.98102358,938.4368417,85.23158988,2.658206483,0.268719612,F,F,7.842100331,1.01037478,11.30413689,1.457443669,437.9897314,29.63000451,410.4104143,32.62395943,941.9532801,75.52640296,1121.1312,88.37386444,5.555147285,0.399197788,4.567410256,0.418292981,11.75530824,1.359052896,14.70227908,1.305134661
COFFEE,51B,Male,31-50 Years,2005,71.47329893,369.1270416,19.0021106,236.8278019,19.0021106,915.9163512,49.06791703,1141.238873,68.72592125,4.225186978,0.200976175,2.937551016,0.252735065,10.34360293,0.601695174,12.9410525,0.36109268,516.4544623,25.23302711,410.4107036,9.112725672,960.7381407,53.2028966,1300.441483,137.8923646,5.911560039,0.26156842,4.521052342,0.213668814,11.87246342,0.457337064,13.4659818,1.192493183
COFFEE,51B,Male,51-70 Years,2151,75.37659589,409.1850094,17.35357291,305.3062095,17.35357291,941.8860614,59.01400427,1231.230773,57.51027464,4.760376958,0.205203408,3.559356561,0.275496539,11.12946988,0.460786993,14.8647059,1.158966663,542.8541905,19.47991516,411.5534694,33.96645164,1121.1312,64.22367966,1349.778773,94.89968873,6.315457606,0.234584395,4.957643717,0.246034161,12.21173416,0.681791914,16.67586435,0.867031939
COFFEE,51B,Male,71+ Years,1180,73.961753,300.4860493,14.13663652,214.0303074,14.13663652,710.4858421,46.10472829,915.9154451,51.97963241,3.695634586,0.16987665,2.78275137,0.222397516,8.703936942,0.510345139,11.19925151,0.721259914,406.2722111,15.9624729,315.0397875,26.96034659,812.7977174,46.28000493,932.1125268,95.89141964,4.996683335,0.19301329,3.947850098,0.20697375,9.678551278,0.617824985,12.61743515,0.736256671
COFFEE,51B,Male,19+ Years,6193,68.79008676,346.3055998,10.72921,214.5539439,10.72921,859.6177547,31.3850575,1138.802394,41.16287937,4.063577816,0.123992713,2.737033923,0.126496221,10.2355098,0.380251135,13.05205905,0.374355548,503.4236997,13.33626561,410.4105471,7.714707484,966.9923941,42.36648237,1231.241091,50.99375746,5.907214263,0.152889041,4.616130091,0.155085483,11.84897953,0.301454554,14.94470196,0.685512852
COFFEE,51B,Female,9-13 Years,939,F,F,F,F,F,F,.,F,.,F,F,F,F,F,.,F,.,F,F,F,.,F,.,F,.,F,F,F,.,F,.,F,.
COFFEE,51B,Female,14-18 Years,990,17.59948865,31.6318797,4.504596713,F,F,119.56 E,34.82261865,238.38 E,41.30130616,0.546044493,0.080691871,F,F,1.87 E,0.5955482,4.28 E,0.736186951,179.7318111,17.82849462,125.69 E,31.56849613,391.3019111,34.58730171,432.479756,71.22891264,3.102615671,0.329128429,2.45 E,0.508120778,6.180213352,0.602540895,7.58 E,1.488216907
COFFEE,51B,Female,19-30 Years,992,45.78096354,172.6494951,18.8999345,F,F,473.6173256,40.32448741,618.2838258,75.09805485,2.553201298,0.285037526,F,F,7.093353739,0.730937971,9.570095988,1.006702249,377.1207108,31.28774672,290.6574601,18.87634692,630.6284796,91.73477911,942.53 E,276.0513704,5.576993362,0.496806912,4.329292018,0.182439442,9.901998225,1.22495426,14.02 E,4.258346043
COFFEE,51B,Female,31-50 Years,2384,61.85114317,253.9265808,13.0052291,175.18 E,13.0052291,690.549635,52.32824973,820.7749219,39.52036528,3.647342682,0.177992713,1.99 E,0.364621537,10.12130566,0.624571281,12.57642205,0.466080495,410.5446848,16.10939559,362.2436543,27.72578877,820.2244589,32.26848676,915.9239202,54.26211824,5.896968907,0.218961827,4.976271479,0.212240069,11.92523211,0.586490731,13.42831038,0.654234655
COFFEE,51B,Female,51-70 Years,2314,71.16698992,313.6215762,11.96598664,239.2402554,11.96598664,785.949606,39.7409078,915.9196415,35.39020505,4.626011661,0.197751831,3.475248025,0.237596088,11.30403603,0.445910049,14.06171804,0.838388302,440.6840538,13.83407121,380.3822364,4.165863799,825.236553,21.5066049,949.9329358,70.15042996,6.500221053,0.237264851,5.29468545,0.248039217,12.38366424,0.650904165,16.03389562,1.060352695
COFFEE,51B,Female,71+ Years,1448,73.26905915,264.7593192,12.21290493,191.4720439,12.21290493,610.6154798,29.51597878,820.8242848,50.71773086,3.998779643,0.190117913,3.156902067,0.187808206,9.377670741,0.569012317,12.21489364,0.799292901,361.3521481,13.70608008,305.3060892,15.21668522,710.5523141,50.84731929,852.9963451,43.1239301,5.45766479,0.215668548,4.418057191,0.215605449,10.76727157,0.675735011,13.0288301,0.676209265
COFFEE,51B,Female,19+ Years,7138,63.88304808,262.1389225,7.531854625,190.1919,7.531854625,672.8920299,34.3067698,828.991021,25.03673777,3.842202992,0.112505719,2.636771043,0.147154782,10.05355483,0.305812287,12.62293545,0.322949768,410.3419144,9.178437909,355.2224326,19.12117264,820.8254931,15.71305722,925.9164365,29.08004812,6.014432792,0.139611323,4.850366639,0.122324841,11.85436672,0.282234657,14.08792872,0.628924301
WATER (WELL & MINERAL),51C,Both,All ages,19670,94.71887711,1174.391572,16.99906638,886.9555773,23.86567013,2530.016459,57.45902068,3315.631885,72.01738585,18.74696098,0.255416205,13.88905574,0.267318623,40.22281145,0.847481035,54.52601402,0.98654172,1239.870666,17.19404735,964.8105929,19.43803887,2615.589504,70.18814468,3362.221177,82.68082492,19.79480668,0.258066569,14.88347939,0.280365332,41.60920893,0.837133453,55.83151381,1.050512031
WATER (WELL & MINERAL),51C,Both,1-3 Years,1288,93.06711586,582.9376405,25.97219652,403.9073458,34.57683927,1323.669396,84.56872291,1550.861228,87.21469581,41.50403644,1.677615585,30.54713123,1.892061596,85.85419289,6.136339224,121.6246626,6.32802806,626.3626363,26.21150387,473.2559652,37.46374533,1405.134876,99.71465648,1639.656329,92.63592114,44.85303111,1.653314802,32.9693382,1.812260136,92.91355809,6.135198677,124.578104,6.146897531
WATER (WELL & MINERAL),51C,Both,4-8 Years,1199,96.16122558,714.568653,25.00632264,528.824618,30.32924801,1506.120227,60.80640439,1900.644869,106.9432582,31.90788619,1.205368517,23.78264193,1.045489902,65.36417345,3.334797401,85.72619383,5.518835115,743.0943696,25.52481973,547.1066827,39.58959548,1516.540299,63.36864067,1912.696294,103.563363,33.18165507,1.220924057,24.2350667,1.487629629,66.91633304,3.290051233,86.38380661,5.286832646
WATER (WELL & MINERAL),51C,Both,9-13 Years,1962,96.88417848,1004.514254,30.10030898,780.9999401,24.98875652,2050.389727,69.26992515,2502.878368,76.85078655,24.19475521,0.713671877,19.41031219,0.835699075,50.60983985,1.931558909,59.19305368,1.47714189,1036.819705,30.18221326,795.4466598,32.42865558,2055.935056,70.30753994,2504.062067,76.69531333,24.97286511,0.714057184,19.98874166,0.7712866,51.77262965,1.931494468,59.36819105,1.550165423
WATER (WELL & MINERAL),51C,Both,14-18 Years,1890,96.47132771,1435.483245,41.8582,1171.901822,52.20606713,2976.367379,113.9241206,3677.341651,146.395739,21.93829023,0.638240086,18.04775209,0.725386333,43.66880635,1.536075725,55.87671668,2.851189412,1487.989519,40.9804941,1201.804564,51.42524849,3000.143327,111.5618436,3714.148669,148.1659414,22.74073629,0.625096654,18.49269326,0.809579966,43.97002083,1.657133912,56.57412655,2.869290055
WATER (WELL & MINERAL),51C,Both,19-30 Years,1849,95.90095074,1360.590288,61.55899105,1018.430675,58.53342772,3002.899193,213.4868656,3753.9468,224.136942,19.00342627,0.857065359,15.22102112,0.701818973,40.56897145,3.173090803,53.65205068,2.589149128,1418.745359,62.67755291,1062.320735,83.50168954,3030.433715,220.4595891,3907.662972,230.7049999,19.81568079,0.869975235,15.71031097,0.690559492,41.68916049,3.328304978,54.22069553,2.46700147
WATER (WELL & MINERAL),51C,Both,31-50 Years,4389,95.91896848,1286.525359,32.50400332,1000.771349,19.51171657,2782.146829,110.3914177,3515.9319,100.1345679,16.975619,0.424099892,13.05532413,0.465816411,37.09718831,1.127209687,47.98996649,2.588193245,1341.262713,33.19885005,1016.104418,27.24945373,2849.10187,105.9542713,3532.56934,97.26289586,17.69787485,0.43154034,13.71376446,0.430164902,37.52296009,1.048210464,49.37979757,2.63742224
WATER (WELL & MINERAL),51C,Both,51-70 Years,4465,92.79012571,1184.05829,30.63986325,895.0387643,49.44779528,2606.602884,89.74759081,3360.344771,124.9183608,15.60367969,0.407228013,11.79696804,0.411101535,33.63547746,1.195767622,43.05603337,1.738596893,1276.060659,31.65024105,1001.664368,20.36006886,2699.692655,90.38453577,3417.884112,138.0491784,16.81609931,0.422050172,13.00048881,0.474071524,34.54018983,1.453965679,44.24785767,1.911360042
WATER (WELL & MINERAL),51C,Both,71+ Years,2628,92.04573832,933.7628492,30.87365782,711.5332891,41.37833344,2124.843629,97.18362975,2817.072052,173.758417,13.0761477,0.452525813,9.884643166,0.380913867,30.02377602,1.610652641,37.42940972,1.910680969,1014.455277,31.8064205,781.0121424,27.50775895,2190.113048,101.9736262,2916.792158,179.6796776,14.20614136,0.46458653,10.71749877,0.386989069,30.49248879,1.27021084,38.69800272,2.260650019
WATER (WELL & MINERAL),51C,Both,1-18 Years,6339,95.92824185,976.8442248,17.46275381,732.1770005,18.32037767,2111.394598,48.64589275,2720.391951,74.92981957,28.43091375,0.533181777,21.54881315,0.521826619,60.34648318,1.291192283,75.4351251,2.262538611,1018.307233,17.30713068,763.6385967,15.39520914,2134.515297,49.35741172,2744.492644,78.78915053,29.65284025,0.516247784,22.53370977,0.480829347,61.0016899,1.160687221,76.32430633,2.650295087
WATER (WELL & MINERAL),51C,Both,19+ Years,13331,94.42184592,1222.911032,20.15475529,951.4847015,25.0152598,2697.642773,73.35932715,3472.421859,91.60017391,16.39678378,0.277051336,12.40793188,0.310119496,36.02471701,0.882417063,46.38364379,1.628019175,1295.156879,20.43109325,1001.669638,6.485382261,2761.546687,61.44927302,3515.9319,81.39269673,17.36545565,0.279879281,13.37311914,0.300169457,36.65129296,0.741181969,47.89695132,1.723438263
WATER (WELL & MINERAL),51C,Male,9-13 Years,1023,96.55587449,1053.954436,45.59063191,810.9996399,58.41079623,2181.862383,109.66374,2516.220151,127.2338144,25.19918176,1.09161382,19.84584916,1.201568422,55.13898049,2.233357485,60.02850285,3.323439759,1091.548745,45.9262962,865.8731912,60.41155833,2197.583016,108.5290601,2517.840493,146.1813578,26.09803069,1.102429434,20.81682867,1.097496633,55.44098815,2.109632082,60.78082459,3.504309856
WATER (WELL & MINERAL),51C,Male,14-18 Years,900,97.37608661,1458.813626,55.75580686,1201.361611,76.90828084,2962.023672,143.7010182,3672.468569,193.9104395,20.90252937,0.798797136,17.92895599,0.945186437,40.37532418,2.924851077,53.16024801,3.224188169,1498.123078,55.00637639,1237.581683,76.28840623,3001.664966,140.6134469,3688.362152,188.4897819,21.46577265,0.789013257,18.18531089,0.962513949,41.86368234,2.683037929,54.41092699,3.430990946
WATER (WELL & MINERAL),51C,Male,19-30 Years,857,95.62964906,1466.252521,97.84539676,1077.738152,158.9079069,3363.800773,318.9088691,3920.698396,279.8930208,19.08578233,1.331147947,14.46512163,1.636275514,42.98946211,6.125336213,53.41475474,4.426397811,1533.261427,100.1252748,1171.505512,171.1110576,3520.666283,330.1440462,3926.445518,308.1280643,19.95801774,1.364365766,15.50421185,1.881959306,43.1832079,6.225039708,56.14825143,4.696374354
WATER (WELL & MINERAL),51C,Male,31-50 Years,2005,95.98415218,1294.485081,51.04798191,979.6598768,45.90417122,3001.373587,213.7132757,3674.297729,203.8720806,14.8851199,0.566868658,11.25421383,0.631968859,32.59822212,1.773006594,43.65724054,3.177895079,1348.644595,52.51069807,1001.014517,40.02455066,3003.801534,175.5353327,3681.427307,210.6082007,15.5078933,0.583296159,11.49680528,0.677296072,33.35647917,1.744082866,44.12090339,3.27218839
WATER (WELL & MINERAL),51C,Male,51-70 Years,2151,89.75520073,1083.299736,42.1818442,778.039738,38.93439135,2603.446943,153.7279582,3304.730006,228.3054557,12.66107834,0.499992212,9.010165881,0.616955579,30.5500452,1.460429502,38.63804163,2.034238194,1206.949266,44.41482192,899.8392279,73.32719499,2754.057051,146.0929003,3448.24216,242.1579242,14.10623366,0.525407575,10.47893037,0.576712756,31.79001999,1.345766636,39.26198554,1.95818469
WATER (WELL & MINERAL),51C,Male,71+ Years,1180,92.13632512,913.0319984,41.90879852,668.6183618,55.55355515,2127.847628,138.0493762,2699.776555,198.6541388,11.32780112,0.53511388,8.347524881,0.590923678,26.62815891,1.958707803,32.88911109,1.537665793,990.9576894,42.15002007,780.2782021,50.89499054,2223.668209,136.4388021,2807.508969,208.9990628,12.29460922,0.536557155,9.465332254,0.564143855,27.71284256,1.905974716,33.72890677,1.600011605
WATER (WELL & MINERAL),51C,Male,19+ Years,6193,93.44338699,1214.245329,30.93686257,890.2417033,51.79744637,2759.466468,129.416741,3586.807539,117.9684834,14.51946045,0.391217953,10.49528132,0.400411885,32.09533969,1.164742002,42.65792208,2.454206608,1299.444903,31.72222552,995.1254237,18.68027648,2896.077957,119.4950102,3673.400922,121.4263837,15.5382429,0.402340958,11.51168393,0.391126624,33.38382489,1.236482594,43.67330797,2.558874675
WATER (WELL & MINERAL),51C,Female,9-13 Years,939,97.2297026,952.4808474,34.62390909,749.5070573,29.863954,1886.401406,67.79162868,2410.342661,161.0442296,23.13764473,0.840969577,18.5580303,1.200788006,42.89137162,2.880831172,57.83119381,2.960320821,979.619213,35.13715773,771.7700538,29.93735861,1903.37189,71.45944375,2415.224543,155.3506444,23.79688933,0.844311822,19.69590421,1.090334931,43.52284365,3.009149093,58.69019675,3.158966945
WATER (WELL & MINERAL),51C,Female,14-18 Years,990,95.51469138,1410.815138,61.48206515,1118.855911,70.34046893,2976.57101,183.7114091,3680.664788,224.7740501,23.03343998,0.985274095,18.52473711,1.178470247,45.94979796,2.498068695,59.87602914,5.173253966,1477.066111,62.03545612,1175.157882,67.01276266,2997.217183,182.6473254,3703.223729,235.4843408,24.11507554,0.990383045,19.403214,1.175865503,46.51419081,2.619573207,60.22725975,5.155460318
WATER (WELL & MINERAL),51C,Female,19-30 Years,992,96.2013647,1243.589865,69.68914152,997.5564733,63.09535741,2741.612484,190.7111573,3253.485161,314.9376389,18.91223292,1.064077249,15.61471341,0.711937104,40.3874271,2.63417649,53.7098735,5.078093367,1292.694619,70.1842016,1001.451321,68.67419994,2749.504513,182.2043129,3269.236326,338.6172732,19.6590069,1.061224219,16.00975266,0.697773031,40.56592068,2.632961776,54.19941128,4.864238242
WATER (WELL & MINERAL),51C,Female,31-50 Years,2384,95.8565901,1278.908202,40.57764142,1006.132826,32.77151174,2739.97158,117.3253965,3310.237372,157.0495055,18.97614892,0.622408282,15.30645911,0.765612929,38.96448014,1.362329756,53.11160709,3.500200376,1334.189126,40.63608848,1041.480107,40.63270444,2762.368691,109.8667643,3473.000438,159.0598958,19.79639469,0.623676183,15.91574021,0.682181146,39.43505742,1.527585705,53.97855504,3.386018754
WATER (WELL & MINERAL),51C,Female,51-70 Years,2314,95.75591864,1282.521681,40.08357131,1001.464993,32.83195884,2606.604938,92.24131002,3361.626883,148.9041848,18.479252,0.593221412,14.84219735,0.592532457,37.70071843,1.38633948,51.07294333,3.113427109,1339.36544,40.28607366,1022.817841,51.6195819,2631.887362,101.0564685,3368.936953,178.0156007,19.29828701,0.595301772,15.28284814,0.671549822,37.7380648,1.556492616,51.64614675,3.039338139
WATER (WELL & MINERAL),51C,Female,71+ Years,1448,91.97397758,950.1853433,44.49454132,725.6299768,45.96963648,2080.890568,129.956393,2919.002608,255.714327,14.46114688,0.692256426,10.84754021,0.542013633,32.5793357,2.152695121,44.51514194,4.003412917,1033.102371,45.2879779,784.8271884,45.84815354,2150.865417,144.2177683,2925.060557,216.1286688,15.72308522,0.703447192,12.02991582,0.597568428,33.07193111,2.04296632,45.4522307,3.720957618
WATER (WELL & MINERAL),51C,Female,19+ Years,7138,95.36648872,1231.277244,24.32625762,985.9400997,20.17810612,2606.760166,83.77652009,3295.164033,86.6292958,18.2092257,0.363119495,14.50308089,0.453455421,37.74361048,0.924988485,50.43185529,2.177093357,1291.100532,24.70660612,1001.661238,19.26220534,2679.302069,78.58800315,3311.182549,93.97025126,19.09394583,0.365328284,15.22344399,0.352740728,38.70579285,0.920688564,51.89666328,2.143075093
WATER (from all sources),51C & water consumption from recipes,Both,All ages,19670,94.71887711,1174.391572,16.99906638,886.9555773,16.99906638,2530.016459,57.45902068,3315.631885,72.01738585,18.74696098,0.255416205,13.88905574,0.267318623,40.22281145,0.847481035,54.52601402,0.98654172,1239.870666,17.19404735,964.8105929,19.43803887,2615.589504,70.18814468,3362.221177,82.68082492,19.79480668,0.258066569,14.88347939,0.280365332,41.60920893,0.837133453,55.83151381,1.050512031
WATER (from all sources),51C & water consumption from recipes,Both,1-3 Years,1288,93.06711586,582.9376405,25.97219652,403.9073458,25.97219652,1323.669396,84.56872291,1550.861228,87.21469581,41.50403644,1.677615585,30.54713123,1.892061596,85.85419289,6.136339224,121.6246626,6.32802806,626.3626363,26.21150387,473.2559652,37.46374533,1405.134876,99.71465648,1639.656329,92.63592114,44.85303111,1.653314802,32.9693382,1.812260136,92.91355809,6.135198677,124.578104,6.146897531
WATER (from all sources),51C & water consumption from recipes,Both,4-8 Years,1199,96.16122558,714.568653,25.00632264,528.824618,25.00632264,1506.120227,60.80640439,1900.644869,106.9432582,31.90788619,1.205368517,23.78264193,1.045489902,65.36417345,3.334797401,85.72619383,5.518835115,743.0943696,25.52481973,547.1066827,39.58959548,1516.540299,63.36864067,1912.696294,103.563363,33.18165507,1.220924057,24.2350667,1.487629629,66.91633304,3.290051233,86.38380661,5.286832646
WATER (from all sources),51C & water consumption from recipes,Both,9-13 Years,1962,96.88417848,1004.514254,30.10030898,780.9999401,30.10030898,2050.389727,69.26992515,2502.878368,76.85078655,24.19475521,0.713671877,19.41031219,0.835699075,50.60983985,1.931558909,59.19305368,1.47714189,1036.819705,30.18221326,795.4466598,32.42865558,2055.935056,70.30753994,2504.062067,76.69531333,24.97286511,0.714057184,19.98874166,0.7712866,51.77262965,1.931494468,59.36819105,1.550165423
WATER (from all sources),51C & water consumption from recipes,Both,14-18 Years,1890,96.47132771,1435.483245,41.8582,1171.901822,41.8582,2976.367379,113.9241206,3677.341651,146.395739,21.93829023,0.638240086,18.04775209,0.725386333,43.66880635,1.536075725,55.87671668,2.851189412,1487.989519,40.9804941,1201.804564,51.42524849,3000.143327,111.5618436,3714.148669,148.1659414,22.74073629,0.625096654,18.49269326,0.809579966,43.97002083,1.657133912,56.57412655,2.869290055
WATER (from all sources),51C & water consumption from recipes,Both,19-30 Years,1849,95.90095074,1360.590288,61.55899105,1018.430675,61.55899105,3002.899193,213.4868656,3753.9468,224.136942,19.00342627,0.857065359,15.22102112,0.701818973,40.56897145,3.173090803,53.65205068,2.589149128,1418.745359,62.67755291,1062.320735,83.50168954,3030.433715,220.4595891,3907.662972,230.7049999,19.81568079,0.869975235,15.71031097,0.690559492,41.68916049,3.328304978,54.22069553,2.46700147
WATER (from all sources),51C & water consumption from recipes,Both,31-50 Years,4389,95.91896848,1286.525359,32.50400332,1000.771349,32.50400332,2782.146829,110.3914177,3515.9319,100.1345679,16.975619,0.424099892,13.05532413,0.465816411,37.09718831,1.127209687,47.98996649,2.588193245,1341.262713,33.19885005,1016.104418,27.24945373,2849.10187,105.9542713,3532.56934,97.26289586,17.69787485,0.43154034,13.71376446,0.430164902,37.52296009,1.048210464,49.37979757,2.63742224
WATER (from all sources),51C & water consumption from recipes,Both,51-70 Years,4465,92.79012571,1184.05829,30.63986325,895.0387643,30.63986325,2606.602884,89.74759081,3360.344771,124.9183608,15.60367969,0.407228013,11.79696804,0.411101535,33.63547746,1.195767622,43.05603337,1.738596893,1276.060659,31.65024105,1001.664368,20.36006886,2699.692655,90.38453577,3417.884112,138.0491784,16.81609931,0.422050172,13.00048881,0.474071524,34.54018983,1.453965679,44.24785767,1.911360042
WATER (from all sources),51C & water consumption from recipes,Both,71+ Years,2628,92.04573832,933.7628492,30.87365782,711.5332891,30.87365782,2124.843629,97.18362975,2817.072052,173.758417,13.0761477,0.452525813,9.884643166,0.380913867,30.02377602,1.610652641,37.42940972,1.910680969,1014.455277,31.8064205,781.0121424,27.50775895,2190.113048,101.9736262,2916.792158,179.6796776,14.20614136,0.46458653,10.71749877,0.386989069,30.49248879,1.27021084,38.69800272,2.260650019
WATER (from all sources),51C & water consumption from recipes,Both,1-18 Years,6339,95.92824185,976.8442248,17.46275381,732.1770005,17.46275381,2111.394598,48.64589275,2720.391951,74.92981957,28.43091375,0.533181777,21.54881315,0.521826619,60.34648318,1.291192283,75.4351251,2.262538611,1018.307233,17.30713068,763.6385967,15.39520914,2134.515297,49.35741172,2744.492644,78.78915053,29.65284025,0.516247784,22.53370977,0.480829347,61.0016899,1.160687221,76.32430633,2.650295087
WATER (from all sources),51C & water consumption from recipes,Both,19+ Years,13331,94.42184592,1222.911032,20.15475529,951.4847015,20.15475529,2697.642773,73.35932715,3472.421859,91.60017391,16.39678378,0.277051336,12.40793188,0.310119496,36.02471701,0.882417063,46.38364379,1.628019175,1295.156879,20.43109325,1001.669638,6.485382261,2761.546687,61.44927302,3515.9319,81.39269673,17.36545565,0.279879281,13.37311914,0.300169457,36.65129296,0.741181969,47.89695132,1.723438263
WATER (from all sources),51C & water consumption from recipes,Male,9-13 Years,1023,96.55587449,1053.954436,45.59063191,810.9996399,45.59063191,2181.862383,109.66374,2516.220151,127.2338144,25.19918176,1.09161382,19.84584916,1.201568422,55.13898049,2.233357485,60.02850285,3.323439759,1091.548745,45.9262962,865.8731912,60.41155833,2197.583016,108.5290601,2517.840493,146.1813578,26.09803069,1.102429434,20.81682867,1.097496633,55.44098815,2.109632082,60.78082459,3.504309856
WATER (from all sources),51C & water consumption from recipes,Male,14-18 Years,900,97.37608661,1458.813626,55.75580686,1201.361611,55.75580686,2962.023672,143.7010182,3672.468569,193.9104395,20.90252937,0.798797136,17.92895599,0.945186437,40.37532418,2.924851077,53.16024801,3.224188169,1498.123078,55.00637639,1237.581683,76.28840623,3001.664966,140.6134469,3688.362152,188.4897819,21.46577265,0.789013257,18.18531089,0.962513949,41.86368234,2.683037929,54.41092699,3.430990946
WATER (from all sources),51C & water consumption from recipes,Male,19-30 Years,857,95.62964906,1466.252521,97.84539676,1077.738152,97.84539676,3363.800773,318.9088691,3920.698396,279.8930208,19.08578233,1.331147947,14.46512163,1.636275514,42.98946211,6.125336213,53.41475474,4.426397811,1533.261427,100.1252748,1171.505512,171.1110576,3520.666283,330.1440462,3926.445518,308.1280643,19.95801774,1.364365766,15.50421185,1.881959306,43.1832079,6.225039708,56.14825143,4.696374354
WATER (from all sources),51C & water consumption from recipes,Male,31-50 Years,2005,95.98415218,1294.485081,51.04798191,979.6598768,51.04798191,3001.373587,213.7132757,3674.297729,203.8720806,14.8851199,0.566868658,11.25421383,0.631968859,32.59822212,1.773006594,43.65724054,3.177895079,1348.644595,52.51069807,1001.014517,40.02455066,3003.801534,175.5353327,3681.427307,210.6082007,15.5078933,0.583296159,11.49680528,0.677296072,33.35647917,1.744082866,44.12090339,3.27218839
WATER (from all sources),51C & water consumption from recipes,Male,51-70 Years,2151,89.75520073,1083.299736,42.1818442,778.039738,42.1818442,2603.446943,153.7279582,3304.730006,228.3054557,12.66107834,0.499992212,9.010165881,0.616955579,30.5500452,1.460429502,38.63804163,2.034238194,1206.949266,44.41482192,899.8392279,73.32719499,2754.057051,146.0929003,3448.24216,242.1579242,14.10623366,0.525407575,10.47893037,0.576712756,31.79001999,1.345766636,39.26198554,1.95818469
WATER (from all sources),51C & water consumption from recipes,Male,71+ Years,1180,92.13632512,913.0319984,41.90879852,668.6183618,41.90879852,2127.847628,138.0493762,2699.776555,198.6541388,11.32780112,0.53511388,8.347524881,0.590923678,26.62815891,1.958707803,32.88911109,1.537665793,990.9576894,42.15002007,780.2782021,50.89499054,2223.668209,136.4388021,2807.508969,208.9990628,12.29460922,0.536557155,9.465332254,0.564143855,27.71284256,1.905974716,33.72890677,1.600011605
WATER (from all sources),51C & water consumption from recipes,Male,19+ Years,6193,93.44338699,1214.245329,30.93686257,890.2417033,30.93686257,2759.466468,129.416741,3586.807539,117.9684834,14.51946045,0.391217953,10.49528132,0.400411885,32.09533969,1.164742002,42.65792208,2.454206608,1299.444903,31.72222552,995.1254237,18.68027648,2896.077957,119.4950102,3673.400922,121.4263837,15.5382429,0.402340958,11.51168393,0.391126624,33.38382489,1.236482594,43.67330797,2.558874675
WATER (from all sources),51C & water consumption from recipes,Female,9-13 Years,939,97.2297026,952.4808474,34.62390909,749.5070573,34.62390909,1886.401406,67.79162868,2410.342661,161.0442296,23.13764473,0.840969577,18.5580303,1.200788006,42.89137162,2.880831172,57.83119381,2.960320821,979.619213,35.13715773,771.7700538,29.93735861,1903.37189,71.45944375,2415.224543,155.3506444,23.79688933,0.844311822,19.69590421,1.090334931,43.52284365,3.009149093,58.69019675,3.158966945
WATER (from all sources),51C & water consumption from recipes,Female,14-18 Years,990,95.51469138,1410.815138,61.48206515,1118.855911,61.48206515,2976.57101,183.7114091,3680.664788,224.7740501,23.03343998,0.985274095,18.52473711,1.178470247,45.94979796,2.498068695,59.87602914,5.173253966,1477.066111,62.03545612,1175.157882,67.01276266,2997.217183,182.6473254,3703.223729,235.4843408,24.11507554,0.990383045,19.403214,1.175865503,46.51419081,2.619573207,60.22725975,5.155460318
WATER (from all sources),51C & water consumption from recipes,Female,19-30 Years,992,96.2013647,1243.589865,69.68914152,997.5564733,69.68914152,2741.612484,190.7111573,3253.485161,314.9376389,18.91223292,1.064077249,15.61471341,0.711937104,40.3874271,2.63417649,53.7098735,5.078093367,1292.694619,70.1842016,1001.451321,68.67419994,2749.504513,182.2043129,3269.236326,338.6172732,19.6590069,1.061224219,16.00975266,0.697773031,40.56592068,2.632961776,54.19941128,4.864238242
WATER (from all sources),51C & water consumption from recipes,Female,31-50 Years,2384,95.8565901,1278.908202,40.57764142,1006.132826,40.57764142,2739.97158,117.3253965,3310.237372,157.0495055,18.97614892,0.622408282,15.30645911,0.765612929,38.96448014,1.362329756,53.11160709,3.500200376,1334.189126,40.63608848,1041.480107,40.63270444,2762.368691,109.8667643,3473.000438,159.0598958,19.79639469,0.623676183,15.91574021,0.682181146,39.43505742,1.527585705,53.97855504,3.386018754
WATER (from all sources),51C & water consumption from recipes,Female,51-70 Years,2314,95.75591864,1282.521681,40.08357131,1001.464993,40.08357131,2606.604938,92.24131002,3361.626883,148.9041848,18.479252,0.593221412,14.84219735,0.592532457,37.70071843,1.38633948,51.07294333,3.113427109,1339.36544,40.28607366,1022.817841,51.6195819,2631.887362,101.0564685,3368.936953,178.0156007,19.29828701,0.595301772,15.28284814,0.671549822,37.7380648,1.556492616,51.64614675,3.039338139
WATER (from all sources),51C & water consumption from recipes,Female,71+ Years,1448,91.97397758,950.1853433,44.49454132,725.6299768,44.49454132,2080.890568,129.956393,2919.002608,255.714327,14.46114688,0.692256426,10.84754021,0.542013633,32.5793357,2.152695121,44.51514194,4.003412917,1033.102371,45.2879779,784.8271884,45.84815354,2150.865417,144.2177683,2925.060557,216.1286688,15.72308522,0.703447192,12.02991582,0.597568428,33.07193111,2.04296632,45.4522307,3.720957618
WATER (from all sources),51C & water consumption from recipes,Female,19+ Years,7138,95.36648872,1231.277244,24.32625762,985.9400997,24.32625762,2606.760166,83.77652009,3295.164033,86.6292958,18.2092257,0.363119495,14.50308089,0.453455421,37.74361048,0.924988485,50.43185529,2.177093357,1291.100532,24.70660612,1001.661238,19.26220534,2679.302069,78.58800315,3311.182549,93.97025126,19.09394583,0.365328284,15.22344399,0.352740728,38.70579285,0.920688564,51.89666328,2.143075093
