FoodID,MeasureID,ConversionFactorValue,ConvFactorDateOfEntry,MeasureDescription
2,341,0.40152,1997-05-01,
2,383,0.5019,2003-08-12,
2,415,1.0038,2003-08-12,
4,341,0.92984,2004-06-10,
4,383,1.1623,2004-06-10,
4,415,2.3246,2004-06-10,
5,502462,6.04,2012-10-24,
5,341,0.92989,2014-09-12,
5,415,2.32472,2014-09-12,
5,383,1.16236,2014-09-12,
6,108,0.35,1997-05-01,
6,341,0.45224,1997-05-01,
6,383,0.5653,2003-09-10,
6,415,1.1306,2003-09-10,
6,1461,0.55,2004-03-15,
7,1457,1.4,2004-08-27,
7,174,2.6378,2026-01-28,
8,1457,1.4,2004-08-27,
8,174,3.7214905220000003,2026-01-28,
9,1607,1.95,2005-02-10,
10,1457,1.4,2004-08-27,
10,174,3.9370196440000003,2026-01-28,
13,341,1.01437,2002-09-25,
13,385,0.15101,2002-09-25,
13,439,0.050679999999999996,2003-03-14,
13,383,1.26789,2003-03-14,
14,341,1.01437,2003-03-14,
14,383,1.26796,2003-03-14,
14,385,0.15101,2003-03-14,
14,439,0.050679999999999996,2003-03-14,
16,385,0.09573999999999999,2014-01-17,
16,439,0.0319,2014-01-17,
16,966,0.038,1997-05-01,
16,1573,0.1,2004-07-06,
16,341,0.63824,2014-01-17,
17,385,0.12973,2002-09-19,
17,439,0.04324,2003-03-06,
17,1573,0.1,2004-07-06,
17,341,0.86649,2014-01-17,
18,344,0.57058,1997-05-01,
18,975,1.4264599999999998,2003-03-06,
18,990,0.5,2003-03-13,
18,1454,0.3,2004-02-11,
19,368,0.47759999999999997,1997-05-01,
19,348,0.5579,1997-05-01,
19,976,1.39476,2003-03-06,
19,977,1.19399,2003-03-06,
19,990,0.5,2003-03-13,
19,1454,0.3,2004-02-11,
20,371,0.60862,1997-05-01,
20,358,1.0144199999999999,2014-01-28,
20,978,2.53605,2014-01-28,
20,979,1.52156,2003-03-06,
20,990,0.5,2003-03-13,
20,1454,0.3,2004-02-12,
21,341,1.0397,2002-09-19,
21,415,2.59932,2003-03-06,
21,990,0.5,2003-03-13,
21,1454,0.3,2005-02-10,
22,368,0.47759999999999997,2004-01-14,
22,348,0.5579,2004-01-14,
22,1454,0.3,2004-02-13,
22,990,0.5,2003-03-13,
23,368,0.47759999999999997,2004-01-14,
23,348,0.5579,2004-01-14,
23,1454,0.3,2004-02-13,
23,990,0.5,2003-03-13,
24,368,0.47759999999999997,1997-05-01,
24,348,0.5579,1997-05-01,
24,976,1.39476,2003-03-06,
24,977,1.19399,2003-03-06,
24,990,0.5,2003-03-13,
24,1454,0.3,2004-02-13,
25,619,0.95097,2003-03-06,
25,355,0.8875700000000001,2003-03-06,
25,981,2.21893,2003-03-06,
25,982,2.37743,2003-03-06,
25,973,1.18872,2003-03-06,
25,972,1.10947,2003-03-06,
25,1489,1.25,2004-07-06,
26,376,0.9551999999999999,1997-05-01,
26,974,1.19399,2003-03-06,
26,983,2.3879900000000003,2003-03-06,
26,1489,1.25,2004-07-21,
27,376,0.61285,1997-05-01,
27,974,0.76606,2003-03-06,
27,983,1.53212,2003-03-06,
27,1489,1.25,2004-07-06,
28,341,0.98,2019-07-22,
28,385,0.147,2019-07-22,
28,415,2.45,2019-07-22,
28,990,0.5,2003-03-13,
28,428,0.294,2019-07-22,
28,1454,0.3,2010-07-27,
28,383,1.225,2019-10-18,
29,348,0.5579,1997-05-01,
29,990,0.5,2003-03-13,
29,994,1.39475,2003-03-13,
29,1454,0.3,2004-02-13,
30,368,0.45647,1997-05-01,
30,348,0.5579,2008-02-22,
30,976,1.39476,2003-03-06,
30,977,1.14117,2003-03-06,
30,990,0.5,2003-03-13,
30,1454,0.3,2004-02-13,
31,348,0.5579,1997-05-01,
31,415,1.39475,2003-03-13,
31,990,0.5,2003-03-13,
31,1454,0.3,2004-07-06,
32,368,0.45647,1997-05-01,
32,348,0.5579,1997-05-01,
32,976,1.39476,2003-03-06,
32,977,1.14117,2003-03-06,
32,990,0.5,2003-03-13,
32,1454,0.3,2004-07-06,
33,341,0.56636,1997-05-01,
33,415,1.41589,2003-03-06,
33,990,0.5,2003-03-13,
33,1454,0.3,2004-02-13,
34,368,0.47759999999999997,1997-05-01,
34,348,0.5579,1997-05-01,
34,976,1.39476,2003-03-06,
34,977,1.14117,2003-03-06,
34,990,0.5,2003-03-13,
34,1454,0.3,2004-02-13,
34,245,0.18864999999999998,2019-07-23,
35,368,0.47337,2003-03-06,
35,977,1.18343,2003-03-06,
35,990,0.5,2003-03-13,
35,1454,0.3,2004-02-13,
37,368,0.47759999999999997,1997-05-01,
37,348,0.5579,1997-05-01,
37,976,1.39476,2003-03-06,
37,977,1.14117,2003-03-06,
37,990,0.5,2003-03-13,
37,1454,0.3,2004-02-13,
38,341,1.0144,2006-07-14,
38,990,0.5,2003-03-13,
38,1454,0.3,2004-07-06,
38,385,0.15216,2004-02-03,
39,353,0.7929999999999999,2019-07-23,
39,505784,0.11900000000000001,2019-07-23,
39,1242,1.984,2019-07-23,
39,990,0.5,2003-03-13,
39,1467,0.15,2004-07-06,
39,1241,0.992,2019-10-21,
40,990,0.5,2003-03-13,
40,341,0.4227,2008-02-22,
40,1467,0.15,2004-07-06,
40,385,0.050679999999999996,2004-05-03,
41,348,0.5579,1997-05-01,
41,368,0.47759999999999997,1997-05-01,
41,976,1.39476,2003-03-06,
41,977,1.14117,2003-03-06,
41,990,0.5,2003-03-13,
41,1454,0.3,2004-02-13,
42,502477,0.2243,2019-07-23,
42,348,0.5579,2002-09-19,
42,976,1.39476,2003-03-06,
42,990,0.5,2003-03-13,
42,1454,0.3,2004-02-13,
43,341,1.047,2019-07-23,
43,383,1.3090000000000002,2019-07-23,
43,415,2.6180000000000003,2019-07-23,
43,1455,1.0,2004-02-13,
43,385,0.15710000000000002,2019-07-23,
43,428,0.31420000000000003,2019-07-23,
44,341,1.045,2019-07-23,
44,383,1.306,2019-10-22,
44,415,2.613,2019-07-23,
44,1455,1.0,2004-02-13,
44,385,0.1568,2019-07-23,
44,428,0.3135,2019-07-23,
45,353,0.42265,1997-05-01,
45,415,1.05663,2003-03-07,
45,990,0.5,2003-03-13,
45,1467,0.15,2004-07-07,
45,385,0.0634,2007-06-15,
46,344,0.57058,1997-05-01,
46,415,1.42645,2003-03-07,
46,990,0.5,2003-03-13,
46,1454,0.3,2004-02-13,
47,348,0.5579,1997-05-01,
47,368,0.45647,1997-05-01,
47,976,1.39476,2003-03-07,
47,977,1.14117,2003-03-07,
47,978,2.57819,2003-03-07,
47,990,0.5,2003-03-13,
47,1454,0.3,2005-02-10,
47,502477,0.21958,2019-07-23,
48,368,0.47759999999999997,1997-05-01,
48,348,0.5579,1997-05-01,
48,976,1.39475,2003-03-07,
48,977,1.194,2003-03-07,
48,990,0.5,2003-03-13,
48,1454,0.3,2004-02-13,
51,341,1.03128,2004-02-03,
51,415,2.57819,2004-02-03,
51,990,0.5,2003-03-13,
51,1454,0.3,2004-07-07,
52,368,0.47759999999999997,2004-01-14,
52,348,0.59172,2004-01-14,
52,1454,0.3,2004-02-13,
52,990,0.5,2003-03-13,
52,245,0.20833,2008-09-12,
54,341,0.25359000000000004,1999-06-16,
54,385,0.03041,2003-03-07,
54,415,0.63398,2003-03-07,
54,1467,0.15,2004-07-07,
54,640,0.15215,2007-06-15,
55,341,1.07354,1999-06-16,
55,415,2.68385,2003-03-07,
55,383,1.34193,2004-02-13,
55,502468,0.9,2012-08-14,
56,341,1.01437,1999-06-16,
56,385,0.15216,2003-03-07,
56,415,2.53593,2003-03-07,
56,1467,0.15,2004-07-07,
56,866,0.15,2014-01-28,
57,385,0.0596,2000-11-07,
57,341,0.3973,2000-11-07,
57,383,0.4966,2004-07-07,
58,385,0.05072,2004-02-03,
58,415,0.84531,2003-03-07,
58,383,0.42265,2004-07-07,
58,1467,0.15,2010-07-27,
59,341,0.29586,1999-06-16,
59,385,0.044379999999999996,2004-02-03,
59,415,0.73964,2003-03-07,
59,383,0.36982,2004-07-07,
59,640,0.17751999999999998,2007-06-15,
59,1467,0.15,2010-07-27,
60,341,0.31699,1999-06-16,
60,385,0.04755,2004-02-03,
60,415,0.7924800000000001,2003-03-07,
60,383,0.39624000000000004,2004-07-07,
60,640,0.19018999999999997,2007-06-15,
60,1467,0.15,2010-07-27,
61,341,1.03128,1999-06-02,
61,415,2.57819,2003-03-07,
63,341,1.03128,1999-06-03,
63,415,2.57819,2003-03-07,
66,341,0.541,1997-05-01,
66,385,0.08115,2003-03-07,
66,415,1.35249,2003-03-07,
66,1574,0.25,2004-07-07,
67,341,0.50719,1997-05-01,
67,385,0.07608,2004-02-03,
67,415,1.26796,2003-03-12,
68,341,1.29332,1999-06-03,
68,415,3.2333100000000004,2003-03-12,
68,428,0.38797,2004-02-13,
68,385,0.19399,2004-02-13,
69,341,1.05664,1999-06-03,
69,415,2.64159,2003-03-12,
70,341,1.05664,1999-06-03,
70,415,2.64159,2003-03-12,
71,341,1.05664,1999-06-03,
71,415,2.64159,2003-03-12,
71,389,1.8491,2010-07-27,
72,341,1.03128,1999-06-03,
72,415,2.57819,2003-03-12,
73,341,1.03973,1999-06-03,
73,415,2.59932,2003-03-12,
74,341,1.0354999999999999,1999-06-03,
74,415,2.5887599999999997,2003-03-12,
75,341,0.9603,2008-02-22,
75,415,2.4008000000000003,2008-02-22,
76,341,0.9603,2008-02-22,
76,415,2.4008000000000003,2008-02-22,
77,341,1.03973,1999-06-16,
77,415,2.59932,2003-03-12,
78,341,0.24091,1997-05-01,
78,385,0.03614,2004-02-03,
78,415,0.60228,2003-03-12,
79,341,1.03973,1999-06-16,
79,415,2.59932,2003-03-12,
80,341,0.61285,1997-05-01,
80,385,0.09193,2004-02-03,
80,415,1.53212,2003-03-12,
83,370,0.35926,1997-05-01,
83,988,0.8981399999999999,2003-03-12,
83,989,0.05388,2004-02-03,
84,370,0.35926,1997-05-01,
84,988,0.8981399999999999,2003-03-12,
84,989,0.05388,2004-02-03,
86,370,0.45224,1997-05-01,
86,988,1.1306,2003-03-12,
87,370,0.28318,1997-05-01,
87,988,0.70795,2003-03-12,
87,989,0.042480000000000004,2004-02-03,
88,90,0.7,1997-05-01,
88,990,0.5,2003-03-13,
89,90,1.44,1997-05-01,
89,990,0.5,2003-03-13,
89,1611,0.72,2004-09-01,
90,90,0.09,1997-05-01,
90,990,0.5,2003-03-12,
90,1612,0.9,2006-11-29,
91,90,0.79,2006-11-29,
91,990,0.5,2003-03-12,
92,385,0.14392,2023-05-26,
92,966,0.05,1997-05-01,
92,341,0.95943,2004-05-03,
92,415,2.39856,2004-05-03,
92,1573,0.1,2004-07-07,
92,284,1.135,2013-06-24,
93,385,0.050679999999999996,2023-05-26,
93,415,1.0566,2008-02-25,
93,990,0.5,2003-03-13,
93,341,0.42265,2008-02-25,
93,1467,0.15,2004-07-07,
96,344,0.634,2008-02-28,
96,415,1.585,2008-02-28,
96,990,0.5,2003-03-13,
96,1454,0.3,2004-07-07,
97,344,0.634,2008-02-28,
97,415,1.585,2008-02-28,
97,990,0.5,2004-07-07,
97,1454,0.3,2004-07-07,
98,344,0.9470000000000001,2019-10-18,
98,975,2.3680000000000003,2019-10-18,
98,990,0.5,2003-03-13,
98,1454,0.3,2004-07-07,
98,1002,0.142,2019-10-18,
100,341,1.075,2019-07-23,
100,383,1.344,2019-07-23,
100,415,2.688,2019-07-23,
100,990,0.5,2003-03-13,
100,1455,1.0,2004-07-07,
100,640,0.645,2019-07-23,
100,385,0.161,2019-07-23,
101,341,1.02705,1999-06-16,
101,415,2.56763,2003-03-13,
101,640,0.6162299999999999,2003-03-13,
102,344,0.5579,1997-05-01,
102,1454,0.3,2004-02-13,
102,990,0.5,2003-03-13,
102,415,1.39476,2003-03-13,
103,368,0.47759999999999997,1997-05-01,
103,348,0.5579,1997-05-01,
103,990,0.5,2003-03-13,
103,994,1.39476,2003-03-13,
103,995,1.194,2003-03-13,
103,1454,0.3,2004-02-13,
104,368,0.47759999999999997,1997-05-01,
104,348,0.5579,1997-05-01,
104,990,0.5,2003-03-13,
104,994,1.39476,2003-03-13,
104,995,1.194,2003-03-13,
104,1454,0.3,2004-02-13,
105,348,0.5579,1997-05-01,
105,368,0.47759999999999997,1997-05-01,
105,990,0.5,2003-03-13,
105,976,1.39476,2003-03-13,
105,977,1.194,2003-03-13,
105,1454,0.3,2004-07-07,
106,368,0.47759999999999997,1997-05-01,
106,348,0.5579,1997-05-01,
106,990,0.5,2003-03-13,
106,994,1.39476,2003-03-13,
106,995,1.194,2003-03-13,
106,1454,0.3,2004-02-13,
107,376,0.9551999999999999,1997-05-01,
107,983,2.388,2003-03-13,
107,383,1.19399,2004-07-07,
107,1489,1.25,2004-07-07,
108,344,0.63398,1997-05-01,
108,990,0.5,2003-03-13,
108,997,1.58495,2003-03-13,
108,1454,0.3,2004-02-13,
109,348,0.5579,1997-05-01,
109,990,0.5,2003-03-13,
109,994,1.3975,2003-03-13,
109,1454,0.3,2004-02-13,
110,368,0.47759999999999997,1997-05-01,
110,348,0.5579,1997-05-01,
110,990,0.5,2003-03-13,
110,994,1.39475,2003-03-13,
110,995,1.18343,2003-03-13,
110,1454,0.3,2004-02-13,
111,348,0.5579,1997-05-01,
111,368,0.47759999999999997,1997-05-01,
111,990,0.5,2003-03-13,
111,994,1.39476,2003-03-13,
111,995,1.194,2003-03-13,
111,1454,0.3,2004-02-13,
112,341,1.08199,1999-06-03,
112,383,1.3313599999999999,2006-07-13,
112,385,0.16229,2004-07-07,
112,415,2.7049900000000004,2003-11-26,
113,341,1.03128,1999-06-03,
113,415,2.57819,2003-03-13,
114,341,1.0354999999999999,1999-06-03,
114,415,2.5887599999999997,2003-03-13,
115,341,0.2894,1997-05-01,
115,383,0.35926,2003-03-13,
115,415,0.71851,2003-03-13,
115,1574,0.25,2004-07-07,
115,439,0.01447,2007-06-15,
116,341,1.05664,1999-06-03,
116,383,1.3208000000000002,2003-11-26,
116,415,2.6416000000000004,2003-11-26,
116,389,1.8491,2010-07-27,
118,385,0.14392,2002-09-19,
118,966,0.05,1997-05-01,
118,341,0.95947,2003-09-09,
118,415,2.39856,2004-05-03,
118,1573,0.1,2004-07-07,
118,439,0.0479,2007-08-14,
118,284,1.135,2013-06-24,
119,368,0.47759999999999997,1997-05-01,
119,348,0.5579,2002-09-19,
119,358,1.03128,2002-09-19,
119,990,0.5,2003-03-13,
119,994,1.39476,2003-03-13,
119,995,1.194,2003-03-13,
119,996,2.57819,2003-03-13,
119,1454,0.3,2004-02-13,
120,376,0.9551999999999999,1997-05-01,
120,983,2.388,2003-03-13,
120,383,1.19399,2004-07-07,
120,1489,1.25,2005-02-10,
122,341,0.3973,1999-06-03,
122,385,0.05959,2004-05-03,
122,801,0.03,2004-05-03,
122,1576,0.02,2004-07-07,
122,439,0.019870000000000002,2007-08-17,
123,341,1.03128,1999-06-03,
123,415,2.57819,2003-03-13,
124,341,1.0354999999999999,1999-06-03,
124,415,2.5887599999999997,2003-03-13,
125,142,0.5261,2019-11-14,
125,556,0.39130000000000004,2019-11-27,
125,383,1.28381,2003-03-13,
125,415,2.56762,2003-03-13,
125,941,0.5809000000000001,2019-11-27,
125,942,0.4562,2019-11-27,
125,990,0.5,2004-08-31,
125,992,0.6606000000000001,2019-11-27,
125,341,1.02705,2004-05-03,
125,1609,1.0522,2019-11-27,
125,1672,0.3471,2019-11-27,
126,341,1.02705,1999-06-16,
126,142,0.3427,2019-11-27,
126,383,1.28381,2003-03-13,
126,415,2.56763,2003-03-13,
126,990,0.5,2004-08-31,
126,1672,0.25120000000000003,2019-11-27,
126,556,0.28559999999999997,2019-11-27,
126,942,0.315,2019-11-27,
126,941,0.3836,2019-11-27,
126,992,0.4531,2019-11-27,
126,1608,1.0281,2019-11-27,
127,341,1.02705,1999-06-16,
127,142,0.1834,2019-11-28,
127,383,1.28381,2003-03-13,
127,415,2.56763,2003-03-13,
127,990,0.5,2004-08-31,
127,1610,0.68,2006-11-29,
127,1672,0.096,2019-11-28,
127,556,0.1057,2019-11-28,
127,942,0.1413,2019-11-28,
127,941,0.1973,2019-11-28,
127,992,0.2075,2019-11-28,
127,502452,0.25,2010-01-06,
129,556,0.35,1997-05-01,
129,142,0.46,1997-05-01,
129,990,0.5,2004-08-31,
129,1609,0.92,2006-11-29,
130,142,0.5,1997-05-01,
130,343,0.57481,1997-05-01,
130,385,0.08615,2003-03-12,
130,990,0.5,2004-08-31,
130,991,1.43703,2003-03-12,
130,1609,1.0,2006-11-29,
132,556,0.38,1997-05-01,
132,142,0.5,1997-05-01,
132,990,0.5,2004-08-31,
132,1609,1.0,2006-11-29,
133,556,0.48,1997-05-01,
133,142,0.61,1997-05-01,
133,415,2.32459,2003-03-12,
133,341,0.92984,2004-05-03,
133,1482,1.1,2004-07-07,
133,1609,1.22,2006-11-29,
134,341,0.50719,1997-05-01,
134,383,0.63398,2003-03-13,
134,415,1.26796,2003-03-13,
134,1574,0.25,2004-07-07,
136,341,1.01437,1999-06-03,
136,385,0.15216,2004-02-03,
136,415,2.53593,2003-03-13,
136,998,0.111,2003-03-13,
136,383,1.26796,2004-07-07,
137,341,1.01014,1999-06-16,
137,378,0.50507,1997-05-01,
137,385,0.15152,2004-02-03,
137,999,1.26796,2003-03-13,
137,1000,2.52536,2003-03-13,
137,1467,0.15,2004-07-07,
138,341,1.00592,1999-06-16,
138,378,0.50719,2003-03-13,
138,385,0.15088,2004-02-03,
138,999,1.26796,2003-03-13,
138,1000,2.51479,2003-03-13,
138,1467,0.15,2004-07-07,
139,341,0.9721,1999-06-03,
139,385,0.14582,2004-02-03,
139,415,2.43026,2003-03-13,
139,383,1.21513,2004-07-07,
139,428,0.29164,2004-09-02,
140,341,1.06509,1999-06-03,
140,383,1.3313599999999999,2003-11-26,
140,415,2.6627199999999998,2003-11-26,
140,385,0.15976,2004-02-13,
147,376,0.9551999999999999,1999-06-16,
147,983,1.53212,2003-03-13,
147,383,1.19399,2004-07-07,
147,1489,1.25,2004-07-07,
150,341,1.02282,1999-06-16,
150,385,0.15342,2003-03-13,
150,415,2.55706,2003-03-13,
150,998,0.15,2003-03-13,
150,383,1.27852,2004-07-07,
151,341,1.01437,1999-06-16,
151,385,0.15215,2004-02-03,
151,415,2.53593,2003-03-13,
151,998,0.111,2003-03-13,
151,383,1.26796,2004-07-07,
152,341,0.9721,1999-06-16,
152,385,0.14582,2004-02-03,
152,415,2.43026,2003-03-13,
152,383,1.21513,2004-07-07,
152,428,0.29164,2004-09-02,
160,368,0.45647,1997-05-01,
160,348,0.5579,1997-05-01,
160,976,1.39475,2003-03-13,
160,977,1.1411799999999999,2003-03-13,
160,990,0.5,2003-03-13,
160,1454,0.3,2004-02-13,
164,987,1.75,2003-03-12,
164,341,0.73542,2004-05-03,
164,415,1.83855,2004-05-03,
164,383,0.91927,2004-07-07,
169,385,0.06081,1999-05-26,
169,439,0.01939,2003-03-14,
169,1484,0.005,2004-07-07,
170,439,0.021429999999999998,1997-05-01,
170,385,0.06791,1997-05-01,
170,1484,0.005,2004-07-07,
171,962,0.01429,2003-03-06,
171,963,0.04561,2003-03-06,
171,964,0.00714,2003-03-06,
171,965,0.02128,2023-05-26,
171,1484,0.005,2004-07-07,
172,1001,0.00612,1997-05-01,
172,1002,0.01824,1997-05-01,
172,1484,0.005,2005-02-10,
173,385,0.06791,2003-03-14,
173,439,0.021429999999999998,1997-05-01,
173,1484,0.005,2004-07-07,
174,439,0.020409999999999998,1997-05-01,
174,385,0.05878,1997-05-01,
174,1484,0.005,2004-07-07,
175,385,0.06588,2003-03-14,
175,439,0.020409999999999998,1997-05-01,
175,1484,0.005,2004-07-07,
176,439,0.00612,1997-05-01,
176,385,0.01926,2003-03-14,
176,1484,0.005,2004-07-07,
177,439,0.02653,1997-05-01,
177,385,0.07601,1997-05-01,
177,1484,0.005,2004-07-07,
178,439,0.02347,1997-05-01,
178,385,0.06892000000000001,1997-05-01,
178,1484,0.005,2004-07-07,
179,385,0.06594,2014-04-28,
179,439,0.02198,2014-04-28,
179,1484,0.005,2004-07-07,
179,341,0.43957999999999997,2014-04-28,
180,439,0.00612,1997-05-01,
180,385,0.01824,1997-05-01,
180,1484,0.005,2004-07-07,
181,439,0.01837,1997-05-01,
181,385,0.050679999999999996,1997-05-01,
181,1484,0.005,2004-07-07,
182,439,0.021429999999999998,1997-05-01,
182,385,0.06081,1997-05-01,
182,1484,0.005,2004-07-07,
183,385,0.06385,1997-05-01,
183,439,0.020409999999999998,1997-05-01,
183,1484,0.005,2004-07-07,
184,439,0.021429999999999998,1997-05-01,
184,385,0.06689,1997-05-01,
184,1484,0.005,2004-07-07,
185,439,0.0102,1997-05-01,
185,385,0.03142,1997-05-01,
185,1484,0.005,2004-07-07,
186,439,0.020409999999999998,1997-05-01,
186,385,0.05878,1997-05-01,
186,1484,0.005,2004-07-07,
187,439,0.037759999999999995,1997-05-01,
187,385,0.1125,1997-05-01,
187,1484,0.005,2004-07-07,
188,385,0.08514,1997-05-01,
188,439,0.02857,1997-05-01,
188,1484,0.005,2004-07-07,
189,439,0.01837,1997-05-01,
189,385,0.05473,1997-05-01,
189,1484,0.005,2004-07-07,
190,439,0.01735,1997-05-01,
190,385,0.05372,1997-05-01,
190,1484,0.005,2004-07-08,
191,439,0.00612,1997-05-01,
191,385,0.017230000000000002,1997-05-01,
191,1484,0.005,2004-07-07,
192,385,0.11351000000000001,1997-05-01,
192,439,0.03367,1997-05-01,
192,1484,0.005,2004-07-07,
193,439,0.02245,1997-05-01,
193,385,0.07095,1997-05-01,
193,1484,0.005,2004-07-07,
194,439,0.024489999999999998,2003-03-06,
194,385,0.06993,2003-03-06,
194,1484,0.005,2004-07-07,
195,439,0.015309999999999999,1997-05-01,
195,385,0.04561,1997-05-01,
195,1484,0.005,2004-07-07,
196,439,0.021429999999999998,1997-05-01,
196,385,0.06993,1997-05-01,
196,1484,0.005,2004-07-07,
197,439,0.00306,1997-05-01,
197,385,0.01318,1997-05-01,
197,1484,0.005,2004-07-07,
198,1641,0.06999,2014-05-01,
198,502598,0.023330000000000004,2014-05-01,
198,1484,0.005,2004-07-07,
198,1005,0.001,2014-05-01,
198,379,0.58835,2014-05-01,
198,502517,0.08825,2014-05-01,
198,502599,0.02942,2014-05-01,
199,439,0.01837,1997-05-01,
199,385,0.05372,1997-05-01,
199,1484,0.005,2004-07-07,
200,439,0.024489999999999998,1997-05-01,
200,385,0.07196,1997-05-01,
200,1484,0.005,2004-07-07,
201,439,0.02857,1997-05-01,
201,385,0.08919,1997-05-01,
201,1484,0.005,2004-07-07,
202,439,0.015309999999999999,1997-05-01,
202,385,0.0375,1997-05-01,
202,1484,0.005,2004-07-07,
203,439,0.01735,1997-05-01,
203,385,0.056760000000000005,1997-05-01,
203,1484,0.005,2004-07-07,
204,385,0.03345,1997-05-01,
204,439,0.01224,1997-05-01,
204,1484,0.005,2004-07-07,
205,439,0.00714,1997-05-01,
205,385,0.02128,1997-05-01,
205,1484,0.005,2004-07-07,
206,385,0.02027,1997-05-01,
206,439,0.00714,1997-05-01,
206,1484,0.005,2004-07-07,
207,439,0.01429,1997-05-01,
207,385,0.04459,1997-05-01,
207,1484,0.005,2004-07-07,
209,962,0.01633,2023-05-26,
209,963,0.04865,2023-05-26,
209,964,0.00612,2003-03-06,
209,965,0.01824,2003-03-06,
209,1484,0.005,2004-07-07,
210,962,0.01429,1997-05-01,
210,963,0.043579999999999994,1997-05-01,
210,964,0.0102,2004-02-11,
210,965,0.027370000000000002,2003-03-06,
210,1484,0.005,2004-07-07,
211,439,0.02245,1997-05-01,
211,385,0.06892000000000001,1997-05-01,
211,1484,0.005,2004-07-07,
212,428,0.030430000000000002,2015-02-16,
212,436,0.025,1997-05-01,
212,1484,0.005,2004-07-07,
213,635,0.01,1997-05-01,
213,1004,0.03762,1997-05-01,
213,1003,0.09404,2003-03-21,
213,1484,0.005,2004-07-07,
214,439,0.06122,1997-05-01,
214,385,0.18242999999999998,1997-05-01,
214,415,3.0853800000000002,2003-03-21,
214,1005,0.004,2003-03-21,
215,148,0.04,1997-05-01,
215,385,0.024489999999999998,2003-03-21,
215,439,0.008159999999999999,2023-05-26,
215,1484,0.005,2004-07-07,
216,341,0.8783799999999999,1999-06-22,
216,385,0.13176,2003-03-21,
216,415,2.1978,2003-03-21,
216,439,0.042859999999999995,2003-03-21,
217,341,0.8783799999999999,1999-06-22,
217,385,0.13176,2003-03-21,
217,415,2.1978,2003-03-21,
217,439,0.042859999999999995,2003-03-21,
218,341,0.8783799999999999,1999-06-22,
218,385,0.13176,2003-03-21,
218,415,2.1978,2003-03-21,
218,439,0.042859999999999995,2003-03-21,
219,867,0.2,2004-08-27,
219,1601,0.45,2004-08-27,
232,49,0.1681,2015-03-11,
232,502697,0.3362,2016-09-20,
283,385,0.07,2015-03-09,
283,341,0.467,2015-03-09,
283,383,0.5838,2015-03-09,
285,341,0.46149999999999997,2015-03-11,
285,385,0.069,2015-03-11,
285,383,0.5768,2015-03-11,
286,428,0.22390000000000002,2015-03-11,
286,341,0.7464,2015-03-11,
286,383,0.9329999999999999,2015-03-11,
286,640,0.44780000000000003,2015-03-11,
287,385,0.068,2015-03-11,
287,341,0.455,2015-03-11,
287,383,0.5687,2015-03-11,
291,385,0.054000000000000006,2015-03-11,
291,341,0.36119999999999997,2015-03-11,
291,383,0.4515,2015-03-11,
293,385,0.0644,2015-03-11,
293,341,0.4291,2015-03-11,
293,383,0.5364,2015-03-11,
394,341,0.3725,2015-03-11,
394,385,0.0559,2015-03-11,
394,383,0.4656,2015-03-11,
414,341,0.8664400000000001,1999-06-23,
414,385,0.12973,2003-03-24,
414,439,0.04324,2003-03-24,
414,415,2.1661,2003-10-15,
414,1573,0.1,2004-07-08,
415,341,1.0354999999999999,1999-06-03,
415,385,0.15203,2003-03-24,
415,415,2.5887599999999997,2003-03-24,
415,428,0.30405,2003-03-24,
416,341,0.9213899999999999,2003-03-24,
416,385,0.13784000000000002,2003-03-24,
416,415,2.30347,2003-03-24,
416,439,0.045919999999999996,2003-03-24,
416,1352,0.09214,2004-07-08,
417,341,0.9213899999999999,2003-03-24,
417,385,0.13784000000000002,2003-03-24,
417,439,0.045919999999999996,2003-03-24,
417,1352,0.09214,2004-07-08,
418,341,0.91293,2003-03-24,
418,385,0.13682,2003-03-24,
418,415,2.28233,2003-03-24,
418,439,0.045919999999999996,2003-03-24,
418,1352,0.09129,2004-07-08,
419,341,0.9213899999999999,2003-03-24,
419,385,0.13784000000000002,2003-03-24,
419,415,2.30347,2003-03-24,
419,439,0.045919999999999996,2003-03-24,
419,1352,0.09214,2004-07-08,
420,341,0.9213899999999999,2003-03-24,
420,385,0.13794,2003-03-24,
420,415,2.30347,2003-03-24,
420,439,0.045919999999999996,2003-03-24,
420,1352,0.09214,2004-07-08,
422,341,0.91293,2003-03-24,
422,385,0.13682,2003-03-24,
422,415,2.28233,2003-03-24,
422,439,0.045919999999999996,2003-03-24,
422,1352,0.09129,2004-07-08,
423,341,0.91293,2003-03-24,
423,385,0.13682,2003-03-24,
423,415,2.28233,2003-03-24,
423,439,0.045919999999999996,2003-03-24,
423,1352,0.09129,2004-07-08,
424,341,0.9213899999999999,2003-03-24,
424,385,0.13784000000000002,2003-03-24,
424,415,2.30347,2003-03-24,
424,439,0.045919999999999996,2003-03-24,
424,1352,0.09214,2004-07-08,
426,341,0.92984,1999-06-03,
426,385,0.14189,2003-03-24,
426,415,2.3246,2003-03-24,
426,1352,0.09298000000000001,2004-07-08,
426,428,0.2838,2006-12-06,
428,341,1.05664,1999-06-03,
428,385,0.16216,2003-03-24,
428,415,2.64159,2003-03-24,
428,428,0.32432,2006-12-06,
428,1352,0.10566,2006-12-05,
429,341,0.9213899999999999,1999-06-03,
429,385,0.13784000000000002,2003-03-24,
429,415,2.30347,2003-03-24,
429,439,0.045919999999999996,2003-03-24,
429,1352,0.09214,2004-07-08,
430,341,0.9213899999999999,1999-06-03,
430,385,0.13784000000000002,2003-03-24,
430,415,2.30347,2003-03-24,
430,439,0.045919999999999996,2003-03-24,
430,1352,0.09214,2004-07-08,
432,341,0.9213899999999999,1999-06-03,
432,385,0.13784000000000002,2003-03-24,
432,415,2.30347,2003-03-24,
432,439,0.045919999999999996,2003-03-24,
432,1352,0.09214,2004-07-08,
433,341,0.9213899999999999,1999-06-03,
433,385,0.13784000000000002,2003-03-24,
433,415,2.30347,2003-03-24,
433,439,0.045919999999999996,2003-03-24,
433,1352,0.09214,2004-07-08,
434,341,0.9213899999999999,1999-06-03,
434,385,0.13784000000000002,2003-03-24,
434,415,2.30347,2003-03-24,
434,439,0.045919999999999996,2003-03-24,
434,1352,0.09214,2004-07-08,
435,341,0.9213899999999999,1999-06-03,
435,385,0.13784000000000002,2003-03-24,
435,415,2.30347,2003-03-24,
435,439,0.045919999999999996,2003-03-24,
435,1352,0.09214,2004-07-08,
436,341,0.9213899999999999,1999-06-03,
436,385,0.13784000000000002,2003-03-24,
436,415,2.30347,2003-03-24,
436,439,0.045919999999999996,2003-03-24,
436,1352,0.09214,2004-07-08,
437,341,0.9214,2008-02-28,
437,385,0.13784000000000002,2003-03-24,
437,415,2.30347,2003-03-24,
437,439,0.045919999999999996,2003-03-24,
437,1352,0.09214,2004-07-08,
438,341,0.8664400000000001,1999-06-24,
438,385,0.12973,2003-03-24,
438,415,2.1661,2003-03-24,
438,439,0.04324,2003-03-24,
438,1573,0.1,2004-07-08,
439,341,0.9213899999999999,1999-06-03,
439,385,0.13784000000000002,2003-03-24,
439,415,2.30347,2003-03-24,
439,439,0.045919999999999996,2003-03-24,
439,1352,0.09214,2004-07-08,
440,341,0.9213899999999999,1999-06-03,
440,385,0.13784000000000002,2003-03-24,
440,415,2.30347,2003-03-24,
440,439,0.045919999999999996,2003-03-24,
440,1352,0.09214,2004-07-08,
441,341,0.9213899999999999,1999-06-03,
441,385,0.13784000000000002,2003-03-24,
441,415,2.30347,2003-03-24,
441,439,0.045919999999999996,2003-03-24,
441,1352,0.09214,2004-07-08,
442,341,0.9213899999999999,1999-06-03,
442,385,0.13784000000000002,2003-03-24,
442,415,2.30347,2003-03-24,
442,439,0.045919999999999996,2003-03-24,
442,1352,0.09214,2004-07-08,
443,341,0.9213899999999999,1999-06-03,
443,385,0.13784000000000002,2003-03-24,
443,415,2.30347,2003-03-24,
443,439,0.045919999999999996,2003-03-24,
443,1352,0.09214,2004-07-08,
444,341,0.9213899999999999,1999-06-24,
444,385,0.13784000000000002,2003-03-24,
444,415,2.30347,2003-03-24,
444,439,0.045919999999999996,2003-03-24,
444,1352,0.09214,2004-07-08,
445,341,0.8664400000000001,1999-06-23,
445,385,0.12973,2003-03-24,
445,415,2.1661,2003-03-24,
445,439,0.04324,2003-03-24,
445,1352,0.08664,2004-07-08,
445,1573,0.1,2016-08-11,
446,341,0.8664400000000001,2003-03-24,
446,385,0.12973,2003-03-24,
446,415,2.1661,2003-03-24,
446,439,0.04324,2003-03-24,
446,1573,0.1,2004-07-08,
447,341,0.8664400000000001,1999-06-23,
447,385,0.12973,2003-03-24,
447,415,2.1661,2003-03-24,
447,439,0.04324,2003-03-24,
447,1573,0.1,2004-07-08,
448,341,0.8664400000000001,1999-06-23,
448,385,0.12973,2003-03-24,
448,415,2.1661,2003-03-24,
448,439,0.04388,2003-03-24,
448,1573,0.1,2004-07-08,
449,341,0.8664400000000001,1999-06-23,
449,385,0.12973,2003-03-24,
449,415,2.1661,2003-03-24,
449,439,0.04324,2003-03-24,
449,1573,0.1,2004-07-08,
450,341,0.9213899999999999,1999-06-03,
450,385,0.14189,2003-03-24,
450,415,2.30347,2003-03-24,
450,439,0.045919999999999996,2003-03-24,
450,1352,0.09214,2004-07-08,
451,341,0.9213899999999999,1999-06-03,
451,385,0.14189,2003-03-24,
451,415,2.30347,2003-03-24,
451,439,0.045919999999999996,2003-03-24,
451,1352,0.09214,2004-07-08,
452,341,0.9213899999999999,1999-06-03,
452,385,0.14189,2003-03-24,
452,415,2.30347,2003-03-24,
452,439,0.045919999999999996,2003-03-24,
452,1352,0.09214,2016-04-07,
453,341,0.9213899999999999,1999-06-03,
453,385,0.14189,2003-03-24,
453,415,2.30347,2003-03-24,
453,439,0.045919999999999996,2003-03-24,
453,1352,0.09214,2016-04-07,
454,341,0.8664400000000001,2003-03-24,
454,385,0.12973,2003-03-24,
454,415,2.1661,2003-03-24,
454,439,0.04324,2003-03-24,
454,1573,0.1,2004-07-08,
456,341,0.9213899999999999,1999-06-03,
456,385,0.13784000000000002,2003-03-24,
456,415,2.30347,2003-03-24,
456,439,0.045919999999999996,2003-03-24,
456,1352,0.09214,2004-07-08,
457,341,0.9213899999999999,1999-06-03,
457,385,0.13784000000000002,2003-03-24,
457,415,2.30347,2003-03-24,
457,439,0.045919999999999996,2003-03-24,
457,1352,0.09214,2004-07-08,
458,341,0.9213899999999999,1999-06-07,
458,385,0.13784000000000002,2003-03-24,
458,415,2.30347,2003-03-24,
458,439,0.045919999999999996,2003-03-24,
458,1352,0.09214,2004-07-08,
459,341,0.9213899999999999,1999-06-07,
459,385,0.13784000000000002,2003-03-24,
459,415,2.30347,2003-03-24,
459,439,0.045919999999999996,2003-03-24,
459,1352,0.09214,2004-07-08,
460,341,0.8664400000000001,1999-06-07,
460,385,0.12669,2003-03-24,
460,415,2.1661,2003-03-24,
460,439,0.045919999999999996,2003-03-24,
460,1352,0.08664,2004-07-08,
461,341,0.9213899999999999,1999-06-07,
461,385,0.13784000000000002,2003-03-24,
461,415,2.30347,2003-03-24,
461,439,0.045919999999999996,2003-03-24,
461,1352,0.09214,2004-07-08,
462,341,0.9213899999999999,1999-06-07,
462,385,0.13784000000000002,2003-03-24,
462,415,2.30347,2003-03-24,
462,439,0.045919999999999996,2003-03-24,
462,1352,0.09214,2004-07-08,
463,341,0.8664400000000001,2003-03-24,
463,385,0.12973,2003-03-24,
463,415,2.1661,2003-03-24,
463,439,0.04324,2003-03-24,
463,1573,0.1,2004-07-08,
464,341,0.8144899999999999,2022-02-01,
464,385,0.12210000000000001,2022-02-01,
464,415,2.0362,2022-02-01,
464,439,0.0407,2022-02-01,
464,1573,0.1,2004-07-08,
524,341,1.03556,2014-09-12,
524,385,0.15533,2014-09-12,
524,415,2.58889,2014-09-12,
524,428,0.31066,2014-09-12,
525,341,1.0989,1999-06-09,
525,385,0.16484000000000001,1997-05-01,
525,415,2.74725,2003-04-14,
525,428,0.32966999999999996,2004-07-09,
526,341,1.05664,1999-06-09,
526,385,0.1585,2003-04-14,
526,415,2.64159,2003-04-14,
526,428,0.31699,2004-07-09,
527,341,0.99324,1999-06-09,
527,385,0.14898999999999998,1997-05-01,
527,415,2.48309,2003-04-14,
528,341,1.0989,1999-06-09,
528,385,0.16484000000000001,1997-05-01,
528,415,2.74725,2003-04-14,
528,428,0.32966999999999996,2004-07-09,
529,341,1.01437,1999-06-09,
529,385,0.15216,1997-05-01,
529,415,2.53593,2003-04-14,
529,428,0.30431,2004-07-09,
530,341,1.0354999999999999,1999-06-09,
530,385,0.15533,1997-05-01,
530,415,2.58875,2003-04-14,
530,428,0.31065000000000004,2004-07-09,
531,341,0.92984,1999-06-09,
531,385,0.13986,1997-05-01,
531,415,2.3246,2003-04-15,
531,801,0.1,2003-04-15,
531,428,0.2797,2006-12-06,
532,341,0.99324,1999-06-09,
532,385,0.14898999999999998,1997-05-01,
532,415,2.48309,2003-04-15,
532,428,0.29797,2004-07-09,
533,341,1.05664,1999-06-09,
533,385,0.1585,2003-04-15,
533,415,2.64159,2003-04-15,
533,428,0.31699,2004-07-09,
534,341,1.0354999999999999,1999-06-09,
534,385,0.15533,1997-05-01,
534,415,2.58875,2003-04-15,
534,428,0.31065000000000004,2004-07-09,
535,341,0.95943,1999-06-07,
535,385,0.14391,2003-04-15,
535,415,2.39858,2003-04-15,
535,1352,0.0959,2006-12-06,
539,385,0.12997,2003-04-15,
539,341,0.8664400000000001,2003-04-15,
539,415,2.1661,2003-04-15,
539,439,0.04332,2003-04-15,
539,1573,0.1,2004-07-09,
550,341,0.9408299999999999,1999-06-23,
550,385,0.14112,2003-04-15,
550,415,2.35208,2003-04-15,
550,439,0.04704,2003-04-15,
550,1573,0.1,2016-04-06,
552,341,0.8664400000000001,2003-04-15,
552,385,0.12997,2003-04-15,
552,415,2.1661,2003-04-15,
552,439,0.04332,2003-04-15,
552,1573,0.1,2004-07-09,
555,1489,1.25,2004-07-09,
555,1580,0.9,2012-08-28,
556,348,0.57058,2004-05-12,
556,976,1.4264599999999998,2004-05-12,
556,1455,1.0,2004-07-09,
556,1581,0.75,2012-08-28,
557,348,0.57058,2004-05-12,
557,976,1.4264599999999998,2004-05-12,
557,1455,1.0,2004-07-09,
557,1581,0.75,2012-08-28,
558,348,0.57058,2004-05-12,
558,976,1.4264599999999998,2004-05-12,
558,1455,1.0,2004-07-09,
558,1581,0.75,2012-08-10,
559,348,0.57058,2004-05-12,
559,976,1.4264599999999998,2004-05-12,
559,1455,1.0,2004-07-09,
559,1581,0.75,2006-11-30,
560,1489,1.25,2005-02-10,
560,1580,0.9,2012-08-28,
561,348,0.57058,2004-05-12,
561,976,1.4264599999999998,2004-05-12,
561,1455,1.0,2004-07-09,
561,1581,0.75,2012-08-28,
562,348,0.57058,2004-05-12,
562,976,1.4264599999999998,2004-05-12,
562,1455,1.0,2004-07-09,
562,1581,0.75,2012-08-28,
563,316,2.99,1998-06-30,
563,348,0.57058,2004-05-12,
563,976,1.4264599999999998,2004-05-12,
563,1455,1.0,2004-07-09,
563,1581,0.75,2012-10-03,
564,316,3.34,1998-06-30,
564,1122,0.5706,2008-03-04,
564,1124,1.4265,2008-03-04,
564,1455,1.0,2004-07-09,
564,1581,0.75,2006-11-30,
565,316,3.29,1998-06-30,
565,1489,1.25,2004-07-09,
565,1580,0.9,2006-11-30,
566,316,2.58,1998-06-30,
566,341,0.57058,2006-08-02,
566,383,0.7132299999999999,2006-08-02,
566,415,1.42645,2006-08-02,
566,1455,1.0,2004-07-09,
566,1581,0.75,2006-11-30,
567,316,2.43,1998-06-30,
567,1122,0.57058,2006-08-02,
567,1124,1.42645,2006-08-02,
567,1455,1.0,2004-07-09,
567,1581,0.75,2006-11-30,
568,316,2.62,1999-09-07,
568,1122,0.57058,2006-08-02,
568,1124,1.42645,2006-08-02,
568,1455,1.0,2004-07-09,
568,1581,0.75,2006-11-30,
569,316,1.9,1998-07-08,
569,348,0.57058,2004-05-12,
569,976,1.4264599999999998,2004-05-12,
569,1461,0.55,2004-07-09,
570,316,0.56,1998-07-08,
570,348,0.57058,2004-05-12,
570,976,1.4264599999999998,2004-05-12,
570,1461,0.55,2004-07-09,
571,1489,1.25,2004-07-09,
571,1580,0.9,2006-11-30,
572,352,0.61285,1998-06-30,
572,1399,0.76606,2003-10-02,
572,1400,1.53212,2003-10-02,
572,1455,1.0,2004-07-09,
572,1581,0.75,2012-08-28,
573,352,0.61285,1998-06-30,
573,1124,1.53212,2003-12-09,
573,1455,1.0,2004-07-09,
573,1581,0.75,2006-11-30,
574,128,0.37,2003-12-09,
574,1489,1.25,2004-07-09,
574,1580,0.9,2006-11-30,
575,128,0.22,1997-05-01,
575,348,0.61285,1997-05-01,
575,976,1.53212,2004-05-12,
575,1455,1.0,2004-07-09,
575,1581,0.75,2006-11-30,
576,134,0.061,1998-06-30,
576,1489,1.25,2004-07-09,
576,1580,0.9,2006-11-30,
577,134,0.033,1997-05-01,
577,348,0.61285,1997-05-01,
577,1124,1.53212,2003-12-11,
577,1455,1.0,2004-07-09,
577,1581,0.75,2006-11-30,
578,155,0.32,1998-07-07,
578,1489,1.25,2004-07-09,
578,1580,0.9,2006-11-30,
579,348,0.59172,1997-05-01,
579,155,0.2,1997-05-01,
579,976,1.47928,2003-12-11,
579,1455,1.0,2004-07-09,
579,1581,0.75,2006-11-30,
580,316,1.94,1998-06-30,
580,1489,1.25,2004-07-09,
580,1580,0.9,2012-08-29,
581,316,1.88,1998-06-30,
581,1122,0.57058,2006-08-02,
581,1124,1.42645,2006-08-02,
581,1455,1.0,2004-07-09,
581,1581,0.75,2012-08-28,
582,316,1.3,1998-06-30,
582,1122,0.57058,2006-08-02,
582,1124,1.42645,2006-08-02,
582,1455,1.0,2004-07-09,
582,1581,0.75,2012-08-28,
583,316,1.32,1998-07-07,
583,1122,0.57058,2006-08-02,
583,1124,1.42645,2006-08-02,
583,1455,1.0,2004-07-09,
583,1581,0.75,2012-08-28,
584,316,1.5,1998-07-07,
584,1122,0.57058,2006-08-02,
584,1124,1.42645,2006-08-02,
584,1455,1.0,2004-07-09,
584,1581,0.75,2006-11-30,
585,316,2.66,1998-07-13,
585,1489,1.25,2004-07-09,
585,1580,0.9,2012-08-31,
586,316,2.78,1998-06-30,
586,1122,0.57058,2006-08-02,
586,1124,1.42645,2006-08-02,
586,1455,1.0,2004-07-09,
586,1581,0.75,2012-08-29,
587,316,1.84,1998-06-30,
587,1122,0.57058,2006-08-02,
587,1124,1.42645,2006-08-02,
587,1455,1.0,2004-07-09,
587,1581,0.75,2012-08-29,
588,316,1.67,1998-07-13,
588,1122,0.57058,2006-08-02,
588,1124,1.42645,2006-08-02,
588,1455,1.0,2004-07-09,
588,1581,0.75,2012-08-29,
589,316,1.84,1998-07-13,
589,1122,0.57058,2006-08-02,
589,1124,1.42645,2006-08-02,
589,1455,1.0,2004-07-09,
589,1581,0.75,2012-08-29,
590,316,1.47,1998-06-30,
590,1489,1.25,2004-07-09,
590,1124,1.42645,2006-08-02,
590,1122,0.57058,2006-08-02,
590,1580,0.9,2006-11-30,
591,316,1.06,1998-06-30,
591,1122,0.57058,2006-08-02,
591,1455,1.0,2004-07-09,
591,1124,1.42645,2006-08-02,
591,1581,0.75,2006-11-30,
592,316,1.07,1998-06-30,
592,1122,0.57058,2006-08-02,
592,1124,1.42645,2006-08-02,
592,1455,1.0,2004-07-09,
592,1581,0.75,2006-11-30,
593,316,1.19,1998-06-30,
593,1122,0.57058,2006-08-03,
593,1124,1.42645,2006-08-03,
593,1455,1.0,2004-07-09,
593,1581,0.75,2006-11-30,
594,316,1.82,1998-07-13,
594,1489,1.25,2004-07-09,
594,1580,0.9,2006-11-30,
595,316,1.52,1998-06-30,
595,1122,0.57058,2006-08-03,
595,1124,1.42645,2006-08-03,
595,1455,1.0,2004-07-09,
596,316,1.36,1998-07-13,
596,1122,0.57058,2006-08-03,
596,1124,1.42645,2006-08-03,
596,1455,1.0,2004-07-09,
596,1581,0.75,2006-11-30,
597,316,1.43,1998-07-13,
597,1122,0.57058,2006-08-03,
597,1124,1.42645,2006-08-03,
597,1455,1.0,2004-07-09,
597,1581,0.75,2006-11-30,
598,315,1.2,1998-06-30,
598,1122,0.57058,2006-08-03,
598,1455,1.0,2004-07-09,
598,1124,1.42645,2006-08-03,
599,315,0.72,1998-06-30,
599,1122,0.57058,2006-08-03,
599,1124,1.42645,2006-08-03,
599,1455,1.0,2004-07-09,
599,1581,0.75,2012-08-29,
600,315,0.58,2002-10-08,
600,1122,0.57058,2006-08-03,
600,1124,1.42645,2006-08-03,
600,1455,1.0,2004-07-09,
601,477,1.4,1998-06-30,
601,1122,0.57058,2006-08-03,
601,1124,1.42645,2006-08-03,
601,1455,1.0,2004-07-09,
601,1581,0.75,2012-08-29,
602,477,0.98,1998-06-30,
602,1122,0.57058,2006-08-09,
602,1455,1.0,2004-07-09,
602,1124,1.42645,2006-08-09,
602,1581,0.75,2012-08-29,
603,477,0.86,1998-06-30,
603,1122,0.57058,2006-08-09,
603,1124,1.42645,2006-08-09,
603,1455,1.0,2004-07-09,
603,1581,0.75,2006-11-30,
604,86,0.72,1998-06-30,
604,1122,0.57058,2006-08-09,
604,1124,1.42645,2006-08-09,
604,1455,1.0,2004-07-09,
604,1581,0.75,2012-08-29,
605,86,0.49,1998-06-30,
605,1122,0.57058,2006-08-09,
605,1124,1.42645,2006-08-09,
605,1455,1.0,2004-07-09,
605,1581,0.75,2012-08-29,
606,86,0.42,2001-08-15,
606,1122,0.57058,2006-08-09,
606,1124,1.42645,2006-08-09,
606,1455,1.0,2004-07-09,
606,1581,0.75,2006-11-30,
607,150,1.67,1998-06-30,
607,1489,1.25,2004-07-09,
607,1580,0.9,2012-08-29,
608,150,1.58,2001-08-15,
608,1122,0.57058,2006-08-09,
608,1124,1.42645,2006-08-09,
608,1455,1.0,2004-07-12,
608,1581,0.75,2012-08-29,
609,150,1.12,2001-08-15,
609,1122,0.57058,2006-08-09,
609,1124,1.42645,2006-08-09,
609,1455,1.0,2004-07-12,
609,1581,0.75,2012-08-29,
610,150,2.58,2019-03-29,
610,1122,0.57058,2006-08-09,
610,1124,1.42645,2006-08-09,
610,1455,1.0,2004-07-12,
610,1581,0.75,2012-08-29,
611,150,1.25,2001-08-15,
611,1122,0.5706,2008-03-04,
611,1124,1.4265,2008-03-04,
611,1455,1.0,2004-07-12,
611,1581,0.75,2012-08-31,
612,150,1.3,1998-06-30,
612,1489,1.25,2004-07-12,
612,1580,0.9,2006-11-30,
613,150,0.94,1998-06-30,
613,1122,0.57058,2006-08-09,
613,1124,1.42645,2006-08-09,
613,1455,1.0,2004-07-12,
613,1581,0.75,2006-11-30,
614,150,1.99,2016-08-18,
614,1122,0.57058,2006-08-09,
614,1124,1.42645,2006-08-09,
614,1455,1.0,2004-07-15,
614,1581,0.75,2006-11-30,
615,150,1.01,2001-08-15,
615,1122,0.57058,2006-08-09,
615,1124,1.42645,2006-08-09,
615,1455,1.0,2004-07-15,
615,1581,0.75,2006-11-30,
616,172,0.5,1998-07-07,
616,1489,1.25,2004-07-15,
616,1580,0.9,2006-11-30,
617,172,0.52,1998-07-07,
617,341,0.57058,2006-08-09,
617,1455,1.0,2004-07-15,
617,415,1.42645,2006-08-09,
617,1581,0.75,2006-11-30,
618,172,0.36,1998-07-07,
618,341,0.57058,2006-08-09,
618,415,1.42645,2006-08-09,
618,1455,1.0,2005-02-10,
618,1581,0.75,2006-11-30,
619,172,0.38,2001-08-15,
619,341,0.57058,2006-08-09,
619,1455,1.0,2004-07-15,
619,415,1.42645,2006-08-09,
619,1581,0.75,2006-11-30,
620,172,0.2,1998-07-07,
620,1489,1.25,2004-07-15,
620,1580,0.9,2006-11-30,
621,172,0.22,1998-07-07,
621,341,0.57058,2006-08-09,
621,1455,1.0,2004-07-15,
621,415,1.42645,2006-08-09,
621,1581,0.75,2006-11-30,
622,172,0.18,1998-07-07,
622,341,0.57058,2006-08-09,
622,1455,1.0,2004-07-15,
622,415,1.42645,2006-08-09,
622,1581,0.75,2006-11-30,
623,297,0.86,1998-07-08,
623,1122,0.57058,2006-08-09,
623,1124,1.42645,2006-08-09,
623,1455,1.0,2004-07-15,
623,1581,0.75,2006-11-30,
624,297,0.62,1998-07-08,
624,1122,0.57058,2006-08-09,
624,1124,1.42645,2006-08-09,
624,1455,1.0,2004-07-15,
624,1581,0.75,2006-11-30,
625,297,0.52,2001-08-15,
625,1122,0.57058,2006-08-09,
625,1124,1.42645,2006-08-09,
625,1455,1.0,2004-07-15,
625,1581,0.75,2006-11-30,
626,307,0.49,1998-07-08,
626,1489,1.25,2004-07-15,
626,1580,0.9,2006-11-30,
627,307,0.49,1998-07-08,
627,341,0.57058,2006-08-09,
627,1455,1.0,2004-07-15,
627,415,1.42645,2006-08-09,
627,1581,0.75,2006-11-30,
628,307,0.32,1998-07-08,
628,341,0.57058,2006-08-09,
628,1455,1.0,2004-07-15,
628,415,1.42645,2006-08-09,
628,1581,0.75,2006-11-30,
629,307,0.34,1998-07-08,
629,341,0.57058,2006-08-09,
629,1455,1.0,2004-07-15,
629,415,1.42645,2006-08-09,
629,1581,0.75,2006-11-30,
630,307,0.4,1998-07-08,
630,341,0.57058,2006-08-09,
630,1455,1.0,2004-07-15,
630,415,1.42645,2006-08-09,
630,1581,0.75,2006-11-30,
631,307,0.29,1998-07-08,
631,1489,1.25,2004-07-15,
631,1580,0.9,2006-11-30,
632,307,0.2,1998-07-08,
632,341,0.57058,2006-08-09,
632,1455,1.0,2004-07-15,
632,415,1.42645,2006-08-09,
632,1581,0.75,2006-11-30,
633,307,0.21,1998-07-08,
633,341,0.57058,2006-08-09,
633,1455,1.0,2004-07-15,
633,415,1.42645,2006-08-09,
633,1581,0.75,2006-11-30,
634,307,0.24,1998-07-08,
634,341,0.57058,2006-08-09,
634,1455,1.0,2004-07-15,
634,415,1.42645,2006-08-09,
634,1581,0.75,2006-11-30,
635,1489,1.25,2004-07-15,
635,1580,0.9,2012-08-31,
636,1122,0.6128,2006-08-09,
636,1124,1.5319999999999998,2006-08-09,
636,1455,1.0,2004-07-15,
636,1581,0.75,2012-08-31,
638,316,4.8,1998-07-08,
638,1122,0.58058,2006-08-09,
638,1124,1.42645,2006-08-09,
638,1455,1.0,2004-07-15,
638,1581,0.75,2012-08-29,
639,316,4.77,1998-07-08,
639,1489,1.25,2004-07-21,
639,1580,0.9,2006-11-30,
640,316,3.9,1998-07-08,
640,1122,0.57058,2006-08-09,
640,1124,1.42645,2006-08-09,
640,1455,1.0,2004-07-15,
640,1581,0.75,2006-11-30,
641,1489,1.25,2004-07-15,
641,1580,0.9,2006-11-30,
642,348,0.61285,1998-07-08,
642,1124,1.53212,2003-12-12,
642,1455,1.0,2004-07-15,
642,1581,0.75,2006-11-30,
643,316,2.2,1998-07-08,
643,1489,1.25,2004-07-15,
643,1580,0.9,2006-11-30,
644,316,1.77,2001-08-15,
644,1122,0.57058,2006-08-21,
644,1124,1.42645,2006-08-09,
644,1455,1.0,2004-07-15,
644,1581,0.75,2006-11-30,
645,1489,1.25,2004-07-15,
645,1580,0.9,2012-08-31,
646,1122,0.57058,2006-08-09,
646,1124,1.42645,2006-08-09,
646,1455,1.0,2004-07-15,
646,1496,0.75,2012-08-14,
647,316,3.98,1998-07-08,
647,1489,1.25,2006-11-30,
647,502468,0.9,2012-08-14,
648,316,2.61,2001-08-15,
648,1122,0.57058,2006-08-21,
648,1124,1.42645,2006-08-21,
648,1455,1.0,2004-07-15,
648,1581,0.75,2012-08-14,
649,316,2.84,1998-07-08,
649,1489,1.25,2004-07-15,
649,502468,0.9,2012-08-14,
650,1489,1.25,2004-07-15,
650,1580,0.9,2006-11-30,
651,352,0.61285,1998-07-08,
651,1124,1.53212,2003-12-12,
651,1455,1.0,2004-07-15,
651,1581,0.75,2006-11-30,
652,316,1.3,1998-07-08,
652,1489,1.25,2004-07-15,
652,1580,0.9,2006-11-30,
653,316,0.94,1998-07-08,
653,1122,0.57058,2006-08-21,
653,1124,1.42645,2006-08-21,
653,1455,1.0,2004-07-15,
653,1581,0.75,2006-11-30,
654,316,1.54,1998-07-08,
654,1489,1.25,2004-07-15,
654,502468,0.9,2012-08-15,
655,316,1.08,1998-07-08,
655,1122,0.57058,2006-08-21,
655,1124,1.42645,2006-08-21,
655,1455,1.0,2004-07-15,
655,1496,0.75,2012-08-14,
656,316,10.76,1998-07-14,
656,1489,1.25,2004-07-15,
656,1580,0.9,2012-08-14,
657,316,7.09,1998-07-14,
657,1122,0.6128,2006-08-21,
657,1124,1.5319999999999998,2006-08-21,
657,1455,1.0,2004-07-15,
657,1496,0.75,2012-08-14,
658,316,9.64,1998-07-08,
658,1489,1.25,2004-07-15,
658,1580,0.9,2012-08-31,
659,316,6.37,1998-07-08,
659,1122,0.57058,2006-08-21,
659,1124,1.42645,2006-08-21,
659,1455,1.0,2004-07-15,
659,1496,0.75,2012-08-14,
660,1489,1.25,2004-07-15,
660,1580,0.9,2006-11-30,
661,352,0.61285,1998-07-08,
661,1124,1.53212,2003-12-12,
661,1455,1.0,2004-07-15,
661,1581,0.75,2006-11-30,
662,316,6.34,1998-07-20,
662,1489,1.25,2004-07-15,
662,502468,0.9,2012-08-14,
663,316,3.82,1998-07-20,
663,1122,0.59172,2006-08-21,
663,1124,1.47929,2006-08-21,
663,1455,1.0,2004-07-15,
663,1496,0.75,2012-08-14,
664,316,3.03,1998-07-20,
664,1489,1.25,2004-07-15,
664,502468,0.9,2012-08-14,
665,316,2.21,1998-07-20,
665,1122,0.59172,2006-08-21,
665,1124,1.47929,2006-08-21,
665,1455,1.0,2004-07-15,
665,1496,0.75,2012-08-14,
666,155,0.44,1998-07-20,
666,1489,1.25,2004-07-15,
666,1580,0.9,2006-11-30,
667,316,2.7,1998-07-20,
667,1489,1.25,2004-07-15,
667,502468,0.9,2012-08-14,
668,477,0.83,1998-07-20,
668,1489,1.25,2004-07-15,
668,1580,0.9,2006-11-30,
669,316,13.19,1998-07-20,
669,1489,1.25,2004-07-15,
669,502468,0.9,2012-08-14,
670,316,7.74,2001-08-15,
670,1122,0.59172,2006-08-21,
670,1124,1.47929,2006-08-21,
670,1455,1.0,2004-07-15,
670,1496,0.75,2012-08-14,
671,316,7.66,1998-07-20,
671,1489,1.25,2004-07-15,
671,1580,0.9,2012-08-29,
672,316,5.91,1998-07-20,
672,1122,0.59172,2006-08-21,
672,1124,1.47929,2006-08-21,
672,1455,1.0,2004-07-15,
672,1496,0.75,2012-08-14,
673,155,0.94,1998-07-20,
673,1489,1.25,2004-07-15,
673,1580,0.9,2006-11-30,
674,316,3.45,1998-07-20,
674,1489,1.25,2004-07-15,
674,1580,0.9,2006-11-30,
675,316,2.64,1998-07-20,
675,1489,1.25,2004-07-15,
675,1580,0.9,2006-11-30,
676,316,4.0,2003-12-12,
676,1489,1.25,2004-07-15,
676,502468,0.9,2012-08-14,
677,316,3.52,1999-09-07,
677,1489,1.25,2004-07-15,
677,1580,0.9,2006-11-30,
678,477,1.82,1998-07-23,
678,1489,1.25,2004-07-15,
678,1580,0.9,2006-11-30,
679,150,1.07,1998-07-23,
679,1489,1.25,2004-07-15,
679,1580,0.9,2006-11-30,
680,474,1.09,1998-07-23,
680,1489,1.25,2004-07-15,
680,502468,0.9,2012-08-14,
681,474,0.92,1998-07-23,
681,1489,1.25,2004-07-15,
681,1580,0.9,2006-11-30,
682,477,0.56,1998-07-23,
682,1489,1.25,2004-07-15,
682,1580,0.9,2006-11-30,
683,474,1.99,1998-07-23,
683,1489,1.25,2004-07-15,
683,502468,0.9,2012-08-14,
684,474,1.68,1998-07-23,
684,1489,1.25,2004-07-15,
684,1580,0.9,2006-11-30,
685,477,1.01,1998-07-23,
685,1489,1.25,2004-07-15,
685,1580,0.9,2006-11-30,
688,316,20.585,2010-03-18,
688,1489,1.25,2004-07-15,
688,1580,0.9,2006-11-30,
689,316,15.008099999999999,2010-03-22,
689,1122,0.57058,2006-08-21,
689,1124,1.42645,2006-08-21,
689,1455,1.0,2004-07-15,
689,1581,0.75,2006-11-30,
690,316,18.604200000000002,2010-03-18,
690,1489,1.25,2004-07-15,
690,1580,0.9,2006-11-30,
691,316,13.67694,2010-03-23,
691,1122,0.57058,2006-08-21,
691,1124,1.42645,2006-08-21,
691,1455,1.0,2004-07-15,
691,1581,0.75,2006-11-30,
692,316,1.98,2010-03-23,
692,1470,0.85,2012-06-27,
693,316,1.33,2010-03-23,
693,1461,0.55,2012-06-27,
694,1489,1.25,2004-07-15,
694,502468,0.9,2012-08-14,
695,352,0.61285,1998-07-23,
695,1124,1.53212,2003-12-12,
695,1455,1.0,2004-07-15,
695,1496,0.75,2012-08-14,
696,128,0.63,2015-04-21,
696,1489,1.25,2004-07-15,
696,1580,0.9,2006-11-30,
697,348,0.61285,1997-05-01,
697,128,0.45,2015-04-21,
697,1124,1.53212,2003-12-12,
697,1455,1.0,2004-07-15,
697,1581,0.75,2006-11-30,
698,134,0.27,2003-12-12,
698,1489,1.25,2004-07-15,
698,1580,0.9,2006-11-30,
699,134,0.21,2003-12-12,
699,348,0.61285,1997-05-01,
699,1124,1.53212,2003-12-12,
699,1455,1.0,2004-07-15,
699,1581,0.75,2006-11-30,
700,155,1.0,2003-12-12,
700,1489,1.25,2004-07-15,
700,502468,0.9,2012-08-14,
701,348,0.59172,1997-05-01,
701,155,0.83,2003-12-12,
701,1124,1.47929,2003-12-12,
701,1455,1.0,2004-07-15,
701,1496,0.75,2012-08-14,
702,172,1.8,1998-07-23,
702,1489,1.25,2004-07-15,
702,1580,0.9,2006-11-30,
703,172,1.52,1998-07-23,
703,1122,0.5706,2003-12-12,
703,1124,1.4265,2003-12-12,
703,1455,1.0,2004-07-15,
703,1581,0.75,2006-11-30,
704,316,12.5105,2010-03-19,
704,1489,1.25,2004-07-15,
704,1580,0.9,2006-11-30,
705,316,9.3088,2010-03-23,
705,1122,0.57058,2006-08-21,
705,1124,1.42645,2006-08-21,
705,1455,1.0,2004-07-15,
705,1581,0.75,2006-11-30,
706,316,8.0745,2010-03-19,
706,1489,1.25,2004-07-15,
706,1580,0.9,2006-11-30,
707,316,5.699299999999999,2010-03-23,
707,1122,0.57058,2006-08-21,
707,1124,1.42645,2006-08-21,
707,1455,1.0,2004-07-15,
707,1581,0.75,2006-11-30,
708,316,11.3586,2010-03-18,
708,1489,1.25,2004-07-15,
708,1580,0.9,2006-11-30,
709,316,8.4755,2010-03-23,
709,1122,0.57058,2006-08-21,
709,1124,1.42645,2006-08-21,
709,1455,1.0,2004-07-15,
709,1581,0.75,2006-11-30,
710,316,7.2455,2010-03-19,
710,1489,1.25,2004-07-15,
710,1580,0.9,2006-11-30,
711,316,5.2014,2010-03-23,
711,1122,0.57058,2006-08-21,
711,1124,1.42645,2006-08-21,
711,1455,1.0,2004-07-15,
711,1581,0.75,2006-11-30,
712,315,1.1478,2010-03-19,
712,1489,1.25,2004-07-15,
712,502468,0.9,2012-08-14,
713,315,0.9517,2010-03-23,
713,1122,0.57058,2006-08-21,
713,1124,1.42645,2006-08-21,
713,1455,1.0,2004-07-15,
713,1496,0.75,2012-08-14,
714,477,10.268099999999999,2010-03-19,
714,1489,1.25,2004-07-15,
714,1580,0.9,2006-11-30,
715,477,7.7063,2010-03-24,
715,1122,0.57058,2006-08-21,
715,1124,1.42645,2006-08-21,
715,1455,1.0,2004-07-15,
715,1581,0.75,2006-11-30,
716,150,6.926699999999999,2010-03-19,
716,1489,1.25,2004-07-15,
716,1580,0.9,2006-11-30,
717,150,4.74,2010-03-23,
717,1122,0.57058,2006-08-21,
717,1124,1.42645,2006-08-21,
717,1455,1.0,2004-07-15,
717,1581,0.75,2006-11-30,
718,307,2.2424,2010-03-19,
718,1489,1.25,2004-07-15,
718,502468,0.9,2012-08-14,
719,307,1.6025,2010-03-23,
719,1122,0.57058,2006-08-21,
719,1124,1.42645,2006-08-21,
719,1455,1.0,2004-07-15,
719,1496,0.75,2012-08-14,
722,316,12.87,2010-03-05,
722,1489,1.25,2004-07-15,
722,1580,0.9,2006-11-30,
723,316,9.2395,2010-03-05,
723,1122,0.57058,2006-08-21,
723,1124,1.42645,2006-08-21,
723,1455,1.0,2004-07-15,
723,1581,0.75,2006-11-30,
724,316,11.47,2010-03-05,
724,1489,1.25,2004-07-15,
724,1580,0.9,2006-11-30,
725,316,8.386000000000001,2010-03-05,
725,1122,0.57058,2006-08-21,
725,1124,1.42645,2006-08-21,
725,1455,1.0,2004-07-15,
725,1581,0.75,2006-11-30,
728,316,7.7,2010-03-05,
728,1489,1.25,2004-07-15,
728,1580,0.9,2006-11-30,
729,316,5.7056,2010-03-05,
729,1122,0.57058,2006-08-21,
729,1124,1.42645,2006-08-21,
729,1455,1.0,2004-07-15,
729,1581,0.75,2006-11-30,
730,316,5.17,2010-03-05,
730,1489,1.25,2004-07-15,
730,1580,0.9,2006-11-30,
731,316,3.5349,2010-03-05,
731,1122,0.57058,2006-08-21,
731,1124,1.42645,2006-08-21,
731,1455,1.0,2004-07-15,
731,1581,0.75,2006-11-30,
732,316,6.8663,2010-03-05,
732,1489,1.25,2004-07-15,
732,1580,0.9,2006-11-30,
733,316,5.181699999999999,2010-03-05,
733,1122,0.57058,2006-08-21,
733,1124,1.42645,2006-08-21,
733,1455,1.0,2004-07-15,
733,1581,0.75,2006-11-30,
734,316,4.603,2010-03-05,
734,1489,1.25,2004-07-15,
734,1580,0.9,2006-11-30,
735,316,3.19,2010-03-05,
735,1122,0.57058,2006-08-21,
735,1124,1.42645,2006-08-21,
735,1455,1.0,2004-07-15,
735,1581,0.75,2006-11-30,
740,477,6.1868,2010-03-05,
740,1489,1.25,2004-07-15,
740,1580,0.9,2006-11-30,
741,477,4.667,2010-03-16,
741,1122,0.57058,2006-08-21,
741,1124,1.42645,2006-08-21,
741,1455,1.0,2004-07-15,
741,1581,0.75,2006-11-30,
742,477,5.73,2010-02-16,
742,1489,1.25,2004-07-15,
742,1580,0.9,2006-11-30,
743,477,4.365,2010-03-16,
743,1122,0.57058,2006-08-21,
743,1124,1.42645,2006-08-21,
743,1455,1.0,2004-07-15,
743,1581,0.75,2006-11-30,
744,150,4.482,2010-03-05,
744,1489,1.25,2004-07-15,
744,1580,0.9,2006-11-30,
745,150,2.948,2010-03-16,
745,1122,0.57058,2006-08-21,
745,1124,1.42645,2006-08-21,
745,1455,1.0,2004-07-15,
745,1581,0.75,2006-11-30,
746,150,4.002,2010-03-05,
746,1489,1.25,2004-07-15,
746,1580,0.9,2006-11-30,
747,150,2.6889999999999996,2010-03-16,
747,1122,0.57058,2006-08-21,
747,1455,1.0,2004-07-15,
747,1124,1.42645,2006-08-21,
747,1581,0.75,2006-11-30,
748,307,1.5131999999999999,2010-03-05,
748,1489,1.25,2004-07-16,
748,502468,0.9,2012-08-14,
749,307,1.038,2010-03-16,
749,1122,0.57058,2006-08-21,
749,1124,1.42645,2006-08-21,
749,1455,1.0,2004-07-16,
749,1496,0.75,2012-08-14,
750,307,1.1336,2010-03-05,
750,1489,1.25,2004-07-16,
750,1580,0.9,2006-11-30,
751,307,0.8219,2010-03-16,
751,1122,0.57058,2006-08-21,
751,1124,1.42645,2006-08-21,
751,1455,1.0,2004-07-16,
751,1581,0.75,2006-11-30,
754,316,20.69,2010-03-04,
754,1489,1.25,2004-07-16,
754,1580,0.9,2006-11-30,
755,316,14.22,2010-03-15,
755,1122,0.57058,2006-08-21,
755,1124,1.42645,2006-08-21,
755,1455,1.0,2004-07-16,
755,1581,0.75,2006-11-30,
756,316,18.53,2010-02-03,
756,1489,1.25,2004-07-16,
756,1580,0.9,2006-11-30,
757,316,13.1,2010-03-15,
757,1122,0.57058,2006-08-21,
757,1124,1.42645,2006-08-21,
757,1455,1.0,2004-07-16,
757,1581,0.75,2006-11-30,
760,316,12.75,2010-03-04,
760,1489,1.25,2004-07-16,
760,1580,0.9,2006-11-30,
761,316,8.74,2010-03-15,
761,1122,0.57058,2006-08-21,
761,1124,1.42645,2006-08-21,
761,1455,1.0,2004-07-16,
761,1581,0.75,2006-11-30,
762,316,7.93,2010-03-04,
762,1489,1.25,2004-07-16,
762,1580,0.9,2006-11-30,
763,316,5.48,2010-03-15,
763,1122,0.57058,2006-08-21,
763,1124,1.42645,2006-08-21,
763,1455,1.0,2004-07-16,
763,1581,0.75,2006-11-30,
764,316,11.56,2010-02-03,
764,1489,1.25,2004-07-16,
764,1580,0.9,2006-11-30,
765,316,8.08,2010-03-15,
765,1122,0.57058,2006-08-21,
765,1124,1.42645,2006-08-21,
765,1455,1.0,2004-07-16,
765,1581,0.75,2006-11-30,
766,316,6.97,2010-02-03,
766,1489,1.25,2004-07-16,
766,1580,0.9,2006-11-30,
767,316,5.02,2010-03-17,
767,1122,0.57058,2006-08-21,
767,1124,1.42645,2006-08-21,
767,1455,1.0,2004-07-16,
767,1581,0.75,2006-11-30,
770,477,10.54,2010-03-04,
770,1489,1.25,2004-07-21,
770,1580,0.9,2006-11-30,
771,477,7.28,2010-03-17,
771,1122,0.57058,2006-08-21,
771,1124,1.42645,2006-08-21,
771,1455,1.0,2004-07-16,
771,1581,0.75,2006-11-30,
772,150,6.81,2010-03-04,
772,1489,1.25,2004-07-16,
772,1580,0.9,2006-11-30,
773,150,4.64,2010-03-17,
773,1122,0.57058,2006-08-21,
773,1124,1.42645,2006-08-21,
773,1455,1.0,2004-07-16,
773,1581,0.75,2006-11-30,
774,1489,1.25,2004-07-16,
774,307,2.22,2010-03-04,
774,502468,0.9,2012-08-14,
775,307,1.46,2010-03-22,
775,1122,0.57058,2006-08-21,
775,1124,1.42645,2006-08-21,
775,1455,1.0,2004-07-16,
775,1496,0.75,2012-08-14,
778,316,28.820700000000002,2010-03-16,
778,1489,1.25,2004-07-16,
778,1580,0.9,2006-11-30,
779,316,22.0246,2010-03-16,
779,1122,0.57058,2006-08-21,
779,1124,1.42645,2006-08-21,
779,1455,1.0,2004-07-16,
779,1581,0.75,2006-11-30,
780,316,26.374899999999997,2010-03-16,
780,1489,1.25,2004-07-16,
780,1580,0.9,2006-11-30,
781,316,19.9613,2010-03-16,
781,1122,0.57058,2006-08-21,
781,1124,1.42645,2006-08-21,
781,1455,1.0,2004-07-16,
781,1581,0.75,2006-11-30,
784,316,17.4578,2010-03-16,
784,1489,1.25,2004-07-16,
784,1580,0.9,2006-11-30,
785,316,13.7673,2010-03-16,
785,1122,0.57058,2006-08-21,
785,1124,1.42645,2006-08-21,
785,1455,1.0,2004-07-16,
785,1581,0.75,2006-11-30,
786,316,11.3629,2010-03-16,
786,1489,1.25,2004-07-16,
786,502468,0.9,2012-08-14,
786,1580,0.9,2012-08-31,
787,316,8.257200000000001,2010-03-16,
787,1122,0.57058,2006-08-21,
787,1124,1.42645,2006-08-21,
787,1455,1.0,2004-07-16,
787,1496,0.75,2012-08-14,
788,316,15.991700000000002,2010-03-16,
788,1489,1.25,2004-07-16,
788,1580,0.9,2006-11-30,
789,316,12.418299999999999,2010-03-16,
789,1122,0.57058,2006-08-21,
789,1124,1.42645,2006-08-21,
789,1455,1.0,2004-07-16,
789,1581,0.75,2006-11-30,
790,316,10.383199999999999,2010-03-16,
790,1489,1.25,2004-07-16,
790,1580,0.9,2006-11-30,
791,316,7.542999999999999,2010-03-16,
791,1122,0.57058,2006-08-21,
791,1124,1.42645,2006-08-21,
791,1455,1.0,2004-07-16,
791,1581,0.75,2006-11-30,
794,477,14.3924,2010-03-16,
794,1489,1.25,2004-07-16,
794,1580,0.9,2006-11-30,
795,477,11.4099,2010-03-15,
795,1122,0.57058,2006-08-21,
795,1124,1.42645,2006-08-21,
795,1455,1.0,2005-02-10,
795,1581,0.75,2006-11-30,
796,150,9.767999999999999,2010-03-16,
796,1489,1.25,2004-07-16,
796,1580,0.9,2006-11-30,
797,150,6.7933,2010-03-16,
797,1122,0.57058,2006-08-21,
797,1124,1.42645,2006-08-21,
797,1455,1.0,2004-07-16,
797,1581,0.75,2006-11-30,
798,307,3.0655,2010-03-16,
798,1489,1.25,2004-07-16,
798,502468,0.9,2012-08-14,
799,307,2.3575,2010-03-16,
799,1122,0.57058,2006-08-21,
799,1124,1.42645,2006-08-21,
799,1455,1.0,2011-05-06,
799,1496,0.75,2012-08-14,
800,341,0.8664000000000001,1997-05-01,
800,1461,0.55,2004-07-16,
800,1581,0.75,2006-11-30,
802,341,0.5706,2008-03-04,
802,349,0.57058,2003-12-15,
802,1120,1.42645,2003-12-15,
802,1461,0.55,2004-07-16,
802,1581,0.75,2006-11-30,
804,341,1.01437,1997-05-01,
804,415,2.53593,2003-12-15,
804,1455,1.0,2004-07-16,
804,1496,0.75,2012-08-14,
810,284,0.64,2003-12-15,
810,341,0.5917,2008-03-04,
810,415,1.4687200000000002,2004-05-12,
810,1455,1.0,2004-07-16,
811,1489,1.25,2004-07-16,
811,502468,0.9,2012-08-14,
812,1489,1.25,2004-07-16,
812,502468,0.9,2012-08-14,
813,1489,1.25,2004-07-21,
813,502468,0.9,2012-08-14,
815,183,1.14,1997-05-01,
815,1455,1.0,2004-07-16,
815,1580,0.9,2006-11-30,
816,183,0.82,1998-08-04,
816,341,0.46492,2003-12-15,
816,415,1.1623,2003-12-15,
816,1579,0.6,2004-07-16,
816,1581,0.75,2006-11-30,
817,316,1.68,1997-05-01,
817,1489,1.25,2004-07-16,
817,1580,0.9,2006-11-30,
818,316,1.29,2003-12-15,
818,1122,0.59172,2006-09-08,
818,1124,1.47929,2006-09-08,
818,1455,1.0,2004-07-16,
818,1581,0.75,2006-11-30,
819,316,1.2,1997-05-01,
819,1489,1.25,2004-07-16,
819,1580,0.9,2006-11-30,
820,316,1.1,2003-12-15,
820,1122,0.59172,2006-09-08,
820,1124,1.47928,2006-09-08,
820,1455,1.0,2004-07-16,
820,1581,0.75,2006-11-30,
821,316,2.01,1998-07-08,
821,1122,0.57058,2006-09-08,
821,1124,1.42645,2006-09-08,
821,1455,1.0,2004-07-16,
821,1581,0.75,2012-08-14,
822,316,0.79,2003-12-15,
822,1470,0.85,2011-05-06,
823,316,0.56,2003-12-15,
823,1461,0.55,2004-07-16,
824,316,0.72,2003-12-15,
824,1461,0.55,2004-07-16,
831,1573,0.1,2004-07-16,
832,315,0.495,2014-09-25,
832,1489,1.25,2004-07-19,
832,1580,0.9,2012-08-29,
833,315,0.265,2014-09-25,
833,1122,0.57058,2006-09-08,
833,1124,1.42645,2006-09-08,
833,990,0.5,2004-07-19,
833,1581,0.75,2012-08-31,
833,1455,1.0,2016-08-11,
834,1122,0.67628,2014-09-25,
834,1124,1.6906999999999999,2014-09-25,
834,1455,1.0,2004-07-19,
834,1581,0.75,2012-08-31,
835,315,0.255,2014-09-26,
835,1489,1.25,2004-07-19,
835,1580,0.9,2006-11-30,
836,315,0.2,2014-09-26,
836,1122,0.57058,2006-09-08,
836,1124,1.42645,2006-09-08,
836,1455,1.0,2004-07-19,
836,1581,0.75,2006-11-30,
837,315,0.21,2014-09-26,
837,1122,0.57058,2006-09-08,
837,1124,1.42645,2006-09-08,
837,1455,1.0,2004-07-19,
837,1581,0.75,2006-11-30,
838,477,2.9,2014-09-22,
838,1489,1.25,2004-07-19,
838,1580,0.9,2006-11-30,
839,477,1.96,2014-09-22,
839,1122,0.57058,2006-09-08,
839,1124,1.42645,2006-09-08,
839,1455,1.0,2004-07-19,
839,1581,0.75,2006-11-30,
840,477,2.2,2014-09-24,
840,1122,0.59175,2014-09-24,
840,1124,1.47936,2014-09-24,
840,1455,1.0,2004-07-19,
840,1581,0.75,2006-11-30,
841,477,2.72,2014-09-22,
841,1489,1.25,2004-07-19,
841,1580,0.9,2006-11-30,
842,477,1.72,2014-09-22,
842,1122,0.59175,2014-09-22,
842,1124,1.47936,2014-09-22,
842,1455,1.0,2004-07-19,
842,1581,0.75,2006-11-30,
843,477,1.9,2014-09-22,
843,1122,0.59175,2014-09-22,
843,1124,1.47936,2014-09-22,
843,1455,1.0,2004-07-19,
843,1581,0.75,2006-11-30,
844,86,1.33,2014-09-22,
844,1489,1.25,2004-07-19,
844,1580,0.9,2012-08-29,
845,86,1.05,2014-09-23,
845,1122,0.57058,2006-09-08,
845,1124,1.42645,2006-09-08,
845,1455,1.0,2004-07-19,
845,1581,0.75,2012-08-31,
846,86,0.57,2014-09-23,
846,1122,0.59175,2014-09-23,
846,1124,1.47936,2014-09-23,
846,1455,1.0,2004-07-19,
846,1581,0.75,2012-08-29,
847,86,1.22,2014-09-23,
847,1489,1.25,2004-07-19,
847,1580,0.9,2006-11-30,
848,86,0.96,2014-09-23,
848,1122,0.57058,2006-09-08,
848,1124,1.42645,2006-09-08,
848,1455,1.0,2004-07-19,
848,1581,0.75,2006-11-30,
849,86,0.42532,2001-08-15,
849,1122,0.57058,2006-09-08,
849,1124,1.42645,2006-09-08,
849,1455,1.0,2004-07-19,
849,1581,0.75,2006-11-30,
850,297,1.93,2014-09-24,
850,1489,1.25,2004-07-19,
850,1580,0.9,2006-11-30,
851,297,1.37,2014-09-24,
851,1122,0.57058,2006-09-08,
851,1124,1.42645,2006-09-08,
851,1455,1.0,2004-07-19,
851,1581,0.75,2006-11-30,
852,297,0.68,2014-09-24,
852,1122,0.57058,2006-09-08,
852,1124,1.42645,2006-09-08,
852,1455,1.0,2004-07-19,
852,1581,0.75,2006-11-30,
853,297,1.49,2016-08-18,
853,1489,1.25,2004-07-19,
853,1580,0.9,2006-11-30,
854,297,1.16,2014-09-24,
854,1122,0.57058,2006-09-08,
854,1124,1.42645,2006-09-08,
854,1455,1.0,2004-07-19,
854,1581,0.75,2006-11-30,
855,297,0.55,2014-09-24,
855,1122,0.59175,2014-09-24,
855,1124,1.47936,2014-09-24,
855,1455,1.0,2004-07-19,
855,1581,0.75,2006-11-30,
886,341,0.8664400000000001,2003-12-15,
886,415,2.1661,2003-12-15,
886,1461,0.55,2004-07-19,
886,640,0.51986,2007-06-18,
886,1496,0.75,2012-08-14,
887,349,0.57058,2003-12-15,
887,1120,1.4264599999999998,2003-12-15,
887,1461,0.55,2004-07-19,
887,640,0.34235,2007-06-18,
887,1496,0.75,2012-08-14,
918,1455,1.0,2004-07-19,
918,1580,0.9,2006-11-30,
919,1579,0.6,2004-07-19,
919,341,0.53677,2004-05-12,
919,415,1.34193,2004-05-12,
919,1581,0.75,2006-11-30,
923,341,1.06086,1999-06-09,
923,38,3.01423,1997-05-01,
923,415,2.6521600000000003,2003-09-23,
923,383,1.3261,2003-09-23,
924,341,1.1024800000000001,2014-12-01,
924,38,3.1310000000000002,2015-03-17,
924,383,1.3781,2014-12-01,
924,415,2.7562,2014-12-01,
926,341,1.02705,1999-06-09,
926,502553,5.46,2014-04-24,
926,383,1.28381,2004-05-14,
926,415,2.56762,2004-05-14,
927,341,1.10904,2014-12-03,
927,38,3.14967,2014-12-03,
927,383,1.3862999999999999,2014-12-03,
927,415,2.7725999999999997,2014-12-03,
928,341,1.06086,1999-06-09,
928,38,3.0128500000000003,1997-05-01,
928,383,1.3261,2003-09-23,
928,415,2.6551600000000004,2003-09-23,
929,341,1.0417100000000001,2014-12-01,
929,38,2.9585000000000004,2015-03-20,
929,383,1.30214,2014-12-01,
929,415,2.6177499999999996,2014-12-01,
930,341,1.06398,2014-12-01,
930,38,3.0217,2015-03-17,
930,383,1.32998,2014-12-01,
930,415,2.6599500000000003,2014-12-01,
931,341,1.069,2014-12-01,
931,38,3.036,2015-03-17,
931,383,1.33625,2014-12-01,
931,415,2.6725,2014-12-01,
932,341,1.06086,1999-06-09,
932,383,1.3260800000000001,2004-05-14,
932,415,2.6521600000000003,2004-05-14,
933,341,1.0818,2014-12-01,
933,38,3.0723000000000003,2015-03-20,
933,383,1.36475,2014-12-01,
933,415,2.7045,2014-12-01,
934,38,3.01423,1997-05-01,
934,341,1.06086,1999-06-09,
934,383,1.3261,2003-09-23,
934,415,2.6521600000000003,2003-09-23,
935,341,1.09321,2014-12-04,
935,383,1.3665100000000001,2014-12-04,
935,415,2.73303,2014-12-04,
936,38,3.0544,2015-03-20,
936,341,1.07551,2014-12-01,
936,383,1.34439,2014-12-01,
936,415,2.68878,2014-12-01,
937,341,1.03572,2014-12-04,
937,383,1.29465,2014-12-04,
937,415,2.5893,2014-12-04,
938,38,3.0967000000000002,2015-03-20,
938,341,1.09038,2014-12-02,
938,383,1.3630000000000002,2014-12-02,
938,415,2.7260000000000004,2014-12-02,
939,341,1.05382,2014-12-04,
939,383,1.31728,2014-12-04,
939,415,2.63455,2014-12-04,
940,341,1.03973,1999-06-09,
940,38,2.95418,1997-05-01,
940,383,1.29966,2003-09-23,
940,415,2.59932,2003-09-23,
944,341,1.05691,2014-12-01,
944,38,3.0016000000000003,2015-03-17,
944,383,1.32114,2014-12-01,
944,415,2.64228,2014-12-01,
945,341,1.05369,2014-12-05,
945,383,1.3171100000000002,2014-12-05,
945,415,2.63423,2014-12-05,
946,341,1.03585,2014-12-05,
946,383,1.29481,2014-12-05,
946,415,2.58963,2014-12-05,
947,341,1.03973,1999-06-10,
947,38,2.95418,1997-05-01,
947,383,1.29966,2003-09-23,
947,415,2.59932,2003-09-23,
948,38,3.01423,1997-05-01,
948,341,1.06086,1999-06-10,
948,383,1.3261,2003-09-23,
948,415,2.6521600000000003,2003-09-23,
949,341,1.0443,2016-05-11,
949,38,2.9657999999999998,2016-05-11,
949,383,1.3054,2016-05-11,
949,415,2.6108,2016-05-11,
950,341,1.03973,1999-06-10,
950,38,2.95418,1997-05-01,
950,383,1.29966,2003-09-23,
950,415,2.59932,2003-09-23,
951,38,3.01423,2003-05-20,
951,383,1.3261,2003-09-23,
951,415,2.6521600000000003,2003-09-23,
951,341,1.0609,2003-09-23,
953,341,1.06086,1999-06-10,
953,38,3.01423,1997-05-01,
953,383,1.3261,2003-09-23,
953,415,2.6521600000000003,2003-09-23,
954,38,2.95418,1997-05-01,
954,341,1.03973,1999-06-10,
954,383,1.29966,2003-09-23,
954,415,2.59932,2003-09-23,
957,341,1.08622,1999-06-10,
957,38,3.08628,1997-05-01,
957,383,1.35778,2003-09-23,
957,415,2.71555,2003-09-23,
958,341,0.9974599999999999,1999-06-10,
958,38,2.8340899999999998,1997-05-01,
958,383,1.24683,2004-05-14,
958,415,2.49366,2004-05-14,
961,341,1.0532299999999999,2014-12-05,
961,383,1.31654,2014-12-05,
961,415,2.63308,2014-12-05,
963,341,1.05675,2014-12-03,
963,38,2.88213,1997-05-01,
963,383,1.32094,2014-12-03,
963,415,2.64188,2014-12-03,
964,341,1.09003,2014-12-02,
964,38,3.0957,2015-03-20,
964,383,1.3625399999999999,2014-12-02,
964,415,2.7250799999999997,2014-12-02,
965,174,0.64,2003-12-10,
967,801,0.06,2003-09-24,
967,77,0.105,2004-02-02,
967,494,0.05917,2003-11-10,
968,77,0.105,1997-05-01,
968,494,0.059000000000000004,1997-05-01,
969,801,0.092,2004-02-05,
972,801,0.06,2003-10-01,
972,439,0.020409999999999998,2003-10-28,
973,494,0.059000000000000004,1997-05-01,
973,77,0.105,1997-05-01,
974,801,0.18,2004-02-05,
976,801,0.106,2004-02-05,
980,174,0.78,2004-02-05,
981,174,0.78,2004-02-05,
982,801,0.17,2004-02-05,
982,174,0.74,2004-02-05,
983,174,0.74,2004-02-05,
984,801,0.28,2004-02-05,
984,174,1.13,2004-02-05,
985,801,0.21,2004-02-05,
986,385,0.012159999999999999,2004-02-05,
986,174,0.39,2004-02-05,
987,174,0.74,2004-02-05,
988,801,0.18,2004-02-05,
994,174,0.46,2004-05-14,
997,341,1.21733,1999-06-08,
997,385,0.18259,2003-09-23,
997,439,0.060860000000000004,2003-09-23,
997,415,3.04333,2003-09-23,
999,640,0.6035499999999999,2003-09-18,
999,415,2.51479,2003-09-18,
999,341,1.00592,2004-05-14,
1000,341,0.6086,2008-02-25,
1000,439,0.03,2004-05-14,
1001,341,0.98478,1999-06-08,
1001,640,0.59087,2003-09-18,
1001,415,2.46196,2003-09-18,
1002,341,0.40541,2003-09-18,
1002,439,0.0203,2003-09-18,
1003,341,0.9636499999999999,2016-08-18,
1003,640,0.57819,2016-08-18,
1003,415,2.40913,2016-08-18,
1004,439,0.027229999999999997,2003-09-18,
1004,341,0.54054,2003-09-18,
1005,640,0.60358,2008-03-10,
1005,415,2.5149,2008-03-10,
1005,341,1.00597,2008-03-10,
1006,341,0.54054,2008-03-10,
1006,439,0.027000000000000003,2008-03-10,
1007,341,0.10144,2003-09-18,
1007,439,0.0051,2003-09-18,
1008,385,0.08109999999999999,2008-03-10,
1008,341,0.54054,2008-03-10,
1009,640,0.6036,2008-03-10,
1009,415,2.5149,2008-03-10,
1009,341,1.00597,2008-03-10,
1010,385,0.06081,2004-05-14,
1010,341,0.40541,2004-05-14,
1011,439,0.02027,2008-03-10,
1011,341,0.4054,2008-03-10,
1012,801,0.111,2004-02-05,
1012,174,0.74,2004-02-05,
1017,341,1.05664,1999-06-08,
1017,428,0.31699,2003-09-19,
1017,415,2.53596,2003-09-19,
1017,385,0.1585,2007-06-25,
1025,341,1.09467,2004-12-09,
1025,383,1.3683400000000001,2004-12-09,
1025,640,0.6568,2004-12-09,
1025,415,2.7367000000000004,2004-12-09,
1025,385,0.16723,2007-06-25,
1026,341,1.05664,1999-06-08,
1026,640,0.63398,2003-09-19,
1026,1393,2.53593,2003-09-19,
1027,341,1.05664,1999-06-08,
1027,640,0.60862,2003-09-19,
1027,1393,2.5359,2003-09-19,
1028,341,1.05664,1999-06-08,
1028,640,0.63398,2003-09-19,
1028,1393,2.53593,2003-09-19,
1029,341,0.95918,1999-06-10,
1029,439,0.04796,1997-05-01,
1029,415,2.39796,2003-09-23,
1030,341,0.95918,1999-06-10,
1030,439,0.04796,1997-05-01,
1030,415,2.39796,2003-09-23,
1046,341,1.03128,1999-06-10,
1046,383,1.2891,2003-09-24,
1046,415,2.57819,2003-09-24,
1046,40,5.85423,2023-05-26,
1047,341,1.0521,2015-03-17,
1047,415,2.6277999999999997,2015-03-17,
1047,383,1.3151,2015-03-17,
1049,341,1.03128,1999-06-10,
1049,40,5.85423,2023-05-26,
1049,383,1.28096,2003-09-24,
1049,415,2.57819,2003-09-24,
1050,341,1.0217,2015-03-18,
1050,383,1.2771,2015-03-18,
1050,415,2.5543,2015-03-18,
1051,341,1.0328,2015-03-17,
1051,383,1.291,2015-03-17,
1051,415,2.582,2015-03-17,
1052,341,1.0353,2015-03-18,
1052,383,1.2941999999999998,2015-03-18,
1052,415,2.5883999999999996,2015-03-18,
1053,341,1.0267,2015-03-18,
1053,383,1.2834,2015-03-18,
1053,415,2.5669,2015-03-18,
1054,341,1.03128,1999-06-10,
1054,383,1.2891,2003-09-24,
1054,415,2.57819,2003-09-24,
1054,40,5.85423,2023-05-26,
1055,341,1.0686,2015-05-05,
1055,383,1.2983000000000002,2015-03-17,
1055,415,2.5965,2015-03-17,
1056,341,1.046,2015-03-17,
1056,383,1.3075,2015-03-17,
1056,415,2.615,2015-03-17,
1057,341,1.0186,1999-06-10,
1057,383,1.27325,2003-09-24,
1057,415,2.54649,2003-09-24,
1057,40,5.79418,2023-05-26,
1060,341,1.0293,2015-03-20,
1060,383,1.2866,2015-03-20,
1060,415,2.5732999999999997,2015-03-20,
1061,341,1.0186,1999-06-10,
1061,383,1.27325,2003-09-24,
1061,415,2.54649,2003-09-24,
1061,40,5.79418,2023-05-26,
1062,341,1.03128,1999-06-10,
1062,383,1.2891,2003-09-24,
1062,415,2.57819,2003-09-24,
1062,40,5.85423,2023-05-26,
1063,341,1.023,2016-05-11,
1063,383,1.2787,2016-05-11,
1063,415,2.5575,2016-05-11,
1064,341,1.0186,1999-06-10,
1064,40,5.79418,2008-02-19,
1064,415,2.54649,2003-09-24,
1064,383,1.27325,2003-09-24,
1065,341,1.03128,1999-06-10,
1065,383,1.27325,2003-09-24,
1065,415,2.54649,2003-09-24,
1065,40,5.85423,2023-05-26,
1067,341,1.03128,1999-06-10,
1067,383,1.2891,2003-09-24,
1067,415,2.57819,2003-09-24,
1067,40,5.85423,2023-05-26,
1068,341,1.0186,1999-06-10,
1068,40,5.79418,2023-05-26,
1068,383,1.27325,2003-09-24,
1068,415,2.54649,2003-09-24,
1071,341,1.04396,1999-06-10,
1071,383,1.30495,2003-09-24,
1071,415,2.6098899999999996,2003-09-24,
1071,40,5.92628,2023-05-26,
1075,341,1.0459,2015-03-19,
1075,383,1.3073,2015-03-19,
1075,415,2.6146,2015-03-19,
1076,341,1.06002,1999-06-08,
1076,383,1.3261,2003-09-24,
1076,415,2.6521600000000003,2003-09-24,
1077,383,1.4001,2008-03-10,
1077,415,2.8002,2008-03-10,
1077,341,1.1201,2008-03-10,
1078,341,1.0144,2008-03-10,
1078,383,1.268,2008-03-10,
1078,415,2.536,2008-03-10,
1079,383,1.268,2008-03-10,
1079,415,2.536,2008-03-10,
1079,341,1.0144,2008-03-10,
1080,341,1.06086,1999-06-08,
1080,383,1.3261,2003-10-01,
1080,415,2.6521600000000003,2003-10-01,
1081,383,1.35249,2003-10-01,
1081,415,2.7049900000000004,2003-10-01,
1081,341,1.08199,2023-05-26,
1082,341,1.07354,1999-06-08,
1082,383,1.34193,2003-10-01,
1082,415,2.68385,2003-10-01,
1083,341,1.03128,1999-06-08,
1083,383,1.2891,2003-10-01,
1083,415,2.57819,2003-10-01,
1084,383,1.28381,2003-12-05,
1084,415,2.56762,2023-05-26,
1084,341,1.02705,2023-05-26,
1085,341,1.10313,2023-05-26,
1085,383,1.3789099999999999,2003-10-01,
1085,415,2.7548200000000005,2003-10-01,
1086,383,1.26796,2003-10-01,
1086,415,2.53593,2003-10-01,
1086,341,1.01437,2023-05-26,
1087,341,1.0609,2023-05-26,
1087,383,1.3261,2003-10-01,
1087,415,2.6521600000000003,2003-10-01,
1089,383,1.34193,2003-10-01,
1089,415,2.68385,2003-10-01,
1089,341,1.07354,2003-10-01,
1090,341,1.07354,2023-05-26,
1090,415,2.68385,2003-10-01,
1090,383,1.34193,2003-10-01,
1091,341,1.06932,1999-06-08,
1091,383,1.3366399999999998,2003-10-01,
1091,415,2.6733,2003-10-01,
1092,383,1.2891,2003-10-01,
1092,415,2.57842,2003-10-01,
1092,341,1.03128,2023-05-26,
1093,341,1.14539,1999-06-08,
1093,383,1.43174,2003-10-01,
1093,415,2.8635,2003-10-01,
1094,341,1.12003,1999-06-08,
1094,383,1.40004,2003-10-01,
1094,415,2.8001,2003-10-01,
1095,341,1.0186,2023-05-26,
1095,383,1.27325,2003-10-01,
1095,415,2.54649,2003-10-01,
1096,383,1.3366399999999998,2003-10-01,
1096,415,2.6733,2003-10-01,
1096,341,1.06932,2023-05-26,
1097,341,1.0989,2023-05-26,
1097,383,1.37363,2003-10-01,
1097,415,2.7473,2003-10-01,
1108,341,1.01437,2023-05-26,
1108,383,1.26796,2003-10-01,
1108,415,2.53593,2003-10-01,
1116,341,1.11158,1999-06-10,
1116,383,1.24683,2023-05-26,
1116,415,2.77895,2003-09-24,
1116,38,3.15689,2023-05-26,
1117,341,1.0490000000000002,2014-12-05,
1117,383,1.31125,2014-12-05,
1117,415,2.6225,2014-12-05,
1118,341,1.13694,1999-06-10,
1118,38,3.2289100000000004,2003-09-24,
1118,383,1.4211699999999998,2003-09-24,
1118,415,2.84235,2003-09-24,
1119,38,3.0450999999999997,2015-03-20,
1119,341,1.07222,2014-12-01,
1119,383,1.34028,2014-12-01,
1119,415,2.68055,2014-12-01,
1120,801,0.071,2004-02-05,
1120,174,0.39,2004-02-05,
1121,341,1.10965,2014-12-02,
1121,38,3.1513999999999998,2015-03-20,
1121,383,1.38706,2014-12-02,
1121,415,2.77413,2014-12-02,
1124,341,1.05664,1999-06-10,
1124,383,1.3207900000000001,2003-09-24,
1124,415,2.64159,2003-09-24,
1124,40,5.99689,2023-05-26,
1125,341,1.06932,1999-06-10,
1125,383,1.3366399999999998,2003-09-24,
1125,415,2.6733,2003-09-24,
1125,40,6.06891,2023-05-26,
1126,341,1.037,2015-03-20,
1126,383,1.2962,2015-03-20,
1126,415,2.5924,2015-03-20,
1127,341,1.03973,1999-06-10,
1127,383,1.2997,2003-10-01,
1127,415,2.5993,2003-10-01,
1128,341,1.0556999999999999,2015-03-19,
1128,383,1.3196,2015-03-19,
1128,415,2.6392,2015-03-19,
1130,341,1.14966,2014-04-22,
1130,428,0.34490000000000004,2014-04-22,
1130,415,2.87415,2014-04-22,
1130,385,0.17245000000000002,2014-04-22,
1131,341,0.9721,1997-05-01,
1131,428,0.29163,2003-09-18,
1131,415,2.43025,2003-09-18,
1133,341,1.1623,2023-05-26,
1133,439,0.058120000000000005,2023-05-26,
1133,415,2.90575,2023-05-26,
1135,341,1.04,1999-06-10,
1135,415,2.6,2003-09-23,
1135,439,0.052000000000000005,2003-09-23,
1135,385,0.156,2003-09-23,
1139,506,0.12539999999999998,2000-10-23,
1139,541,0.06,2023-05-26,
1139,247,0.23,2023-05-26,
1139,341,0.6213000000000001,2004-01-14,
1139,415,1.5532499999999998,2004-05-19,
1139,1461,0.55,2004-07-19,
1140,152,0.91,2023-05-26,
1140,1461,0.55,2014-07-04,
1142,152,0.7,2023-05-26,
1142,341,0.5917,2008-03-11,
1142,415,1.4794,2008-03-11,
1142,1461,0.55,2004-07-19,
1143,42,1.0,2013-05-21,
1143,371,0.6382099999999999,2004-01-14,
1143,979,1.5955199999999998,2004-05-19,
1143,1461,0.55,2004-07-19,
1144,341,0.8783799999999999,1997-05-01,
1144,385,0.13176,2023-05-26,
1144,1461,0.55,2004-07-19,
1144,1496,0.75,2012-08-13,
1147,371,0.6382099999999999,1997-05-01,
1147,535,0.56,2013-05-21,
1147,979,1.5955199999999998,2004-05-19,
1147,1461,0.55,2004-07-19,
1147,1496,0.75,2012-08-13,
1147,504,0.94,2013-05-21,
1148,976,1.4794,2008-03-14,
1148,348,0.5917,2008-03-14,
1148,1461,0.55,2004-07-19,
1148,1496,0.75,2012-08-13,
1148,245,0.298,2014-01-02,
1148,343,0.58326,2014-06-13,
1151,341,1.0697,2023-05-26,
1151,385,0.16046,2004-02-04,
1151,1461,0.55,2004-07-19,
1151,1496,0.75,2012-08-13,
1152,152,0.96,2014-07-24,
1152,1496,0.75,2014-11-03,
1153,537,1.02,2014-11-03,
1153,1496,0.75,2016-09-01,
1154,245,0.19899999999999998,2014-01-02,
1154,363,0.59172,2004-05-19,
1154,1146,1.47929,2004-05-19,
1154,1461,0.55,2004-07-19,
1154,1496,0.75,2012-08-13,
1157,273,0.21875,1997-05-01,
1157,271,0.29167000000000004,1997-05-01,
1157,253,0.28,2003-11-07,
1157,1461,0.55,2004-07-19,
1157,1496,0.75,2012-08-13,
1158,403,0.5670000000000001,1997-05-01,
1158,363,0.5832999999999999,2000-10-23,
1158,1146,1.4581600000000001,2004-05-19,
1158,1496,0.75,2016-01-19,
1159,341,0.8783799999999999,1997-05-01,
1159,385,0.1317,2003-11-07,
1159,1461,0.55,2004-07-19,
1159,1581,0.75,2006-11-29,
1160,341,0.8783799999999999,1997-05-01,
1160,385,0.13176,2003-11-07,
1160,1461,0.55,2004-07-19,
1161,341,0.8783799999999999,1997-05-01,
1161,385,0.13176,2003-11-07,
1161,1461,0.55,2004-07-19,
1161,428,0.26352,2007-06-18,
1164,341,0.8783799999999999,1997-05-01,
1164,385,0.13176,2003-11-07,
1164,1461,0.55,2004-07-19,
1164,1581,0.75,2006-11-29,
1166,341,1.01351,1997-05-01,
1166,385,0.15203,2003-11-07,
1166,1461,0.55,2004-07-19,
1166,1496,0.75,2012-08-13,
1167,537,1.08,2014-11-03,
1167,371,0.5832999999999999,2000-10-23,
1167,979,1.4581600000000001,2004-05-19,
1167,1461,0.55,2004-07-19,
1171,341,0.5917,2006-08-30,
1171,248,0.23,2003-11-07,
1171,415,1.47929,2006-08-30,
1171,1461,0.55,2004-07-19,
1172,245,0.15,2014-04-28,
1172,341,0.3423,2003-11-07,
1172,415,0.8559,2004-05-19,
1172,1461,0.55,2004-07-19,
1172,1496,0.75,2012-08-13,
1174,537,0.16,1997-05-01,
1174,341,0.6382099999999999,1997-05-01,
1174,37,1.13,2000-10-23,
1174,415,1.5955199999999998,2004-05-19,
1174,1461,0.55,2004-07-19,
1174,1670,0.48,2007-06-18,
1175,341,0.56216,2014-07-24,
1175,415,1.4054,2014-07-24,
1175,1461,0.55,2004-07-19,
1175,537,0.8,2014-07-24,
1175,383,0.7027,2014-07-24,
1178,264,0.32933,1997-05-01,
1178,348,0.58326,2023-05-26,
1178,1431,0.08,2003-11-07,
1178,976,1.4581600000000001,2004-05-19,
1178,1461,0.55,2004-07-19,
1178,502619,0.75,2014-11-03,
1179,341,0.58326,2003-11-07,
1179,415,1.4581600000000001,2004-05-19,
1179,1461,0.55,2004-07-19,
1179,245,0.28,2014-01-02,
1182,537,0.82,2014-11-03,
1182,1461,0.55,2004-07-19,
1183,250,0.15185,1997-05-01,
1183,341,0.9003,2000-10-23,
1183,415,2.2506299999999997,2004-05-19,
1183,385,0.13504,2004-05-19,
1183,1461,0.55,2004-07-19,
1184,253,0.23067000000000001,1997-05-01,
1184,245,0.38,2003-11-07,
1184,1461,0.55,2004-07-19,
1184,403,0.76,2012-08-13,
1185,306,0.375,2007-10-23,
1185,296,0.57,1997-05-01,
1185,371,0.6382,2000-10-23,
1185,979,1.5955199999999998,2004-05-19,
1185,1461,0.55,2004-07-19,
1185,504,0.75,2013-05-21,
1187,371,0.6382099999999999,1997-05-01,
1187,306,0.38,2013-05-10,
1187,979,1.5955199999999998,2004-05-19,
1187,1461,0.55,2004-07-19,
1187,1496,0.75,2012-08-13,
1190,348,0.59172,2006-08-30,
1190,253,0.28,2023-05-26,
1190,976,1.47929,2006-08-30,
1190,1461,0.55,2004-07-19,
1190,1496,0.75,2012-08-13,
1192,362,0.9002500000000001,2000-10-23,
1192,1434,0.1,2003-11-14,
1192,1435,0.18,2003-11-14,
1192,1436,0.28,2003-11-14,
1192,385,0.13504,2004-05-19,
1192,1461,0.55,2004-07-19,
1192,428,0.2708,2007-06-18,
1198,152,0.32,2014-07-22,
1198,1496,0.75,2016-09-01,
1199,341,0.56216,2014-07-22,
1199,415,1.4054,2014-07-22,
1199,1461,0.55,2004-07-19,
1199,152,0.27,2014-07-22,
1199,383,0.70269,2014-07-22,
1200,341,0.6213000000000001,2008-02-25,
1200,245,0.16399999999999998,2014-01-02,
1200,415,1.5325,2008-02-25,
1200,1461,0.55,2004-07-19,
1202,403,0.5670000000000001,1997-05-01,
1202,245,0.28,2003-11-26,
1202,341,0.6213000000000001,2004-05-19,
1202,415,1.5532499999999998,2004-05-19,
1202,1461,0.55,2004-07-19,
1202,1496,0.75,2012-08-13,
1207,363,0.59172,2004-05-19,
1207,245,0.061,2013-12-12,
1207,1146,1.47929,2004-05-19,
1207,1461,0.55,2004-07-19,
1207,1496,0.75,2012-08-13,
1212,245,0.252,2014-01-02,
1212,363,0.59172,2004-05-20,
1212,1146,1.47929,2004-05-20,
1212,1461,0.55,2004-07-19,
1216,245,0.32,2013-12-10,
1216,1461,0.55,2004-07-19,
1216,348,0.58326,2004-05-20,
1216,976,1.4581600000000001,2004-05-20,
1216,1496,0.75,2012-08-13,
1217,1461,0.55,2004-07-19,
1217,1581,0.75,2012-08-13,
1217,502621,0.5,2014-11-03,
1220,245,0.22399999999999998,2014-01-03,
1220,1461,0.55,2004-07-19,
1220,348,0.5706,2008-03-17,
1220,976,1.4265,2008-03-17,
1220,1496,0.75,2012-08-13,
1222,341,0.51564,1997-05-01,
1222,1454,0.3,2004-07-19,
1222,1461,0.55,2004-07-19,
1222,415,1.2890899999999998,2004-05-20,
1223,341,0.47759999999999997,1999-06-08,
1223,1454,0.3,2004-07-19,
1223,1467,0.15,2004-07-19,
1223,415,1.194,2004-05-20,
1223,385,0.0716,2007-07-27,
1224,341,0.7608199999999999,2014-09-11,
1224,1456,0.4,2004-07-19,
1224,415,1.9020400000000002,2014-09-11,
1224,383,0.9510200000000001,2014-09-11,
1225,341,1.03128,1999-06-08,
1225,389,1.8,2004-07-19,
1225,415,2.57819,2004-05-20,
1228,341,0.6593399999999999,1997-05-01,
1228,1456,0.4,2004-07-19,
1228,415,1.64835,2004-05-20,
1229,341,1.02282,1999-09-02,
1229,389,1.79,2004-07-19,
1229,415,2.55706,2004-05-20,
1230,932,0.3,2001-06-15,
1230,1461,0.55,2011-04-13,
1230,1454,0.3,2011-04-13,
1231,341,0.13525,2004-05-20,
1231,415,0.33812,2004-05-20,
1231,1454,0.3,2004-07-19,
1232,274,0.35,1997-05-01,
1232,341,0.26206,2015-06-17,
1232,1454,0.3,2004-07-19,
1232,415,0.65515,2015-06-17,
1235,415,0.38040999999999997,2015-06-17,
1235,341,0.15216,2015-06-17,
1235,1454,0.3,2004-07-19,
1236,341,0.12258,2015-06-17,
1236,389,0.21451,2015-06-17,
1236,1454,0.3,2004-07-19,
1236,415,0.30644,2015-06-17,
1238,389,0.4216,1997-05-01,
1238,341,0.24091,1997-05-01,
1238,1454,0.3,2004-07-19,
1238,1461,0.55,2004-07-19,
1238,415,0.60228,2004-06-10,
1239,389,0.5128199999999999,2015-06-18,
1239,341,0.29303999999999997,2015-06-18,
1239,1454,0.3,2004-07-19,
1239,1461,0.55,2004-07-19,
1239,415,0.7326,2015-06-18,
1239,383,0.3663,2015-06-18,
1240,428,0.1121,1997-05-01,
1240,341,0.37378,1997-05-01,
1240,1454,0.3,2004-07-20,
1240,1461,0.55,2004-07-20,
1240,415,0.9344499999999999,2004-06-10,
1240,383,0.46723,2007-06-08,
1242,341,0.11835000000000001,2015-06-18,
1242,345,0.37162,2013-03-20,
1242,1454,0.3,2004-07-20,
1242,415,0.29587,2015-06-18,
1244,399,0.42,1997-05-01,
1244,1454,0.3,2004-07-20,
1244,1461,0.55,2004-07-20,
1247,341,0.21789999999999998,1997-05-01,
1247,274,0.45,1997-05-01,
1247,1454,0.3,2004-07-20,
1247,415,0.5447500000000001,2004-06-10,
1247,389,0.38133,2007-06-08,
1247,1461,0.55,2013-06-18,
1248,389,0.21451,2015-06-18,
1248,341,0.12258,2015-06-18,
1248,1454,0.3,2004-07-20,
1248,415,0.30644,2015-06-18,
1249,341,0.24093,2015-06-18,
1249,394,0.35,1997-05-01,
1249,1454,0.3,2004-07-20,
1249,1461,0.55,2004-07-20,
1249,415,0.60231,2015-06-18,
1251,341,0.16484000000000001,1997-05-01,
1251,389,0.28846,1997-05-01,
1251,1454,0.3,2004-07-20,
1251,415,0.41209,2004-06-10,
1253,341,0.49028,2015-06-24,
1253,1454,0.3,2004-07-20,
1253,1461,0.55,2004-07-20,
1253,415,1.2257,2015-06-24,
1253,383,0.61285,2015-06-24,
1256,413,0.31556,2015-06-24,
1256,341,0.15778,2015-06-24,
1256,1454,0.3,2004-07-20,
1256,415,0.39445,2015-06-24,
1257,341,0.09298000000000001,1997-05-01,
1257,430,0.34868000000000005,1997-05-01,
1257,1454,0.3,2004-07-20,
1257,415,0.23246,2004-06-10,
1258,341,0.18173999999999998,2009-05-22,
1258,383,0.22718,2009-05-22,
1258,1454,0.3,2004-07-20,
1258,415,0.45435000000000003,2009-05-22,
1258,389,0.31805,2009-05-22,
1259,341,0.15216,2015-06-24,
1259,415,0.38039,2015-06-24,
1259,1454,0.3,2004-07-20,
1260,341,0.25359000000000004,2015-06-24,
1260,383,0.31699,2015-06-24,
1260,1454,0.3,2004-07-20,
1260,415,0.63398,2015-06-24,
1262,413,0.32122,1997-05-01,
1262,341,0.16061,1997-05-01,
1262,1454,0.3,2004-07-20,
1262,415,0.40152,2004-06-10,
1262,389,0.28106000000000003,2007-07-27,
1263,383,0.30114,1997-05-01,
1263,341,0.24091,1997-05-01,
1263,1454,0.3,2004-07-20,
1263,415,0.60228,2004-06-10,
1264,341,0.25922999999999996,2015-06-24,
1264,388,0.38895,2015-06-24,
1264,1454,0.3,2004-07-20,
1264,415,0.6480800000000001,2015-06-24,
1265,341,0.11412000000000001,1997-05-01,
1265,415,0.28529,1997-05-01,
1265,1454,0.3,2004-07-20,
1267,341,0.13102,2015-06-24,
1267,429,0.39305999999999996,2015-06-24,
1267,1454,0.3,2004-07-20,
1267,415,0.32756,2015-06-24,
1268,341,0.13102,1997-05-01,
1268,274,0.27,1997-05-01,
1268,1454,0.3,2004-07-20,
1268,415,0.32756,2004-06-10,
1269,341,0.17751,2015-06-24,
1269,274,0.39,1997-05-01,
1269,1454,0.3,2004-07-20,
1269,415,0.44378999999999996,2015-06-24,
1270,341,0.15216,2015-06-24,
1270,429,0.45648000000000005,2015-06-24,
1270,1454,0.3,2004-07-20,
1270,415,0.3804,2015-06-24,
1271,389,0.29586,2015-06-24,
1271,341,0.16906,2015-06-24,
1271,415,0.42265,2015-06-24,
1271,383,0.21133,2015-06-24,
1271,1454,0.3,2011-05-05,
1275,383,0.31699,2009-05-22,
1275,341,0.25359000000000004,2009-05-22,
1275,1454,0.3,2004-07-20,
1275,415,0.63398,2009-05-22,
1276,341,0.19949000000000003,2015-06-24,
1276,274,0.45,1997-05-01,
1276,1454,0.3,2004-07-20,
1276,415,0.49872999999999995,2015-06-24,
1276,1461,0.55,2013-06-19,
1278,341,0.05072,1997-05-01,
1278,429,0.1522,1997-05-01,
1278,1454,0.3,2004-07-20,
1278,1467,0.15,2004-07-20,
1278,415,0.1268,2004-06-10,
1278,383,0.0634,2009-05-22,
1279,196,0.25,1997-05-01,
1279,1454,0.3,2004-07-20,
1279,1461,0.55,2013-06-19,
1280,341,0.21133,1997-05-01,
1280,274,0.45,1997-05-01,
1280,1454,0.3,2004-07-20,
1280,415,0.52832,2004-06-10,
1280,1461,0.55,2013-06-19,
1291,341,0.1268,1997-05-01,
1291,415,0.317,1997-05-01,
1291,1454,0.3,2004-07-20,
1292,341,0.12,2004-06-11,
1292,415,0.3,1997-05-01,
1292,1454,0.3,2004-07-20,
1293,341,0.16906,2015-06-24,
1293,413,0.33812,2015-06-24,
1293,415,0.42265,2015-06-24,
1293,1454,0.3,2004-07-21,
1295,341,0.1268,1997-05-01,
1295,415,0.317,1997-05-01,
1295,1454,0.3,2004-07-20,
1300,341,0.16,2004-06-11,
1300,415,0.4,2004-06-11,
1300,389,0.28,2001-06-15,
1300,1454,0.3,2004-07-20,
1300,345,0.37162,2013-03-20,
1300,502488,0.2229,2013-03-20,
1300,502489,0.4645,2013-03-20,
1301,341,0.10566,1997-05-01,
1301,429,0.31699,1997-05-01,
1301,1454,0.3,2004-07-20,
1301,415,0.26416,2004-06-11,
1301,345,0.37162,2013-03-20,
1301,502488,0.2229,2013-03-20,
1301,502489,0.37162,2013-03-20,
1303,341,0.1691,1997-05-01,
1303,389,0.2959,1997-05-01,
1303,1454,0.3,2004-07-20,
1303,415,0.42265,2004-06-11,
1305,341,0.1691,1997-05-01,
1305,389,0.2959,1997-05-01,
1305,1454,0.3,2004-07-20,
1305,415,0.42265,2004-06-11,
1314,388,0.27261,1997-05-01,
1314,341,0.18173999999999998,1997-05-01,
1314,1454,0.3,2004-07-20,
1314,1461,0.55,2004-07-20,
1314,415,0.45435000000000003,2004-06-11,
1317,341,0.2536,1997-05-01,
1317,383,0.317,1997-05-01,
1317,1454,0.3,2004-07-20,
1317,415,0.63398,2004-06-11,
1325,383,0.5811,1997-05-01,
1325,341,0.46490000000000004,1997-05-01,
1325,1454,0.3,2004-07-20,
1325,1461,0.55,2004-07-20,
1325,415,1.1623,2004-06-11,
1326,341,0.4227,1997-05-01,
1326,383,0.5284,1997-05-01,
1326,1454,0.3,2004-07-20,
1326,1461,0.55,2004-07-20,
1326,415,0.10566,2004-06-11,
1327,341,0.46492,2015-06-24,
1327,383,0.58115,2015-06-24,
1327,1454,0.3,2004-07-20,
1327,1461,0.55,2004-07-20,
1327,415,1.1623,2015-06-24,
1328,341,0.4227,1997-05-01,
1328,383,0.5284,1997-05-01,
1328,1454,0.3,2004-07-20,
1328,1461,0.55,2004-07-20,
1328,415,0.10566,2004-06-11,
1331,383,0.58643,1997-05-01,
1331,341,0.46914,1997-05-01,
1331,1454,0.3,2004-07-20,
1331,1461,0.55,2004-07-20,
1331,415,1.17288,2004-06-11,
1332,341,0.46915,1997-05-01,
1332,383,0.58643,1997-05-01,
1332,1454,0.3,2004-07-20,
1332,1461,0.55,2004-07-20,
1332,415,1.17288,2004-06-11,
1333,341,0.46914,1997-05-01,
1333,383,0.58643,1997-05-01,
1333,1454,0.3,2004-07-20,
1333,1461,0.55,2004-07-20,
1333,415,1.17288,2004-06-11,
1334,341,0.46915,1997-05-01,
1334,383,0.58643,1997-05-01,
1334,1454,0.3,2004-07-20,
1334,1461,0.55,2004-07-20,
1334,415,1.17288,2004-06-11,
1335,341,0.38039,2015-06-24,
1335,428,0.11412000000000001,2015-06-24,
1335,1454,0.3,2004-07-20,
1335,1461,0.55,2004-07-20,
1335,415,0.9509799999999999,2015-06-24,
1336,428,0.1121,1997-05-01,
1336,341,0.37378,1997-05-01,
1336,1454,0.3,2004-07-20,
1336,1461,0.55,2004-07-20,
1336,415,0.9344499999999999,2004-06-11,
1337,341,0.37378,1997-05-01,
1337,428,0.11213,1997-05-01,
1337,1454,0.3,2004-07-20,
1337,1461,0.55,2004-07-20,
1337,415,0.9344499999999999,2004-06-11,
1338,341,0.1691,1997-05-01,
1338,389,0.2959,1997-05-01,
1338,1454,0.3,2004-07-20,
1338,415,0.42265,2004-06-11,
1339,341,0.1691,1997-05-01,
1339,389,0.2959,1997-05-01,
1339,1454,0.3,2004-07-20,
1339,415,0.42265,2004-06-11,
1344,341,0.18035,2015-06-24,
1344,388,0.27053,2015-06-24,
1344,1454,0.3,2004-07-20,
1344,1461,0.55,2004-07-20,
1344,415,0.45087000000000005,2015-06-24,
1348,341,0.0803,2015-06-24,
1348,389,0.14053000000000002,2015-06-24,
1348,1454,0.3,2004-07-20,
1348,415,0.20076,2015-06-24,
1348,1467,0.15,2011-05-19,
1350,341,0.46490000000000004,1997-05-01,
1350,383,0.5811,1997-05-01,
1350,1454,0.3,2004-07-20,
1350,1461,0.55,2004-07-20,
1350,415,1.1623,2004-06-11,
1353,341,0.46490000000000004,1997-05-01,
1353,383,0.5811,1997-05-01,
1353,1454,0.3,2004-07-20,
1353,1461,0.55,2004-07-20,
1353,415,1.1623,2004-06-11,
1360,383,0.317,1997-05-01,
1360,341,0.2536,1997-05-01,
1360,1454,0.3,2004-07-20,
1360,1461,0.55,2004-07-20,
1360,415,0.63398,2004-06-11,
1360,389,0.44380000000000003,2007-06-08,
1367,341,0.25359000000000004,1997-05-01,
1367,383,0.31699,1997-05-01,
1367,1454,0.3,2004-07-20,
1367,1461,0.55,2004-07-20,
1367,415,0.63398,2004-06-11,
1372,341,0.24937,2015-06-24,
1372,389,0.4364,2015-06-24,
1372,1454,0.3,2004-07-20,
1372,1461,0.55,2004-07-20,
1372,415,0.62342,2015-06-24,
1374,341,0.1902,1997-05-01,
1374,388,0.2853,1997-05-01,
1374,1454,0.3,2004-07-20,
1374,1461,0.55,2004-07-20,
1374,415,0.47548999999999997,2004-06-11,
1375,341,0.30995,2015-06-24,
1375,389,0.54241,2015-06-24,
1375,1454,0.3,2004-07-20,
1375,1461,0.55,2004-07-20,
1375,415,0.77487,2015-06-24,
1378,341,0.1691,1997-05-01,
1378,389,0.2959,1997-05-01,
1378,1454,0.3,2004-07-20,
1378,415,0.42265,2004-06-11,
1380,389,0.3156,2008-03-18,
1380,1454,0.3,2004-07-20,
1380,341,0.18030000000000002,2008-03-18,
1380,415,0.4509,2008-03-18,
1380,1461,0.55,2013-06-19,
1381,15,0.2,1997-05-01,
1381,1454,0.3,2004-07-20,
1381,1461,0.55,2013-06-19,
1382,341,0.21133,1997-05-01,
1382,388,0.31699,1997-05-01,
1382,1454,0.3,2004-07-20,
1382,415,0.52832,2004-06-11,
1382,1461,0.55,2013-06-19,
1383,341,0.2536,1997-05-01,
1383,383,0.317,1997-05-01,
1383,1454,0.3,2004-07-20,
1383,1461,0.55,2004-07-20,
1383,415,0.63398,2004-06-11,
1386,341,0.11834,1997-05-01,
1386,429,0.35503,1997-05-01,
1386,1454,0.3,2004-07-20,
1386,415,0.29586,2004-06-11,
1387,341,0.1268,1997-05-01,
1387,415,0.317,1997-05-01,
1387,1454,0.3,2004-07-20,
1391,341,0.1522,2008-03-18,
1391,389,0.2663,2008-03-18,
1391,1454,0.3,2004-07-20,
1391,415,0.3804,2008-03-18,
1393,341,0.1691,1997-05-01,
1393,389,0.2959,1997-05-01,
1393,1454,0.3,2004-07-20,
1393,415,0.42265,2004-06-11,
1397,341,0.73964,1997-05-01,
1397,1456,0.4,2004-07-20,
1397,415,1.84911,2004-06-11,
1398,341,1.06086,2004-06-11,
1398,415,2.6521600000000003,2004-06-11,
1398,389,1.85651,2007-05-22,
1399,341,0.73964,1997-05-01,
1399,1456,0.4,2004-07-20,
1399,415,1.84911,2004-06-11,
1400,341,1.0101900000000001,2008-02-27,
1400,415,2.5255,2008-02-27,
1400,389,1.7678,2008-02-27,
1401,341,0.483,1997-05-01,
1401,1456,0.4,2004-07-20,
1401,415,1.2075,2004-06-11,
1402,415,1.9685,1997-05-01,
1402,341,0.7874,1999-06-22,
1402,389,1.38,2004-07-20,
1403,219,0.28,1997-05-01,
1403,341,0.75232,1997-05-01,
1403,1456,0.4,2004-07-20,
1403,415,1.8808099999999999,2004-06-11,
1404,341,1.0186,2008-03-20,
1404,389,1.7826,2008-03-20,
1404,415,2.5465999999999998,2008-03-20,
1413,219,0.28,2009-05-22,
1413,1456,0.4,2004-07-20,
1414,341,0.98901,2004-06-11,
1414,389,1.7307599999999999,2007-05-22,
1414,415,2.47253,2004-06-11,
1414,1677,1.7307599999999999,2009-05-22,
1415,219,0.33,2009-05-22,
1415,1456,0.4,2004-07-20,
1416,341,0.98901,2004-06-11,
1416,389,1.7307599999999999,2007-05-22,
1416,415,2.47253,2004-06-11,
1416,1677,1.7307599999999999,2009-05-22,
1419,219,0.42,2009-05-22,
1419,1456,0.4,2004-07-20,
1420,341,0.98901,2004-06-11,
1420,389,1.7307599999999999,2007-05-22,
1420,415,2.47253,2004-06-11,
1421,219,0.43,2009-05-22,
1421,1456,0.4,2004-07-20,
1422,341,0.98901,2004-06-11,
1422,389,1.7307599999999999,2007-05-22,
1422,415,2.47253,2004-06-11,
1423,219,0.43,2009-05-22,
1423,1456,0.4,2004-07-20,
1424,341,0.98901,2004-06-11,
1424,389,1.7307599999999999,2007-05-22,
1424,415,2.47253,2004-06-11,
1431,341,0.3804,1997-05-01,
1431,1456,0.4,2004-07-20,
1431,415,0.95097,2004-06-11,
1432,415,2.0,1997-05-01,
1432,341,0.8,1999-06-22,
1432,389,1.4,2004-07-20,
1435,219,0.33,2009-05-22,
1435,1456,0.4,2004-07-20,
1436,341,0.98901,2004-06-11,
1436,389,1.7307599999999999,2007-05-22,
1436,415,2.47253,2004-06-11,
1437,1456,0.4,2004-07-20,
1437,867,0.3,2001-07-03,
1438,415,2.47253,2004-06-11,
1438,341,0.98901,2004-06-11,
1438,389,1.7307599999999999,2007-05-22,
1439,1456,0.4,2004-07-20,
1439,867,0.3,2001-07-03,
1439,383,0.5284,2007-08-22,
1440,341,0.98901,2004-06-11,
1440,415,2.47253,2004-06-11,
1440,389,1.7307599999999999,2007-05-22,
1443,641,0.3,1997-05-01,
1443,341,0.4,2004-06-11,
1443,1456,0.4,2004-07-20,
1443,415,1.0,2004-06-11,
1444,415,2.47253,2004-06-11,
1444,341,0.98901,2004-06-11,
1444,389,1.7307599999999999,2007-05-22,
1462,641,0.332,1997-05-01,
1462,341,0.44380000000000003,1997-05-01,
1462,415,1.10946,2004-06-14,
1462,1456,0.4,2004-07-20,
1463,415,2.47253,2016-09-21,
1463,341,0.98901,2016-09-21,
1463,389,1.7307599999999999,2016-09-21,
1464,1456,0.4,2004-07-20,
1464,867,0.3,2001-07-03,
1465,415,2.47253,2004-06-14,
1465,341,0.98901,2004-06-14,
1465,389,1.7307599999999999,2007-05-22,
1466,219,0.35,1997-05-01,
1466,1456,0.4,2004-07-20,
1467,341,1.0186,2004-06-14,
1467,415,2.54649,2004-06-14,
1467,389,1.7825499999999999,2007-05-22,
1470,219,0.355,1997-05-01,
1470,1456,0.4,2004-07-20,
1471,341,1.0186,2008-04-25,
1471,415,2.5465999999999998,2008-04-25,
1471,389,1.7826,2008-04-25,
1472,383,0.32756,2015-06-24,
1472,341,0.26205,2015-06-24,
1472,415,0.65542,2015-06-24,
1472,1454,0.3,2004-07-20,
1473,341,0.38077,2015-06-24,
1473,389,0.66634,2015-06-24,
1473,415,0.9519299999999999,2015-06-24,
1473,1454,0.3,2004-07-20,
1473,641,0.28558,2015-06-24,
1474,341,0.15216,2009-05-22,
1474,415,0.38039,2009-05-22,
1474,1454,0.3,2004-07-20,
1474,389,0.26798,2009-05-22,
1474,383,0.19018999999999997,2009-05-22,
1475,415,0.29586,2015-06-24,
1475,341,0.11834,2015-06-24,
1475,1454,0.3,2004-07-20,
1477,415,0.3804,1997-05-01,
1477,341,0.15216,1997-05-01,
1477,1454,0.3,2004-07-20,
1477,383,0.19018999999999997,2009-05-22,
1477,389,0.26627,2009-05-22,
1478,341,0.22401,2015-06-25,
1478,388,0.33602,2015-06-25,
1478,415,0.56003,2015-06-25,
1478,1454,0.3,2004-07-20,
1478,389,0.39201,2015-06-25,
1478,1461,0.55,2016-02-04,
1479,274,0.48,1997-05-01,
1479,341,0.24937,2015-06-24,
1479,415,0.62342,2015-06-24,
1479,1454,0.3,2004-07-20,
1479,1461,0.55,2004-07-20,
1484,110,0.048,1997-05-01,
1484,341,0.4142,1997-05-01,
1484,383,0.5177499999999999,2003-04-15,
1484,415,1.0354999999999999,2003-04-15,
1484,1457,1.4,2004-07-13,
1485,341,1.02282,1999-06-08,
1485,383,1.27853,2003-04-15,
1485,415,2.55706,2003-04-15,
1486,371,0.71851,2023-05-26,
1486,1457,1.4,2004-02-18,
1486,979,1.7962799999999999,2003-04-15,
1486,971,0.8981399999999999,2003-04-15,
1487,371,0.86221,1997-05-01,
1487,388,1.29332,2004-02-13,
1487,971,1.0777700000000001,2003-04-15,
1487,979,2.1555400000000002,2003-04-15,
1488,341,0.25359000000000004,1997-05-01,
1488,383,0.31699,2003-04-15,
1488,415,0.63398,2003-04-15,
1488,640,0.15216,2004-02-13,
1488,1456,0.4,2004-02-13,
1489,341,0.81572,1997-05-01,
1489,383,1.01965,2003-04-15,
1489,415,2.03931,2003-04-15,
1489,641,0.6117900000000001,2004-02-13,
1489,1456,0.4,2004-02-13,
1490,341,0.36347999999999997,1997-05-01,
1490,337,0.64,1997-05-01,
1490,383,0.45435000000000003,2003-04-15,
1490,415,0.9087099999999999,2003-04-15,
1490,640,0.21809,2004-02-18,
1490,1456,0.4,2004-02-18,
1491,341,1.0777700000000001,1997-05-01,
1491,383,1.34721,2003-04-15,
1491,415,2.69442,2003-04-15,
1491,641,0.80833,2004-02-18,
1491,640,0.64666,2011-05-19,
1492,341,1.18343,1997-05-01,
1492,383,1.47929,2003-04-15,
1492,415,2.95858,2003-04-15,
1492,641,0.8875700000000001,2004-02-13,
1492,640,0.71006,2011-05-19,
1493,371,0.73119,1997-05-01,
1493,1457,1.4,2004-02-18,
1493,971,0.91399,2003-04-15,
1493,979,1.82798,2003-04-15,
1494,371,0.8706699999999999,1997-05-01,
1494,1457,1.4,2004-02-18,
1494,971,1.08833,2003-04-15,
1494,415,2.17667,2003-04-15,
1495,341,1.04818,1999-06-08,
1495,383,1.31023,2003-04-15,
1495,415,2.62046,2003-04-15,
1496,341,1.18927,1999-06-08,
1496,383,1.4865899999999999,2003-04-28,
1497,341,1.01014,1999-06-08,
1497,383,1.26268,2003-04-15,
1497,415,2.52536,2003-04-15,
1498,354,0.65511,1997-05-01,
1498,628,1.05,2003-04-15,
1498,979,1.74345,2003-04-15,
1498,1457,1.4,2004-02-18,
1498,371,0.69738,2003-04-15,
1498,1007,0.81889,2003-04-15,
1498,971,0.8717199999999999,2003-04-15,
1498,1010,1.6377899999999999,2003-04-15,
1499,354,1.02705,1997-05-01,
1499,1009,1.08,2003-04-15,
1499,1007,1.28381,2003-04-15,
1499,1010,2.56762,2003-04-15,
1499,388,1.5405699999999998,2004-02-18,
1500,623,0.9,1997-05-01,
1500,379,0.95943,1997-05-01,
1500,1011,1.19928,2003-04-15,
1500,388,1.4391399999999999,2004-02-18,
1501,354,1.03128,2003-04-15,
1501,1007,1.2891,2003-04-15,
1501,1010,2.57819,2003-04-15,
1501,388,1.54691,2004-02-18,
1502,629,0.84,1997-05-01,
1502,354,1.04396,2003-04-15,
1502,1007,1.30495,2003-04-15,
1502,1010,2.6098899999999996,2003-04-15,
1502,388,1.5659299999999998,2004-02-18,
1503,354,1.06932,1997-05-01,
1503,1007,1.3366399999999998,2003-04-15,
1503,1010,2.67329,2003-04-15,
1503,388,1.60397,2004-02-18,
1504,354,1.09045,1997-05-01,
1504,379,1.01437,2003-04-15,
1504,1009,1.2,2003-04-15,
1504,1007,1.3630600000000002,2003-04-15,
1504,1010,2.7261200000000003,2003-04-15,
1504,1011,1.26796,2003-04-15,
1504,1012,2.53593,2003-04-15,
1504,388,1.6356700000000002,2004-02-18,
1505,623,0.9,1997-05-01,
1505,379,1.09045,1997-05-01,
1505,1011,1.3630600000000002,2003-04-15,
1505,1012,2.7261200000000003,2003-04-15,
1505,388,1.6356700000000002,2004-02-18,
1506,623,0.9,1997-05-01,
1506,379,1.03973,1997-05-01,
1506,1011,1.29966,2003-04-15,
1506,1012,2.59932,2003-04-15,
1506,388,1.55959,2004-02-18,
1507,334,0.35,1997-05-01,
1507,354,0.54945,1997-05-01,
1507,1007,0.6868099999999999,2003-04-22,
1507,1010,1.37363,2003-04-22,
1507,1458,0.21,2004-02-18,
1507,1456,0.4,2004-02-18,
1507,640,0.32966,2012-08-28,
1508,354,1.05664,1997-05-01,
1508,1007,1.3207900000000001,2003-04-22,
1508,1010,2.64159,2003-04-22,
1508,1070,0.79247,2004-02-18,
1508,640,0.63398,2011-05-19,
1509,354,1.14117,1997-05-01,
1509,1007,1.4264599999999998,2003-04-22,
1509,1010,2.8529199999999997,2003-04-22,
1509,1070,0.85588,2004-02-18,
1509,640,0.6847,2011-05-19,
1510,341,1.02282,1997-05-01,
1510,383,1.27853,2003-04-22,
1510,415,2.55706,2003-04-22,
1510,1457,1.4,2004-02-18,
1511,367,0.9721,1997-05-01,
1511,110,2.01,1997-05-01,
1511,971,0.77134,2003-04-22,
1511,979,1.5426900000000001,2003-04-22,
1511,1013,1.21513,2003-04-22,
1511,1014,2.43026,2003-04-22,
1511,1015,0.7924800000000001,2003-04-22,
1511,1016,1.58495,2003-04-22,
1511,1459,1.005,2004-02-18,
1511,1457,1.4,2004-02-18,
1511,347,0.63398,2004-05-25,
1511,371,0.61708,2004-05-25,
1512,367,0.9721,1997-05-01,
1512,110,1.36,2006-11-14,
1512,1013,1.21513,2003-04-22,
1512,1014,2.43026,2003-04-22,
1512,1459,0.68,2006-11-14,
1512,1457,1.4,2004-02-18,
1513,367,0.9721,1997-05-01,
1513,110,3.04,1997-05-01,
1513,1013,1.21513,2003-04-22,
1513,1014,2.43026,2003-04-22,
1513,1459,1.52,2004-02-18,
1513,1457,1.4,2004-02-18,
1514,385,0.06284,1997-05-01,
1514,341,0.42265,1997-05-01,
1514,383,0.52832,2003-04-22,
1514,428,0.1268,2004-02-18,
1514,1456,0.4,2004-02-18,
1515,341,0.60862,1997-05-01,
1515,383,0.76078,2003-04-22,
1515,415,1.52156,2003-04-22,
1515,1457,1.4,2004-02-18,
1516,341,1.08199,1997-05-01,
1516,383,1.35249,2003-04-22,
1516,415,2.7049900000000004,2003-04-22,
1516,388,1.6229900000000002,2004-02-18,
1517,1019,0.6382099999999999,1997-05-01,
1517,1017,0.7977599999999999,2003-04-22,
1517,1018,1.5955199999999998,2003-04-22,
1517,1457,1.4,2004-02-18,
1518,341,1.08199,1997-05-01,
1518,383,1.35249,2003-04-23,
1518,415,2.7049900000000004,2003-04-23,
1518,388,1.6229900000000002,2004-02-18,
1519,1022,0.9721,1997-05-01,
1519,1020,1.21513,2003-04-23,
1519,1021,2.43026,2003-04-23,
1519,1457,1.4,2004-02-18,
1520,341,1.08199,1997-05-01,
1520,383,1.35249,2003-04-23,
1520,415,2.7049900000000004,2003-04-23,
1520,388,1.6229900000000002,2004-02-18,
1521,1019,0.5579,1997-05-01,
1521,1017,0.69738,2003-04-23,
1521,1018,1.39476,2003-04-23,
1521,1457,1.4,2004-02-18,
1522,322,0.96,1997-05-01,
1522,341,0.92984,1997-05-01,
1522,383,1.1623,2003-04-23,
1522,415,2.3246,2003-04-23,
1522,1457,1.4,2004-02-18,
1523,347,0.55793,2015-01-23,
1523,371,0.45649,2015-01-23,
1523,1023,1.24,2015-01-23,
1523,1024,0.91,2015-01-23,
1523,1025,0.7,2015-01-23,
1523,1015,0.69741,2015-01-23,
1523,1016,1.39483,2015-01-23,
1523,971,0.5706,2015-01-23,
1523,979,1.14122,2015-01-23,
1523,1457,1.4,2004-02-18,
1524,371,0.63398,1997-05-01,
1524,110,0.2,1997-05-01,
1524,971,0.7924800000000001,2003-04-23,
1524,979,1.58495,2003-04-23,
1524,1462,0.4,2004-07-13,
1524,1457,1.4,2004-07-13,
1525,348,0.67628,2014-01-29,
1525,968,0.8453499999999999,2014-01-29,
1525,976,1.6906999999999999,2014-01-29,
1525,1460,0.5875,2014-01-29,
1525,1457,1.4,2004-02-18,
1525,502508,2.35,2014-01-29,
1526,364,0.65511,1997-05-01,
1526,616,0.43533,1997-05-01,
1526,1026,0.81889,2003-05-30,
1526,1028,1.6377899999999999,2003-05-30,
1526,1029,0.54417,2003-05-30,
1526,1027,1.08834,2003-05-30,
1526,1457,1.4,2004-02-18,
1527,341,1.03128,1997-05-01,
1527,383,1.2891,2003-04-24,
1527,415,2.57819,2003-04-24,
1527,388,1.54692,2004-02-18,
1528,341,1.08199,1997-05-01,
1528,383,1.35249,2003-04-24,
1528,415,2.7049900000000004,2003-04-24,
1528,388,1.6229900000000002,2004-02-18,
1529,341,1.10313,1997-05-01,
1529,383,1.3789099999999999,2003-04-24,
1529,415,2.7578199999999997,2003-04-24,
1529,388,1.65469,2004-02-18,
1530,1019,0.65511,1997-05-01,
1530,1017,0.81889,2003-04-24,
1530,1018,1.6377899999999999,2003-04-24,
1530,1457,1.4,2004-02-18,
1531,333,0.82,2008-04-28,
1531,1030,1.64,2008-04-28,
1531,364,0.6509,2008-04-28,
1531,1026,0.8136,2008-04-28,
1531,1028,1.6275,2008-04-28,
1531,1457,1.4,2004-02-18,
1532,364,1.04818,1997-05-01,
1532,1028,2.62046,2003-04-25,
1532,388,1.5722800000000001,2004-02-18,
1532,1026,1.31023,2003-04-25,
1533,364,1.05664,1997-05-01,
1533,1026,1.3207900000000001,2003-04-25,
1533,1028,2.64159,2003-04-25,
1533,388,1.58495,2004-02-18,
1534,364,1.06932,2003-04-25,
1534,1026,1.3366399999999998,2003-04-25,
1534,1028,2.67329,2003-04-25,
1534,388,1.60397,2004-02-18,
1535,364,1.10313,1997-05-01,
1535,1026,1.3789099999999999,2003-04-25,
1535,1028,2.7578199999999997,2003-04-25,
1535,388,1.65469,2004-02-18,
1536,1022,1.09467,2023-05-26,
1536,1020,1.3683400000000001,2003-04-25,
1536,1021,2.73669,2003-04-25,
1536,1457,1.4,2004-02-18,
1537,371,0.46492,1997-05-01,
1537,110,0.35,2000-10-30,
1537,971,0.58115,2003-04-25,
1537,979,1.1623,2003-04-25,
1537,1457,1.4,2004-07-13,
1538,379,0.40152,1997-05-01,
1538,343,0.46492,1997-05-01,
1538,1011,0.5019,2003-04-25,
1538,1012,1.0038,2003-04-25,
1538,1031,0.58115,2003-04-25,
1538,1032,1.1623,2003-04-25,
1538,1457,1.4,2004-07-13,
1539,341,1.17075,1997-05-01,
1539,383,1.4634399999999999,2003-04-25,
1539,415,2.9268799999999997,2003-04-25,
1539,1033,0.57,2015-01-23,
1539,1461,0.55,2004-02-18,
1539,385,0.17561,2007-06-25,
1539,640,0.7025,2007-07-27,
1540,341,1.1623,1997-05-01,
1540,383,1.45287,2003-04-25,
1540,415,2.90575,2003-04-25,
1540,640,0.69738,2004-02-18,
1541,341,0.47337,1997-05-01,
1541,383,0.59172,2003-04-25,
1541,415,1.18343,2003-04-25,
1541,1457,1.4,2004-07-13,
1542,341,0.60862,1997-05-01,
1542,383,0.60862,2003-04-25,
1542,415,1.52156,2003-04-25,
1542,640,0.29214,2004-02-18,
1542,1456,0.4,2004-02-18,
1543,1457,1.4,2004-07-13,
1543,383,1.25,2006-02-24,
1543,1501,1.2,2006-02-24,
1544,341,0.61285,1997-05-01,
1544,383,0.76606,2003-04-25,
1544,415,1.53212,2003-04-25,
1544,1457,1.4,2004-02-18,
1545,629,0.8,1997-05-01,
1545,341,1.04818,1997-05-01,
1545,383,1.31023,2003-04-25,
1545,415,2.62046,2003-04-25,
1545,1034,1.35,2003-04-25,
1545,388,1.5722800000000001,2004-02-19,
1546,629,0.85,1997-05-01,
1546,341,1.06509,1997-05-01,
1546,383,1.3313599999999999,2003-04-25,
1546,415,2.6627199999999998,2003-04-25,
1546,1034,1.4,2003-04-25,
1546,388,1.59763,2004-02-19,
1547,629,0.85,1997-05-01,
1547,341,1.09467,1997-05-01,
1547,383,1.3683400000000001,2003-04-25,
1547,415,2.73669,2003-04-25,
1547,1034,1.4,2003-04-25,
1547,388,1.64201,2004-02-19,
1548,629,0.85,1997-05-01,
1548,341,1.10313,1997-05-01,
1548,383,1.3789099999999999,2003-04-25,
1548,415,2.7578199999999997,2003-04-25,
1548,388,1.65469,2004-02-19,
1549,341,0.62975,2004-02-09,
1549,1035,0.168,2004-10-15,
1549,1036,0.84,2004-02-09,
1549,383,0.78719,2004-02-09,
1549,415,1.57439,2004-02-09,
1549,1456,0.4,2004-02-19,
1549,502698,0.336,2018-02-21,
1550,341,1.09467,1997-05-01,
1550,383,1.3683400000000001,2003-04-25,
1550,415,2.73669,2003-04-25,
1550,641,0.821,2004-07-13,
1550,640,0.6568,2011-05-19,
1551,341,1.00169,2003-04-25,
1551,383,1.25211,2003-04-25,
1551,415,2.50423,2003-04-25,
1551,388,1.50254,2004-02-19,
1552,341,1.00169,2003-04-25,
1552,383,1.25211,2003-04-25,
1552,415,2.50423,2003-04-25,
1552,388,1.50254,2004-02-19,
1553,341,1.03973,1997-05-01,
1553,383,1.29966,2003-04-25,
1553,415,2.59932,2003-04-25,
1553,388,1.5596,2004-02-19,
1554,341,1.02282,2003-04-25,
1554,383,1.27853,2003-04-25,
1554,415,2.55706,2003-04-25,
1554,388,1.53423,2004-02-19,
1555,341,1.04818,2003-04-25,
1555,383,1.31023,2003-04-25,
1555,415,2.62046,2003-04-25,
1555,388,1.57227,2004-02-19,
1556,341,1.0989,1997-05-01,
1556,383,1.37363,2003-04-25,
1556,415,2.74725,2003-04-25,
1556,388,1.64835,2004-02-19,
1557,341,1.0354999999999999,1997-05-01,
1557,383,1.2943799999999999,2003-04-25,
1557,415,2.5887599999999997,2003-04-25,
1557,388,1.5532499999999998,2004-02-19,
1558,341,1.0777700000000001,1997-05-01,
1558,383,1.34721,2003-04-25,
1558,415,2.69442,2003-04-25,
1558,388,1.61666,2004-02-19,
1559,341,1.09467,1997-05-01,
1559,383,1.3683400000000001,2003-04-25,
1559,415,2.73669,2003-04-25,
1559,388,1.64201,2004-02-19,
1560,341,0.63398,1997-05-01,
1560,383,0.7924800000000001,2003-04-25,
1560,415,1.58495,2003-04-25,
1560,1457,1.4,2004-02-19,
1561,341,1.06509,1997-05-01,
1561,383,1.3313599999999999,2003-04-25,
1561,415,2.6627199999999998,2003-04-25,
1561,388,1.5976400000000002,2004-02-19,
1562,617,0.9721,1997-05-01,
1562,320,1.23,1997-05-01,
1562,1037,1.21513,2003-04-28,
1562,1038,2.43026,2003-04-28,
1562,1457,1.4,2004-02-19,
1563,617,0.9721,1997-05-01,
1563,320,1.23,1997-05-01,
1563,1037,1.21513,2003-04-28,
1563,1038,2.43026,2003-04-28,
1563,1457,1.4,2004-02-19,
1564,617,0.9721,1997-05-01,
1564,320,1.23,1997-05-01,
1564,1037,1.21513,2003-04-28,
1564,1038,2.43026,2003-04-28,
1564,1457,1.4,2004-02-19,
1565,617,0.9721,1997-05-01,
1565,320,1.18,1997-05-01,
1565,1037,1.21513,2003-04-28,
1565,1038,2.43026,2003-04-28,
1565,1457,1.4,2004-02-19,
1566,320,1.18,1997-05-01,
1566,617,0.9721,1997-05-01,
1566,1037,1.21513,2003-04-28,
1566,1038,2.43026,2003-04-28,
1566,1457,1.4,2004-02-19,
1567,341,1.03128,1997-05-01,
1567,383,1.2891,2003-04-28,
1567,415,2.57819,2003-04-28,
1567,388,1.54692,2004-02-19,
1568,341,1.05241,1997-05-01,
1568,383,1.31551,2003-04-28,
1568,415,2.63102,2003-04-28,
1568,388,1.5786099999999998,2004-02-19,
1569,341,1.07354,1997-05-01,
1569,383,1.34193,2003-04-28,
1569,415,2.68385,2003-04-28,
1569,388,1.6103200000000002,2004-02-19,
1570,341,1.05664,1999-06-08,
1570,383,1.3207900000000001,2003-04-28,
1570,415,2.64159,2003-04-28,
1571,341,1.16605,1999-06-14,
1571,383,1.4584000000000001,2003-04-28,
1572,341,1.04396,1999-06-08,
1572,383,1.30495,2003-04-28,
1572,415,2.6098899999999996,2003-04-28,
1573,333,0.24,1997-05-01,
1573,341,0.38884,1997-05-01,
1573,383,0.48605,2003-04-29,
1573,415,0.9721,2003-04-29,
1573,1040,0.96,2003-04-29,
1573,1030,0.48,2004-07-13,
1573,1457,1.4,2004-07-13,
1574,341,1.0354999999999999,1997-05-01,
1574,383,1.2943799999999999,2003-04-29,
1574,415,2.5887599999999997,2003-04-29,
1574,388,1.5532599999999999,2004-02-19,
1575,341,1.08199,1997-05-01,
1575,383,1.35249,2003-04-29,
1575,415,2.7049900000000004,2003-04-29,
1575,388,1.6229900000000002,2004-02-19,
1576,341,1.06932,1999-06-08,
1576,383,1.3366399999999998,2003-04-29,
1576,415,2.67329,2003-04-29,
1577,341,0.59172,1997-05-01,
1577,383,0.73964,2003-04-29,
1577,415,1.47929,2003-04-29,
1577,1457,1.4,2004-02-19,
1577,478,0.048499999999999995,2007-07-23,
1577,333,0.485,2007-07-23,
1578,341,0.69738,1997-05-01,
1578,110,0.55,2015-01-23,
1578,383,0.8717199999999999,2003-04-29,
1578,415,0.73688,2003-04-29,
1578,1457,1.4,2004-02-19,
1579,110,0.06,1997-05-01,
1579,341,1.03128,1997-05-01,
1579,383,1.2891,2003-04-29,
1579,415,2.57819,2003-04-29,
1579,1041,0.9,2003-04-29,
1579,1457,1.4,2004-07-14,
1580,341,1.00592,1997-05-01,
1580,383,1.2594,2003-04-29,
1580,415,2.51479,2003-04-29,
1580,640,0.60451,2004-02-19,
1581,371,0.6973,1997-05-01,
1581,971,0.8717199999999999,2003-04-29,
1581,979,1.74345,2003-04-29,
1581,1457,1.4,2004-07-14,
1582,628,0.09,1997-05-01,
1582,341,0.57058,1997-05-01,
1582,383,0.7132299999999999,2003-04-29,
1582,415,1.4264599999999998,2003-04-29,
1582,1040,1.2,2003-04-29,
1582,1030,0.6,2004-07-14,
1582,1457,1.4,2004-07-14,
1583,633,0.7,2004-07-14,
1583,1457,1.4,2004-07-14,
1584,1457,1.4,2004-07-14,
1584,379,0.32444,2017-01-03,
1584,1011,0.40566,2017-01-03,
1584,1012,0.81111,2017-01-03,
1584,1312,0.19474,2017-01-10,
1585,509,0.69,2014-07-07,
1585,371,0.7608199999999999,2014-07-07,
1585,971,0.9510200000000001,2014-07-07,
1585,979,1.9020400000000002,2014-07-07,
1585,1457,1.4,2004-02-19,
1586,110,0.19,1997-05-01,
1586,1042,0.95,2003-04-29,
1586,1457,1.4,2004-02-19,
1587,161,0.58,1997-05-01,
1587,144,0.84,1997-05-01,
1587,617,0.89603,2003-04-29,
1587,1037,1.12003,2003-04-29,
1587,1038,2.2400700000000002,2003-04-29,
1587,1043,0.07,2003-04-29,
1587,1461,0.55,2004-02-19,
1589,341,1.03128,1999-06-08,
1589,383,1.2891,2003-04-29,
1589,385,0.15469,2003-04-29,
1589,415,2.57819,2003-04-29,
1589,439,0.051559999999999995,2004-02-19,
1590,341,1.03145,2016-08-18,
1590,383,1.2893100000000002,2016-08-18,
1590,385,0.15472,2018-08-10,
1590,415,2.57863,2016-08-18,
1590,439,0.05157,2016-08-18,
1591,341,1.03128,1999-06-08,
1591,383,1.2891,2003-04-29,
1591,385,0.15469,2003-04-29,
1591,415,2.57819,2003-04-29,
1591,439,0.051559999999999995,2004-02-19,
1592,439,0.020409999999999998,1997-05-01,
1592,385,0.06081,1997-05-01,
1592,1481,0.04,2011-04-21,
1593,115,0.67,1997-05-01,
1593,1461,0.55,2004-02-20,
1594,341,1.03973,1999-06-08,
1594,383,1.29662,2003-04-29,
1594,415,2.59932,2003-04-29,
1594,439,0.05187,2004-02-20,
1595,341,1.03973,1999-06-08,
1595,383,1.29966,2003-04-29,
1595,385,0.15596,2003-04-29,
1595,415,2.59932,2003-04-29,
1595,439,0.05199,2004-02-19,
1596,110,0.096,1997-05-01,
1596,341,0.80304,1997-05-01,
1596,333,0.96,2005-04-14,
1596,383,1.0038,2003-04-29,
1596,415,2.00761,2003-04-29,
1596,1457,1.4,2004-02-20,
1597,110,0.025,2001-11-22,
1597,333,0.25,2003-04-29,
1597,1456,0.4,2004-02-20,
1598,1019,0.6213000000000001,1997-05-01,
1598,1457,1.4,2004-02-20,
1598,1017,0.7766299999999999,2003-04-30,
1598,1018,1.5532499999999998,2003-04-30,
1599,110,0.032,1997-05-01,
1599,1030,0.64,2003-04-30,
1599,1457,1.4,2004-02-20,
1600,1456,0.4,2017-03-17,
1600,640,0.31171,2010-01-26,
1600,341,0.55284,2010-01-26,
1600,414,1.24389,2017-04-11,
1600,383,0.6910599999999999,2010-01-26,
1600,415,1.3821,2010-01-26,
1600,336,0.0567,2010-01-26,
1601,143,0.2,2003-04-30,
1601,347,0.62975,2003-04-30,
1601,509,0.16,2003-04-30,
1601,1046,0.136,2003-04-30,
1601,1015,0.78719,2003-04-30,
1601,1016,1.57439,2003-04-30,
1601,1042,0.5,2004-07-14,
1601,1457,1.4,2004-07-14,
1602,110,8.46,1997-05-01,
1602,1465,1.0575,2004-02-20,
1602,1457,1.4,2004-02-20,
1603,371,0.69738,1997-05-01,
1603,110,2.07,1997-05-01,
1603,971,0.8717199999999999,2003-04-30,
1603,979,1.74345,2003-04-30,
1603,1459,1.035,2004-02-20,
1603,1457,1.4,2004-02-20,
1604,347,0.71851,1997-05-01,
1604,312,1.64,1997-05-01,
1604,1015,0.8981399999999999,2003-04-30,
1604,1016,1.7962799999999999,2003-04-30,
1604,1047,16.4,2003-04-30,
1604,1466,1.5,2004-02-20,
1605,347,0.71851,1997-05-01,
1605,1048,1.38,2003-04-30,
1605,1049,0.7481,2003-04-30,
1605,1052,10.0,2003-04-30,
1605,1053,12.8,2003-04-30,
1605,1054,1.25,2003-04-30,
1605,1055,1.6,2003-04-30,
1605,1015,0.8981399999999999,2003-04-30,
1605,1016,1.7962799999999999,2003-04-30,
1605,1466,1.5,2004-02-20,
1605,1050,0.93512,2003-04-30,
1605,1051,1.87025,2003-04-30,
1606,1019,0.73119,1997-05-01,
1606,1466,1.5,2004-02-20,
1606,1017,0.91399,2003-05-01,
1606,1018,1.82798,2003-05-01,
1610,341,0.59172,1997-05-01,
1610,333,0.15,1997-05-01,
1610,383,0.73964,2003-05-01,
1610,415,1.47929,2003-05-01,
1610,1457,1.4,2004-02-20,
1611,371,0.58326,1997-05-01,
1611,117,1.36,1997-05-01,
1611,971,0.7290800000000001,2003-05-01,
1611,979,1.4581600000000001,2003-05-01,
1611,1457,1.4,2004-02-20,
1612,341,0.59172,1997-05-01,
1612,333,0.11,1997-05-01,
1612,383,0.73964,2003-05-01,
1612,415,1.47929,2003-05-01,
1612,1466,1.5,2004-02-20,
1613,553,0.032,1997-05-01,
1613,139,0.044000000000000004,1997-05-01,
1613,385,0.085,2003-05-01,
1613,1467,0.15,2004-02-20,
1613,1290,0.5706,2008-04-28,
1614,290,0.15,2003-05-01,
1614,504,0.083,1997-05-01,
1614,1467,0.15,2004-02-20,
1614,1290,0.5706,2008-04-30,
1614,502334,0.16,2007-08-13,
1615,617,0.76078,1997-05-01,
1615,119,1.21,1997-05-01,
1615,1037,0.95097,2003-05-01,
1615,1038,1.90194,2003-05-01,
1615,1457,1.4,2004-02-20,
1616,122,1.4,1997-05-01,
1616,617,0.69738,1997-05-01,
1616,1037,0.8717199999999999,2003-05-01,
1616,1038,1.74345,2003-05-01,
1616,1457,1.4,2004-02-20,
1617,617,0.78191,1997-05-01,
1617,120,1.51,1997-05-01,
1617,1037,0.9773900000000001,2003-05-01,
1617,1038,1.9547800000000002,2003-05-01,
1617,1457,1.4,2004-02-20,
1618,341,0.71851,1997-05-01,
1618,110,1.59,1997-05-01,
1618,383,0.8981399999999999,2003-05-01,
1618,415,1.7962799999999999,2003-05-01,
1618,1457,1.4,2004-02-20,
1619,341,1.04818,1999-06-08,
1619,383,1.31023,2003-05-01,
1619,415,2.62046,2003-05-01,
1620,341,1.05241,1999-06-08,
1620,383,1.31551,2003-05-01,
1620,415,2.63102,2003-05-01,
1621,439,0.020409999999999998,1997-05-01,
1621,385,0.06081,1997-05-01,
1621,1481,0.04,2011-04-21,
1622,341,1.04396,1999-06-08,
1622,383,1.30495,2003-05-01,
1622,415,2.6098899999999996,2003-05-01,
1623,617,0.82418,1997-05-01,
1623,1056,0.88,2015-01-23,
1623,1057,0.76,2015-01-23,
1623,1058,1.2,2015-01-23,
1623,1037,1.0302200000000001,2003-05-01,
1623,1038,2.0604400000000003,2003-05-01,
1623,1457,1.4,2004-02-23,
1624,341,1.04396,1999-06-08,
1624,383,1.30495,2003-05-01,
1624,415,2.6098899999999996,2003-05-01,
1625,341,1.05241,1999-09-07,
1625,383,1.31551,2003-05-01,
1625,415,2.63102,2003-05-01,
1628,347,0.59172,1997-05-01,
1628,357,0.9721,2003-05-01,
1628,1061,3.8,2003-05-01,
1628,1062,3.04,2003-05-01,
1628,1063,1.52,2003-05-01,
1628,1060,2.43026,2003-05-01,
1628,319,1.525,2004-02-20,
1628,1457,1.4,2004-02-20,
1628,1015,0.73964,2003-05-01,
1628,1016,1.47929,2003-05-01,
1628,1059,1.21513,2003-05-01,
1629,341,1.05664,1999-06-08,
1629,383,1.3207900000000001,2003-05-01,
1629,415,2.64159,2003-05-01,
1630,110,0.18,1997-05-01,
1630,341,0.9974599999999999,2003-05-01,
1630,383,1.24683,2003-05-01,
1630,415,2.49366,2003-05-01,
1630,1462,0.36,2004-07-14,
1630,1457,1.4,2004-07-14,
1631,341,1.04396,1999-06-08,
1631,383,1.30495,2003-05-01,
1631,415,2.6098899999999996,2003-05-01,
1632,341,1.04396,1999-06-08,
1632,383,1.30495,2003-05-01,
1632,415,2.6098899999999996,2003-05-01,
1633,341,1.05664,2003-05-01,
1633,1064,1.04818,2003-05-01,
1633,1067,0.98,2003-05-01,
1633,388,1.5722800000000001,2004-02-20,
1633,383,1.3207900000000001,2003-05-01,
1633,415,2.64159,2003-05-01,
1633,1065,1.31023,2003-05-01,
1633,1066,2.62046,2003-05-01,
1634,1064,1.04396,1997-05-01,
1634,388,1.5659399999999999,2004-02-20,
1634,1065,1.30495,2003-05-01,
1634,1066,2.6098899999999996,2003-05-01,
1634,1067,0.98,2003-05-01,
1635,341,1.10735,2002-11-12,
1635,959,0.98,2023-05-26,
1635,388,1.66102,2004-02-20,
1635,383,1.38418,2003-05-01,
1635,415,2.76839,2003-05-01,
1636,959,0.98,2023-05-26,
1636,1064,1.10735,1997-05-01,
1636,388,1.66103,2004-02-20,
1636,1065,1.38419,2003-05-01,
1636,1066,2.76839,2003-05-01,
1637,379,1.02282,1997-05-01,
1637,1011,1.27853,2003-05-01,
1637,1012,2.55706,2003-05-01,
1637,388,1.53424,2004-02-23,
1638,341,0.49028,1997-05-01,
1638,383,0.61285,2003-05-01,
1638,415,1.2257,2003-05-01,
1638,640,0.29417000000000004,2004-02-20,
1638,1456,0.4,2004-02-20,
1639,341,1.02282,1997-05-01,
1639,383,1.27853,2003-05-05,
1639,415,2.55706,2003-05-05,
1639,641,0.76712,2003-05-05,
1639,1456,0.4,2004-02-20,
1640,334,1.3,1997-05-01,
1640,354,0.67625,1997-05-01,
1640,1068,0.26,2003-05-05,
1640,1007,0.84531,2003-05-05,
1640,1010,1.69062,2003-05-05,
1640,1456,0.4,2004-02-20,
1641,341,1.09045,1997-05-01,
1641,383,1.3630600000000002,2003-05-05,
1641,415,2.7261200000000003,2003-05-05,
1641,641,0.81784,2003-05-05,
1641,640,0.65427,2011-05-19,
1642,341,1.14117,1997-05-01,
1642,383,1.4264599999999998,2003-05-05,
1642,415,2.8529199999999997,2003-05-05,
1642,641,0.85587,2003-05-05,
1642,640,0.6847,2011-05-19,
1643,1022,1.05664,1997-05-01,
1643,704,1.55,2003-05-05,
1643,1020,1.3207900000000001,2003-05-05,
1643,1021,2.64159,2003-05-05,
1643,1457,1.4,2004-02-20,
1644,341,1.05241,1999-06-08,
1644,383,1.31551,2003-05-05,
1644,415,2.63102,2003-05-05,
1645,354,1.04818,1997-05-01,
1645,959,0.76,2023-05-26,
1645,1007,1.31023,2003-05-05,
1645,1010,2.62046,2003-05-05,
1645,388,1.5722800000000001,2004-02-23,
1646,354,1.04396,1997-05-01,
1646,959,0.76,2003-05-05,
1646,1007,1.30495,2003-05-05,
1646,415,2.6098899999999996,2003-05-05,
1646,388,1.5659399999999999,2004-02-23,
1647,341,1.12426,2003-05-05,
1647,959,0.76,2023-05-26,
1647,383,1.40533,2003-05-05,
1647,415,2.81065,2003-05-05,
1647,388,1.6864,2004-02-23,
1648,354,1.12426,2023-05-26,
1648,959,0.79,2023-05-26,
1648,1010,2.81065,2003-05-05,
1648,1007,1.40533,2003-05-05,
1648,388,1.68639,2004-02-23,
1649,334,1.75,1997-05-01,
1649,354,0.76078,2003-05-05,
1649,1068,0.35,2003-05-06,
1649,1007,0.95097,2003-05-05,
1649,1010,1.90194,2003-05-05,
1649,1456,0.4,2004-02-23,
1650,341,1.0777700000000001,1997-05-01,
1650,383,1.34721,2003-05-06,
1650,415,2.69442,2003-05-06,
1650,641,0.80833,2003-05-06,
1650,640,0.64666,2011-05-19,
1651,354,1.18343,1997-05-01,
1651,1007,1.47929,2003-05-06,
1651,1010,2.95858,2003-05-06,
1651,1070,0.8875700000000001,2003-05-06,
1651,640,0.71006,2011-05-19,
1652,341,1.05664,1999-06-08,
1652,383,1.3207900000000001,2003-05-06,
1652,415,2.64159,2003-05-06,
1653,117,1.68,2023-05-26,
1653,1457,1.4,2004-02-23,
1654,110,0.34,1997-05-01,
1654,1456,0.4,2004-02-23,
1655,110,0.25,1997-05-01,
1655,1462,0.5,2004-07-14,
1655,1457,1.4,2004-07-14,
1656,1071,1.0354999999999999,1997-05-01,
1656,1072,1.2943799999999999,2003-05-06,
1656,1073,2.5887599999999997,2003-05-06,
1656,1457,1.4,2004-02-23,
1657,341,1.05664,1999-06-08,
1657,383,1.3207900000000001,2003-05-06,
1657,415,2.64159,2003-05-06,
1658,341,1.2174500000000001,1999-06-08,
1658,383,1.52181,2003-04-28,
1659,341,1.05664,1999-06-08,
1659,383,1.3207900000000001,2003-05-06,
1659,415,2.64159,2003-05-06,
1660,110,0.07,1997-05-01,
1660,341,0.73119,1997-05-01,
1660,383,0.91399,2003-05-06,
1660,415,1.82798,2003-05-06,
1660,1457,1.4,2004-02-23,
1661,371,0.6255299999999999,1997-05-01,
1661,509,1.79,1997-05-01,
1661,971,0.78191,2003-05-06,
1661,979,1.56382,2003-05-06,
1661,1457,1.4,2004-02-23,
1662,371,0.65089,1997-05-01,
1662,357,0.84531,2003-05-06,
1662,971,0.81361,2003-05-06,
1662,979,1.62722,2003-05-06,
1662,1059,1.05664,2003-05-06,
1662,1060,2.11327,2003-05-06,
1662,1457,1.4,2004-02-23,
1663,957,0.46,2002-11-12,
1663,364,1.05241,2002-11-12,
1663,1026,1.31551,2003-05-06,
1663,1028,2.63102,2003-05-06,
1663,388,1.5786099999999998,2004-02-23,
1664,957,0.46,2002-11-12,
1664,364,1.06509,2002-11-12,
1664,1026,1.3313599999999999,2003-05-06,
1664,1028,2.6627199999999998,2003-05-06,
1664,388,1.59763,2004-02-23,
1665,957,0.46,2002-11-12,
1665,364,1.09045,2002-11-12,
1665,1026,1.3630600000000002,2003-05-06,
1665,1028,2.7261200000000003,2003-05-06,
1665,388,1.6356700000000002,2004-02-23,
1666,364,1.10313,2002-11-12,
1666,1026,1.3789099999999999,2003-05-07,
1666,1028,2.7578199999999997,2003-05-07,
1666,388,1.65469,2004-02-23,
1667,502514,2.82,2014-01-29,
1667,1097,1.41,2014-01-29,
1667,1457,1.4,2004-02-23,
1667,502509,0.7354600000000001,2014-01-29,
1667,502510,0.91932,2014-01-29,
1667,502511,1.83864,2014-01-29,
1667,502512,0.44127000000000005,2014-01-29,
1668,110,1.03,1997-05-01,
1668,341,0.62975,2003-05-07,
1668,383,0.78719,2003-05-07,
1668,415,1.57439,2003-05-07,
1668,1457,1.4,2004-02-23,
1669,341,0.98906,2014-05-05,
1669,1034,0.86,2023-05-26,
1669,383,1.2362600000000001,2003-05-07,
1669,415,2.47265,2014-05-05,
1669,388,1.4835900000000002,2014-05-05,
1670,341,0.5579,1997-05-01,
1670,383,0.69738,2003-05-07,
1670,415,1.39476,2003-05-07,
1670,640,0.33474,2003-05-07,
1670,1456,0.4,2004-02-23,
1671,341,1.18343,1997-05-01,
1671,383,1.47929,2003-05-07,
1671,415,2.95858,2003-05-07,
1671,641,0.8875700000000001,2003-05-07,
1671,1456,0.4,2004-02-23,
1671,640,0.7101000000000001,2013-04-08,
1672,364,1.04818,2023-05-26,
1672,1026,1.31023,2003-05-07,
1672,1028,2.62046,2003-05-07,
1672,640,0.62891,2011-05-19,
1672,641,0.7861400000000001,2003-05-07,
1673,341,1.08199,1999-06-08,
1673,383,1.35249,2003-05-07,
1673,415,2.7049900000000004,2003-05-07,
1674,112,6.09,1997-05-01,
1674,617,0.80304,1997-05-01,
1674,1037,1.0038,2003-05-07,
1674,1038,2.00761,2003-05-07,
1674,1457,1.4,2004-02-23,
1675,110,0.92,1997-05-01,
1675,1457,1.4,2004-02-23,
1676,341,1.08199,1997-05-01,
1676,383,1.35249,2003-05-07,
1676,415,2.7049900000000004,2003-05-07,
1676,388,1.6229900000000002,2004-02-23,
1677,1019,1.05664,1997-05-01,
1677,1017,1.3207900000000001,2003-05-07,
1677,1018,2.64159,2003-05-07,
1677,1457,1.4,2004-02-23,
1678,348,0.57904,1997-05-01,
1678,968,0.7238,2003-05-07,
1678,976,1.44759,2003-05-07,
1678,1457,1.4,2004-02-23,
1679,341,1.01437,1997-05-01,
1679,383,1.26796,2003-05-07,
1679,415,2.53593,2003-05-07,
1679,1457,1.4,2004-02-23,
1680,341,0.24091,1997-05-01,
1680,383,0.30114,2003-05-07,
1680,415,0.60228,2003-05-07,
1680,1457,1.4,2004-07-14,
1681,1457,1.4,2004-07-14,
1682,366,1.0186,1997-05-01,
1682,118,1.7044,1997-05-01,
1682,1076,1.27325,2003-05-07,
1682,1077,2.54649,2003-05-07,
1682,1469,0.8522,2004-02-23,
1682,1457,1.4,2004-02-23,
1683,110,2.25,1997-05-01,
1683,1459,1.125,2004-02-23,
1683,1457,1.4,2004-02-23,
1684,366,0.95097,1997-05-01,
1684,1078,6.25,1997-05-01,
1684,1076,1.18872,2003-05-07,
1684,1077,2.37743,2003-05-07,
1684,1457,1.4,2004-02-23,
1685,341,1.07354,1997-05-01,
1685,383,1.34193,2003-05-07,
1685,415,2.68385,2003-05-07,
1685,388,1.6103200000000002,2004-02-23,
1686,1022,1.0777700000000001,1997-05-01,
1686,1020,1.34721,2003-05-07,
1686,1021,2.69442,2003-05-07,
1686,1457,1.4,2004-02-23,
1687,1022,1.0777700000000001,2003-05-08,
1687,1020,1.34721,2003-05-08,
1687,1021,2.69442,2003-05-08,
1687,1457,1.4,2004-02-23,
1688,366,1.05664,1997-05-01,
1688,123,1.55738,1997-05-01,
1688,1076,1.3207900000000001,2003-05-08,
1688,1077,2.64159,2003-05-08,
1688,1457,1.4,2004-02-23,
1689,366,0.50719,1997-05-01,
1689,501,0.01963,1997-05-01,
1689,1076,0.63398,2003-05-08,
1689,1077,1.26796,2003-05-08,
1689,1457,1.4,2004-02-23,
1690,341,1.08622,1997-05-01,
1690,383,1.35778,2003-05-08,
1690,415,2.71555,2003-05-08,
1690,388,1.62933,2004-02-19,
1691,348,0.64243,2003-05-08,
1691,968,0.80304,2003-05-08,
1691,976,1.60609,2003-05-08,
1691,1466,1.5,2004-02-23,
1691,553,18.25,2015-07-20,
1691,160,27.93,2015-07-20,
1691,139,37.54,2018-01-30,
1692,110,0.5,1997-05-01,
1692,367,1.02705,1997-05-01,
1692,1013,1.28381,2003-05-08,
1692,1014,2.56762,2003-05-08,
1692,1462,1.0,2004-02-18,
1692,1457,1.4,2004-02-18,
1693,124,2.75,1997-05-01,
1693,500,1.22,1997-05-01,
1693,1457,1.4,2004-02-23,
1694,341,1.06086,1999-06-08,
1694,383,1.3260800000000001,2003-05-08,
1694,415,2.6521600000000003,2003-05-08,
1696,371,0.46072,2014-07-02,
1696,343,0.52832,2003-05-09,
1696,1081,1.82,2014-07-02,
1696,1082,2.23,2014-07-02,
1696,502600,1.49,2014-07-02,
1696,1031,0.6604000000000001,2003-05-09,
1696,1032,1.3207900000000001,2003-05-09,
1696,971,0.5759000000000001,2014-07-02,
1696,979,1.15179,2014-07-02,
1696,1457,1.4,2004-07-14,
1696,502602,1.01,2014-07-02,
1697,371,0.46492,1997-05-01,
1697,971,0.58115,2003-05-09,
1697,979,1.1623,2003-05-09,
1697,1457,1.4,2004-02-18,
1697,502600,1.32,2014-07-31,
1697,502601,1.61,2014-07-31,
1697,502428,2.16,2014-07-31,
1698,371,0.72274,1997-05-01,
1698,971,0.90342,2003-05-09,
1698,979,1.80685,2003-05-09,
1698,1457,1.4,2004-02-18,
1699,371,0.86221,1997-05-01,
1699,971,1.0777700000000001,2003-05-09,
1699,979,2.1555400000000002,2003-05-09,
1699,388,1.29332,2004-02-13,
1700,341,1.03128,1997-05-01,
1700,383,1.2891,2003-05-09,
1700,415,2.57819,2003-05-09,
1700,388,1.54691,2004-02-18,
1701,341,1.03978,2018-10-11,
1701,383,1.29973,2018-10-11,
1701,415,2.5995,2018-10-11,
1701,388,1.5596700000000001,2018-10-11,
1702,341,0.50296,1997-05-01,
1702,383,0.6286999999999999,2003-05-09,
1702,415,1.2573999999999999,2003-05-09,
1702,640,0.30178,2003-05-09,
1702,1456,0.4,2004-02-18,
1702,1562,0.035,2007-06-14,
1702,1458,0.21,2007-06-14,
1703,341,1.05241,1997-05-01,
1703,383,1.31551,2003-05-09,
1703,415,2.63102,2003-05-09,
1703,641,0.78931,2003-05-09,
1703,1456,0.4,2004-02-18,
1704,357,0.9510200000000001,2014-07-07,
1704,371,0.6340100000000001,2014-07-07,
1704,971,0.79252,2014-07-07,
1704,979,1.58503,2014-07-07,
1704,1059,1.18878,2014-07-07,
1704,1060,2.37755,2014-07-07,
1704,1084,0.81,2003-05-09,
1704,1085,1.01,2003-05-09,
1704,1086,1.18,2003-05-09,
1704,1087,1.36,2003-05-09,
1704,1088,1.52,2003-05-09,
1704,1457,1.4,2004-02-18,
1705,341,0.61285,1997-05-01,
1705,383,0.76606,2003-05-09,
1705,415,1.53212,2003-05-09,
1705,1089,0.68,2003-05-09,
1705,1457,1.4,2004-02-18,
1706,1019,0.65511,1997-05-01,
1706,1017,0.81889,2003-05-09,
1706,1018,1.6377899999999999,2003-05-09,
1706,1457,1.4,2004-02-18,
1707,341,1.06509,1997-05-01,
1707,383,1.3313599999999999,2003-05-09,
1707,415,2.6627199999999998,2003-05-09,
1707,388,1.59763,2004-02-18,
1708,364,1.06509,1997-05-01,
1708,1026,1.3313599999999999,2003-05-09,
1708,1028,2.6627199999999998,2003-05-09,
1708,388,1.59763,2004-02-18,
1709,341,0.47337,1997-05-01,
1709,383,0.59172,2003-05-09,
1709,415,1.18343,2003-05-09,
1709,1457,1.4,2004-07-14,
1710,333,0.71,2015-01-23,
1710,628,0.249,2003-05-09,
1710,1090,0.62133,2015-01-23,
1710,1091,0.77666,2015-01-23,
1710,1092,1.5533299999999999,2015-01-23,
1710,1456,0.4,2004-02-18,
1710,110,0.071,2015-01-23,
1711,1058,0.64,2023-05-26,
1711,1095,0.4,2003-05-09,
1711,1463,0.5,2004-02-19,
1711,1464,1.0,2004-02-19,
1711,1456,0.4,2004-02-19,
1712,341,1.05241,1997-05-01,
1712,383,1.31551,2003-05-09,
1712,415,2.63102,2003-05-09,
1712,388,1.57862,2004-02-19,
1713,341,1.06509,1997-05-01,
1713,383,1.3313599999999999,2003-05-09,
1713,415,2.6627199999999998,2003-05-09,
1713,388,1.5976400000000002,2004-02-19,
1714,617,0.9721,1997-05-01,
1714,1037,1.21513,2003-05-09,
1714,1038,2.43026,2003-05-09,
1714,1096,1.66,2003-05-09,
1714,1097,1.28,2003-05-09,
1714,1098,1.0,2003-05-09,
1714,1457,1.4,2004-02-19,
1715,617,0.9721,1997-05-01,
1715,320,1.18,1997-05-01,
1715,1037,1.21513,2003-05-09,
1715,1038,2.43026,2003-05-09,
1715,1457,1.4,2004-02-19,
1716,341,1.04396,1999-06-08,
1716,383,1.30495,2003-05-09,
1716,415,2.6098899999999996,2003-05-09,
1717,341,1.04396,1999-06-08,
1717,383,1.30495,2003-05-09,
1717,415,2.6098899999999996,2003-05-09,
1718,333,0.5,1997-05-01,
1718,1030,0.98,2004-02-19,
1718,1457,1.4,2004-02-19,
1718,1099,0.6382099999999999,2006-10-24,
1718,1100,0.7977599999999999,2006-10-24,
1718,1101,1.5955199999999998,2006-10-24,
1719,341,1.2174500000000001,2003-04-28,
1719,383,1.52181,2003-04-28,
1720,341,1.05664,2003-05-27,
1720,383,1.3207900000000001,2003-05-27,
1720,415,2.64159,2003-05-27,
1721,347,0.67625,1997-05-01,
1721,348,0.6593399999999999,2003-05-27,
1721,1048,1.38,2003-05-27,
1721,1049,0.7481,2003-05-27,
1721,1107,8.14,2003-05-27,
1721,1108,1.02,2003-05-27,
1721,1109,5.52,2003-05-27,
1721,1110,0.69,2003-05-27,
1721,1111,4.41,2003-05-27,
1721,1112,0.55,2003-05-27,
1721,1466,1.5,2004-02-20,
1721,1015,0.84531,2003-05-27,
1721,1016,1.69062,2003-05-27,
1721,1050,0.93512,2003-05-27,
1721,1051,1.87025,2003-05-27,
1721,976,1.64835,2003-05-27,
1721,968,0.82418,2003-05-27,
1722,617,0.76078,1997-05-01,
1722,1113,1.84,2003-05-27,
1722,1114,1.31,2003-05-27,
1722,1115,0.96,2003-05-27,
1722,1457,1.4,2004-02-20,
1722,1037,0.95097,2003-05-27,
1722,1038,1.90194,2003-05-27,
1723,341,1.05241,1999-06-08,
1723,383,1.31551,2003-05-27,
1723,415,2.63102,2003-05-27,
1724,341,1.20034,2003-04-28,
1724,383,1.5004300000000002,2003-04-28,
1725,341,1.05241,1999-06-08,
1725,383,1.31551,2003-05-27,
1725,415,2.63102,2003-05-27,
1726,341,1.05241,1997-05-01,
1726,383,1.31551,2003-05-27,
1726,415,2.63102,2003-05-27,
1726,388,1.5786099999999998,2004-02-23,
1727,341,1.06509,1997-05-01,
1727,383,1.3313599999999999,2003-05-27,
1727,415,2.6627199999999998,2003-05-27,
1727,388,1.59763,2004-02-23,
1728,371,0.6509199999999999,2014-07-31,
1728,1116,1.75,2014-07-31,
1728,1117,1.5,2014-07-31,
1728,1118,1.3,2014-07-31,
1728,971,0.81365,2014-07-31,
1728,979,1.6273,2014-07-31,
1728,1457,1.4,2004-02-20,
1728,502606,2.24,2014-07-31,
1729,1064,1.03128,1997-05-01,
1729,959,0.98,2023-05-26,
1729,388,1.54692,2004-02-20,
1729,1065,1.2891,2003-05-30,
1729,1066,2.57819,2003-05-30,
1730,1064,1.06086,1997-05-01,
1730,959,0.98,2023-05-26,
1730,388,1.5913,2004-02-20,
1730,1065,1.3260800000000001,2003-05-30,
1730,1066,2.6521600000000003,2003-05-30,
1731,371,0.59175,2014-01-29,
1731,971,0.73968,2014-01-29,
1731,139,2.3,2014-01-29,
1731,160,1.78,2014-01-29,
1731,553,1.48,2014-01-29,
1731,979,1.47936,2014-01-29,
1731,1457,1.4,2004-02-23,
1731,347,0.6805100000000001,2014-01-29,
1731,1015,0.85063,2014-01-29,
1731,1016,1.70127,2014-01-29,
1732,354,1.03128,1997-05-01,
1732,959,0.76,2003-05-30,
1732,584,0.77,1997-05-01,
1732,1007,1.28096,2003-05-30,
1732,1010,2.57819,2003-05-30,
1732,388,1.53715,2004-02-23,
1733,354,1.06086,1997-05-01,
1733,584,0.79,1997-05-01,
1733,1007,1.3260800000000001,2003-05-30,
1733,1010,2.6521600000000003,2003-05-30,
1733,388,1.5913,2004-02-23,
1733,959,0.76,2003-05-30,
1734,348,0.6973999999999999,2014-07-02,
1734,269,0.84,2014-07-02,
1734,1138,0.56,2003-05-30,
1734,110,9.05,2014-07-02,
1734,968,0.87177,2014-07-02,
1734,1457,1.4,2004-02-23,
1734,976,1.74354,2014-07-02,
1735,456,0.58,1997-05-01,
1735,944,1.03973,2001-11-22,
1735,1137,0.47,2003-05-30,
1735,1136,2.59932,2003-05-30,
1735,388,1.55959,2004-02-23,
1735,1135,1.29966,2003-05-30,
1736,944,1.0524,2004-02-10,
1736,1137,0.48,2003-05-30,
1736,1136,2.63102,2004-02-10,
1736,388,1.5786099999999998,2004-02-23,
1736,1135,1.31551,2004-02-10,
1737,456,0.5815,1997-05-01,
1737,944,1.06509,2001-11-22,
1737,1137,0.48,2003-05-30,
1737,1135,1.3313599999999999,2003-05-30,
1737,1136,2.6627199999999998,2003-05-30,
1737,388,1.59763,2004-02-23,
1738,456,0.5815,1997-05-01,
1738,944,1.07354,2001-11-22,
1738,1137,0.49,2003-05-30,
1738,1135,1.34193,2003-05-30,
1738,1136,2.68385,2003-05-30,
1738,388,1.6103200000000002,2004-02-23,
1739,944,1.0989,2001-10-30,
1739,1136,2.74725,2003-05-30,
1739,1135,1.37363,2003-05-30,
1739,388,1.64836,2004-02-23,
1740,371,0.69738,1997-05-01,
1740,1451,0.66,2004-02-05,
1740,971,0.8717199999999999,2003-05-30,
1740,979,1.74345,2003-05-30,
1740,1457,1.4,2004-07-14,
1741,957,0.46,2002-11-12,
1741,364,1.06509,2002-11-12,
1741,1026,1.3313599999999999,2003-05-30,
1741,1028,2.6627199999999998,2003-05-30,
1741,388,1.59763,2004-02-23,
1742,364,0.7354600000000001,2015-04-21,
1742,333,0.95,2015-04-21,
1742,1026,0.91932,2015-04-21,
1742,1028,1.83864,2015-04-21,
1742,628,0.285,2015-04-21,
1742,1456,0.4,2004-02-23,
1743,364,1.04818,2023-05-26,
1743,1133,0.7861400000000001,2003-05-30,
1743,1026,1.31023,2003-05-30,
1743,1028,2.62046,2003-05-30,
1743,640,0.6289,2007-06-14,
1744,376,0.61285,1997-05-01,
1744,362,0.69738,1997-05-01,
1744,974,0.76606,2003-05-30,
1744,983,1.53212,2003-05-30,
1744,1129,0.8717199999999999,2003-05-30,
1744,1130,1.74345,2003-05-30,
1744,1468,0.36771,2004-02-23,
1744,1456,0.4,2004-02-23,
1745,376,0.61285,1997-05-01,
1745,362,0.69738,1997-05-01,
1745,1129,0.8717199999999999,2003-05-30,
1745,1130,1.74345,2003-05-30,
1745,974,0.76606,2003-05-30,
1745,274,0.42,2003-05-30,
1745,1131,0.14,2003-05-30,
1745,983,1.53212,2003-05-30,
1745,1132,0.26,2003-05-30,
1745,1468,0.36771,2004-02-23,
1745,1456,0.4,2004-02-23,
1746,362,0.69738,1997-05-01,
1746,376,0.61285,1997-05-01,
1746,974,0.76606,2003-05-30,
1746,983,1.53212,2003-05-30,
1746,1130,1.74345,2003-05-30,
1746,1129,0.8717199999999999,2003-05-30,
1746,1468,0.36771,2004-02-23,
1746,1456,0.4,2004-02-23,
1747,341,0.51986,1997-05-01,
1747,383,0.64983,2003-05-30,
1747,415,1.29966,2003-05-30,
1747,333,0.19,2003-05-30,
1747,1457,1.4,2004-02-23,
1748,563,0.51,2003-05-30,
1748,348,0.51564,1997-05-01,
1748,968,0.64455,2003-05-30,
1748,976,1.2891,2003-05-30,
1748,1457,1.4,2004-02-23,
1749,379,0.60862,1997-05-01,
1749,371,0.7016100000000001,1997-05-01,
1749,354,0.64243,2003-05-30,
1749,1007,0.80304,2003-05-30,
1749,1010,1.60609,2003-05-30,
1749,367,0.98056,2003-05-30,
1749,1013,1.22569,2003-05-30,
1749,1014,2.45139,2003-05-30,
1749,971,0.87701,2003-05-30,
1749,979,1.75402,2003-05-30,
1749,1011,0.76078,2003-05-30,
1749,1012,1.52156,2003-05-30,
1749,1125,0.07,2003-05-30,
1749,1126,0.12,2003-05-30,
1749,1127,0.18,2003-05-30,
1749,1128,0.27,2003-05-30,
1749,1457,1.4,2004-02-23,
1749,1666,0.84,2007-06-14,
1750,1019,0.62976,2003-05-30,
1750,110,0.106,2003-05-30,
1750,1022,0.93407,1997-05-01,
1750,1020,1.16758,2003-05-30,
1750,1021,2.3351699999999997,2003-05-30,
1750,1017,0.78719,2003-05-30,
1750,1018,1.57439,2003-05-30,
1750,1457,1.4,2004-02-23,
1751,1457,1.4,2004-07-14,
1752,341,1.0482,2008-04-30,
1752,383,1.3103,2008-04-30,
1752,415,2.6206,2008-04-30,
1753,341,1.18927,1999-06-08,
1753,383,1.4865899999999999,2003-04-28,
1754,341,1.01014,1999-06-08,
1754,383,1.26268,2003-05-30,
1754,415,2.52536,2003-05-30,
1755,1489,1.25,2004-07-21,
1755,502468,0.9,2012-08-14,
1757,1489,1.25,2006-12-11,
1758,1489,1.25,2006-12-11,
1759,1489,1.25,2006-12-11,
1760,341,0.541,2003-12-16,
1760,415,1.35249,2004-05-27,
1760,1455,1.0,2006-12-11,
1761,1489,1.25,2004-07-21,
1761,502468,0.9,2012-08-14,
1762,341,0.57058,1999-07-20,
1762,415,1.42645,2003-12-16,
1762,1455,1.0,2004-07-21,
1762,1496,0.75,2012-08-14,
1763,1489,1.25,2004-07-21,
1763,1580,0.9,2006-11-29,
1764,341,0.57058,1999-07-20,
1764,415,1.416,2006-08-30,
1764,1581,0.75,2006-11-29,
1764,1455,1.0,2006-11-29,
1765,1489,1.25,2004-07-21,
1765,502468,0.9,2012-08-14,
1766,341,0.57058,1999-07-20,
1766,415,1.416,2006-08-30,
1766,1455,1.0,2004-07-21,
1766,1496,0.75,2012-08-14,
1767,1489,1.25,2004-07-21,
1767,1580,0.9,2006-11-29,
1768,341,0.57058,1999-07-20,
1768,415,1.416,2006-08-30,
1768,1455,1.0,2004-07-21,
1768,1581,0.75,2006-11-29,
1769,1489,1.25,2004-07-21,
1769,502468,0.9,2012-08-14,
1770,341,0.57058,1999-07-20,
1770,415,1.416,2006-08-30,
1770,1455,1.0,2004-07-21,
1770,1496,0.75,2012-08-14,
1771,1489,1.25,2004-07-21,
1771,502468,0.9,2012-08-14,
1772,1122,0.5706,2008-05-01,
1772,1124,1.4265,2008-05-01,
1772,1455,1.0,2004-07-21,
1772,1496,0.75,2012-08-14,
1773,47,1.17,1997-05-01,
1773,1489,1.25,2004-07-21,
1773,502468,0.9,2012-08-14,
1774,45,0.89,2003-12-17,
1774,1122,0.5664,2006-08-30,
1774,1124,1.416,2006-08-30,
1774,1455,1.0,2004-07-21,
1774,1496,0.75,2012-08-14,
1775,45,0.87,1999-07-21,
1775,1122,0.5664,2006-08-30,
1775,1124,1.416,2006-08-30,
1775,1455,1.0,2004-07-21,
1775,1496,0.75,2012-08-14,
1776,45,0.89,1999-07-21,
1776,1122,0.5664,2006-08-30,
1776,1124,1.416,2006-08-30,
1776,1455,1.0,2004-07-21,
1776,1581,0.75,2006-11-29,
1777,47,1.06,1997-05-01,
1777,1489,1.25,2004-07-21,
1777,1580,0.9,2006-11-29,
1778,45,0.8,1999-07-21,
1778,1122,0.5664,2006-08-30,
1778,1124,1.416,2006-08-30,
1778,1455,1.0,2004-07-21,
1778,1581,0.75,2006-11-29,
1779,45,0.79,1999-07-21,
1779,1122,0.5664,2006-08-30,
1779,1124,1.416,2006-08-30,
1779,1455,1.0,2004-07-22,
1779,1581,0.75,2006-11-29,
1780,45,0.81,1999-07-21,
1780,1122,0.5664,2006-08-30,
1780,1124,1.416,2006-08-30,
1780,1455,1.0,2004-07-21,
1780,1581,0.75,2006-11-29,
1781,47,1.12,1997-05-01,
1781,1489,1.25,2004-07-21,
1781,502468,0.9,2012-08-14,
1782,45,0.83,1999-07-21,
1782,1122,0.5664,2006-08-30,
1782,1124,1.416,2006-08-30,
1782,1455,1.0,2004-07-21,
1782,1496,0.75,2012-08-14,
1783,45,0.82,1999-07-21,
1783,1122,0.5664,2006-08-30,
1783,1124,1.416,2006-08-30,
1783,1455,1.0,2004-07-21,
1783,1496,0.75,2012-08-14,
1784,1122,0.5664,2006-08-30,
1784,1124,1.416,2006-08-30,
1784,1455,1.0,2004-07-21,
1784,1496,0.75,2012-08-14,
1785,47,0.98,1997-05-01,
1785,1489,1.25,2004-07-21,
1785,1580,0.9,2006-11-29,
1786,45,0.74,1999-07-21,
1786,1122,0.5664,2006-08-30,
1786,1124,1.416,2006-08-30,
1786,1455,1.0,2004-07-21,
1786,1581,0.75,2006-11-29,
1787,45,0.74,1999-07-21,
1787,1122,0.5664,2006-08-30,
1787,1124,1.416,2006-08-30,
1787,1455,1.0,2004-07-21,
1787,1581,0.75,2006-11-29,
1788,1122,0.5664,2006-08-30,
1788,1124,1.416,2006-08-30,
1788,1455,1.0,2004-07-21,
1788,1581,0.75,2006-11-29,
1789,47,0.98,1997-05-01,
1789,1489,1.25,2004-07-21,
1789,502468,0.9,2012-08-14,
1790,45,0.75,1999-07-21,
1790,1122,0.5664,2006-08-30,
1790,1124,1.416,2006-08-30,
1790,1455,1.0,2004-07-21,
1790,1496,0.75,2012-08-14,
1791,45,0.74,1999-07-21,
1791,1122,0.5664,2006-08-30,
1791,1124,1.416,2006-08-30,
1791,1455,1.0,2004-07-21,
1791,1496,0.75,2012-08-14,
1792,1122,0.5664,2006-08-30,
1792,1124,1.416,2006-08-30,
1792,1455,1.0,2004-07-21,
1792,1496,0.75,2012-08-14,
1793,47,0.86,1997-05-01,
1793,1489,1.25,2004-07-21,
1793,1580,0.9,2006-11-29,
1794,45,0.67,1999-07-21,
1794,1122,0.5664,2006-08-30,
1794,1124,1.416,2006-08-30,
1794,1455,1.0,2004-07-21,
1794,1581,0.75,2006-11-29,
1795,45,0.67,1999-07-21,
1795,1122,0.5664,2006-08-30,
1795,1124,1.416,2006-08-30,
1795,1455,1.0,2004-07-21,
1795,1581,0.75,2006-11-29,
1796,1122,0.5664,2006-08-30,
1796,1124,1.416,2006-08-30,
1796,1455,1.0,2004-07-21,
1796,1496,0.75,2012-08-14,
1797,47,1.07,1997-05-01,
1797,1489,1.25,2004-07-21,
1797,502468,0.9,2012-08-14,
1798,45,1.8,2014-04-28,
1798,1122,0.5664,2006-08-30,
1798,1124,1.416,2006-08-30,
1798,1455,1.0,2004-07-21,
1798,1496,0.75,2012-08-14,
1799,45,1.95,2014-04-28,
1799,1122,0.5664,2006-08-30,
1799,1124,1.416,2006-08-30,
1799,1455,1.0,2004-07-21,
1799,1496,0.75,2012-08-14,
1800,1122,0.5664,2006-08-30,
1800,1124,1.416,2006-08-30,
1800,1455,1.0,2004-07-21,
1800,1496,0.75,2012-08-14,
1801,47,0.94,1997-05-01,
1801,1489,1.25,2004-07-21,
1801,1580,0.9,2006-11-29,
1802,45,1.8,2014-04-28,
1802,1122,0.5664,2006-08-30,
1802,1124,1.416,2006-08-30,
1802,1455,1.0,2004-07-21,
1802,1581,0.75,2006-11-29,
1803,45,1.95,2014-04-28,
1803,1122,0.5664,2006-08-30,
1803,1124,1.416,2006-08-30,
1803,1455,1.0,2004-07-21,
1803,1581,0.75,2006-11-29,
1804,1122,0.5664,2006-08-30,
1804,1124,1.416,2006-08-30,
1804,1455,1.0,2004-07-21,
1804,1581,0.75,2006-11-29,
1808,1122,0.5664,2006-08-30,
1808,1124,1.416,2006-08-30,
1808,1455,1.0,2004-07-21,
1808,1581,0.75,2006-11-29,
1812,1124,1.416,2006-08-30,
1812,1122,0.5664,2006-08-30,
1812,1455,1.0,2004-07-21,
1812,1581,0.75,2006-11-29,
1813,1489,1.25,2004-07-21,
1813,502468,0.9,2012-08-14,
1814,1122,0.57058,1999-07-22,
1814,1124,1.4264599999999998,2003-12-17,
1814,1455,1.0,2004-07-21,
1814,1496,0.75,2012-08-14,
1815,1489,1.25,2004-07-21,
1815,502468,0.9,2012-08-14,
1816,1122,0.57058,1999-07-22,
1816,1124,1.4264599999999998,2003-12-17,
1816,1455,1.0,2004-07-21,
1816,1496,0.75,2012-08-14,
1817,1489,1.25,2004-07-21,
1817,502468,0.9,2012-08-14,
1818,1124,1.4264599999999998,2003-12-18,
1818,1122,0.57058,1999-07-22,
1818,1455,1.0,2004-07-21,
1818,1496,0.75,2012-08-14,
1819,1122,0.57058,1999-07-22,
1819,1124,1.4264599999999998,2003-12-18,
1819,1455,1.0,2004-07-21,
1819,1496,0.75,2012-08-14,
1820,1489,1.25,2004-07-21,
1820,502468,0.9,2012-08-14,
1821,1122,0.5664,2006-08-30,
1821,1124,1.416,2006-08-30,
1821,1455,1.0,2004-07-21,
1821,1496,0.75,2012-08-14,
1822,1122,0.5664,2006-08-30,
1822,1124,1.416,2006-08-30,
1822,1455,1.0,2004-07-21,
1822,1496,0.75,2012-08-14,
1823,1489,1.25,2004-07-21,
1823,502468,0.9,2012-08-14,
1824,1122,0.5664,2006-08-30,
1824,1124,1.416,2006-08-30,
1824,1455,1.0,2004-07-21,
1824,1496,0.75,2012-08-14,
1825,1124,1.416,2006-08-30,
1825,1122,0.5664,2006-08-30,
1825,1455,1.0,2004-07-21,
1825,1496,0.75,2012-08-14,
1826,1124,1.416,2006-08-30,
1826,1122,0.5664,2006-08-30,
1826,1455,1.0,2004-07-21,
1826,1496,0.75,2012-08-14,
1827,1489,1.25,2004-07-21,
1827,502468,0.9,2012-08-14,
1828,1124,1.416,2006-08-30,
1828,1122,0.5664,2006-08-30,
1828,1455,1.0,2004-07-21,
1828,1496,0.75,2012-08-14,
1829,1122,0.5664,2006-08-30,
1829,1124,1.416,2006-08-30,
1829,1455,1.0,2004-07-21,
1829,1496,0.75,2012-08-14,
1830,1122,0.5664,2006-08-30,
1830,1124,1.416,2006-08-30,
1830,1455,1.0,2005-02-10,
1830,1496,0.75,2012-08-14,
1832,1489,1.25,2004-07-21,
1832,1580,0.9,2006-11-29,
1833,1122,0.59172,2006-08-30,
1833,1124,1.47929,2006-08-30,
1833,1455,1.0,2004-07-21,
1833,1581,0.75,2006-11-29,
1834,1489,1.25,2004-07-21,
1834,502468,0.9,2012-08-14,
1835,1122,0.52832,2004-02-10,
1835,1124,1.3207900000000001,2004-02-10,
1835,1455,1.0,2004-07-21,
1835,1496,0.75,2012-08-14,
1836,88,1.13,1997-05-01,
1836,1489,1.25,2004-07-21,
1836,502468,0.9,2012-08-14,
1837,88,1.11,1999-07-22,
1837,1122,0.5664,2006-08-30,
1837,1124,1.416,2006-08-30,
1837,1455,1.0,2004-07-21,
1837,1496,0.75,2012-08-14,
1838,318,0.95,1997-05-01,
1838,1122,0.32966999999999996,2004-02-10,
1838,1124,0.8241700000000001,2004-02-10,
1838,1489,1.25,2004-07-22,
1838,502468,0.9,2012-08-14,
1839,134,2.26,1997-05-01,
1839,1489,1.25,2004-07-22,
1839,1580,0.9,2006-11-29,
1840,134,1.29,1997-05-01,
1840,1122,0.61285,1997-05-01,
1840,1124,1.53212,2003-12-18,
1840,1489,1.25,2004-07-22,
1840,1581,0.75,2006-11-29,
1840,1455,1.0,2011-02-23,
1841,1583,0.54,2008-04-04,
1841,502468,0.9,2012-08-14,
1842,1122,0.59172,2006-08-30,
1842,1124,1.47929,2006-08-30,
1842,1455,1.0,2004-07-22,
1842,1581,0.75,2006-11-29,
1843,1573,0.1,2008-04-04,
1844,1489,1.25,2004-07-22,
1844,1580,0.9,2006-11-29,
1845,1122,0.5326,2008-06-10,
1845,1124,1.3314,2008-06-10,
1845,1455,1.0,2004-07-22,
1845,1581,0.75,2006-11-29,
1846,1489,1.25,2004-07-22,
1846,1580,0.9,2006-11-29,
1847,1122,0.5917,2008-06-10,
1847,1124,1.4794,2008-06-10,
1847,1455,1.0,2004-07-22,
1847,1581,0.75,2006-11-29,
1848,1489,1.25,2004-07-22,
1848,502468,0.9,2012-08-14,
1849,1489,1.25,2004-07-22,
1849,502468,0.9,2012-08-14,
1850,1122,0.5664,2006-08-30,
1850,1124,1.416,2006-08-30,
1850,1455,1.0,2004-07-22,
1850,1496,0.75,2012-08-14,
1851,1489,1.25,2004-07-22,
1851,1580,0.9,2006-11-29,
1852,1122,0.5664,2006-08-30,
1852,1124,1.416,2006-08-30,
1852,1455,1.0,2004-07-22,
1852,1581,0.75,2006-11-29,
1853,1489,1.25,2004-07-22,
1853,502468,0.9,2012-08-14,
1854,1489,1.25,2004-07-22,
1854,502468,0.9,2012-08-14,
1855,1122,0.5664,2006-08-30,
1855,1124,1.4479300000000002,2003-12-18,
1855,1455,1.0,2004-07-22,
1855,1496,0.75,2012-08-14,
1857,256,0.07955,1997-05-01,
1857,267,0.11029,1997-05-01,
1857,1467,0.15,2004-07-22,
1860,1122,0.32966999999999996,2004-02-10,
1860,1124,0.8241700000000001,2004-02-10,
1860,1461,0.55,2004-07-22,
1860,1581,0.75,2006-11-29,
1861,1122,0.59172,2006-08-30,
1861,1124,1.47929,2006-08-30,
1861,1461,0.55,2004-07-22,
1861,403,0.56,2007-06-15,
1861,1496,0.75,2012-08-14,
1862,1122,0.59172,2006-08-30,
1862,1124,1.47928,2006-08-30,
1862,1461,0.55,2004-07-22,
1862,403,0.56,2007-06-25,
1862,1496,0.75,2012-08-14,
1865,1122,0.59172,2006-08-30,
1865,1124,1.47929,2006-08-30,
1865,1461,0.55,2004-07-22,
1865,1496,0.75,2012-08-14,
1868,183,0.652,1997-05-01,
1868,1579,0.6,2004-07-22,
1869,1579,0.6,2004-07-22,
1870,1122,0.5664,2006-08-30,
1870,1124,1.416,2006-08-30,
1870,1461,0.55,2004-07-22,
1870,1581,0.75,2006-11-29,
1871,1122,0.5664,2006-08-30,
1871,1124,1.416,2006-08-30,
1871,1461,0.55,2004-07-22,
1871,1496,0.75,2012-08-14,
1873,1122,0.59172,2006-08-30,
1873,1124,1.47929,2006-08-30,
1873,1461,0.55,2004-07-22,
1873,1496,0.75,2012-08-14,
1874,1489,1.25,2006-12-11,
1875,1122,0.5664,2006-08-30,
1875,1124,1.416,2006-08-30,
1875,1455,1.0,2006-12-11,
1876,1122,0.5664,2006-08-30,
1876,1124,1.416,2006-08-30,
1876,1455,1.0,2006-12-11,
1877,348,0.59172,2006-08-30,
1877,1124,1.47929,2006-08-30,
1877,1461,0.55,2004-07-22,
1878,348,0.59172,2006-08-30,
1878,1124,1.47929,2006-08-30,
1878,1461,0.55,2004-07-22,
1878,1496,0.75,2012-08-14,
1879,318,0.71,1997-05-01,
1879,1122,0.32966999999999996,2004-02-10,
1879,1124,0.8241700000000001,2004-02-10,
1879,1455,1.0,2004-07-22,
1879,1496,0.75,2012-08-14,
1880,1489,1.25,2004-07-22,
1880,502468,0.9,2012-08-14,
1881,1122,0.5664,2006-08-30,
1881,1124,1.416,2006-08-30,
1881,1455,1.0,2004-07-22,
1881,1496,0.75,2012-08-14,
1882,45,0.69,1999-07-22,
1882,1122,0.5664,2006-08-30,
1882,1124,1.416,2006-08-30,
1882,1455,1.0,2004-07-22,
1882,1581,0.75,2006-11-29,
1883,45,0.64,1999-07-22,
1883,1122,0.5664,2006-08-30,
1883,1124,1.416,2006-08-30,
1883,1455,1.0,2004-07-22,
1883,1496,0.75,2012-08-14,
1884,45,0.78,1999-07-22,
1884,1122,0.5664,2006-08-30,
1884,1124,1.416,2006-08-30,
1884,1455,1.0,2004-07-22,
1884,1496,0.75,2012-08-14,
1885,45,0.73,1999-07-22,
1885,1122,0.5664,2006-08-30,
1885,1124,1.416,2006-08-30,
1885,1455,1.0,2004-07-22,
1885,1496,0.75,2012-08-14,
1887,266,0.35430999999999996,1997-05-01,
1887,1122,0.5664,2006-08-30,
1887,1124,1.416,2008-06-11,
1887,1461,0.55,2004-07-22,
1887,1496,0.75,2012-08-14,
1888,348,0.5664,2006-08-30,
1888,1124,1.416,2006-08-30,
1888,1461,0.55,2004-07-22,
1888,1496,0.75,2012-08-14,
1893,1489,1.25,2004-07-22,
1893,502468,0.9,2012-08-14,
1894,1122,0.5664,2006-08-30,
1894,1124,1.416,2006-08-30,
1894,1455,1.0,2004-07-22,
1894,1496,0.75,2012-08-14,
1895,46,1.01,1997-05-01,
1895,1489,1.25,2004-07-22,
1895,502468,0.9,2012-08-14,
1896,45,0.81,1999-07-22,
1896,1122,0.5664,2006-08-30,
1896,1124,1.416,2006-08-30,
1896,1455,1.0,2004-07-22,
1896,1496,0.75,2012-08-14,
1897,45,0.8,2003-12-23,
1897,1122,0.5664,2006-08-30,
1897,1124,1.416,2006-08-30,
1897,1455,1.0,2004-07-22,
1897,1496,0.75,2012-08-14,
1898,45,0.75,1999-08-26,
1898,1122,0.5664,2006-08-30,
1898,1124,1.416,2006-08-30,
1898,1455,1.0,2004-07-22,
1898,1496,0.75,2012-08-14,
1899,348,0.5664,2006-08-30,
1899,1124,1.416,2006-08-30,
1899,1455,1.0,2004-07-22,
1899,1496,0.75,2012-08-14,
1900,46,0.88,1997-05-01,
1900,1489,1.25,2004-07-22,
1900,1580,0.9,2006-11-29,
1901,45,0.72,1999-08-31,
1901,1122,0.5664,2006-08-30,
1901,1124,1.416,2006-08-30,
1901,1455,1.0,2004-07-22,
1901,1496,0.75,2012-08-14,
1902,45,0.71,1999-09-01,
1902,1122,0.5664,2006-08-30,
1902,1124,1.416,2006-08-30,
1902,1455,1.0,2004-07-22,
1902,1496,0.75,2012-08-14,
1903,45,0.66,1999-09-01,
1903,1122,0.5664,2006-08-30,
1903,1124,1.416,2006-08-30,
1903,1455,1.0,2004-07-22,
1903,1496,0.75,2012-08-14,
1904,1122,0.5664,2006-08-30,
1904,1124,1.416,2006-08-30,
1904,1455,1.0,2004-07-22,
1904,1496,0.75,2012-08-14,
1905,1489,1.25,2004-07-22,
1905,502468,0.9,2012-08-14,
1906,1122,0.5664,2006-08-30,
1906,1124,1.416,2006-08-30,
1906,1455,1.0,2004-07-22,
1906,1496,0.75,2012-08-14,
1907,1122,0.5664,2006-08-30,
1907,1124,1.416,2006-08-30,
1907,1455,1.0,2004-07-22,
1907,1496,0.75,2012-08-14,
1907,502562,1.38,2014-04-28,
1908,1489,1.25,2004-07-22,
1908,502468,0.9,2012-08-14,
1909,1122,0.5664,2006-08-30,
1909,1124,1.416,2006-08-30,
1909,1455,1.0,2004-07-22,
1909,1496,0.75,2012-08-14,
1910,1122,0.5664,2006-08-30,
1910,1124,1.416,2006-08-30,
1910,1455,1.0,2004-07-22,
1910,1496,0.75,2012-08-14,
1910,502562,1.38,2014-04-28,
1911,45,2.1,2014-04-28,
1911,1489,1.25,2004-07-22,
1911,1580,0.9,2006-11-29,
1912,45,0.82,1999-09-01,
1912,1122,0.5664,2006-08-30,
1912,1124,1.416,2006-08-30,
1912,1455,1.0,2004-07-22,
1912,1581,0.75,2006-11-29,
1913,45,1.59,2014-04-28,
1913,1122,0.5664,2006-08-30,
1913,1124,1.416,2006-08-30,
1913,1455,1.0,2004-07-22,
1913,1581,0.75,2006-11-29,
1914,348,0.5664,2006-08-30,
1914,1124,1.416,2006-08-30,
1914,1455,1.0,2004-07-22,
1914,1581,0.75,2006-11-29,
1915,46,1.1,1997-05-01,
1915,1489,1.25,2004-07-22,
1915,1580,0.9,2006-11-29,
1916,45,1.61,2014-04-29,
1916,1122,0.5664,2006-08-30,
1916,1124,1.416,2006-08-30,
1916,1455,1.0,2004-07-22,
1916,1581,0.75,2006-11-29,
1917,45,1.59,2014-04-29,
1917,1122,0.5664,2006-08-30,
1917,1124,1.416,2006-08-30,
1917,1455,1.0,2004-07-22,
1917,1581,0.75,2006-11-29,
1918,1122,0.5664,2006-08-30,
1918,1124,1.416,2006-08-30,
1918,1455,1.0,2004-07-22,
1918,1581,0.75,2006-11-29,
1921,1489,1.25,2004-07-22,
1921,1580,0.9,2006-11-29,
1922,1489,1.25,2004-07-22,
1922,1580,0.9,2006-11-29,
1931,1489,1.25,2004-07-22,
1931,1580,0.9,2006-11-29,
1932,348,0.5664,2006-08-30,
1932,1124,1.416,2006-08-30,
1932,1455,1.0,2004-07-22,
1932,1581,0.75,2006-11-29,
1933,1489,1.25,2004-07-22,
1933,502468,0.9,2012-08-14,
1934,1122,0.5664,2006-08-21,
1934,1124,1.416,2006-08-21,
1934,1455,1.0,2004-07-22,
1934,1496,0.75,2012-08-14,
1935,138,2.33,1997-05-01,
1935,1489,1.25,2004-07-22,
1935,1580,0.9,2006-11-29,
1936,163,0.22667,1997-05-01,
1936,568,0.38,1997-05-01,
1936,1583,0.54,2004-10-19,
1937,267,0.22059,1997-05-01,
1937,256,0.15909,1997-05-01,
1937,1454,0.3,2004-07-22,
1938,1122,0.5664,2006-08-30,
1938,1124,1.416,2006-08-30,
1938,1461,0.55,2004-07-22,
1938,403,0.56,2007-06-15,
1938,1496,0.75,2012-08-14,
1939,1122,0.5664,2006-08-30,
1939,1124,1.416,2006-08-30,
1939,1461,0.55,2004-07-22,
1939,1496,0.75,2012-08-14,
1940,1122,0.5664,2006-08-30,
1940,1124,1.416,2006-08-30,
1940,1461,0.55,2006-11-30,
1940,1496,0.75,2012-08-14,
1941,348,0.5664,2006-08-30,
1941,1124,1.416,2006-08-30,
1941,1455,1.0,2004-07-22,
1941,403,0.56,2007-06-15,
1941,1496,0.75,2012-08-14,
1942,348,0.59172,2006-08-30,
1942,1124,1.47929,2006-08-30,
1942,1461,0.55,2004-07-22,
1942,403,0.56,2007-06-15,
1942,1496,0.75,2012-08-14,
1943,1489,1.25,2004-07-22,
1943,1580,0.9,2006-11-29,
1944,348,0.5664,2006-08-30,
1944,1124,1.416,2006-08-30,
1944,1455,1.0,2004-07-22,
1944,1581,0.75,2006-11-29,
1961,45,0.76,1999-09-01,
1961,1122,0.5664,2006-08-30,
1961,1124,1.416,2006-08-30,
1961,1455,1.0,2004-07-22,
1961,1581,0.75,2006-11-29,
1962,45,0.73,1999-09-01,
1962,1122,0.5664,2006-08-30,
1962,1124,1.416,2006-08-30,
1962,1455,1.0,2004-07-22,
1962,1581,0.75,2006-11-29,
1963,1489,1.25,2004-07-22,
1963,1580,0.9,2006-11-29,
1964,348,0.5664,2006-08-30,
1964,1124,1.416,2006-08-30,
1964,1455,1.0,2004-07-22,
1964,1581,0.75,2006-11-29,
1965,1489,1.25,2004-07-22,
1965,1580,0.9,2006-11-29,
1966,348,0.5664,2006-08-30,
1966,1124,1.416,2006-08-30,
1966,1455,1.0,2004-07-22,
1966,1581,0.75,2006-11-29,
1967,1489,1.25,2004-07-22,
1967,1580,0.9,2006-11-29,
1968,1122,0.5664,2006-08-30,
1968,1124,1.416,2006-08-30,
1968,1455,1.0,2004-07-22,
1968,1581,0.75,2006-11-29,
1969,1489,1.25,2004-07-22,
1969,1580,0.9,2006-11-29,
1970,348,0.5664,2006-08-30,
1970,1124,1.416,2006-08-30,
1970,1455,1.0,2004-07-22,
1970,1581,0.75,2006-11-29,
1971,1489,1.25,2004-07-22,
1971,502468,0.9,2012-08-14,
1972,348,0.5664,2006-08-30,
1972,1124,1.416,2006-08-30,
1972,1455,1.0,2004-07-22,
1972,1496,0.75,2012-08-14,
1973,1489,1.25,2004-07-22,
1973,502468,0.9,2012-08-14,
1974,348,0.5664,2006-08-30,
1974,1124,1.416,2006-08-30,
1974,1455,1.0,2004-07-22,
1974,1496,0.75,2012-08-14,
1977,348,0.5664,2006-08-30,
1977,1124,1.416,2006-08-30,
1977,1461,0.55,2004-07-22,
1977,1496,0.75,2012-08-14,
1978,1122,0.5664,2006-08-30,
1978,1124,1.416,2006-08-30,
1978,1461,0.55,2004-07-22,
1978,1496,0.75,2012-08-14,
1979,386,0.05083,1997-05-01,
1979,1467,0.15,2004-10-19,
1981,1583,0.54,2004-07-22,
1982,341,0.13948,1997-05-01,
1982,385,0.02092,2023-05-26,
1982,415,0.34869,2003-06-02,
1982,383,0.17434000000000002,2003-06-02,
1982,1471,0.65,2004-07-22,
1982,640,0.08369,2007-06-14,
1984,148,0.14,1997-05-01,
1984,341,0.11834,1997-05-01,
1984,383,0.14793,2003-06-02,
1984,415,0.29586,2003-06-02,
1984,1470,0.85,2004-02-25,
1985,341,0.5579,2003-06-02,
1985,383,0.69738,2003-06-02,
1985,415,1.39475,2003-06-02,
1985,1470,0.85,2004-02-25,
1986,139,0.25,1997-05-01,
1986,160,0.12,1997-05-01,
1986,1470,0.85,2004-07-22,
1987,160,0.12,1997-05-01,
1987,1470,0.85,2004-07-22,
1987,1669,0.48,2009-11-26,
1988,1470,0.85,2004-07-22,
1988,383,0.8875700000000001,2005-02-10,
1989,341,0.71006,2003-06-02,
1989,383,0.8875700000000001,2003-06-02,
1989,415,1.7751400000000002,2003-06-02,
1989,1470,0.85,2004-02-25,
1990,341,0.56636,2004-02-13,
1990,1140,0.035,2003-06-02,
1990,1141,0.12,2003-06-02,
1990,1144,0.24,2003-06-02,
1990,1143,0.2,2003-06-02,
1990,1142,0.16,2003-06-02,
1990,383,0.70795,2004-02-13,
1990,415,1.41589,2004-02-13,
1990,1473,0.96,2004-02-25,
1990,1470,0.85,2004-02-25,
1990,431,0.58,1997-05-01,
1991,431,0.6,1997-05-01,
1991,341,0.76078,1997-05-01,
1991,383,0.95097,2003-06-02,
1991,415,1.90194,2003-06-02,
1991,1472,0.9,2004-02-25,
1991,1470,0.85,2004-02-25,
1991,278,0.15,2004-02-25,
1992,341,1.03128,1997-05-01,
1992,383,1.2891,2003-06-02,
1992,415,2.57819,2003-06-02,
1993,431,0.58,1997-05-01,
1993,1472,0.87,2004-07-22,
1993,1470,0.85,2004-07-22,
1994,431,0.6,1997-05-01,
1994,341,0.76078,2003-06-02,
1994,415,1.90194,2003-06-02,
1994,383,0.95097,2003-06-02,
1994,1472,0.9,2004-02-25,
1994,278,0.15,2004-02-25,
1994,1470,0.85,2004-02-25,
1995,341,0.20287,1997-05-01,
1995,148,0.04,1997-05-01,
1995,383,0.25359000000000004,2003-06-02,
1995,415,0.50719,2003-06-02,
1995,1470,0.85,2004-02-25,
1996,341,0.24514,1997-05-01,
1996,383,0.30641999999999997,2003-06-02,
1996,415,0.61285,2003-06-02,
1996,1470,0.85,2004-02-25,
1997,363,0.39307000000000003,1997-05-01,
1997,11,1.24,1997-05-01,
1997,1145,0.52832,2003-06-02,
1997,1146,0.9826699999999999,2003-06-02,
1997,1470,0.85,2004-02-25,
1998,363,0.52409,1997-05-01,
1998,1145,0.65511,2003-06-02,
1998,1146,1.31023,2003-06-02,
1998,1470,0.85,2004-07-22,
1999,363,0.6382099999999999,1997-05-01,
1999,1145,0.7977599999999999,2003-06-02,
1999,1146,1.5955199999999998,2003-06-02,
1999,1470,0.85,2004-02-25,
2000,363,0.50719,1997-05-01,
2000,243,1.44,1997-05-01,
2000,1145,0.63398,2003-06-02,
2000,1146,1.26796,2003-06-02,
2000,1470,0.85,2004-02-25,
2001,341,0.77768,1997-05-01,
2001,383,0.97211,2003-06-02,
2001,415,1.94421,2003-06-02,
2001,1471,0.65,2004-02-25,
2002,383,0.6551,2004-07-22,
2002,1470,0.85,2004-07-22,
2003,341,0.6593399999999999,1997-05-01,
2003,383,0.82418,2003-06-02,
2003,415,1.64835,2003-06-02,
2003,1470,0.85,2004-02-25,
2004,341,0.71851,1997-05-01,
2004,383,0.8981399999999999,2003-06-02,
2004,415,1.7962799999999999,2003-06-02,
2004,1470,0.85,2004-02-25,
2005,341,1.04818,1997-05-01,
2005,383,1.31023,2003-06-02,
2005,415,2.64159,2003-06-02,
2006,341,0.67625,1997-05-01,
2006,383,0.84531,2003-06-02,
2006,415,1.69062,2003-06-02,
2006,1470,0.85,2004-02-25,
2007,341,0.71851,1997-05-01,
2007,383,0.89819,2003-06-02,
2007,415,1.7962799999999999,2003-06-02,
2007,1470,0.85,2004-02-25,
2008,341,0.43956,1997-05-01,
2008,383,0.54945,2003-06-02,
2008,415,1.0989,2003-06-02,
2008,1471,0.65,2004-02-25,
2009,341,0.52409,1997-05-01,
2009,383,0.65511,2003-06-02,
2009,415,1.31023,2003-06-02,
2009,1471,0.65,2004-02-25,
2010,341,0.52409,1997-05-01,
2010,383,0.65511,2003-06-02,
2010,415,1.31023,2003-06-02,
2010,1471,0.65,2004-02-25,
2011,341,0.43956,1997-05-01,
2011,383,0.54945,2003-06-02,
2011,415,1.0989,2003-06-02,
2011,1471,0.65,2004-02-25,
2012,341,0.7629699999999999,2014-09-12,
2012,383,0.9615900000000001,2014-09-12,
2012,415,1.9231800000000001,2014-09-12,
2012,1471,0.65,2004-02-25,
2013,383,0.875,2004-07-22,
2013,1470,0.85,2004-02-25,
2014,383,0.914,2008-06-17,
2014,1470,0.85,2004-02-25,
2014,341,0.7312000000000001,2008-06-17,
2014,415,1.8281,2008-06-17,
2015,341,1.0354999999999999,1997-05-01,
2015,383,1.2943799999999999,2003-06-02,
2015,415,2.5887599999999997,2003-06-02,
2016,341,1.01437,1997-05-01,
2016,383,1.26796,2003-06-02,
2016,415,2.53593,2003-06-02,
2017,341,0.9636499999999999,1997-05-01,
2017,383,1.20456,2003-06-02,
2017,415,2.40913,2003-06-02,
2018,341,0.52409,1997-05-01,
2018,383,0.65511,2003-06-02,
2018,415,1.31023,2003-06-02,
2018,1470,0.85,2004-02-25,
2019,341,0.57058,1997-05-01,
2019,383,0.7132299999999999,2003-06-02,
2019,415,1.4264599999999998,2003-06-02,
2019,1470,0.85,2004-02-25,
2020,341,1.03973,1997-05-01,
2020,383,1.29966,2003-06-02,
2020,415,2.59932,2003-06-02,
2021,363,0.16061,1997-05-01,
2021,148,0.32,1997-05-01,
2021,1145,0.20076,2003-06-02,
2021,1146,0.40152,2003-06-02,
2021,1471,0.65,2004-02-25,
2022,363,0.60862,1997-05-01,
2022,1145,0.76078,2003-06-02,
2022,1146,1.52156,2003-06-02,
2022,1470,0.85,2004-02-25,
2023,473,0.08,1997-05-01,
2023,341,0.46069000000000004,1997-05-01,
2023,383,0.57587,2003-06-02,
2023,415,1.15173,2003-06-02,
2023,1470,0.85,2004-02-25,
2024,341,0.7184999999999999,2008-06-17,
2024,383,0.8981999999999999,2008-06-17,
2024,415,1.7963999999999998,2008-06-17,
2024,1470,0.85,2004-02-25,
2025,383,0.975,2004-07-22,
2025,1470,0.85,2004-02-25,
2026,564,0.37,2004-05-31,
2026,341,0.77768,2001-03-26,
2026,383,0.97211,2003-06-02,
2026,415,1.94421,2003-06-02,
2026,1470,0.85,2004-02-25,
2027,383,0.875,2004-07-22,
2027,1470,0.85,2004-02-25,
2028,341,0.65511,2023-05-26,
2028,383,0.81889,2003-06-02,
2028,415,1.6377899999999999,2003-06-02,
2028,1474,0.84,2004-07-22,
2028,1470,0.85,2004-02-25,
2029,363,0.49872999999999995,1997-05-01,
2029,230,1.56,1997-05-01,
2029,1146,1.24683,2003-06-02,
2029,1145,0.62342,2003-06-02,
2029,1470,0.85,2004-02-25,
2030,363,0.52832,1997-05-01,
2030,230,1.66,1997-05-01,
2030,1145,0.6604000000000001,2003-06-02,
2030,1146,1.3207900000000001,2003-06-02,
2030,1470,0.85,2004-02-25,
2031,521,0.05,1997-05-01,
2031,341,0.3973,2003-06-02,
2031,383,0.49662,2003-06-02,
2031,415,0.99324,2003-06-02,
2031,1470,0.85,2004-02-26,
2032,1470,0.85,2004-02-25,
2033,630,0.45,1997-05-01,
2033,343,0.52409,1997-05-01,
2033,1031,0.65511,2003-06-02,
2033,1032,1.31023,2003-06-02,
2034,368,0.29586,1997-05-01,
2034,343,0.37616,2003-06-02,
2034,1152,5.67,2003-06-02,
2034,1153,8.39,2003-06-02,
2034,1154,11.34,2003-06-02,
2034,148,0.23,2003-06-02,
2034,969,0.36983,2003-06-02,
2034,977,0.73965,2003-06-02,
2034,1031,0.4702,2003-06-02,
2034,456,0.94041,2003-06-02,
2034,1032,0.9404,2004-02-26,
2034,1470,0.85,2004-02-26,
2035,148,0.22,1997-05-01,
2035,368,0.63398,1997-05-01,
2035,969,0.7924800000000001,2003-06-02,
2035,977,1.58495,2003-06-02,
2035,1470,0.85,2004-02-26,
2036,368,0.29586,1997-05-01,
2036,969,0.36982,2003-06-02,
2036,977,0.73965,2003-06-02,
2036,1470,0.85,2004-02-26,
2037,368,0.61285,1997-05-01,
2037,969,0.76606,2003-06-02,
2037,977,1.53212,2003-06-02,
2037,1470,0.85,2004-02-26,
2038,368,0.29586,1997-05-01,
2038,969,0.36982,2003-06-02,
2038,977,0.73965,2003-06-02,
2038,131,8.4,2003-06-02,
2038,148,0.14,2003-06-02,
2038,1470,0.85,2004-02-26,
2039,368,0.71851,2001-08-21,
2039,969,0.8981399999999999,2003-06-02,
2039,977,1.7962799999999999,2003-06-02,
2039,1470,0.85,2004-02-26,
2040,368,0.32122,1997-05-01,
2040,969,0.40152,2003-06-02,
2040,977,0.80304,2003-06-02,
2040,1470,0.85,2004-02-26,
2041,148,0.14,2001-08-21,
2041,368,0.50296,1997-05-01,
2041,969,0.6286999999999999,2003-06-02,
2041,977,1.2573999999999999,2003-06-02,
2041,1470,0.85,2004-02-26,
2042,368,0.75232,1997-05-01,
2042,969,0.94041,2003-06-02,
2042,977,1.8808,2003-06-02,
2042,1470,0.85,2004-02-26,
2043,1470,0.85,2004-02-26,
2044,371,1.03973,2001-08-21,
2044,971,1.29966,2003-06-02,
2044,979,2.59932,2003-06-02,
2045,230,4.08,2002-09-09,
2045,341,0.8706999999999999,2002-09-09,
2045,383,1.08833,2003-06-02,
2045,415,2.16667,2003-06-02,
2045,1470,0.85,2004-02-26,
2046,499,0.18,1997-05-01,
2046,363,0.52409,1997-05-01,
2046,1145,0.65511,2003-06-02,
2046,1146,1.31023,2003-06-02,
2046,1470,0.85,2004-02-26,
2047,363,0.5579,2001-08-21,
2047,1145,0.69738,2003-06-02,
2047,1146,1.39476,2003-06-02,
2047,1470,0.85,2004-02-26,
2048,363,0.76077,2001-08-21,
2048,1145,0.95097,2003-06-02,
2048,1146,1.90194,2003-06-02,
2048,1470,0.85,2004-02-26,
2049,341,0.6593399999999999,2001-08-21,
2049,383,0.82418,2003-06-02,
2049,415,1.64835,2003-06-02,
2049,1470,0.85,2004-02-26,
2050,363,0.65511,2003-06-03,
2050,1146,1.6377899999999999,2003-06-03,
2050,1145,0.81889,2003-06-03,
2050,1470,0.85,2004-02-26,
2051,148,0.08,2001-08-21,
2051,1032,0.5811999999999999,2004-07-22,
2051,1470,0.85,2004-02-26,
2052,148,0.48,1997-05-01,
2052,341,0.15216,2001-08-21,
2052,383,0.19018999999999997,2003-06-03,
2052,415,0.38039,2003-06-03,
2052,1470,0.85,2004-02-26,
2052,1471,0.65,2016-08-16,
2053,343,0.73964,2001-08-20,
2053,1031,0.92456,2003-06-03,
2053,1032,1.84911,2003-06-03,
2053,1470,0.85,2004-02-26,
2054,363,0.5579,2001-08-21,
2054,113,2.03,1997-05-01,
2054,1145,0.69738,2003-06-03,
2054,1470,0.85,2004-02-26,
2055,363,0.67625,1997-05-01,
2055,1145,0.84531,2003-06-03,
2055,1146,1.69062,2003-06-03,
2055,1470,0.85,2004-02-26,
2056,705,0.53,1997-10-14,
2056,341,0.38039,1997-05-01,
2056,383,0.47548999999999997,2003-06-03,
2056,415,0.95097,2003-06-03,
2056,1471,0.65,2004-02-25,
2057,343,0.1225,2009-06-04,
2057,1031,0.1532,2009-06-04,
2057,1032,0.3064,2009-06-04,
2057,1471,0.65,2004-02-26,
2058,363,0.38039,1997-05-01,
2058,230,0.6,1997-05-01,
2058,1145,0.47548999999999997,2003-06-03,
2058,1146,0.95097,2003-06-03,
2059,387,0.03041,2001-11-26,
2059,440,0.0102,2001-11-26,
2059,1031,0.255,2004-02-27,
2059,1481,0.04,2004-02-27,
2059,343,0.204,2004-05-28,
2060,283,0.14,1997-05-01,
2060,363,0.10566,1997-05-01,
2060,1146,0.26416,2003-06-03,
2060,1145,0.13208,2003-06-03,
2060,1471,0.65,2004-07-22,
2061,363,0.42265,2001-08-21,
2061,1145,0.5283,2003-06-03,
2061,1146,1.0566,2003-06-03,
2061,1470,0.85,2004-02-27,
2062,341,0.50719,2001-08-21,
2062,385,0.08108,1997-05-01,
2062,383,0.63398,2003-06-03,
2062,415,1.26796,2003-06-03,
2062,1482,1.1,2004-02-27,
2063,343,0.15216,2001-08-21,
2063,1031,0.19018999999999997,2003-06-03,
2063,1032,0.38039,2003-06-03,
2063,1470,0.85,2004-02-27,
2063,1471,0.65,2016-09-07,
2064,343,0.80304,2003-06-03,
2064,1031,1.0038,2003-06-03,
2064,1032,2.00761,2003-06-03,
2064,1470,0.85,2004-02-27,
2065,1470,0.85,2004-02-27,
2065,1031,0.8981399999999999,2005-02-10,
2066,343,0.71851,2003-05-16,
2066,1031,0.8981399999999999,2003-06-03,
2066,1032,1.7962799999999999,2003-06-03,
2066,1470,0.85,2004-02-27,
2067,1161,0.2,2003-06-03,
2067,341,0.06762,2003-06-03,
2067,385,0.01014,2006-10-19,
2067,383,0.08453,2003-06-03,
2067,415,0.16906,2003-06-03,
2067,1481,0.04,2004-02-27,
2068,341,0.6931499999999999,2001-08-21,
2068,383,0.8664400000000001,2003-06-03,
2068,415,1.7328800000000002,2003-06-03,
2068,1470,0.85,2004-02-27,
2068,502337,0.89,2007-09-28,
2068,502338,1.03,2007-09-28,
2068,502339,1.18,2007-09-28,
2069,341,1.08205,2014-05-05,
2069,383,1.35256,2014-05-05,
2069,415,2.70512,2014-05-05,
2070,341,0.6931499999999999,1997-05-01,
2070,383,0.8664400000000001,2003-06-03,
2070,415,1.7328800000000002,2003-06-03,
2071,341,0.69741,2014-05-06,
2071,383,0.87177,2014-05-06,
2071,415,1.74354,2014-05-06,
2071,1470,0.85,2004-02-27,
2071,502337,0.89,2007-09-28,
2071,502338,1.03,2007-09-28,
2071,502339,1.18,2007-09-28,
2072,341,0.95943,1997-05-01,
2072,383,1.19928,2003-06-03,
2072,415,2.39856,2003-06-03,
2073,341,0.23669,1997-05-01,
2073,383,0.29586,2003-06-03,
2073,415,0.59172,2003-06-03,
2073,1471,0.65,2004-02-27,
2074,341,0.61285,1997-05-01,
2074,383,0.76606,2003-06-03,
2074,415,1.53212,2003-06-03,
2074,1470,0.85,2004-02-27,
2075,341,0.69738,1997-05-01,
2075,383,0.81717,2003-06-03,
2075,415,1.74345,2003-06-03,
2075,1470,0.85,2004-02-27,
2076,341,0.67625,1997-05-01,
2076,383,0.84531,2003-06-03,
2076,415,1.69062,2003-06-03,
2076,1470,0.85,2004-02-27,
2077,341,0.71851,1997-05-01,
2077,383,0.8981399999999999,2003-06-03,
2077,415,1.7962799999999999,2003-06-03,
2077,1470,0.85,2004-02-27,
2078,341,0.3973,1997-05-01,
2078,529,0.12,1997-05-01,
2078,383,0.49662,2003-06-03,
2078,415,0.99324,2003-06-03,
2078,1470,0.85,2004-02-27,
2079,341,0.40152,1997-05-01,
2079,383,0.5019,2003-06-03,
2079,415,1.0038,2003-06-03,
2079,1470,0.85,2004-02-27,
2080,530,0.12,1997-05-01,
2080,371,0.38462,1997-05-01,
2080,979,0.96154,2003-06-03,
2080,971,0.48077,2003-06-03,
2080,1470,0.85,2004-03-05,
2081,530,0.14,1997-05-01,
2081,371,0.43956,1997-05-01,
2081,971,0.54945,2003-06-03,
2081,979,1.0989,2003-06-03,
2081,1470,0.85,2004-03-05,
2082,148,0.03,1997-05-01,
2082,343,0.15216,1997-05-01,
2082,1031,0.19018999999999997,2003-06-03,
2082,1032,0.38039,2003-06-03,
2082,1470,0.85,2004-02-27,
2083,343,0.22401,1997-05-01,
2083,1031,0.28001000000000004,2003-06-03,
2083,1032,0.5600200000000001,2003-06-03,
2083,1470,0.85,2004-02-27,
2084,560,0.01,1997-05-01,
2084,341,0.21133,1997-05-01,
2084,383,0.26416,2003-06-03,
2084,415,0.52832,2003-06-03,
2084,1471,0.65,2009-03-30,
2085,341,0.57058,1997-05-01,
2085,383,0.7132299999999999,2003-06-03,
2085,415,1.4264599999999998,2003-06-03,
2085,1470,0.85,2009-03-30,
2086,343,0.23246,1997-05-01,
2086,1031,0.29057,2003-06-03,
2086,1032,0.58115,2003-06-03,
2086,1471,0.65,2004-02-27,
2087,343,0.44378999999999996,1997-05-01,
2087,1031,0.55473,2003-06-03,
2087,1032,1.10947,2003-06-03,
2087,1470,0.85,2004-02-27,
2088,92,4.58,1997-05-01,
2088,1166,5.48,2003-06-03,
2088,347,0.34658,1997-05-01,
2088,1015,0.43322000000000005,2003-06-03,
2088,1016,0.8664400000000001,2003-06-03,
2088,1483,0.6931499999999999,2004-02-27,
2088,1470,0.85,2004-02-27,
2089,347,0.41843,2003-06-03,
2089,1016,1.04607,2003-06-03,
2089,1015,0.5230400000000001,2003-06-03,
2089,1483,0.83686,2004-02-27,
2089,1470,0.85,2004-02-27,
2090,343,0.21133,1997-05-01,
2090,131,5.13,1997-10-14,
2090,1031,0.26416,2003-06-03,
2090,1032,0.52832,2003-06-03,
2090,1471,0.65,2004-02-27,
2091,371,0.40575000000000006,1997-05-01,
2091,543,0.022000000000000002,1997-05-01,
2091,971,0.50719,2003-06-03,
2091,979,1.01437,2003-06-03,
2091,640,0.23399999999999999,2004-07-22,
2091,1481,0.04,2004-07-22,
2092,363,0.49028,1997-05-01,
2092,129,7.71,2003-06-03,
2092,1145,0.61285,2003-06-04,
2092,1146,1.2257,2003-06-04,
2092,1470,0.85,2004-02-27,
2093,347,0.61708,2003-06-04,
2093,1015,0.77134,2003-06-04,
2093,1016,1.5426900000000001,2003-06-04,
2093,1470,0.85,2004-02-27,
2094,363,0.40152,1997-05-01,
2094,130,1.78,1997-05-01,
2094,1145,0.5019,2003-06-04,
2094,1146,1.0038,2003-06-04,
2094,1470,0.85,2004-02-27,
2095,363,0.75232,1997-05-01,
2095,1145,0.94041,2003-06-04,
2095,1146,1.8808,2003-06-04,
2095,1470,0.85,2004-02-27,
2096,343,0.08875999999999999,1997-05-01,
2096,1031,0.11095000000000001,2003-06-04,
2096,1032,0.22189,2003-06-04,
2097,343,0.17751,1997-05-01,
2097,1031,0.22189,2003-06-04,
2097,1032,0.44378999999999996,2003-06-04,
2097,1470,0.85,2004-03-01,
2098,341,0.33812,1997-05-01,
2098,383,0.42265,2003-06-04,
2098,415,0.84531,2003-06-04,
2098,1470,0.85,2004-03-01,
2099,341,0.36771,1997-05-01,
2099,383,0.45964,2003-06-04,
2099,415,0.91927,2003-06-04,
2099,1470,0.85,2004-03-01,
2100,371,0.63398,1997-05-01,
2100,971,0.7924800000000001,2003-06-04,
2100,979,1.58495,2003-06-04,
2100,1470,0.85,2004-03-01,
2101,525,0.06,1997-05-01,
2101,371,0.41843,1997-05-01,
2101,971,0.5230400000000001,2003-06-04,
2101,979,1.04607,2003-06-04,
2101,1470,0.85,2004-03-01,
2102,341,0.10144,1997-05-01,
2102,383,0.12679,2003-06-04,
2102,415,0.25359000000000004,2023-05-26,
2102,1481,0.04,2010-07-06,
2102,640,0.060860000000000004,2009-12-18,
2103,341,0.11834,1997-05-01,
2103,383,0.14793,2003-06-04,
2103,415,0.29586,2003-06-04,
2103,1470,0.85,2004-07-22,
2104,341,0.36771,1997-05-01,
2104,383,0.45964,2003-06-04,
2104,415,0.91927,2003-06-04,
2104,1470,0.85,2004-03-01,
2105,343,0.54945,1997-05-01,
2105,1031,0.6868099999999999,2003-06-04,
2105,1032,1.37363,2003-06-04,
2105,1470,0.85,2004-03-01,
2106,1470,0.85,2004-03-01,
2106,383,0.6868099999999999,2005-02-10,
2107,343,0.54945,1997-05-01,
2107,1031,0.6868099999999999,2003-06-04,
2107,1032,1.37363,2003-06-04,
2107,1470,0.85,2004-03-01,
2108,341,0.22823000000000002,1997-05-01,
2108,196,0.063,2003-06-04,
2108,383,0.28529,2003-06-04,
2108,415,0.57058,2003-06-04,
2108,1481,0.04,2010-07-06,
2108,640,0.13694,2009-12-18,
2109,341,0.57058,2023-05-26,
2109,245,0.16,2004-02-10,
2109,415,1.4264599999999998,2003-06-04,
2109,1470,0.85,2004-03-01,
2109,383,0.7132299999999999,2003-06-04,
2110,371,0.69741,2014-05-06,
2110,971,0.87177,2014-05-06,
2110,979,1.74354,2014-05-06,
2110,1470,0.85,2004-03-01,
2111,1471,0.65,2016-08-16,
2111,415,0.31699,2005-02-11,
2112,343,0.76078,1997-05-01,
2112,1031,0.95097,2003-06-04,
2112,1032,1.90194,2003-06-04,
2112,1470,0.85,2004-03-01,
2113,341,0.32543999999999995,2003-06-04,
2113,383,0.40680999999999995,2003-06-04,
2113,415,0.81361,2003-06-04,
2113,1471,0.65,2004-03-01,
2114,1471,0.65,2004-03-01,
2114,383,1.31023,2005-02-10,
2115,1176,1.63,2003-06-04,
2115,1177,0.05,2003-06-04,
2115,510,0.075,2003-06-04,
2115,1178,0.15,2003-06-04,
2115,1175,0.23246,2023-05-26,
2115,1173,0.29059,2003-06-04,
2115,1174,0.58115,2003-06-04,
2115,1471,0.65,2004-03-01,
2116,148,0.1,1997-05-01,
2116,368,0.23669,1997-05-01,
2116,969,0.29586,2003-06-04,
2116,977,0.59172,2003-06-04,
2116,1471,0.65,2004-03-01,
2117,148,0.1,1997-05-01,
2117,368,0.23669,1997-05-01,
2117,969,0.29586,2003-06-04,
2117,977,0.59172,2003-06-04,
2117,1471,0.65,2004-03-01,
2118,338,0.81,1997-05-01,
2118,1179,1.15,1997-05-01,
2118,1486,0.575,2004-03-01,
2118,1470,0.85,2004-03-01,
2119,338,0.89,1997-05-01,
2119,341,0.50719,2003-06-04,
2119,383,0.63398,2003-06-04,
2119,415,1.26796,2003-06-04,
2119,1470,0.85,2004-03-01,
2123,171,0.12,1997-05-01,
2123,363,0.6593399999999999,1997-05-01,
2123,1145,0.82418,2003-06-04,
2123,1146,1.64835,2003-06-04,
2123,1470,0.85,2004-03-01,
2124,171,0.036000000000000004,1997-05-01,
2124,1488,0.36,2004-03-01,
2124,1481,0.04,2004-03-01,
2125,171,0.18,1997-05-01,
2125,363,0.61285,1997-05-01,
2125,1145,0.76606,2003-06-04,
2125,1146,1.53212,2003-06-04,
2125,1470,0.85,2004-03-01,
2126,343,0.23669,1997-05-01,
2126,1031,0.29586,2003-06-04,
2126,1032,0.59172,2003-06-04,
2126,1471,0.65,2016-08-17,
2127,343,0.59172,1997-05-01,
2127,1031,0.73965,2003-06-04,
2127,1032,1.4793,2003-06-04,
2127,1470,0.85,2004-03-01,
2128,343,0.61708,1997-05-01,
2128,1031,0.77134,2003-06-04,
2128,1032,1.5426900000000001,2003-06-04,
2128,1470,0.85,2004-03-01,
2129,343,0.63398,1997-05-01,
2129,1031,0.7924800000000001,2003-06-04,
2129,1032,1.58495,2003-06-04,
2129,1470,0.85,2004-03-01,
2130,343,0.63398,1997-05-01,
2130,1031,0.7924800000000001,2003-06-04,
2130,1032,1.58495,2017-01-06,
2130,1471,0.65,2004-03-01,
2131,343,0.76078,1997-05-01,
2131,1031,0.95097,2003-06-04,
2131,1032,1.90194,2003-06-04,
2131,1470,0.85,2004-03-01,
2132,343,0.23669,1997-05-01,
2132,1031,0.29586,2003-06-05,
2132,1032,0.59172,2003-06-05,
2132,1471,0.65,2004-03-01,
2133,343,0.76078,1997-05-01,
2133,1031,0.95097,2003-06-05,
2133,1032,1.90194,2003-06-05,
2133,1470,0.85,2004-03-01,
2134,532,0.11875,1997-05-01,
2134,341,0.42265,1997-05-01,
2134,383,0.5283,2003-06-05,
2134,415,1.0566,2003-06-05,
2134,1470,0.85,2004-03-01,
2135,371,0.67652,1997-05-01,
2135,532,0.10625,1997-05-01,
2135,971,0.84531,2003-06-05,
2135,979,1.69062,2003-06-05,
2135,1470,0.85,2004-03-01,
2136,1470,0.85,2004-03-01,
2136,383,0.84531,2005-02-10,
2137,529,0.106,1997-05-01,
2137,371,0.77768,1997-05-01,
2137,971,0.97211,2003-06-05,
2137,979,1.94421,2003-06-05,
2137,1470,0.85,2004-03-01,
2138,341,0.23669,1997-05-01,
2138,385,0.050679999999999996,1997-05-01,
2138,439,0.016890000000000002,2003-06-05,
2138,383,0.29586,2003-06-05,
2138,1484,0.005,2004-03-01,
2138,640,0.142,2009-12-18,
2139,514,0.63,1997-05-01,
2139,1122,0.94675,2023-05-26,
2139,1124,2.36686,2003-06-05,
2139,1123,1.18343,2003-06-05,
2140,1470,0.85,2004-03-01,
2140,383,1.10947,2005-02-10,
2141,1123,1.10947,2003-06-05,
2141,1124,2.21894,2003-06-05,
2141,1122,0.8875700000000001,1997-05-01,
2141,1470,0.85,2004-03-01,
2142,1470,0.85,2004-03-01,
2142,383,1.10947,2005-02-10,
2143,341,0.8875700000000001,2003-06-05,
2143,383,1.10947,2003-06-05,
2143,415,2.21894,2003-06-05,
2143,1470,0.85,2004-03-01,
2144,343,0.42265,1997-05-01,
2144,1186,0.15,2003-06-05,
2144,1032,1.0566,2003-06-05,
2144,1031,0.5283,2003-06-05,
2144,139,0.25,2003-06-05,
2144,1187,0.05,2003-06-05,
2144,387,0.06081,2003-06-05,
2144,1454,0.3,2004-10-22,
2145,1470,0.85,2004-03-01,
2145,383,0.5283,2005-02-10,
2146,341,0.67625,1997-05-01,
2146,383,0.84531,2003-06-05,
2146,415,1.69062,2003-06-05,
2146,1470,0.85,2004-03-01,
2147,341,0.60865,2014-05-06,
2147,383,0.7608199999999999,2014-05-06,
2147,415,1.52163,2014-05-06,
2147,1470,0.85,2004-03-01,
2148,341,0.67625,1997-05-01,
2148,383,0.84531,2003-06-05,
2148,415,1.69062,2003-06-05,
2148,1470,0.85,2004-03-01,
2149,341,1.04818,1997-05-01,
2149,383,1.31023,2003-06-05,
2149,415,2.6205000000000003,2003-06-05,
2150,341,0.95943,1997-05-01,
2150,383,1.19928,2003-06-05,
2150,415,2.39856,2003-06-05,
2151,341,0.60862,1997-05-01,
2151,383,0.76078,2003-06-05,
2151,415,1.52156,2003-06-05,
2151,1470,0.85,2004-03-01,
2152,341,0.50719,1997-05-01,
2152,383,0.63398,2003-06-05,
2152,415,1.26796,2003-06-05,
2152,1471,0.65,2004-03-01,
2153,1471,0.65,2004-03-01,
2153,383,0.8453499999999999,2014-09-12,
2153,341,0.67628,2014-09-12,
2153,415,1.6906999999999999,2014-09-12,
2154,341,1.0777700000000001,1997-05-01,
2154,383,1.34721,2003-06-05,
2154,415,2.69442,2003-06-05,
2155,341,0.59172,1997-05-01,
2155,383,0.73965,2003-06-05,
2155,415,1.4793,2003-06-05,
2155,1470,0.85,2004-03-01,
2156,341,0.67625,1997-05-01,
2156,383,0.84531,2003-06-05,
2156,415,1.69062,2003-06-05,
2156,1470,0.85,2004-03-01,
2157,341,0.50719,1997-05-01,
2157,383,0.63398,2003-06-05,
2157,415,1.26796,2003-06-05,
2158,341,0.58326,1997-05-01,
2158,383,0.7290800000000001,2003-06-05,
2158,415,1.4581600000000001,2003-06-05,
2158,1470,0.85,2004-03-01,
2159,341,0.76078,1997-05-01,
2159,383,0.95097,2003-06-05,
2159,415,1.90194,2003-06-05,
2159,1470,0.85,2004-03-01,
2160,185,0.73,1997-05-01,
2160,1122,0.57481,1997-05-01,
2160,1123,0.71851,2003-06-05,
2160,1124,1.43702,2003-06-05,
2160,1454,0.3,2004-03-01,
2161,354,0.59172,1997-05-01,
2161,1007,0.73965,2003-06-05,
2161,1010,1.4793,2003-06-05,
2162,601,0.04,1997-05-01,
2162,341,0.65089,1997-05-01,
2162,383,0.81361,2003-06-05,
2162,415,1.62722,2003-06-05,
2162,1470,0.85,2004-03-02,
2163,341,0.64666,1997-05-01,
2163,383,0.80833,2003-06-05,
2163,415,1.61665,2003-06-05,
2163,1470,0.85,2004-03-02,
2164,341,1.01437,1997-05-01,
2164,383,1.26796,2003-06-05,
2164,415,2.53593,2003-06-05,
2164,1470,0.85,2004-03-02,
2165,341,0.67625,1997-05-01,
2165,383,0.84531,2003-06-05,
2165,415,1.69062,2003-06-05,
2165,1470,0.85,2004-03-02,
2166,341,0.69738,1997-05-01,
2166,383,0.8717199999999999,2003-06-05,
2166,415,1.74345,2003-06-05,
2166,1470,0.85,2004-03-02,
2167,196,0.34,1997-05-01,
2167,1482,1.1,2004-03-02,
2167,402,0.68,2012-09-07,
2168,383,0.82418,2003-06-05,
2168,415,1.64835,2003-06-05,
2168,341,0.6593399999999999,2023-05-26,
2168,1497,0.7,2012-01-19,
2168,1470,0.85,2012-08-20,
2169,341,0.8875700000000001,1997-05-01,
2169,383,1.10947,2003-06-05,
2169,415,2.21894,2003-06-05,
2169,1457,1.4,2004-03-02,
2170,341,1.0354999999999999,1997-05-01,
2170,383,1.2943799999999999,2003-06-05,
2170,415,2.5887599999999997,2003-06-05,
2170,1457,1.4,2004-03-02,
2171,341,1.0354999999999999,1997-05-01,
2171,383,1.2943799999999999,2003-06-05,
2171,415,2.5887599999999997,2003-06-05,
2171,1457,1.4,2004-03-02,
2172,379,1.26796,1997-05-01,
2172,571,0.24,1997-05-01,
2172,1011,1.58495,2003-06-05,
2172,1012,3.16991,2003-06-05,
2172,1498,1.6,2004-03-02,
2172,216,0.35,2004-05-31,
2172,1585,1.4,2016-11-21,
2173,341,0.84531,1997-05-01,
2173,383,1.05664,2003-06-05,
2173,415,2.11327,2003-06-05,
2174,341,0.8875700000000001,1997-05-01,
2174,383,1.10947,2003-06-05,
2174,415,2.21894,2003-06-05,
2174,1457,1.4,2004-03-02,
2175,341,0.84531,1997-05-01,
2175,383,1.05664,2003-06-05,
2175,415,2.11327,2003-06-05,
2176,341,0.8875700000000001,1997-05-01,
2176,383,1.10947,2003-06-05,
2176,415,2.21894,2003-06-05,
2176,1457,1.4,2004-03-02,
2178,1457,1.4,2004-03-02,
2178,383,1.37,2004-07-23,
2178,341,1.03128,2004-05-31,
2178,415,2.57819,2004-05-31,
2179,1457,1.4,2009-04-16,
2179,383,0.68011,2005-02-10,
2180,1457,1.4,2009-04-16,
2180,383,0.82418,2005-02-10,
2181,1482,1.1,2004-03-02,
2181,383,0.68011,2005-02-10,
2182,1482,1.1,2004-03-02,
2182,383,1.2918,2004-07-23,
2182,341,0.61285,2004-05-31,
2182,415,1.53212,2004-05-31,
2183,341,0.76923,1997-05-01,
2183,383,0.96154,2003-06-05,
2183,415,1.92308,2003-06-05,
2183,1482,1.1,2004-03-02,
2184,1482,1.1,2004-03-02,
2184,383,0.96154,2005-02-10,
2185,341,0.24091,1997-05-01,
2185,339,0.5,1997-05-01,
2185,1499,1.0,2004-03-02,
2185,1497,0.7,2004-03-02,
2185,415,0.60228,2004-05-31,
2185,867,0.85,2009-12-18,
2186,339,0.65,1997-05-01,
2186,1499,1.3,2004-03-02,
2186,1470,0.85,2004-03-02,
2186,867,0.85,2009-12-18,
2187,341,1.05664,1997-05-01,
2187,383,1.3207900000000001,2003-06-05,
2187,415,2.64159,2003-06-05,
2187,1457,1.4,2005-02-10,
2188,498,0.02,1997-05-01,
2188,341,0.13948,1997-05-01,
2188,383,0.17434000000000002,2003-06-05,
2188,415,0.34869,2003-06-05,
2188,1471,0.65,2016-08-17,
2189,341,0.56636,1997-05-01,
2189,383,0.70795,2003-06-05,
2189,415,1.41589,2003-06-05,
2189,1470,0.85,2004-03-02,
2190,341,0.16484000000000001,1997-05-01,
2190,383,0.20604,2003-06-05,
2190,415,0.41209,2003-06-05,
2190,1471,0.65,2004-03-02,
2191,341,0.30008,1997-05-01,
2191,383,0.37511000000000005,2003-06-05,
2191,415,0.75021,2003-06-05,
2191,1470,0.85,2004-03-02,
2192,341,1.0354999999999999,1997-05-01,
2192,383,1.2943799999999999,2003-06-05,
2192,415,2.5887599999999997,2003-06-05,
2193,341,1.14117,1997-05-01,
2193,383,1.4264599999999998,2003-06-05,
2193,415,2.8529,2003-06-05,
2193,641,0.85587,2004-03-02,
2194,528,0.03,1997-05-01,
2194,341,0.18173999999999998,1997-05-01,
2194,383,0.22718,2003-06-05,
2194,415,0.45435000000000003,2003-06-05,
2194,1470,0.85,2004-03-02,
2195,341,0.48605,1997-05-01,
2195,1191,4.31,2003-06-05,
2195,383,0.6075699999999999,2003-06-05,
2195,415,1.21513,2003-06-05,
2195,1470,0.85,2004-03-02,
2196,223,3.38,1997-05-01,
2196,1470,0.85,2016-08-17,
2196,971,0.61288,2014-02-03,
2196,371,0.4903,2014-02-03,
2196,979,1.22576,2014-02-03,
2197,371,0.6213000000000001,1997-05-01,
2197,971,0.7766299999999999,2003-06-05,
2197,979,1.5532499999999998,2003-06-05,
2197,1470,0.85,2009-04-16,
2198,341,0.49028,1997-05-01,
2198,383,0.61285,2003-06-05,
2198,415,1.22569,2003-06-05,
2198,1484,0.005,2016-08-17,
2199,371,0.56213,1997-05-01,
2199,971,0.7026600000000001,2003-06-05,
2199,979,1.40533,2003-06-05,
2199,1470,0.85,2009-04-16,
2200,371,0.57058,1997-05-01,
2200,971,0.7132299999999999,2003-06-05,
2200,979,1.4264599999999998,2003-06-05,
2200,1470,0.85,2009-04-16,
2201,349,0.60017,2003-06-05,
2201,1194,0.9974599999999999,1997-05-01,
2201,1195,1.24683,2003-06-05,
2201,1196,2.49366,2003-06-05,
2201,1120,1.50042,2003-06-05,
2201,1119,0.75021,2003-06-05,
2202,341,0.33812,1997-05-01,
2202,385,0.050679999999999996,2003-06-05,
2202,415,0.8445900000000001,2003-06-05,
2202,383,0.42296999999999996,2003-06-05,
2202,1467,0.15,2004-03-03,
2203,341,0.33812,1997-05-01,
2203,385,0.050679999999999996,2003-06-05,
2203,383,0.42229999999999995,2003-06-05,
2203,415,0.8445900000000001,2003-06-05,
2203,1467,0.15,2004-03-03,
2204,341,0.33812,1997-05-01,
2204,385,0.050679999999999996,2003-06-05,
2204,383,0.42229999999999995,2003-06-05,
2204,415,0.8445900000000001,2003-06-05,
2204,1467,0.15,2004-03-03,
2205,341,0.33812,1997-05-01,
2205,1197,0.26,2003-06-05,
2205,385,0.33784,2003-06-05,
2205,415,0.8445900000000001,2003-06-05,
2205,383,0.42229999999999995,2003-06-05,
2205,1467,0.15,2004-03-03,
2206,498,0.03,1997-05-01,
2206,341,0.08453,1997-05-01,
2206,383,0.10566,2003-06-05,
2206,415,0.21133,2003-06-05,
2206,1471,0.65,2009-04-16,
2207,341,0.43956,1997-05-01,
2207,383,0.54945,2003-06-05,
2207,415,1.0989,2003-06-05,
2207,1470,0.85,2004-03-03,
2208,341,1.08199,1997-05-01,
2208,383,1.35249,2003-06-05,
2208,415,2.7005,2003-06-05,
2208,1470,0.85,2004-03-03,
2209,341,0.76078,1997-05-01,
2209,383,0.95097,2003-06-05,
2209,415,1.90194,2003-06-05,
2209,1470,0.85,2004-03-03,
2210,606,0.1,1997-05-01,
2210,341,0.29586,1997-05-01,
2210,383,0.36982,2003-06-05,
2210,415,0.73964,2003-06-05,
2210,1471,0.65,2004-03-03,
2211,341,0.3973,1997-05-01,
2211,383,0.49662,2003-06-06,
2211,415,0.99324,2003-06-06,
2211,1471,0.65,2004-03-03,
2212,1471,0.65,2004-03-03,
2212,383,0.65511,2005-02-10,
2213,341,0.1268,2003-06-06,
2213,148,0.1,2003-06-06,
2213,703,3.4,2003-06-06,
2213,383,0.1555,2003-06-06,
2213,415,0.31699,2003-06-06,
2213,1471,0.65,2004-03-03,
2214,341,0.76078,1997-05-01,
2214,383,0.95097,2003-06-06,
2214,415,1.90194,2003-06-06,
2214,1470,0.85,2004-03-03,
2215,341,0.98901,1997-05-01,
2215,383,1.2362600000000001,2003-06-06,
2215,415,2.47253,2003-06-06,
2216,341,0.6593399999999999,2023-05-26,
2216,415,1.64835,2003-06-06,
2216,383,0.82418,2003-06-06,
2216,1470,0.85,2004-03-03,
2217,341,0.80304,1997-05-01,
2217,415,2.00761,2003-06-06,
2217,383,1.0038,2003-06-06,
2217,1470,0.85,2004-03-03,
2218,371,0.54945,1997-05-01,
2218,979,1.37363,2003-06-06,
2218,971,0.6868099999999999,2003-06-06,
2218,1470,0.85,2004-03-03,
2219,357,1.01437,1997-05-01,
2219,371,0.76078,2003-06-06,
2219,971,0.95097,2003-06-06,
2219,979,1.90194,2003-06-06,
2219,1060,2.53593,2004-05-31,
2219,1470,0.85,2004-03-03,
2220,371,0.91293,1997-05-01,
2220,348,0.8875700000000001,2003-06-06,
2220,357,1.01437,2003-06-06,
2220,245,0.08,2003-06-06,
2220,968,1.10947,2003-06-06,
2220,976,2.21894,2003-06-06,
2220,1059,1.26796,2003-06-06,
2220,1060,2.53593,2003-06-06,
2220,971,1.14117,2003-06-06,
2220,979,2.2822999999999998,2003-06-06,
2221,371,0.54945,1997-05-01,
2221,971,0.6868099999999999,2003-06-06,
2221,979,1.37363,2003-06-06,
2221,1470,0.85,2004-03-03,
2222,371,0.8115000000000001,1997-05-01,
2222,971,1.01437,2003-06-06,
2222,979,2.02874,2003-06-06,
2222,1470,0.85,2004-03-03,
2223,371,0.54945,1997-05-01,
2223,971,0.6868099999999999,2003-06-06,
2223,979,1.37363,2003-06-06,
2223,1470,0.85,2004-03-03,
2224,371,0.76078,1997-05-01,
2224,357,1.01437,1997-05-01,
2224,1059,1.26796,2003-06-06,
2224,1060,2.53593,2003-06-06,
2224,979,1.90194,2003-06-06,
2224,971,0.95097,2003-06-06,
2224,1470,0.85,2004-03-03,
2225,343,0.52409,2003-06-06,
2225,371,0.47759999999999997,2023-05-26,
2225,139,3.23,2003-06-06,
2225,553,1.18,2003-06-06,
2225,160,1.96,2003-06-06,
2225,245,0.099,2003-06-09,
2225,1031,0.65511,2003-06-06,
2225,1032,1.31023,2003-06-06,
2225,971,0.59699,2003-06-06,
2225,979,1.194,2003-06-06,
2225,1470,0.85,2004-03-04,
2225,1664,0.396,2007-06-14,
2226,357,1.01437,1997-05-01,
2226,371,0.76078,1997-05-01,
2226,971,0.9509399999999999,2003-06-09,
2226,979,1.90194,2003-06-09,
2226,1059,1.26796,2003-06-09,
2226,1060,2.53593,2003-06-09,
2226,1470,0.85,2004-03-03,
2227,1470,0.85,2004-03-04,
2227,383,0.6868099999999999,2005-02-10,
2228,341,0.9425199999999999,1997-05-01,
2228,383,1.17815,2003-06-09,
2228,415,2.35629,2003-06-09,
2228,1470,0.85,2004-03-04,
2229,341,0.95943,1997-05-01,
2229,383,1.19928,2003-06-09,
2229,415,2.39856,2003-06-09,
2230,1470,0.85,2004-03-04,
2230,383,1.0407899999999999,2005-02-11,
2231,383,1.01437,2003-06-09,
2231,415,2.02874,2003-06-09,
2231,341,0.8115000000000001,2003-06-09,
2231,1470,0.85,2004-03-04,
2232,341,1.12426,1997-05-01,
2232,383,1.40533,2003-06-09,
2232,415,2.81065,2003-06-09,
2233,341,1.0777700000000001,1997-05-01,
2233,383,1.3427099999999998,2003-06-09,
2233,415,2.69442,2003-06-09,
2234,341,0.6593399999999999,1997-05-01,
2234,383,0.82418,2003-06-09,
2234,415,1.64835,2003-06-09,
2234,1470,0.85,2004-03-04,
2235,341,0.71851,1997-05-01,
2235,383,0.8981399999999999,2003-06-09,
2235,415,1.7962799999999999,2003-06-09,
2235,1470,0.85,2004-03-04,
2236,343,0.23669,1997-05-01,
2236,1031,0.29586,2003-06-09,
2236,1032,0.59172,2003-06-09,
2236,243,0.13,2003-06-09,
2236,1470,0.85,2004-03-04,
2237,343,0.4142,1997-05-01,
2237,1031,0.5177499999999999,2003-06-09,
2237,1032,1.0354999999999999,2003-06-09,
2237,1470,0.85,2004-03-04,
2238,343,0.14793,1997-05-01,
2238,1200,0.16,1997-05-01,
2238,1031,0.18911,2003-06-09,
2238,1032,0.36982,2003-06-09,
2238,1471,0.65,2016-08-17,
2239,341,0.2705,1997-05-01,
2239,383,0.33812,2003-06-09,
2239,415,0.67625,2003-06-09,
2239,1470,0.85,2004-03-04,
2240,347,0.56213,1997-05-01,
2240,293,1.3,2002-02-12,
2240,1015,0.7026600000000001,2003-06-09,
2240,1016,1.40533,2003-06-09,
2240,1482,1.1,2004-03-04,
2241,293,1.14,2002-02-12,
2241,139,1.8,2003-06-09,
2241,553,0.6,2003-06-09,
2241,341,0.84531,2023-05-26,
2241,383,1.05664,2003-06-09,
2241,415,2.11327,2003-06-09,
2241,1482,1.1,2004-03-04,
2241,1501,0.57,2007-08-21,
2242,357,1.38631,1997-05-01,
2242,1059,1.7328800000000002,2003-06-09,
2242,1060,3.46577,2003-06-09,
2242,160,1.51,2003-06-09,
2242,1501,0.755,2004-03-04,
2242,1482,1.1,2004-03-04,
2243,363,0.84531,1997-05-01,
2243,357,1.0777700000000001,1997-05-01,
2243,1059,1.34721,2003-06-09,
2243,1060,2.69442,2003-06-09,
2243,1145,1.05664,2003-06-09,
2243,1146,2.11327,2003-06-09,
2243,1489,1.25,2004-03-04,
2244,341,1.0777700000000001,1997-05-01,
2244,383,1.34721,2003-06-09,
2244,415,2.69442,2003-06-09,
2244,1498,1.6,2004-03-04,
2245,347,0.74387,1997-05-01,
2245,1015,0.92984,2003-06-09,
2245,1016,1.85968,2003-06-09,
2245,1482,1.1,2004-03-04,
2246,347,0.74387,1997-05-01,
2246,1015,0.92984,2003-06-09,
2246,1016,1.85968,2003-06-09,
2246,1482,1.1,2004-03-04,
2247,371,0.43956,1997-05-01,
2247,971,0.54945,2003-06-09,
2247,979,1.0989,2003-06-09,
2247,1470,0.85,2009-04-20,
2248,371,0.5579,1997-05-01,
2248,971,0.69738,2003-06-09,
2248,979,1.39476,2003-06-09,
2248,1470,0.85,2009-04-20,
2249,505,0.1,1997-05-01,
2249,341,0.11834,1997-05-01,
2249,383,0.14793,2003-06-09,
2249,415,0.29586,2003-06-09,
2249,1471,0.65,2016-08-17,
2250,341,0.61285,1997-05-01,
2250,383,0.76606,2003-06-09,
2250,415,1.53212,2003-06-09,
2250,1470,0.85,2009-04-20,
2251,371,0.36347999999999997,1997-05-01,
2251,244,0.83,1997-05-01,
2251,971,0.45435000000000003,2003-06-09,
2251,979,0.9087099999999999,2003-06-09,
2251,1470,0.85,2009-04-20,
2252,371,0.59172,1997-05-01,
2252,971,0.73965,2003-06-09,
2252,979,1.4793,2003-06-09,
2252,1470,0.85,2009-04-20,
2253,371,0.52832,1997-05-01,
2253,971,0.66039,2003-06-09,
2253,979,1.3207900000000001,2003-06-09,
2253,1470,0.85,2009-04-20,
2254,371,0.57904,1997-05-01,
2254,971,0.7238,2003-06-09,
2254,979,1.44759,2003-06-09,
2254,1470,0.85,2009-04-20,
2255,341,0.76078,2003-06-09,
2255,245,0.2,2023-05-26,
2255,139,1.82,2003-06-10,
2255,160,1.23,2003-06-10,
2255,553,0.91,2003-06-10,
2255,383,0.95097,2003-06-09,
2255,415,1.90194,2003-06-09,
2255,1470,0.85,2004-03-04,
2257,341,1.0186,1997-05-01,
2257,383,1.27325,2003-06-10,
2257,415,2.54649,2003-06-10,
2258,341,1.16238,2014-02-03,
2258,383,1.45298,2014-02-03,
2258,415,2.9059500000000003,2014-02-03,
2258,385,0.17436,2014-02-03,
2258,640,0.69743,2014-02-03,
2258,428,0.34869999999999995,2014-02-03,
2259,341,1.0567,2002-02-12,
2259,383,1.3207900000000001,2003-06-10,
2259,415,2.64159,2003-06-10,
2259,640,0.63398,2004-03-04,
2260,1484,0.005,2006-04-11,
2260,341,0.42265,2011-09-15,
2260,428,0.1268,2011-09-15,
2261,341,1.0354999999999999,1997-05-01,
2261,383,1.2943799999999999,2003-06-10,
2261,415,2.5887599999999997,2003-06-10,
2261,640,0.6213000000000001,2004-03-04,
2262,347,0.6593399999999999,1997-05-01,
2262,357,0.9721,1997-05-01,
2262,1015,0.82418,2003-06-10,
2262,1016,1.64835,2003-06-10,
2262,1059,1.21513,2003-06-10,
2262,1060,2.43026,2003-06-10,
2262,1470,0.85,2004-03-05,
2263,343,0.23246,1997-05-01,
2263,1031,0.29057,2003-06-10,
2263,1032,0.58115,2003-06-10,
2263,1471,0.65,2016-08-17,
2264,343,0.60862,1997-05-01,
2264,1031,0.76078,2003-06-10,
2264,1032,1.52156,2003-06-10,
2264,1470,0.85,2004-03-05,
2265,341,0.98901,1997-05-01,
2265,383,1.2362600000000001,2003-06-10,
2265,415,2.47253,2003-06-10,
2266,1122,0.6931499999999999,1997-05-01,
2266,1123,0.8664400000000001,2003-06-10,
2266,1124,1.7328800000000002,2003-06-10,
2266,1470,0.85,2004-03-05,
2267,341,0.6931499999999999,1997-05-01,
2267,383,0.8664400000000001,2003-06-10,
2267,415,1.7328800000000002,2003-06-10,
2267,1470,0.85,2004-03-05,
2268,1470,0.85,2004-03-05,
2268,383,0.8664400000000001,2005-02-10,
2269,341,0.68893,2003-06-10,
2269,415,1.72232,2003-06-10,
2269,383,0.86116,2003-06-10,
2269,1470,0.85,2004-03-05,
2270,341,1.0354999999999999,1997-05-01,
2270,383,1.2943799999999999,2003-06-10,
2270,415,2.5887599999999997,2003-06-10,
2271,1470,0.85,2004-03-05,
2271,383,0.9615,2004-07-23,
2272,341,0.76923,1997-05-01,
2272,383,0.96154,2003-07-03,
2272,415,1.92308,2003-07-03,
2272,1470,0.85,2004-03-05,
2273,1471,0.65,2009-04-16,
2273,415,0.31699,2005-02-10,
2274,631,0.36,1997-05-01,
2274,371,0.52409,2002-02-12,
2274,979,1.31023,2003-07-03,
2274,971,0.65511,2003-07-03,
2274,1470,0.85,2004-03-05,
2275,371,0.59172,1997-05-01,
2275,631,0.28,2002-02-12,
2275,971,0.73965,2003-07-03,
2275,979,1.4793,2003-07-03,
2276,560,0.025,1997-05-01,
2276,343,0.1437,2002-03-21,
2276,1031,0.17963,2003-07-03,
2276,1032,0.35926,2003-07-03,
2276,1470,0.85,2004-03-05,
2277,129,57.0,2005-04-14,
2277,347,0.5579,1997-05-01,
2277,1016,1.39476,2003-07-03,
2277,1015,0.69738,2003-07-03,
2277,1470,0.85,2004-03-05,
2278,347,0.73964,1997-05-01,
2278,1015,0.92456,2003-07-03,
2278,1016,1.84911,2003-07-03,
2278,1470,0.85,2004-03-05,
2279,529,0.16,1997-05-01,
2279,371,0.18597000000000002,1997-05-01,
2279,971,0.23246,2003-07-03,
2279,979,0.46492,2003-07-03,
2279,1470,0.85,2004-03-05,
2280,341,0.26205,1997-05-01,
2280,383,0.32756,2003-07-03,
2280,415,0.65511,2003-07-03,
2280,1470,0.85,2004-03-05,
2281,1471,0.65,2016-08-17,
2281,383,0.31699,2005-02-10,
2282,1470,0.85,2004-03-05,
2283,347,0.63398,1997-05-01,
2283,1015,0.7924800000000001,2003-07-03,
2283,1016,1.58495,2003-07-03,
2283,1470,0.85,2004-03-05,
2284,347,0.57481,1997-05-01,
2284,1015,0.71851,2003-07-03,
2284,1016,1.43702,2003-07-03,
2284,1470,0.85,2004-03-05,
2285,371,0.50719,1997-05-01,
2285,542,0.06,2002-02-12,
2285,341,0.54945,2003-07-03,
2285,553,3.65,2003-07-03,
2285,160,6.59,2003-07-03,
2285,139,12.0,2003-07-03,
2285,971,0.63398,2003-07-03,
2285,979,1.26796,2003-07-03,
2285,383,0.6868099999999999,2003-07-03,
2285,415,1.37363,2003-07-03,
2285,1470,0.85,2004-03-05,
2286,1470,0.85,2004-03-05,
2286,383,0.5495,2004-07-23,
2287,363,0.37616,1997-05-01,
2287,1146,0.94041,2003-07-03,
2287,1145,0.4702,2003-07-03,
2287,1471,0.65,2004-02-25,
2288,1470,0.85,2010-06-30,
2288,383,0.9512999999999999,2004-07-23,
2289,341,0.01352,1997-05-01,
2289,385,0.00203,2001-11-26,
2289,383,0.016890000000000002,2003-07-03,
2289,415,0.033780000000000004,2003-07-03,
2289,1481,0.04,2004-02-26,
2290,343,0.56213,1997-05-01,
2290,1031,0.7026600000000001,2003-07-03,
2290,1032,1.40533,2003-07-03,
2290,1471,0.65,2010-07-05,
2291,1470,0.85,2004-02-27,
2291,383,0.9512999999999999,2004-07-23,
2291,341,0.7609999999999999,2009-03-30,
2291,415,1.9025999999999998,2009-03-30,
2292,341,0.42265,1997-05-01,
2292,1481,0.04,2004-02-27,
2292,383,0.5283,2003-07-03,
2292,415,1.0566,2003-07-03,
2293,531,0.11,1997-05-01,
2293,371,0.42265,2002-02-12,
2293,979,1.0566,2003-07-03,
2293,971,0.5283,2003-07-03,
2293,1470,0.85,2004-03-01,
2294,371,0.49876,2014-05-06,
2294,971,0.62345,2014-05-06,
2294,979,1.2468899999999998,2014-05-06,
2294,1470,0.85,2004-03-01,
2295,343,0.28318,1997-05-01,
2295,1031,0.35397,2003-07-03,
2295,1032,0.70795,2003-07-03,
2295,1471,0.65,2016-08-17,
2296,343,0.54945,1997-05-01,
2296,1031,0.6868099999999999,2003-07-03,
2296,1032,1.37363,2003-07-03,
2296,1470,0.85,2004-03-01,
2297,341,0.01352,1997-05-01,
2297,385,0.00203,2003-07-03,
2297,383,0.04689,2003-07-03,
2297,415,0.033780000000000004,2003-07-03,
2297,1481,0.04,2004-03-01,
2297,640,0.08112,2009-12-18,
2298,385,0.004050000000000001,1997-05-01,
2298,383,0.0296,2008-06-16,
2298,415,0.0593,2008-06-16,
2298,341,0.023700000000000002,2008-06-16,
2298,1481,0.04,2004-03-01,
2299,341,0.52832,1997-05-01,
2299,383,0.66039,2003-07-03,
2299,415,1.3207900000000001,2003-07-03,
2300,385,0.004050000000000001,1997-05-01,
2300,341,0.02705,1997-05-01,
2300,383,0.033780000000000004,2003-07-03,
2300,415,0.06756999999999999,2003-07-03,
2300,1484,0.005,2009-04-15,
2300,640,0.01623,2009-12-18,
2301,371,0.42265,1997-05-01,
2301,1209,0.17,1997-05-01,
2301,971,0.5283,2003-07-03,
2301,979,1.0566,2003-07-03,
2301,1500,0.51,2004-03-02,
2301,1470,0.85,2016-08-17,
2302,385,0.00912,1997-05-01,
2302,341,0.060860000000000004,1997-05-01,
2302,383,0.07601,2003-07-03,
2302,415,0.15203,2003-07-03,
2302,1481,0.04,2004-03-03,
2302,640,0.036520000000000004,2009-12-22,
2303,971,0.5969,2003-07-03,
2303,979,1.194,2003-07-03,
2303,371,0.47759999999999997,2023-05-26,
2303,553,1.18,2003-07-03,
2303,160,1.96,2003-07-03,
2303,139,3.23,2003-07-03,
2303,245,0.099,2003-07-03,
2303,1470,0.85,2004-03-03,
2304,357,1.01437,1997-05-01,
2304,371,0.76078,2003-07-03,
2304,979,1.90197,2003-07-03,
2304,971,0.95097,2003-07-03,
2304,348,0.8875700000000001,2004-05-31,
2304,1060,2.53593,2004-05-31,
2304,976,2.21893,2004-05-31,
2304,1470,0.85,2004-03-03,
2305,347,0.49028,1997-05-01,
2305,1015,0.61285,2003-07-03,
2305,1016,1.22569,2003-07-03,
2305,1470,0.85,2004-03-04,
2306,347,0.8664400000000001,1997-05-01,
2306,1015,1.08305,2003-07-03,
2306,1016,2.1661,2003-07-03,
2306,1470,0.85,2004-03-04,
2307,341,0.9636499999999999,1997-05-01,
2307,383,1.20456,2003-07-03,
2307,415,2.40913,2003-07-03,
2307,1498,1.6,2004-03-04,
2308,341,0.8284,1997-05-01,
2308,383,1.0354999999999999,2003-07-03,
2308,415,2.07101,2003-07-03,
2308,1498,1.6,2004-03-04,
2309,341,1.03128,1997-05-01,
2309,383,1.2891,2003-07-03,
2309,415,2.57819,2003-07-03,
2309,640,0.61877,2004-03-04,
2310,1470,0.85,2004-02-25,
2310,383,1.0197,2014-09-12,
2310,341,0.8157599999999999,2014-09-12,
2310,415,2.0394,2014-09-12,
2311,1470,0.85,2004-02-25,
2311,383,0.90346,2014-09-12,
2311,341,0.72277,2014-09-12,
2311,415,1.8069300000000001,2015-06-30,
2312,341,0.9974599999999999,2001-04-24,
2312,383,1.24683,2003-07-03,
2312,415,2.49366,2003-07-03,
2313,341,1.0566,2002-02-12,
2313,383,1.3207900000000001,2003-07-03,
2313,415,2.64159,2003-07-03,
2314,341,0.8875700000000001,1997-05-01,
2314,383,1.10947,2003-07-04,
2314,415,2.21894,2003-07-04,
2314,1457,1.4,2004-03-02,
2315,341,0.57481,2002-02-12,
2315,383,0.71851,2003-07-04,
2315,415,1.43702,2003-07-04,
2316,208,1.05,2002-02-12,
2316,1489,1.25,2004-03-04,
2317,341,0.42688000000000004,1997-05-01,
2317,383,0.5336,2003-07-04,
2317,415,1.0672,2003-07-04,
2318,341,0.0634,1997-05-01,
2318,383,0.07925,2003-07-04,
2318,385,0.00951,2003-07-04,
2318,415,0.1585,2003-07-04,
2318,1481,0.04,2016-08-17,
2318,640,0.03804,2009-12-22,
2319,341,0.33812,1997-05-01,
2319,383,0.42265,2004-03-03,
2319,1467,0.15,2004-03-03,
2319,415,0.84531,2004-05-28,
2320,341,0.0634,1997-05-01,
2320,385,0.00951,2003-07-04,
2320,383,0.07925,2003-07-04,
2320,415,0.1585,2003-07-04,
2320,1481,0.04,2016-08-17,
2320,640,0.03804,2009-12-22,
2321,341,0.33812,1997-05-01,
2321,385,0.05072,2003-07-04,
2321,415,0.84531,2003-07-04,
2321,383,0.42265,2003-07-04,
2321,1467,0.15,2004-03-03,
2322,185,0.45,1997-05-01,
2322,1122,0.63398,1997-05-01,
2322,1123,0.7924800000000001,2003-07-04,
2322,1124,1.58495,2003-07-04,
2322,1454,0.3,2004-03-01,
2323,341,0.8199500000000001,1997-05-01,
2323,383,1.02494,2003-07-04,
2323,415,2.04987,2003-07-04,
2323,1482,1.1,2004-03-02,
2324,1212,0.76,2003-07-04,
2324,176,0.35857,1997-05-01,
2324,519,0.22047,1997-05-01,
2324,1495,0.44094,2004-03-02,
2324,1496,0.75,2004-03-02,
2325,341,0.16061,1997-05-01,
2325,383,0.57587,2003-07-04,
2325,415,1.15173,2003-07-04,
2325,1471,0.65,2004-03-02,
2326,343,0.67568,1997-05-01,
2326,387,0.10135,1997-05-01,
2326,1031,0.8445999999999999,2003-07-04,
2326,1032,1.7241399999999998,2003-07-04,
2326,1470,0.85,2016-08-17,
2327,613,0.71006,1997-05-01,
2327,160,1.2,1997-05-01,
2327,1214,0.8875700000000001,2003-07-04,
2327,1215,1.7751499999999998,2003-07-04,
2327,1470,0.85,2004-02-25,
2328,341,0.57058,1997-05-01,
2328,383,0.7132299999999999,2003-07-04,
2328,415,1.4264599999999998,2003-07-04,
2328,1470,0.85,2004-02-25,
2330,341,0.57058,1997-05-01,
2330,383,0.7132299999999999,2003-07-04,
2330,415,1.4264599999999998,2003-07-04,
2330,1470,0.85,2004-02-25,
2331,564,0.37,2004-05-31,
2331,341,0.77768,1997-05-01,
2331,383,0.97211,2003-07-04,
2331,415,1.94421,2003-07-04,
2331,1470,0.85,2004-02-25,
2332,343,0.80304,2003-05-22,
2332,1031,1.0038,2003-07-04,
2332,1032,2.00761,2003-07-04,
2332,1470,0.85,2004-02-27,
2333,341,0.69738,1997-05-01,
2333,383,0.8717199999999999,2003-07-04,
2333,415,1.74345,2003-07-04,
2333,1470,0.85,2004-02-27,
2335,341,0.8875700000000001,2003-07-04,
2335,383,1.10947,2003-07-04,
2335,415,2.21894,2003-07-04,
2335,1457,1.4,2004-03-02,
2336,341,0.8875700000000001,2002-11-14,
2336,383,1.10947,2003-07-04,
2336,415,2.21894,2003-07-04,
2336,1457,1.4,2004-03-02,
2337,245,0.07,2002-02-12,
2337,343,0.67625,2003-07-04,
2337,371,0.64669,2014-02-03,
2337,1216,0.35,2003-07-04,
2337,1217,0.25,2003-07-04,
2337,1218,0.15,2003-07-04,
2337,1031,0.84531,2003-07-04,
2337,1032,1.69062,2003-07-04,
2337,971,0.80837,2014-02-03,
2337,979,1.61673,2014-02-03,
2337,1454,0.3,2004-03-02,
2337,1664,0.28,2007-06-14,
2338,245,0.07,1997-05-01,
2338,341,0.65511,2003-07-04,
2338,1219,1.35,2003-07-04,
2338,1220,0.65,2003-07-04,
2338,553,0.37,2003-07-04,
2338,415,1.6377899999999999,2003-07-04,
2338,383,0.81889,2003-07-04,
2338,1454,0.3,2004-03-02,
2339,385,0.15203,1997-05-01,
2339,341,1.03128,1997-05-01,
2339,383,1.2891,2003-07-04,
2339,415,2.57819,2003-07-04,
2339,1467,0.15,2004-03-02,
2340,385,0.15203,2003-07-07,
2340,341,1.0354999999999999,2003-07-07,
2340,383,1.2943799999999999,2003-07-07,
2340,415,2.5887599999999997,2003-07-07,
2340,1467,0.15,2004-03-02,
2340,801,0.1,2014-02-03,
2341,245,0.06,2002-02-12,
2341,1122,0.6043999999999999,2003-07-07,
2341,371,0.65511,2003-07-07,
2341,1219,1.35,2003-07-07,
2341,553,0.37,2003-07-07,
2341,1220,0.65,2002-08-06,
2341,1123,0.7555,2003-07-07,
2341,1124,1.5109899999999998,2003-07-07,
2341,971,0.81889,2003-07-07,
2341,979,1.6377899999999999,2003-07-07,
2341,1454,0.3,2004-03-02,
2342,245,0.06,1997-05-01,
2342,160,0.25,2004-05-31,
2342,1122,0.67625,2003-07-07,
2342,371,0.71851,2003-07-07,
2342,139,0.35,2003-07-07,
2342,553,0.15,2003-07-07,
2342,1123,0.84531,2003-07-07,
2342,1124,1.69062,2003-07-07,
2342,971,0.8981399999999999,2003-07-07,
2342,979,1.7962799999999999,2003-07-07,
2342,1454,0.3,2004-03-02,
2343,160,0.03,2002-02-12,
2343,139,0.05,1997-05-01,
2343,1488,0.3,2004-07-23,
2343,1470,0.85,2004-07-23,
2344,704,0.52,1997-10-14,
2344,1222,1.86,1997-05-01,
2344,1470,0.85,2004-03-02,
2344,343,0.62975,2004-05-31,
2344,1032,1.57439,2004-05-31,
2344,1031,0.78719,2005-02-10,
2344,1487,0.93,2007-06-14,
2345,510,0.08,2002-02-12,
2345,368,0.16906,1997-05-01,
2345,969,0.21133,2003-07-07,
2345,977,0.42265,2003-07-07,
2345,1471,0.65,2004-03-02,
2346,160,0.11,2002-02-12,
2346,139,0.16,1997-05-01,
2346,443,0.66,2004-03-03,
2346,1470,0.85,2004-03-03,
2347,160,0.34,2002-02-12,
2347,1122,0.5579,1997-05-01,
2347,1123,0.69738,2003-07-07,
2347,1124,1.39476,2003-07-07,
2347,1470,0.85,2004-03-04,
2348,196,0.02,2002-02-18,
2348,341,0.22829,1997-05-01,
2348,383,0.28529,2003-07-07,
2348,415,0.57058,2003-07-07,
2348,1481,0.04,2016-08-17,
2348,640,0.13696999999999998,2009-12-22,
2349,196,0.03,1997-05-01,
2349,383,0.58115,2003-07-07,
2349,341,0.46492,2003-07-07,
2349,415,1.1623,2003-07-07,
2349,1454,0.3,2004-03-05,
2349,640,0.27895,2009-12-22,
2350,371,0.3677,2002-02-12,
2350,26,2.34,1997-05-01,
2350,979,0.91927,2003-07-07,
2350,971,0.45964,2003-07-07,
2350,1470,0.85,2004-02-27,
2351,341,1.03128,1997-05-01,
2351,385,0.15203,1997-05-01,
2351,383,1.2891,2003-07-07,
2351,415,2.57819,2003-07-07,
2351,1467,0.15,2004-03-02,
2352,341,0.08453,1997-05-01,
2352,148,0.02,2002-02-12,
2352,383,0.10566,2003-07-07,
2352,415,0.21133,2003-07-07,
2352,1471,0.65,2004-02-25,
2353,160,0.1,1997-05-01,
2353,139,0.15,1997-05-01,
2353,1480,0.8,2004-02-26,
2353,1470,0.85,2004-02-26,
2354,134,0.33,1997-05-01,
2354,341,0.61707,2001-11-28,
2354,383,0.77134,2003-07-07,
2354,415,1.5426900000000001,2003-07-07,
2354,1485,0.66,2004-03-01,
2355,341,0.15638,1997-05-01,
2355,383,0.19548,2003-07-07,
2355,415,0.39096,2003-07-07,
2355,602,0.05,2023-05-26,
2355,1481,0.04,2010-07-07,
2356,371,0.36347999999999997,1997-05-01,
2356,971,0.45435000000000003,2003-07-07,
2356,979,0.9087099999999999,2003-07-07,
2356,1470,0.85,2004-03-01,
2357,341,0.62975,1997-05-01,
2357,517,0.29,1997-05-01,
2357,383,0.78719,2003-07-07,
2357,415,1.57439,2003-07-07,
2357,1470,0.85,2004-03-01,
2358,323,0.93,1997-05-01,
2358,341,0.2705,2003-07-07,
2358,415,0.67625,2003-07-07,
2358,383,0.33812,2003-07-07,
2358,1228,5.11,2003-07-07,
2358,1229,4.31,2003-07-07,
2358,1230,3.25,2003-07-07,
2358,499,0.25,2003-07-07,
2358,1470,0.85,2004-02-26,
2359,323,0.9,1997-05-01,
2359,363,0.52409,2004-02-26,
2359,1145,0.65511,2004-02-26,
2359,1146,1.31023,2004-02-26,
2359,1470,0.85,2004-02-26,
2360,323,0.9,1997-05-01,
2360,363,0.52409,2004-02-26,
2360,1145,0.65511,2004-02-26,
2360,1146,1.31023,2004-02-26,
2360,1470,0.85,2004-02-26,
2361,368,0.29586,1997-05-01,
2361,969,0.36983,2004-02-26,
2361,977,0.73965,2004-02-26,
2361,1470,0.85,2004-02-26,
2361,343,0.37616,2004-02-26,
2361,1031,0.4702,2004-02-26,
2361,1032,0.94041,2004-02-26,
2361,148,0.15,2004-02-26,
2361,1475,0.33,2004-02-26,
2361,1476,0.23,2004-02-26,
2361,1477,12.48,2004-02-26,
2361,1478,9.08,2004-02-26,
2361,1479,7.14,2004-02-26,
2362,368,0.63398,1997-05-01,
2362,131,12.62,1997-05-01,
2362,969,0.7924800000000001,2003-07-07,
2362,977,1.58495,2003-07-07,
2362,1470,0.85,2004-02-26,
2363,371,0.50296,2023-05-26,
2363,1231,3.01,2003-07-07,
2363,971,0.6286999999999999,2003-11-27,
2363,979,1.2573999999999999,2003-11-27,
2363,1470,0.85,2004-02-27,
2364,160,1.28,1997-05-01,
2364,139,1.62,1997-05-01,
2364,1470,0.85,2004-02-25,
2365,613,0.71006,1997-05-01,
2365,1214,0.8875700000000001,2003-07-07,
2365,1215,1.7751499999999998,2003-07-07,
2365,160,1.2,2003-07-07,
2365,1470,0.85,2004-02-25,
2366,341,1.02282,2001-11-22,
2366,383,1.27853,2003-07-07,
2366,415,2.55706,2003-07-07,
2366,1472,1.08,2004-02-25,
2366,1232,0.18,2003-07-07,
2367,371,0.5536800000000001,1997-05-01,
2367,971,0.6920999999999999,2003-07-07,
2367,979,1.38419,2003-07-07,
2368,341,0.6931499999999999,1997-05-01,
2368,383,0.8664400000000001,2003-07-07,
2368,415,1.7328800000000002,2003-07-07,
2368,1470,0.85,2004-02-25,
2369,341,0.76078,1997-05-01,
2369,383,0.95097,2003-07-07,
2369,415,1.90194,2003-07-07,
2369,1470,0.85,2004-02-25,
2370,341,0.46492,1997-05-01,
2370,383,0.58115,2003-07-07,
2370,415,1.1623,2003-07-07,
2370,1234,0.55,2003-07-07,
2370,1470,0.85,2004-02-25,
2371,341,0.52832,1997-05-01,
2371,383,0.6604000000000001,2003-07-07,
2371,415,1.3207900000000001,2003-07-07,
2371,1470,0.85,2004-02-25,
2372,383,0.8242,2008-06-19,
2372,415,1.6484,2008-06-19,
2372,341,0.6594,2008-06-19,
2372,1234,0.62,2003-07-07,
2373,379,0.68893,1997-05-01,
2373,371,0.71851,1997-05-01,
2373,348,0.66357,2003-07-07,
2373,368,0.82418,2003-07-07,
2373,245,0.08,2003-07-07,
2373,1235,0.24,2003-07-07,
2373,968,0.82946,2003-07-07,
2373,976,1.65892,2003-07-07,
2373,969,1.0302200000000001,2003-07-07,
2373,977,2.0604400000000003,2003-07-07,
2373,971,0.8981399999999999,2003-07-07,
2373,979,1.7962799999999999,2003-07-07,
2373,1011,0.86116,2003-07-07,
2373,1012,1.72232,2003-07-07,
2374,343,0.37194000000000005,1997-05-01,
2374,278,0.31,1997-05-01,
2374,1031,0.46492,2003-07-07,
2374,1032,0.92984,2003-07-07,
2374,563,1.51,2003-07-07,
2374,1470,0.85,2004-02-25,
2374,499,0.11,2016-03-18,
2375,343,0.6593399999999999,2003-05-16,
2375,1031,0.82418,2003-07-07,
2375,1032,1.64835,2003-07-07,
2375,278,0.37,2003-07-07,
2375,1237,2.8,2003-07-07,
2375,1238,1.8,2003-07-07,
2375,1239,1.4,2003-07-07,
2375,1470,0.85,2004-02-25,
2376,341,0.6593399999999999,2003-07-08,
2376,415,1.64835,2003-07-08,
2376,383,0.82418,2003-07-08,
2376,1470,0.85,2004-02-25,
2377,341,0.77768,1997-05-01,
2377,383,0.97211,2003-07-08,
2377,415,1.94421,2003-07-08,
2377,1470,0.85,2004-02-25,
2378,561,0.19,1997-05-01,
2378,341,0.37194000000000005,2023-05-26,
2378,415,0.92984,2003-07-08,
2378,383,0.46492,2003-07-08,
2378,1474,0.76,2004-02-25,
2378,1470,0.85,2004-02-25,
2379,561,0.21,1997-05-01,
2379,341,0.6593399999999999,2023-05-26,
2379,383,0.82418,2003-07-08,
2379,415,1.64835,2003-07-08,
2379,1474,0.84,2004-02-25,
2379,1470,0.85,2004-02-25,
2380,160,0.61,2003-07-08,
2380,343,0.54099,2003-07-08,
2380,353,0.46492,2003-07-08,
2380,371,0.51564,2003-07-08,
2380,1243,0.72,2003-07-08,
2380,1244,0.5,2003-07-08,
2380,1245,0.07,2003-07-08,
2380,1246,0.04,2003-07-08,
2380,1247,0.02,2023-05-26,
2380,245,0.03,2003-07-08,
2380,1031,0.67625,2003-07-08,
2380,1032,1.35249,2003-07-08,
2380,1241,0.58115,2003-07-08,
2380,1242,1.1623,2003-07-08,
2380,979,1.2891,2003-07-08,
2380,971,0.64455,2003-07-08,
2380,1470,0.85,2004-02-26,
2381,357,0.9636499999999999,1997-05-01,
2381,371,0.6593399999999999,1997-05-01,
2381,971,0.82418,2003-07-08,
2381,979,1.64835,2003-07-08,
2381,1248,0.46,2003-07-08,
2381,1470,0.85,2004-02-26,
2381,1060,2.40913,2004-05-31,
2382,371,0.61708,1997-05-01,
2382,357,0.9636499999999999,2003-07-08,
2382,245,0.027999999999999997,2003-07-08,
2382,1059,1.20456,2003-07-08,
2382,1060,2.40913,2003-07-08,
2382,971,0.77134,2003-07-08,
2382,979,1.5426900000000001,2003-07-08,
2383,371,0.54099,2001-08-21,
2383,971,0.67625,2003-07-08,
2383,979,1.35249,2003-07-08,
2383,1470,0.85,2004-02-26,
2384,371,0.61708,2002-08-07,
2384,971,0.77134,2003-07-08,
2384,979,1.5426900000000001,2003-07-08,
2384,1470,0.85,2004-02-26,
2385,499,0.13,2023-05-26,
2385,1228,8.4,2003-07-08,
2385,1229,5.75,2003-07-08,
2385,1230,2.65,2003-07-08,
2385,341,0.45226,2014-11-19,
2385,383,0.56533,2014-11-19,
2385,415,1.13066,2014-11-19,
2385,1470,0.85,2004-02-26,
2386,348,0.50719,1997-05-01,
2386,1250,0.52409,2003-07-08,
2386,1237,0.64,2003-07-08,
2386,1238,0.4,2003-07-08,
2386,1239,0.17,2003-07-08,
2386,1253,0.04,2003-07-08,
2386,968,0.63398,2003-07-08,
2386,976,1.26796,2003-07-08,
2386,1251,0.65511,2003-07-08,
2386,1252,1.31023,2003-07-08,
2386,1470,0.85,2004-02-26,
2387,348,0.63398,1997-05-01,
2387,968,0.7924800000000001,2003-07-08,
2387,976,1.58495,2003-07-08,
2387,1470,0.85,2004-02-26,
2388,1255,1.43,2003-07-08,
2388,1256,0.9,2003-07-08,
2388,1257,0.73,2003-07-08,
2388,341,0.65089,2023-05-26,
2388,383,0.81361,2003-07-08,
2388,415,1.62722,2003-07-08,
2388,1470,0.85,2004-02-27,
2389,341,1.08199,1997-05-01,
2389,383,1.35249,2003-07-08,
2389,415,2.7049900000000004,2003-07-08,
2390,341,0.8875700000000001,1997-05-01,
2390,383,1.10947,2003-07-08,
2390,415,2.21894,2003-07-08,
2391,341,0.6931499999999999,1997-05-01,
2391,383,0.8664400000000001,2003-07-08,
2391,415,1.7328800000000002,2003-07-08,
2391,1470,0.85,2004-02-27,
2392,341,0.69741,2014-05-06,
2392,383,0.87177,2014-05-06,
2392,415,1.74354,2014-05-06,
2392,1470,0.85,2004-02-27,
2393,341,0.69741,2014-05-06,
2393,383,0.87177,2014-05-06,
2393,415,1.74354,2014-05-06,
2393,88,1.25,2004-02-27,
2393,1470,0.85,2004-02-27,
2394,482,0.03,1997-05-01,
2394,341,0.57481,1997-05-01,
2394,383,0.71851,2003-07-08,
2394,415,1.43702,2003-07-08,
2394,439,0.02857,2003-07-08,
2394,26,0.24,2004-02-27,
2394,1481,0.04,2004-02-27,
2395,343,0.28318,1997-05-01,
2395,1031,0.35397,2003-07-08,
2395,1032,0.70795,2003-07-08,
2395,1471,0.65,2016-08-17,
2396,245,0.06,2003-07-08,
2396,341,0.37616,2003-07-08,
2396,149,0.89,2023-05-26,
2396,415,0.94041,2003-07-08,
2396,1470,0.85,2004-03-01,
2396,383,0.4702,2003-07-08,
2397,343,0.43956,1997-05-01,
2397,149,1.24,1997-05-01,
2397,1031,0.54945,2003-07-08,
2397,1032,1.0989,2003-07-08,
2397,1470,0.85,2004-03-01,
2398,1177,0.05,2003-07-08,
2398,1261,7.55,2003-07-08,
2398,1175,0.23247,2014-09-29,
2398,1262,5.39,2003-07-08,
2398,1263,3.24,2003-07-08,
2398,1178,0.15,2003-07-08,
2398,510,0.08,2003-07-08,
2398,1173,0.29059,2014-09-29,
2398,1471,0.65,2004-03-01,
2398,1174,0.58118,2014-09-29,
2399,363,0.29586,1997-05-01,
2399,160,0.18,2003-07-08,
2399,379,0.40575000000000006,2003-07-08,
2399,139,0.23,2003-07-08,
2399,553,0.1,2003-07-08,
2399,245,0.06,2003-07-08,
2399,1145,0.36982,2003-07-08,
2399,1146,0.73964,2003-07-08,
2399,1011,0.50719,2003-07-08,
2399,1012,1.01437,2003-07-08,
2399,1470,0.85,2004-03-01,
2399,1665,0.54,2007-06-14,
2400,363,0.6593399999999999,1997-05-01,
2400,139,0.16,2003-07-08,
2400,160,0.12,2003-07-08,
2400,553,0.07,2003-07-08,
2400,245,0.04,2003-07-08,
2400,1264,0.059000000000000004,2003-07-08,
2400,1145,0.82418,2003-07-08,
2400,1146,1.64835,2005-04-14,
2401,343,0.67625,1997-05-01,
2401,139,1.5,2003-07-08,
2401,371,0.48605,2003-07-08,
2401,1266,0.38,2003-07-08,
2401,163,0.14,2003-07-08,
2401,337,0.6,2003-07-08,
2401,1267,0.09,2003-07-08,
2401,1031,0.84531,2003-07-08,
2401,1032,1.69062,2003-07-08,
2401,971,0.6075699999999999,2003-07-08,
2401,979,1.21513,2003-07-08,
2401,1470,0.85,2004-03-01,
2401,1324,0.40575000000000006,2007-06-14,
2402,387,0.15203,1997-05-01,
2402,343,0.8875700000000001,1997-05-01,
2402,139,1.28,2001-03-21,
2402,160,0.94,2001-03-21,
2402,553,0.6,2003-07-08,
2402,1266,0.32,2003-07-08,
2402,163,0.12,2003-07-08,
2402,1267,0.08,2003-07-08,
2402,1031,1.10947,2003-07-08,
2402,1032,2.21894,2003-07-08,
2402,1470,0.85,2004-03-01,
2403,1489,1.25,2004-03-01,
2403,337,1.4166999999999998,2016-12-29,
2403,867,0.85,2009-12-18,
2403,1497,0.7,2011-02-24,
2403,502516,0.85,2016-12-29,
2404,341,0.20287,2003-07-08,
2404,1268,0.71,2003-07-08,
2404,1270,0.48,2003-07-08,
2404,1269,0.6,2003-07-08,
2404,383,0.25359000000000004,2003-07-08,
2404,415,0.50719,2003-07-08,
2404,1489,1.25,2004-03-01,
2404,867,0.85,2009-12-18,
2404,1497,0.7,2011-02-24,
2405,605,0.1,1997-05-01,
2405,385,0.03804,2003-07-08,
2405,341,0.25359000000000004,1997-05-01,
2405,383,0.31699,2003-07-08,
2405,415,0.63398,2003-07-08,
2405,1481,0.04,2004-03-01,
2406,177,0.8456,1997-05-01,
2406,371,0.56213,1997-05-01,
2406,971,0.7026600000000001,2003-07-08,
2406,979,1.40533,2003-07-08,
2406,1470,0.85,2004-03-01,
2407,371,0.6593399999999999,1997-05-01,
2407,1272,1.6,2023-05-26,
2407,971,0.82418,2003-07-08,
2407,979,1.64835,2003-07-08,
2407,1470,0.85,2004-03-01,
2408,379,0.26627,2023-05-26,
2408,343,0.4142,2003-07-08,
2408,1031,0.5177499999999999,2003-07-08,
2408,1032,1.0354999999999999,2003-07-08,
2408,1011,0.33283999999999997,2003-07-08,
2408,1012,0.6656799999999999,2003-07-08,
2408,1490,0.34,2004-03-01,
2408,1470,0.85,2004-03-01,
2408,412,0.68,2016-11-21,
2409,341,0.61285,1997-05-01,
2409,383,0.76606,2003-07-08,
2409,415,1.53212,2003-07-08,
2409,1470,0.85,2004-03-01,
2410,341,0.67625,1997-05-01,
2410,383,0.84531,2003-07-08,
2410,415,1.69062,2003-07-08,
2410,1470,0.85,2004-03-01,
2411,341,0.71851,1997-05-01,
2411,383,0.8981399999999999,2003-07-08,
2411,415,1.7962799999999999,2003-07-08,
2412,341,0.67625,1997-05-01,
2412,383,0.84531,2003-07-08,
2412,415,1.69062,2003-07-08,
2412,1470,0.85,2004-03-01,
2413,343,0.62975,1997-05-01,
2413,139,1.64,1997-05-01,
2413,371,0.38884,2003-07-08,
2413,971,0.48605,2003-07-08,
2413,979,0.9721,2003-07-08,
2413,1031,0.78719,2003-07-08,
2413,1032,1.57439,2003-07-08,
2413,1470,0.85,2004-03-02,
2413,1501,0.82,2007-06-14,
2413,339,0.27,2014-12-12,
2414,343,0.57481,1997-05-01,
2414,186,1.57,1997-05-01,
2414,1031,0.71851,2003-07-09,
2414,1032,1.43702,2003-07-09,
2414,1470,0.85,2004-03-02,
2415,1470,0.85,2004-03-02,
2415,383,0.5288,2004-08-13,
2416,1470,0.85,2004-03-02,
2416,341,0.57481,2004-05-31,
2416,415,1.43702,2004-05-31,
2416,383,0.7188,2004-08-13,
2417,218,1.12,1997-05-01,
2417,348,0.63398,1997-05-01,
2417,968,0.7924800000000001,2003-07-09,
2417,976,1.58495,2003-07-09,
2417,1482,1.1,2004-03-02,
2418,1189,0.38,1997-05-01,
2418,402,0.76,2010-01-27,
2418,1470,0.85,2011-05-05,
2419,217,1.56,1997-05-01,
2419,341,0.51564,1997-05-01,
2419,383,0.64455,2003-07-09,
2419,415,1.2891,2003-07-09,
2419,1482,1.1,2004-03-02,
2419,1501,0.78,2012-09-06,
2420,1189,0.58,1997-05-01,
2420,1497,0.7,2004-09-03,
2420,402,1.16,2010-01-27,
2421,218,1.36,1997-05-01,
2421,341,0.6593399999999999,1997-05-01,
2421,383,0.82418,2003-07-09,
2421,415,1.64835,2003-07-09,
2421,1482,1.1,2004-03-02,
2421,1501,0.68,2012-09-06,
2422,218,1.35,1997-05-01,
2422,341,0.6593399999999999,1997-05-01,
2422,383,0.82418,2003-07-09,
2422,415,1.64835,2003-07-09,
2422,502681,3.0,2003-07-09,
2422,502680,1.67,2003-07-09,
2422,502679,1.25,2003-07-09,
2422,1482,1.1,2004-03-02,
2422,1501,0.835,2012-09-06,
2423,217,1.56,1997-05-01,
2423,341,0.6593399999999999,1997-05-01,
2423,383,0.82418,2003-07-09,
2423,415,1.64835,2003-07-09,
2423,1482,1.1,2004-03-02,
2424,1189,0.58,1997-05-01,
2424,1497,0.7,2004-03-02,
2424,402,1.16,2010-01-27,
2425,341,0.76078,1997-05-01,
2425,216,0.35,1997-05-01,
2425,383,0.95097,2003-07-09,
2425,415,1.90194,2003-07-09,
2425,1498,1.6,2004-03-02,
2425,1585,1.4,2004-08-13,
2426,383,0.317,2008-06-20,
2426,415,0.634,2008-06-20,
2426,341,0.2536,2008-06-20,
2427,341,0.8875700000000001,2003-07-09,
2427,383,1.10947,2003-07-09,
2427,415,2.21894,2003-07-09,
2427,1457,1.4,2004-03-02,
2429,1457,1.4,2004-03-02,
2429,341,1.0354999999999999,2009-11-27,
2429,383,1.2944,2009-11-27,
2429,415,2.5888,2009-11-27,
2430,341,0.8875700000000001,1997-05-01,
2430,383,1.10947,2003-07-09,
2430,415,2.21894,2003-07-09,
2430,1470,0.85,2004-03-02,
2431,341,0.6340100000000001,2014-01-31,
2431,383,0.79252,2014-01-31,
2431,415,1.58503,2014-01-31,
2431,1282,0.29,2003-07-09,
2431,1497,0.7,2012-01-19,
2431,1470,0.85,2012-08-20,
2432,341,0.54099,2003-07-09,
2432,415,1.35249,2003-07-09,
2432,383,0.67628,2003-07-09,
2432,1470,0.85,2009-04-16,
2433,533,0.07,1997-05-01,
2433,383,0.67625,2003-07-09,
2433,415,1.35249,2003-07-09,
2433,341,0.54099,2003-07-09,
2433,1497,0.7,2004-03-02,
2433,1470,0.85,2012-08-20,
2433,336,0.79,2014-01-31,
2434,339,0.65,1997-05-01,
2434,1499,1.3,2004-03-02,
2434,1470,0.85,2009-04-16,
2434,867,0.85,2009-12-18,
2435,341,0.24091,1997-05-01,
2435,339,0.5,2002-02-12,
2435,1499,1.0,2012-12-18,
2435,1497,0.7,2004-03-02,
2435,415,0.60228,2004-05-31,
2435,867,0.85,2009-12-18,
2436,341,0.24091,1997-05-01,
2436,339,0.5,1997-05-01,
2436,383,0.30114,2003-07-09,
2436,415,0.60228,2003-07-09,
2436,1499,1.0,2004-03-02,
2436,1497,0.7,2004-03-02,
2436,867,0.85,2009-12-18,
2437,339,0.65,1997-05-01,
2437,1499,1.3,2004-03-02,
2437,1470,0.85,2004-03-02,
2438,339,0.5,1997-05-01,
2438,1499,1.0,2004-03-02,
2438,1497,0.7,2004-03-02,
2438,867,0.85,2009-12-18,
2439,339,0.5,1997-05-01,
2439,1499,1.0,2004-03-02,
2439,1497,0.7,2004-03-02,
2439,867,0.85,2009-12-18,
2440,341,0.67625,2001-03-21,
2440,383,0.84531,2003-07-09,
2440,415,1.69062,2003-07-09,
2440,1494,0.2,2004-03-02,
2440,1454,0.3,2004-03-02,
2440,867,0.2,2010-01-13,
2441,347,0.49028,1997-05-01,
2441,1015,0.61285,2003-07-09,
2441,1016,1.22569,2003-07-09,
2441,1470,0.85,2004-03-02,
2442,357,1.0354999999999999,1997-05-01,
2442,1059,1.2943799999999999,2003-07-09,
2442,1060,2.5887599999999997,2003-07-09,
2442,1470,0.85,2004-03-02,
2443,604,0.45,1997-05-01,
2443,371,0.49028,1997-05-01,
2443,1283,0.09,2003-07-09,
2443,553,0.02,2003-07-09,
2443,1284,0.045,2003-07-09,
2443,245,0.01,2003-07-09,
2443,971,0.61285,2003-07-09,
2443,979,1.22569,2003-07-09,
2443,1470,0.85,2016-08-17,
2443,1665,0.135,2007-06-14,
2444,347,0.59172,1997-05-01,
2444,1015,0.73965,2003-07-09,
2444,1016,1.4793,2003-07-09,
2444,139,7.72,2003-07-09,
2444,553,1.92,2003-07-09,
2444,160,3.86,2003-07-09,
2444,1470,0.85,2009-04-16,
2445,347,0.71851,1997-05-01,
2445,357,1.01437,1997-05-01,
2445,1015,0.8981399999999999,2003-07-09,
2445,1016,1.7962799999999999,2003-07-09,
2445,1059,1.26796,2003-07-09,
2445,1060,2.53593,2003-07-09,
2445,1470,0.85,2009-04-16,
2447,341,0.90448,1997-05-01,
2447,383,1.1306,2003-07-09,
2447,415,2.2612,2003-07-09,
2448,347,0.59172,1997-05-01,
2448,1286,4.31,1997-05-01,
2448,1016,1.4793,2003-07-09,
2448,1015,0.73965,2003-07-09,
2448,1470,0.85,2004-03-04,
2449,347,0.8664400000000001,1997-05-01,
2449,357,1.0354999999999999,1997-05-01,
2449,1015,1.08305,2003-07-09,
2449,1016,2.1661,2003-07-09,
2449,1059,1.2943799999999999,2003-07-09,
2449,1060,2.5887599999999997,2003-07-09,
2449,1470,0.85,2004-03-04,
2450,357,1.0354999999999999,1997-05-01,
2450,1059,1.2943799999999999,2003-07-09,
2450,1060,2.5887599999999997,2003-07-09,
2450,1470,0.85,2004-03-04,
2451,347,0.61119,2014-12-16,
2451,1015,0.7639900000000001,2014-12-16,
2451,1016,1.52797,2014-12-16,
2451,1470,0.85,2004-03-04,
2452,347,0.8664400000000001,1997-05-01,
2452,1015,1.08305,2003-07-09,
2452,1016,2.1661,2003-07-09,
2452,1470,0.85,2004-03-04,
2453,1470,0.85,2004-03-04,
2453,1059,1.2943799999999999,2005-02-10,
2454,357,1.01437,1997-05-01,
2454,1059,1.26796,2003-07-09,
2454,1060,2.53593,2003-07-09,
2454,1470,0.85,2004-03-04,
2455,347,0.49028,1997-05-01,
2455,1015,0.61285,2003-07-10,
2455,1016,1.22569,2003-07-10,
2455,1470,0.85,2004-03-04,
2456,347,0.8664400000000001,1997-05-01,
2456,1015,1.08305,2003-07-10,
2456,1016,2.1661,2003-07-10,
2456,1470,0.85,2004-03-04,
2457,357,0.9974599999999999,1997-05-01,
2457,1059,1.24683,2003-07-10,
2457,1060,2.49366,2003-07-10,
2457,1470,0.85,2004-03-04,
2458,347,0.42688000000000004,1997-05-01,
2458,1015,0.5336,2003-07-10,
2458,1016,1.0672,2003-07-10,
2458,1470,0.85,2004-03-04,
2459,341,0.65511,1997-05-01,
2459,415,1.6377899999999999,2003-07-10,
2459,1470,0.85,2004-03-04,
2459,383,0.81889,2003-07-10,
2460,1290,0.76078,2003-07-10,
2460,1293,0.62975,2003-07-10,
2460,479,0.17,2023-05-26,
2460,1296,0.62,2003-07-10,
2460,1297,0.62,2003-07-10,
2460,1298,1.82,2003-07-10,
2460,1299,1.23,2003-07-10,
2460,1300,0.91,2003-07-10,
2460,1301,0.31,2003-07-10,
2460,1291,0.95097,2003-07-10,
2460,1292,1.90194,2003-07-10,
2460,1294,0.78719,2003-07-10,
2460,1295,1.57439,2003-07-10,
2460,1470,0.85,2004-03-04,
2461,341,1.01437,1997-05-01,
2461,383,1.26796,2003-07-10,
2461,415,2.53593,2003-07-10,
2461,160,1.23,2023-05-26,
2461,1470,0.85,2004-03-04,
2462,341,1.01437,1997-05-01,
2462,383,1.26796,2003-07-10,
2462,415,2.53593,2003-07-10,
2462,139,1.64,2003-07-10,
2462,160,1.11,2003-07-10,
2462,553,0.82,2003-07-10,
2463,341,1.0777700000000001,1997-05-01,
2463,383,1.34721,2003-07-10,
2463,415,2.69442,2003-07-10,
2464,383,1.28381,2003-07-10,
2464,415,2.56762,2003-07-10,
2464,341,1.02705,2023-05-26,
2465,341,1.0354999999999999,1999-06-08,
2465,383,1.2943799999999999,2003-07-10,
2465,415,2.5887599999999997,2003-07-10,
2465,640,0.6213000000000001,2004-03-04,
2466,341,1.0354999999999999,1997-05-01,
2466,383,1.2943799999999999,2003-07-10,
2466,415,2.5887599999999997,2003-07-10,
2466,640,0.6213000000000001,2004-03-04,
2467,383,1.2943799999999999,2003-07-10,
2467,415,2.5887599999999997,2003-07-10,
2467,341,1.0354999999999999,2023-05-26,
2467,640,0.6213000000000001,2004-03-04,
2468,341,1.05664,2003-07-10,
2468,383,1.3207900000000001,2003-07-10,
2468,415,2.64159,2003-07-10,
2468,640,0.63398,2004-03-04,
2469,341,1.03128,1997-05-01,
2469,383,1.2891,2003-07-10,
2469,415,2.57819,2003-07-10,
2469,640,0.61877,2004-03-04,
2470,347,0.54945,1997-05-01,
2470,1015,0.6868099999999999,2003-07-10,
2470,1016,1.37363,2003-07-10,
2470,139,1.83,2003-07-10,
2470,160,1.22,2003-07-10,
2470,553,0.61,2003-07-10,
2470,245,0.15,2003-07-10,
2470,1470,0.85,2004-03-05,
2471,1470,0.85,2004-03-05,
2471,383,0.8664400000000001,2005-02-10,
2472,357,0.9721,1997-05-01,
2472,341,0.6593399999999999,2023-05-26,
2472,383,0.82418,2003-07-10,
2472,415,1.64835,2003-07-10,
2472,1059,1.21513,2003-07-10,
2472,1060,2.43026,2003-07-10,
2472,1470,0.85,2004-03-05,
2473,341,1.06937,2014-02-03,
2473,383,1.3366999999999998,2014-02-03,
2473,415,2.6733999999999996,2014-02-03,
2474,341,0.68893,1997-05-01,
2474,383,0.86116,2003-07-10,
2474,415,1.72232,2003-07-10,
2475,371,1.03973,1997-05-01,
2475,971,1.29966,2003-07-10,
2475,979,2.59932,2003-07-10,
2476,245,0.06,2004-05-31,
2476,371,0.95943,1997-05-01,
2476,971,1.19928,2003-07-10,
2476,979,2.39856,2003-07-10,
2477,343,0.5748,2002-03-21,
2477,1031,0.71851,2003-07-10,
2477,1032,1.43702,2003-07-10,
2477,371,0.43956,2003-07-10,
2477,971,0.54945,2003-07-10,
2477,979,1.0989,2003-07-10,
2477,185,0.22,2003-07-10,
2477,1454,0.3,2004-03-02,
2478,1274,2.99,2003-07-10,
2478,1275,1.73,2003-07-10,
2478,1276,1.38,2003-07-10,
2478,1482,1.1,2004-03-02,
2478,341,0.53677,2004-05-31,
2478,415,1.34193,2004-05-31,
2478,1501,0.865,2012-09-06,
2478,383,0.67096,2016-11-22,
2479,217,2.02,1997-05-01,
2479,1482,1.1,2004-03-02,
2479,383,0.85059,2008-09-09,
2480,343,0.6593399999999999,1997-05-01,
2480,1237,2.8,2003-07-10,
2480,1238,1.8,2003-07-10,
2480,1239,1.4,2003-07-10,
2480,1031,0.82418,2003-07-10,
2480,1032,1.64835,2003-07-10,
2480,1470,0.85,2004-02-25,
2480,1232,0.37,2003-07-10,
2481,348,0.63398,1997-05-01,
2481,968,0.7924800000000001,2003-07-10,
2481,976,1.58495,2003-07-10,
2481,1470,0.85,2004-02-26,
2482,341,0.69715,2014-05-07,
2482,383,0.87177,2014-05-07,
2482,415,1.74354,2014-05-07,
2482,1470,0.85,2004-02-27,
2483,343,0.8875700000000001,1997-05-01,
2483,387,0.15203,1997-05-01,
2483,1031,1.10947,2003-07-10,
2483,1032,2.21894,2003-07-10,
2483,553,0.6,2003-07-10,
2483,139,1.28,2023-05-26,
2483,160,0.94,2023-05-26,
2483,1470,0.85,2004-03-01,
2484,343,0.62975,1997-05-01,
2484,371,0.38884,2003-07-10,
2484,1302,1.19,2003-07-10,
2484,553,0.74,2003-07-10,
2484,1303,0.1,2003-07-10,
2484,1222,1.64,1997-05-01,
2484,1031,0.78719,2003-07-10,
2484,1032,1.57439,2003-07-10,
2484,971,0.48605,2003-07-10,
2484,979,0.9721,2003-07-10,
2484,1470,0.85,2004-03-02,
2484,1501,0.595,2007-06-14,
2485,186,1.57,1997-05-01,
2485,1031,0.97211,2003-07-14,
2485,1032,1.94421,2003-07-14,
2485,343,0.77768,2023-05-26,
2485,1470,0.85,2004-03-02,
2486,343,0.57481,1997-05-01,
2486,186,1.57,1997-05-01,
2486,1031,0.71851,2004-03-02,
2486,1032,1.43702,2003-07-14,
2486,1470,0.85,2004-03-02,
2487,186,1.57,1997-05-01,
2487,1031,0.97211,2003-07-14,
2487,1032,1.94421,2003-07-14,
2487,343,0.77768,2023-05-26,
2487,1470,0.85,2004-03-02,
2490,160,1.11,2004-05-31,
2490,383,1.26796,2003-07-14,
2490,415,2.53593,2003-07-14,
2490,341,1.01437,2003-07-14,
2490,1470,0.85,2004-03-04,
2491,341,0.69741,2014-05-07,
2491,383,0.87177,2014-05-07,
2491,415,1.74354,2014-05-07,
2491,1470,0.85,2004-02-27,
2492,341,0.6931499999999999,1997-05-01,
2492,383,0.8664400000000001,2003-07-14,
2492,415,1.7328800000000002,2003-07-14,
2492,1470,0.85,2004-02-27,
2493,341,0.69741,2014-05-07,
2493,383,0.87177,2014-05-07,
2493,415,1.74354,2014-05-07,
2493,1470,0.85,2004-02-27,
2494,385,0.15203,1997-05-01,
2494,341,1.01437,2003-07-14,
2494,801,0.09,2014-11-05,
2494,383,1.26796,2003-07-14,
2494,415,2.53593,2003-07-14,
2495,1122,0.6043999999999999,2003-07-14,
2495,371,0.65511,2003-07-14,
2495,1219,1.35,2003-07-14,
2495,1220,0.65,2003-07-14,
2495,553,0.37,2003-07-14,
2495,245,0.07,2023-05-26,
2495,1123,0.7555,2003-07-14,
2495,1124,1.5109899999999998,2003-07-14,
2495,971,0.81889,2003-07-14,
2495,979,1.6377899999999999,2003-07-14,
2495,1454,0.3,2004-03-02,
2496,245,0.01,1997-05-01,
2496,341,0.8115000000000001,2003-07-14,
2496,383,1.01437,2003-07-14,
2496,415,2.02874,2003-07-14,
2497,245,0.06,2002-02-12,
2497,190,0.65,1997-05-01,
2497,1454,0.3,2004-03-02,
2498,385,0.15203,1997-05-01,
2498,341,1.01437,2003-07-14,
2498,801,0.09,2014-02-03,
2498,383,1.26796,2003-07-14,
2498,415,2.53593,2003-07-14,
2499,341,0.0634,1997-05-01,
2499,383,0.07925,2003-07-14,
2499,415,0.1585,2003-07-14,
2499,1481,0.04,2016-08-17,
2499,640,0.03804,2007-06-14,
2500,14,0.82,2003-07-14,
2500,341,0.57481,2003-07-14,
2500,383,0.71851,2003-07-14,
2500,415,1.43702,2003-07-14,
2500,1470,0.85,2004-02-25,
2501,371,0.71851,1997-05-01,
2501,14,0.5,1997-05-01,
2501,971,0.8981399999999999,2003-07-14,
2501,979,1.7962799999999999,2003-07-14,
2501,1470,0.85,2004-02-25,
2502,1470,0.85,2004-02-27,
2505,348,0.63398,1997-05-01,
2505,218,1.5,1997-05-01,
2505,968,0.7924800000000001,2003-07-09,
2505,976,1.58495,2003-07-09,
2505,1274,3.69,2003-07-09,
2505,1275,2.13,2003-07-09,
2505,1276,1.7,2003-07-09,
2505,1482,1.1,2004-03-02,
2506,218,1.5,1997-05-01,
2506,341,0.6594,2008-06-20,
2506,383,0.8242,2008-06-20,
2506,415,1.6484,2008-06-20,
2506,1482,1.1,2004-03-02,
2506,1501,0.75,2012-09-06,
2507,1454,0.3,2004-08-13,
2508,1454,0.3,2004-08-13,
2509,452,0.28350000000000003,2003-05-16,
2509,1454,0.3,2004-08-13,
2510,640,0.40575000000000006,2003-07-16,
2510,383,0.84531,2003-07-16,
2510,341,0.67625,2003-07-16,
2510,1454,0.3,2004-08-13,
2511,1454,0.3,2004-08-13,
2511,640,0.43216,2010-03-18,
2511,385,0.10804,2010-03-18,
2511,341,0.72027,2010-03-18,
2511,383,0.90034,2010-03-18,
2512,385,0.050679999999999996,1997-05-01,
2512,640,0.23838,2003-07-16,
2512,341,0.3973,2003-07-16,
2512,1467,0.15,2004-08-13,
2512,1494,0.2,2011-10-28,
2513,1467,0.15,2004-08-13,
2513,867,0.2,2010-01-13,
2514,867,0.2,2004-08-13,
2514,1454,0.3,2004-08-13,
2515,637,0.3375,1997-05-01,
2515,341,0.13525,1997-05-01,
2515,640,0.08115,2003-07-16,
2515,383,0.16906,2003-07-16,
2515,1454,0.3,2004-08-13,
2516,341,0.54525,2017-01-11,
2516,640,0.32715000000000005,2017-01-11,
2516,383,0.68156,2017-01-11,
2516,1454,0.3,2004-08-13,
2517,341,0.95943,1997-05-01,
2517,640,0.5756600000000001,2003-07-16,
2517,383,2.39856,2003-07-16,
2517,1454,0.3,2004-08-13,
2518,1454,0.3,2004-08-13,
2519,1454,0.3,2004-08-13,
2519,867,0.2,2012-08-28,
2521,341,0.63398,1997-05-01,
2521,385,0.0951,1997-05-01,
2521,640,0.3804,2004-08-13,
2521,1454,0.3,2004-08-13,
2522,640,0.3246,2003-07-16,
2522,385,0.08115,2003-07-16,
2522,383,0.67247,2003-07-16,
2522,341,0.541,2023-05-26,
2522,1454,0.3,2004-08-13,
2523,1467,0.15,2004-08-13,
2523,867,0.2,2011-05-03,
2524,1467,0.15,2004-08-13,
2524,867,0.2,2011-05-03,
2525,1467,0.15,2004-08-13,
2525,867,0.2,2011-09-14,
2526,614,0.59175,2014-09-11,
2526,341,0.19442,2000-11-09,
2526,1307,0.35509999999999997,2014-09-11,
2526,1308,0.73968,2014-09-11,
2526,640,0.11664999999999999,2003-07-16,
2526,383,0.24303,2003-07-16,
2526,1454,0.3,2004-08-13,
2527,383,0.67628,2014-05-07,
2527,640,0.3246,2003-07-16,
2527,341,0.54102,2014-05-07,
2527,1454,0.3,2004-08-13,
2528,341,0.56636,2023-05-26,
2528,640,0.33981,2003-07-16,
2528,383,0.70795,2003-07-16,
2528,1454,0.3,2004-08-13,
2529,341,1.08108,1997-05-01,
2529,385,0.16216,1997-05-01,
2529,428,0.32432,2003-07-16,
2529,383,0.64865,2003-07-16,
2529,1454,0.3,2016-08-17,
2530,385,0.050679999999999996,1997-05-01,
2530,428,0.08115,2003-07-16,
2530,383,0.33812,2003-07-16,
2530,341,0.2705,2023-05-26,
2530,1467,0.15,2004-08-13,
2530,867,0.2,2011-05-04,
2531,640,0.3678,2004-08-13,
2531,1454,0.3,2004-08-13,
2532,1454,0.3,2004-08-13,
2533,1494,0.2,2004-08-13,
2533,1467,0.15,2004-08-13,
2534,379,0.60017,2001-08-20,
2534,371,0.40152,2003-05-22,
2534,612,0.40152,2003-07-16,
2534,1313,0.45647,2023-05-26,
2534,1316,0.012,2003-07-16,
2534,1309,0.24091,2003-07-16,
2534,1310,0.5019,2003-07-16,
2534,971,0.5019,2003-07-16,
2534,1311,0.24091,2003-07-16,
2534,1011,0.75021,2003-07-16,
2534,1314,0.27388,2003-07-16,
2534,1315,0.57058,2003-07-16,
2534,1454,0.3,2004-08-13,
2534,1312,0.3601,2003-07-16,
2535,371,0.40152,2003-05-16,
2535,379,0.61285,1997-05-01,
2535,1312,0.36771,2003-07-18,
2535,1011,0.76606,2003-07-18,
2535,1311,0.24091,2003-07-18,
2535,971,0.5019,2003-07-18,
2535,1316,0.012,2003-07-18,
2535,1454,0.3,2004-08-13,
2536,1312,0.34996000000000005,2003-07-18,
2536,1011,0.7290800000000001,2003-07-18,
2536,379,0.58326,2023-05-26,
2536,626,0.32216,2003-07-18,
2536,1454,0.3,2004-08-13,
2537,626,0.32216,1997-05-01,
2537,379,0.66357,2003-05-16,
2537,1011,0.82946,2003-07-18,
2537,1312,0.39814,2003-07-18,
2537,1454,0.3,2004-08-13,
2538,626,0.29530999999999996,1997-05-01,
2538,379,0.60017,1997-05-01,
2538,1312,0.3601,2003-07-18,
2538,1011,0.75021,2003-07-18,
2538,1454,0.3,2004-08-13,
2539,640,0.35,2004-08-13,
2539,1454,0.3,2004-08-13,
2540,362,0.95943,1997-05-01,
2540,1317,0.28783000000000003,2003-07-18,
2540,1129,1.19928,2003-07-18,
2540,1318,0.5756600000000001,2003-07-18,
2540,1454,0.3,2016-08-17,
2543,1454,0.3,2004-08-13,
2544,633,0.17719000000000001,1997-05-01,
2544,341,0.59172,1997-05-01,
2544,640,0.35503,2003-07-18,
2544,383,0.73965,2003-07-18,
2544,1454,0.3,2004-08-13,
2545,513,0.03,1997-05-01,
2545,341,0.50719,1997-05-01,
2545,640,0.30431,2003-07-18,
2545,383,0.63398,2003-07-18,
2545,1454,0.3,2004-08-13,
2546,1319,0.57904,2023-05-26,
2546,1320,0.34741999999999995,2003-07-18,
2546,1321,0.7238,2003-07-18,
2546,1454,0.3,2004-08-13,
2547,411,0.315,2002-08-06,
2547,1319,0.54522,2023-05-26,
2547,1320,0.32713000000000003,2003-07-18,
2547,1321,0.6815300000000001,2003-07-18,
2547,1454,0.3,2004-08-13,
2548,385,0.16216,1997-05-01,
2548,341,1.08108,1997-05-01,
2548,428,0.32432,2003-07-18,
2548,383,1.3513499999999998,2003-07-18,
2548,1454,0.3,2016-08-17,
2549,1454,0.3,2004-08-13,
2549,640,0.36,2005-02-11,
2550,640,0.3931,2004-08-13,
2550,1454,0.3,2004-08-13,
2551,640,0.36,2004-08-13,
2551,1454,0.3,2004-08-13,
2552,640,0.3626,2004-08-13,
2552,1454,0.3,2004-08-13,
2552,341,0.6,2000-10-30,
2553,341,0.61285,1997-05-01,
2553,384,0.7071299999999999,1997-05-01,
2553,640,0.36771,2003-07-18,
2553,383,0.76606,2003-07-18,
2553,1454,0.3,2004-08-13,
2554,640,0.4633,2004-08-13,
2554,1454,0.3,2004-08-13,
2555,1454,0.3,2004-08-13,
2555,640,0.36,2005-02-11,
2556,640,0.3931,2004-08-13,
2556,1454,0.3,2004-08-13,
2557,43,0.07,1997-05-01,
2557,640,0.46,2004-08-13,
2557,1454,0.3,2004-08-13,
2558,618,0.33812,1997-05-01,
2558,369,0.54945,1997-05-01,
2558,1322,0.42265,2003-07-18,
2558,1323,0.6868099999999999,2003-07-18,
2558,1454,0.3,2004-08-13,
2558,1656,0.20287,2007-05-21,
2559,383,0.48,2004-08-13,
2559,1454,0.3,2004-08-13,
2559,640,0.23,2007-05-21,
2560,341,0.31276,1997-05-01,
2560,383,0.39096,2003-07-18,
2560,1454,0.3,2004-08-13,
2560,640,0.18766,2007-05-21,
2561,341,0.32543999999999995,1997-05-01,
2561,383,0.40680999999999995,2003-07-18,
2561,1454,0.3,2004-08-13,
2561,640,0.1953,2007-05-21,
2562,383,0.39130000000000004,2004-08-13,
2562,1454,0.3,2004-08-13,
2562,640,0.18780000000000002,2007-05-21,
2563,341,1.01437,1999-06-22,
2563,385,0.15203,1997-05-01,
2563,640,0.60862,2003-07-18,
2563,428,0.30431,2004-08-13,
2564,341,1.2510599999999998,1999-06-22,
2564,385,0.19257000000000002,1997-05-01,
2564,640,0.75063,2003-07-18,
2564,383,1.5637999999999999,2003-07-18,
2564,428,0.37532,2004-08-13,
2565,341,0.9551999999999999,1999-06-22,
2565,385,0.15203,1997-05-01,
2565,640,0.57312,2003-07-18,
2565,383,1.194,2003-07-18,
2566,341,1.01437,1999-06-22,
2566,385,0.15203,1997-05-01,
2566,383,1.26796,2003-07-18,
2566,640,0.60862,2003-07-18,
2567,343,0.48605,1997-05-01,
2567,379,0.57058,1997-05-01,
2567,685,0.14,2000-10-30,
2567,1324,0.29163,2003-08-06,
2567,1031,0.6075699999999999,2003-08-06,
2567,1312,0.34235,2003-08-06,
2567,1011,0.7132299999999999,2003-08-06,
2567,612,0.31699,2003-08-07,
2567,1310,0.39624000000000004,2003-08-07,
2567,1309,0.19018999999999997,2003-08-07,
2567,1454,0.3,2004-08-13,
2568,685,0.14,2000-10-30,
2568,1454,0.3,2004-08-13,
2568,640,0.3,2007-02-01,
2569,1454,0.3,2004-08-13,
2569,640,0.3,2007-02-01,
2571,160,0.02,1997-05-01,
2571,341,0.65511,1997-05-01,
2571,640,0.3931,2004-08-13,
2571,1454,0.3,2004-08-13,
2572,640,0.3906,2004-08-13,
2572,1454,0.3,2004-08-13,
2573,341,0.65511,1997-05-01,
2573,640,0.39307000000000003,2003-08-07,
2573,383,0.81889,2003-08-07,
2573,1454,0.3,2004-08-13,
2574,341,0.50719,1997-05-01,
2574,685,0.3,2000-10-30,
2574,640,0.30431,2003-08-07,
2574,383,0.63398,2003-08-07,
2574,1454,0.3,2004-08-13,
2575,1319,0.56635,2003-08-07,
2575,1320,0.33981,2003-08-07,
2575,1321,0.70795,2003-08-07,
2575,1454,0.3,2004-08-13,
2576,343,0.5,2001-12-19,
2576,341,0.56636,1997-05-01,
2576,1324,0.3,2003-08-07,
2576,383,0.70795,2003-08-07,
2576,640,0.33982,2003-08-07,
2576,1031,0.625,2003-08-07,
2576,1454,0.3,2004-08-13,
2577,341,0.57904,1997-05-01,
2577,640,0.34741999999999995,2003-08-07,
2577,383,0.7238,2003-08-07,
2577,1454,0.3,2004-08-13,
2578,341,0.5663900000000001,2014-04-29,
2578,640,0.33982999999999997,2014-04-29,
2578,383,0.70798,2014-04-29,
2578,1454,0.3,2004-08-13,
2579,341,0.60862,1997-05-01,
2579,640,0.36517000000000005,2003-08-07,
2579,383,0.76078,2003-08-07,
2579,1454,0.3,2004-08-13,
2580,609,0.29841999999999996,1997-05-01,
2580,341,0.4793,2008-02-29,
2580,640,0.2875,2008-02-29,
2580,415,1.1983,2008-02-29,
2580,389,0.8388,2008-02-29,
2580,990,0.5,2016-09-01,
2581,990,0.5,2004-10-26,
2582,1324,0.27642,2003-08-07,
2582,1031,0.57587,2003-08-07,
2582,1325,0.25106,2003-08-07,
2582,1007,0.5230400000000001,2003-08-07,
2582,343,0.46069000000000004,2023-05-26,
2582,354,0.41843,2023-05-26,
2582,334,0.14175000000000001,2003-08-07,
2582,1454,0.3,2004-08-13,
2583,640,0.27899999999999997,2004-08-13,
2583,1454,0.3,2004-08-13,
2584,341,0.46492,1997-05-01,
2584,621,0.28350000000000003,1997-05-01,
2584,640,0.27895,2003-08-07,
2584,383,0.58115,2003-08-07,
2584,1454,0.3,2004-08-13,
2585,384,0.28350000000000003,1997-05-01,
2585,341,0.50719,1997-05-01,
2585,640,0.30431,2003-08-07,
2585,383,0.63398,2003-08-07,
2585,1454,0.3,2004-08-13,
2586,640,0.34235,2003-08-07,
2586,383,0.7132299999999999,2003-08-07,
2586,341,0.57058,2023-05-26,
2586,385,0.08559,2023-05-26,
2586,685,0.017,2003-08-07,
2586,1454,0.3,2004-08-13,
2587,685,0.01,2003-08-07,
2587,1454,0.3,2004-08-13,
2587,640,0.3,2007-02-01,
2588,640,0.31192,2003-08-07,
2588,383,0.64983,2003-08-07,
2588,341,0.51986,2023-05-26,
2588,1454,0.3,2004-08-13,
2589,612,0.33812,1997-05-01,
2589,343,0.52832,1997-05-01,
2589,1324,0.31699,2003-08-07,
2589,1031,0.6604000000000001,2003-08-07,
2589,1454,0.3,2004-08-13,
2590,354,0.42265,1997-05-01,
2590,363,0.50719,1997-05-01,
2590,343,0.49451,2003-08-07,
2590,1324,0.2967,2003-08-07,
2590,1031,0.6181300000000001,2003-08-07,
2590,612,0.33812,2003-08-07,
2590,1309,0.20287,2003-08-07,
2590,1310,0.42265,2003-08-07,
2590,1326,0.30431,2003-08-07,
2590,1145,0.63398,2003-08-07,
2590,1007,0.52832,2003-08-07,
2590,1325,0.25359000000000004,2003-08-07,
2590,1454,0.3,2004-08-13,
2591,1454,0.3,2004-08-13,
2592,341,0.62975,1997-05-01,
2592,385,0.10135,1997-05-01,
2592,640,0.37784999999999996,2003-08-07,
2592,383,0.78719,2003-08-07,
2592,1454,0.3,2004-08-13,
2593,341,1.01315,1997-05-01,
2593,428,0.30406,2003-08-07,
2593,383,1.2668899999999998,2003-08-07,
2593,385,0.15203,2023-05-26,
2593,1454,0.3,2016-08-17,
2594,341,0.6043999999999999,1997-05-01,
2594,960,1.26,2023-05-26,
2594,383,0.7555,2003-08-07,
2594,640,0.36264,2003-08-07,
2594,1454,0.3,2004-08-13,
2596,385,0.16216,1997-05-01,
2596,341,1.08108,1997-05-01,
2596,428,0.32432,2003-08-07,
2596,383,1.3513499999999998,2003-08-07,
2596,1454,0.3,2016-08-17,
2597,1467,0.15,2004-08-13,
2597,867,0.2,2011-05-03,
2598,341,0.94595,1997-05-01,
2598,385,0.14189,1997-05-01,
2598,428,0.28378,2003-08-07,
2598,383,1.1824299999999999,2003-08-07,
2598,1454,0.3,2016-08-17,
2599,341,0.45647,1997-05-01,
2599,640,0.26627,2003-08-07,
2599,383,0.57058,2003-08-07,
2599,1454,0.3,2004-08-13,
2600,341,0.65511,1997-05-01,
2600,640,0.39307000000000003,2003-08-07,
2600,383,0.81889,2003-08-07,
2600,1454,0.3,2004-08-13,
2601,341,1.01437,1999-06-22,
2601,385,0.15203,1997-05-01,
2601,383,1.26796,2003-08-08,
2601,415,2.53593,2003-08-08,
2602,1454,0.3,2004-08-13,
2603,368,0.39307000000000003,2023-05-26,
2603,969,0.49134,2003-08-08,
2603,977,0.9826699999999999,2003-08-08,
2603,1454,0.3,2004-08-13,
2603,1657,0.23579999999999998,2007-05-21,
2604,341,0.31276,1997-05-01,
2604,640,0.18766,2003-08-08,
2604,383,0.39096,2003-08-08,
2604,1454,0.3,2004-08-13,
2605,341,1.05664,1997-05-01,
2605,385,0.16216,1997-05-01,
2605,428,0.32432,2003-08-08,
2605,383,1.3207900000000001,2003-08-08,
2605,1454,0.3,2016-08-17,
2607,640,0.162,2004-08-13,
2607,1454,0.3,2004-08-13,
2608,341,1.01351,1997-05-01,
2608,385,0.15203,1997-05-01,
2608,428,0.30405,2003-08-08,
2608,383,1.2668899999999998,2003-08-08,
2608,1454,0.3,2016-08-17,
2610,990,0.5,2004-10-26,
2611,385,0.08108,1997-05-01,
2611,341,0.63398,1997-05-01,
2611,640,0.38039,2003-08-08,
2611,383,0.76606,2003-08-08,
2611,1454,0.3,2004-08-13,
2612,1454,0.3,2004-08-13,
2612,640,0.36,2005-02-11,
2613,640,0.36,2004-08-13,
2613,1454,0.3,2004-08-13,
2614,640,0.3626,2004-08-13,
2614,1454,0.3,2004-08-13,
2615,1454,0.3,2004-08-13,
2616,379,0.60862,1997-05-01,
2616,608,0.46817,1997-05-01,
2616,1312,0.36517000000000005,2003-08-08,
2616,1011,0.76078,2003-08-08,
2616,1454,0.3,2004-08-13,
2617,341,0.57904,1997-05-01,
2617,640,0.34741999999999995,2003-08-08,
2617,383,0.7238,2003-08-08,
2617,1454,0.3,2004-08-13,
2618,341,0.5663900000000001,2014-04-30,
2618,383,0.70798,2014-04-30,
2618,640,0.33982999999999997,2014-04-30,
2618,1454,0.3,2004-08-13,
2619,341,0.95943,1997-05-01,
2619,640,0.5756600000000001,2003-08-08,
2619,383,1.19928,2003-08-08,
2619,1454,0.3,2004-08-13,
2620,383,0.67625,2003-08-08,
2620,640,0.3246,2003-08-08,
2620,341,0.54099,2003-08-08,
2620,1454,0.3,2004-08-13,
2621,341,0.57058,1997-05-01,
2621,383,0.7132299999999999,2003-08-08,
2621,640,0.34235,2003-08-08,
2621,1454,0.3,2004-08-13,
2622,341,0.56636,1997-05-01,
2622,383,0.70795,2003-08-08,
2622,640,0.33981,2003-08-08,
2622,1454,0.3,2004-08-13,
2623,385,0.16216,1997-05-01,
2623,341,1.08108,1997-05-01,
2623,428,0.32432,2003-08-08,
2623,383,1.3513499999999998,2003-08-08,
2623,1454,0.3,2016-08-17,
2624,379,0.58326,1997-05-01,
2624,1312,0.34996000000000005,2003-08-08,
2624,1011,0.7290800000000001,2003-08-08,
2624,626,0.32216,2003-08-08,
2624,1454,0.3,2004-08-13,
2625,626,0.32216,1997-05-01,
2625,379,0.66357,1997-05-01,
2625,1312,0.39814,2003-08-08,
2625,1011,0.82946,2003-08-08,
2625,1454,0.3,2004-08-13,
2626,626,0.29530999999999996,1997-05-01,
2626,379,0.60017,1997-05-01,
2626,1312,0.3601,2003-08-08,
2626,1011,0.75021,2003-08-08,
2626,1454,0.3,2004-08-13,
2627,1328,0.57904,1997-05-01,
2627,1329,0.34741999999999995,2003-08-08,
2627,1330,0.7238,2003-08-08,
2627,1454,0.3,2004-08-13,
2628,411,0.315,2002-08-06,
2628,379,0.54945,1997-05-01,
2628,1011,0.6815300000000001,2003-08-08,
2628,1312,0.32713000000000003,2003-08-08,
2628,1454,0.3,2004-08-13,
2629,385,0.16216,1997-05-01,
2629,341,1.08108,1997-05-01,
2629,428,0.32432,2003-08-08,
2629,383,1.3513499999999998,2003-08-08,
2629,1454,0.3,2016-08-17,
2632,341,0.5579,2008-06-20,
2632,343,0.5579,2008-06-20,
2632,1454,0.3,2004-08-13,
2632,640,0.335,2008-06-20,
2633,341,0.60862,1997-05-01,
2633,383,0.76078,2003-08-08,
2633,640,0.36517000000000005,2003-08-08,
2633,1454,0.3,2004-08-13,
2635,640,0.27899999999999997,2004-08-13,
2635,1454,0.3,2004-08-13,
2636,621,0.28350000000000003,1997-05-01,
2636,341,0.46492,1997-05-01,
2636,383,0.58115,2003-08-08,
2636,640,0.27895,2003-08-08,
2636,1454,0.3,2004-08-13,
2637,383,0.64983,2003-08-08,
2637,640,0.31192,2003-08-08,
2637,341,0.51986,2023-05-26,
2637,1454,0.3,2004-08-13,
2638,610,0.33353,1997-05-01,
2638,341,0.2705,1997-05-01,
2638,383,0.33812,2003-08-08,
2638,640,0.1623,2003-08-08,
2638,1454,0.3,2004-08-13,
2639,341,1.05664,1997-05-01,
2639,385,0.16216,1997-05-01,
2639,428,0.32432,2003-08-08,
2639,383,1.3207900000000001,2003-08-08,
2639,1454,0.3,2016-08-17,
2640,385,0.16216,1997-05-01,
2640,341,1.05664,1997-05-01,
2640,428,0.32432,2003-08-08,
2640,383,1.3207900000000001,2003-08-08,
2640,1454,0.3,2016-08-17,
2641,640,0.162,2004-08-13,
2641,1454,0.3,2004-08-13,
2642,341,0.57058,1997-05-01,
2642,383,0.7132299999999999,2003-08-08,
2642,640,0.34235,2003-08-08,
2642,1454,0.3,2004-08-13,
2643,341,1.01437,1999-06-22,
2643,385,0.15203,1997-05-01,
2643,383,1.26796,2003-08-08,
2643,415,2.53593,2003-08-08,
2643,640,0.30406,2007-02-01,
2644,636,0.3016,1997-05-01,
2644,341,0.51986,2023-05-26,
2644,640,0.31192,2003-08-08,
2644,383,0.64983,2003-08-08,
2644,1454,0.3,2004-08-13,
2645,610,0.33353,1997-05-01,
2645,341,0.2705,1997-05-01,
2645,383,0.33812,2003-08-08,
2645,640,0.1623,2003-08-08,
2645,1454,0.3,2004-08-13,
2650,1489,1.25,2004-08-16,
2650,1580,0.9,2006-11-29,
2651,348,0.59172,2006-09-18,
2651,1124,1.47929,2006-09-18,
2651,1455,1.0,2004-08-16,
2651,1496,0.75,2012-08-15,
2652,348,0.59172,2006-09-18,
2652,1124,1.47929,2006-09-18,
2652,1455,1.0,2004-08-16,
2652,1496,0.75,2012-08-16,
2653,1489,1.25,2004-08-16,
2653,1580,0.9,2006-11-29,
2654,1122,0.61285,2006-09-18,
2654,1124,1.53212,2006-09-18,
2654,1455,1.0,2004-08-16,
2654,1581,0.75,2006-11-29,
2655,348,0.59172,2006-09-18,
2655,1124,1.47929,2006-09-18,
2655,1455,1.0,2004-08-16,
2655,1581,0.75,2006-11-29,
2656,348,0.5327000000000001,2008-02-19,
2656,1124,1.3317500000000002,2008-02-19,
2656,1455,1.0,2004-08-16,
2656,1581,0.75,2006-11-29,
2657,348,0.5327000000000001,2008-02-19,
2657,1124,1.3317500000000002,2008-02-19,
2657,1455,1.0,2004-08-16,
2657,1581,0.75,2006-11-29,
2658,1489,1.25,2004-08-16,
2658,1580,0.9,2006-11-29,
2659,1122,0.5664,2006-09-18,
2659,1124,1.416,2006-09-18,
2659,1455,1.0,2004-08-16,
2659,1581,0.75,2006-11-29,
2660,1489,1.25,2004-08-16,
2660,502468,0.9,2012-08-16,
2661,1489,1.25,2004-08-16,
2661,502468,0.9,2012-08-16,
2662,1122,0.5664,2006-09-18,
2662,1124,1.416,2006-09-18,
2662,1455,1.0,2004-08-16,
2662,1496,0.75,2012-08-16,
2663,1489,1.25,2004-08-16,
2663,1580,0.9,2006-11-29,
2664,1122,0.5664,2006-09-18,
2664,1124,1.416,2006-09-18,
2664,1455,1.0,2004-08-16,
2664,1581,0.75,2006-11-29,
2665,1573,0.1,2004-08-16,
2666,1489,1.25,2004-08-16,
2666,502468,0.9,2012-08-16,
2667,1122,0.5664,2006-09-18,
2667,1124,1.416,2006-09-18,
2667,1455,1.0,2004-08-16,
2667,1496,0.75,2012-08-16,
2668,1489,1.25,2004-08-16,
2668,502468,0.9,2012-08-16,
2669,1122,0.5664,2006-09-18,
2669,1124,1.416,2006-09-18,
2669,1455,1.0,2004-08-16,
2669,1496,0.75,2012-08-16,
2670,1489,1.25,2004-08-16,
2670,1580,0.9,2006-11-29,
2676,1489,1.25,2004-08-16,
2676,502468,0.9,2012-08-16,
2683,1455,1.0,2004-08-16,
2683,1580,0.9,2006-11-29,
2685,344,0.5199,2008-06-23,
2685,975,1.2997,2008-06-23,
2685,1579,0.6,2004-08-16,
2685,1581,0.75,2006-11-29,
2687,344,0.5199,2008-06-23,
2687,975,1.2997,2008-06-23,
2687,1579,0.6,2004-08-16,
2687,1581,0.75,2006-11-29,
2689,344,0.5199,2008-06-23,
2689,975,1.2997,2008-06-23,
2689,1579,0.6,2004-08-16,
2689,1581,0.75,2006-11-29,
2690,1455,1.0,2004-08-16,
2690,502468,0.9,2012-08-16,
2692,344,0.5199,2008-06-23,
2692,975,1.2997,2008-06-23,
2692,1579,0.6,2004-08-16,
2692,1496,0.75,2012-08-16,
2694,344,0.5199,2008-06-23,
2694,975,1.2997,2008-06-23,
2694,1579,0.6,2004-08-16,
2694,1581,0.75,2006-11-29,
2696,344,0.5199,2008-06-23,
2696,975,1.2997,2008-06-23,
2696,1579,0.6,2004-08-16,
2696,1496,0.75,2012-08-16,
2698,344,0.5199,2008-06-23,
2698,975,1.2997,2008-06-23,
2698,1579,0.6,2004-08-16,
2698,1496,0.75,2012-08-16,
2700,344,0.49028,2003-12-24,
2700,975,1.2257,2003-12-24,
2700,1579,0.6,2004-08-16,
2700,1496,0.75,2012-08-16,
2702,344,0.49028,2003-12-24,
2702,975,1.2257,2003-12-24,
2702,1579,0.6,2004-08-16,
2702,1496,0.75,2012-08-16,
2704,344,0.49028,2003-12-24,
2704,975,1.2257,2003-12-24,
2704,1579,0.6,2004-08-16,
2704,1496,0.75,2012-08-16,
2704,183,3.13,2021-08-12,
2705,245,0.22667,2002-09-19,
2705,1467,0.15,2004-08-16,
2706,267,0.11029,1997-05-01,
2706,256,0.07955,1997-05-01,
2706,363,0.33812,2003-12-24,
2706,1146,0.67625,2003-12-24,
2706,1454,0.3,2004-08-16,
2707,245,0.027999999999999997,2003-12-29,
2707,341,0.51141,2003-12-29,
2707,415,1.27853,2003-12-29,
2707,1461,0.55,2004-08-16,
2707,1652,0.35,2007-01-08,
2707,1496,0.75,2012-08-16,
2708,273,0.21875,1997-05-01,
2708,271,0.29167000000000004,1997-05-01,
2708,363,0.59172,2003-12-29,
2708,1146,1.47929,2003-12-29,
2708,1461,0.55,2004-08-16,
2708,1496,0.75,2012-08-13,
2712,348,0.5664,2006-09-18,
2712,976,1.416,2006-09-18,
2712,1455,1.0,2004-08-16,
2712,1496,0.75,2012-08-16,
2713,1122,0.5664,2006-09-18,
2713,1124,1.416,2006-09-18,
2713,1455,1.0,2004-08-16,
2713,1496,0.75,2012-08-16,
2786,1455,1.0,2004-08-16,
2786,502468,0.9,2012-08-16,
2787,1489,1.25,2004-08-16,
2787,1580,0.9,2006-11-29,
2788,1489,1.25,2004-08-16,
2788,1580,0.9,2006-11-29,
2789,1470,0.85,2004-08-16,
2789,502468,0.9,2012-08-16,
2790,1122,0.5664,2006-09-18,
2790,1124,1.416,2006-09-18,
2790,1461,0.55,2004-08-16,
2790,403,0.56,2007-06-15,
2790,1496,0.75,2012-08-16,
2791,245,0.21,1997-05-01,
2791,348,0.5664,2006-09-18,
2791,976,1.416,2006-09-18,
2791,1461,0.55,2004-08-16,
2791,1496,0.75,2012-08-16,
2792,371,0.46490000000000004,2008-06-23,
2792,174,1.25,1997-05-01,
2792,979,1.1623999999999999,2008-06-23,
2792,1461,0.55,2004-08-16,
2792,245,0.28,2007-06-18,
2792,403,0.56,2007-06-18,
2792,1496,0.75,2012-08-16,
2797,1122,0.5664,2006-09-19,
2797,1124,1.416,2006-09-19,
2797,1461,0.55,2004-08-16,
2797,1496,0.75,2012-08-16,
2835,471,3.4019299999999997,1997-05-01,
2835,341,0.99763,1999-06-09,
2835,39,3.5416000000000003,1997-05-01,
2835,415,2.49408,2003-08-25,
2837,341,1.02131,1999-06-09,
2837,415,2.55328,2003-08-25,
2837,408,0.6,2023-05-26,
2837,640,0.6127900000000001,2004-08-17,
2837,383,1.27664,2007-06-25,
2838,434,1.41,2004-06-03,
2838,341,1.06189,1999-06-09,
2838,1587,1.38046,2004-08-17,
2838,415,2.6547300000000003,2004-06-03,
2841,497,0.14,1997-05-01,
2841,96,0.15875,1997-05-01,
2842,341,1.09232,1999-06-07,
2842,415,2.7308,2004-06-03,
2843,341,1.13629,1999-06-07,
2843,923,0.5113300000000001,2004-08-17,
2844,341,0.94014,1999-06-07,
2844,923,0.42306,2004-08-17,
2845,341,0.9785299999999999,2017-01-20,
2845,923,0.44034,2017-01-20,
2846,341,0.9785299999999999,2017-01-20,
2846,923,0.44034,2017-01-20,
2847,341,0.9785299999999999,2017-01-20,
2847,923,0.44034,2017-01-20,
2848,341,0.99763,2017-01-20,
2848,1589,0.8978700000000001,2017-01-20,
2848,383,1.24704,2017-01-20,
2849,341,0.99425,2017-01-20,
2849,388,1.4913800000000001,2017-01-20,
2850,341,0.99425,2017-01-20,
2850,388,1.4913800000000001,2017-01-20,
2850,383,1.24281,2017-01-20,
2852,341,0.99425,2017-01-20,
2852,388,1.4913800000000001,2017-01-20,
2852,383,1.24281,2017-01-20,
2853,341,1.0017,2008-06-24,
2853,39,3.556,2008-06-24,
2853,415,2.5042500000000003,2008-06-24,
2854,341,1.04498,1999-06-09,
2854,39,3.70968,1997-05-01,
2854,415,2.61245,2003-08-25,
2855,341,1.03145,1999-06-09,
2855,39,3.6616500000000003,1997-05-01,
2855,415,2.57863,2003-08-25,
2856,341,1.04836,1999-06-09,
2856,39,3.72168,1997-05-01,
2856,415,2.6209,2003-08-25,
2857,341,1.0415999999999999,2016-08-16,
2857,39,3.69767,2016-08-16,
2857,415,2.6039999999999996,2016-08-16,
2857,1353,5.207999999999999,2016-08-19,
2858,39,3.72168,1997-05-01,
2858,341,1.04836,1999-06-09,
2858,415,2.6209,2003-08-25,
2859,341,1.0382,2002-02-12,
2859,39,3.68565,1997-05-01,
2859,415,2.5955,2003-08-25,
2860,341,1.03145,1999-06-09,
2860,39,3.6616500000000003,1997-05-01,
2860,415,2.57863,2007-10-18,
2861,341,1.0415999999999999,1999-06-09,
2861,39,3.6976799999999996,1997-05-01,
2861,415,2.60399,2003-08-25,
2862,385,0.12162,2003-08-25,
2862,341,0.8108,2003-08-28,
2862,1590,0.05,2004-08-17,
2863,341,1.08199,2023-05-26,
2863,415,2.7049900000000004,2003-08-25,
2863,389,1.89348,2004-08-17,
2864,1349,0.22041,2003-08-28,
2864,1590,0.05,2004-08-17,
2865,341,1.11768,1999-06-09,
2865,415,2.79419,1997-05-01,
2865,389,1.95594,2004-08-17,
2866,385,0.19763999999999998,2007-10-19,
2866,341,1.26796,2008-06-24,
2867,341,1.19189,2023-05-26,
2867,415,2.97971,2003-08-28,
2867,389,2.08581,2004-08-17,
2868,341,1.02131,1999-06-09,
2868,38,2.90052,1997-05-01,
2868,383,1.27663,2003-08-28,
2868,415,2.55326,2003-08-28,
2869,1350,0.2898,2003-08-28,
2871,341,1.1633,1999-06-09,
2871,415,2.9082600000000003,2003-08-28,
2871,389,2.03578,1997-05-01,
2873,341,1.00101,1999-06-07,
2873,389,1.7517699999999998,2003-08-28,
2873,415,2.5025,2003-08-28,
2874,439,0.00918,2003-08-27,
2874,341,0.18367,2003-08-27,
2875,341,1.0112999999999999,1999-06-09,
2875,415,2.52826,2003-08-27,
2875,389,1.7697800000000001,1997-05-01,
2876,439,0.00918,2003-08-27,
2876,341,0.18367,2003-08-27,
2877,341,1.0112999999999999,1999-06-09,
2877,415,2.52826,2003-08-27,
2877,389,1.7697800000000001,1997-05-01,
2878,439,0.00918,2003-08-27,
2878,341,0.18359999999999999,2003-08-27,
2879,341,1.0112999999999999,1999-06-09,
2879,415,2.52826,2003-08-27,
2879,389,1.7697800000000001,1997-05-01,
2880,428,0.13,2008-06-24,
2880,341,0.43920000000000003,2008-06-24,
2881,1348,0.13,2008-06-24,
2881,341,0.6598999999999999,2008-06-24,
2882,1348,0.13,2008-06-24,
2882,341,0.6598999999999999,2008-06-24,
2883,341,0.46939,1997-05-01,
2883,439,0.02347,2003-08-28,
2884,341,1.01416,1999-06-09,
2884,415,2.5354,2003-08-28,
2884,389,1.77478,1997-05-01,
2885,341,1.0348300000000001,1999-06-07,
2885,383,1.2943799999999999,2003-08-28,
2885,415,2.5887599999999997,2003-08-28,
2888,341,1.19209,1997-05-01,
2888,484,4.23192,1997-05-01,
2889,341,1.04818,1999-06-07,
2889,383,1.31023,2003-08-28,
2889,415,2.6205000000000003,2003-08-28,
2892,484,4.38197,1997-05-01,
2892,341,1.2342,2008-06-26,
2893,341,1.04498,2016-08-16,
2893,383,1.3062200000000002,2016-08-16,
2893,415,2.61245,2016-08-16,
2894,341,1.2315399999999999,1997-05-01,
2894,484,4.36196,1997-05-01,
2894,428,0.36945999999999996,2003-08-29,
2895,341,1.04498,2016-08-16,
2895,383,1.3062200000000002,2016-08-16,
2895,415,2.61245,2016-08-16,
2896,428,0.21428999999999998,2011-05-05,
2896,341,0.7143,2011-05-05,
2898,428,0.21428999999999998,2003-08-29,
2898,341,0.7143,2003-08-29,
2899,415,2.80008,1997-05-01,
2899,383,1.40004,2003-08-29,
2899,341,1.12003,2023-05-26,
2900,428,0.21419,2011-05-05,
2900,341,0.7143,2011-05-05,
2902,428,0.21428999999999998,2003-08-29,
2902,341,0.7143,2003-08-29,
2903,383,1.40004,2003-08-29,
2903,341,1.12003,2023-05-26,
2903,415,2.80008,2003-08-29,
2904,341,1.05664,2003-08-29,
2904,383,1.3207900000000001,2003-08-29,
2904,415,2.64159,2003-08-29,
2905,383,0.9933,2008-06-26,
2905,415,1.9866,2008-06-26,
2905,341,0.7946,2008-06-26,
2906,341,0.7016100000000001,2023-05-26,
2906,383,0.87701,2003-08-29,
2906,415,1.75402,2003-08-29,
2906,553,2.5,2014-02-06,
2906,160,3.33,2014-02-06,
2906,139,4.58,2014-02-06,
2907,1349,0.22449000000000002,2003-08-29,
2908,383,1.40533,2003-08-29,
2908,341,1.12426,2023-05-26,
2908,415,2.81065,2003-08-29,
2909,341,1.00169,2023-05-26,
2909,389,1.7529599999999999,2003-08-29,
2909,415,2.50423,2003-08-29,
2910,439,0.00714,2004-02-09,
2910,341,0.14286,2003-08-29,
2911,341,1.0044,2016-08-16,
2911,415,2.512,2016-08-16,
2911,383,1.2555,2016-08-16,
2911,389,1.75769,2016-08-16,
2912,1352,0.01429,2003-08-29,
2912,341,0.1429,2003-08-29,
2914,439,0.03846,2004-06-03,
2914,341,0.76923,2004-06-03,
2915,341,1.0947,2023-05-26,
2915,415,2.7367000000000004,2003-08-29,
2915,383,2.7367000000000004,2003-08-29,
2915,389,1.9157300000000002,2004-08-18,
2916,341,1.00169,2001-03-21,
2916,389,1.7529599999999999,2003-08-29,
2916,415,2.50423,2003-08-29,
2918,341,1.00169,1999-06-07,
2918,1354,3.30558,2003-08-29,
2918,1355,7.5127,2003-08-29,
2918,415,2.50423,2003-08-29,
2918,1353,5.00845,2004-08-18,
2919,341,1.00101,2016-08-16,
2919,383,1.2512699999999999,2016-08-16,
2919,1353,5.00507,2016-08-16,
2919,415,2.5025399999999998,2016-08-16,
2920,341,1.03709,2014-01-10,
2920,39,3.6817,2014-01-10,
2920,415,2.5927,2014-01-10,
2921,341,1.19209,1997-05-01,
2921,484,4.23191,2003-08-29,
2922,341,1.04818,1999-06-07,
2922,383,1.31023,2003-08-29,
2922,415,2.6205000000000003,2003-08-29,
2924,341,1.17687,1999-06-07,
2924,923,0.52959,2004-08-18,
2925,341,1.09468,2016-08-16,
2925,923,0.49261000000000005,2016-08-16,
2925,638,0.54734,2016-08-16,
2926,341,1.00101,1999-06-09,
2926,39,3.55359,1997-05-01,
2926,415,2.5025399999999998,2003-08-27,
2928,341,1.0821800000000001,1999-06-09,
2928,389,1.89381,1997-05-01,
2928,415,2.70544,2003-08-28,
2929,341,1.06527,1999-06-09,
2929,389,1.86422,1997-05-01,
2929,415,2.66317,2003-08-28,
2930,341,1.006,2008-06-26,
2930,389,1.7604,2008-06-26,
2930,415,2.5149,2008-06-26,
2931,341,1.04272,1999-06-09,
2931,389,1.8247,1998-03-25,
2931,415,2.60681,2003-08-28,
2932,341,0.79472,2016-08-16,
2932,383,0.9934099999999999,2016-08-16,
2932,415,1.9868100000000002,2016-08-16,
2933,341,1.00186,2016-08-16,
2933,383,1.27325,2016-08-16,
2933,415,2.5465,2016-08-16,
2933,137,0.32,2023-05-26,
2933,1353,5.093,2016-08-16,
2934,341,0.9785299999999999,2016-08-16,
2934,923,0.44034,2016-08-16,
2935,341,0.9785299999999999,2016-08-16,
2935,923,0.44034,2016-08-16,
2936,341,1.22492,2016-08-16,
2936,923,0.55121,2016-08-16,
2937,341,1.01454,1999-06-07,
2937,1589,0.91309,2004-08-18,
2938,39,3.55359,1997-05-01,
2938,341,1.00101,1999-06-09,
2938,415,2.5025399999999998,2003-08-27,
2939,484,4.38197,1997-05-01,
2939,341,1.2343600000000001,1997-05-01,
2940,383,1.3062200000000002,2016-08-16,
2940,415,2.61245,2016-08-16,
2940,341,1.04498,2016-08-16,
2941,341,1.00101,1999-06-07,
2941,389,1.7529599999999999,2003-08-29,
2941,415,2.50423,2003-08-29,
2942,389,1.7529599999999999,2003-08-29,
2942,415,2.50423,2003-08-29,
2942,341,1.00169,2003-08-29,
2943,341,1.0044,1999-06-09,
2943,39,3.56561,1997-05-01,
2943,471,3.42499,1997-10-09,
2943,415,2.511,2004-06-03,
2948,341,0.99425,1999-06-09,
2948,310,0.441,2002-08-07,
2948,1592,1.04396,2004-08-18,
2949,341,1.02807,1999-06-09,
2949,309,0.304,2002-08-06,
2949,1592,1.07947,2004-08-18,
2951,410,0.725,2002-08-06,
2951,341,0.98072,1999-06-09,
2951,923,0.44132,2004-08-18,
2952,341,0.9785299999999999,2017-01-20,
2952,923,0.44034,2017-01-20,
2953,696,0.13,1997-05-01,
2953,697,0.14,1997-05-01,
2954,341,1.0354999999999999,2003-08-29,
2954,85,2.5887599999999997,2003-08-29,
2954,383,1.2943799999999999,2003-08-29,
2954,415,2.5887599999999997,2003-08-29,
2955,85,2.5870800000000003,1997-05-01,
2955,383,1.2943799999999999,2003-08-29,
2955,415,2.5887599999999997,2003-08-29,
2955,341,1.0354999999999999,2003-08-29,
2956,341,1.06932,2003-08-29,
2956,383,1.3366,2003-08-29,
2956,415,2.6732799999999997,2003-08-29,
2957,1356,0.25740999999999997,2003-08-29,
2957,341,0.6435299999999999,2003-08-29,
2958,341,1.10735,2003-08-29,
2958,415,2.76839,2023-05-26,
2958,383,1.38419,2003-08-29,
2959,341,1.04836,2016-08-16,
2959,383,1.31045,2016-08-16,
2959,415,2.6209,2016-08-16,
2960,341,1.0566,2002-04-18,
2960,383,1.3207900000000001,2003-08-29,
2960,415,2.64159,2003-08-29,
2961,383,1.32314,2016-08-16,
2961,415,2.6463,2016-08-16,
2961,341,1.05851,2016-08-16,
2963,341,1.0102,2008-06-27,
2963,383,1.2627,2008-06-27,
2963,415,2.5255,2008-06-27,
2964,385,0.14772,2004-06-04,
2964,341,0.98478,2004-06-04,
2964,415,2.46196,2004-06-04,
2965,341,1.07541,2016-08-16,
2965,415,2.6885399999999997,2016-08-16,
2965,383,1.3442699999999999,2016-08-16,
2966,37,3.4991199999999996,1997-05-01,
2966,341,1.00169,2023-05-26,
2966,383,1.25211,2003-08-29,
2966,415,2.50423,2003-08-29,
2967,383,1.31023,2003-08-29,
2967,415,2.6205000000000003,2003-08-29,
2967,341,1.04818,2003-08-29,
2968,341,1.05664,1999-06-07,
2968,383,1.3207900000000001,2003-08-29,
2968,415,2.64159,2003-08-29,
2969,341,1.05664,1999-06-07,
2969,383,1.3207900000000001,2003-08-29,
2969,415,2.64159,2003-08-29,
2970,341,1.08556,2016-08-16,
2970,389,1.8997300000000001,2016-08-16,
2970,415,2.7138999999999998,2016-08-16,
2971,341,0.8784000000000001,2008-06-27,
2971,428,0.2635,2008-06-27,
2972,220,7.642,1997-05-01,
2972,341,1.14643,2016-08-16,
2972,383,1.43304,2016-08-16,
2972,415,2.86608,2016-08-16,
2973,341,1.19378,2016-08-16,
2973,484,4.2419,2023-05-26,
2974,341,1.04818,2023-05-26,
2974,383,1.34721,2003-08-29,
2974,415,2.62045,2016-08-16,
2975,341,1.2259,1997-05-01,
2975,484,4.35196,2003-08-29,
2976,383,1.2522,2008-06-27,
2976,415,2.5044,2008-06-27,
2976,341,1.0017,2008-06-27,
2977,341,0.9785299999999999,2017-01-20,
2977,923,0.44034,2017-01-20,
2978,341,1.0044,1999-06-07,
2978,1586,3.56562,2004-08-18,
2979,341,0.60811,1997-05-01,
2979,383,0.7601399999999999,2003-08-29,
2980,398,0.254,1997-05-01,
2981,341,1.1026099999999999,1999-06-09,
2981,418,2.7565399999999998,1997-05-01,
2982,405,0.29100000000000004,1997-05-01,
2983,415,2.6885399999999997,2016-08-16,
2983,341,1.07541,2016-08-16,
2983,383,1.3442699999999999,2016-08-16,
2984,9,0.04,1997-05-01,
2984,1489,1.25,2004-08-19,
2984,1580,0.9,2006-11-29,
2985,9,0.04,1997-05-01,
2985,624,0.08,2007-06-15,
2985,1467,0.15,2004-10-14,
2986,97,0.79,2003-12-16,
2986,6,1.74165,1997-05-01,
2986,1489,1.25,2004-08-19,
2986,1580,0.9,2006-11-29,
2987,97,1.59,2003-12-16,
2987,107,3.1558100000000002,1997-05-01,
2987,1489,1.25,2004-08-19,
2987,1580,0.9,2006-11-29,
2988,97,1.5,2003-12-16,
2988,107,2.97624,1997-05-01,
2988,1489,1.25,2004-08-19,
2988,1580,0.9,2006-11-29,
2989,97,1.16,2003-12-16,
2989,106,2.38687,1997-05-01,
2989,1489,1.25,2004-08-20,
2989,1580,0.9,2006-11-29,
2990,97,0.31747,1997-05-01,
2990,103,0.63493,1997-05-01,
2990,1489,1.25,2004-08-19,
2990,1580,0.9,2006-11-29,
2991,97,2.18,2015-06-30,
2991,100,4.16527,1997-05-01,
2991,1489,1.25,2004-08-19,
2991,1580,0.9,2006-11-29,
2992,351,0.57481,2004-02-19,
2992,415,1.43702,2004-02-19,
2992,1455,1.0,2004-08-19,
2992,1581,0.75,2006-11-30,
2992,97,1.7,2014-02-06,
2993,97,1.59,2014-02-06,
2993,107,3.15476,1997-05-01,
2993,1489,1.25,2004-08-19,
2993,1580,0.9,2006-11-29,
2994,97,0.87,2000-10-19,
2994,351,0.5579,2000-10-19,
2994,415,1.39476,2004-01-09,
2994,1455,1.0,2004-08-19,
2994,1496,0.75,2012-08-17,
2995,341,1.08108,1997-05-01,
2995,385,0.16229,2004-02-04,
2995,1467,0.15,2004-08-19,
2996,97,0.87083,1997-05-01,
2996,6,1.74165,1997-05-01,
2996,1489,1.25,2004-08-19,
2996,1580,0.9,2006-11-29,
2997,196,0.2,2000-10-19,
2997,351,0.5579,2004-01-09,
2997,415,1.39476,2004-01-09,
2997,1461,0.55,2004-08-19,
2997,1581,0.75,2006-11-30,
2998,351,0.5579,2004-01-09,
2998,415,1.39476,2004-01-09,
2998,1461,0.55,2004-08-19,
2998,1581,0.75,2006-11-30,
2999,202,0.6627500000000001,1997-05-01,
2999,1461,0.55,2004-08-19,
2999,1652,0.35,2007-01-08,
2999,1496,0.75,2012-08-17,
3000,97,0.87083,1997-05-01,
3000,6,1.74165,1997-05-01,
3000,1489,1.25,2004-08-19,
3000,1580,0.9,2006-11-29,
3001,97,0.87,2000-10-19,
3001,351,0.5579,2004-01-09,
3001,415,1.39476,2004-01-09,
3001,1455,1.0,2004-08-19,
3001,1496,0.75,2012-08-17,
3002,97,2.04,2014-02-06,
3002,100,3.89777,1997-05-01,
3002,1489,1.25,2004-08-19,
3002,1580,0.9,2006-11-29,
3003,97,1.98,2014-02-06,
3003,99,3.8413299999999997,1997-05-01,
3003,1489,1.25,2004-08-19,
3003,1580,0.9,2006-11-29,
3004,97,2.04,2014-02-06,
3004,107,4.04769,1997-05-01,
3004,1489,1.25,2004-08-19,
3004,1580,0.9,2006-11-29,
3005,351,0.57481,2023-05-26,
3005,415,1.43702,2004-02-19,
3005,1455,1.0,2004-08-19,
3005,1581,0.75,2006-11-30,
3006,522,0.27765999999999996,1997-05-01,
3006,197,0.56565,1997-05-01,
3006,1455,1.0,2004-08-19,
3006,1670,0.83298,2007-06-15,
3007,351,0.5748,2023-05-26,
3007,415,1.43702,2004-02-04,
3007,1581,0.75,2006-11-30,
3007,1455,1.0,2006-11-30,
3008,196,0.42,1997-05-01,
3008,1455,1.0,2004-08-19,
3008,1496,0.75,2012-08-17,
3009,97,2.59,2014-02-06,
3009,100,4.94864,1997-05-01,
3009,1489,1.25,2004-08-20,
3009,1580,0.9,2006-11-29,
3010,351,0.57481,2004-02-19,
3010,1455,1.0,2004-08-19,
3010,415,1.43702,2004-06-07,
3010,1581,0.75,2006-11-30,
3010,97,2.02,2014-02-06,
3011,196,0.2,1997-05-01,
3011,1461,0.55,2016-09-12,
3011,1496,0.75,2012-08-17,
3012,351,0.57481,2023-05-26,
3012,415,1.43702,2004-02-19,
3012,1455,1.0,2004-08-19,
3012,1581,0.75,2006-11-30,
3012,583,1.59,2014-02-06,
3013,583,2.04,2014-02-06,
3013,102,7.91548,1997-05-01,
3013,1489,1.25,2004-08-19,
3013,1580,0.9,2006-11-29,
3014,97,1.89304,1997-05-01,
3014,106,3.7860700000000005,1997-05-01,
3014,1489,1.25,2005-02-11,
3014,1580,0.9,2006-11-29,
3015,351,0.5748,2023-05-26,
3015,415,1.43702,2004-02-04,
3015,1455,1.0,2004-08-19,
3015,1581,0.75,2006-11-30,
3016,524,0.11956,1997-05-01,
3016,341,0.59172,1997-05-01,
3016,415,1.47929,2004-01-09,
3016,1461,0.55,2004-08-19,
3016,1496,0.75,2012-08-17,
3017,98,0.36823999999999996,1997-05-01,
3017,1461,0.55,2004-08-19,
3017,1496,0.75,2012-08-17,
3018,106,3.7860700000000005,1997-05-01,
3018,97,1.84,2014-02-06,
3018,1489,1.25,2004-08-19,
3018,1580,0.9,2006-11-29,
3019,97,1.93,2014-02-06,
3019,99,3.7443299999999997,1997-05-01,
3019,1489,1.25,2004-08-19,
3019,1580,0.9,2006-11-29,
3020,583,1.93,2014-02-06,
3020,102,7.488659999999999,1997-05-01,
3020,1489,1.25,2004-08-19,
3020,1580,0.9,2006-11-29,
3021,106,2.30457,1997-05-01,
3021,97,1.15228,1997-05-01,
3021,1489,1.25,2004-08-19,
3021,1580,0.9,2006-11-29,
3022,351,0.57481,2004-02-19,
3022,415,1.43702,2004-02-19,
3022,1455,1.0,2004-08-19,
3022,1581,0.75,2006-11-30,
3023,341,0.8029999999999999,1997-05-01,
3023,37,3.61,2000-10-20,
3023,415,2.0075,2008-02-19,
3023,1461,0.55,2004-08-19,
3023,1581,0.75,2006-11-30,
3023,383,1.0039,2014-02-06,
3024,102,7.682670000000001,1997-05-01,
3024,583,1.98,2014-02-06,
3024,1489,1.25,2004-08-19,
3024,1580,0.9,2006-11-29,
3025,97,2.25,2014-02-06,
3025,100,4.29894,1997-05-01,
3025,1489,1.25,2004-08-19,
3025,1580,0.9,2006-11-29,
3026,99,3.62793,1997-05-01,
3026,97,1.87,2014-02-06,
3026,1489,1.25,2004-08-19,
3026,1580,0.9,2006-11-29,
3027,351,0.57481,2023-05-26,
3027,415,1.43702,2004-02-19,
3027,1455,1.0,2004-08-19,
3027,1581,0.75,2006-11-30,
3028,1489,1.25,2004-08-19,
3028,1580,0.9,2006-11-29,
3029,106,2.4486000000000003,1997-05-01,
3029,97,1.2243000000000002,1997-05-01,
3029,1489,1.25,2004-08-19,
3029,1580,0.9,2006-11-29,
3030,351,0.57481,2023-05-26,
3030,415,1.43702,2004-02-19,
3030,1455,1.0,2004-08-19,
3030,1581,0.75,2006-11-30,
3031,6,1.41096,1997-05-01,
3031,97,0.7054699999999999,1997-05-01,
3031,1489,1.25,2004-08-19,
3031,1580,0.9,2006-11-29,
3032,351,0.57481,2023-05-26,
3032,415,1.43702,2004-02-19,
3032,1455,1.0,2004-08-19,
3032,1581,0.75,2006-11-30,
3033,583,1.76,2014-02-06,
3033,102,6.82904,1997-05-01,
3033,1489,1.25,2004-08-19,
3033,1580,0.9,2006-11-29,
3034,105,1.23459,1997-05-01,
3034,97,0.61729,1997-05-01,
3034,1489,1.25,2004-08-19,
3034,1580,0.9,2006-11-29,
3035,351,0.57481,2023-05-26,
3035,415,1.43702,2004-02-19,
3035,1455,1.0,2004-08-19,
3035,1581,0.75,2006-11-30,
3036,583,1.98,2014-02-06,
3036,102,7.682670000000001,1997-05-01,
3036,1489,1.25,2004-08-19,
3036,1580,0.9,2006-11-29,
3037,351,0.57481,2004-02-19,
3037,415,1.43702,2004-02-19,
3037,1455,1.0,2004-08-19,
3037,1581,0.75,2006-11-30,
3037,583,1.55,2014-02-06,
3038,583,1.93,2014-02-06,
3038,102,7.488659999999999,1997-05-01,
3038,1489,1.25,2004-08-19,
3038,1580,0.9,2006-11-29,
3039,97,0.84878,1997-05-01,
3039,6,1.69756,1997-05-01,
3039,1489,1.25,2004-08-19,
3039,1580,0.9,2006-11-29,
3040,351,0.57481,2023-05-26,
3040,415,1.43702,2004-02-19,
3040,1455,1.0,2004-08-19,
3040,1581,0.75,2006-11-30,
3041,106,2.30457,1997-05-01,
3041,97,1.15228,1997-05-01,
3041,1489,1.25,2004-08-19,
3041,1580,0.9,2006-11-29,
3042,351,0.57481,2023-05-26,
3042,415,1.43702,2004-02-19,
3042,1455,1.0,2004-08-19,
3042,1581,0.75,2006-11-30,
3043,100,3.6493900000000004,1997-05-01,
3043,97,1.91,2014-02-06,
3043,1489,1.25,2004-08-19,
3043,1580,0.9,2006-11-29,
3044,351,0.57481,2023-05-26,
3044,415,1.43702,2004-02-19,
3044,1455,1.0,2004-08-19,
3044,1581,0.75,2006-11-30,
3045,385,0.14189,2004-02-19,
3045,341,0.94595,2004-01-09,
3045,1489,1.25,2004-08-19,
3045,1580,0.9,2006-11-29,
3046,1489,1.25,2004-08-19,
3046,1580,0.9,2006-11-29,
3047,583,1.93,2014-02-06,
3047,102,7.488659999999999,1997-05-01,
3047,1489,1.25,2004-08-19,
3047,1580,0.9,2006-11-29,
3048,1461,0.55,2004-08-19,
3049,583,1.98,2014-02-06,
3049,102,7.682670000000001,1997-05-01,
3049,1489,1.25,2004-08-19,
3049,1580,0.9,2006-11-29,
3050,351,0.57481,2004-01-09,
3050,196,0.2,1997-05-01,
3050,415,1.43702,2004-01-09,
3050,1461,0.55,2004-08-19,
3050,402,0.4,2007-08-16,
3050,1496,0.75,2012-08-17,
3051,583,1.98,2014-02-06,
3051,102,7.682670000000001,1997-05-01,
3051,1489,1.25,2004-08-19,
3051,1580,0.9,2006-11-29,
3052,102,7.682670000000001,1997-05-01,
3052,583,1.92067,1997-05-01,
3052,1489,1.25,2004-08-19,
3052,1580,0.9,2006-11-29,
3053,351,0.57481,2023-05-26,
3053,415,1.43702,2004-02-19,
3053,1455,1.0,2004-08-19,
3053,1581,0.75,2006-11-30,
3053,583,1.55,2014-02-06,
3054,234,0.38,1997-05-01,
3054,553,0.05,1997-05-01,
3054,1461,0.55,2004-08-19,
3054,341,0.37616,2004-06-07,
3054,415,0.94041,2004-06-07,
3054,37,1.06,2007-06-15,
3054,1581,0.75,2006-11-30,
3055,6,1.41096,1997-05-01,
3055,97,0.64,2014-02-06,
3055,1489,1.25,2004-08-19,
3055,1580,0.9,2006-11-29,
3055,341,0.70164,2014-02-06,
3055,383,0.87705,2014-02-06,
3055,415,1.7541,2014-02-06,
3056,97,1.3271799999999998,1997-05-01,
3056,106,2.65437,1997-05-01,
3056,1489,1.25,2004-08-19,
3056,1580,0.9,2006-11-29,
3057,351,0.57481,2023-05-26,
3057,415,1.43702,2004-02-19,
3057,1455,1.0,2004-08-19,
3057,1581,0.75,2006-11-30,
3058,97,2.38,2014-02-06,
3058,1489,1.25,2004-08-19,
3058,1580,0.9,2006-11-29,
3059,97,1.84,2014-02-06,
3059,1489,1.25,2004-08-20,
3059,1580,0.9,2006-11-29,
3060,1489,1.25,2004-08-20,
3060,1580,0.9,2006-11-29,
3061,351,0.5748,2000-10-20,
3061,415,1.4369999999999998,2004-01-09,
3061,1455,1.0,2004-08-20,
3061,1496,0.75,2012-08-17,
3062,97,2.38,2014-02-06,
3062,1489,1.25,2004-08-20,
3062,1580,0.9,2006-11-29,
3063,351,0.57481,2023-05-26,
3063,415,1.43702,2004-02-19,
3063,1455,1.0,2004-08-20,
3063,1581,0.75,2006-11-30,
3063,97,1.86,2014-02-06,
3064,1489,1.25,2004-08-20,
3064,1580,0.9,2006-11-29,
3065,276,0.25,1997-05-01,
3065,351,0.57481,2004-02-19,
3065,415,1.43702,2004-02-19,
3065,1455,1.0,2004-08-20,
3065,1581,0.75,2006-11-30,
3066,97,2.18,2014-02-06,
3066,100,4.16527,1997-05-01,
3066,1489,1.25,2004-08-20,
3066,1580,0.9,2006-11-29,
3067,351,0.57481,2023-05-26,
3067,415,1.43702,2004-02-19,
3067,1455,1.0,2004-08-20,
3067,1581,0.75,2006-11-30,
3067,97,1.7,2014-02-06,
3068,97,0.79548,1997-05-01,
3068,6,1.41096,1997-05-01,
3068,1489,1.25,2004-08-20,
3068,1580,0.9,2006-11-29,
3069,1489,1.25,2004-08-20,
3069,1580,0.9,2006-11-29,
3070,201,1.27,1997-05-01,
3070,351,0.57481,2004-01-09,
3070,415,1.43702,2004-01-09,
3070,1455,1.0,2004-08-20,
3070,1581,0.75,2006-11-30,
3071,196,0.2,1997-05-01,
3071,1461,0.55,2004-08-20,
3071,1496,0.75,2012-08-17,
3072,107,3.18,1997-05-01,
3072,97,1.59,1997-05-01,
3072,1489,1.25,2004-08-20,
3072,1580,0.9,2006-11-29,
3073,105,0.9876699999999999,1997-05-01,
3073,97,0.49384,1997-05-01,
3073,1489,1.25,2004-08-20,
3073,1580,0.9,2006-11-29,
3074,1455,1.0,2004-08-20,
3074,1581,0.75,2006-11-30,
3075,199,1.15719,1997-05-01,
3075,1489,1.25,2004-08-20,
3075,1580,0.9,2006-11-29,
3076,200,1.2926,1999-09-27,
3076,341,0.57481,2004-02-19,
3076,415,1.43702,2004-02-19,
3076,1455,1.0,2004-08-20,
3076,1581,0.75,2006-11-30,
3077,583,1.93,2014-02-06,
3077,1489,1.25,2004-08-20,
3077,1580,0.9,2006-11-29,
3078,351,0.57481,2004-02-19,
3078,415,1.43702,2004-02-19,
3078,1455,1.0,2004-08-20,
3078,1581,0.75,2006-11-30,
3079,1489,1.25,2004-08-20,
3079,1580,0.9,2006-11-29,
3080,351,0.57481,2004-02-19,
3080,415,1.43702,2004-02-19,
3080,1455,1.0,2004-08-20,
3080,1581,0.75,2006-11-30,
3081,349,0.65089,2004-01-09,
3081,37,1.65,2000-10-20,
3081,415,1.62722,2004-01-09,
3081,1461,0.55,2004-08-20,
3081,1581,0.75,2006-11-30,
3081,341,0.65093,2014-02-10,
3081,383,0.81365,2014-02-10,
3082,583,0.98,2014-02-10,
3082,1489,1.25,2004-08-20,
3082,1580,0.9,2006-11-29,
3083,349,0.61708,1997-05-01,
3083,37,1.78,2000-10-20,
3083,1455,1.0,2004-08-20,
3083,1120,1.5426900000000001,2004-06-07,
3083,1496,0.75,2012-08-17,
3083,1461,0.55,2013-02-21,
3084,349,0.65089,1997-05-01,
3084,37,1.72,2000-10-20,
3084,1455,1.0,2004-08-20,
3084,1120,1.62722,2004-06-07,
3084,1496,0.75,2012-08-17,
3084,1461,0.55,2013-02-21,
3085,1489,1.25,2004-08-20,
3085,1580,0.9,2006-11-29,
3086,341,0.8664400000000001,1997-05-01,
3086,415,2.1661,2004-01-09,
3086,1455,1.0,2004-08-20,
3086,383,1.08305,2007-06-15,
3087,583,1.97887,1997-05-01,
3087,1489,1.25,2004-08-20,
3087,1580,0.9,2006-11-29,
3088,196,0.2,1997-05-01,
3088,341,0.57481,2004-01-09,
3088,415,1.43702,2004-01-09,
3088,1461,0.55,2004-08-20,
3088,1496,0.75,2012-08-17,
3089,106,1.89304,1997-05-01,
3089,97,0.94652,1997-05-01,
3089,1489,1.25,2004-08-20,
3089,1580,0.9,2006-11-29,
3090,351,0.57481,2023-05-26,
3090,415,1.43702,2004-02-19,
3090,1455,1.0,2004-08-20,
3090,1581,0.75,2006-11-30,
3091,583,1.4841499999999999,1997-05-01,
3091,1489,1.25,2004-08-20,
3091,1580,0.9,2006-11-29,
3092,583,1.8139599999999998,1997-05-01,
3092,1489,1.25,2004-08-20,
3092,1580,0.9,2006-11-29,
3093,150,1.72,2014-02-10,
3093,415,1.24683,2004-02-25,
3093,341,0.49872999999999995,2004-02-25,
3093,1489,1.25,2004-08-20,
3093,1580,0.9,2006-11-29,
3094,351,0.49872999999999995,2004-02-19,
3094,415,1.24683,2004-02-19,
3094,1455,1.0,2004-08-20,
3094,1581,0.75,2006-11-30,
3095,351,0.53254,2004-01-12,
3095,415,1.3313599999999999,2004-01-12,
3095,1455,1.0,2004-08-20,
3095,383,0.6656799999999999,2007-06-15,
3095,1496,0.75,2012-08-17,
3096,70,0.23148,1997-05-01,
3096,1489,1.25,2004-08-20,
3096,1580,0.9,2006-11-29,
3097,351,0.49872999999999995,1997-05-01,
3097,1455,1.0,2004-08-20,
3097,415,1.24683,2004-06-07,
3097,1581,0.75,2006-11-30,
3098,349,0.57058,1997-05-01,
3098,37,1.25,2004-01-12,
3098,415,1.4264599999999998,2004-01-12,
3098,1461,0.55,2004-08-20,
3098,383,0.7132200000000001,2007-06-15,
3098,1581,0.75,2006-11-30,
3099,28,0.6,1997-05-01,
3099,1455,1.0,2004-08-20,
3099,1581,0.75,2006-11-30,
3100,71,1.67695,1997-05-01,
3100,1489,1.25,2004-08-20,
3100,1580,0.9,2006-11-29,
3101,1489,1.25,2004-08-20,
3101,1580,0.9,2006-11-29,
3102,451,0.27,1997-05-01,
3102,341,0.59172,2004-01-12,
3102,415,1.47929,2004-01-12,
3102,1489,1.25,2004-08-20,
3102,1580,0.9,2006-11-29,
3103,341,0.59172,2004-01-12,
3103,415,1.47929,2004-01-12,
3103,1455,1.0,2004-08-20,
3103,1581,0.75,2006-11-30,
3104,160,0.11,2000-10-20,
3104,341,0.54522,1997-05-01,
3104,415,1.3630600000000002,2004-01-12,
3104,1455,1.0,2004-08-20,
3104,443,0.66,2007-06-15,
3104,1496,0.75,2012-08-17,
3105,341,0.53254,2004-01-12,
3105,415,1.3313599999999999,2004-01-12,
3105,1455,1.0,2004-08-20,
3105,1496,0.75,2012-08-17,
3106,7,2.07345,1997-05-01,
3106,348,0.61285,2004-01-12,
3106,976,1.53212,2004-01-12,
3106,1489,1.25,2004-08-20,
3106,1580,0.9,2006-11-29,
3106,502521,2.09,2014-02-10,
3107,1489,1.25,2004-08-20,
3107,1580,0.9,2006-11-29,
3108,8,0.32,1997-05-01,
3108,1455,1.0,2004-08-20,
3108,1496,0.75,2012-08-17,
3109,555,0.09,1997-05-01,
3109,141,0.2,2014-02-10,
3109,1489,1.25,2004-08-20,
3109,1580,0.9,2006-11-29,
3109,160,0.145,2014-02-10,
3110,341,0.63398,1997-05-01,
3110,141,0.20889,1997-05-01,
3110,415,1.58495,2004-01-12,
3110,1455,1.0,2004-08-20,
3111,141,0.12,1997-05-01,
3111,341,0.63398,1997-05-01,
3111,415,1.58495,2004-01-12,
3111,1455,1.0,2004-08-20,
3111,1668,0.6,2007-06-15,
3111,1581,0.75,2006-11-30,
3112,481,0.06,1997-05-01,
3112,341,0.95947,2014-02-10,
3112,37,1.6,2000-10-20,
3112,415,2.39868,2014-02-10,
3112,1461,0.55,2004-08-20,
3112,383,1.19934,2014-02-10,
3112,1581,0.75,2006-11-30,
3113,37,2.4,2000-10-20,
3113,341,1.01437,2004-02-19,
3113,415,2.52539,2004-02-19,
3113,383,1.26803,2014-02-10,
3114,1489,1.25,2004-08-20,
3114,1580,0.9,2006-11-29,
3115,341,0.63398,1997-05-01,
3115,160,0.16,1997-05-01,
3115,553,0.1,2004-01-12,
3115,139,0.2,2004-01-12,
3115,415,1.58495,2004-01-12,
3115,1489,1.25,2004-08-20,
3115,1580,0.9,2006-11-29,
3116,341,0.63398,1997-05-01,
3116,160,0.08,2004-01-12,
3116,415,1.58495,2004-01-12,
3116,1455,1.0,2004-08-20,
3116,1581,0.75,2006-11-30,
3116,502335,0.75,2007-08-29,
3117,1489,1.25,2004-08-20,
3117,1580,0.9,2006-11-29,
3118,443,0.84,1997-05-01,
3118,341,1.04818,1997-05-01,
3118,415,2.62046,2004-01-12,
3118,1489,1.25,2004-08-20,
3118,1580,0.9,2006-11-29,
3118,383,1.31029,2014-02-10,
3119,341,0.5536800000000001,1997-05-01,
3119,443,0.88,1997-05-01,
3119,160,0.14,2004-02-19,
3119,415,1.38419,2004-01-12,
3119,1455,1.0,2004-08-20,
3120,443,0.42,1999-09-27,
3120,1455,1.0,2004-08-20,
3120,1581,0.75,2006-11-30,
3121,515,0.08,2004-01-12,
3121,341,1.04818,1997-05-01,
3121,37,2.72,2000-10-20,
3121,415,2.62046,2004-01-12,
3121,1461,0.55,2004-08-20,
3121,383,1.31023,2007-06-15,
3121,1581,0.75,2006-11-30,
3121,349,0.68473,2014-02-10,
3121,1119,0.85592,2014-02-10,
3121,1120,1.71184,2014-02-10,
3122,160,0.5,1997-05-01,
3122,37,2.07,2000-10-20,
3122,341,0.98901,2000-10-20,
3122,415,2.47253,2004-01-12,
3122,1489,1.25,2004-08-20,
3122,1580,0.9,2006-11-29,
3123,341,0.56636,2004-01-12,
3123,139,0.155,2004-02-19,
3123,415,1.41589,2004-01-12,
3123,1455,1.0,2004-08-20,
3124,341,0.53254,2004-01-12,
3124,415,1.3313599999999999,2004-01-12,
3124,1455,1.0,2004-08-20,
3124,1496,0.75,2012-08-17,
3125,281,2.72,2006-01-30,
3125,1489,1.25,2004-08-20,
3125,1580,0.9,2006-11-29,
3126,341,0.63398,1997-05-01,
3126,415,1.58495,2004-01-12,
3126,1455,1.0,2004-08-20,
3126,1496,0.75,2012-08-27,
3127,1489,1.25,2004-08-20,
3127,1580,0.9,2006-11-29,
3128,1455,1.0,2004-08-20,
3128,1581,0.75,2006-11-30,
3129,196,0.2,1997-05-01,
3129,341,0.5748,2008-06-27,
3129,415,1.4371,2008-06-27,
3129,1461,0.55,2004-08-20,
3129,402,0.4,2007-06-15,
3129,1496,0.75,2012-08-17,
3130,349,0.63398,1997-05-01,
3130,37,1.77,2000-10-20,
3130,415,1.58495,2004-01-12,
3130,1461,0.55,2004-08-20,
3130,1581,0.75,2006-11-30,
3131,349,0.63398,1997-05-01,
3131,37,1.65,2000-10-20,
3131,415,1.58495,2004-01-12,
3131,1461,0.55,2004-08-20,
3131,1581,0.75,2006-11-30,
3132,349,0.61708,2004-01-12,
3132,37,1.78,2000-10-20,
3132,415,1.5426900000000001,2004-01-12,
3132,1461,0.55,2004-08-20,
3132,1581,0.75,2006-11-30,
3133,349,0.6508799999999999,2004-02-19,
3133,37,1.72,2000-10-20,
3133,415,1.62722,2004-02-19,
3133,1461,0.55,2004-08-20,
3133,1581,0.75,2006-11-30,
3134,351,0.5748,2004-02-04,
3134,415,1.43702,2004-02-04,
3134,1455,1.0,2004-08-20,
3134,1581,0.75,2006-11-30,
3135,351,0.5748,2023-05-26,
3135,456,0.97638,1999-09-27,
3135,415,1.43702,2004-02-04,
3135,1455,1.0,2004-08-20,
3135,1581,0.75,2006-11-30,
3136,351,0.5748,2023-05-26,
3136,415,1.43702,2004-02-04,
3136,1455,1.0,2004-08-20,
3136,1581,0.75,2006-11-30,
3137,351,0.5748,2004-02-04,
3137,415,1.43702,2004-02-04,
3137,1455,1.0,2004-08-20,
3137,1581,0.75,2006-11-30,
3138,351,0.5748,2023-05-26,
3138,415,1.43702,2004-02-04,
3138,1455,1.0,2004-08-20,
3138,1581,0.75,2006-11-30,
3139,351,0.5748,2023-05-26,
3139,415,1.43702,2004-02-04,
3139,1455,1.0,2004-08-20,
3139,1581,0.75,2006-11-30,
3140,351,0.5748,2004-02-04,
3140,415,1.43702,2004-02-04,
3140,1455,1.0,2004-08-20,
3140,1581,0.75,2006-11-30,
3141,351,0.5748,2023-05-26,
3141,415,1.43702,2004-02-04,
3141,1455,1.0,2004-08-20,
3141,1581,0.75,2006-11-30,
3141,97,1.59,2014-02-10,
3142,351,0.5748,2023-05-26,
3142,415,1.43702,2004-02-04,
3142,1455,1.0,2004-08-20,
3142,1581,0.75,2006-11-30,
3142,97,1.54,2014-02-10,
3143,351,0.5748,2004-02-04,
3143,415,1.43702,2004-02-04,
3143,1455,1.0,2004-08-20,
3143,1581,0.75,2006-11-30,
3143,583,1.59,2014-02-10,
3144,351,0.57481,2023-05-26,
3144,415,1.43702,2004-02-19,
3144,1455,1.0,2004-08-20,
3144,1581,0.75,2006-11-30,
3145,351,0.57481,2023-05-26,
3145,415,1.43702,2004-02-19,
3145,1455,1.0,2004-08-20,
3145,1581,0.75,2006-11-30,
3145,97,1.51,2014-02-10,
3146,351,0.5748,2023-05-26,
3146,415,1.43702,2004-02-04,
3146,1455,1.0,2004-08-20,
3146,1581,0.75,2006-11-30,
3146,583,1.51,2014-02-10,
3147,351,0.5748,2004-02-04,
3147,415,1.43702,2004-02-04,
3147,1455,1.0,2004-08-20,
3147,1581,0.75,2006-11-30,
3147,583,1.54,2014-02-10,
3148,351,0.57481,2004-02-19,
3148,415,1.43702,2004-02-19,
3148,1455,1.0,2004-08-20,
3148,1581,0.75,2006-11-30,
3149,351,0.57481,2004-02-19,
3149,415,1.43702,2004-02-19,
3149,1455,1.0,2004-08-20,
3149,1581,0.75,2006-11-30,
3150,341,0.57481,2004-02-19,
3150,415,1.43702,2004-02-19,
3150,1455,1.0,2004-08-20,
3150,1581,0.75,2006-11-30,
3151,351,0.57481,2023-05-26,
3151,415,1.43702,2004-02-19,
3151,1455,1.0,2004-08-20,
3151,1581,0.75,2006-11-30,
3152,351,0.57481,2023-05-26,
3152,415,1.43702,2004-02-19,
3152,1455,1.0,2004-08-20,
3152,1581,0.75,2006-11-30,
3152,583,1.51,2014-02-10,
3153,351,0.57481,2023-05-26,
3153,415,1.43702,2004-02-19,
3153,1455,1.0,2004-08-20,
3153,1581,0.75,2006-11-30,
3154,1455,1.0,2004-08-20,
3154,341,0.7861400000000001,2004-06-07,
3154,415,1.9653399999999999,2004-06-07,
3154,1581,0.75,2006-11-30,
3155,351,0.57481,2023-05-26,
3155,415,1.43702,2004-02-19,
3155,1455,1.0,2004-08-20,
3155,1581,0.75,2006-11-30,
3155,583,1.51,2014-02-10,
3156,351,0.57481,2023-05-26,
3156,415,1.43702,2004-02-19,
3156,1455,1.0,2004-08-20,
3156,1581,0.75,2006-11-30,
3156,583,1.54,2014-02-10,
3157,351,0.57481,2023-05-26,
3157,415,1.43702,2004-02-19,
3157,1455,1.0,2004-08-20,
3157,1581,0.75,2006-11-30,
3157,583,1.54,2014-02-10,
3158,351,0.57481,2023-05-26,
3158,415,1.43702,2004-02-19,
3158,1455,1.0,2004-08-20,
3158,1581,0.75,2006-11-30,
3158,583,1.54,2014-02-10,
3159,351,0.57481,2023-05-26,
3159,415,1.43702,2004-02-19,
3159,1455,1.0,2004-08-20,
3159,1581,0.75,2006-11-30,
3160,351,0.57481,2004-02-19,
3160,415,1.43701,2004-02-19,
3160,1455,1.0,2004-08-20,
3160,1581,0.75,2006-11-30,
3161,351,0.57481,2023-05-26,
3161,415,1.43702,2004-02-19,
3161,1455,1.0,2004-08-20,
3161,1581,0.75,2006-11-30,
3161,97,1.86,2014-02-10,
3162,351,0.57481,2004-02-19,
3162,415,1.43702,2004-02-19,
3162,1455,1.0,2004-08-20,
3162,1581,0.75,2006-11-30,
3163,351,0.5748,2023-05-26,
3163,415,1.43702,2004-02-04,
3163,1455,1.0,2004-08-20,
3163,1581,0.75,2006-11-30,
3164,351,0.5748,2023-05-26,
3164,415,1.43702,2004-02-04,
3164,1455,1.0,2004-08-20,
3164,1581,0.75,2006-11-30,
3165,341,0.57481,2004-02-19,
3165,415,1.43702,2004-02-19,
3165,1455,1.0,2004-08-20,
3165,1581,0.75,2006-11-30,
3166,351,0.57481,2004-02-19,
3166,415,1.43702,2004-02-19,
3166,1455,1.0,2004-08-20,
3166,1581,0.75,2006-11-30,
3166,583,1.54,2014-02-10,
3167,351,0.5748,2004-02-04,
3167,415,1.43702,2004-02-04,
3167,1455,1.0,2004-08-20,
3167,1581,0.75,2006-11-30,
3168,351,0.57481,2023-05-26,
3168,415,1.43702,2004-02-19,
3168,1455,1.0,2004-08-20,
3168,1581,0.75,2006-11-30,
3168,583,1.59,2014-02-10,
3169,351,0.57481,2023-05-26,
3169,415,1.43702,2004-02-19,
3169,1455,1.0,2004-08-20,
3169,1581,0.75,2006-11-30,
3169,97,1.54,2014-02-10,
3170,351,0.57481,2023-05-26,
3170,415,1.43702,2004-02-19,
3170,1455,1.0,2004-08-20,
3170,1581,0.75,2006-11-30,
3171,351,0.57481,2004-02-19,
3171,415,1.43702,2004-02-19,
3171,1455,1.0,2004-08-20,
3171,1581,0.75,2006-11-30,
3172,1455,1.0,2004-08-20,
3172,1581,0.75,2006-11-30,
3173,351,0.49872999999999995,1997-05-01,
3173,415,1.24683,2004-01-12,
3173,1455,1.0,2004-08-20,
3173,383,0.62341,2007-06-15,
3173,1581,0.75,2006-11-30,
3174,348,0.61285,1999-09-27,
3174,415,1.53212,2004-01-12,
3174,1455,1.0,2004-08-20,
3174,1581,0.75,2006-11-30,
3174,502521,1.63,2014-02-10,
3175,341,0.59172,2004-01-12,
3175,415,1.47929,2004-01-12,
3175,1455,1.0,2004-08-20,
3175,1581,0.75,2006-11-30,
3176,341,0.5917,2008-07-02,
3176,415,1.4794,2008-07-02,
3176,1455,1.0,2004-08-20,
3176,1581,0.75,2006-11-30,
3177,160,0.25,1997-05-01,
3177,1455,1.0,2004-08-20,
3177,1581,0.75,2006-11-30,
3178,351,0.5748,2004-02-04,
3178,415,1.43702,2004-02-04,
3178,1455,1.0,2004-08-20,
3178,1581,0.75,2006-11-30,
3179,351,0.5748,2004-02-04,
3179,415,1.43702,2004-02-04,
3179,1455,1.0,2004-08-20,
3179,1581,0.75,2006-11-30,
3180,97,1.59,2014-02-10,
3180,107,3.15476,1997-05-01,
3180,1489,1.25,2004-08-20,
3180,1580,0.9,2006-11-29,
3181,351,0.5748,2023-05-26,
3181,415,1.43702,2004-02-04,
3181,1455,1.0,2004-08-20,
3181,1581,0.75,2006-11-30,
3182,1489,1.25,2004-08-20,
3182,1580,0.9,2006-11-29,
3182,583,1.98,2014-02-10,
3183,351,0.5748,2004-02-04,
3183,415,1.43702,2004-02-04,
3183,1455,1.0,2012-01-25,
3183,1581,0.75,2006-11-30,
3183,583,1.78,2014-02-10,
3184,97,1.59,2014-02-10,
3184,107,3.15476,1997-05-01,
3184,1489,1.25,2004-08-20,
3184,1580,0.9,2006-11-29,
3185,351,0.5748,2023-05-26,
3185,415,1.43702,2004-02-04,
3185,1455,1.0,2004-08-20,
3185,1581,0.75,2006-11-30,
3186,97,0.8708100000000001,1997-05-01,
3186,6,1.7416200000000002,1997-05-01,
3186,1489,1.25,2004-08-20,
3186,1580,0.9,2006-11-29,
3187,351,0.57481,2023-05-26,
3187,415,1.43702,2004-02-19,
3187,1455,1.0,2004-08-20,
3187,1581,0.75,2006-11-30,
3188,451,0.27,1997-05-01,
3188,1489,1.25,2004-08-20,
3188,1580,0.9,2006-11-29,
3189,341,0.59172,1997-05-01,
3189,73,0.15,1997-05-01,
3189,415,1.47929,2004-01-13,
3189,1455,1.0,2004-08-20,
3189,1669,0.6,2007-06-15,
3189,1581,0.75,2006-11-30,
3190,341,0.72697,1997-05-01,
3190,443,0.59,1997-05-01,
3190,415,1.8174100000000002,2004-01-13,
3190,1455,1.0,2004-08-20,
3190,1581,0.75,2006-11-30,
3191,341,0.98901,1997-05-01,
3191,443,0.84,1997-05-01,
3191,415,2.47253,2004-01-13,
3191,1489,1.25,2004-08-20,
3191,1580,0.9,2006-11-29,
3192,443,0.59,1997-05-01,
3192,341,0.72697,1997-05-01,
3192,415,1.8174100000000002,2004-01-13,
3192,1455,1.0,2004-08-20,
3192,1581,0.75,2006-11-30,
3193,351,0.57481,2004-02-19,
3193,415,1.43702,2004-02-19,
3193,1455,1.0,2004-08-20,
3193,1581,0.75,2006-11-30,
3193,583,1.78,2014-02-10,
3194,97,2.31,2014-02-06,
3194,100,4.4136500000000005,1997-05-01,
3194,1489,1.25,2004-08-20,
3194,1580,0.9,2006-11-29,
3195,351,0.5748,2023-05-26,
3195,415,1.43702,2004-02-04,
3195,1455,1.0,2004-08-20,
3195,1581,0.75,2006-11-30,
3195,97,1.8,2014-02-06,
3196,97,1.1934399999999998,1997-05-01,
3196,106,2.38687,1997-05-01,
3196,1489,1.25,2004-08-20,
3196,1580,0.9,2006-11-29,
3197,97,1.21034,1997-05-01,
3197,107,2.42068,1997-05-01,
3197,1489,1.25,2004-08-20,
3197,1580,0.9,2006-11-29,
3198,97,1.93,2014-02-06,
3198,99,3.7443299999999997,1997-05-01,
3198,1489,1.25,2004-08-20,
3198,1580,0.9,2006-11-29,
3199,351,0.5748,2004-02-04,
3199,415,1.43702,2004-02-04,
3199,1455,1.0,2004-08-20,
3199,1581,0.75,2006-11-30,
3200,102,7.91548,1997-05-01,
3200,583,2.04,2014-02-06,
3200,1489,1.25,2004-08-20,
3200,1580,0.9,2006-11-29,
3201,1489,1.25,2004-08-20,
3201,1580,0.9,2006-11-29,
3202,97,1.59,2014-02-06,
3202,107,3.15481,1997-05-01,
3202,1489,1.25,2004-08-20,
3202,1580,0.9,2006-11-29,
3203,235,0.12,1997-05-01,
3203,349,0.62975,1997-05-01,
3203,37,1.06,2007-06-15,
3203,415,1.57439,2004-01-13,
3203,1461,0.55,2004-08-20,
3203,1581,0.75,2006-11-30,
3204,97,0.8708100000000001,1997-05-01,
3204,6,1.7416200000000002,1997-05-01,
3204,1489,1.25,2004-08-20,
3204,1580,0.9,2006-11-29,
3205,97,1.59,2014-02-06,
3205,1489,1.25,2004-08-20,
3205,1580,0.9,2006-11-29,
3206,351,0.57481,2023-05-26,
3206,415,1.43702,2004-02-19,
3206,1455,1.0,2004-08-20,
3206,1581,0.75,2006-11-30,
3207,349,0.61708,1997-05-01,
3207,37,1.71,2000-10-20,
3207,415,1.5426900000000001,2004-01-13,
3207,1461,0.55,2004-08-20,
3207,1581,0.75,2006-11-30,
3208,97,1.98,2014-02-10,
3208,1489,1.25,2004-08-20,
3208,1580,0.9,2006-11-29,
3209,159,1.5432400000000002,1997-05-01,
3209,1489,1.25,2004-08-20,
3209,1580,0.9,2006-11-29,
3210,348,0.61285,1997-05-01,
3210,415,1.53212,2004-01-13,
3210,1455,1.0,2004-08-20,
3210,383,0.76606,2007-06-15,
3210,1581,0.75,2006-11-30,
3211,139,0.07,1997-05-01,
3211,1489,1.25,2004-08-20,
3211,1580,0.9,2006-11-29,
3212,341,0.61285,1997-05-01,
3212,139,0.055,1997-05-01,
3212,415,1.53212,2004-01-13,
3212,1455,1.0,2004-08-20,
3212,443,0.3,2007-06-15,
3212,1581,0.75,2006-11-30,
3213,553,0.06,1997-05-01,
3213,139,0.15,1997-05-01,
3213,1489,1.25,2004-08-20,
3213,1580,0.9,2006-11-29,
3214,349,0.61708,1997-05-01,
3214,37,1.71,2000-10-20,
3214,415,1.5426900000000001,2004-01-13,
3214,1461,0.55,2004-08-20,
3214,1581,0.75,2006-11-30,
3215,351,0.57481,2004-02-19,
3215,415,1.43702,2004-02-19,
3215,1455,1.0,2004-08-20,
3215,1581,0.75,2006-11-30,
3216,97,1.6170900000000001,1997-05-01,
3216,107,3.2341800000000003,1997-05-01,
3216,1489,1.25,2004-08-20,
3216,1580,0.9,2006-11-29,
3217,583,1.98,2014-02-06,
3217,1489,1.25,2004-08-20,
3217,1580,0.9,2006-11-29,
3218,349,0.63398,1997-05-01,
3218,37,3.69,2001-08-15,
3218,415,1.58495,2004-01-13,
3218,1461,0.55,2004-08-20,
3218,1581,0.75,2006-11-30,
3219,583,1.98,2014-02-06,
3219,1489,1.25,2004-08-20,
3219,1580,0.9,2006-11-29,
3220,351,0.5748,2008-07-02,
3220,415,1.4371,2008-07-02,
3220,1455,1.0,2004-08-20,
3220,1581,0.75,2006-11-30,
3220,583,1.55,2014-02-06,
3221,101,6.309629999999999,1997-05-01,
3221,583,1.59,2000-10-20,
3221,1489,1.25,2004-08-20,
3221,1580,0.9,2006-11-29,
3222,349,0.63398,1997-05-01,
3222,37,4.54,2000-10-20,
3222,415,1.58495,2004-01-13,
3222,1461,0.55,2004-08-20,
3222,1581,0.75,2006-11-30,
3223,349,0.63398,1997-05-01,
3223,37,3.69,2001-08-15,
3223,415,1.58495,2004-01-13,
3223,1461,0.55,2004-08-20,
3223,1581,0.75,2006-11-30,
3224,349,0.541,1997-05-01,
3224,37,1.28,2004-01-13,
3224,139,0.057999999999999996,1997-05-01,
3224,415,1.35249,2004-01-13,
3224,1461,0.55,2004-08-20,
3224,1581,0.75,2006-11-30,
3225,349,0.63398,1997-05-01,
3225,37,4.54,2000-10-20,
3225,415,1.58495,2004-01-13,
3225,1461,0.55,2004-08-20,
3225,1581,0.75,2006-11-30,
3226,349,0.63398,1997-05-01,
3226,37,3.69,2000-10-20,
3226,415,1.58495,2004-01-13,
3226,1461,0.55,2004-08-20,
3226,1581,0.75,2006-11-30,
3227,351,0.5748,2008-07-02,
3227,415,1.4371,2008-07-02,
3227,1455,1.0,2004-08-20,
3227,1581,0.75,2006-11-30,
3228,351,0.5748,2008-07-02,
3228,415,1.4371,2008-07-02,
3228,1455,1.0,2004-08-20,
3228,1581,0.75,2006-11-30,
3230,1489,1.25,2004-08-20,
3230,1580,0.9,2006-11-29,
3231,1489,1.25,2004-08-20,
3231,1580,0.9,2006-11-29,
3232,351,0.5748,2008-07-02,
3232,415,1.4371,2008-07-02,
3232,1461,0.55,2004-08-20,
3232,1496,0.75,2012-08-17,
3233,1489,1.25,2004-08-20,
3233,1580,0.9,2006-11-29,
3234,1489,1.25,2004-08-20,
3234,1580,0.9,2006-11-29,
3235,1489,1.25,2004-08-20,
3235,1580,0.9,2006-11-29,
3237,351,0.49872999999999995,1997-05-01,
3237,415,1.24683,2004-01-13,
3237,1455,1.0,2004-08-20,
3237,1581,0.75,2006-11-30,
3238,351,0.49872999999999995,1997-05-01,
3238,415,1.24683,2004-01-13,
3238,1455,1.0,2004-08-20,
3238,1581,0.75,2006-11-30,
3239,351,0.57058,2004-02-19,
3239,415,1.4264599999999998,2004-02-19,
3239,1461,0.55,2004-08-20,
3239,1581,0.75,2006-11-30,
3240,108,0.4,1997-05-01,
3240,1455,1.0,2004-08-20,
3240,1496,0.75,2012-08-17,
3241,1489,1.25,2004-08-20,
3241,1580,0.9,2006-11-29,
3242,341,1.42857,1997-05-01,
3242,1461,0.55,2004-08-20,
3242,1581,0.75,2006-11-30,
3243,341,0.8326300000000001,1997-05-01,
3243,415,2.08157,2003-09-04,
3243,1455,1.0,2004-08-24,
3244,341,0.9721,1997-05-01,
3244,383,1.21513,2003-09-04,
3244,415,2.43026,2003-09-04,
3244,389,1.70118,2006-11-29,
3245,341,1.2510599999999998,1997-05-01,
3245,383,1.5637999999999999,2003-09-04,
3245,415,3.1275999999999997,2003-09-04,
3245,389,2.1893000000000002,2006-11-29,
3246,251,0.14,1997-05-01,
3247,341,1.06932,1997-05-01,
3247,383,1.3366,2003-09-04,
3247,415,2.6732799999999997,2003-09-04,
3247,389,1.8713,2006-11-29,
3248,341,1.07354,1997-05-01,
3248,383,1.34193,2003-09-04,
3248,415,2.68385,2003-09-04,
3248,389,1.8787,2006-11-29,
3249,341,1.12426,1997-05-01,
3249,383,1.40533,2003-09-04,
3249,415,2.8106999999999998,2003-09-04,
3249,389,1.9674,2006-11-29,
3250,383,1.3683400000000001,2003-09-04,
3250,415,2.7367000000000004,2003-09-04,
3250,341,1.0947,2023-05-26,
3250,389,1.9157,2006-11-29,
3251,341,1.06932,1997-05-01,
3251,383,1.3366,2003-09-04,
3251,415,2.6732799999999997,2003-09-04,
3251,389,1.8713,2006-11-29,
3252,341,0.77768,1997-05-01,
3252,415,1.94421,2003-09-04,
3252,1455,1.0,2004-08-24,
3253,341,0.78191,1997-05-01,
3253,383,0.9773900000000001,2003-09-04,
3253,415,1.9547800000000002,2003-09-04,
3253,389,1.3684,2006-11-29,
3254,341,1.01437,1997-05-01,
3254,383,1.26796,2003-09-04,
3254,415,2.53593,2003-09-04,
3254,389,1.7751,2006-11-29,
3255,341,0.82418,1997-05-01,
3255,415,1.0302200000000001,2003-09-04,
3255,1455,1.0,2004-08-24,
3256,341,0.7481,1997-05-01,
3256,383,0.93512,2003-09-04,
3256,415,1.87025,2003-09-04,
3256,389,1.3092,2006-11-29,
3257,341,0.77768,1997-05-01,
3257,415,1.94421,2003-09-04,
3257,1455,1.0,2004-08-24,
3258,341,0.7481,1997-05-01,
3258,383,0.93512,2003-09-04,
3258,415,1.87025,2003-09-04,
3258,389,1.3092,2006-11-29,
3259,341,0.77346,1997-05-01,
3259,415,1.93364,2003-09-04,
3259,1455,1.0,2004-08-24,
3260,341,0.7481,1997-05-01,
3260,383,0.93512,2003-09-04,
3260,415,1.87025,2003-09-04,
3260,389,1.3092,2006-11-29,
3261,341,1.10735,1997-05-01,
3261,383,1.38419,2003-09-04,
3261,415,2.76839,2003-09-04,
3261,389,1.9379,2006-11-29,
3264,341,0.7481,1997-05-01,
3264,383,0.93512,2003-09-04,
3264,415,1.87025,2003-09-04,
3264,389,1.3092,2006-11-29,
3265,341,1.08199,1997-05-01,
3265,383,1.35249,2003-09-04,
3265,415,2.7049900000000004,2003-09-04,
3265,389,1.8935,2006-11-29,
3266,341,1.10735,1997-05-01,
3266,383,1.38419,2003-09-04,
3266,415,2.76839,2003-09-04,
3266,389,1.9379,2006-11-29,
3267,341,0.8875700000000001,1997-05-01,
3267,415,2.21935,2003-09-04,
3267,1455,1.0,2004-08-24,
3268,341,0.71429,1997-05-01,
3268,383,0.89286,2003-09-04,
3268,415,1.7557099999999999,2003-09-04,
3268,389,1.229,2006-11-29,
3269,341,0.81572,1997-05-01,
3269,415,2.03931,2003-09-04,
3269,1455,1.0,2004-08-24,
3270,341,0.72274,1997-05-01,
3270,383,0.90342,2003-09-04,
3270,415,1.80685,2003-09-04,
3270,389,1.2648000000000001,2006-11-29,
3271,383,1.26796,2003-09-04,
3271,415,2.53593,2003-09-04,
3271,341,1.01437,2023-05-26,
3271,389,1.7751,2006-11-29,
3272,341,0.9087099999999999,1997-05-01,
3272,415,2.2718000000000003,2003-09-04,
3272,1455,1.0,2004-08-24,
3273,341,0.7565500000000001,1997-05-01,
3273,383,0.94569,2003-09-05,
3273,415,1.89138,2003-09-05,
3273,389,1.324,2006-11-29,
3274,341,0.8284,1997-05-01,
3274,415,2.07101,2003-09-05,
3274,1455,1.0,2004-08-24,
3275,341,0.7481,1997-05-01,
3275,383,0.93512,2003-09-05,
3275,415,1.87025,2003-09-05,
3275,389,1.3092,2006-11-29,
3276,341,1.10735,1997-05-01,
3276,383,1.38419,2003-09-05,
3276,415,2.76839,2003-09-05,
3276,389,1.9379,2006-11-29,
3277,341,1.08199,1997-05-01,
3277,383,1.35249,2003-09-05,
3277,415,2.7049900000000004,2003-09-05,
3277,389,1.8935,2006-11-29,
3278,385,0.08108,1997-05-01,
3278,341,0.43533,1997-05-01,
3278,867,0.2,2003-09-05,
3278,415,1.08833,2003-09-05,
3278,1494,0.2,2004-08-24,
3278,1467,0.15,2011-04-07,
3279,341,1.01437,1997-05-01,
3279,383,1.26796,2003-09-05,
3279,415,2.53593,2003-09-05,
3279,389,1.7751,2006-11-29,
3280,341,0.70583,1997-05-01,
3280,415,1.76458,2003-09-18,
3280,1455,1.0,2004-08-24,
3281,341,0.72274,1997-05-01,
3281,383,0.90342,2003-09-18,
3281,415,1.80685,2003-09-18,
3281,389,1.2648000000000001,2006-11-29,
3282,341,0.70583,1997-05-01,
3282,415,1.76458,2003-09-18,
3282,1455,1.0,2004-08-24,
3283,383,0.90347,2014-05-08,
3283,415,1.80694,2014-05-08,
3283,341,0.7227800000000001,2014-05-08,
3283,389,1.26486,2014-05-08,
3284,341,1.01437,1997-05-01,
3284,383,1.26796,2003-09-18,
3284,415,2.53593,2003-09-18,
3284,389,1.7751,2006-11-29,
3285,341,1.01437,1997-05-01,
3285,383,1.26796,2003-09-17,
3285,415,2.53593,2003-09-17,
3285,389,1.7751,2006-11-29,
3286,341,0.8875700000000001,1997-05-01,
3286,415,2.21894,2003-09-05,
3286,1455,1.0,2004-08-24,
3287,341,0.8199500000000001,1997-05-01,
3287,383,1.02494,2003-09-05,
3287,415,2.04987,2003-09-05,
3287,389,1.4349,2006-11-29,
3288,341,0.75232,1997-05-01,
3288,415,1.8808099999999999,2003-09-05,
3288,1455,1.0,2004-08-24,
3289,341,0.79459,1997-05-01,
3289,383,0.99328,2003-09-05,
3289,415,1.98648,2003-09-05,
3289,389,1.3906,2006-11-29,
3290,341,1.0186,1997-05-01,
3290,383,1.27325,2003-09-05,
3290,415,2.54649,2003-09-05,
3290,389,1.7826,2006-11-29,
3291,341,0.8537600000000001,1997-05-01,
3291,415,2.1344,2003-09-05,
3291,1455,1.0,2004-08-24,
3292,341,0.76923,1997-05-01,
3292,383,0.96154,2003-09-05,
3292,415,1.92308,2003-09-05,
3292,389,1.3462,2006-11-29,
3293,341,0.76078,1997-05-01,
3293,415,1.90194,2003-09-17,
3293,1455,1.0,2004-08-24,
3294,341,0.7016100000000001,1997-05-01,
3294,383,0.87701,2003-09-17,
3294,415,1.75402,2003-09-17,
3294,389,1.2281,2006-11-29,
3295,341,0.8284,1997-05-01,
3295,415,2.07101,2003-09-05,
3295,1455,1.0,2004-08-24,
3296,341,0.7481,1997-05-01,
3296,383,0.93512,2003-09-05,
3296,415,1.87025,2003-09-05,
3296,389,1.3092,2006-11-29,
3297,341,0.8748900000000001,1997-05-01,
3297,415,2.18723,2003-09-05,
3297,1455,1.0,2004-08-24,
3298,341,0.8637600000000001,1997-05-01,
3298,383,1.0672,2003-09-05,
3298,415,2.1344,2003-09-05,
3298,389,1.4941,2006-11-29,
3299,341,0.59172,1997-05-01,
3299,415,1.4793,2003-09-05,
3299,389,1.0354999999999999,2006-11-29,
3300,341,0.8748900000000001,1997-05-01,
3300,415,2.18724,2003-09-05,
3300,1455,1.0,2004-08-24,
3301,341,0.76078,1997-05-01,
3301,383,0.95097,2003-09-05,
3301,415,1.90194,2003-09-05,
3301,389,1.3314,2006-11-29,
3302,341,0.61708,1997-05-01,
3302,640,0.37024999999999997,2003-09-17,
3302,415,1.5426900000000001,2004-08-26,
3302,990,0.5,2004-08-26,
3303,341,0.61708,1997-05-01,
3303,415,1.5426900000000001,2003-09-17,
3303,990,0.5,2004-08-26,
3303,640,0.37024999999999997,2004-08-25,
3304,341,0.6213000000000001,1997-05-01,
3304,640,0.37278,2003-09-17,
3304,415,1.5532499999999998,2003-09-17,
3304,990,0.5,2004-08-26,
3305,341,0.61708,1997-05-01,
3305,415,1.5426900000000001,2003-09-17,
3305,990,0.5,2004-08-26,
3305,640,0.37024999999999997,2004-08-25,
3306,341,0.60862,1997-05-01,
3306,640,0.36517000000000005,2003-09-17,
3306,415,1.52156,2003-09-17,
3306,990,0.5,2004-08-26,
3307,341,0.61708,1997-05-01,
3307,415,1.5426900000000001,2003-09-17,
3307,990,0.5,2004-08-26,
3307,640,0.37024999999999997,2004-08-25,
3308,341,0.6043999999999999,1997-05-01,
3308,640,0.36264,2003-09-17,
3308,415,1.5109899999999998,2003-09-17,
3308,990,0.5,2004-08-26,
3309,341,1.09045,1997-05-01,
3309,415,2.7261200000000003,2003-09-17,
3309,428,0.32715000000000005,2014-02-10,
3309,1467,0.15,2004-08-24,
3310,341,0.25359000000000004,1997-05-01,
3310,867,0.2,2003-09-17,
3310,415,0.63398,2003-09-17,
3310,1494,0.2,2004-08-24,
3310,1467,0.15,2004-08-26,
3311,341,0.25359000000000004,1997-05-01,
3311,867,0.2,2003-09-17,
3311,415,0.63398,2003-09-17,
3311,1494,0.2,2004-08-24,
3311,1467,0.15,2004-08-26,
3312,341,0.8664400000000001,1997-05-01,
3312,415,2.1661,2003-09-17,
3312,1455,1.0,2004-08-24,
3313,341,0.71006,1997-05-01,
3313,383,0.8875700000000001,2003-09-17,
3313,415,1.7751499999999998,2003-09-17,
3313,389,1.2426000000000001,2006-11-29,
3314,341,1.06932,1997-05-01,
3314,383,1.3313599999999999,2003-09-05,
3314,415,2.6626999999999996,2003-09-05,
3314,389,1.8639,2006-11-29,
3314,640,0.6415900000000001,2009-12-22,
3315,341,0.60862,1997-05-01,
3315,245,0.05,2003-09-17,
3315,383,0.76078,2003-09-17,
3315,415,1.52156,2003-09-17,
3315,1467,0.15,2004-08-24,
3316,183,0.38,1997-05-01,
3316,152,0.25,1997-05-01,
3316,1454,0.3,2004-08-25,
3316,1467,0.15,2004-08-25,
3316,1461,0.55,2011-06-23,
3316,1496,0.75,2012-08-20,
3317,341,0.4793,2008-02-29,
3317,640,0.2875,2008-02-29,
3317,415,1.1983,2008-02-29,
3317,389,0.8388,2008-02-29,
3317,990,0.5,2016-09-01,
3318,341,0.4793,2008-02-29,
3318,640,0.2875,2008-02-29,
3318,383,0.5991,2008-02-29,
3318,415,1.1983,2008-02-29,
3318,389,0.8388,2008-02-29,
3318,990,0.5,2016-09-01,
3319,341,1.1623,1997-05-01,
3319,383,1.45287,2003-09-17,
3319,415,2.90575,2003-09-17,
3319,1470,0.85,2004-08-24,
3319,389,2.0340000000000003,2006-11-29,
3319,385,0.1743,2011-01-21,
3320,341,0.73964,1997-05-01,
3320,383,0.92456,2003-09-17,
3320,415,1.84911,2003-09-17,
3320,1470,0.85,2004-08-24,
3320,389,1.2944,2006-11-29,
3321,341,0.7016100000000001,1997-05-01,
3321,383,0.87701,2003-09-17,
3321,415,1.75402,2003-09-17,
3321,1470,0.85,2004-08-24,
3321,389,1.2278,2006-11-29,
3321,867,1.5,2010-01-06,
3322,374,0.35926,1997-05-01,
3322,1389,0.8981399999999999,2003-09-17,
3322,867,0.2,2003-09-17,
3322,1467,0.15,2011-04-07,
3323,374,0.35926,1997-05-01,
3323,1389,0.8981399999999999,2003-09-17,
3323,867,0.2,2003-09-17,
3323,1467,0.15,2011-04-07,
3324,374,0.42265,1997-05-01,
3324,1389,1.05664,2003-09-17,
3324,867,0.2,2003-09-17,
3324,1467,0.15,2011-04-07,
3324,383,0.5283,2007-08-22,
3325,374,0.37194000000000005,1997-05-01,
3325,1389,0.92984,2003-09-17,
3325,867,0.2,2003-09-17,
3325,1467,0.15,2011-04-07,
3326,341,0.51564,1997-05-01,
3326,415,1.2891,2003-09-17,
3326,867,0.2,2003-09-17,
3326,1454,0.3,2004-08-24,
3327,385,0.0791,2003-09-17,
3328,385,0.0791,2003-09-17,
3329,385,0.18242999999999998,2003-05-16,
3329,341,1.21622,2003-05-16,
3329,415,3.0405399999999996,2003-09-17,
3330,341,0.98056,1997-05-01,
3330,385,0.18242999999999998,2003-09-17,
3330,415,2.4514,2003-09-17,
3331,196,0.17,1997-05-01,
3331,1639,0.14,2005-06-14,
3332,341,0.51564,1997-05-01,
3332,867,1.5,2006-11-29,
3332,383,0.64455,2003-09-17,
3332,415,1.2891,2003-09-17,
3332,1470,0.85,2004-08-24,
3333,23,0.11,1997-05-01,
3333,867,1.5,2006-11-29,
3333,1470,0.85,2004-08-24,
3333,347,1.0651000000000002,2006-08-10,
3333,415,2.6626999999999996,2006-08-10,
3334,341,0.70583,1997-05-01,
3334,415,1.76458,2003-09-05,
3334,1455,1.0,2004-08-24,
3335,341,0.72274,1997-05-01,
3335,383,0.90342,2003-09-05,
3335,415,1.80685,2003-09-05,
3335,389,1.2648000000000001,2006-11-29,
3336,341,0.76923,1997-05-01,
3336,415,1.92308,2003-09-05,
3336,1455,1.0,2004-08-24,
3337,341,0.72697,1997-05-01,
3337,383,0.9087099999999999,2003-09-05,
3337,415,1.8174000000000001,2003-09-05,
3337,389,1.27218,2006-11-29,
3338,341,1.03973,1997-05-01,
3338,428,0.31192,2003-09-17,
3338,415,2.59932,2003-09-17,
3338,389,1.8195,2006-11-29,
3338,640,0.62384,2009-12-22,
3338,1454,0.3,2018-02-21,
3339,184,0.17,1997-05-01,
3339,1388,0.51,2003-09-17,
3339,1457,1.4,2004-08-24,
3340,341,0.9721,1997-05-01,
3340,383,1.21513,2003-09-05,
3340,415,2.43026,2003-09-05,
3340,389,1.70118,2006-11-29,
3341,341,0.72697,2002-08-07,
3341,383,0.9087099999999999,2003-09-05,
3341,415,1.8174000000000001,2003-09-05,
3341,389,1.27218,2006-11-29,
3342,341,0.78191,1997-05-01,
3342,383,0.9773900000000001,2003-09-05,
3342,415,1.9547800000000002,2003-09-05,
3342,389,1.2983000000000002,2006-11-29,
3343,341,0.7481,1997-05-01,
3343,383,0.93512,2003-09-05,
3343,415,1.87025,2003-09-05,
3343,389,1.3092,2006-11-29,
3344,341,0.7481,1997-05-01,
3344,383,0.93512,2003-09-05,
3344,415,1.87025,2003-09-05,
3344,389,1.3092,2006-11-29,
3345,341,0.7481,1997-05-01,
3345,383,0.93512,2003-09-05,
3345,415,1.87025,2003-09-05,
3345,389,1.3092,2006-11-29,
3347,341,0.7481,1997-05-01,
3347,383,0.93512,2003-09-05,
3347,415,1.87025,2003-09-05,
3347,389,1.3092,2006-11-29,
3348,341,0.71429,1997-05-01,
3348,383,0.89286,2003-09-05,
3348,415,1.78571,2003-09-05,
3348,389,1.2499,2006-11-29,
3349,341,0.72274,1997-05-01,
3349,383,0.90342,2003-09-05,
3349,415,1.80685,2003-09-05,
3349,389,1.2648000000000001,2006-11-29,
3350,341,0.7565500000000001,1997-05-01,
3350,383,0.94569,2003-09-05,
3350,415,1.89138,2003-09-05,
3350,389,1.3238999999999999,2006-11-29,
3351,341,0.7481,1997-05-01,
3351,383,0.93512,2003-09-05,
3351,415,1.87025,2003-09-05,
3351,389,1.3092,2006-11-29,
3352,341,0.71851,2002-08-07,
3352,383,0.8981399999999999,2003-09-05,
3352,415,1.7962799999999999,2003-09-05,
3352,389,1.2573999999999999,2006-11-29,
3353,341,0.72274,1997-05-01,
3353,383,0.90342,2003-09-17,
3353,415,1.80685,2003-09-17,
3353,389,1.2648000000000001,2006-11-29,
3354,341,0.72274,2002-08-07,
3354,383,0.90342,2003-09-17,
3354,415,1.80685,2003-09-17,
3354,389,1.2648000000000001,2006-11-29,
3355,341,0.8199500000000001,1997-05-01,
3355,383,1.02494,2003-09-05,
3355,415,2.04987,2003-09-05,
3355,389,1.4349,2006-11-29,
3356,341,0.79459,1997-05-01,
3356,383,0.99324,2003-09-05,
3356,415,1.98648,2003-09-05,
3356,389,1.3906,2006-11-29,
3357,341,0.76923,1997-05-01,
3357,383,0.96154,2003-09-05,
3357,415,1.92308,2003-09-05,
3357,389,1.3462,2006-11-29,
3358,341,0.7016100000000001,1997-05-01,
3358,383,0.87701,2003-09-17,
3358,415,1.75402,2003-09-17,
3358,389,1.2278,2006-11-29,
3359,341,0.7481,1997-05-01,
3359,383,0.93512,2003-09-05,
3359,415,1.87025,2003-09-05,
3359,389,1.3092,2006-11-29,
3360,341,0.8537600000000001,1997-05-01,
3360,383,1.0672,2003-09-05,
3360,415,2.1344,2003-09-05,
3360,389,1.4941,2006-11-29,
3361,341,0.76078,1997-05-01,
3361,383,0.95097,2003-09-05,
3361,415,1.90194,2003-09-05,
3361,389,1.3313,2006-11-29,
3362,341,0.61708,1997-05-01,
3362,640,0.37024999999999997,2003-09-17,
3362,415,1.5426900000000001,2003-09-17,
3362,990,0.5,2004-08-26,
3363,341,0.6213000000000001,1997-05-01,
3363,640,0.37278,2003-09-17,
3363,415,1.5532499999999998,2003-09-17,
3363,990,0.5,2004-08-26,
3364,341,0.60862,1997-05-01,
3364,640,0.36517000000000005,2003-09-17,
3364,415,1.52156,2003-09-17,
3364,990,0.5,2004-08-26,
3365,341,0.6043999999999999,1997-05-01,
3365,640,0.36264,2003-09-17,
3365,415,1.5109899999999998,2003-09-17,
3365,990,0.5,2004-08-26,
3366,341,1.09045,1997-05-01,
3366,428,0.32715000000000005,2014-02-10,
3366,415,2.72626,2014-02-10,
3366,1467,0.15,2004-08-24,
3367,341,0.71006,1997-05-01,
3367,383,0.8875700000000001,2003-09-17,
3367,415,1.7751499999999998,2003-09-17,
3367,389,1.2426000000000001,2006-11-29,
3368,385,0.0791,2003-09-17,
3369,385,0.0791,2003-09-17,
3370,196,0.17,1997-05-01,
3370,1639,0.14,2005-06-14,
3371,23,0.11,1997-05-01,
3371,878,1.5,2006-11-29,
3371,1470,0.85,2004-08-24,
3371,347,1.0651000000000002,2006-08-10,
3371,1016,2.6626999999999996,2006-08-10,
3372,341,0.72274,1997-05-01,
3372,383,0.90342,2003-09-05,
3372,415,1.80685,2003-09-05,
3372,389,1.2648000000000001,2006-11-29,
3373,341,0.72697,1997-05-01,
3373,383,0.9087099999999999,2003-09-05,
3373,415,1.8174000000000001,2003-09-05,
3373,389,1.2722,2006-11-29,
3374,341,1.06932,1997-05-01,
3374,383,1.3366,2003-09-09,
3374,415,2.6732799999999997,2003-09-09,
3374,389,1.8713,2006-11-29,
3375,341,1.06932,1997-05-01,
3375,383,1.3366,2003-09-09,
3375,415,2.6732799999999997,2003-09-09,
3375,389,1.8713,2006-11-29,
3376,341,0.8199500000000001,1997-05-01,
3376,415,2.04987,2003-09-09,
3376,1455,1.0,2004-08-24,
3377,383,0.9087099999999999,2003-09-10,
3377,415,1.8174000000000001,2003-09-10,
3377,341,0.72697,2023-05-26,
3377,389,1.2722,2006-11-29,
3378,341,1.0989,1997-05-01,
3378,383,1.37363,2003-09-10,
3378,415,2.7473,2003-09-10,
3378,389,1.9231,2006-11-29,
3379,341,1.08199,1997-05-01,
3379,383,1.35249,2003-09-17,
3379,415,2.7049900000000004,2003-09-17,
3379,389,1.8935,2006-11-29,
3380,341,0.77768,1997-05-01,
3380,415,1.94421,2003-09-17,
3380,1455,1.0,2004-08-25,
3381,341,0.77768,1997-05-01,
3381,415,1.94421,2003-09-17,
3381,1455,1.0,2004-08-25,
3382,341,0.7481,1997-05-01,
3382,383,0.93512,2003-09-17,
3382,415,1.87025,2003-09-17,
3382,389,1.3092,2006-11-29,
3383,341,0.87912,1997-05-01,
3383,415,2.1978,2003-09-17,
3383,1455,1.0,2004-08-25,
3384,341,0.76923,1997-05-01,
3384,383,0.96154,2003-09-17,
3384,415,1.92308,2003-09-17,
3384,389,1.3466,2006-11-29,
3385,341,0.8537600000000001,1997-05-01,
3385,415,2.1344,2003-09-17,
3385,1455,1.0,2004-08-25,
3386,341,0.7565500000000001,1997-05-01,
3386,383,0.94569,2003-09-17,
3386,415,1.89138,2003-09-17,
3386,389,1.3238999999999999,2006-11-29,
3387,341,0.63398,1997-05-01,
3387,415,1.58495,2003-09-17,
3387,1455,1.0,2004-08-25,
3388,341,0.71851,1997-05-01,
3388,383,0.8981399999999999,2003-09-17,
3388,415,1.7962799999999999,2003-09-17,
3388,389,1.2573999999999999,2006-11-29,
3389,341,0.84531,1997-05-01,
3389,415,2.11327,2003-09-17,
3389,1455,1.0,2004-08-25,
3390,341,0.6931499999999999,1997-05-01,
3390,383,0.8664400000000001,2003-09-17,
3390,415,1.7328800000000002,2003-09-17,
3390,389,1.213,2006-11-29,
3391,383,1.35249,2003-09-17,
3391,415,2.7049900000000004,2003-09-17,
3391,341,1.08199,2023-05-26,
3391,389,1.8935,2006-11-29,
3392,341,0.8115000000000001,1997-05-01,
3392,415,2.02874,2003-09-17,
3392,1455,1.0,2004-08-25,
3393,341,0.83686,1997-05-01,
3393,383,1.04607,2003-09-17,
3393,415,2.09214,2003-09-17,
3393,389,1.4645,2006-11-29,
3394,341,0.8326300000000001,1997-05-01,
3394,415,2.08157,2003-09-17,
3394,1455,1.0,2004-08-25,
3395,341,0.8284,1997-05-01,
3395,383,1.0354999999999999,2003-09-17,
3395,415,2.07101,2003-09-17,
3395,389,1.4497,2006-11-29,
3396,341,0.61708,1997-05-01,
3396,415,1.5426900000000001,2003-09-17,
3396,640,0.37024999999999997,2004-08-25,
3396,990,0.5,2004-08-26,
3397,341,0.76078,2002-01-07,
3397,383,0.95097,2003-09-17,
3397,415,1.90194,2003-09-17,
3397,640,0.45647,2004-08-25,
3397,990,0.5,2004-08-26,
3398,341,0.60862,1997-05-01,
3398,640,0.36517000000000005,2003-09-17,
3398,415,1.52156,2003-09-17,
3398,1386,0.09,2003-09-17,
3398,990,0.5,2004-08-26,
3399,341,1.09045,1997-05-01,
3399,415,2.72626,2014-02-10,
3399,428,0.32715000000000005,2014-02-10,
3399,1467,0.15,2004-08-25,
3400,341,0.7861400000000001,1997-05-01,
3400,415,1.9653399999999999,2003-09-17,
3400,1455,1.0,2004-08-25,
3401,341,0.72697,1997-05-01,
3401,383,0.9087099999999999,2003-09-17,
3401,415,1.8174000000000001,2003-09-17,
3401,389,1.2722,2006-11-29,
3403,385,0.16216,2003-09-17,
3403,415,2.69442,2003-09-17,
3403,341,1.0777700000000001,2023-05-26,
3403,801,0.08900000000000001,2003-09-17,
3404,205,0.8009499999999999,1997-05-01,
3404,341,1.0651000000000002,2003-09-17,
3404,415,2.6626999999999996,2003-09-17,
3404,867,1.5,2006-11-29,
3404,383,1.3313599999999999,2003-09-17,
3404,1470,0.85,2004-08-25,
3407,341,0.7481,1997-05-01,
3407,383,0.93512,2003-09-17,
3407,415,1.87025,2003-09-17,
3407,389,1.3092,2006-11-29,
3408,341,0.76923,1997-05-01,
3408,383,0.96154,2003-09-17,
3408,415,1.92308,2003-09-17,
3408,389,1.3462,2006-11-29,
3409,341,0.7565500000000001,1997-05-01,
3409,383,0.94569,2003-09-17,
3409,415,1.89138,2003-09-17,
3409,389,1.3238999999999999,2006-11-29,
3410,341,0.6931499999999999,1997-05-01,
3410,383,0.8664400000000001,2003-09-17,
3410,415,1.7328800000000002,2003-09-17,
3410,389,1.213,2006-11-29,
3411,341,0.83686,1997-05-01,
3411,383,1.04607,2003-09-17,
3411,415,2.09214,2003-09-17,
3411,389,1.4645,2006-11-29,
3412,341,0.8284,2023-05-26,
3412,383,1.0354999999999999,2003-09-17,
3412,415,2.07101,2003-09-17,
3412,389,1.4497,2006-11-29,
3413,640,0.33728,2003-09-17,
3413,1386,0.0875,2003-09-17,
3413,415,1.40533,2003-09-17,
3413,341,0.56213,2023-05-26,
3413,990,0.5,2004-08-26,
3414,341,1.09045,1997-05-01,
3414,428,0.32715000000000005,2014-02-10,
3414,415,2.72626,2014-02-10,
3414,1467,0.15,2004-08-25,
3415,341,0.72697,1997-05-01,
3415,383,0.9087099999999999,2003-09-17,
3415,415,1.8174000000000001,2003-09-17,
3415,389,1.2722,2006-11-29,
3416,415,2.69442,2003-09-17,
3416,385,0.18242999999999998,2003-09-17,
3416,341,1.0777700000000001,2023-05-26,
3418,207,1.1505800000000002,1997-05-01,
3418,867,1.5,2006-11-29,
3418,341,1.04818,2003-09-17,
3418,383,1.31023,2003-09-17,
3418,415,2.6205000000000003,2003-09-17,
3418,1470,0.85,2004-08-25,
3422,1489,1.25,2004-08-23,
3422,1580,0.9,2006-11-30,
3423,1122,0.5664,2006-08-30,
3423,1124,1.416,2006-08-30,
3423,1455,1.0,2004-08-23,
3423,1581,0.75,2006-11-30,
3424,1489,1.25,2006-12-11,
3425,1122,0.5664,2006-08-30,
3425,1124,1.416,2006-08-30,
3425,1455,1.0,2006-12-11,
3428,1489,1.25,2004-08-23,
3428,1580,0.9,2006-11-30,
3429,1122,0.5664,2006-08-30,
3429,1124,1.416,2006-08-30,
3429,1455,1.0,2004-08-23,
3429,1581,0.75,2006-11-30,
3432,1489,1.25,2004-08-23,
3432,1580,0.9,2006-11-30,
3433,1122,0.5664,2006-08-30,
3433,1124,1.416,2006-08-30,
3433,1455,1.0,2004-08-23,
3433,1581,0.75,2006-11-30,
3445,1489,1.25,2004-08-23,
3445,1580,0.9,2006-11-30,
3446,1122,0.5664,2006-08-30,
3446,1124,1.416,2006-08-30,
3446,1455,1.0,2004-08-23,
3446,1581,0.75,2006-11-30,
3451,1489,1.25,2004-08-23,
3451,502468,0.9,2012-08-17,
3452,1122,0.5664,2006-08-30,
3452,1124,1.416,2006-08-30,
3452,1455,1.0,2004-08-23,
3452,1496,0.75,2012-08-17,
3458,1489,1.25,2004-08-23,
3458,502468,0.9,2012-08-17,
3460,348,0.5664,2023-05-26,
3460,968,0.708,2004-01-14,
3460,976,1.416,2006-08-30,
3460,1455,1.0,2004-08-23,
3460,1496,0.75,2012-08-17,
3478,1489,1.25,2004-08-23,
3478,1580,0.9,2006-11-30,
3479,1122,0.5664,2006-08-30,
3479,1124,1.416,2006-08-30,
3479,1455,1.0,2004-08-23,
3479,1581,0.75,2006-11-30,
3480,1122,0.5664,2006-08-30,
3480,1124,1.416,2006-08-30,
3480,1455,1.0,2004-08-23,
3480,1581,0.75,2006-11-30,
3481,1489,1.25,2004-08-23,
3481,502468,0.9,2012-08-17,
3482,1122,0.5664,2006-08-30,
3482,1124,1.416,2006-08-30,
3482,1455,1.0,2004-08-23,
3482,1496,0.75,2012-08-17,
3483,1489,1.25,2004-08-23,
3483,1580,0.9,2006-11-30,
3484,1122,0.5664,2006-08-30,
3484,1124,1.416,2006-08-30,
3484,1455,1.0,2004-08-24,
3484,1581,0.75,2006-11-30,
3485,1489,1.25,2006-12-11,
3486,1122,0.5664,2006-08-30,
3486,1124,1.416,2006-08-30,
3486,1455,1.0,2006-12-11,
3487,1489,1.25,2004-08-23,
3487,502468,0.9,2012-08-17,
3488,1122,0.5664,2006-08-30,
3488,1124,1.416,2006-08-30,
3488,1455,1.0,2004-08-23,
3488,1496,0.75,2012-08-17,
3489,1489,1.25,2004-08-23,
3489,1580,0.9,2006-11-30,
3490,1122,0.5664,2006-08-30,
3490,1124,1.416,2006-08-30,
3490,1455,1.0,2004-08-23,
3490,1581,0.75,2006-11-30,
3491,1489,1.25,2004-08-23,
3491,502468,0.9,2012-08-17,
3492,1122,0.5664,2006-08-30,
3492,1124,1.416,2006-08-30,
3492,1455,1.0,2004-08-23,
3492,1496,0.75,2012-08-17,
3493,1489,1.25,2004-08-23,
3493,1580,0.9,2006-11-30,
3494,1122,0.5664,2006-08-30,
3494,1124,1.416,2006-08-30,
3494,1455,1.0,2004-08-23,
3494,1581,0.75,2006-11-30,
3495,1489,1.25,2004-08-23,
3495,502468,0.9,2012-08-17,
3496,1122,0.5664,2006-08-30,
3496,1124,1.416,2006-08-30,
3496,1455,1.0,2004-08-23,
3496,1496,0.75,2012-08-17,
3497,1489,1.25,2004-08-23,
3497,1580,0.9,2006-11-30,
3498,1122,0.5664,2006-08-30,
3498,1124,1.416,2006-08-30,
3498,1455,1.0,2004-08-23,
3498,1581,0.75,2006-11-30,
3499,1489,1.25,2004-08-23,
3499,502468,0.9,2012-08-17,
3500,1122,0.5664,2006-08-30,
3500,1124,1.416,2006-08-30,
3500,1455,1.0,2004-08-23,
3500,1496,0.75,2012-08-17,
3501,1489,1.25,2004-08-23,
3501,502468,0.9,2012-08-17,
3502,1122,0.5664,2006-08-30,
3502,1124,1.416,2006-08-30,
3502,1455,1.0,2004-08-23,
3502,1496,0.75,2012-08-17,
3503,1489,1.25,2004-08-23,
3503,502468,0.9,2012-08-17,
3504,1122,0.5664,2006-08-30,
3504,1124,1.416,2006-08-30,
3504,1455,1.0,2004-08-23,
3504,1496,0.75,2012-08-17,
3505,1489,1.25,2004-08-23,
3505,502468,0.9,2012-08-17,
3506,1122,0.5664,2006-08-30,
3506,1124,1.416,2004-01-14,
3506,1455,1.0,2004-08-23,
3506,1496,0.75,2012-08-17,
3507,1489,1.25,2004-08-23,
3507,502468,0.9,2012-08-17,
3508,1122,0.5664,2004-01-14,
3508,1124,1.416,2004-01-14,
3508,1455,1.0,2004-08-23,
3508,1496,0.75,2012-08-17,
3509,1489,1.25,2004-08-23,
3509,1580,0.9,2006-11-30,
3510,1122,0.5664,2004-01-14,
3510,1124,1.416,2004-01-14,
3510,1455,1.0,2004-08-23,
3510,1581,0.75,2006-11-30,
3511,1489,1.25,2006-12-11,
3512,1122,0.5664,2004-01-14,
3512,1124,1.416,2004-01-14,
3512,1455,1.0,2006-12-11,
3513,1489,1.25,2004-08-23,
3513,1580,0.9,2006-11-30,
3514,1122,0.5664,2004-01-14,
3514,1124,1.416,2004-01-14,
3514,1455,1.0,2004-08-23,
3514,1581,0.75,2006-11-30,
3515,1122,0.5664,2004-01-14,
3515,1124,1.416,2004-01-14,
3515,1455,1.0,2004-08-23,
3515,1496,0.75,2012-08-17,
3516,1122,0.5664,2004-01-14,
3516,1124,1.416,2004-01-14,
3516,1455,1.0,2004-08-23,
3516,1581,0.75,2006-11-30,
3517,1122,0.5664,2004-01-14,
3517,1124,1.416,2004-01-14,
3517,1455,1.0,2004-08-23,
3517,1581,0.75,2006-11-30,
3518,933,1.047,2001-06-12,
3518,1489,1.25,2004-08-23,
3518,1580,0.9,2006-11-30,
3519,1122,0.5664,2004-01-14,
3519,1124,1.416,2004-01-14,
3519,1455,1.0,2004-08-23,
3519,1581,0.75,2006-11-30,
3520,1122,0.5664,2004-01-14,
3520,1124,1.416,2004-01-14,
3520,1455,1.0,2004-08-23,
3520,1496,0.75,2012-08-17,
3521,933,0.5703,2001-08-15,
3521,1122,0.5664,2004-01-14,
3521,1124,1.416,2004-01-14,
3521,1455,1.0,2004-08-23,
3521,1581,0.75,2006-11-30,
3522,1122,0.5664,2004-01-14,
3522,1124,1.416,2004-01-14,
3522,1455,1.0,2004-08-23,
3522,1581,0.75,2006-11-30,
3523,1489,1.25,2004-08-23,
3523,502468,0.9,2012-08-17,
3524,1122,0.5664,2004-01-14,
3524,1124,1.416,2004-01-14,
3524,1455,1.0,2004-08-23,
3524,1496,0.75,2012-08-17,
3525,1122,0.5664,2004-01-14,
3525,1124,1.416,2004-01-14,
3525,1455,1.0,2004-08-23,
3525,1496,0.75,2012-08-17,
3526,1489,1.25,2004-08-23,
3526,1580,0.9,2006-11-30,
3527,1122,0.5664,2004-01-15,
3527,1124,1.416,2004-01-15,
3527,1455,1.0,2004-08-23,
3527,1581,0.75,2006-11-30,
3528,1122,0.5664,2004-01-15,
3528,1124,1.416,2008-02-19,
3528,1455,1.0,2004-08-23,
3528,1581,0.75,2006-11-30,
3529,45,2.15,2001-06-12,
3529,1489,1.25,2004-08-23,
3529,502468,0.9,2012-08-17,
3530,1122,0.5664,2004-01-15,
3530,1124,1.4159,2004-01-15,
3530,1455,1.0,2004-08-23,
3530,1496,0.75,2012-08-17,
3531,1122,0.5664,2004-01-15,
3531,1124,1.4159,2004-01-15,
3531,1455,1.0,2004-08-23,
3531,1496,0.75,2012-08-17,
3532,45,1.66,2001-06-28,
3532,1489,1.25,2004-08-23,
3532,1580,0.9,2006-11-30,
3533,1122,0.5664,2004-01-15,
3533,1124,1.4159,2004-01-15,
3533,1455,1.0,2004-08-23,
3533,1581,0.75,2006-11-30,
3534,1122,0.5664,2004-01-15,
3534,1124,1.4159,2004-01-15,
3534,1455,1.0,2004-08-23,
3534,1581,0.75,2006-11-30,
3535,1489,1.25,2004-08-23,
3535,1580,0.9,2006-11-30,
3536,1122,0.5664,2004-01-15,
3536,1124,1.4159,2004-01-15,
3536,1455,1.0,2004-08-23,
3536,1496,0.75,2012-08-17,
3537,1122,0.5664,2004-01-15,
3537,1124,1.416,2004-01-15,
3537,1455,1.0,2004-08-23,
3537,1581,0.75,2006-11-30,
3538,1489,1.25,2004-08-23,
3538,1580,0.9,2006-11-30,
3539,1122,0.5664,2004-01-15,
3539,1124,1.4159,2004-01-15,
3539,1455,1.0,2004-08-23,
3539,1581,0.75,2006-11-30,
3540,1122,0.5664,2004-01-15,
3540,1124,1.4159,2004-01-15,
3540,1455,1.0,2004-08-23,
3540,1581,0.75,2006-11-30,
3541,1489,1.25,2004-08-23,
3541,502468,0.9,2012-08-17,
3542,1122,0.5664,2004-01-15,
3542,1124,1.4159,2004-01-15,
3542,1455,1.0,2004-08-23,
3542,1496,0.75,2012-08-17,
3543,1122,0.5664,2004-01-15,
3543,1124,1.4159,2004-01-15,
3543,1455,1.0,2004-08-23,
3543,1581,0.75,2006-11-30,
3544,1489,1.25,2004-08-23,
3544,1580,0.9,2006-11-30,
3545,1122,0.5664,2004-01-15,
3545,1124,1.4159,2004-01-15,
3545,1455,1.0,2004-08-23,
3545,1581,0.75,2006-11-30,
3546,1122,0.5664,2004-01-15,
3546,1124,1.4159,2004-01-15,
3546,1455,1.0,2004-08-23,
3546,1581,0.75,2006-11-30,
3547,1489,1.25,2004-08-23,
3547,502468,0.9,2012-08-17,
3548,1122,0.5664,2004-01-15,
3548,1124,1.4159,2004-01-15,
3548,1455,1.0,2004-08-23,
3548,1496,0.75,2012-08-17,
3549,1122,0.5664,2004-01-15,
3549,1124,1.4159,2004-01-15,
3549,1455,1.0,2004-08-23,
3549,1581,0.75,2006-11-30,
3550,1489,1.25,2004-08-23,
3550,1580,0.9,2006-11-30,
3551,1122,0.5664,2004-01-15,
3551,1124,1.4159,2004-01-15,
3551,1455,1.0,2004-08-23,
3551,1581,0.75,2006-11-30,
3552,1122,0.5664,2004-01-15,
3552,1124,1.4159,2004-01-15,
3552,1455,1.0,2004-08-23,
3552,1581,0.75,2006-11-30,
3553,1489,1.25,2004-08-23,
3553,502468,0.9,2012-08-17,
3554,1122,0.5664,2004-01-15,
3554,1124,1.4159,2004-01-15,
3554,1455,1.0,2004-08-23,
3554,1496,0.75,2012-08-17,
3555,1122,0.5664,2004-01-15,
3555,1124,1.416,2004-01-15,
3555,1455,1.0,2004-08-23,
3555,1496,0.75,2012-08-17,
3556,1489,1.25,2004-08-23,
3556,1580,0.9,2006-11-30,
3557,1122,0.5664,2004-01-15,
3557,1124,1.4159,2004-01-15,
3557,1455,1.0,2004-08-23,
3557,1581,0.75,2006-11-30,
3558,1122,0.5664,2004-01-15,
3558,1124,1.4159,2004-01-15,
3558,1455,1.0,2004-08-23,
3558,1581,0.75,2006-11-30,
3559,1489,1.25,2004-08-23,
3559,1580,0.9,2006-11-30,
3560,1122,0.5664,2004-01-15,
3560,1124,1.416,2004-01-15,
3560,1455,1.0,2004-08-23,
3560,1581,0.75,2006-11-30,
3561,1455,1.0,2004-08-23,
3561,1580,0.9,2006-11-30,
3562,341,0.5199,2008-07-02,
3562,383,0.6498999999999999,2008-07-02,
3562,415,1.2997,2008-07-02,
3562,1579,0.6,2004-08-23,
3562,1581,0.75,2006-11-30,
3563,1489,1.25,2004-08-23,
3563,1580,0.9,2006-11-30,
3564,1455,1.0,2004-08-23,
3564,1581,0.75,2006-11-30,
3565,1489,1.25,2004-08-23,
3565,502468,0.9,2012-08-17,
3566,1455,1.0,2004-08-23,
3566,1496,0.75,2012-08-17,
3567,1489,1.25,2004-08-23,
3567,1580,0.9,2006-11-30,
3568,1455,1.0,2004-08-23,
3568,1581,0.75,2006-11-30,
3569,1489,1.25,2004-08-23,
3569,1580,0.9,2006-11-30,
3570,1455,1.0,2004-08-23,
3570,1581,0.75,2006-11-30,
3571,1489,1.25,2004-08-23,
3571,1580,0.9,2006-11-30,
3572,1455,1.0,2004-08-23,
3572,1581,0.75,2006-11-30,
3573,1489,1.25,2004-08-23,
3573,1580,0.9,2006-11-30,
3574,1455,1.0,2004-08-23,
3574,1581,0.75,2006-11-30,
3575,1489,1.25,2004-08-23,
3575,1580,0.9,2006-11-30,
3576,1455,1.0,2004-08-23,
3576,1581,0.75,2006-11-30,
3577,1489,1.25,2004-08-23,
3577,1580,0.9,2006-11-30,
3578,1455,1.0,2004-08-23,
3578,1581,0.75,2006-11-30,
3579,1489,1.25,2004-08-23,
3579,1580,0.9,2006-11-30,
3580,1455,1.0,2004-08-23,
3580,1581,0.75,2006-11-30,
3581,1489,1.25,2004-08-23,
3581,1580,0.9,2006-11-30,
3582,1455,1.0,2004-08-23,
3582,1581,0.75,2006-11-30,
3583,1489,1.25,2004-08-23,
3583,1580,0.9,2006-11-30,
3584,348,0.56636,2023-05-26,
3584,968,0.70795,2003-10-28,
3584,976,1.4159,2003-10-28,
3584,1455,1.0,2004-08-23,
3584,1581,0.75,2006-11-30,
3585,1489,1.25,2004-08-23,
3585,1580,0.9,2006-11-30,
3586,1455,1.0,2004-08-23,
3586,1581,0.75,2006-11-30,
3587,1489,1.25,2004-08-23,
3587,1580,0.9,2006-11-30,
3588,1455,1.0,2004-08-23,
3588,1581,0.75,2006-11-30,
3589,1489,1.25,2004-08-23,
3589,1580,0.9,2006-11-30,
3590,1455,1.0,2004-08-23,
3590,1496,0.75,2012-08-17,
3591,1455,1.0,2004-08-23,
3591,1496,0.75,2012-08-17,
3592,1489,1.25,2004-08-23,
3592,1580,0.9,2006-11-30,
3593,1455,1.0,2004-08-23,
3593,1581,0.75,2006-11-30,
3594,1455,1.0,2004-08-23,
3594,1581,0.75,2006-11-30,
3595,1489,1.25,2004-08-23,
3595,1580,0.9,2006-11-30,
3596,1455,1.0,2004-08-23,
3596,1581,0.75,2006-11-30,
3597,1455,1.0,2004-08-23,
3597,1496,0.75,2012-08-17,
3598,1489,1.25,2004-08-23,
3598,1580,0.9,2006-11-30,
3599,1455,1.0,2004-08-23,
3599,1581,0.75,2006-11-30,
3600,1489,1.25,2004-08-23,
3600,502468,0.9,2012-08-17,
3601,1122,0.5917,2006-08-30,
3601,1124,1.4791999999999998,2006-08-30,
3601,1455,1.0,2004-08-23,
3601,1496,0.75,2012-08-17,
3602,1122,0.5917,2006-08-30,
3602,1124,1.4791999999999998,2006-08-30,
3602,1455,1.0,2004-08-23,
3602,1496,0.75,2012-08-17,
3603,1489,1.25,2004-08-23,
3603,1580,0.9,2006-11-30,
3604,1122,0.59172,2004-01-15,
3604,1124,1.47929,2004-01-15,
3604,1455,1.0,2004-08-23,
3604,1581,0.75,2006-11-30,
3605,1122,0.59172,2004-01-15,
3605,1124,1.47929,2004-01-15,
3605,1455,1.0,2004-08-23,
3605,1496,0.75,2012-08-17,
3606,1489,1.25,2004-08-23,
3606,1580,0.9,2006-11-30,
3607,1122,0.61285,2004-01-15,
3607,1124,1.53212,2004-01-15,
3607,1455,1.0,2004-08-23,
3607,1581,0.75,2006-11-30,
3608,1489,1.25,2004-08-23,
3608,1580,0.9,2006-11-30,
3609,1122,0.61285,2004-01-15,
3609,1124,1.53212,2004-01-15,
3609,1455,1.0,2004-08-23,
3609,1581,0.75,2006-11-30,
3610,1489,1.25,2004-08-23,
3610,1580,0.9,2006-11-30,
3611,1122,0.59172,2006-08-30,
3611,1124,1.47929,2006-08-30,
3611,1455,1.0,2004-08-23,
3611,1581,0.75,2006-11-30,
3612,1489,1.25,2004-08-23,
3612,1580,0.9,2006-11-30,
3613,1122,0.59172,2004-01-15,
3613,1124,1.47929,2004-01-15,
3613,1455,1.0,2004-08-23,
3613,1581,0.75,2006-11-30,
3614,1489,1.25,2004-08-23,
3614,1580,0.9,2006-11-30,
3615,1122,0.5327000000000001,2008-02-19,
3615,1124,1.3317500000000002,2008-02-19,
3615,1455,1.0,2004-08-23,
3615,1581,0.75,2006-11-30,
3616,1122,0.5327000000000001,2008-02-19,
3616,1124,1.3317500000000002,2008-02-19,
3616,1455,1.0,2004-08-23,
3616,1496,0.75,2012-08-17,
3617,1489,1.25,2004-08-23,
3617,1580,0.9,2006-11-30,
3618,1122,0.5327000000000001,2008-02-19,
3618,1124,1.3317500000000002,2008-02-19,
3618,1455,1.0,2004-08-23,
3618,1581,0.75,2006-11-30,
3619,1122,0.5327000000000001,2008-02-19,
3619,1124,1.3317500000000002,2008-02-19,
3619,1455,1.0,2004-08-23,
3619,1581,0.75,2006-11-30,
3620,1489,1.25,2004-08-23,
3620,1580,0.9,2006-11-30,
3621,1122,0.5664,2006-08-30,
3621,1124,1.416,2006-08-30,
3621,1455,1.0,2004-08-23,
3621,1581,0.75,2006-11-30,
3622,1489,1.25,2004-08-23,
3622,1580,0.9,2006-11-30,
3623,1122,0.59172,2004-01-15,
3623,1124,1.47929,2004-01-15,
3623,1455,1.0,2004-08-23,
3623,1581,0.75,2006-11-30,
3624,1489,1.25,2004-08-23,
3624,1496,0.75,2012-08-17,
3625,1489,1.25,2004-08-23,
3625,502468,0.9,2012-08-17,
3626,1455,1.0,2004-08-23,
3626,1496,0.75,2012-08-17,
3627,1489,1.25,2004-08-23,
3627,502468,0.9,2012-08-17,
3628,1455,1.0,2004-08-23,
3628,1496,0.75,2012-08-17,
3629,1489,1.25,2004-08-23,
3629,1580,0.9,2006-11-30,
3630,1455,1.0,2004-08-23,
3630,1581,0.75,2006-11-30,
3631,1489,1.25,2004-08-23,
3631,1580,0.9,2006-11-30,
3632,1455,1.0,2004-08-23,
3632,1581,0.75,2006-11-30,
3633,1489,1.25,2004-08-23,
3633,1580,0.9,2006-11-30,
3634,1455,1.0,2004-08-23,
3634,1581,0.75,2006-11-30,
3635,1489,1.25,2004-08-23,
3635,502468,0.9,2012-08-17,
3636,1455,1.0,2004-08-23,
3636,1496,0.75,2012-08-17,
3637,1489,1.25,2004-08-23,
3637,502468,0.9,2012-08-17,
3638,1455,1.0,2004-08-23,
3638,1496,0.75,2012-08-17,
3639,1455,1.0,2004-08-23,
3639,1580,0.9,2006-11-30,
3640,341,0.5199,2004-01-15,
3640,383,0.6498999999999999,2004-01-15,
3640,415,1.29975,2004-01-15,
3640,1579,0.6,2004-08-23,
3640,1581,0.75,2006-11-30,
3641,1573,0.1,2016-10-28,
3642,150,0.16,1997-05-01,
3642,1489,1.25,2004-08-23,
3642,1580,0.9,2006-11-30,
3643,1455,1.0,2004-08-23,
3645,1489,1.25,2004-08-23,
3645,1580,0.9,2006-11-30,
3647,1489,1.25,2004-08-23,
3647,1580,0.9,2006-11-30,
3648,1489,1.25,2004-08-23,
3648,502468,0.9,2012-08-28,
3649,933,0.987,2001-08-15,
3649,1489,1.25,2004-08-23,
3649,1580,0.9,2006-11-30,
3650,1122,0.5664,2004-01-15,
3650,1124,1.416,2004-01-15,
3650,1455,1.0,2004-08-23,
3650,1581,0.75,2006-11-30,
3651,933,0.5727,2001-08-15,
3651,1122,0.5664,2004-01-15,
3651,1124,1.416,2004-01-15,
3651,1455,1.0,2004-08-23,
3651,1581,0.75,2006-11-30,
3652,1489,1.25,2004-08-23,
3652,1580,0.9,2006-11-30,
3653,1122,0.5664,2004-01-15,
3653,1124,1.416,2004-01-15,
3653,1455,1.0,2004-08-23,
3653,1581,0.75,2006-11-30,
3654,1489,1.25,2004-08-23,
3654,1580,0.9,2006-11-30,
3655,1122,0.5664,2004-01-15,
3655,1124,1.416,2004-01-15,
3655,1455,1.0,2004-08-23,
3655,1581,0.75,2006-11-30,
3656,45,2.05,2001-06-11,
3656,1489,1.25,2004-08-23,
3656,502468,0.9,2012-08-17,
3657,45,1.24,2001-06-11,
3657,1122,0.5664,2004-01-15,
3657,1124,1.416,2004-01-15,
3657,1455,1.0,2004-08-23,
3657,1496,0.75,2012-08-17,
3658,45,1.63,2001-06-28,
3658,1489,1.25,2004-08-23,
3658,1580,0.9,2006-11-30,
3659,45,1.01,2001-06-28,
3659,1122,0.5664,2004-01-15,
3659,1124,1.416,2004-01-15,
3659,1455,1.0,2004-08-23,
3659,1581,0.75,2006-11-30,
3660,1489,1.25,2004-08-23,
3660,1580,0.9,2006-11-30,
3661,348,0.5664,1997-05-01,
3661,1124,1.416,2004-01-15,
3661,1455,1.0,2004-08-23,
3661,1581,0.75,2006-11-30,
3662,1489,1.25,2004-08-23,
3662,1580,0.9,2006-11-30,
3663,1122,0.5664,2004-01-15,
3663,1124,1.416,2004-01-15,
3663,1455,1.0,2004-08-23,
3663,1581,0.75,2006-11-30,
3664,1489,1.25,2004-08-23,
3664,1580,0.9,2006-11-30,
3665,1122,0.5664,2004-01-15,
3665,1124,1.416,2004-01-15,
3665,1455,1.0,2004-08-23,
3665,1581,0.75,2006-11-30,
3666,1489,1.25,2004-08-23,
3666,1580,0.9,2006-11-30,
3667,1122,0.5664,2004-01-15,
3667,1124,1.416,2004-01-15,
3667,1455,1.0,2004-08-23,
3667,1581,0.75,2006-11-30,
3671,1357,0.26,2003-09-10,
3671,1358,0.69,2014-04-22,
3671,1359,1.05,2014-04-22,
3671,1360,1.31,2014-04-22,
3671,1370,0.525,2014-04-22,
3671,1461,0.55,2004-03-08,
3671,1614,0.525,2014-04-22,
3672,1357,0.24,2003-09-10,
3672,1359,0.99,2014-04-22,
3672,1360,1.23,2014-04-22,
3672,1358,0.65,2014-04-22,
3672,1370,0.495,2014-04-22,
3672,1461,0.55,2004-03-08,
3672,1614,0.495,2014-04-22,
3673,1357,0.26,2003-09-10,
3673,1359,1.05,2003-09-10,
3673,1358,0.69,2003-09-10,
3673,1360,1.31,2003-09-10,
3673,1370,0.52,2003-09-10,
3673,1461,0.55,2004-03-08,
3673,1614,0.525,2014-04-22,
3675,1357,0.26,2003-09-10,
3675,1358,0.69,2014-04-22,
3675,1359,1.05,2014-04-22,
3675,1360,1.31,2014-04-22,
3675,1370,0.525,2014-04-22,
3675,1461,0.55,2004-03-08,
3675,1614,0.525,2014-04-22,
3676,1357,0.24,2003-09-10,
3676,1358,0.65,2014-04-22,
3676,1359,0.99,2014-04-22,
3676,1360,1.23,2014-04-22,
3676,1370,0.495,2014-04-22,
3676,1461,0.55,2004-03-08,
3676,1614,0.495,2014-04-22,
3677,1357,0.26,2003-09-10,
3677,1359,1.05,2014-04-22,
3677,1360,1.31,2014-04-22,
3677,1358,0.69,2014-04-22,
3677,1370,0.525,2014-04-22,
3677,1461,0.55,2004-03-08,
3677,1614,0.525,2014-04-22,
3679,1366,0.54102,2014-04-30,
3679,1367,1.35256,2014-04-30,
3681,1461,0.55,2004-03-08,
3682,16,0.21,2002-02-14,
3682,394,0.42,2004-03-08,
3682,1461,0.55,2004-03-08,
3684,20,0.27,1997-05-01,
3684,394,0.52,2004-03-08,
3684,1461,0.55,2004-03-08,
3685,1362,0.14,2003-09-10,
3685,1363,0.6,2003-09-10,
3685,1364,1.01,2003-09-10,
3685,1461,0.55,2004-03-08,
3685,404,0.28,2012-08-28,
3688,544,0.6,1997-05-01,
3688,158,10.36,1997-05-01,
3688,1505,0.3,2004-03-08,
3688,1461,0.55,2004-03-08,
3690,252,0.45,1997-05-01,
3690,1461,0.55,2004-03-08,
3691,174,2.41,1997-05-01,
3693,31,5.86,1997-05-01,
3693,526,0.65,1997-05-01,
3693,1507,0.325,2004-03-08,
3693,1461,0.55,2004-03-08,
3695,548,0.4,1997-05-01,
3695,25,6.96,1997-05-01,
3695,1615,0.35,2007-01-18,
3696,25,6.96,1997-05-01,
3696,548,0.37,1997-05-01,
3696,1615,0.35,2007-01-18,
3697,949,0.29,2002-08-07,
3697,950,0.59,2002-08-07,
3697,951,0.88,2002-08-07,
3697,990,0.5,2004-03-09,
3697,1615,0.35,2007-01-18,
3700,990,0.5,2004-03-09,
3700,1615,0.35,2007-01-18,
3700,245,0.35,2014-04-22,
3702,245,0.37,2014-04-23,
3702,990,0.5,2004-03-09,
3702,1615,0.35,2007-01-18,
3703,245,0.34,2015-03-09,
3703,990,0.5,2004-03-09,
3703,1615,0.35,2007-01-18,
3708,990,0.5,2004-03-09,
3708,1509,0.3,2004-03-09,
3709,210,0.64,1997-05-01,
3709,527,0.28350000000000003,1997-05-01,
3709,1509,0.32,2004-09-01,
3709,990,0.5,2004-09-01,
3710,245,0.19,1997-05-01,
3710,1615,0.35,2007-01-18,
3710,990,0.5,2004-09-01,
3711,245,0.43,2014-04-23,
3711,1615,0.35,2007-01-18,
3711,990,0.5,2004-09-01,
3712,245,0.39,2015-03-09,
3712,1615,0.35,2007-01-18,
3712,990,0.5,2004-09-01,
3714,1615,0.35,2007-01-18,
3714,990,0.5,2004-09-01,
3714,245,0.34,2015-03-09,
3715,1615,0.35,2007-01-18,
3715,990,0.5,2004-09-01,
3715,245,0.31,2016-04-05,
3725,245,0.27,2016-03-31,
3725,1615,0.35,2007-01-18,
3725,990,0.5,2004-09-01,
3726,1615,0.35,2007-01-18,
3726,990,0.5,2004-09-01,
3726,245,0.24,2015-03-09,
3731,245,0.28350000000000003,1997-05-01,
3731,1615,0.35,2007-01-18,
3731,990,0.5,2004-09-01,
3732,347,0.17751,1997-05-01,
3732,345,0.19018999999999997,2003-09-10,
3732,245,0.33,2016-03-31,
3732,1016,0.44378,2003-09-10,
3732,1373,0.47548,2003-09-10,
3732,1615,0.35,2007-01-18,
3732,990,0.5,2004-09-01,
3733,263,0.44,1997-05-01,
3733,1615,0.35,2007-01-18,
3733,990,0.5,2004-09-01,
3735,254,0.42,1997-05-01,
3735,1267,0.33,2003-09-10,
3735,1615,0.35,2007-01-18,
3735,990,0.5,2004-09-01,
3737,260,0.46,1998-03-26,
3737,1267,0.33,2003-09-10,
3737,1615,0.35,2007-01-18,
3737,990,0.5,2004-09-01,
3738,260,0.42,1997-05-01,
3738,1267,0.3,2003-09-10,
3738,1615,0.35,2007-01-18,
3738,990,0.5,2004-09-01,
3739,565,0.06,1997-05-01,
3739,285,0.1,1997-05-01,
3739,363,0.19442,2003-09-10,
3739,1146,0.48605,2003-09-10,
3739,1503,0.3,2004-03-08,
3739,1494,0.2,2004-03-08,
3740,341,0.84531,1997-05-01,
3740,1146,2.11327,2003-09-10,
3740,383,1.05664,2004-03-08,
3740,1455,1.0,2004-03-08,
3740,867,0.35,2012-08-03,
3742,174,1.7,1997-05-01,
3743,341,0.84531,2004-10-15,
3743,415,2.11327,2004-10-15,
3743,1455,1.0,2004-03-08,
3743,383,1.05664,2004-10-15,
3743,867,0.35,2012-08-03,
3744,580,0.28350000000000003,2004-10-15,
3744,34,3.4,2002-08-06,
3744,1461,0.55,2004-03-09,
3744,1652,0.35,2012-08-29,
3746,34,5.96,1997-05-01,
3746,580,0.5,1997-05-01,
3746,1461,0.55,2004-03-09,
3746,1652,0.35,2012-08-29,
3748,589,0.92,1997-05-01,
3748,195,5.53,1997-05-01,
3748,1510,0.8,2004-03-09,
3748,1652,0.35,2012-08-29,
3750,174,5.1,1997-05-01,
3753,1374,0.82,2003-09-10,
3753,1510,0.8,2004-03-09,
3754,1374,0.64,2006-11-20,
3754,1510,0.8,2004-03-09,
3754,502342,0.85,2007-10-23,
3755,174,5.17,1997-05-01,
3757,174,5.24,1997-05-01,
3759,576,0.95,1997-05-01,
3759,30,11.37,1997-05-01,
3759,1510,0.8,2004-03-09,
3760,576,1.12,1997-05-01,
3760,30,13.5,1997-05-01,
3760,1510,0.8,2004-03-09,
3761,31,5.68,1997-05-01,
3761,578,0.47,2002-02-15,
3761,1461,0.55,2004-03-11,
3761,331,0.63,2004-09-01,
3762,331,0.63,1997-05-01,
3762,1375,0.7,2003-09-11,
3762,1376,0.5670000000000001,2003-09-11,
3762,1461,0.55,2004-03-11,
3762,577,0.47,2005-06-22,
3763,578,0.47,2004-03-11,
3763,31,5.68,2002-02-15,
3763,1375,0.71,2003-09-11,
3763,1376,0.569,2003-09-11,
3763,1461,0.55,2004-03-11,
3763,1652,0.35,2012-08-29,
3764,174,2.98,1997-05-01,
3765,591,0.56,1997-05-01,
3765,1377,0.44799999999999995,2003-09-11,
3765,1461,0.55,2004-03-11,
3765,1652,0.35,2012-08-29,
3767,196,0.43,1997-05-01,
3767,1489,1.25,2004-03-09,
3769,174,5.17,1997-05-01,
3771,174,4.11,1997-05-01,
3773,31,6.69,1997-05-01,
3773,597,0.74,1997-05-01,
3773,1375,0.83625,2003-09-11,
3773,1376,0.669,2003-09-11,
3773,1510,0.8,2004-03-09,
3774,174,5.17,1997-05-01,
3776,597,1.15,1997-05-01,
3776,31,10.35,1997-05-01,
3776,1375,1.29375,2003-09-11,
3776,1376,1.035,2003-09-11,
3776,1489,1.25,2004-03-09,
3777,311,0.3,1997-05-01,
3777,581,0.28350000000000003,1997-05-01,
3777,1515,0.34,2004-03-09,
3777,1510,0.8,2004-03-09,
3777,277,0.49,2014-02-11,
3778,581,0.28350000000000003,1997-05-01,
3778,311,0.3,1997-05-01,
3778,1515,0.34,2004-03-09,
3778,1510,0.8,2004-03-09,
3784,277,0.5,1997-05-01,
3784,1510,0.8,2004-03-09,
3785,277,0.425,1997-05-01,
3785,1510,0.8,2004-03-09,
3786,314,0.38,1997-05-01,
3786,540,4.56,2002-03-22,
3786,1378,0.456,2003-09-11,
3786,1379,0.5675,2003-09-11,
3786,1461,0.55,2004-03-09,
3786,502343,0.25,2007-10-23,
3786,1652,0.35,2012-08-29,
3787,580,0.63,1997-05-01,
3787,1380,0.7559999999999999,2003-09-11,
3787,1381,0.945,2003-09-11,
3787,34,7.56,2003-09-11,
3787,1461,0.55,2004-03-09,
3787,1652,0.35,2012-08-29,
3788,174,5.24,1997-05-01,
3790,174,5.24,1997-05-01,
3792,576,0.74,1997-05-01,
3792,30,8.87,1997-05-01,
3792,1510,0.8,2004-03-09,
3793,574,0.66,1997-05-01,
3793,36,6.56,1997-05-01,
3793,1382,0.82,2003-09-11,
3793,1510,0.8,2004-03-09,
3793,502342,0.85,2007-10-23,
3794,574,0.66,1997-05-01,
3794,36,6.56,1997-05-01,
3794,1382,0.82,2003-09-11,
3794,1510,0.8,2004-03-09,
3795,174,5.24,1997-05-01,
3797,174,5.24,1997-05-01,
3799,29,8.17,2002-08-06,
3799,575,0.68,1997-05-01,
3799,1510,0.8,2004-03-09,
3800,277,0.57,1997-05-01,
3800,326,0.8,1997-05-01,
3800,1383,0.6,2003-09-11,
3800,1489,1.25,2004-03-09,
3801,592,1.485,2002-08-06,
3801,325,1.32,1997-05-01,
3801,1489,1.25,2004-03-09,
3801,502341,1.0,2007-10-23,
3803,1402,0.049,2017-04-20,
3803,1403,0.025,2017-04-20,
3803,1454,0.3,2004-03-11,
3803,1676,0.1,2007-06-25,
3804,486,0.28350000000000003,1997-05-01,
3804,61,0.56,1997-05-01,
3804,1518,0.28,2004-03-11,
3804,1456,0.4,2004-03-11,
3804,279,0.34,2007-10-23,
3805,174,6.1,2002-04-18,
3807,55,0.24,2008-10-15,
3807,1456,0.4,2004-03-11,
3808,54,0.05,1997-05-01,
3808,346,0.35926,1997-05-01,
3808,1521,0.15,2004-03-11,
3808,1454,0.3,2004-03-11,
3809,49,0.21,1997-05-01,
3809,1454,0.3,2004-03-12,
3810,49,0.06,1997-05-01,
3810,345,0.47337,1997-05-01,
3810,1373,1.18343,2003-10-22,
3810,1526,0.18,2004-03-11,
3810,1454,0.3,2004-03-11,
3811,56,0.1,1997-05-01,
3811,1522,0.2,2004-03-11,
3811,1454,0.3,2004-03-11,
3812,66,0.4,2003-10-22,
3812,1405,0.022000000000000002,2003-10-22,
3812,1522,0.2,2004-03-11,
3812,1454,0.3,2004-03-11,
3812,1275,0.1,2014-02-11,
3812,139,0.14,2014-02-11,
3812,502524,0.122,2014-02-11,
3812,502525,0.4,2014-02-11,
3813,49,0.142,2014-02-11,
3813,1525,0.284,2014-02-11,
3813,1454,0.3,2004-03-11,
3814,174,4.96,1997-05-01,
3816,454,0.16,1997-05-01,
3818,56,0.16,1997-05-01,
3818,60,0.23,1997-05-01,
3818,1522,0.32,2004-03-11,
3818,1454,0.3,2004-03-11,
3819,49,0.12,2014-02-11,
3819,1525,0.24,2014-02-11,
3819,1454,0.3,2004-03-11,
3820,49,0.17,1997-05-01,
3820,1525,0.34,2004-03-11,
3820,1454,0.3,2004-03-11,
3821,49,0.13,1997-05-01,
3821,1525,0.26,2004-03-11,
3821,1454,0.3,2004-03-11,
3822,49,0.18,2014-10-22,
3822,1454,0.3,2004-03-12,
3822,1525,0.36,2014-10-22,
3823,49,0.16,1997-05-01,
3823,1525,0.32,2004-03-12,
3823,1454,0.3,2004-03-12,
3824,49,0.08,1997-05-01,
3824,1525,0.16,2004-03-12,
3824,1454,0.3,2004-03-12,
3824,1526,0.24,2012-08-28,
3825,49,0.07,1997-05-01,
3825,502445,0.32,2003-10-22,
3825,1525,0.14,2004-03-12,
3825,1454,0.3,2004-03-12,
3826,491,0.07,1997-05-01,
3826,345,0.35503,1997-05-01,
3826,1373,0.8879,2005-04-14,
3826,1527,0.21,2004-03-12,
3826,1454,0.3,2004-03-12,
3826,1525,0.14,2007-06-11,
3827,49,0.09,2014-02-11,
3827,1647,0.27,2014-02-11,
3827,1454,0.3,2004-03-12,
3828,64,0.11,1997-05-01,
3828,1525,0.22,2004-03-12,
3828,1454,0.3,2004-03-12,
3829,1528,0.3,2006-12-15,
3829,1454,0.3,2004-03-12,
3830,66,0.32,2003-10-22,
3830,1529,0.3,2004-03-12,
3830,1454,0.3,2004-03-12,
3831,553,0.06,1997-05-01,
3831,59,0.13,1997-05-01,
3831,66,0.25,2003-10-22,
3831,1530,0.26,2004-03-12,
3831,1454,0.3,2004-03-12,
3832,49,0.15,1997-05-01,
3832,1525,0.3,2004-03-12,
3832,1454,0.3,2004-03-12,
3833,174,4.96,1997-05-01,
3835,454,0.16,1997-05-01,
3837,59,0.15,1997-05-01,
3837,66,0.25,1997-05-01,
3837,1530,0.3,2004-03-12,
3837,1454,0.3,2004-03-12,
3838,49,0.15,1997-05-01,
3838,1525,0.3,2004-03-12,
3838,1454,0.3,2004-03-12,
3839,49,0.15,1997-05-01,
3839,1525,0.3,2004-03-12,
3839,1454,0.3,2004-03-12,
3840,454,0.16,1997-05-01,
3842,62,0.2,1997-05-01,
3842,1525,0.4,2004-03-12,
3842,1454,0.3,2004-03-12,
3843,49,0.14,1997-05-01,
3843,1525,0.28,2004-03-12,
3843,1454,0.3,2004-03-12,
3844,49,0.15,1997-05-01,
3844,1525,0.3,2004-03-12,
3844,1454,0.3,2004-03-12,
3845,53,0.08,1997-05-01,
3845,1454,0.3,2004-03-12,
3845,1525,0.16,2007-06-11,
3846,54,0.14,1997-05-01,
3846,1454,0.3,2004-03-12,
3849,49,0.15,1997-05-01,
3849,1525,0.3,2004-03-12,
3849,1454,0.3,2004-03-12,
3850,454,0.17,2014-06-02,
3851,49,0.12,1997-05-01,
3851,1525,0.24,2004-03-15,
3851,1454,0.3,2004-03-15,
3853,62,0.14,1997-05-01,
3853,1525,0.28,2004-03-12,
3853,1454,0.3,2004-03-12,
3854,490,0.035,1997-05-01,
3854,65,0.09,1997-05-01,
3854,1532,0.27,2004-03-12,
3854,1454,0.3,2004-03-12,
3854,1525,0.18,2012-08-28,
3855,488,0.1,1997-05-01,
3855,63,0.15,1997-05-01,
3855,1533,0.3,2004-03-15,
3855,1454,0.3,2004-03-15,
3856,236,2.08,1997-05-01,
3856,539,0.4,1997-05-01,
3856,1461,0.55,2004-03-19,
3857,345,0.33812,1997-05-01,
3857,49,0.04,1997-05-01,
3857,1373,0.8456600000000001,2003-10-27,
3857,1534,0.16,2004-03-15,
3857,1454,0.3,2004-03-15,
3858,1454,0.3,2004-03-15,
3858,502686,0.3,2016-08-17,
3858,502687,11.6,2016-08-17,
3859,493,0.03,1997-05-01,
3859,346,0.30431,1997-05-01,
3859,1406,0.76078,2003-10-27,
3859,1407,0.01,2003-10-27,
3859,1408,0.006,2003-11-28,
3859,284,0.02,2003-10-27,
3859,1535,0.15,2004-03-15,
3859,1494,0.2,2004-09-01,
3859,1663,0.04,2007-06-11,
3859,363,0.26206,2014-04-30,
3859,1146,0.65515,2014-04-30,
3860,233,0.065,2014-06-03,
3860,1537,0.325,2014-06-03,
3860,1494,0.2,2004-03-15,
3860,346,0.35082,2014-06-03,
3860,1622,0.43853000000000003,2014-06-03,
3860,1406,0.87705,2014-06-03,
3861,346,0.23246,1997-05-01,
3861,1536,0.3,2004-03-15,
3861,1454,0.3,2004-03-15,
3861,1622,0.29523,2014-06-03,
3861,1406,0.58118,2014-06-03,
3861,640,0.13948,2014-06-03,
3862,72,0.28,2014-06-03,
3862,1454,0.3,2004-03-15,
3863,72,0.28,2014-06-03,
3863,1454,0.3,2004-03-15,
3864,72,0.28,2014-06-03,
3864,1454,0.3,2004-03-15,
3865,298,0.05,1997-05-01,
3865,1538,0.2,2004-03-15,
3865,1494,0.2,2004-03-15,
3865,1541,0.3,2012-08-31,
3866,298,0.05,1997-05-01,
3866,1538,0.2,2004-03-15,
3866,1494,0.2,2004-03-15,
3866,1541,0.3,2012-08-31,
3867,72,0.11,2014-06-03,
3867,1539,0.22,2014-06-03,
3867,1494,0.2,2004-03-15,
3867,1663,0.44,2014-06-03,
3868,72,0.1,1997-05-01,
3868,1539,0.2,2004-03-15,
3868,1454,0.3,2004-03-15,
3869,72,0.07,1997-05-01,
3869,1540,0.28,2004-03-15,
3869,1494,0.2,2004-03-15,
3870,538,0.083,1997-05-01,
3870,302,0.25,1997-05-01,
3870,346,0.25792000000000004,2003-10-27,
3870,1406,0.6445799999999999,2014-06-03,
3870,1410,0.11,2003-10-27,
3870,1494,0.2,2004-03-15,
3870,1536,0.33,2012-08-16,
3870,1622,0.32228999999999997,2014-06-03,
3871,302,0.22,1997-05-01,
3871,538,0.073,1997-05-01,
3871,1494,0.2,2004-03-15,
3872,232,0.03,2014-02-11,
3872,516,0.01,1997-05-01,
3872,346,0.29587,2014-06-03,
3872,1406,0.73968,2014-06-03,
3872,1616,0.3,2004-03-15,
3872,1494,0.2,2004-03-15,
3872,1663,0.12,2007-06-11,
3872,502526,0.1,2014-02-11,
3873,233,0.07,1997-05-01,
3873,1542,0.28,2004-03-16,
3873,1494,0.2,2004-03-16,
3874,233,0.07,1997-05-01,
3874,1542,0.28,2004-03-16,
3874,1494,0.2,2004-03-16,
3875,231,0.05,2006-12-15,
3875,1494,0.2,2004-03-16,
3875,1650,0.2,2006-12-15,
3875,1544,0.3,2012-08-16,
3876,233,0.07,1997-05-01,
3876,1542,0.28,2004-03-16,
3876,1494,0.2,2004-03-16,
3877,233,0.07,1997-05-01,
3877,1542,0.28,2004-03-16,
3877,1494,0.2,2004-03-16,
3878,346,0.3973,1997-05-01,
3878,279,0.04,1997-05-01,
3878,1406,0.99366,2003-10-27,
3878,1544,0.24,2004-03-16,
3878,1494,0.2,2004-03-16,
3878,1663,0.16,2007-06-11,
3879,341,0.48607999999999996,2014-06-03,
3879,415,1.2156399999999998,2003-10-27,
3879,640,0.29164999999999996,2014-06-03,
3879,1494,0.2,2004-03-15,
3879,383,0.6076,2014-06-03,
3880,242,0.66,1997-05-01,
3880,496,0.48,1997-05-01,
3880,1510,0.8,2004-03-16,
3882,508,0.57,1997-05-01,
3882,139,0.67,1997-05-01,
3882,1501,0.285,2004-03-16,
3882,553,0.42,2004-03-16,
3882,1413,0.28,2004-03-16,
3882,1461,0.55,2004-03-16,
3883,508,0.57,1997-05-01,
3883,139,0.67,1997-05-01,
3883,553,0.42,2003-10-27,
3883,1501,0.285,2004-03-16,
3883,1461,0.55,2004-03-16,
3884,508,0.57,1997-05-01,
3884,139,0.67,1997-05-01,
3884,553,0.42,2003-10-27,
3884,1501,0.285,2004-03-16,
3884,1461,0.55,2004-03-16,
3885,341,0.1268,1997-05-01,
3885,415,0.31701,2014-06-03,
3885,383,0.1585,2014-06-03,
3885,1545,0.07,2004-03-16,
3885,640,0.07608,2007-06-08,
3886,341,0.16906,1997-05-01,
3886,415,0.42268,2014-06-03,
3886,383,0.21134,2014-06-03,
3886,1545,0.07,2004-03-16,
3887,180,0.75,1997-05-01,
3887,520,0.65,1997-05-01,
3887,181,0.35,2003-10-27,
3887,1414,1.42,2003-10-27,
3887,1461,0.55,2004-03-16,
3888,520,0.71,1997-05-01,
3888,329,0.53,1997-05-01,
3888,1461,0.55,2004-03-16,
3889,329,0.53,1997-05-01,
3889,520,0.71,1997-05-01,
3889,181,0.35,2003-10-27,
3889,1414,1.42,2003-10-27,
3889,1461,0.55,2004-03-16,
3890,329,0.53,1997-05-01,
3890,520,0.65,1997-05-01,
3890,1461,0.55,2004-03-16,
3891,495,0.54,2014-11-12,
3891,79,0.71,1997-05-01,
3891,1384,0.14,2003-09-11,
3891,1461,0.55,2004-03-16,
3892,82,0.57,1997-05-01,
3892,81,0.43,1997-05-01,
3892,1461,0.55,2004-03-16,
3893,81,0.45,1997-05-01,
3893,84,0.63,1997-05-01,
3893,1461,0.55,2004-03-16,
3895,81,0.41,1997-05-01,
3895,1461,0.55,2004-03-16,
3896,83,0.85,1997-05-01,
3896,1461,0.55,2004-03-16,
3897,80,0.78,1997-05-01,
3897,84,0.6,1997-05-01,
3897,81,0.31,2003-10-27,
3897,1384,0.13,2003-10-27,
3897,79,0.75,2003-10-27,
3897,1461,0.55,2004-03-16,
3898,83,0.85,1997-05-01,
3898,1461,0.55,2004-03-16,
3900,164,0.57,1997-05-01,
3900,1546,0.285,2004-03-16,
3900,1461,0.55,2004-03-16,
3901,164,0.52,1997-05-01,
3901,1546,0.26,2004-03-16,
3901,1461,0.55,2004-03-16,
3902,164,0.66,1997-05-01,
3902,1546,0.33,2004-03-16,
3902,1461,0.55,2004-09-01,
3903,164,0.61,1997-05-01,
3903,1546,0.305,2004-03-16,
3903,1461,0.55,2004-03-16,
3904,164,0.57,1997-05-01,
3904,1546,0.285,2004-03-16,
3904,1461,0.55,2004-03-16,
3905,164,0.52,1997-05-01,
3905,1546,0.26,2004-03-16,
3905,1461,0.55,2004-03-16,
3906,164,0.57,1997-05-01,
3906,1546,0.285,2004-03-16,
3906,1461,0.55,2004-03-16,
3907,164,0.52,1997-05-01,
3907,1546,0.26,2004-03-16,
3907,1461,0.55,2004-03-16,
3908,164,0.58,2014-04-22,
3908,1546,0.29,2014-04-22,
3908,1461,0.55,2004-03-16,
3909,164,0.5,2014-04-22,
3909,1546,0.25,2014-04-22,
3909,1461,0.55,2004-03-17,
3910,196,0.59,1997-05-01,
3910,1496,0.75,2004-03-17,
3911,245,0.65,1997-05-01,
3911,1496,0.75,2004-03-17,
3912,136,0.22,1997-05-01,
3912,1461,0.55,2004-03-17,
3912,341,0.64247,2014-06-04,
3912,383,0.80308,2014-06-04,
3912,415,1.6061699999999999,2014-06-04,
3913,48,0.04,1997-05-01,
3913,1415,0.29,2003-10-28,
3913,1590,0.05,2004-09-01,
3914,48,0.1,1997-05-01,
3914,1590,0.05,2004-09-01,
3915,511,0.45,1997-05-01,
3915,167,0.57,1997-05-01,
3915,1550,0.285,2004-03-17,
3915,1461,0.55,2004-03-17,
3916,1413,0.17,2003-10-28,
3916,139,1.39,2003-10-28,
3916,1417,1.68,2003-10-28,
3916,160,1.13,2003-10-28,
3916,553,0.66,2003-10-28,
3916,1461,0.55,2004-03-17,
3916,1550,0.285,2004-09-01,
3919,164,0.33,1997-05-01,
3919,1461,0.55,2004-03-17,
3920,167,0.57,1997-05-01,
3920,511,0.45,1997-05-01,
3920,1550,0.285,2004-03-17,
3920,1461,0.55,2004-03-17,
3921,1413,0.17,2003-10-28,
3921,553,0.66,2003-10-28,
3921,160,1.13,2003-10-28,
3921,1417,1.68,2003-10-28,
3921,139,1.39,2003-10-28,
3921,1546,0.285,2004-09-01,
3921,1461,0.55,2004-09-01,
3923,164,0.33,1997-05-01,
3923,1461,0.55,2004-03-17,
3924,167,0.57,1997-05-01,
3924,512,0.45,1997-05-01,
3924,1550,0.285,2004-03-17,
3924,1461,0.55,2004-03-17,
3925,1413,0.17,2003-10-28,
3925,1417,1.68,2003-10-28,
3925,553,0.66,2003-10-28,
3925,139,1.39,2003-10-28,
3925,160,1.13,2003-10-28,
3925,1461,0.55,2004-09-01,
3925,1546,0.57,2005-02-11,
3930,175,0.73,1997-05-01,
3930,518,0.41,2003-09-11,
3930,1496,0.75,2004-03-17,
3931,365,0.54945,1997-05-01,
3931,1385,1.3736199999999998,2003-09-11,
3933,365,0.47340000000000004,2008-07-03,
3933,1385,1.1835,2008-07-03,
3935,518,0.38,1997-05-01,
3935,175,0.77,1997-05-01,
3935,1496,0.75,2004-03-17,
3936,518,0.38,1997-05-01,
3936,175,0.77,1997-05-01,
3936,1496,0.75,2004-03-17,
3937,365,0.51563,2003-09-11,
3937,1385,1.2890899999999998,2003-09-11,
3939,365,0.57541,2017-01-16,
3939,1385,1.43853,2017-01-16,
3941,328,1.25,1997-05-01,
3941,327,0.99,2004-03-18,
3941,1482,1.1,2004-09-02,
3942,328,1.55,1997-05-01,
3942,194,12.37,1997-05-01,
3942,327,0.99,2004-03-18,
3942,1482,1.1,2004-09-02,
3943,328,0.92,1997-05-01,
3943,327,1.23,1997-05-01,
3943,1482,1.1,2004-09-02,
3944,194,11.86,1997-05-01,
3944,328,1.44,2023-05-26,
3944,327,0.99,2004-03-18,
3944,1482,1.1,2004-09-02,
3945,328,1.47,1997-05-01,
3945,194,11.79,1997-05-01,
3945,1482,1.1,2004-09-02,
3947,328,1.8,1997-05-01,
3947,194,14.37,1997-05-01,
3947,1482,1.1,2004-09-02,
3948,327,1.13,2014-02-11,
3948,588,0.99,1997-05-01,
3948,1482,1.1,2004-09-02,
3950,328,0.95,1997-05-01,
3950,327,1.27,1997-05-01,
3950,1482,1.1,2004-09-02,
3951,324,0.64,1997-05-01,
3951,594,0.48,1997-05-01,
3951,1482,1.1,2004-09-02,
3952,328,0.94,1997-05-01,
3952,327,1.26,1997-05-01,
3952,1482,1.1,2004-09-02,
3954,327,1.04,1997-05-01,
3954,193,6.24,1997-05-01,
3954,1482,1.1,2004-09-02,
3955,327,1.05,1997-05-01,
3955,193,6.31,1997-05-01,
3955,1482,1.1,2004-09-02,
3957,192,1.28,1997-05-01,
3957,1482,1.1,2004-09-02,
3958,327,1.13,1997-05-01,
3958,193,6.8,1997-05-01,
3958,1482,1.1,2004-09-02,
3959,328,1.27,1997-05-01,
3959,194,10.16,1997-05-01,
3959,1482,1.1,2004-09-02,
3960,194,13.22,1997-05-01,
3960,328,1.65,1997-05-01,
3960,1482,1.1,2004-09-02,
3961,327,1.13,1997-05-01,
3961,193,6.8,1997-05-01,
3961,1482,1.1,2004-09-02,
3962,328,1.22,1997-05-01,
3962,194,9.76,1997-05-01,
3962,1482,1.1,2004-09-02,
3963,328,1.55,1997-05-01,
3963,194,12.4,1997-05-01,
3963,1482,1.1,2004-09-02,
3964,194,10.04,1997-05-01,
3964,328,1.26,1997-05-01,
3964,1482,1.1,2004-09-02,
3970,593,0.18,1997-05-01,
3970,76,1.44,2014-02-12,
3970,1552,0.18,2004-03-17,
3970,502527,1.73,2014-02-12,
3971,593,0.2,2014-04-22,
3971,76,1.6,2014-04-22,
3971,1552,0.16,2004-03-17,
3972,76,1.8,1997-05-01,
3972,593,0.23,1997-05-01,
3972,1552,0.23,2004-03-18,
3973,236,2.45,1997-05-01,
3973,539,0.47,1997-05-01,
3973,1461,0.55,2004-03-19,
3974,237,0.19,1997-05-01,
3974,1461,0.55,2004-03-17,
3979,228,0.35,1997-05-01,
3979,1461,0.55,2004-03-24,
3980,227,0.33,1997-05-01,
3980,1461,0.55,2004-03-24,
3981,227,0.36,2004-03-24,
3981,1461,0.55,2004-03-24,
3982,227,0.43,2014-08-25,
3982,1461,0.55,2004-03-24,
3983,227,0.43,2014-08-25,
3983,1461,0.55,2004-03-24,
3984,227,0.45,2014-08-25,
3984,1555,0.225,2016-01-11,
3984,1461,0.55,2004-03-24,
3985,227,0.44,2016-08-17,
3985,1555,0.22,2016-08-17,
3985,1461,0.55,2004-03-24,
3986,227,0.43,1997-05-01,
3986,1555,0.215,2004-03-24,
3986,1461,0.55,2004-03-24,
3987,227,0.43,1997-05-01,
3987,1555,0.215,2004-03-24,
3987,1461,0.55,2004-03-24,
3988,229,0.57,1997-05-01,
3988,1555,0.285,2004-03-19,
3988,1461,0.55,2004-03-19,
3989,590,0.71,1997-05-01,
3989,287,4.25,2023-05-26,
3989,1482,1.1,2004-03-24,
3990,292,0.6,1997-05-01,
3990,1556,0.3,2004-03-24,
3990,1461,0.55,2004-03-24,
3991,502390,0.3,1997-05-01,
3991,1461,0.55,2004-03-25,
3994,238,0.13,1997-05-01,
3994,1420,0.21,2003-10-28,
3994,897,0.05,2003-10-28,
3994,1557,0.26,2004-03-25,
3994,1454,0.3,2004-03-25,
3995,178,0.5,1997-05-01,
3995,1558,0.25,2004-03-25,
3995,1461,0.55,2004-03-25,
3996,178,0.52,2002-08-06,
3996,1558,0.26,2004-03-25,
3996,1461,0.55,2004-03-25,
3997,1461,0.55,2004-03-25,
3997,1628,0.05,2004-11-30,
3997,1629,0.13,2004-11-30,
3997,1630,0.33,2004-11-30,
3997,1631,0.52,2004-11-30,
3997,1632,0.19,2004-11-30,
3997,1633,0.25,2004-11-30,
3998,572,0.35,1997-05-01,
3998,304,0.39,1997-05-01,
3998,1496,0.75,2004-03-25,
4000,305,0.75,1997-05-01,
4000,573,0.5,1997-05-01,
4000,1496,0.75,2004-03-25,
4001,562,0.08,1997-05-01,
4001,280,0.32,1997-05-01,
4001,1461,0.55,2004-03-25,
4002,439,0.04694,1997-05-01,
4002,1547,0.006,2004-03-17,
4003,439,0.04694,1997-05-01,
4003,1547,0.006,2004-03-17,
4004,439,0.05102,1997-05-01,
4004,1547,0.006,2004-03-17,
4005,439,0.04694,1997-05-01,
4005,1547,0.006,2004-03-17,
4006,439,0.03061,1997-05-01,
4006,1547,0.006,2004-03-17,
4007,28,0.17,1997-05-01,
4007,1547,0.006,2004-03-17,
4008,385,0.12162,2003-05-16,
4008,439,0.040819999999999995,2003-11-10,
4008,801,0.08,2003-12-23,
4008,1547,0.006,2004-03-17,
4009,66,0.25,2002-02-20,
4009,59,0.15,1997-05-01,
4009,1530,0.3,2004-03-12,
4009,1454,0.3,2004-03-12,
4010,56,0.16,1997-05-01,
4010,60,0.23,1997-05-01,
4010,1522,0.32,2004-03-11,
4010,1454,0.3,2004-03-11,
4015,245,0.17,1997-05-01,
4015,1615,0.35,2007-01-18,
4015,990,0.5,2004-09-02,
4016,245,0.25,1997-05-01,
4016,1615,0.35,2007-01-18,
4016,990,0.5,2004-09-02,
4017,245,0.25,1997-05-01,
4017,1615,0.35,2007-01-18,
4017,990,0.5,2004-09-02,
4018,164,0.31,1997-05-01,
4018,1461,0.55,2004-03-17,
4020,164,0.34,1997-05-01,
4020,1461,0.55,2004-03-17,
4022,175,0.77,1997-05-01,
4022,518,0.38,1997-05-01,
4022,1496,0.75,2004-03-17,
4028,228,0.35,1997-05-01,
4028,229,0.43,2003-10-29,
4028,1461,0.55,2004-03-24,
4031,76,2.44,1997-05-01,
4031,593,0.3,1997-05-01,
4031,1552,0.3,2004-03-17,
4032,72,0.28350000000000003,1997-05-01,
4032,1454,0.3,2004-03-15,
4033,593,0.22,1997-05-01,
4033,76,1.76,1997-05-01,
4033,341,0.54525,2014-04-22,
4033,327,0.22,2004-03-17,
4033,415,1.36313,2014-04-22,
4033,383,0.68156,2014-04-22,
4034,76,1.94,1997-05-01,
4034,593,0.24,1997-05-01,
4034,1552,0.24,2004-03-18,
4035,572,0.33,1997-05-01,
4035,304,0.33,2003-10-29,
4035,1496,0.75,2004-03-25,
4036,347,0.14793,1997-05-01,
4036,245,0.36,2015-03-09,
4036,1016,0.36982,2004-06-09,
4036,345,0.19018999999999997,2004-06-09,
4036,1373,0.47548999999999997,2004-06-09,
4036,990,0.5,2004-09-02,
4036,1615,0.35,2007-01-18,
4037,64,0.11,1997-05-01,
4037,1525,0.22,2004-03-12,
4037,1454,0.3,2004-03-12,
4038,1424,0.05,2003-10-29,
4038,231,0.03,2003-10-29,
4038,1538,0.2,2004-03-15,
4038,1494,0.2,2004-03-15,
4038,1541,0.3,2012-08-31,
4039,516,0.01,1997-05-01,
4039,232,0.03,2002-02-20,
4039,1616,0.3,2004-03-15,
4039,1494,0.2,2004-03-15,
4040,232,0.03,1997-05-01,
4040,516,0.01,1997-05-01,
4040,1616,0.3,2004-03-15,
4040,1494,0.2,2004-03-15,
4040,1663,0.12,2007-06-11,
4041,231,0.03,1997-05-01,
4041,224,0.04,1997-05-01,
4041,1537,0.175,2004-03-16,
4041,1494,0.2,2004-03-16,
4041,1663,0.12,2007-06-11,
4041,502472,0.28,2012-08-31,
4042,569,0.02,1997-05-01,
4042,231,0.03,1997-05-01,
4042,1543,0.2,2004-03-16,
4042,1494,0.2,2004-03-16,
4043,279,0.04,1997-05-01,
4043,1544,0.24,2004-03-16,
4043,1494,0.2,2004-03-16,
4044,245,0.33,2015-03-09,
4044,1615,0.35,2007-01-18,
4044,990,0.5,2004-09-02,
4045,192,1.28,1997-05-01,
4045,1482,1.1,2004-09-02,
4046,192,1.28,1997-05-01,
4046,1482,1.1,2004-09-02,
4047,897,0.5,2003-10-29,
4047,238,0.13,2003-10-29,
4047,1557,0.26,2004-03-25,
4047,1454,0.3,2004-03-25,
4048,1461,0.55,2004-03-25,
4048,1628,0.05,2004-11-30,
4048,1632,0.19,2004-11-30,
4048,1631,0.52,2004-11-30,
4048,1634,0.25,2004-11-30,
4049,1461,0.55,2004-03-25,
4049,1635,0.49,2004-11-30,
4049,1632,0.32,2004-11-30,
4049,1631,0.72,2004-11-30,
4049,1636,1.17,2004-11-30,
4051,1525,0.28350000000000003,1997-05-01,
4051,1454,0.3,2004-03-12,
4052,232,0.05,2023-05-26,
4052,516,0.01,2004-06-09,
4052,346,0.29586,2004-06-09,
4052,1406,0.73964,2004-06-09,
4052,1494,0.2,2004-03-15,
4052,1541,0.3,2004-09-02,
4053,31,5.68,2002-02-15,
4053,578,0.47,2002-02-15,
4053,1461,0.55,2004-03-11,
4053,1652,0.35,2012-08-29,
4054,81,0.42,1997-05-01,
4054,84,0.6,1997-05-01,
4054,1461,0.55,2004-03-16,
4055,327,1.17,1997-05-01,
4055,328,1.25,1997-05-01,
4055,1482,1.1,2004-09-02,
4056,328,1.25,1997-05-01,
4056,194,9.98,1997-05-01,
4056,327,1.17,2003-10-29,
4056,1482,1.1,2004-09-02,
4057,327,1.17,1997-05-01,
4057,193,7.0,1997-05-01,
4057,1482,1.1,2004-09-02,
4058,327,1.09,1997-05-01,
4058,193,6.52,1997-05-01,
4058,1482,1.1,2004-09-02,
4059,227,0.66,1997-05-01,
4059,1555,0.33,2004-03-24,
4059,1461,0.55,2004-03-24,
4060,341,0.50719,1997-05-01,
4060,640,0.30431,2004-03-08,
4060,383,0.63399,2004-03-08,
4060,1454,0.3,2004-03-08,
4060,415,1.26798,2004-03-08,
4061,160,0.72,2014-08-18,
4061,139,0.91,2014-08-18,
4061,1453,0.35,2004-02-06,
4061,1461,0.55,2004-03-08,
4063,949,0.32,2002-08-07,
4063,950,0.64,2002-08-07,
4063,951,0.96,2002-08-07,
4063,990,0.5,2004-03-09,
4063,1615,0.35,2007-01-18,
4063,1496,0.75,2016-08-04,
4065,245,0.27,2014-04-23,
4065,1615,0.35,2007-01-18,
4065,990,0.5,2004-09-02,
4066,245,0.36,2014-04-22,
4066,347,0.14793,1997-05-01,
4066,345,0.19018999999999997,2003-10-28,
4066,1373,0.47548999999999997,2003-10-28,
4066,1615,0.35,2007-01-18,
4066,990,0.5,2004-09-02,
4066,1016,0.36984,2014-05-09,
4067,245,0.36,2014-04-22,
4067,1615,0.35,2007-01-18,
4067,990,0.5,2004-09-02,
4068,245,0.33,2015-03-09,
4068,1615,0.35,2007-01-18,
4068,990,0.5,2004-09-02,
4069,341,0.45647,1997-05-01,
4069,415,1.14117,2003-10-28,
4069,640,0.27390000000000003,2004-03-08,
4069,1454,0.3,2004-03-08,
4069,383,0.5705899999999999,2004-03-08,
4070,174,1.7,1997-05-01,
4071,231,0.03,2004-06-09,
4071,224,0.05,2004-06-09,
4071,363,0.1268,2004-06-09,
4071,1146,0.31701,2014-06-03,
4071,1538,0.2,2004-03-15,
4071,1494,0.2,2004-03-15,
4071,1662,0.1,2007-06-08,
4071,1541,0.3,2012-08-31,
4071,1145,0.1585,2014-06-03,
4072,224,0.04,1997-05-01,
4072,231,0.03,1997-05-01,
4072,346,0.30431,2004-06-09,
4072,1406,0.76078,2004-06-09,
4072,1537,0.175,2004-03-16,
4072,1494,0.2,2004-03-16,
4072,1663,0.12,2007-06-11,
4073,227,0.28350000000000003,1997-05-01,
4073,1461,0.55,2004-03-24,
4075,193,4.17,2003-11-04,
4075,867,2.27,2003-11-04,
4075,341,1.06508,2003-11-04,
4075,1457,1.4,2004-09-02,
4076,193,4.5,2003-11-04,
4076,341,1.06508,2023-05-26,
4076,1457,1.4,2004-09-02,
4077,341,1.06508,2023-05-26,
4077,193,4.17,2003-11-04,
4077,867,2.27,2003-11-04,
4077,1457,1.4,2004-09-02,
4078,191,4.17,2003-11-04,
4078,341,1.06508,2023-05-26,
4078,1457,1.4,2004-09-02,
4079,341,1.06508,2023-05-26,
4079,193,4.17,2003-11-04,
4079,867,2.27,2003-11-04,
4079,1457,1.4,2004-09-02,
4080,193,4.5,2003-11-04,
4080,341,1.06508,2023-05-26,
4080,1457,1.4,2004-09-02,
4080,196,1.13,2014-04-14,
4081,279,0.60838,1997-05-01,
4081,196,0.43,2004-03-09,
4081,1489,1.25,2004-03-09,
4082,341,0.41496,1997-05-01,
4082,990,0.5,2004-03-08,
4082,523,0.426,2013-10-22,
4083,17,0.25697,1997-05-01,
4083,1494,0.2,2004-03-15,
4085,341,0.39286,1997-05-01,
4085,1352,0.03929,2004-03-24,
4085,1454,0.3,2004-03-24,
4086,286,0.198,1997-05-01,
4086,1494,0.2,2004-08-30,
4087,341,0.18597999999999998,2014-11-03,
4087,332,0.18,1997-05-01,
4087,383,0.23247,2014-11-03,
4087,415,0.46494,2014-11-03,
4087,990,0.5,2004-08-30,
4087,502469,0.27,2012-08-31,
4088,341,0.18597999999999998,2014-11-03,
4088,332,0.18,1997-05-01,
4088,383,0.23247,2014-11-03,
4088,415,0.46494,2014-11-03,
4088,990,0.5,2004-08-30,
4089,990,0.5,2004-08-30,
4091,990,0.5,2004-08-30,
4092,341,0.14793,1997-05-01,
4092,383,0.18491,2003-08-13,
4092,415,0.36983,2003-08-13,
4092,990,0.5,2004-08-30,
4093,685,0.18,1997-05-01,
4093,360,0.38462,1997-05-01,
4093,383,0.4808,2003-08-13,
4093,415,0.96155,2003-08-13,
4093,990,0.5,2004-08-30,
4093,640,0.23077000000000003,2011-05-10,
4093,384,0.27,2012-08-30,
4094,12,0.28,2003-08-13,
4094,990,0.5,2004-08-30,
4095,523,0.006999999999999999,1997-05-01,
4095,12,0.14,2007-06-22,
4095,990,0.5,2004-08-30,
4095,502412,0.28,2009-12-18,
4096,336,0.06,1997-05-01,
4096,341,0.79459,1997-05-01,
4096,383,0.93512,2003-08-13,
4096,415,1.87025,2003-08-13,
4096,990,0.5,2004-08-30,
4096,640,0.47674999999999995,2009-12-18,
4097,139,0.21,2023-05-26,
4097,553,0.14,2002-04-18,
4097,990,0.5,2004-08-30,
4097,404,0.28,2009-12-18,
4108,990,0.5,2004-08-30,
4108,341,0.24091,2006-02-01,
4108,383,0.59175,2015-04-29,
4108,415,1.1835,2015-04-29,
4110,341,0.03381,1997-05-01,
4110,383,0.04227,2003-08-14,
4110,415,0.08453,2003-08-14,
4110,990,0.5,2004-08-30,
4110,1353,0.16906,2011-05-10,
4111,383,0.05811,2003-08-14,
4111,415,0.11623,2003-08-14,
4111,341,0.046490000000000004,2023-05-26,
4111,990,0.5,2004-08-30,
4112,28,0.1,2023-05-26,
4112,990,0.5,2004-08-30,
4112,1638,0.2,2011-05-10,
4113,341,0.17942,2023-05-26,
4113,383,0.22427,2003-08-14,
4113,415,0.44854,2003-08-14,
4113,990,0.5,2004-08-30,
4114,341,0.14877,1997-05-01,
4114,383,0.18597000000000002,2003-08-14,
4114,415,0.37194000000000005,2003-08-14,
4114,990,0.5,2004-08-30,
4115,341,0.046490000000000004,1997-05-01,
4115,383,0.058120000000000005,2003-08-14,
4115,415,0.11623,2003-08-14,
4115,990,0.5,2004-08-30,
4116,634,0.05,1997-05-01,
4116,341,0.13525,1997-05-01,
4116,383,0.16906,2003-08-14,
4116,415,0.33812,2003-08-14,
4116,990,0.5,2004-08-30,
4117,1336,0.13526,2014-11-04,
4117,1335,0.10567,2014-11-04,
4117,480,0.018000000000000002,2014-11-04,
4117,1333,0.13208999999999999,2014-11-04,
4117,1334,0.26417,2014-11-04,
4117,1337,0.16907,2014-11-04,
4117,1338,0.33814,2014-11-04,
4117,990,0.5,2004-08-30,
4117,1674,0.43,2007-06-25,
4118,480,0.018000000000000002,2014-11-05,
4118,1336,0.13256,2014-11-05,
4118,1335,0.1056,2014-11-05,
4118,1333,0.13208999999999999,2014-11-05,
4118,1334,0.26417,2014-11-05,
4118,1337,0.16907,2014-11-05,
4118,1338,0.33814,2014-11-05,
4118,990,0.5,2004-08-30,
4119,332,0.2,1997-05-01,
4119,37,0.7,2003-08-14,
4119,990,0.5,2004-08-30,
4120,332,0.2,1997-05-01,
4120,37,1.98,2003-08-14,
4120,341,0.10989,2003-08-14,
4120,415,0.27473,2003-08-14,
4120,383,0.13736,2003-08-14,
4120,990,0.5,2004-08-30,
4123,624,0.28350000000000003,2007-01-30,
4123,404,0.21262,2007-01-30,
4123,990,0.5,2004-08-30,
4124,625,0.02,1997-05-01,
4124,28,0.09,1997-05-01,
4124,990,0.5,2004-08-30,
4124,1638,0.18,2005-01-10,
4125,28,0.09,1997-05-01,
4125,990,0.5,2004-08-30,
4125,1638,0.18,2005-01-10,
4126,28,0.09,1997-05-01,
4126,990,0.5,2004-08-30,
4126,1638,0.18,2005-01-10,
4127,341,0.1352,2014-11-04,
4127,332,0.3,2014-11-04,
4127,383,0.16899999999999998,2014-11-04,
4127,415,0.33799999999999997,2014-11-04,
4127,990,0.5,2004-08-30,
4127,502469,0.45,2014-11-04,
4128,341,0.1352,2014-11-04,
4128,332,0.3,2014-11-04,
4128,383,0.16899999999999998,2014-11-04,
4128,415,0.33799999999999997,2014-11-04,
4128,990,0.5,2004-08-30,
4128,502469,0.45,2014-11-04,
4129,341,0.1352,2014-11-04,
4129,332,0.3,2014-11-04,
4129,383,0.16899999999999998,2014-11-04,
4129,415,0.33799999999999997,2014-11-04,
4129,990,0.5,2004-08-30,
4129,502469,0.45,2014-11-04,
4130,341,0.63398,1997-05-01,
4130,383,0.7924800000000001,2003-08-14,
4130,415,1.58495,2003-08-14,
4130,640,0.38039,2003-08-14,
4130,990,0.5,2004-11-15,
4132,341,0.59172,1997-05-01,
4132,640,0.35503,2003-08-14,
4132,383,0.73965,2003-08-14,
4132,415,1.4793,2003-08-14,
4132,990,0.5,2004-08-30,
4133,341,0.61708,1997-05-01,
4133,640,0.37024999999999997,2003-08-14,
4133,383,0.77134,2003-08-14,
4133,415,1.5426900000000001,2003-08-14,
4133,990,0.5,2004-08-30,
4134,341,0.1352,2014-11-04,
4134,332,0.3,2014-11-04,
4134,383,0.16899999999999998,2014-11-04,
4134,415,0.33799999999999997,2014-11-04,
4134,990,0.5,2004-08-30,
4137,12,0.48,1997-05-01,
4137,445,0.4,2003-11-07,
4137,1456,0.4,2004-08-25,
4138,559,0.07,1997-05-01,
4138,12,0.59,1997-05-01,
4138,1456,0.4,2004-08-25,
4139,196,0.0533,2003-11-07,
4139,1456,0.4,2004-08-25,
4140,12,0.87,1997-05-01,
4140,1456,0.4,2004-08-25,
4141,212,0.47,1997-05-01,
4141,641,0.434,2005-02-11,
4142,212,0.47,1997-05-01,
4142,641,0.434,2005-02-11,
4143,341,0.92984,1997-05-01,
4143,196,0.10099999999999999,2023-05-26,
4143,1456,0.4,2004-08-25,
4143,1669,0.40399999999999997,2007-06-22,
4145,702,0.64,2023-05-26,
4145,196,0.07,2023-05-26,
4145,1456,0.4,2004-08-25,
4146,1467,0.15,2004-08-25,
4147,353,0.5579,1997-05-01,
4147,1241,0.69738,2003-11-07,
4147,1242,1.3947999999999998,2003-11-07,
4147,279,0.29,2023-05-26,
4147,1467,0.15,2004-08-25,
4148,279,0.375,1997-05-01,
4148,342,0.71006,1997-05-01,
4148,1427,0.8875700000000001,2003-11-07,
4148,1428,1.7751499999999998,2003-11-07,
4148,1456,0.4,2004-08-25,
4148,640,0.42604,2007-06-22,
4149,12,0.41,1997-05-01,
4149,1456,0.4,2004-08-25,
4151,558,0.11,1997-05-01,
4151,146,0.43,2023-05-26,
4151,1456,0.4,2004-08-25,
4153,480,0.003,2003-11-21,
4153,342,0.71851,1997-05-01,
4153,1427,0.8981399999999999,2003-11-07,
4153,1428,1.7962799999999999,2003-11-07,
4153,1454,0.3,2004-08-25,
4154,480,0.003,1997-05-01,
4154,1427,0.8875700000000001,2003-11-07,
4154,1428,1.7751499999999998,2003-11-07,
4154,342,0.71006,2023-05-26,
4154,1454,0.3,2004-08-25,
4155,342,0.71851,1997-05-01,
4155,1427,0.8981399999999999,2003-11-07,
4155,1428,1.7962799999999999,2003-11-07,
4155,1454,0.3,2004-08-25,
4155,12,0.85,2014-02-12,
4156,383,0.77134,2003-11-07,
4156,415,1.5426900000000001,2023-05-26,
4156,341,0.61708,2003-11-07,
4157,341,0.90448,2023-05-26,
4157,383,1.1306,2003-11-07,
4157,415,2.2612,2003-11-07,
4158,341,0.72697,1997-05-01,
4158,383,0.9087099999999999,2003-11-07,
4158,415,1.8174000000000001,2003-11-07,
4159,553,0.14,1997-05-01,
4159,183,0.43,2003-11-07,
4159,1456,0.4,2004-08-25,
4163,341,0.5579,2008-07-03,
4163,383,0.6973999999999999,2008-07-03,
4163,415,1.3947999999999998,2008-07-03,
4164,341,0.74387,1997-05-01,
4164,383,0.92984,2003-11-07,
4164,415,1.85968,2003-11-07,
4165,341,0.62552,2001-04-25,
4165,383,0.78191,2003-11-07,
4165,415,1.56382,2003-11-07,
4165,641,0.46914,2004-08-25,
4167,196,0.16,1997-05-01,
4167,1456,0.4,2004-08-25,
4168,196,0.17,1997-05-01,
4168,1456,0.4,2004-08-25,
4169,196,0.22,2003-11-21,
4169,1456,0.4,2004-08-25,
4171,196,0.22,2003-11-21,
4171,1456,0.4,2004-08-25,
4172,196,0.22,2003-11-21,
4172,1456,0.4,2004-08-25,
4173,336,0.4,1997-05-01,
4173,341,0.6931499999999999,2003-11-07,
4173,383,0.8664400000000001,2003-11-07,
4173,415,1.7328800000000002,2003-11-07,
4173,1456,0.4,2004-08-25,
4174,598,0.36,2003-11-21,
4174,341,0.76923,1997-05-01,
4174,1444,0.74,2003-11-25,
4174,1445,0.5,2003-11-25,
4174,1446,0.22,2003-11-25,
4174,1447,0.63,2003-11-25,
4174,383,0.96154,2003-11-21,
4174,1456,0.4,2004-08-25,
4175,160,0.06,1997-05-01,
4175,553,0.03,2003-11-07,
4175,1467,0.15,2004-08-25,
4176,341,0.98901,2003-11-21,
4176,1430,0.11,2003-11-07,
4176,599,0.28,2003-11-07,
4176,383,1.2362600000000001,2003-11-21,
4176,1456,0.4,2004-08-25,
4177,12,0.42,2023-05-26,
4177,559,0.1,2023-05-26,
4177,1456,0.4,2004-08-25,
4179,12,0.6,1997-05-01,
4179,559,0.14,1997-05-01,
4179,1456,0.4,2004-08-25,
4180,174,0.71,2003-11-07,
4180,1456,0.4,2004-08-25,
4180,1661,0.126,2007-05-31,
4180,1670,0.37799999999999995,2007-06-22,
4181,341,1.23415,2016-08-17,
4181,383,1.5426900000000001,2016-08-17,
4181,415,3.0853800000000002,2016-08-17,
4181,385,0.18512,2016-08-17,
4181,428,0.37024999999999997,2016-08-17,
4183,359,0.21133,2001-04-25,
4183,535,0.07200000000000001,1997-05-01,
4183,383,0.26416,2003-11-07,
4183,415,0.52832,2003-11-07,
4183,1456,0.4,2004-08-25,
4184,1443,0.625,2003-11-21,
4184,1456,0.4,2005-02-11,
4185,12,0.4,1997-05-01,
4185,1456,0.4,2004-08-25,
4186,12,0.44,2014-02-12,
4186,342,0.71006,1997-05-01,
4186,1427,0.8875700000000001,2003-11-21,
4186,1428,1.7751499999999998,2003-11-21,
4186,1456,0.4,2004-08-25,
4186,502528,0.07,2014-02-12,
4187,341,1.1159000000000001,2008-07-03,
4187,383,1.3947999999999998,2008-07-03,
4187,415,2.7897000000000003,2008-07-03,
4188,341,1.18343,1997-05-01,
4188,383,1.47929,2003-11-21,
4188,415,2.95858,2003-11-21,
4189,341,1.2426000000000001,1999-09-28,
4189,383,1.5532499999999998,2003-11-21,
4189,415,3.11708,2003-11-21,
4190,336,0.4,1997-05-01,
4190,341,0.62975,1997-05-01,
4190,383,0.78719,2003-11-10,
4190,415,1.57439,2003-11-10,
4190,1456,0.4,2004-08-25,
4191,336,0.1,1997-05-01,
4191,341,0.76078,2001-04-25,
4191,383,0.95097,2003-11-10,
4191,415,1.90194,2003-11-10,
4191,1456,0.4,2004-08-25,
4192,383,1.26796,2003-11-10,
4192,415,2.53593,2003-11-10,
4192,385,0.15216,2003-11-10,
4192,439,0.05072,2003-11-10,
4192,341,1.01437,2023-05-26,
4192,428,0.30432,2004-08-25,
4193,341,1.32713,1999-06-14,
4193,383,1.6642,2003-11-10,
4193,415,3.31784,2003-11-10,
4193,385,0.19907,2003-11-10,
4193,439,0.06636,2003-11-10,
4193,428,0.39814,2004-08-25,
4195,12,0.43,2003-11-21,
4195,1456,0.4,2004-08-25,
4196,12,0.37,1997-05-01,
4196,1456,0.4,2004-08-25,
4197,559,0.13,2003-11-21,
4197,12,0.58,2003-11-21,
4197,1456,0.4,2004-08-25,
4198,12,0.39,2003-11-21,
4198,1456,0.4,2004-08-25,
4199,341,1.4369999999999998,2002-04-18,
4199,383,1.7963,2003-11-10,
4199,415,3.5926,2003-11-10,
4199,385,0.21559999999999999,2003-11-10,
4199,439,0.0719,2003-11-10,
4199,1454,0.3,2004-08-25,
4199,428,0.43119999999999997,2007-06-22,
4201,341,0.71851,1997-05-01,
4201,336,0.2,2002-08-07,
4201,383,0.8981,2003-11-10,
4201,415,1.7963,2003-11-10,
4201,1456,0.4,2004-08-25,
4202,336,0.07,1997-05-01,
4202,1456,0.4,2004-08-25,
4202,341,0.87917,2014-02-12,
4202,383,1.09896,2014-02-12,
4202,415,2.19791,2014-02-12,
4205,12,0.43,1997-05-01,
4205,1456,0.4,2004-08-25,
4206,12,0.4,1997-05-01,
4206,1456,0.4,2004-08-25,
4207,12,0.4,1997-05-01,
4207,1456,0.4,2004-08-25,
4208,341,0.6213000000000001,1997-05-01,
4208,383,0.7766299999999999,2003-11-21,
4208,1456,0.4,2004-08-25,
4209,639,0.42,1997-05-01,
4209,402,0.45,1997-05-01,
4209,196,0.17,2003-11-10,
4209,1456,0.4,2004-08-25,
4209,1670,0.51,2007-06-22,
4210,336,0.08,1997-05-01,
4210,341,0.79459,2003-11-10,
4210,383,0.99324,2003-11-10,
4210,415,1.98648,2003-11-10,
4210,1456,0.4,2004-08-25,
4211,196,0.052000000000000005,2023-05-26,
4211,12,0.52,2007-05-31,
4211,1456,0.4,2004-08-25,
4212,196,0.08199999999999999,2003-11-10,
4212,1456,0.4,2004-08-25,
4212,402,0.16399999999999998,2007-06-22,
4213,224,0.0875,2023-05-26,
4213,412,0.35,1997-05-01,
4213,196,0.0175,2023-05-26,
4213,174,0.35,2003-12-23,
4213,1456,0.4,2004-08-25,
4214,12,0.57,2003-11-21,
4214,1456,0.4,2004-08-25,
4215,174,0.59,2003-11-21,
4215,196,0.05,2023-05-26,
4215,1456,0.4,2004-08-25,
4217,559,0.17,2003-11-21,
4217,693,0.6,1997-05-01,
4217,1456,0.4,2004-08-25,
4218,400,0.58,2004-02-04,
4218,1456,0.4,2004-08-25,
4219,174,0.49,1997-05-01,
4219,1456,0.4,2004-08-25,
4220,12,0.48,2003-11-21,
4220,1456,0.4,2004-08-25,
4221,284,0.03,1997-05-01,
4221,23,0.08,1997-05-01,
4221,1597,0.03,2005-02-11,
4222,12,0.73,2003-11-21,
4222,1456,0.4,2004-08-25,
4223,383,0.45435000000000003,2003-11-12,
4223,415,0.9087099999999999,2003-11-12,
4223,385,0.05436,2023-05-26,
4223,341,0.36347999999999997,2023-05-26,
4223,1590,0.05,2004-08-25,
4224,341,0.36347999999999997,1997-05-01,
4224,385,0.05436,2023-05-26,
4224,383,0.45435000000000003,2003-11-12,
4224,415,0.9087099999999999,2003-11-12,
4224,1590,0.05,2004-08-25,
4228,341,1.0312999999999999,2008-07-04,
4228,383,1.2892,2008-07-04,
4228,415,2.5783,2008-07-04,
4229,385,0.12162,1997-05-01,
4229,174,0.85,1997-05-01,
4230,341,1.14117,1999-09-28,
4230,383,1.4264599999999998,2003-11-12,
4230,415,2.8529199999999997,2003-11-12,
4232,385,0.09122,1997-05-01,
4232,383,0.76,2005-02-11,
4233,341,0.98901,1999-09-28,
4233,383,1.2362600000000001,2003-11-12,
4233,415,2.47253,2003-11-12,
4234,95,0.07,1997-05-01,
4237,222,1.08,2016-08-17,
4237,383,1.2374,2004-08-26,
4237,1667,0.99,2007-06-15,
4243,341,1.20034,1999-09-28,
4243,383,1.50042,2003-11-12,
4243,415,3.00085,2003-11-12,
4244,341,1.20034,1999-09-28,
4244,383,1.50042,2003-11-12,
4244,415,3.00085,2003-11-12,
4245,341,1.2426000000000001,1999-09-28,
4245,383,1.5532499999999998,2003-11-12,
4245,415,3.10651,2003-11-12,
4247,222,1.42,1997-05-01,
4247,383,1.4125,2004-08-26,
4247,1667,0.99,2007-06-15,
4249,341,1.08205,2014-09-12,
4249,383,1.35256,2014-09-12,
4249,415,2.70512,2014-09-12,
4252,341,1.19189,1999-09-28,
4252,383,1.48986,2003-11-18,
4252,415,2.97971,2003-11-18,
4254,559,1.13,2003-11-18,
4254,383,1.194,2004-08-26,
4254,1667,0.99,2007-06-15,
4257,341,1.2426000000000001,1999-09-28,
4257,383,1.5532499999999998,2003-11-18,
4257,415,3.11708,2003-11-18,
4258,341,1.12426,1999-09-28,
4258,383,1.40533,2003-11-18,
4258,415,2.81065,2003-11-18,
4260,341,1.18343,1999-09-28,
4260,383,1.47929,2003-11-18,
4260,415,2.95858,2003-11-18,
4261,341,1.08205,2014-09-12,
4261,383,1.35256,2014-09-12,
4261,415,2.70512,2014-09-12,
4262,341,1.19189,1999-09-28,
4262,383,1.48986,2003-11-20,
4262,415,2.97971,2003-11-20,
4264,341,1.20034,1999-09-28,
4264,383,1.50042,2003-11-20,
4264,415,3.00085,2003-11-20,
4265,341,1.18343,1999-09-28,
4265,383,1.47929,2003-11-20,
4265,415,2.95858,2003-11-20,
4266,341,1.14962,1999-09-28,
4266,383,1.43702,2003-11-20,
4266,415,2.8740499999999995,2003-11-20,
4267,341,1.12426,1999-09-28,
4267,383,1.40533,2003-11-20,
4267,415,2.81065,2003-11-20,
4268,213,0.75,1997-05-01,
4270,12,0.51,1997-05-01,
4270,641,0.8116,2005-02-11,
4271,222,0.97,2016-08-17,
4271,383,1.2375,2004-08-26,
4271,1667,0.99,2007-06-15,
4272,341,1.18343,1999-09-28,
4272,383,1.47929,2003-11-18,
4272,415,2.95858,2003-11-18,
4273,385,0.09122,1997-05-01,
4274,341,1.14962,2003-11-18,
4274,415,2.8740499999999995,2003-11-18,
4274,383,1.43702,2003-11-18,
4275,385,0.10946,1997-05-01,
4276,341,1.12426,1999-09-28,
4276,383,1.43702,2003-11-18,
4276,415,2.8740499999999995,2003-11-18,
4278,294,0.099,2003-11-18,
4278,1547,0.006,2004-08-26,
4279,341,1.12426,1999-09-28,
4279,415,2.81065,2003-11-18,
4279,383,1.40533,2003-11-18,
4280,341,1.12426,1999-09-28,
4280,383,1.40533,2003-11-18,
4280,415,2.81065,2003-11-18,
4282,1599,0.39055,2014-04-24,
4282,385,0.16738,2014-04-24,
4282,428,0.33475,2014-04-24,
4282,383,1.3948099999999999,2014-04-24,
4282,341,1.11584,2014-04-25,
4286,1599,0.4719,2005-02-11,
4287,13,0.77,2003-11-18,
4288,341,0.5579,1997-05-01,
4288,383,0.69738,2003-11-18,
4288,415,1.39476,2003-11-18,
4289,341,0.5579,1997-05-01,
4289,383,0.69738,2003-11-18,
4289,415,1.39476,2003-11-18,
4290,341,0.83686,2003-11-18,
4290,383,1.04607,2003-11-18,
4290,415,2.09214,2003-11-18,
4290,641,0.62765,2004-08-26,
4291,213,0.75,1997-05-01,
4292,341,0.60862,1997-05-01,
4292,383,0.76078,2003-11-18,
4292,415,1.52156,2003-11-18,
4293,385,0.17878,2003-11-21,
4293,428,0.34490000000000004,2014-02-17,
4293,640,0.6898000000000001,2014-02-17,
4293,341,1.14966,2014-02-17,
4294,385,0.21486,2004-01-26,
4294,341,1.4324299999999999,2004-01-26,
4294,1494,0.2,2004-08-26,
4294,439,0.07162,2007-06-22,
4295,385,0.20134,2003-11-19,
4295,341,1.3513499999999998,2008-07-07,
4296,385,0.21141,2003-11-19,
4296,341,1.4188999999999998,2008-07-07,
4297,1456,0.4,2004-08-26,
4298,385,0.20888,2014-02-17,
4298,341,1.3524500000000002,2014-02-17,
4298,428,0.40576,2014-02-17,
4299,341,1.42434,2003-11-19,
4299,385,0.21223,2003-11-19,
4299,383,1.78043,2003-11-19,
4299,415,3.56086,2003-11-19,
4300,341,1.38631,1999-06-14,
4300,385,0.20795000000000002,2003-11-19,
4300,383,1.7328800000000002,2003-11-19,
4300,415,3.46577,2003-11-19,
4301,1547,0.006,2004-08-26,
4303,641,0.8369,2005-02-11,
4303,383,1.3938300000000001,2010-02-03,
4304,641,0.8369,2008-04-09,
4304,428,0.3348,2008-04-09,
4304,341,1.1159999999999999,2008-04-09,
4306,341,1.2426000000000001,1999-09-28,
4306,383,1.5532499999999998,2003-11-19,
4306,415,3.11708,2003-11-19,
4308,341,1.18343,1999-09-28,
4308,383,1.47929,2003-11-19,
4308,415,2.95858,2003-11-19,
4310,341,1.2426000000000001,1999-09-28,
4310,415,3.11708,2003-11-19,
4310,383,1.5532499999999998,2003-11-19,
4312,341,1.18343,1999-09-28,
4312,383,1.47929,2003-11-19,
4312,415,2.95858,2003-11-19,
4314,341,1.2426000000000001,1999-09-28,
4314,383,1.5532499999999998,2003-11-19,
4314,415,3.11708,2003-11-19,
4316,383,1.3788999999999998,2005-02-11,
4317,362,0.92984,1997-05-01,
4317,376,0.61285,1997-05-01,
4317,1129,1.1623,2003-11-19,
4317,1130,2.326,2003-11-19,
4317,974,0.76606,2003-11-19,
4317,983,1.53212,2003-11-19,
4317,1481,0.04,2004-08-26,
4317,439,0.046490000000000004,2007-06-22,
4318,439,0.04227,2003-11-19,
4318,341,0.84531,1997-05-01,
4318,383,1.05664,2003-11-19,
4318,415,2.11327,2003-11-19,
4318,385,0.1268,2003-11-19,
4318,1481,0.04,2004-08-26,
4319,370,0.42265,1997-05-01,
4319,377,0.50719,1997-05-01,
4319,1438,0.52832,2003-11-19,
4319,988,1.05664,2003-11-19,
4319,1440,0.63398,2003-11-19,
4319,1340,1.26796,2003-11-19,
4319,1481,0.04,2004-08-26,
4319,439,0.025089999999999998,2007-06-22,
4320,206,0.28,2002-04-18,
4320,439,0.03061,2004-02-18,
4320,385,0.09183999999999999,2003-11-19,
4320,1467,0.15,2007-02-07,
4321,341,1.28487,2001-04-25,
4321,385,0.19272999999999998,2003-11-19,
4321,383,1.60609,2003-11-19,
4321,415,3.21217,2003-11-19,
4321,428,0.38545999999999997,2004-08-26,
4322,341,1.38631,2003-11-19,
4322,385,0.20795000000000002,2003-11-19,
4322,383,1.7328800000000002,2003-11-19,
4322,415,3.46577,2003-11-19,
4322,428,0.41589,2004-08-26,
4323,341,1.3862999999999999,2002-04-18,
4323,385,0.20795000000000002,2003-11-19,
4323,383,1.7328800000000002,2003-11-19,
4323,415,3.46577,2003-11-19,
4323,428,0.41589,2004-08-26,
4324,341,1.3102,2002-04-18,
4324,385,0.19652999999999998,2003-11-19,
4324,415,3.27557,2003-11-19,
4324,383,1.6377899999999999,2003-11-19,
4324,428,0.39305999999999996,2004-08-26,
4325,341,1.40328,2014-04-30,
4325,385,0.21048999999999998,2014-04-30,
4325,383,1.7541,2014-04-30,
4325,415,3.50821,2014-04-30,
4325,428,0.42099,2014-04-30,
4326,341,1.3314300000000001,2014-09-12,
4326,385,0.1997,2014-09-12,
4326,383,1.66429,2014-09-12,
4326,415,3.3285700000000005,2014-09-12,
4326,428,0.39942999999999995,2014-09-12,
4327,341,1.39476,1999-06-14,
4327,385,0.20921,2003-11-19,
4327,383,1.74345,2003-11-19,
4327,415,3.4869,2003-11-19,
4327,428,0.41843,2004-08-26,
4328,341,1.3313599999999999,1999-06-14,
4328,385,0.1997,2003-11-19,
4328,383,1.6642,2003-11-19,
4328,415,3.3284,2003-11-19,
4328,428,0.39941000000000004,2004-08-26,
4329,341,1.3313599999999999,1999-06-14,
4329,385,0.2027,2004-02-18,
4329,383,1.6642,2003-11-19,
4329,415,3.3284,2003-11-19,
4329,428,0.39941000000000004,2004-08-26,
4330,341,1.33559,1999-06-14,
4330,385,0.20034,2003-11-19,
4330,383,1.66948,2003-11-19,
4330,415,3.3389699999999998,2003-11-19,
4330,428,0.40068,2004-08-26,
4331,341,1.37584,2003-11-19,
4331,428,0.41554,1997-05-01,
4331,385,0.20638,2003-11-19,
4331,383,1.7198,2003-11-19,
4331,1454,0.3,2004-08-26,
4331,1494,0.2,2016-08-08,
4332,1454,0.3,2004-08-26,
4333,341,1.43702,1999-06-14,
4333,385,0.21556,2003-11-19,
4333,383,1.7962799999999999,2003-11-19,
4333,415,3.5925599999999998,2003-11-19,
4333,1454,0.3,2004-08-26,
4334,341,1.38631,2003-11-19,
4334,383,1.7328899999999998,2003-11-19,
4334,415,3.35241,2003-11-19,
4334,385,0.20795000000000002,2003-11-19,
4334,428,0.41589,2016-08-08,
4335,12,0.62,1997-05-01,
4335,336,0.107,2002-04-18,
4335,1456,0.4,2004-08-26,
4335,174,0.57,2007-05-31,
4337,1599,0.39053,2014-04-25,
4337,385,0.16738,2014-04-24,
4337,428,0.33475,2014-04-24,
4337,383,1.3948099999999999,2014-04-24,
4337,341,1.11574,2014-04-25,
4340,1599,0.4719,2005-02-11,
4350,341,0.60862,1997-05-01,
4350,383,0.76078,2003-11-19,
4350,415,1.52156,2003-11-19,
4351,383,0.38039,2003-08-14,
4351,332,0.14,2003-08-14,
4351,415,0.76078,2003-08-14,
4351,341,0.30431,2023-05-26,
4351,990,0.5,2004-08-30,
4352,685,0.18,1997-05-01,
4352,361,0.38462,1997-05-01,
4352,383,0.48077,2003-08-14,
4352,415,0.96154,2003-08-14,
4352,990,0.5,2004-08-30,
4352,640,0.23077000000000003,2012-08-17,
4352,384,0.27,2012-08-30,
4354,12,0.28,2003-08-14,
4354,990,0.5,2004-08-30,
4358,284,0.2,2003-08-14,
4358,990,0.5,2004-08-30,
4359,634,0.05,1997-05-01,
4359,341,0.13525,1997-05-01,
4359,383,0.16906,2003-08-14,
4359,415,0.33812,2003-08-14,
4359,990,0.5,2004-08-30,
4360,341,0.10989,1997-05-01,
4360,332,0.2,1997-05-01,
4360,383,0.13736,2003-08-14,
4360,415,0.27473,2003-08-14,
4360,990,0.5,2004-08-30,
4360,1675,0.28,2007-06-25,
4361,332,0.2,1997-05-01,
4361,37,1.91,2003-08-14,
4361,341,0.10989,2003-08-14,
4361,415,0.27473,2003-08-14,
4361,383,0.13736,2003-08-14,
4361,990,0.5,2004-08-30,
4362,28,0.09,1997-05-01,
4362,990,0.5,2004-08-30,
4362,1638,0.18,2005-01-10,
4363,28,0.09,1997-05-01,
4363,990,0.5,2004-08-30,
4363,1638,0.18,2005-01-10,
4364,607,0.03,1997-05-01,
4364,341,0.15216,1997-05-01,
4364,383,0.19018999999999997,2003-08-14,
4364,415,0.38039,2003-08-14,
4364,990,0.5,2004-08-30,
4365,28,0.09,1997-05-01,
4365,990,0.5,2004-08-30,
4365,1638,0.18,2005-01-10,
4366,341,0.23246,1997-05-01,
4366,990,0.5,2004-08-30,
4366,640,0.13949999999999999,2007-08-13,
4367,28,0.11,1997-05-01,
4367,990,0.5,2004-08-30,
4367,1638,0.22,2007-01-30,
4369,1335,0.1056,2014-11-05,
4369,480,0.018000000000000002,2014-11-05,
4369,1333,0.13208999999999999,2014-11-05,
4369,1334,0.26417,2014-11-05,
4369,990,0.5,2004-08-30,
4369,1336,0.13256,2014-11-05,
4369,1337,0.16907,2014-11-05,
4369,1338,0.33814,2014-11-05,
4371,341,0.13526,2014-11-05,
4371,332,0.19,2014-11-05,
4371,383,0.16907,2014-11-05,
4371,415,0.33814,2014-11-05,
4371,990,0.5,2004-08-30,
4371,502471,0.38,2014-11-05,
4372,332,0.23,1997-05-01,
4372,174,0.4253,1997-05-01,
4372,990,0.5,2004-08-30,
4373,342,0.71851,1997-05-01,
4373,1427,0.8981399999999999,2003-11-19,
4373,1428,1.7962799999999999,2003-11-19,
4373,1456,0.4,2004-08-26,
4374,1599,0.4852,2014-04-23,
4374,385,0.20800000000000002,2014-04-23,
4374,428,0.41590000000000005,2014-04-23,
4374,341,1.38635,2014-04-25,
4375,1599,0.4142,2014-02-13,
4375,385,0.17751999999999998,2014-02-13,
4375,428,0.35503999999999997,2014-02-13,
4375,341,1.18347,2014-02-13,
4375,383,1.4793399999999999,2014-02-13,
4376,1599,0.4719,2005-02-11,
4377,1599,0.4719,2005-02-11,
4378,1599,0.39055,2014-02-13,
4378,385,0.16738,2014-02-13,
4378,341,1.11584,2014-02-13,
4378,428,0.33475,2014-02-13,
4378,383,1.3948099999999999,2014-02-13,
4379,341,1.3513499999999998,2008-03-27,
4379,385,0.2027,2008-03-27,
4379,383,1.6891999999999998,2008-03-27,
4380,1456,0.4,2004-08-26,
4381,28,0.09,1997-05-01,
4381,990,0.5,2004-08-30,
4381,1638,0.18,2007-01-30,
4382,341,0.03381,1997-05-01,
4382,383,0.04227,2003-08-14,
4382,415,0.08453,2003-08-14,
4382,990,0.5,2004-08-30,
4382,1353,0.16906,2011-08-25,
4383,341,0.046490000000000004,1997-05-01,
4383,383,0.05811,2003-08-14,
4383,415,0.11623,2003-08-14,
4383,990,0.5,2004-08-30,
4386,340,0.6,1997-05-01,
4386,990,0.5,2004-08-30,
4386,1654,1.8,2016-04-08,
4386,607,0.05,2008-02-08,
4387,28,0.09,1997-05-01,
4387,990,0.5,2004-08-30,
4387,1638,0.18,2005-01-10,
4388,28,0.09,1997-05-01,
4388,990,0.5,2004-08-30,
4388,1638,0.18,2005-01-10,
4389,28,0.09,1997-05-01,
4389,990,0.5,2004-08-30,
4389,1638,0.18,2005-01-10,
4390,28,0.09,1997-05-01,
4390,990,0.5,2004-08-30,
4390,1638,0.18,2005-01-10,
4391,990,0.5,2004-08-30,
4392,341,0.63398,1997-05-01,
4392,640,0.38039,2003-08-14,
4392,383,0.7924800000000001,2003-08-14,
4392,415,1.58495,2003-08-14,
4392,990,0.5,2004-08-30,
4393,341,0.61708,1997-05-01,
4393,640,0.37024999999999997,2003-08-14,
4393,383,0.77134,2003-08-14,
4393,415,1.5426900000000001,2003-08-14,
4393,990,0.5,2004-08-30,
4394,607,0.05,1997-05-01,
4394,340,0.06,2017-04-07,
4394,990,0.5,2004-08-30,
4394,1654,1.8,2016-04-08,
4396,478,0.043,2005-02-11,
4396,341,1.09216,2004-10-26,
4396,383,1.3652000000000002,2004-10-26,
4396,1454,0.3,2004-10-26,
4397,341,0.75467,1997-05-01,
4397,383,0.9433400000000001,2003-11-27,
4397,1454,0.3,2004-08-26,
4398,341,0.8959999999999999,1997-05-01,
4398,383,1.12,2003-11-27,
4398,1454,0.3,2004-08-26,
4400,1454,0.3,2004-08-26,
4401,341,0.71733,1997-05-01,
4401,383,0.89667,2003-11-27,
4401,1454,0.3,2004-08-26,
4402,341,0.71733,2004-02-18,
4402,383,0.89667,2004-02-18,
4402,1454,0.3,2004-08-26,
4403,341,0.71733,1997-05-01,
4403,383,0.89667,2003-11-27,
4403,1454,0.3,2004-08-26,
4405,341,0.7893300000000001,1997-05-01,
4405,383,0.98667,2003-11-27,
4405,1454,0.3,2004-08-26,
4407,332,0.18,2014-11-05,
4407,1336,0.13526,2014-11-05,
4407,1335,0.1056,2014-11-05,
4407,1333,0.13208999999999999,2014-11-05,
4407,1334,0.26417,2014-11-05,
4407,1337,0.16907,2014-11-05,
4407,1338,0.33814,2014-11-05,
4407,990,0.5,2004-08-30,
4407,1674,0.43,2007-06-25,
4409,341,0.82418,1997-05-01,
4409,867,0.2,2003-08-14,
4409,415,2.0604400000000003,2003-08-14,
4409,1601,0.45,2004-08-27,
4410,341,0.541,1997-05-01,
4410,867,0.2,2003-08-14,
4410,415,1.35249,2003-08-14,
4410,1454,0.3,2012-07-13,
4411,1339,2.11327,2003-08-14,
4411,1601,0.45,2004-08-27,
4411,341,0.84531,1997-05-01,
4411,415,2.11327,2003-08-14,
4412,341,0.6931499999999999,1997-05-01,
4412,415,1.7328800000000002,2003-08-14,
4412,1601,0.45,2004-08-27,
4413,383,0.8875700000000001,2003-08-14,
4413,415,1.7751499999999998,2003-08-14,
4413,341,0.71006,2023-05-26,
4413,1457,1.4,2004-08-27,
4414,341,0.59172,1997-05-01,
4414,415,1.4793,2003-08-14,
4414,1601,0.45,2004-08-27,
4415,341,0.7016100000000001,1997-05-01,
4415,415,1.75402,2003-08-14,
4415,867,0.2,2003-08-14,
4415,1601,0.45,2004-08-27,
4416,341,0.32122,1997-05-01,
4416,867,0.2,2003-08-20,
4416,415,0.80304,2003-08-20,
4416,1467,0.15,2011-04-18,
4417,341,0.49451,1997-05-01,
4417,867,0.2,2003-08-20,
4417,415,1.2362600000000001,2003-08-20,
4417,1454,0.3,2004-08-27,
4418,341,0.51564,2008-07-07,
4418,867,0.2,2003-08-21,
4418,415,1.2891,2008-07-07,
4418,1601,0.45,2004-08-27,
4419,341,0.541,1997-05-01,
4419,415,1.35249,2003-08-21,
4419,867,0.2,2003-08-21,
4419,1573,0.1,2004-08-27,
4420,415,1.82798,2003-08-21,
4420,341,0.73119,2023-05-26,
4420,1601,0.45,2004-08-27,
4421,341,0.6593399999999999,1997-05-01,
4421,415,1.64835,2003-08-21,
4421,867,0.2,2003-08-21,
4421,1601,0.45,2004-08-27,
4422,341,0.80304,1997-05-01,
4422,415,2.00761,2003-08-21,
4422,1601,0.45,2004-08-27,
4423,341,0.82418,1997-05-01,
4423,383,1.0302200000000001,2003-08-21,
4423,415,2.0604400000000003,2003-08-21,
4423,1457,1.4,2004-08-27,
4424,341,0.78191,1997-05-01,
4424,415,1.9547700000000001,2003-08-21,
4424,1601,0.45,2004-08-27,
4425,415,1.83855,2003-08-21,
4425,383,0.91927,2003-08-21,
4425,341,0.73542,2023-05-26,
4425,1457,1.4,2004-08-27,
4426,341,0.68893,1997-05-01,
4426,415,1.72232,2003-08-21,
4426,1601,0.45,2004-08-27,
4427,341,0.8537600000000001,2000-11-07,
4427,383,1.0672,2003-08-21,
4427,415,2.1344,2003-08-21,
4427,1457,1.4,2004-08-27,
4428,415,1.24683,2003-08-21,
4428,341,0.49872999999999995,2023-05-26,
4428,867,0.2,2003-08-21,
4428,1467,0.15,2011-04-18,
4429,341,0.66779,1997-05-01,
4429,867,0.2,2003-08-21,
4429,415,1.66948,2003-08-21,
4429,1454,0.3,2004-08-27,
4429,383,0.8345999999999999,2007-08-22,
4430,341,0.43111,1997-05-01,
4430,415,1.0777700000000001,2003-08-21,
4430,867,0.2,2003-08-21,
4430,1454,0.3,2004-08-27,
4431,341,0.43111,1997-05-01,
4431,415,1.0777700000000001,2003-08-21,
4431,867,0.2,2003-08-21,
4431,1454,0.3,2004-08-27,
4431,383,0.5389,2007-08-22,
4432,341,0.8115000000000001,1997-05-01,
4432,415,2.02874,2003-08-21,
4432,867,0.2,2003-08-21,
4432,1601,0.45,2004-08-27,
4433,341,0.64243,1997-05-01,
4433,415,1.60609,2003-08-21,
4433,867,0.2,2003-08-21,
4433,1601,0.45,2004-08-27,
4434,341,0.8115000000000001,1997-05-01,
4434,415,2.02874,2003-08-21,
4434,867,0.2,2003-08-21,
4434,1601,0.45,2004-08-27,
4435,341,0.54945,1997-05-01,
4435,415,1.37363,2003-08-21,
4435,867,0.2,2003-08-21,
4435,1454,0.3,2004-08-27,
4436,341,0.8115000000000001,1997-05-01,
4436,415,2.02874,2003-08-21,
4436,867,0.2,2003-08-21,
4436,1601,0.45,2004-08-27,
4437,341,0.8115000000000001,1997-05-01,
4437,415,2.02874,2003-08-21,
4437,867,0.2,2003-08-21,
4437,1601,0.45,2004-08-27,
4438,341,0.71006,1997-05-01,
4438,415,1.7751499999999998,2003-08-21,
4438,867,0.2,2003-08-21,
4438,1601,0.45,2004-08-27,
4439,341,0.8115000000000001,1997-05-01,
4439,415,2.02874,2003-08-21,
4439,867,0.2,2003-08-21,
4439,1601,0.45,2004-08-27,
4440,341,0.71006,1997-05-01,
4440,867,0.2,2003-08-22,
4440,415,1.7751499999999998,2003-08-22,
4440,1601,0.45,2004-08-27,
4441,341,0.8115000000000001,1997-05-01,
4441,867,0.2,2003-08-22,
4441,415,2.02874,2003-08-22,
4441,1601,0.45,2004-08-27,
4442,867,0.26667,2003-08-22,
4442,341,0.24514,2003-08-22,
4442,428,0.07354,2003-08-22,
4442,415,0.61285,2003-08-22,
4442,1467,0.15,2004-08-27,
4442,385,0.03677,2007-06-08,
4443,341,0.48605,1997-05-01,
4443,428,0.14582,2003-08-22,
4443,415,1.21513,2003-08-22,
4443,867,0.26667,2003-08-22,
4443,1467,0.15,2004-08-27,
4443,385,0.07291,2007-06-08,
4444,341,0.52832,1997-05-01,
4444,415,1.3207900000000001,2003-08-22,
4444,867,0.2,2003-08-22,
4444,1454,0.3,2004-08-27,
4445,341,0.57904,1997-05-01,
4445,415,1.44759,2003-08-22,
4445,867,0.2,2003-08-22,
4445,1454,0.3,2004-08-27,
4445,383,0.7238,2007-08-22,
4446,1340,1.44759,2003-08-22,
4446,867,0.2,2003-08-22,
4446,377,0.57904,2023-05-26,
4446,1454,0.3,2004-08-27,
4446,1440,0.7238,2007-08-22,
4447,341,0.46915,1997-05-01,
4447,415,1.17287,2003-08-22,
4447,867,0.2,2003-08-22,
4447,1454,0.3,2004-08-27,
4448,341,0.45647,1997-05-01,
4448,415,1.14117,2003-08-22,
4448,867,0.2,2003-08-22,
4448,1467,0.15,2004-08-27,
4449,341,0.67625,1997-05-01,
4449,415,1.69062,2003-08-22,
4449,1601,0.45,2004-08-27,
4450,341,0.6931499999999999,1997-05-01,
4450,383,0.8664400000000001,2003-08-22,
4450,415,1.7328800000000002,2003-08-22,
4450,1457,1.4,2004-08-27,
4451,341,0.66779,1997-05-01,
4451,415,1.66948,2003-08-22,
4451,867,0.2,2003-08-22,
4451,1454,0.3,2004-08-27,
4452,341,0.44378999999999996,1997-05-01,
4452,415,1.10947,2003-08-22,
4452,1470,0.85,2004-08-27,
4453,341,0.59172,1997-05-01,
4453,383,0.73965,2003-08-22,
4453,415,1.4793,2003-08-22,
4453,1602,2.15,2005-02-11,
4454,341,0.67625,1997-05-01,
4454,383,0.84531,2003-08-22,
4454,415,1.6906299999999999,2003-08-22,
4454,1602,2.15,2006-09-13,
4455,341,0.67625,1997-05-01,
4455,383,0.84531,2003-08-22,
4455,415,1.6906299999999999,2003-08-22,
4455,1602,2.15,2004-08-27,
4458,341,0.67625,1997-05-01,
4458,383,0.84531,2003-08-22,
4458,415,1.69062,2003-08-22,
4458,1602,2.15,2004-08-27,
4459,341,0.19018999999999997,1997-05-01,
4459,383,0.23774,2003-08-22,
4459,415,0.47548999999999997,2003-08-22,
4459,1574,0.25,2004-08-27,
4460,1470,0.85,2004-08-27,
4461,341,0.48183,1997-05-01,
4461,383,0.60228,2003-08-22,
4461,415,1.20456,2003-08-22,
4461,1602,2.15,2004-08-27,
4462,1470,0.85,2004-08-27,
4463,341,0.74387,1997-05-01,
4463,383,0.92984,2003-08-22,
4463,415,1.85968,2003-08-22,
4463,1602,2.15,2004-08-27,
4464,341,0.51564,2016-08-17,
4464,383,0.64455,2016-08-17,
4464,1602,2.15,2004-08-27,
4464,502688,1.31023,2016-08-17,
4464,502689,1.26796,2016-08-17,
4464,502690,1.1306,2016-08-17,
4464,502694,1.1306,2016-08-17,
4464,502691,1.1306,2016-08-17,
4464,502692,1.585,2016-08-17,
4464,502693,1.2257,2016-08-17,
4465,341,0.48183,1997-05-01,
4465,415,1.20456,2003-08-22,
4465,867,0.2,2003-08-22,
4465,1454,0.3,2004-08-27,
4466,341,0.51564,2016-08-18,
4466,383,0.64455,2016-08-18,
4466,502688,1.31023,2016-08-18,
4466,1602,2.15,2004-08-27,
4466,502689,1.26796,2016-08-18,
4466,502690,1.1306,2016-08-18,
4466,502694,1.1306,2016-08-18,
4466,502691,1.1306,2016-08-18,
4466,502692,1.585,2016-08-18,
4466,502693,1.2257,2016-08-18,
4467,341,0.67625,1997-05-01,
4467,867,1.0136,2003-08-22,
4467,415,1.69062,2003-08-22,
4467,1601,0.45,2004-08-27,
4468,341,0.67625,1997-05-01,
4468,383,0.84531,2003-08-22,
4468,415,1.69062,2003-08-22,
4468,1602,2.15,2004-08-27,
4469,341,0.51564,2016-08-18,
4469,383,0.64455,2016-08-18,
4469,502688,1.31023,2016-08-18,
4469,1602,2.15,2004-08-27,
4469,502689,1.26796,2016-08-18,
4469,502690,1.1306,2016-08-18,
4469,502694,1.1306,2016-08-18,
4469,502691,1.1306,2016-08-18,
4469,502692,1.585,2016-08-18,
4469,502693,1.2257,2016-08-18,
4470,341,0.6720999999999999,2008-07-07,
4470,867,0.2,2003-08-22,
4470,415,1.6801,2008-07-07,
4470,1601,0.45,2004-08-27,
4470,383,0.8401000000000001,2008-07-07,
4471,341,0.78191,1997-05-01,
4471,415,1.9547800000000002,2003-08-22,
4471,1601,0.45,2004-08-27,
4472,341,0.78191,1997-05-01,
4472,415,1.9547800000000002,2003-08-22,
4472,1601,0.45,2004-08-27,
4473,341,0.73964,1997-05-01,
4473,383,0.92456,2003-08-22,
4473,415,1.84911,2003-08-22,
4473,1457,1.4,2004-08-27,
4474,341,0.82418,1997-05-01,
4474,415,2.0604400000000003,2003-08-22,
4474,1601,0.45,2004-08-27,
4475,383,0.9826699999999999,2003-08-22,
4475,415,1.9653399999999999,2003-08-22,
4475,341,0.7861400000000001,2023-05-26,
4475,1457,1.4,2004-08-27,
4476,341,0.84531,1997-05-01,
4476,415,2.11327,2003-08-22,
4476,1601,0.45,2004-08-27,
4477,341,0.8664400000000001,1997-05-01,
4477,383,1.08305,2003-08-22,
4477,415,2.1661,2003-08-22,
4477,1457,1.4,2004-08-27,
4478,341,0.70583,1997-05-01,
4478,867,0.2,2003-08-22,
4478,415,1.76458,2003-08-22,
4478,1601,0.45,2011-04-18,
4479,341,0.67625,1997-05-01,
4479,383,0.84531,2003-08-22,
4479,415,1.69062,2003-08-22,
4479,1602,2.15,2004-08-27,
4480,341,0.51564,2016-08-18,
4480,383,0.64455,2016-08-18,
4480,502688,1.31023,2016-08-18,
4480,1602,2.15,2004-08-27,
4480,502689,1.26796,2016-08-18,
4480,502690,1.1306,2016-08-18,
4480,502694,1.1306,2016-08-18,
4480,502691,1.1306,2016-08-18,
4480,502692,1.585,2016-08-18,
4480,502693,1.2257,2016-08-18,
4481,341,0.40152,1997-05-01,
4481,415,1.0038,2003-08-22,
4481,1601,0.45,2004-08-27,
4482,341,0.69738,1997-05-01,
4482,383,0.8717199999999999,2003-08-22,
4482,415,1.74345,2003-08-22,
4482,1457,1.4,2004-08-27,
4483,341,0.67625,1997-05-01,
4483,383,0.84531,2003-08-22,
4483,415,1.69062,2003-08-22,
4483,1602,2.15,2004-08-27,
4484,341,0.52832,1997-05-01,
4484,867,0.2,2003-08-22,
4484,415,1.3207900000000001,2003-08-22,
4484,1454,0.3,2004-08-27,
4485,341,0.7768,1997-05-01,
4485,867,0.2,2003-08-22,
4485,415,1.94421,2003-08-22,
4485,1601,0.45,2004-08-27,
4486,341,0.66357,1999-09-02,
4486,383,0.82946,2003-08-22,
4486,415,1.65892,2003-08-22,
4486,1457,1.4,2004-08-27,
4487,341,0.71851,1997-05-01,
4487,415,1.7962799999999999,2003-08-14,
4487,867,0.2,2003-08-14,
4487,1601,0.45,2004-08-27,
4488,341,0.50719,1997-05-01,
4488,867,0.2,2003-08-14,
4488,415,1.26796,2003-08-14,
4488,1454,0.3,2004-08-27,
4489,341,0.76923,1999-09-02,
4489,383,0.96154,2003-08-22,
4489,415,1.92308,2003-08-22,
4489,1457,1.4,2004-08-27,
4490,383,0.82946,2003-08-22,
4490,415,1.65892,2003-08-22,
4490,341,0.66357,2023-05-26,
4490,1457,1.4,2004-08-27,
4491,341,0.84531,1997-05-01,
4491,415,2.11327,2003-08-22,
4491,1601,0.45,2004-08-27,
4492,341,0.73542,2001-03-21,
4492,383,0.91927,2003-08-25,
4492,415,1.83855,2003-08-25,
4492,1457,1.4,2004-08-27,
4493,341,0.3973,1997-05-01,
4493,415,0.99324,2003-08-25,
4493,1456,0.4,2011-04-18,
4493,383,0.4966,2007-08-22,
4494,341,0.92561,1997-05-01,
4494,383,1.15702,2003-08-25,
4494,415,2.31403,2003-08-25,
4494,1457,1.4,2004-08-27,
4495,341,0.71851,1997-05-01,
4495,867,0.2,2003-08-25,
4495,415,1.7962799999999999,2003-08-25,
4495,1601,0.45,2004-08-27,
4496,341,0.78191,1997-05-01,
4496,415,1.9547800000000002,2003-08-25,
4496,1601,0.45,2004-08-27,
4497,341,0.8537600000000001,2016-08-17,
4497,383,1.0672,2016-08-17,
4497,415,2.1344,2016-08-17,
4497,1457,1.4,2004-08-27,
4498,341,0.71429,1997-05-01,
4498,867,0.2,2003-08-25,
4498,415,1.78571,2003-08-25,
4498,1601,0.45,2004-08-27,
4499,341,0.541,1997-05-01,
4499,867,0.2,2003-08-25,
4499,415,1.35249,2003-08-25,
4499,1454,0.3,2004-08-27,
4500,341,0.50719,1997-05-01,
4500,867,0.2,2003-08-25,
4500,415,1.26796,2003-08-25,
4500,1454,0.3,2004-08-27,
4500,383,0.63399,2007-08-23,
4501,341,0.52832,1997-05-01,
4501,415,1.3207900000000001,2003-08-25,
4501,867,0.2,2003-08-25,
4501,1454,0.3,2004-08-27,
4501,383,0.6604000000000001,2007-08-22,
4502,1470,0.85,2004-08-27,
4503,341,0.67625,1997-05-01,
4503,383,0.8453,2003-08-25,
4503,415,1.6906,2008-02-07,
4503,1602,2.15,2004-08-27,
4504,1470,0.85,2004-08-27,
4505,341,0.67625,1997-05-01,
4505,383,0.8453,2003-08-25,
4505,415,1.6906,2008-02-07,
4505,1602,2.15,2004-08-27,
4510,620,0.35503,1997-05-01,
4510,1343,0.8875700000000001,2003-08-25,
4510,1470,0.85,2004-08-27,
4511,620,0.56636,1997-05-01,
4511,1345,0.70795,2003-08-25,
4511,1343,1.41589,2003-08-25,
4511,1602,2.15,2004-08-27,
4512,341,0.16061,1997-05-01,
4512,415,0.40152,2003-08-25,
4512,1470,0.85,2004-08-27,
4513,341,0.16061,1997-05-01,
4513,415,0.40152,2003-08-25,
4513,1470,0.85,2004-08-27,
4514,341,0.67625,1997-05-01,
4514,383,0.84531,2003-08-25,
4514,415,1.69062,2003-08-25,
4514,1602,2.15,2004-08-27,
4515,1470,0.85,2004-08-27,
4515,502688,0.96154,2016-08-17,
4515,502689,1.2891,2016-08-17,
4515,502690,1.0038,2016-08-17,
4515,502694,0.85586,2016-08-17,
4515,502691,0.96154,2016-08-17,
4515,502692,0.67625,2016-08-17,
4515,502693,0.95097,2016-08-17,
4516,1470,0.85,2004-08-27,
4516,502688,0.96154,2016-08-17,
4516,502689,1.2891,2016-08-17,
4516,502690,1.0038,2016-08-17,
4516,502694,0.85587,2016-08-17,
4516,502691,0.96154,2016-08-17,
4516,502692,0.67625,2016-08-17,
4516,502693,0.95097,2016-08-17,
4517,341,0.49450000000000005,2016-08-17,
4517,383,0.6181300000000001,2016-08-17,
4517,502688,1.2362600000000001,2016-08-17,
4517,1602,2.15,2004-08-27,
4517,502689,1.2362600000000001,2016-08-17,
4517,502690,1.02494,2016-08-17,
4517,502692,1.58495,2016-08-17,
4517,502693,1.2257,2016-08-17,
4517,502691,1.1306,2016-08-17,
4517,502694,1.1306,2016-08-17,
4518,1470,0.85,2004-08-27,
4519,341,0.59172,1997-05-01,
4519,383,0.73965,2003-08-25,
4519,415,1.4793,2003-08-25,
4519,1602,2.15,2004-08-27,
4521,341,0.16061,1997-05-01,
4521,415,0.40152,2003-08-25,
4521,1470,0.85,2004-08-27,
4522,1470,0.85,2004-08-27,
4522,502688,0.96154,2016-08-17,
4522,502689,1.2891,2016-08-17,
4522,502690,1.0038,2016-08-17,
4522,502694,0.85587,2016-08-17,
4522,502691,0.96154,2016-08-17,
4522,502692,0.67625,2016-08-17,
4522,502693,0.95097,2016-08-17,
4523,383,0.83474,2003-08-25,
4523,415,1.66948,2003-08-25,
4523,341,0.66779,2023-05-26,
4523,1457,1.4,2004-08-27,
4525,341,0.66779,2023-05-26,
4525,383,0.83474,2003-08-25,
4525,415,1.66948,2003-08-25,
4525,1457,1.4,2004-08-27,
4528,502517,0.1065,2006-10-16,
4528,1312,0.42604,2006-10-16,
4528,1011,0.8875700000000001,2006-10-16,
4528,379,0.71006,2006-10-16,
4528,1454,0.3,2004-08-13,
4528,1641,0.07095,2006-10-16,
4528,502518,0.14202,2014-02-05,
4528,1309,0.28403,2014-02-05,
4528,612,0.47339,2014-02-05,
4528,1310,0.59174,2014-02-05,
4529,867,0.2,2004-08-27,
4529,1601,0.45,2004-08-27,
4530,341,0.52832,1997-05-01,
4530,867,0.2,2003-08-25,
4530,415,1.3208000000000002,2003-08-25,
4530,1454,0.3,2004-08-27,
4532,15,1.36,1997-05-01,
4532,1457,1.4,2004-08-27,
4533,15,1.5,1997-05-01,
4533,1457,1.4,2004-08-27,
4534,15,1.82,2014-02-19,
4534,1457,1.4,2004-08-27,
4535,15,1.8,1997-05-01,
4535,1457,1.4,2004-08-27,
4536,15,1.48,1997-05-01,
4536,1457,1.4,2004-08-27,
4537,233,1.44,1997-05-01,
4537,1457,1.4,2004-08-27,
4538,15,1.62,2014-02-19,
4538,1457,1.4,2004-08-27,
4539,15,1.24,1997-05-01,
4539,1457,1.4,2004-08-27,
4541,75,1.27,1997-05-01,
4541,1457,1.4,2004-08-27,
4542,75,1.28,2016-08-18,
4542,1457,1.4,2004-08-27,
4543,75,1.55,2016-08-18,
4543,1457,1.4,2004-08-27,
4544,75,1.71,2014-02-19,
4544,1457,1.4,2004-08-27,
4548,341,0.90448,1997-05-01,
4548,1482,1.1,2004-08-27,
4548,1609,0.96,2014-02-19,
4550,164,1.15,1997-05-01,
4550,1457,1.4,2004-08-27,
4551,233,1.37,2001-04-24,
4551,1457,1.4,2004-08-27,
4552,164,1.65,1997-05-01,
4552,1457,1.4,2004-08-27,
4553,403,1.35,1997-05-01,
4553,245,0.675,2004-08-27,
4553,1496,0.75,2004-08-27,
4554,438,1.09,2015-01-08,
4554,1603,0.436,2015-01-08,
4554,1496,0.75,2004-08-27,
4556,341,0.6086,1997-05-01,
4556,383,0.76078,2003-08-11,
4556,415,1.52156,2003-08-11,
4556,1497,0.7,2004-08-27,
4557,48,1.2,2014-02-19,
4557,383,0.91398,2005-02-11,
4561,289,1.55,1997-05-01,
4561,415,1.8503,2005-02-11,
4562,289,1.58,1997-05-01,
4562,415,1.5004,2005-02-11,
4562,383,0.7502,2012-08-30,
4563,289,1.53,1997-05-01,
4563,415,1.8503,2005-02-11,
4563,383,0.92515,2012-08-30,
4586,1455,1.0,2004-08-27,
4586,1581,0.75,2006-12-14,
4586,196,0.17,2014-04-30,
4587,395,2.17,1997-05-01,
4587,341,0.73964,1997-05-01,
4587,383,0.92456,2003-08-11,
4587,415,1.84911,2003-08-11,
4587,1457,1.4,2004-08-27,
4588,341,0.73964,1997-05-01,
4588,383,0.92456,2003-08-11,
4588,415,1.84911,2003-08-11,
4588,1457,1.4,2004-08-27,
4588,1649,0.93,2007-08-08,
4590,1649,2.41,2014-04-30,
4590,341,0.73964,1997-05-01,
4590,383,0.92456,2003-08-11,
4590,415,1.84911,2003-08-11,
4590,1457,1.4,2004-08-27,
4591,341,0.73964,1997-05-01,
4591,383,0.92456,2003-08-11,
4591,415,1.84911,2003-08-11,
4591,1457,1.4,2004-08-27,
4591,1649,2.41,2014-02-19,
4605,447,1.13,1997-05-01,
4605,1457,1.4,2004-08-27,
4607,1457,1.4,2004-08-27,
4607,867,2.22,2014-01-13,
4609,535,0.69,2014-04-30,
4609,1457,1.4,2004-08-27,
4610,341,0.5579,1997-05-01,
4610,383,0.69738,2003-08-11,
4610,415,1.3949600000000002,2003-08-11,
4610,1457,1.4,2004-08-27,
4616,27,0.91,2014-02-19,
4616,1457,1.4,2004-08-27,
4617,27,1.13,1997-05-01,
4617,1457,1.4,2004-08-27,
4618,27,1.54,1997-05-01,
4618,1457,1.4,2004-08-27,
4619,27,1.55,1997-05-01,
4619,1457,1.4,2004-08-27,
4620,27,1.66,1997-05-01,
4620,1457,1.4,2004-08-27,
4621,27,1.55,2014-02-19,
4621,1457,1.4,2004-08-27,
4622,27,2.28,1997-05-01,
4622,1457,1.4,2004-08-27,
4623,27,1.82,2014-02-19,
4623,1457,1.4,2004-08-27,
4624,27,1.95,1997-05-01,
4624,1457,1.4,2004-08-27,
4626,27,2.54,1997-05-01,
4626,1457,1.4,2004-08-27,
4627,27,2.58,1997-05-01,
4627,1457,1.4,2004-08-27,
4628,27,3.04,1997-05-01,
4628,1457,1.4,2004-08-27,
4629,233,1.87,2016-08-18,
4629,1457,1.4,2004-08-27,
4632,233,1.58,1997-05-01,
4632,1457,1.4,2004-08-27,
4633,233,1.83,1997-05-01,
4633,1457,1.4,2004-08-27,
4634,27,0.78,2014-02-19,
4634,1457,1.4,2004-08-27,
4635,554,0.47,1997-05-01,
4635,27,1.06,2003-08-11,
4635,1457,1.4,2004-08-27,
4636,27,1.1,1997-05-01,
4636,1457,1.4,2004-08-27,
4637,27,1.76,1997-05-01,
4637,1457,1.4,2004-08-27,
4638,27,2.15,1997-05-01,
4638,1457,1.4,2004-08-27,
4639,27,1.37,1997-05-01,
4639,1457,1.4,2004-08-27,
4641,27,2.59,1997-05-01,
4641,1457,1.4,2004-08-27,
4644,135,0.98,1997-05-01,
4644,1457,1.4,2004-08-27,
4645,135,1.14,1997-05-01,
4645,1457,1.4,2004-08-27,
4646,135,1.75,1997-05-01,
4646,1457,1.4,2004-08-27,
4647,233,1.39,1997-05-01,
4647,1457,1.4,2004-08-27,
4648,233,1.76,1997-05-01,
4648,1457,1.4,2004-08-27,
4649,233,2.04,1997-05-01,
4649,1457,1.4,2004-08-27,
4650,502529,1.96,2014-02-19,
4650,1457,1.4,2004-08-27,
4651,502529,1.9,2014-02-19,
4651,1457,1.4,2004-08-27,
4652,502529,2.37,2014-02-19,
4652,1457,1.4,2004-08-27,
4653,341,0.5579,1997-05-01,
4653,383,0.69738,2003-08-11,
4653,415,1.3949600000000002,2003-08-11,
4653,1482,1.1,2004-08-27,
4655,435,0.78,1997-05-01,
4655,1606,0.312,2004-08-27,
4655,1461,0.55,2004-08-27,
4656,453,0.83,1997-05-01,
4656,1489,1.25,2004-08-27,
4656,867,0.85,2009-12-18,
4656,1497,0.7,2011-02-24,
4662,536,0.76,1997-05-01,
4662,140,1.15,1997-05-01,
4662,1497,0.7,2004-08-27,
4662,867,0.85,2009-12-18,
4663,536,0.76,1997-05-01,
4663,140,1.15,1997-05-01,
4663,1497,0.7,2004-08-27,
4663,867,0.85,2009-12-18,
4664,160,1.34,2001-04-24,
4664,553,0.85,2001-04-24,
4664,140,1.69,2001-03-21,
4664,1497,0.7,2004-09-07,
4664,1499,1.0,2005-06-23,
4664,867,0.85,2009-12-18,
4665,341,1.01437,1997-05-01,
4665,383,1.26796,2003-08-11,
4665,415,2.53593,2003-08-11,
4665,1457,1.4,2004-08-27,
4666,341,1.20456,1997-05-01,
4666,383,1.5057,2003-08-11,
4666,415,3.01141,2003-08-11,
4666,1457,1.4,2004-08-27,
4669,27,2.26,1997-05-01,
4669,1457,1.4,2004-08-27,
4711,341,1.0566,2000-10-31,
4711,415,2.64159,2003-03-13,
4722,385,0.15810000000000002,2008-07-14,
4722,341,1.0567,2008-07-14,
4722,990,0.5,2003-03-13,
4722,428,0.317,2008-07-14,
4722,1454,0.3,2010-07-27,
4723,385,0.017,2000-12-13,
4723,439,0.006999999999999999,2000-12-13,
4723,1484,0.005,2004-07-07,
4724,428,0.03243,2003-03-21,
4724,798,0.001,2000-12-13,
4724,439,0.005410000000000001,2003-03-21,
4724,385,0.016220000000000002,2003-03-21,
4724,1484,0.005,2004-07-07,
4725,439,0.01926,2003-03-21,
4725,385,0.05777,2003-03-21,
4725,1484,0.005,2004-07-07,
4726,385,0.016,2023-05-26,
4726,439,0.005,2000-12-13,
4726,1484,0.005,2004-07-07,
4727,341,1.2891,2001-04-25,
4727,415,3.22274,2003-09-23,
4727,385,0.19335999999999998,2003-09-23,
4727,428,0.38673,2004-07-13,
4728,341,0.9848,2000-12-13,
4728,383,1.23098,2005-02-11,
4728,415,2.46196,2005-02-11,
4729,341,1.0811,2003-09-19,
4729,415,2.7026999999999997,2003-09-19,
4729,428,0.3243,2003-09-19,
4729,439,0.05406,2004-07-13,
4730,341,1.2162,2003-09-23,
4730,415,3.0405,2003-09-23,
4730,439,0.06811,2003-09-23,
4730,385,0.18242999999999998,2003-09-23,
4731,341,1.21622,2003-09-19,
4731,415,3.0405,2003-09-19,
4731,385,0.18239999999999998,2003-09-19,
4733,385,0.0703,2008-03-26,
4733,341,0.4685,2008-03-26,
4734,341,1.0651000000000002,2003-09-19,
4734,640,0.63905,2003-09-19,
4734,415,2.6626999999999996,2003-09-19,
4735,341,1.0566,2000-12-13,
4735,383,1.3208000000000002,2000-12-13,
4735,415,2.64159,2003-09-23,
4736,341,1.0144,2008-03-26,
4736,415,2.5361000000000002,2008-03-26,
4736,383,1.268,2008-03-26,
4745,1489,1.25,2004-08-17,
4745,502468,0.9,2012-08-16,
4746,1122,0.5664,2006-09-19,
4746,1124,1.416,2006-09-19,
4746,1455,1.0,2004-08-17,
4746,1496,0.75,2012-08-16,
4757,1489,1.25,2004-08-17,
4757,502468,0.9,2012-08-16,
4758,1122,0.5664,2006-09-19,
4758,1124,1.416,2006-09-19,
4758,1455,1.0,2004-08-17,
4758,1496,0.75,2012-08-16,
4776,95,0.28,2000-12-13,
4777,95,0.28,2000-12-13,
4779,389,1.75178,2016-08-16,
4779,385,0.15015,2016-08-16,
4779,341,1.001,2016-08-16,
4780,341,1.043,2022-09-16,
4780,415,2.6069999999999998,2022-09-16,
4780,383,1.304,2022-09-16,
4781,1489,1.25,2004-08-23,
4781,502468,0.9,2012-08-17,
4782,1122,0.5664,2006-08-30,
4782,1124,1.416,2006-08-30,
4782,1455,1.0,2004-08-23,
4782,1496,0.75,2012-08-17,
4783,1489,1.25,2004-08-23,
4783,502468,0.9,2012-08-17,
4784,1122,0.5664,2006-08-30,
4784,1124,1.416,2006-08-30,
4784,1455,1.0,2004-08-23,
4784,1496,0.75,2012-08-17,
4785,1489,1.25,2004-08-23,
4785,502468,0.9,2012-08-17,
4786,1122,0.5664,2006-08-30,
4786,1124,1.416,2006-08-30,
4786,1455,1.0,2004-08-23,
4786,1496,0.75,2012-08-17,
4791,1489,1.25,2004-08-23,
4791,502468,0.9,2012-08-17,
4792,1455,1.0,2004-08-23,
4792,1496,0.75,2012-08-17,
4794,1489,1.25,2004-08-23,
4794,502468,0.9,2012-08-17,
4795,1122,0.5664,2006-08-30,
4795,1124,1.416,2006-08-30,
4795,1455,1.0,2004-08-23,
4795,1496,0.75,2012-08-17,
4797,1489,1.25,2004-08-23,
4797,502468,0.9,2012-08-17,
4800,1122,0.5664,2006-08-30,
4800,1124,1.416,2006-08-30,
4800,1455,1.0,2004-08-23,
4800,1496,0.75,2012-08-17,
4809,1489,1.25,2004-08-23,
4809,502468,0.9,2012-08-17,
4810,1122,0.5664,2006-08-30,
4810,1124,1.416,2006-08-30,
4810,1455,1.0,2004-08-23,
4810,1496,0.75,2012-08-17,
4811,1489,1.25,2004-08-23,
4811,502468,0.9,2012-08-17,
4812,1122,0.5664,2006-08-30,
4812,1124,1.416,2006-08-30,
4812,1455,1.0,2004-08-23,
4812,1496,0.75,2012-08-17,
4813,1489,1.25,2004-08-23,
4813,502468,0.9,2012-08-17,
4814,1122,0.5664,2006-08-30,
4814,1124,1.416,2006-08-30,
4814,1455,1.0,2004-08-23,
4814,1496,0.75,2012-08-17,
4815,1489,1.25,2004-08-23,
4815,502468,0.9,2012-08-17,
4816,1122,0.5664,2006-08-30,
4816,1124,1.416,2006-08-30,
4816,1455,1.0,2004-08-23,
4816,1496,0.75,2012-08-17,
4817,1489,1.25,2004-08-23,
4817,502468,0.9,2012-08-17,
4818,1122,0.5664,2006-08-30,
4818,1124,1.416,2006-08-30,
4818,1455,1.0,2004-08-23,
4818,1496,0.75,2012-08-17,
4819,1489,1.25,2004-08-23,
4819,502468,0.9,2012-08-17,
4820,1122,0.5664,2006-08-30,
4820,1124,1.416,2006-08-30,
4820,1455,1.0,2004-08-23,
4820,1496,0.75,2012-08-17,
4821,28,3.4,2000-12-13,
4821,313,0.28,2002-08-07,
4821,1515,0.34,2004-03-09,
4821,1510,0.8,2004-03-09,
4821,1652,0.35,2012-08-29,
4823,174,5.24,2000-12-13,
4828,1456,0.4,2004-08-26,
4829,1456,0.4,2004-08-26,
4830,385,0.14093999999999998,2003-11-19,
4830,174,3.4,2003-11-19,
4830,1467,0.15,2004-08-26,
4831,174,3.4,2006-07-12,
4831,385,0.14093999999999998,2003-11-19,
4831,1467,0.15,2004-08-26,
4832,174,1.42,2000-12-13,
4832,1456,0.4,2004-08-26,
4833,383,1.2257,2003-11-19,
4833,341,0.98056,2003-11-19,
4833,415,2.4514,2003-11-19,
4833,641,0.91928,2004-08-26,
4839,477,1.2,2000-12-20,
4839,1122,0.73542,2004-02-16,
4839,1124,1.83855,2004-02-16,
4839,1455,1.0,2004-07-19,
4839,1496,0.75,2012-08-14,
4840,477,0.95,2000-12-20,
4840,1122,0.73542,2003-12-16,
4840,1124,1.83855,2003-12-16,
4840,1455,1.0,2004-07-19,
4840,1581,0.75,2006-11-30,
4841,150,0.75,2003-12-16,
4841,1122,0.73542,2003-12-16,
4841,1124,1.83855,2003-12-16,
4841,1455,1.0,2004-07-19,
4841,1581,0.75,2006-11-30,
4843,1561,0.85587,2006-06-15,
4843,1461,0.55,2004-07-19,
4843,1560,0.34235,2004-05-20,
4843,1496,0.75,2012-08-13,
4845,349,0.8284,2000-12-20,
4845,341,0.9129,2000-12-20,
4845,1119,1.0354999999999999,2003-05-30,
4845,1120,2.07101,2003-05-30,
4845,383,1.14117,2003-05-30,
4845,415,2.28233,2003-05-30,
4845,1457,1.4,2004-02-20,
4846,349,0.7523000000000001,2000-12-20,
4846,1119,0.94041,2003-05-30,
4846,1120,1.8808099999999999,2003-05-30,
4846,388,1.12849,2004-02-19,
4847,110,6.02,2000-12-20,
4847,1122,1.0270000000000001,2000-12-20,
4847,1124,2.56762,2003-05-29,
4847,1457,1.4,2004-02-18,
4847,1123,1.28381,2003-05-29,
4848,859,2.6719999999999997,2000-12-20,
4848,160,2.01,2000-12-20,
4848,245,0.07,2000-12-20,
4848,860,1.464,2000-12-20,
4848,343,0.56213,2003-07-14,
4848,371,0.50296,2003-07-14,
4848,971,0.6286999999999999,2003-07-14,
4848,1470,0.85,2004-02-27,
4848,1031,0.7026600000000001,2003-07-14,
4848,1032,1.40533,2003-07-14,
4848,979,1.2573999999999999,2003-07-14,
4848,1664,0.28,2007-06-14,
4849,299,2.12,2000-12-20,
4849,1031,0.7343600000000001,2003-07-14,
4849,1032,1.4687200000000002,2003-07-14,
4849,343,0.5874900000000001,2003-07-14,
4849,1470,0.85,2004-03-05,
4849,1501,1.06,2016-11-23,
4850,130,0.33,2000-12-20,
4850,371,0.50719,2003-07-14,
4850,971,0.63398,2003-07-14,
4850,979,1.26796,2003-07-14,
4850,1470,0.85,2004-02-25,
4851,383,0.46492,2003-07-14,
4851,415,0.92984,2003-07-14,
4851,341,0.37194000000000005,2003-07-14,
4851,1470,0.85,2004-02-25,
4853,385,0.048600000000000004,2000-12-20,
4853,383,0.35397,2003-07-14,
4853,415,0.70795,2003-07-14,
4853,341,0.28318,2003-07-14,
4853,1481,0.04,2004-03-01,
4854,341,0.5325,2000-12-20,
4854,529,0.061,2000-12-20,
4854,383,0.6656799999999999,2003-06-02,
4854,415,1.3313599999999999,2003-06-02,
4854,1470,0.85,2004-02-25,
4855,341,0.0592,2000-12-20,
4855,148,0.03,2000-12-20,
4855,383,0.07396,2003-07-14,
4855,415,0.14793,2003-07-14,
4855,1471,0.65,2016-08-16,
4856,148,0.04,2000-12-20,
4856,1470,0.85,2004-08-13,
4856,412,0.8,2017-01-05,
4857,383,0.65511,2003-07-14,
4857,415,1.31023,2003-07-14,
4857,341,0.52409,2003-07-14,
4857,861,0.33,2003-07-14,
4857,862,0.46,2003-07-14,
4857,863,0.75,2003-07-14,
4857,1454,0.3,2004-03-01,
4858,185,0.061,2000-12-20,
4858,1031,0.55473,2003-07-14,
4858,1032,1.10947,2003-07-14,
4858,343,0.44378999999999996,2003-07-14,
4858,1454,0.3,2004-03-02,
4859,185,0.17,2000-12-20,
4859,1491,0.68,2004-03-01,
4859,1484,0.005,2016-08-17,
4860,185,0.14,2000-12-20,
4860,371,0.38037999999999994,2003-07-14,
4860,971,0.47548999999999997,2003-07-14,
4860,979,0.95097,2003-07-14,
4860,1454,0.3,2004-03-02,
4860,160,0.14,2007-06-14,
4861,383,0.7343600000000001,2003-07-14,
4861,415,1.4687200000000002,2003-07-14,
4861,341,0.5874900000000001,2003-07-14,
4861,1454,0.3,2004-03-01,
4862,185,0.27,2000-12-20,
4862,1492,0.54,2004-03-02,
4862,1454,0.3,2004-03-02,
4863,185,0.07,2002-02-22,
4863,1493,0.56,2004-03-02,
4863,1484,0.005,2016-08-17,
4864,385,0.008100000000000001,2000-12-20,
4864,560,0.02,2000-12-20,
4864,383,0.0675,2004-02-27,
4864,1484,0.005,2016-11-10,
4864,341,0.054000000000000006,2004-05-31,
4865,343,0.09721,2000-12-20,
4865,528,0.22,2000-12-20,
4865,1031,0.12150999999999999,2003-07-14,
4865,1032,0.24303,2003-07-14,
4866,139,1.48,2000-12-20,
4866,553,0.15,2000-12-20,
4866,1487,0.74,2004-03-01,
4866,1470,0.85,2004-03-01,
4867,415,1.92308,2003-07-14,
4867,383,0.96154,2003-07-14,
4867,341,0.76923,2003-07-14,
4868,230,1.69,2000-12-20,
4868,371,0.54945,2003-07-14,
4868,971,0.6868099999999999,2003-07-14,
4868,979,1.37363,2003-07-14,
4868,1470,0.85,2004-03-05,
4869,341,0.8115000000000001,2000-12-20,
4869,415,2.02874,2003-09-17,
4869,1455,1.0,2004-08-25,
4870,341,1.03978,2014-02-10,
4870,385,0.15597,2014-02-10,
4870,428,0.31193000000000004,2014-02-10,
4870,383,1.29973,2014-02-10,
4870,415,2.59946,2014-02-10,
4870,640,0.62387,2014-02-10,
4870,389,1.8196199999999998,2014-02-10,
4870,1454,0.3,2018-02-21,
4871,341,0.5325,2000-12-20,
4871,867,0.2,2003-08-25,
4871,415,1.3313599999999999,2003-08-25,
4871,1454,0.3,2004-08-27,
4872,341,0.6255,2000-12-20,
4872,415,1.56382,2003-08-25,
4872,867,0.2,2003-08-25,
4872,1454,0.3,2004-08-27,
4873,341,0.6847,2000-12-20,
4873,867,0.2,2003-08-25,
4873,415,1.71175,2003-08-25,
4873,1454,0.3,2004-08-27,
4874,341,0.7439,2000-12-20,
4874,383,0.92984,2003-08-25,
4874,415,1.85968,2003-08-25,
4874,1602,2.15,2004-08-27,
4875,150,0.92,2000-12-20,
4875,1122,0.73542,2003-12-16,
4875,1124,1.83855,2003-12-16,
4875,1455,1.0,2004-07-19,
4875,1581,0.75,2012-08-29,
4878,341,0.9044,2000-12-20,
4878,110,0.09,2000-12-20,
4878,349,0.63398,2003-05-29,
4878,1120,2.64159,2003-05-29,
4878,1119,0.7924800000000001,2003-05-29,
4878,383,1.1306,2003-05-29,
4878,415,2.2612,2003-05-29,
4878,1121,0.81,2003-05-29,
4878,388,1.3566,2004-02-23,
4879,383,1.2583,2005-02-11,
4879,388,1.5101,2005-02-11,
4879,641,0.7549800000000001,2009-12-18,
4879,640,0.60384,2013-04-08,
4880,299,1.11,2000-12-20,
4880,1032,1.66948,2003-07-14,
4880,1031,0.83474,2003-07-14,
4880,343,0.66779,2003-07-14,
4880,1470,0.85,2004-03-05,
4881,148,0.18,2000-12-20,
4881,343,0.21555,2003-07-14,
4881,1031,0.26944,2003-07-14,
4881,1032,0.53888,2003-07-14,
4881,1471,0.65,2004-02-27,
4882,383,0.57587,2003-07-14,
4882,415,1.15173,2003-07-14,
4882,341,0.46069000000000004,2003-07-14,
4882,1470,0.85,2004-02-26,
4883,703,0.17,2000-12-20,
4883,341,0.18597000000000002,2003-07-14,
4883,415,0.46492,2003-07-14,
4883,383,0.23246,2003-07-14,
4883,1470,0.85,2004-03-01,
4884,383,0.14793,2003-07-14,
4884,415,0.29858,2003-07-14,
4884,341,0.11843,2003-07-14,
4884,1481,0.04,2010-07-06,
4885,230,3.05,2000-12-20,
4885,971,0.7132299999999999,2003-07-14,
4885,979,1.4264599999999998,2003-07-14,
4885,371,0.57058,2003-07-14,
4885,1470,0.85,2004-03-05,
4886,341,0.38880000000000003,2000-12-20,
4886,415,0.9721,2003-09-17,
4886,867,0.2,2003-09-17,
4886,1467,0.15,2011-04-07,
4886,383,0.486,2007-09-21,
4887,279,0.22,2003-08-14,
4887,990,0.5,2004-08-30,
4888,1470,0.85,2004-08-27,
4890,955,0.0872,2002-09-25,
4890,439,0.0291,2004-07-08,
4891,385,0.152,2000-12-22,
4891,439,0.051,2000-12-22,
4903,867,0.42,2004-05-17,
4904,866,0.64,2004-05-17,
4905,428,0.152,2000-12-22,
4905,341,0.50676,2003-09-19,
4905,415,1.2669,2003-09-19,
4905,439,0.025339999999999998,2003-09-19,
4906,1470,0.85,2004-02-27,
4906,383,0.605,2005-05-26,
4906,341,0.484,2005-05-26,
4906,415,1.21,2005-05-26,
4909,864,0.91,2000-12-22,
4909,867,1.5,2006-11-29,
4909,1470,0.85,2004-08-25,
4909,347,1.0651000000000002,2006-08-10,
4909,1016,2.6626999999999996,2006-08-10,
4910,245,0.84,2000-12-22,
4910,867,1.5,2006-11-29,
4910,1470,0.85,2004-08-25,
4910,347,1.048,2006-08-10,
4910,1016,2.6205000000000003,2006-08-10,
4911,245,0.84,2000-12-22,
4911,867,1.5,2006-11-29,
4911,1470,0.85,2004-08-25,
4911,347,1.0651000000000002,2006-08-10,
4911,1016,2.6626999999999996,2006-08-10,
4912,245,0.84,2000-12-22,
4912,867,1.5,2006-11-29,
4912,1470,0.85,2004-08-25,
4912,347,1.0482,2008-02-19,
4912,1016,2.6206,2008-02-19,
4913,245,0.84,2000-12-22,
4913,867,1.5,2006-11-29,
4913,1470,0.85,2004-08-25,
4913,347,1.0651000000000002,2006-08-10,
4913,1016,2.6626999999999996,2006-08-10,
4914,245,0.84,2000-12-22,
4914,867,1.5,2006-11-29,
4914,1470,0.85,2004-08-25,
4914,347,1.0651000000000002,2006-08-10,
4914,1016,2.6626999999999996,2006-08-10,
4915,867,0.3,2000-12-22,
4915,1535,0.15,2004-03-15,
4915,1494,0.2,2004-03-15,
4917,341,0.5495,2000-12-22,
4917,383,0.6868099999999999,2003-11-19,
4917,415,1.37363,2003-11-19,
4919,37,4.18,2000-12-22,
4919,341,1.01014,2004-06-10,
4919,415,2.52536,2004-06-10,
4925,37,4.18,2000-12-22,
4925,341,1.06932,2004-06-10,
4925,415,2.67329,2004-06-10,
4931,174,3.4,2000-12-22,
4931,1457,1.4,2004-08-27,
4933,174,2.83,2000-12-22,
4933,415,2.5676,2005-02-11,
4935,174,2.55,2000-12-22,
4935,1457,1.4,2004-08-30,
4936,174,3.11,2000-12-22,
4936,415,2.59932,2005-02-11,
4939,174,3.5183,2026-01-28,
4939,1457,1.4,2004-08-30,
4940,174,2.72,2000-12-22,
4940,1607,1.95,2004-08-30,
4941,174,2.69,2000-12-22,
4941,1607,1.95,2004-08-30,
4942,174,1.77,2000-12-22,
4942,1457,1.4,2004-08-30,
4954,174,2.57,2000-12-22,
4954,1607,1.95,2011-05-06,
4962,1457,1.4,2004-08-30,
4962,211,5.32,2016-08-18,
4962,502695,1.27,2016-08-18,
4963,867,2.22,2000-12-22,
4963,341,1.02288,2014-04-30,
4963,415,2.55719,2014-04-30,
4963,383,1.27859,2014-04-30,
4964,867,2.32,2000-12-22,
4964,341,1.06509,2004-06-10,
4964,415,2.6627199999999998,2004-06-10,
4964,1607,1.95,2004-08-30,
4965,867,2.17,2000-12-22,
4965,1607,1.95,2004-08-30,
4970,341,1.0525,2008-03-20,
4970,439,0.0526,2008-03-20,
4970,801,0.05,2023-05-26,
4970,385,0.15789999999999998,2008-03-20,
4973,1470,0.85,2004-03-01,
4973,383,1.1464,2005-02-11,
4974,196,0.14,2002-03-22,
4974,1470,0.85,2004-03-01,
4974,383,0.36979999999999996,2005-02-11,
4975,917,0.28350000000000003,2000-12-28,
4975,1319,0.5579,2008-07-17,
4975,1321,0.6973999999999999,2008-07-17,
4975,1320,0.3348,2008-07-17,
4975,1454,0.3,2004-08-16,
4976,917,0.28350000000000003,2002-08-07,
4976,1319,0.5579,2008-07-17,
4976,1321,0.6973999999999999,2008-07-17,
4976,1320,0.3348,2008-07-17,
4976,1454,0.3,2004-08-16,
4979,341,1.00101,2003-08-27,
4979,39,3.5536000000000003,2003-08-27,
4979,415,2.5025399999999998,2003-08-27,
4980,39,3.68566,2016-08-16,
4980,341,1.03821,2016-08-16,
4980,415,2.59553,2016-08-16,
4980,1353,5.191050000000001,2016-08-19,
4981,341,1.002,2000-12-28,
4981,389,1.756,2000-12-28,
4981,415,2.50746,2003-08-28,
4983,867,0.07,2004-06-04,
4985,341,1.00169,2004-06-03,
4985,389,1.756,2000-12-28,
4985,415,2.50422,2004-06-03,
4986,867,1.5,2010-01-06,
4988,1489,1.25,2004-08-23,
4988,1580,0.9,2006-11-30,
4989,1489,1.25,2004-08-23,
4989,1580,0.9,2006-11-30,
4990,304,0.35,2000-12-28,
4990,1496,0.75,2004-03-25,
4991,164,0.31,2000-12-28,
4993,1489,1.25,2004-08-23,
4993,1580,0.9,2006-11-30,
4994,178,0.52,2002-02-14,
4994,1558,0.26,2004-03-25,
4994,1461,0.55,2004-03-25,
4995,341,0.49028,2003-12-29,
4995,415,1.2257,2003-12-29,
4995,1579,0.6,2010-10-13,
4995,1496,0.75,2012-08-16,
4996,1455,1.0,2004-08-17,
4996,1580,0.9,2006-11-29,
4997,341,0.5199,2008-03-20,
4997,415,1.2997999999999998,2008-03-20,
4997,1579,0.6,2010-10-13,
4997,1581,0.75,2006-11-29,
4998,341,0.5199,2008-03-20,
4998,415,1.2997999999999998,2008-03-20,
4998,1579,0.6,2010-10-13,
4998,1581,0.75,2006-11-29,
5001,341,1.06509,2001-03-30,
5001,640,0.63905,2003-09-23,
5001,415,2.6626999999999996,2003-09-23,
5002,245,0.21,2013-12-12,
5002,1461,0.55,2004-07-19,
5002,1560,0.34235,2004-05-20,
5002,1561,0.85587,2004-05-20,
5002,1496,0.75,2012-08-13,
5009,341,0.5199,2008-03-20,
5009,415,1.2997999999999998,2008-03-20,
5009,1579,0.6,2004-08-17,
5009,1581,0.75,2006-11-29,
5010,341,0.5199,2008-03-20,
5010,415,1.2997999999999998,2008-03-20,
5010,1579,0.6,2010-10-13,
5010,1496,0.75,2012-08-16,
5011,341,0.5199,2008-03-20,
5011,415,1.2997999999999998,2008-03-20,
5011,1579,0.6,2010-10-13,
5011,1581,0.75,2006-11-29,
5067,341,0.1714,2001-05-10,
5067,389,0.3,2001-05-10,
5067,415,0.4285,2004-06-14,
5067,1454,0.3,2004-07-20,
5069,341,0.12,2001-05-10,
5069,415,0.3,2001-05-10,
5069,1454,0.3,2004-07-20,
5081,1456,0.4,2004-07-20,
5081,867,0.46,2009-05-22,
5082,1456,0.4,2004-07-20,
5082,867,0.38,2009-05-22,
5084,1456,0.4,2004-07-20,
5084,867,0.38,2009-05-22,
5088,1456,0.4,2004-07-20,
5088,867,0.38,2009-05-22,
5112,932,0.3,2001-06-11,
5112,1454,0.3,2004-07-21,
5112,341,0.38,2004-06-14,
5112,415,0.94,2004-06-14,
5112,1461,0.55,2011-04-13,
5113,383,0.284,2001-06-15,
5113,1454,0.3,2004-07-21,
5113,1461,0.55,2004-07-21,
5113,341,0.22699999999999998,2004-06-14,
5113,415,0.568,2004-06-14,
5114,341,0.12,2001-05-11,
5114,415,0.3,2001-05-11,
5114,1454,0.3,2004-07-21,
5114,1467,0.15,2011-05-19,
5124,389,0.3,2001-05-11,
5124,1454,0.3,2004-07-21,
5124,341,0.171,2004-06-14,
5124,415,0.429,2004-06-14,
5132,389,0.4,2001-05-11,
5132,1454,0.3,2004-07-21,
5132,1461,0.55,2004-07-21,
5132,341,0.2286,2004-06-14,
5132,415,0.5714,2004-06-14,
5133,389,0.4,2001-05-11,
5133,1454,0.3,2004-07-21,
5133,1461,0.55,2004-07-21,
5133,341,0.2286,2004-06-14,
5133,415,0.5714,2004-06-14,
5134,389,0.4,2001-05-11,
5134,1454,0.3,2004-07-21,
5134,1461,0.55,2004-07-21,
5134,341,0.2286,2004-06-14,
5134,415,0.5714,2004-06-14,
5135,383,0.4,2001-05-11,
5135,1454,0.3,2004-07-21,
5135,1461,0.55,2004-07-21,
5135,341,0.32,2004-06-14,
5135,415,0.8,2004-06-14,
5136,1454,0.3,2004-07-21,
5136,1461,0.55,2004-07-21,
5137,1454,0.3,2004-07-21,
5137,867,0.3,2001-05-11,
5137,341,0.24937,2015-06-24,
5139,1454,0.3,2004-07-21,
5139,867,0.4,2001-05-11,
5139,1461,0.55,2011-04-15,
5139,341,0.25359000000000004,2015-06-24,
5143,641,0.3,2001-07-03,
5143,1456,0.4,2004-07-21,
5143,341,0.4,2004-06-14,
5143,415,1.0,2004-06-14,
5144,389,0.28,2001-05-14,
5144,1454,0.3,2004-07-21,
5144,341,0.16,2004-06-14,
5144,415,0.4,2004-06-14,
5145,389,0.28,2001-06-15,
5145,1454,0.3,2004-07-21,
5145,341,0.16,2004-06-14,
5145,415,0.4,2004-06-14,
5148,389,0.28,2001-05-14,
5148,1454,0.3,2004-07-21,
5148,341,0.16,2004-06-14,
5148,415,0.4,2004-06-14,
5153,1454,0.3,2004-07-21,
5155,1454,0.3,2004-07-21,
5155,1461,0.55,2004-07-21,
5155,341,0.34869999999999995,2008-03-25,
5155,415,0.8719,2008-03-25,
5158,1454,0.3,2004-07-21,
5158,1461,0.55,2004-07-21,
5158,341,0.34869999999999995,2008-03-19,
5158,415,0.8717,2008-03-19,
5161,1454,0.3,2004-07-21,
5161,341,0.1691,2008-03-19,
5161,415,0.4225,2008-03-19,
5168,383,0.3,2001-05-11,
5168,341,0.24,2004-06-15,
5168,415,0.6,2004-06-15,
5168,1454,0.3,2004-07-21,
5173,477,13.4844,2010-03-16,
5173,1489,1.25,2004-07-19,
5173,1580,0.9,2006-11-30,
5174,385,0.16559000000000001,2001-05-14,
5174,341,1.1039700000000001,2001-05-14,
5174,383,1.37996,2008-04-09,
5175,86,3.4088,2010-03-16,
5175,1489,1.25,2004-07-19,
5175,1580,0.9,2006-11-30,
5176,297,5.595700000000001,2010-03-16,
5176,1489,1.25,2004-07-19,
5176,1580,0.9,2006-11-30,
5178,150,9.0045,2010-03-16,
5178,1489,1.25,2004-07-19,
5178,1580,0.9,2006-11-30,
5179,307,2.5074,2010-03-16,
5179,1489,1.25,2004-07-19,
5179,1580,0.9,2006-11-30,
5180,477,10.590399999999999,2010-03-15,
5180,1122,0.5706,2003-12-16,
5180,1124,1.4265,2003-12-16,
5180,1455,1.0,2004-07-19,
5180,1581,0.75,2006-11-30,
5181,86,2.2593,2010-03-16,
5181,1122,0.5706,2003-12-16,
5181,1124,1.4265,2003-12-16,
5181,1455,1.0,2004-07-19,
5181,1581,0.75,2006-11-30,
5182,297,3.9712,2010-03-16,
5182,1122,0.5706,2003-12-16,
5182,1124,1.4265,2003-12-16,
5182,1455,1.0,2004-07-19,
5182,1581,0.75,2006-11-30,
5184,150,6.230499999999999,2010-03-16,
5184,1122,0.5706,2003-12-16,
5184,1124,1.4265,2003-12-16,
5184,1455,1.0,2004-07-19,
5184,1581,0.75,2006-11-30,
5185,307,1.8278999999999999,2010-03-16,
5185,1122,0.5706,2003-12-16,
5185,1124,1.4265,2003-12-16,
5185,1455,1.0,2004-07-19,
5185,1581,0.75,2006-11-30,
5186,86,2.4339,2010-03-16,
5186,1122,0.5706,2003-12-16,
5186,1124,1.4265,2003-12-16,
5186,1455,1.0,2004-07-19,
5186,1581,0.75,2006-11-30,
5187,86,3.7039,2010-03-16,
5187,1489,1.25,2004-07-19,
5187,1580,0.9,2006-11-30,
5188,297,6.0641,2010-03-16,
5188,1489,1.25,2004-07-19,
5188,1580,0.9,2006-11-30,
5189,297,4.3595,2010-03-16,
5189,1122,0.5706,2003-12-16,
5189,1124,1.4265,2003-12-16,
5189,1455,1.0,2004-07-19,
5189,1581,0.75,2006-11-30,
5193,341,0.98901,2004-06-15,
5193,415,2.47253,2004-06-15,
5193,389,1.73077,2004-07-21,
5195,341,0.98901,2004-06-15,
5195,415,2.47253,2004-06-15,
5195,389,1.73077,2004-07-21,
5196,341,0.98901,2004-06-15,
5196,415,2.47253,2004-06-15,
5196,389,1.73077,2004-07-21,
5199,341,0.98901,2004-06-15,
5199,415,2.47253,2004-06-15,
5199,389,1.73077,2004-07-21,
5203,1489,1.25,2004-08-23,
5203,502468,0.9,2012-08-17,
5204,1122,0.5664,2004-01-15,
5204,1124,1.416,2004-01-15,
5204,1455,1.0,2004-08-23,
5204,1496,0.75,2012-08-17,
5205,45,1.4,2001-06-13,
5205,1122,0.5664,2004-01-15,
5205,1124,1.416,2004-01-15,
5205,1455,1.0,2004-08-23,
5205,1496,0.75,2012-08-17,
5206,1489,1.25,2004-08-23,
5206,502468,0.9,2012-08-17,
5207,1122,0.5664,2004-01-15,
5207,1124,1.416,2004-01-15,
5207,1455,1.0,2004-08-23,
5207,1496,0.75,2012-08-17,
5208,389,0.3,2001-06-15,
5208,341,0.1714,2004-06-15,
5208,415,0.4285,2004-06-15,
5208,1454,0.3,2004-07-21,
5209,1489,1.25,2004-07-19,
5209,1580,0.9,2006-11-30,
5211,45,1.11,2001-06-28,
5211,1122,0.5664,2004-01-15,
5211,1124,1.416,2004-01-15,
5211,1455,1.0,2004-08-23,
5211,1581,0.75,2006-11-30,
5212,1455,1.0,2004-07-19,
5212,348,0.59172,2004-05-12,
5212,976,1.47929,2004-05-12,
5212,1581,0.75,2006-11-30,
5213,1455,1.0,2004-07-19,
5213,348,0.59172,2004-05-12,
5213,976,1.47929,2004-05-12,
5213,1581,0.75,2006-11-30,
5214,1489,1.25,2004-08-23,
5214,1580,0.9,2006-11-30,
5215,477,2.7,2002-08-07,
5215,1489,1.25,2004-07-19,
5215,1580,0.9,2012-08-14,
5216,1122,0.5664,2004-01-15,
5216,1124,1.416,2004-01-15,
5216,1455,1.0,2004-08-23,
5216,1581,0.75,2006-11-30,
5217,477,1.85,2001-06-25,
5217,1122,0.59172,2003-12-16,
5217,1455,1.0,2004-07-19,
5217,1124,1.47929,2004-05-12,
5217,1496,0.75,2012-08-14,
5218,477,2.17,2001-06-25,
5218,1122,0.59172,2003-12-16,
5218,1455,1.0,2004-07-19,
5218,1124,1.47929,2004-05-12,
5218,1496,0.75,2012-08-14,
5219,477,1.35,2001-06-25,
5219,1122,0.59172,2003-12-16,
5219,1455,1.0,2004-07-19,
5219,1124,1.47929,2004-05-12,
5219,1496,0.75,2012-08-14,
5220,150,2.65,2001-06-25,
5220,1489,1.25,2004-07-19,
5220,502468,0.9,2012-08-14,
5221,1489,1.25,2004-08-23,
5221,1580,0.9,2006-11-30,
5222,1122,0.5664,2004-01-15,
5222,1124,1.416,2004-01-15,
5222,1455,1.0,2004-08-23,
5222,1581,0.75,2006-11-30,
5223,150,1.74,2001-06-25,
5223,1122,0.59172,2003-12-16,
5223,1455,1.0,2004-07-19,
5223,1124,1.47929,2004-05-12,
5223,1581,0.75,2012-08-14,
5224,150,1.74,2001-06-25,
5224,1122,0.59172,2003-12-16,
5224,1455,1.0,2004-07-19,
5224,1124,1.47929,2004-05-12,
5224,1496,0.75,2012-08-14,
5225,150,1.61,2001-06-27,
5225,1122,0.59172,2003-12-16,
5225,1455,1.0,2004-07-19,
5225,1124,1.47929,2004-05-12,
5225,1496,0.75,2012-08-14,
5226,934,1.7,2001-06-27,
5226,1122,0.59172,2003-12-16,
5226,1124,1.47929,2004-05-12,
5226,1455,1.0,2004-07-19,
5226,1496,0.75,2012-08-14,
5227,1455,1.0,2004-07-19,
5227,1581,0.75,2006-11-30,
5228,155,0.41,2001-06-28,
5228,1489,1.25,2004-07-19,
5228,1580,0.9,2006-11-30,
5229,1122,0.59172,2003-12-16,
5229,1124,1.47929,2004-05-12,
5229,1455,1.0,2004-07-19,
5229,1581,0.75,2006-11-30,
5230,935,0.54,2001-06-28,
5230,1455,1.0,2004-07-19,
5230,1581,0.75,2006-11-30,
5231,638,0.4,2001-07-03,
5231,341,0.8,2004-06-15,
5231,415,2.0,2004-06-15,
5231,1456,0.4,2004-07-21,
5232,638,0.5135000000000001,2004-01-30,
5232,341,1.0270000000000001,2004-01-30,
5232,415,2.5676,2004-06-15,
5232,389,1.79732,2004-07-21,
5240,72,0.01,2001-07-18,
5240,943,0.76078,2004-06-09,
5240,1408,0.006,2003-11-04,
5240,346,0.30431,2004-06-09,
5240,1535,0.15,2004-03-15,
5240,1494,0.2,2004-03-15,
5241,341,1.041,2022-09-16,
5241,383,1.3019999999999998,2022-09-16,
5241,415,2.6039999999999996,2022-09-16,
5253,878,0.64,2001-07-20,
5253,415,2.5782,2004-07-13,
5254,415,2.5782,2004-07-13,
5255,341,1.04818,2003-09-24,
5255,415,2.6205000000000003,2003-09-24,
5255,40,5.9430700000000005,2003-09-24,
5255,383,1.31023,2003-09-24,
5256,341,1.0365,2015-03-18,
5256,383,1.2956,2015-03-18,
5256,415,2.5912,2015-03-18,
5257,341,1.0476,2015-03-17,
5257,383,1.3094999999999999,2015-03-17,
5257,415,2.6189999999999998,2015-03-17,
5258,341,1.0415,2015-03-18,
5258,383,1.3019,2015-03-18,
5258,415,2.6038,2015-03-18,
5260,341,1.0378,2016-05-11,
5260,383,1.2972,2016-05-11,
5260,415,2.5945,2016-05-11,
5261,341,1.04818,2003-09-24,
5261,383,1.31023,2003-09-24,
5261,415,2.6205000000000003,2003-09-24,
5261,40,5.9430700000000005,2003-09-24,
5263,341,1.04818,2003-09-24,
5263,415,2.6205000000000003,2003-09-24,
5263,40,5.9430700000000005,2003-09-24,
5263,383,1.31023,2003-09-24,
5266,341,1.07354,2003-09-24,
5266,415,2.68385,2003-09-24,
5266,40,6.08573,2003-09-24,
5266,383,1.34193,2003-09-24,
5267,341,1.0705,2015-03-19,
5267,383,1.3381,2015-03-19,
5267,415,2.6762,2015-03-19,
5268,389,1.89348,2004-08-18,
5268,341,1.08199,2004-06-03,
5268,415,2.70498,2004-06-03,
5269,341,1.11768,2003-08-28,
5269,415,2.79419,2003-08-28,
5269,389,1.95594,2004-08-18,
5270,389,2.0858000000000003,2004-08-18,
5270,341,1.19188,2004-06-03,
5270,415,2.97971,2004-06-03,
5273,341,1.12003,2004-06-03,
5273,415,2.80008,2004-06-03,
5275,341,1.12003,2004-06-03,
5275,415,2.80008,2004-06-03,
5276,341,1.12426,2004-06-03,
5276,415,2.81065,2004-06-03,
5277,341,0.8875700000000001,2002-11-14,
5277,383,1.10947,2003-07-14,
5277,415,2.21894,2003-07-14,
5277,1457,1.4,2004-03-02,
5278,341,0.8875700000000001,2002-11-14,
5278,383,1.1095,2016-11-22,
5278,415,2.21894,2003-07-14,
5278,1457,1.4,2004-03-02,
5279,341,0.8875700000000001,2002-11-14,
5279,383,1.10947,2003-07-14,
5279,415,2.21894,2003-07-14,
5279,1457,1.4,2004-03-02,
5282,383,1.2046,2002-08-30,
5282,341,0.9636499999999999,2003-05-29,
5282,415,2.40913,2003-05-29,
5282,1457,1.4,2004-10-20,
5283,383,1.20456,2003-05-29,
5283,341,0.9636499999999999,2003-05-29,
5283,415,2.40913,2003-05-29,
5283,1457,1.4,2004-10-20,
5284,348,0.63398,2002-09-11,
5284,952,1.7,2002-09-11,
5284,953,2.13,2002-09-11,
5284,954,3.69,2002-09-11,
5284,968,0.7924800000000001,2003-07-14,
5284,976,1.58495,2003-07-14,
5284,1482,1.1,2004-08-13,
5285,348,0.63398,2002-09-11,
5285,952,1.7,2002-09-11,
5285,953,2.13,2002-09-11,
5285,954,3.69,2002-09-11,
5285,968,0.7924800000000001,2003-07-14,
5285,976,1.58495,2003-07-14,
5285,1482,1.1,2004-08-13,
5286,348,0.63398,2002-09-11,
5286,952,1.7,2002-09-11,
5286,953,2.13,2002-09-11,
5286,954,3.69,2002-09-11,
5286,968,0.7924800000000001,2003-07-14,
5286,976,1.58495,2003-07-14,
5286,1482,1.1,2004-08-13,
5287,415,2.56762,2005-02-11,
5288,341,1.0427,2014-01-10,
5288,415,2.6068000000000002,2014-01-10,
5288,39,3.7016699999999996,2014-01-10,
5290,439,0.00714,2002-10-28,
5290,341,0.14286,2002-10-28,
5291,439,0.03846,2004-06-04,
5291,341,0.76923,2004-06-04,
5292,341,1.01439,2004-06-04,
5292,415,2.6098899999999996,2004-06-04,
5292,1353,5.3978,2004-10-25,
5293,341,1.0434,2002-10-28,
5293,415,2.6209,2003-08-27,
5293,39,3.72168,2023-05-26,
5294,341,0.9806999999999999,2002-10-29,
5294,388,1.47105,2017-01-03,
5295,389,2.03,2003-09-05,
5295,415,2.9,2003-09-05,
5295,341,1.16,2003-09-05,
5296,341,1.16,2003-09-05,
5296,415,2.9,2003-09-05,
5296,389,2.03,2003-09-05,
5299,385,0.15723,2004-04-30,
5299,341,1.04818,2004-04-30,
5299,415,2.62046,2004-04-30,
5299,428,0.31446,2004-09-02,
5299,383,1.31,2004-10-21,
5300,385,0.1623,2004-04-30,
5300,341,1.08199,2004-04-30,
5300,415,2.7049900000000004,2004-04-30,
5300,428,0.3246,2004-09-02,
5300,383,1.3525,2004-10-21,
5305,385,0.04057,2008-04-22,
5305,341,0.2705,2008-04-22,
5305,383,0.3381,2008-04-22,
5305,1467,0.15,2004-10-21,
5306,341,1.082,2004-03-29,
5306,385,0.1623,2004-03-29,
5306,415,2.7049900000000004,2004-03-29,
5306,428,0.3246,2004-10-19,
5307,1573,0.1,2005-02-11,
5308,1573,0.1,2004-10-19,
5309,385,0.12997,2004-05-05,
5309,341,0.8664400000000001,2004-05-05,
5309,1573,0.1,2004-10-19,
5310,439,0.040819999999999995,2004-03-29,
5310,385,0.12246,2004-05-05,
5310,341,0.8164,2004-05-05,
5310,1573,0.1,2004-10-19,
5316,439,0.04333,2017-04-11,
5316,385,0.12997,2004-03-30,
5316,415,2.1661,2004-03-30,
5316,1573,0.1,2004-10-19,
5316,341,0.8665,2014-05-02,
5327,439,0.0541,2004-03-31,
5327,385,0.1623,2004-03-31,
5327,383,1.35249,2004-03-31,
5327,415,2.7049900000000004,2004-03-31,
5327,428,0.3246,2004-10-19,
5328,439,0.048819999999999995,2004-03-31,
5328,385,0.14645,2004-03-31,
5328,383,1.22041,2004-03-31,
5328,415,2.4409,2015-04-21,
5328,428,0.2929,2004-10-19,
5328,341,0.97638,2014-05-05,
5329,385,0.17736000000000002,2004-05-05,
5329,341,1.1824299999999999,2004-05-05,
5329,428,0.3547,2004-10-19,
5330,385,0.14696,2004-05-10,
5330,341,0.97973,2004-05-10,
5330,428,0.29392,2004-10-19,
5331,385,0.1623,2004-05-10,
5331,341,1.08199,2004-05-10,
5331,428,0.3246,2004-10-19,
5332,385,0.1585,2004-05-10,
5332,341,1.05664,2004-05-10,
5333,383,1.08305,2004-03-31,
5333,415,2.1661,2004-03-31,
5333,1455,1.0,2004-10-19,
5333,1581,0.75,2006-11-30,
5334,1559,0.34,2004-05-12,
5334,1581,0.75,2006-11-30,
5334,1455,1.0,2004-10-19,
5335,348,0.59172,2004-05-12,
5335,976,1.47929,2004-05-12,
5335,1581,0.75,2006-11-30,
5335,1455,1.0,2004-10-19,
5336,383,1.26796,2004-03-31,
5336,415,2.53593,2004-03-31,
5336,341,1.01437,2004-05-14,
5337,383,1.26796,2004-03-31,
5337,415,2.53593,2004-03-31,
5337,341,1.01437,2004-05-14,
5338,341,1.04247,2014-12-05,
5338,383,1.30309,2014-12-05,
5338,415,2.60618,2014-12-05,
5339,383,1.32015,2014-12-02,
5339,415,2.6403,2014-12-02,
5339,341,1.05612,2014-12-02,
5340,383,1.3294,2014-12-03,
5340,415,2.6588,2014-12-03,
5340,341,1.06352,2014-12-03,
5341,385,0.18259,2004-05-14,
5341,341,1.21724,2004-05-14,
5347,341,0.05917,2004-05-14,
5347,383,0.07396,2004-05-14,
5347,415,0.14793,2004-05-14,
5348,383,1.27859,2015-03-20,
5348,415,2.5572,2015-03-20,
5348,341,1.0229000000000001,2015-03-20,
5350,383,1.3196,2015-03-19,
5350,415,2.6392,2015-03-19,
5350,341,1.0556999999999999,2015-03-19,
5351,385,0.06081,2004-05-14,
5351,341,0.40541,2004-05-14,
5351,415,1.01351,2004-05-14,
5352,385,0.06081,2004-05-14,
5352,341,0.40541,2004-05-14,
5352,415,1.01351,2004-05-14,
5353,385,0.06081,2004-05-14,
5353,341,0.40541,2004-05-14,
5353,415,1.01351,2004-05-14,
5354,385,0.15203,2004-03-31,
5354,383,1.2668899999999998,2004-03-31,
5354,415,2.5337799999999997,2004-03-31,
5354,439,0.050679999999999996,2004-10-26,
5355,385,0.15203,2004-03-31,
5355,383,1.2668899999999998,2004-03-31,
5355,415,2.5337799999999997,2004-03-31,
5355,439,0.050679999999999996,2004-10-26,
5356,383,1.2891,2004-03-31,
5356,415,2.57819,2004-03-31,
5356,341,1.03128,2004-05-14,
5357,383,1.2891,2004-03-31,
5357,415,2.57819,2004-03-31,
5357,341,1.03128,2004-05-14,
5358,383,1.3208000000000002,2004-03-31,
5358,415,2.6416000000000004,2004-03-31,
5358,341,1.05664,2004-05-14,
5361,383,1.50767,2014-12-05,
5361,415,3.01535,2014-12-05,
5361,341,1.20614,2014-12-05,
5362,385,0.010780000000000001,2004-05-14,
5362,341,0.07185,2004-05-14,
5362,415,0.17963,2004-05-14,
5363,383,1.27733,2014-12-03,
5363,415,2.55465,2014-12-03,
5363,341,1.02186,2014-12-03,
5364,383,1.44231,2004-03-31,
5364,415,2.88462,2004-03-31,
5364,341,1.15385,2004-05-14,
5364,385,0.17309999999999998,2004-10-26,
5368,383,1.3208000000000002,2004-03-31,
5368,415,2.6416000000000004,2004-03-31,
5368,341,1.05664,2004-05-14,
5369,383,1.24683,2004-03-31,
5369,415,2.49366,2004-03-31,
5369,341,0.9974599999999999,2004-05-14,
5369,640,0.5985,2004-10-26,
5370,383,1.3260800000000001,2004-04-01,
5370,415,2.6521600000000003,2004-04-01,
5370,341,1.06086,2004-05-14,
5371,385,0.18259,2004-04-01,
5371,383,1.52156,2004-04-01,
5371,415,3.04311,2004-04-01,
5371,341,1.21724,2004-05-14,
5371,439,0.060860000000000004,2004-10-26,
5373,1394,0.03,2004-04-01,
5373,439,0.02637,2006-08-29,
5373,385,0.0791,2006-08-29,
5373,383,0.6592,2006-08-29,
5373,341,0.5274,2006-08-29,
5376,371,0.6382099999999999,2004-05-18,
5376,979,1.5955199999999998,2004-05-18,
5376,1461,0.55,2004-10-15,
5376,1496,0.75,2012-08-13,
5377,363,0.58326,2004-05-18,
5377,415,1.4581600000000001,2004-05-18,
5377,1461,0.55,2004-10-15,
5378,363,0.58326,2004-05-18,
5378,1146,1.4581600000000001,2004-05-18,
5378,1461,0.55,2004-10-15,
5379,1146,1.4581600000000001,2004-05-18,
5379,363,0.58326,2004-05-18,
5379,1461,0.55,2004-10-15,
5379,1496,0.75,2012-08-13,
5381,341,0.56216,2014-07-22,
5381,415,1.4054,2014-07-22,
5381,183,0.3,2014-07-22,
5381,152,0.34,2014-07-22,
5381,1461,0.55,2004-10-15,
5381,383,0.70269,2014-07-22,
5384,348,0.58326,2004-05-19,
5384,976,1.4581600000000001,2004-05-19,
5384,612,0.56213,2004-05-19,
5384,152,0.2,2014-07-21,
5384,183,0.29,2014-04-24,
5384,1461,0.55,2004-10-18,
5384,1496,0.75,2012-08-13,
5384,145,0.66,2014-07-21,
5389,341,1.0563500000000001,2004-05-26,
5389,415,2.64159,2004-05-26,
5389,383,1.32044,2004-10-01,
5390,385,0.10769999999999999,2018-10-11,
5390,383,0.8481000000000001,2016-08-18,
5390,415,1.69062,2016-08-18,
5390,1456,0.4,2004-10-20,
5390,640,0.40709,2016-08-18,
5390,341,0.67848,2016-08-18,
5391,1290,0.56213,2004-05-21,
5391,1292,1.40533,2004-05-21,
5391,379,0.6213000000000001,2004-05-21,
5391,1012,1.5532499999999998,2004-05-21,
5391,1467,0.15,2004-10-20,
5391,160,0.04,2007-06-25,
5391,1669,0.16,2007-06-25,
5392,341,0.68047,2004-05-21,
5392,415,1.70118,2004-05-21,
5392,1481,0.04,2011-05-04,
5393,341,0.90448,2004-05-21,
5393,415,2.2612,2004-05-21,
5393,383,1.1306,2004-10-20,
5393,388,1.3566999999999998,2004-10-20,
5394,1073,1.9125100000000002,2004-05-26,
5394,1406,2.0604400000000003,2004-05-26,
5394,979,1.71174,2004-05-26,
5394,1071,0.765,2004-05-21,
5394,346,0.82418,2004-05-21,
5394,371,0.6847,2004-05-21,
5394,1622,1.03023,2004-10-21,
5394,388,1.236,2004-10-21,
5394,1043,0.26,2004-05-21,
5395,1010,2.31403,2004-05-26,
5395,1012,1.9230699999999998,2004-05-26,
5395,354,0.92561,2004-05-21,
5395,379,0.76923,2004-05-21,
5395,1007,1.157,2005-04-14,
5395,388,1.3884,2004-10-21,
5396,364,1.0693000000000001,2006-07-14,
5396,1028,2.6733,2006-07-14,
5396,1026,1.3366,2006-07-14,
5396,388,1.604,2006-07-14,
5397,341,0.93829,2004-05-21,
5397,415,2.34573,2004-05-21,
5397,1562,0.73,2004-05-21,
5397,245,0.127,2004-05-21,
5397,383,1.1729,2004-10-21,
5397,388,1.4069999999999998,2004-10-21,
5398,341,0.84954,2004-05-21,
5398,415,2.12384,2004-05-21,
5398,1562,0.48,2004-05-21,
5398,383,1.0619,2004-10-21,
5398,388,1.2743,2004-10-21,
5399,341,0.77346,2004-05-21,
5399,415,1.93364,2004-05-21,
5399,383,0.9668000000000001,2004-10-21,
5399,388,1.1602,2004-10-21,
5400,341,0.7988200000000001,2004-05-21,
5400,415,1.9970400000000001,2004-05-21,
5400,383,0.9984999999999999,2004-10-21,
5400,388,1.198,2004-10-21,
5401,1563,0.24,2004-05-21,
5401,1456,0.4,2004-10-21,
5402,341,0.7893300000000001,2004-10-26,
5402,383,0.98666,2004-10-26,
5402,1454,0.3,2004-10-26,
5403,348,0.6973999999999999,2008-03-18,
5403,976,1.7435,2008-03-18,
5403,245,0.84,2004-05-21,
5403,968,0.8718,2008-03-18,
5403,1457,1.4,2004-10-21,
5403,110,10.02,2014-07-02,
5404,348,0.6973999999999999,2008-03-18,
5404,976,1.7435,2008-03-18,
5404,245,0.84,2004-05-21,
5404,968,0.8718,2008-03-18,
5404,1457,1.4,2004-10-21,
5404,110,9.05,2014-07-02,
5405,1564,0.081,2004-05-27,
5405,1565,0.26,2004-05-27,
5405,1467,0.15,2004-10-19,
5406,1565,0.26,2004-05-27,
5406,1564,0.075,2004-05-27,
5406,1467,0.15,2004-10-19,
5407,1565,0.26,2004-05-27,
5407,1564,0.079,2004-05-27,
5407,1467,0.15,2004-10-19,
5408,348,0.59172,2006-08-30,
5408,976,1.47929,2006-08-30,
5408,1461,0.55,2004-10-20,
5408,1581,0.75,2006-11-29,
5409,385,0.12997,2004-05-27,
5409,341,0.8664400000000001,2004-05-27,
5409,1573,0.1,2004-10-20,
5410,1624,0.1,2004-11-09,
5410,341,0.1986,2004-11-04,
5410,383,0.2483,2004-11-04,
5410,415,0.4966,2004-11-04,
5410,1470,0.85,2004-10-22,
5411,703,4.37,2004-05-28,
5411,341,0.5283,2004-11-04,
5411,383,0.6604000000000001,2004-11-04,
5411,415,1.3208000000000002,2004-11-04,
5411,1470,0.85,2004-10-22,
5412,368,0.11834,2013-07-30,
5412,977,0.29586,2013-07-30,
5412,131,3.09,2004-05-28,
5412,1471,0.65,2004-10-22,
5412,502492,0.17,2013-07-30,
5412,502493,0.026000000000000002,2013-07-30,
5413,563,0.12,2004-05-28,
5413,385,0.06081,2004-05-28,
5413,341,0.40541,2004-05-28,
5413,503,0.12,2004-05-28,
5413,383,0.5068,2004-10-22,
5413,1454,0.3,2004-10-22,
5414,343,0.67625,2004-05-28,
5414,1032,1.69062,2004-05-28,
5414,371,0.48605,2004-05-28,
5414,979,1.21513,2004-05-28,
5414,1031,0.8453,2004-10-22,
5414,1470,0.85,2004-10-22,
5414,502515,3.31,2014-01-31,
5414,502516,0.85,2014-01-31,
5415,341,0.59594,2004-05-31,
5415,415,1.48986,2004-05-31,
5415,383,0.7448999999999999,2004-10-22,
5415,1470,0.85,2004-10-22,
5416,341,0.31276,2004-05-28,
5416,415,0.78191,2004-05-28,
5416,1484,0.005,2004-10-22,
5416,640,0.18766,2009-12-18,
5417,341,0.59594,2004-05-31,
5417,415,1.48986,2004-05-31,
5417,383,0.7448999999999999,2004-10-22,
5417,1470,0.85,2004-10-22,
5419,341,1.0354999999999999,2004-05-28,
5419,415,2.5887599999999997,2004-05-28,
5419,1454,0.3,2004-10-22,
5422,385,0.15017,2016-08-16,
5422,341,1.001,2016-08-16,
5422,389,1.75178,2016-08-16,
5423,439,0.0102,2017-04-24,
5423,341,0.20408,2017-04-24,
5424,341,1.05664,2004-06-04,
5424,415,2.64159,2004-06-04,
5427,371,0.53677,2004-06-07,
5427,415,1.34193,2004-06-07,
5427,1581,0.75,2006-11-30,
5427,1455,1.0,2004-10-21,
5428,385,0.18242999999999998,2004-06-07,
5428,341,1.21622,2004-06-07,
5428,428,0.3649,2004-10-20,
5428,1467,0.15,2004-10-20,
5429,341,1.0354999999999999,2004-06-07,
5429,415,2.5887599999999997,2004-06-07,
5429,389,1.8121,2006-11-29,
5430,178,0.52,2004-10-07,
5430,1558,0.26,2004-10-15,
5430,1461,0.55,2004-10-15,
5431,72,0.065,2004-06-09,
5431,1542,0.26,2004-10-15,
5431,1494,0.2,2004-10-15,
5434,12,0.55,2004-06-30,
5434,1456,0.4,2004-10-15,
5435,12,0.56,2004-06-30,
5435,1456,0.4,2004-10-15,
5437,341,0.60862,2006-07-04,
5437,415,1.5215,2006-07-04,
5437,383,0.76078,2006-07-04,
5438,341,0.67625,2004-06-04,
5438,415,1.69062,2004-06-04,
5438,1234,0.14286,2004-06-04,
5438,1590,0.05,2004-10-15,
5439,341,0.67625,2004-06-04,
5439,415,1.69062,2004-06-04,
5439,1234,0.14286,2004-06-04,
5439,1590,0.05,2004-10-15,
5441,332,0.26,2014-11-04,
5441,342,0.1352,2014-11-04,
5441,1428,0.33799999999999997,2014-11-04,
5441,346,0.26627,2004-06-28,
5441,1406,0.6656799999999999,2004-06-28,
5441,990,0.5,2004-10-13,
5441,502471,0.52,2014-11-04,
5442,196,0.013000000000000001,2004-06-28,
5442,341,0.10144,2004-06-28,
5442,415,0.25359000000000004,2004-06-28,
5442,990,0.5,2004-10-13,
5442,412,0.26,2012-08-30,
5444,341,0.14793,2004-06-28,
5444,415,0.36982,2004-06-28,
5444,990,0.5,2004-10-13,
5449,332,0.13699999999999998,2004-06-28,
5449,341,0.08875999999999999,2004-06-28,
5449,415,0.22189,2004-06-28,
5449,990,0.5,2005-02-11,
5449,502471,0.27399999999999997,2012-08-31,
5452,1456,0.4,2004-10-15,
5453,341,0.5791,2008-03-12,
5453,415,1.4477000000000002,2008-02-19,
5453,383,0.7238,2008-03-12,
5454,867,0.2,2004-10-26,
5454,1454,0.3,2004-10-26,
5455,341,0.45647,2004-06-10,
5455,415,1.14117,2004-06-10,
5455,1602,2.15,2011-05-06,
5456,439,0.06756000000000001,2004-06-30,
5456,385,0.2027,2004-06-30,
5456,640,0.8108,2004-10-15,
5456,428,0.4054,2016-08-08,
5457,439,0.08163000000000001,2004-06-04,
5457,341,1.63265,2004-06-04,
5458,385,0.15533,2004-05-10,
5458,341,1.0354999999999999,2004-05-10,
5458,428,0.31066,2004-10-19,
5459,368,0.47759999999999997,2004-05-03,
5459,977,1.194,2004-05-03,
5459,990,0.5,2004-10-21,
5459,1454,0.3,2004-10-21,
5462,245,0.081,2014-09-22,
5462,363,0.34658,2004-05-13,
5462,1146,0.8664400000000001,2004-05-13,
5462,1581,0.75,2006-11-30,
5462,1467,0.15,2004-10-19,
5463,341,0.5536800000000001,2004-06-30,
5463,415,1.3841999999999999,2004-10-15,
5463,383,0.6920999999999999,2004-10-15,
5464,385,0.04755,2004-05-03,
5464,341,0.31699,2004-05-03,
5464,415,0.7924800000000001,2004-05-03,
5464,640,0.19018999999999997,2007-06-15,
5464,1467,0.15,2004-10-21,
5465,801,0.03,2004-05-03,
5465,385,0.05959,2004-05-03,
5465,341,0.3973,2004-05-03,
5465,439,0.01986,2004-05-03,
5465,1576,0.02,2004-10-21,
5466,385,0.13581,2004-05-10,
5466,341,0.9054099999999999,2004-05-10,
5466,428,0.27162,2004-10-19,
5467,385,0.14645,2004-05-10,
5467,341,0.9763299999999999,2004-05-10,
5469,385,0.13694,2004-05-10,
5469,341,0.91293,2004-05-10,
5469,428,0.27390000000000003,2004-10-19,
5470,385,0.15341,2004-05-03,
5470,341,1.02282,2004-05-03,
5471,341,0.85799,2004-06-30,
5471,415,2.1449700000000003,2004-06-30,
5471,1456,0.4,2004-10-15,
5472,341,0.98901,2004-05-21,
5472,415,2.47253,2004-05-21,
5472,383,1.2363,2005-02-25,
5473,385,0.15786,2004-05-10,
5473,341,1.05241,2004-05-10,
5473,428,0.3157,2004-10-19,
5474,348,0.5579,2004-05-03,
5474,976,1.39476,2004-05-03,
5474,368,0.47759999999999997,2004-05-03,
5474,977,1.194,2004-05-03,
5474,990,0.5,2004-10-21,
5474,1454,0.3,2004-10-21,
5475,385,0.16737,2004-05-10,
5475,341,1.11581,2004-05-10,
5475,428,0.33474,2004-10-19,
5476,385,0.14835,2004-05-10,
5476,341,0.98901,2004-05-10,
5476,428,0.2967,2004-10-19,
5478,385,0.16484000000000001,2004-05-10,
5478,341,1.0989,2004-05-10,
5478,428,0.3297,2004-10-19,
5480,385,0.15216,2004-05-10,
5480,341,1.01437,2004-05-10,
5485,341,0.73542,2004-06-30,
5485,415,1.83855,2004-06-30,
5485,383,0.9123,2004-10-15,
5486,371,0.6382099999999999,2004-05-19,
5486,979,1.5955199999999998,2004-05-19,
5486,306,0.57,2014-02-20,
5486,1461,0.55,2004-10-18,
5486,1496,0.75,2012-08-13,
5487,341,1.0354999999999999,2004-05-03,
5487,415,2.5887599999999997,2004-05-03,
5489,385,0.16801,2004-05-10,
5489,341,1.12003,2004-05-10,
5489,428,0.336,2004-10-19,
5490,385,0.1623,2004-05-10,
5490,341,1.08199,2004-05-10,
5491,12,0.5,2004-06-30,
5491,1456,0.4,2004-10-15,
5492,1620,0.08,2004-10-21,
5492,1621,0.14,2004-10-21,
5492,1454,0.3,2011-05-03,
5492,402,0.28,2011-05-03,
5493,28,0.09,2004-06-29,
5493,1413,0.03,2004-06-29,
5493,72,0.03,2004-06-29,
5493,990,0.5,2004-10-13,
5493,1638,0.18,2005-01-10,
5495,341,0.82418,2004-06-30,
5495,415,2.0604400000000003,2004-06-30,
5495,1456,0.4,2004-10-15,
5496,385,0.17054,2004-05-10,
5496,341,1.13694,2004-05-10,
5496,428,0.34108,2004-10-19,
5497,439,0.04607,2004-05-10,
5497,385,0.13821,2004-05-10,
5497,341,0.9213899999999999,2004-05-10,
5497,1352,0.09214,2016-04-07,
5498,341,0.95943,2004-05-03,
5498,415,2.39856,2004-05-03,
5498,383,1.19929,2004-10-21,
5498,1489,1.25,2004-10-21,
5499,363,0.6213000000000001,2004-05-19,
5499,1146,1.5532499999999998,2004-05-19,
5499,1461,0.55,2004-10-18,
5499,1581,0.75,2012-08-13,
5499,537,0.9,2014-11-03,
5501,415,0.08449999999999999,2015-05-26,
5501,341,0.03381,2015-05-26,
5501,990,0.5,2004-10-15,
5507,332,0.23,2004-06-29,
5507,341,0.11834,2004-06-29,
5507,415,0.29586,2004-06-29,
5507,990,0.5,2004-10-15,
5507,1674,0.43,2007-06-25,
5507,502470,0.276,2012-08-31,
5508,439,0.04734,2004-05-10,
5508,385,0.14201,2004-05-10,
5508,341,0.94675,2004-05-10,
5508,1352,0.09468,2016-04-06,
5509,385,0.16216,2004-06-07,
5509,341,1.08108,2004-06-07,
5509,1467,0.15,2004-10-20,
5509,428,0.3243,2004-10-20,
5510,439,0.04607,2004-05-10,
5510,385,0.13821,2004-05-10,
5510,341,0.9213899999999999,2004-05-10,
5510,1352,0.9213,2016-04-06,
5511,368,0.47759999999999997,2004-05-03,
5511,977,1.194,2004-05-03,
5511,990,0.5,2004-10-21,
5511,1454,0.3,2004-10-21,
5512,368,0.47759999999999997,2004-05-03,
5512,977,1.194,2004-05-03,
5512,990,0.5,2004-10-21,
5512,1454,0.3,2004-10-21,
5515,385,0.14898999999999998,2004-05-10,
5515,341,0.99324,2004-05-10,
5515,428,0.29797999999999997,2004-10-19,
5516,385,0.1585,2004-05-10,
5516,341,1.05664,2004-05-10,
5516,428,0.317,2004-10-19,
5517,385,0.15533,2004-05-10,
5517,341,1.0354999999999999,2004-05-10,
5517,428,0.3107,2004-10-19,
5518,385,0.14898999999999998,2004-05-10,
5518,341,0.99324,2004-05-10,
5518,428,0.29797999999999997,2004-10-19,
5520,385,0.15533,2004-05-10,
5520,341,1.0354999999999999,2004-05-10,
5520,428,0.31066,2004-10-19,
5521,385,0.15216,2004-05-10,
5521,341,1.01437,2004-05-10,
5521,428,0.3043,2004-10-19,
5522,385,0.15216,2004-06-30,
5522,341,1.01437,2004-06-30,
5522,415,2.53593,2004-06-30,
5522,640,0.60864,2005-04-14,
5522,428,0.3043,2016-08-08,
5523,385,0.14201,2004-06-30,
5523,341,0.94675,2004-06-30,
5524,196,0.14,2004-06-30,
5524,1456,0.4,2004-10-15,
5524,402,0.28,2007-06-22,
5525,196,0.14,2004-06-30,
5525,1456,0.4,2004-10-15,
5526,196,0.05,2004-06-30,
5526,341,0.76923,2004-06-30,
5526,415,1.9230699999999998,2004-06-30,
5526,1456,0.4,2004-10-15,
5527,196,0.03,2004-06-30,
5527,1467,0.15,2004-10-15,
5529,196,0.02,2004-06-30,
5529,1597,0.03,2004-10-15,
5530,385,0.07095,2004-05-03,
5530,341,0.47296999999999995,2004-05-03,
5530,95,0.21,2004-05-03,
5531,341,1.11581,2004-06-30,
5531,415,2.78952,2004-06-30,
5531,641,0.8339,2004-10-15,
5533,553,0.62,2004-06-28,
5533,160,1.15,2004-06-28,
5533,139,1.43,2004-06-28,
5533,990,0.5,2004-10-15,
5533,1601,0.45,2012-08-30,
5534,341,1.06932,2004-06-07,
5534,415,2.67329,2004-06-07,
5534,389,1.8713,2006-11-29,
5535,341,0.59172,2004-06-07,
5535,415,1.47929,2004-06-07,
5535,1470,0.85,2004-10-20,
5536,341,1.01437,2004-06-07,
5536,415,2.53593,2004-06-07,
5537,341,0.71006,2004-06-07,
5537,415,1.7751499999999998,2004-06-07,
5537,867,1.5,2006-11-29,
5537,1455,1.0,2004-10-20,
5539,306,0.7,2004-06-07,
5539,371,0.59172,2004-06-07,
5539,979,1.47929,2004-06-07,
5539,867,0.75,2010-01-06,
5539,1461,0.55,2004-10-20,
5540,1267,0.14,2004-06-07,
5540,1664,0.56,2007-06-20,
5540,867,1.5,2006-11-29,
5540,1461,0.55,2004-10-20,
5540,1496,0.75,2012-08-20,
5541,341,0.60862,2004-06-07,
5541,415,1.52156,2004-06-07,
5541,867,1.5,2006-11-29,
5541,1455,1.0,2004-10-20,
5541,1496,0.75,2012-08-20,
5543,97,0.85,2004-06-07,
5543,867,1.5,2006-11-29,
5543,1455,1.0,2004-10-20,
5544,385,0.15203,2004-06-07,
5544,341,1.01351,2004-06-07,
5544,867,1.5,2006-11-29,
5544,1461,0.55,2004-10-20,
5544,1496,0.75,2012-08-30,
5546,245,0.56,2004-06-07,
5546,1496,0.75,2007-06-20,
5546,867,1.5,2006-11-29,
5546,1579,0.6,2004-10-20,
5547,341,0.63398,2004-05-28,
5547,415,1.58495,2004-05-28,
5547,1454,0.3,2004-10-22,
5548,341,0.63398,2004-05-28,
5548,415,1.58495,2004-05-28,
5548,1454,0.3,2004-10-22,
5549,341,0.541,2004-05-28,
5549,415,1.35249,2004-05-28,
5549,383,0.6762999999999999,2004-10-22,
5549,1470,0.85,2004-10-22,
5550,341,0.57481,2004-05-28,
5550,415,1.43702,2004-05-28,
5550,1454,0.3,2004-10-22,
5551,341,0.98072,2004-06-04,
5551,415,2.45181,2004-06-04,
5551,388,1.47108,2016-08-18,
5552,341,1.03585,2004-06-04,
5552,415,2.58963,2004-06-04,
5552,388,1.55378,2011-05-05,
5553,385,0.075,2004-05-03,
5553,341,0.5,2004-05-03,
5553,95,0.37,2004-05-03,
5554,385,0.07095,2004-06-08,
5554,341,0.47296999999999995,2004-06-08,
5554,1467,0.15,2004-10-20,
5555,385,0.05072,2004-05-10,
5555,341,0.33812,2004-05-10,
5555,1576,0.02,2004-10-19,
5556,385,0.15533,2004-05-10,
5556,341,1.0354999999999999,2004-05-10,
5556,428,0.3107,2004-10-19,
5557,341,1.03128,2004-05-28,
5557,415,2.57819,2004-05-28,
5557,383,1.2891,2004-10-22,
5557,640,0.61877,2004-10-22,
5558,385,0.056760000000000005,2004-05-03,
5558,341,0.37838,2004-05-03,
5558,95,0.2,2004-05-03,
5560,341,0.33812,2004-05-03,
5560,415,0.84531,2004-05-03,
5560,1467,0.15,2011-04-28,
5560,428,0.10144,2011-05-10,
5561,341,0.7383,2008-03-13,
5561,415,1.8457,2008-03-13,
5561,383,0.9228000000000001,2008-03-13,
5562,341,0.9551999999999999,2004-05-03,
5562,415,2.388,2004-05-03,
5562,1489,1.25,2011-05-06,
5563,385,0.156,2019-07-22,
5563,341,1.04,2019-07-22,
5563,428,0.312,2019-07-22,
5563,1454,0.3,2004-10-21,
5563,415,2.6,2019-07-22,
5563,383,1.3,2019-10-18,
5565,385,0.155,2019-07-22,
5565,341,1.03,2019-07-22,
5565,1454,0.3,2004-10-21,
5565,383,1.288,2019-10-18,
5565,415,2.575,2019-07-22,
5566,341,0.94675,2004-05-03,
5566,415,2.36686,2004-05-03,
5566,990,0.5,2004-10-21,
5566,1454,0.3,2004-10-21,
5566,245,0.21,2014-02-20,
5567,348,0.5706,2004-05-12,
5567,415,1.4265,2004-05-12,
5567,1455,1.0,2004-10-19,
5567,1496,0.75,2012-08-14,
5568,348,0.59172,2004-05-12,
5568,976,1.47929,2004-05-12,
5568,1455,1.0,2004-10-19,
5568,1496,0.75,2012-08-14,
5569,341,0.59172,2004-05-03,
5569,1609,1.22,2006-11-29,
5569,1482,1.1,2011-04-27,
5569,142,0.61,2012-08-01,
5570,348,0.59172,2004-05-12,
5570,976,1.47929,2004-05-12,
5570,1455,1.0,2004-10-19,
5570,1496,0.75,2012-08-14,
5571,341,0.09298000000000001,2004-05-27,
5571,415,0.23246,2004-05-27,
5571,1467,0.15,2004-10-20,
5572,341,0.95097,2004-06-08,
5572,415,2.37743,2004-06-08,
5572,990,0.5,2005-02-11,
5572,867,1.5,2006-11-29,
5573,341,0.76078,2004-05-28,
5573,415,1.90194,2004-05-28,
5573,383,0.9509000000000001,2004-10-22,
5574,341,0.76923,2004-05-28,
5574,415,1.9230699999999998,2004-05-28,
5574,383,0.9615,2004-10-22,
5575,348,0.56636,2004-05-27,
5575,976,1.41589,2004-05-27,
5575,1461,0.55,2004-10-20,
5575,1496,0.75,2012-08-14,
5577,348,0.56636,2004-05-27,
5577,976,1.41589,2004-05-27,
5577,1461,0.55,2004-10-20,
5577,1496,0.75,2012-08-14,
5579,385,0.15216,2004-05-10,
5579,341,1.01437,2004-05-10,
5579,428,0.3043,2004-10-19,
5580,385,0.0634,2004-05-03,
5580,353,0.4227,2006-07-14,
5580,990,0.5,2004-10-21,
5580,1454,0.3,2004-10-21,
5580,1467,0.15,2010-07-27,
5583,341,0.9551999999999999,2004-05-03,
5583,415,2.388,2004-05-03,
5583,383,1.194,2004-10-21,
5583,1489,1.25,2004-10-21,
5584,385,0.14201,2004-05-10,
5584,341,0.94675,2004-05-10,
5585,332,0.18,2004-06-28,
5585,341,0.10989,2004-06-28,
5585,415,0.27473,2004-06-28,
5585,502469,0.27,2012-08-31,
5585,990,0.5,2004-10-15,
5586,341,1.02282,2004-05-28,
5586,415,2.55706,2004-05-28,
5586,383,1.2785,2004-10-22,
5587,348,0.57058,2004-05-12,
5587,976,1.4264599999999998,2004-05-12,
5587,1455,1.0,2004-10-19,
5588,348,0.57058,2004-05-12,
5588,976,1.4264599999999998,2004-05-12,
5588,1455,1.0,2004-10-19,
5588,1496,0.75,2012-08-14,
5589,341,1.03128,2004-06-04,
5589,415,2.57819,2004-06-04,
5591,1565,0.29,2004-05-27,
5591,1564,0.08,2004-05-27,
5591,363,0.33812,2004-05-27,
5591,1146,0.84531,2004-05-27,
5591,1671,0.24,2007-06-15,
5591,1467,0.15,2004-10-19,
5592,348,0.59172,2004-05-03,
5592,976,1.47929,2004-05-03,
5592,368,0.47759999999999997,2004-05-03,
5592,977,1.194,2004-05-03,
5592,990,0.5,2004-10-21,
5592,1454,0.3,2004-10-21,
5593,341,1.06932,2004-05-21,
5593,415,2.67329,2004-05-21,
5593,383,1.3366999999999998,2004-10-21,
5595,341,0.60862,2004-05-28,
5595,415,1.52256,2004-05-28,
5595,383,0.7613,2004-10-22,
5597,348,0.57058,2004-05-12,
5597,976,1.4264599999999998,2004-05-12,
5597,1455,1.0,2004-10-19,
5597,1496,0.75,2012-08-14,
5598,348,0.57058,2004-05-12,
5598,976,1.4264599999999998,2004-05-12,
5598,1455,1.0,2004-10-19,
5598,1496,0.75,2012-08-14,
5599,1470,0.85,2004-10-22,
5600,341,0.9551999999999999,2004-05-03,
5600,415,2.388,2005-04-14,
5600,1489,1.25,2011-05-06,
5601,348,0.59172,2004-05-03,
5601,976,1.47929,2004-05-03,
5601,368,0.47759999999999997,2004-05-03,
5601,977,1.194,2004-05-03,
5601,990,0.5,2004-10-21,
5601,1454,0.3,2004-10-21,
5602,867,0.07,2004-06-04,
5603,341,1.01437,2004-06-04,
5603,415,2.53593,2004-06-04,
5603,383,1.268,2004-10-22,
5604,348,0.55794,2004-05-03,
5604,976,1.39476,2004-05-03,
5604,368,0.45647,2004-05-03,
5604,977,1.14117,2004-05-03,
5604,990,0.5,2004-10-21,
5604,1454,0.3,2004-10-21,
5605,439,0.06122,2004-05-28,
5605,385,0.18367,2004-05-28,
5605,428,0.36734,2004-10-22,
5606,196,0.36,2004-06-08,
5606,348,0.54945,2004-06-08,
5606,976,1.37363,2004-06-08,
5606,402,0.72,2007-06-20,
5606,867,1.5,2006-11-29,
5606,1455,1.0,2005-02-11,
5607,160,0.36,2004-06-09,
5607,1461,0.55,2004-10-15,
5608,332,0.18,2004-06-28,
5608,341,0.18597999999999998,2014-11-03,
5608,415,0.46494,2014-11-03,
5608,346,0.37194000000000005,2004-06-28,
5608,1406,0.92984,2004-06-28,
5608,990,0.5,2004-10-15,
5609,341,1.06932,2004-06-08,
5609,415,2.67329,2004-06-08,
5609,389,1.8713,2006-11-29,
5610,341,1.10735,2004-06-08,
5610,415,2.76839,2004-06-08,
5610,987,1.75,2004-10-20,
5610,389,1.9379,2010-01-06,
5611,341,0.9837699999999999,2004-06-04,
5612,341,0.24514,2004-06-07,
5612,415,0.61285,2004-06-07,
5612,1652,0.35,2007-01-08,
5612,1461,0.55,2004-10-21,
5613,371,0.6382099999999999,2004-05-19,
5613,979,1.5955199999999998,2004-05-19,
5613,306,0.57,2014-02-20,
5613,1461,0.55,2004-10-18,
5613,1496,0.75,2012-08-13,
5614,284,0.88,2004-06-30,
5614,641,0.8035,2005-02-11,
5615,332,0.16,2004-06-28,
5615,341,0.1352,2014-11-04,
5615,415,0.33799999999999997,2014-11-04,
5615,346,0.26627,2004-06-28,
5615,1406,0.6656799999999999,2004-06-28,
5615,990,0.5,2004-10-15,
5615,502471,0.32,2012-08-31,
5616,341,0.03212,2004-06-28,
5616,415,0.0803,2004-06-28,
5616,990,0.5,2004-10-15,
5616,1353,0.1606,2011-05-10,
5617,348,0.55799,2004-05-03,
5617,976,1.39476,2004-05-03,
5617,368,0.45647,2004-05-03,
5617,977,1.14117,2004-05-03,
5617,990,0.5,2004-10-21,
5617,1454,0.3,2004-10-21,
5618,12,0.37,2004-06-29,
5618,1454,0.3,2004-10-15,
5619,348,0.5579,2004-05-03,
5619,976,1.39476,2004-05-03,
5619,368,0.47759999999999997,2004-05-03,
5619,977,1.194,2004-05-03,
5619,990,0.5,2004-10-21,
5619,1454,0.3,2004-10-21,
5620,385,0.15152,2004-05-10,
5620,341,1.01014,2004-05-10,
5622,439,0.04607,2004-05-10,
5622,385,0.13821,2004-05-10,
5622,341,0.9213899999999999,2004-05-10,
5622,1352,0.09239000000000001,2016-04-07,
5623,341,0.94676,2004-05-03,
5623,415,2.36686,2004-05-03,
5623,990,0.5,2004-10-21,
5623,1454,0.3,2004-10-21,
5624,1484,0.005,2004-10-22,
5626,385,0.19018999999999997,2004-06-30,
5626,341,1.26796,2004-06-30,
5627,341,1.10735,2004-06-30,
5627,415,2.76839,2004-06-30,
5627,641,0.8305,2004-10-15,
5628,341,1.2174500000000001,2004-06-04,
5632,398,0.25,2004-06-04,
5633,341,0.57481,2004-06-07,
5633,415,1.43702,2004-06-07,
5633,1461,0.55,2004-10-21,
5634,341,0.76078,2004-06-07,
5634,415,1.90194,2004-06-07,
5634,160,0.13,2007-06-15,
5634,443,0.78,2007-06-15,
5634,1581,0.75,2006-11-30,
5634,1455,1.0,2004-10-21,
5635,1580,0.9,2006-11-29,
5635,1489,1.25,2004-10-21,
5638,1580,0.9,2006-11-30,
5638,1455,1.0,2014-07-04,
5639,1581,0.75,2006-11-30,
5639,1579,0.6,2014-07-04,
5640,1580,0.9,2006-11-30,
5640,1489,1.25,2004-10-19,
5641,1581,0.75,2006-11-30,
5641,1455,1.0,2004-10-19,
5642,1580,0.9,2006-11-30,
5642,1489,1.25,2004-10-19,
5643,1580,0.9,2006-11-30,
5643,1489,1.25,2004-10-19,
5644,1581,0.75,2006-11-30,
5644,1489,1.25,2004-10-19,
5645,1580,0.9,2006-11-30,
5645,1489,1.25,2004-10-19,
5646,1581,0.75,2006-11-30,
5646,1455,1.0,2004-10-19,
5647,1580,0.9,2006-11-30,
5647,1489,1.25,2004-10-19,
5648,1580,0.9,2006-11-30,
5648,1489,1.25,2004-10-19,
5649,1581,0.75,2006-11-30,
5649,1455,1.0,2004-10-19,
5650,1580,0.9,2006-11-30,
5650,1455,1.0,2014-07-04,
5651,1581,0.75,2006-11-30,
5651,1579,0.6,2014-07-04,
5652,1580,0.9,2006-11-30,
5652,1489,1.25,2004-10-19,
5653,1580,0.9,2006-11-30,
5653,1489,1.25,2004-10-19,
5654,1581,0.75,2006-11-30,
5654,1455,1.0,2004-10-19,
5655,1580,0.9,2006-11-30,
5655,1489,1.25,2004-10-19,
5656,1581,0.75,2006-11-30,
5656,1455,1.0,2004-10-19,
5657,1580,0.9,2006-11-30,
5657,1489,1.25,2004-10-19,
5658,1580,0.9,2006-11-30,
5658,1489,1.25,2004-10-19,
5659,1581,0.75,2006-11-30,
5659,1455,1.0,2004-10-19,
5660,1580,0.9,2006-11-30,
5660,1489,1.25,2004-10-19,
5661,1581,0.75,2006-11-30,
5661,1455,1.0,2004-10-19,
5662,1580,0.9,2006-11-30,
5662,1489,1.25,2004-10-19,
5663,1580,0.9,2006-11-30,
5663,1489,1.25,2004-10-19,
5664,1580,0.9,2006-11-30,
5664,1489,1.25,2004-10-19,
5665,1581,0.75,2006-11-30,
5665,1455,1.0,2004-10-19,
5666,1580,0.9,2006-11-30,
5666,1489,1.25,2004-10-19,
5667,1581,0.75,2006-11-30,
5667,1455,1.0,2004-10-19,
5669,385,0.13948,2004-05-19,
5669,341,0.92984,2004-10-01,
5669,1461,0.55,2004-10-18,
5674,371,0.5874900000000001,2004-05-19,
5674,979,1.4687200000000002,2004-05-19,
5674,1461,0.55,2004-10-18,
5674,537,0.77,2014-11-03,
5674,502620,1.0,2014-11-03,
5675,371,0.56213,2004-05-19,
5675,979,1.40533,2004-05-19,
5675,152,1.02,2014-11-03,
5675,1461,0.55,2004-10-18,
5677,341,0.56216,2014-07-22,
5677,415,1.4054,2014-07-22,
5677,152,0.43,2014-07-22,
5677,1581,0.75,2006-11-29,
5677,1496,0.75,2016-09-01,
5677,383,0.70269,2014-07-22,
5678,1461,0.55,2004-10-18,
5679,341,0.53254,2005-04-14,
5679,415,1.3313599999999999,2004-05-19,
5679,284,0.2,2004-05-19,
5679,1461,0.55,2004-10-18,
5680,363,0.59172,2006-08-30,
5680,1146,1.47929,2006-08-30,
5680,1461,0.55,2004-10-18,
5681,363,0.59172,2004-05-19,
5681,1146,1.47993,2004-05-19,
5681,1581,0.75,2006-11-29,
5681,1461,0.55,2004-10-18,
5682,363,0.59172,2006-08-30,
5682,1146,1.47929,2006-08-30,
5682,1461,0.55,2004-10-18,
5682,1496,0.75,2012-08-13,
5683,371,0.46492,2004-05-19,
5683,979,1.1623,2004-05-19,
5683,363,0.5536800000000001,2004-05-19,
5683,1461,0.55,2004-10-18,
5683,1496,0.75,2012-08-13,
5684,341,0.6213000000000001,2004-05-19,
5684,415,1.5532499999999998,2004-05-19,
5684,1461,0.55,2004-10-18,
5685,152,0.68,2004-05-19,
5685,1461,0.55,2004-10-18,
5685,1496,0.75,2012-08-13,
5687,341,0.58326,2004-05-19,
5687,415,1.4581600000000001,2004-05-19,
5687,1461,0.55,2004-10-18,
5687,1496,0.75,2012-08-13,
5689,245,0.23,2004-05-19,
5689,1461,0.55,2004-10-18,
5691,245,0.21,2013-12-12,
5691,1560,0.34235,2004-05-19,
5691,1461,0.55,2004-10-18,
5691,1496,0.75,2012-08-13,
5692,371,0.6382099999999999,2004-05-19,
5692,415,1.5955199999999998,2004-05-19,
5692,1461,0.55,2004-10-18,
5692,1496,0.75,2012-08-13,
5693,348,0.57058,2004-05-19,
5693,976,1.4264599999999998,2004-05-19,
5693,245,0.185,2014-01-03,
5693,1461,0.55,2004-10-18,
5693,1496,0.75,2012-08-13,
5694,363,0.58326,2004-05-19,
5694,1146,1.4581600000000001,2004-05-19,
5694,245,0.28,2004-05-19,
5694,1461,0.55,2004-10-18,
5694,1496,0.75,2012-08-13,
5696,363,0.6213000000000001,2004-05-19,
5696,1146,1.5532499999999998,2004-05-19,
5696,1461,0.55,2004-10-18,
5696,1496,0.75,2012-08-13,
5698,245,0.38,2004-05-19,
5698,1461,0.55,2004-10-18,
5698,1581,0.75,2011-10-28,
5699,341,0.59172,2006-08-30,
5699,415,1.47929,2006-08-30,
5699,1461,0.55,2016-04-18,
5702,1560,0.34235,2004-05-19,
5702,1461,0.55,2004-10-18,
5702,245,0.192,2014-01-03,
5702,1496,0.75,2012-08-13,
5705,341,0.6382099999999999,2004-05-19,
5705,415,1.5955199999999998,2004-05-19,
5705,1461,0.55,2004-10-18,
5705,535,0.38,2013-05-21,
5705,504,0.75,2013-05-21,
5706,341,0.53677,2004-05-28,
5706,415,1.34193,2004-05-28,
5706,553,1.38,2004-05-28,
5706,160,1.73,2004-05-28,
5706,139,2.99,2004-05-28,
5706,1470,0.85,2004-10-22,
5706,1501,0.865,2012-09-06,
5706,383,0.6709999999999999,2016-11-22,
5707,341,0.53677,2004-05-28,
5707,415,1.34193,2004-05-28,
5707,553,1.38,2004-05-28,
5707,160,1.73,2004-05-28,
5707,139,2.99,2004-05-28,
5707,1470,0.85,2004-10-22,
5707,1501,0.865,2012-09-06,
5707,383,0.67096,2016-11-23,
5708,341,0.53677,2004-05-28,
5708,415,1.34193,2004-05-28,
5708,553,1.38,2004-05-28,
5708,160,1.73,2004-05-28,
5708,139,2.99,2004-05-28,
5708,1470,0.85,2004-10-22,
5708,1501,0.865,2012-09-06,
5708,383,0.6709999999999999,2016-11-22,
5709,640,0.32966999999999996,2005-02-11,
5709,1454,0.3,2004-10-22,
5710,867,0.07,2004-06-04,
5715,1580,0.9,2006-11-30,
5715,1455,1.0,2014-07-04,
5715,502468,0.9,2012-08-17,
5716,183,0.87,2004-06-09,
5716,1581,0.75,2006-11-30,
5716,1579,0.6,2014-07-04,
5716,1496,0.75,2012-08-17,
5717,1581,0.75,2006-11-30,
5717,1455,1.0,2004-10-15,
5718,1581,0.75,2006-11-30,
5718,1455,1.0,2004-10-15,
5719,1580,0.9,2006-11-30,
5719,1489,1.25,2004-10-15,
5720,1581,0.75,2006-11-30,
5720,1455,1.0,2004-10-15,
5721,1581,0.75,2006-11-30,
5721,1455,1.0,2004-10-15,
5721,502523,1.8,2014-02-11,
5722,1580,0.9,2006-11-30,
5722,1489,1.25,2004-10-15,
5722,502523,4.89,2014-02-11,
5723,1580,0.9,2006-11-30,
5723,1455,1.0,2014-07-04,
5724,1581,0.75,2006-11-30,
5724,1455,1.0,2004-10-15,
5725,1581,0.75,2006-11-30,
5725,1455,1.0,2004-10-15,
5726,1581,0.75,2006-11-30,
5726,1455,1.0,2004-10-15,
5727,1581,0.75,2006-11-30,
5727,1455,1.0,2004-10-15,
5728,1580,0.9,2006-11-30,
5728,1455,1.0,2014-07-04,
5729,183,0.93,2004-06-09,
5729,1581,0.75,2006-11-30,
5729,1579,0.6,2014-07-04,
5730,1581,0.75,2006-11-30,
5730,1455,1.0,2004-10-15,
5731,1581,0.75,2006-11-30,
5731,1455,1.0,2004-10-15,
5732,1581,0.75,2006-11-30,
5732,1455,1.0,2004-10-15,
5733,1581,0.75,2006-11-30,
5733,1455,1.0,2004-10-15,
5734,1568,0.4,2004-06-30,
5734,1456,0.4,2004-10-15,
5735,341,0.5537,2008-02-19,
5735,415,1.3843,2008-02-19,
5735,383,0.6921299999999999,2008-03-11,
5736,385,0.1875,2007-10-19,
5736,428,0.375,2007-10-19,
5736,1494,0.2,2012-05-08,
5736,341,1.25,2016-05-16,
5737,1567,0.39,2004-06-30,
5737,1456,0.4,2004-10-15,
5738,341,1.2426000000000001,2004-06-30,
5738,415,3.10651,2004-06-30,
5738,383,1.5533000000000001,2004-10-15,
5739,341,1.20034,2004-06-30,
5739,415,3.00084,2004-06-30,
5739,383,1.5004300000000002,2004-10-15,
5740,341,1.103,2008-03-10,
5740,415,2.7575,2008-03-10,
5740,1667,0.99,2007-06-15,
5740,383,1.37875,2008-03-10,
5741,341,1.0777700000000001,2004-06-30,
5741,415,2.69442,2004-06-30,
5741,1667,0.99,2007-06-15,
5741,383,1.3472,2004-10-15,
5742,341,1.103,2008-03-10,
5742,415,2.7575,2008-03-10,
5742,1667,0.99,2007-06-15,
5742,383,1.37875,2008-03-10,
5743,1569,0.39,2004-06-30,
5743,1456,0.4,2004-10-15,
5745,1570,0.39,2004-06-30,
5745,1456,0.4,2004-10-15,
5748,196,0.035,2004-06-30,
5748,1456,0.4,2004-10-15,
5749,1547,0.006,2004-10-15,
5750,341,1.0,2004-10-15,
5750,383,1.25,2004-10-15,
5750,415,2.5,2004-10-15,
5751,341,0.7861400000000001,2004-06-30,
5751,415,1.9653399999999999,2004-06-30,
5751,383,0.9826999999999999,2004-10-15,
5752,12,0.74,2004-06-30,
5752,641,0.75583,2005-02-11,
5753,641,0.75583,2005-02-11,
5754,341,0.6255299999999999,2004-06-30,
5754,415,1.56382,2004-06-30,
5754,383,0.7818999999999999,2004-10-15,
5755,341,0.86,2004-10-28,
5755,389,1.505,2004-10-28,
5755,415,2.15,2004-10-28,
5758,341,1.04272,2004-11-19,
5758,389,1.8247,2004-11-19,
5758,415,2.60681,2004-11-19,
5759,1580,0.9,2006-11-30,
5759,1489,1.25,2004-12-10,
5760,1581,0.75,2006-11-30,
5760,1455,1.0,2004-12-10,
5761,1580,0.9,2006-11-30,
5761,1489,1.25,2004-12-10,
5762,1581,0.75,2006-11-30,
5762,1455,1.0,2004-12-10,
5763,1573,0.1,2016-10-28,
5764,1573,0.1,2016-10-28,
5766,1580,0.9,2006-11-30,
5766,1489,1.25,2004-12-13,
5767,1581,0.75,2006-11-30,
5767,1455,1.0,2004-12-13,
5768,1573,0.1,2004-12-14,
5769,1461,0.55,2005-03-18,
5769,1652,0.35,2007-01-08,
5770,1455,1.0,2005-01-07,
5770,1581,0.75,2006-11-30,
5771,1461,0.55,2005-03-18,
5771,1652,0.35,2007-01-08,
5772,1573,0.1,2016-10-28,
5773,1573,0.1,2016-10-28,
5774,1573,0.1,2016-10-28,
5775,1489,1.25,2005-01-07,
5775,1580,0.9,2006-11-30,
5776,1455,1.0,2005-01-07,
5776,1581,0.75,2006-11-30,
5777,1455,1.0,2005-01-07,
5777,1581,0.75,2006-11-30,
5778,1573,0.1,2016-10-28,
5779,1573,0.1,2016-10-28,
5780,1573,0.1,2016-10-28,
5781,1573,0.1,2016-10-28,
5782,1489,1.25,2005-01-07,
5782,1580,0.9,2006-11-30,
5783,1455,1.0,2005-01-07,
5783,1581,0.75,2006-11-30,
5784,1455,1.0,2005-01-07,
5784,1581,0.75,2006-11-30,
5785,1489,1.25,2005-01-07,
5785,1580,0.9,2006-11-30,
5786,1489,1.25,2005-01-07,
5786,502468,0.9,2012-08-17,
5787,1489,1.25,2005-01-07,
5787,1580,0.9,2006-11-30,
5788,1489,1.25,2005-01-07,
5788,1580,0.9,2006-11-30,
5789,1489,1.25,2005-01-07,
5789,1580,0.9,2006-11-30,
5790,1455,1.0,2005-01-07,
5790,1581,0.75,2006-11-30,
5791,1573,0.1,2016-10-28,
5792,1573,0.1,2016-10-28,
5793,1573,0.1,2016-10-28,
5794,1581,0.75,2006-11-30,
5794,1455,1.0,2005-01-06,
5795,1581,0.75,2006-11-30,
5795,1455,1.0,2005-01-06,
5796,1580,0.9,2006-11-30,
5796,1489,1.25,2005-01-06,
5797,1581,0.75,2006-11-30,
5797,1455,1.0,2005-01-06,
5798,1581,0.75,2006-11-30,
5798,1455,1.0,2005-01-06,
5799,1581,0.75,2006-11-30,
5799,1455,1.0,2005-01-06,
5800,1652,0.35,2007-01-08,
5800,1461,0.55,2005-03-18,
5801,1581,0.75,2006-11-30,
5801,1455,1.0,2005-01-06,
5801,1496,0.75,2012-08-17,
5802,1581,0.75,2006-12-06,
5802,1455,1.0,2005-05-24,
5802,1496,0.75,2012-08-17,
5803,1580,0.9,2006-11-30,
5803,1489,1.25,2005-01-06,
5804,1581,0.75,2006-12-06,
5804,1573,0.1,2016-10-28,
5805,1573,0.1,2016-10-28,
5806,1652,0.35,2007-01-08,
5806,1461,0.55,2005-03-18,
5807,1581,0.75,2006-11-30,
5807,1455,1.0,2005-01-06,
5808,1580,0.9,2006-11-30,
5808,1489,1.25,2005-01-06,
5808,502468,0.9,2012-08-17,
5809,1581,0.75,2006-11-30,
5809,1455,1.0,2005-01-07,
5809,1496,0.75,2012-08-17,
5810,1580,0.9,2006-11-30,
5810,1489,1.25,2005-01-07,
5811,1581,0.75,2006-11-30,
5811,1455,1.0,2005-01-07,
5812,1580,0.9,2006-11-30,
5812,1489,1.25,2005-01-07,
5813,1580,0.9,2006-11-30,
5813,1489,1.25,2005-01-07,
5814,1581,0.75,2006-11-30,
5814,1455,1.0,2005-01-07,
5815,1580,0.9,2006-11-30,
5815,1489,1.25,2005-01-07,
5816,1581,0.75,2006-11-30,
5816,1455,1.0,2005-01-07,
5817,1580,0.9,2006-11-30,
5817,1489,1.25,2005-01-07,
5817,502468,0.9,2012-08-17,
5818,1581,0.75,2006-11-30,
5818,1455,1.0,2005-01-07,
5818,1496,0.75,2012-08-17,
5819,1461,0.55,2005-03-18,
5819,1652,0.35,2007-01-08,
5820,1573,0.1,2016-10-28,
5821,1573,0.1,2016-10-28,
5822,1489,1.25,2006-12-11,
5823,1455,1.0,2006-12-11,
5824,1454,0.3,2006-12-06,
5825,1580,0.9,2006-11-30,
5825,1489,1.25,2005-01-31,
5826,1581,0.75,2006-11-30,
5826,1489,1.25,2005-01-31,
5827,1580,0.9,2006-11-30,
5827,1489,1.25,2005-01-31,
5828,1580,0.9,2006-11-30,
5828,1489,1.25,2005-01-31,
5829,1581,0.75,2006-11-30,
5829,1455,1.0,2005-01-31,
5830,1580,0.9,2006-11-30,
5831,1580,0.9,2006-11-30,
5831,1489,1.25,2005-01-31,
5832,1580,0.9,2007-02-02,
5832,1573,0.1,2016-10-28,
5833,1580,0.9,2006-11-30,
5833,1489,1.25,2005-01-31,
5834,1581,0.75,2006-11-30,
5834,1455,1.0,2005-02-10,
5835,1489,1.25,2006-12-11,
5836,1455,1.0,2006-12-11,
5837,1581,0.75,2006-11-30,
5837,1455,1.0,2005-02-10,
5838,1581,0.75,2006-11-30,
5838,1455,1.0,2005-02-09,
5839,1652,0.35,2007-01-08,
5839,1461,0.55,2005-03-18,
5840,1580,0.9,2006-11-29,
5840,1489,1.25,2005-02-09,
5841,1652,0.35,2007-01-08,
5841,1461,0.55,2005-03-18,
5842,1580,0.9,2006-11-29,
5842,1489,1.25,2005-02-09,
5843,1580,0.9,2006-11-29,
5843,1489,1.25,2005-02-10,
5844,1581,0.75,2006-11-30,
5844,1455,1.0,2005-02-10,
5845,1580,0.9,2006-11-29,
5845,1489,1.25,2005-02-10,
5846,1581,0.75,2006-11-30,
5846,1455,1.0,2005-02-10,
5847,1581,0.75,2006-11-30,
5847,1461,0.55,2016-09-12,
5848,1652,0.35,2007-01-08,
5848,1461,0.55,2005-03-18,
5849,1580,0.9,2006-11-29,
5849,1467,0.15,2016-08-25,
5850,1580,0.9,2006-11-29,
5850,1489,1.25,2005-03-02,
5851,1454,0.3,2005-02-16,
5851,1461,0.55,2005-02-16,
5852,341,0.59172,2005-03-16,
5852,415,1.47929,2005-03-16,
5852,1455,1.0,2005-03-16,
5852,196,0.29,2005-03-07,
5853,196,0.29,2005-03-16,
5853,341,0.59172,2005-03-16,
5853,415,1.4728999999999999,2005-03-16,
5853,1455,1.0,2005-03-16,
5854,196,0.29,2005-03-16,
5854,341,0.59172,2005-03-16,
5854,415,1.47929,2005-03-16,
5854,1455,1.0,2005-03-16,
5855,174,0.85,2005-03-07,
5856,174,0.85,2005-03-07,
5857,212,0.51,2005-03-16,
5857,641,0.7406,2008-04-22,
5858,212,0.55,2005-03-16,
5858,641,0.8035,2005-03-16,
5859,341,0.5748,2008-04-22,
5859,383,0.7184999999999999,2008-04-22,
5859,415,1.4369999999999998,2008-04-22,
5860,1457,1.4,2005-03-16,
5860,502480,8.53,2014-01-07,
5860,502505,1.07,2014-01-07,
5861,1457,1.4,2005-03-16,
5861,502480,8.53,2014-01-07,
5861,502505,1.07,2014-01-07,
5862,1457,1.4,2005-03-16,
5862,211,8.94,2014-01-07,
5862,502504,1.49,2014-01-07,
5863,1457,1.4,2005-03-16,
5863,211,8.94,2014-01-07,
5863,502504,1.49,2014-01-07,
5864,445,0.96,2005-03-16,
5864,336,1.6,2005-03-16,
5864,1455,1.0,2005-03-16,
5866,341,1.07354,2005-03-16,
5866,383,1.34193,2005-03-16,
5866,415,2.68385,2005-03-16,
5867,341,1.03978,2014-10-03,
5867,415,2.59946,2014-10-03,
5867,383,1.29973,2014-10-03,
5868,341,1.00597,2014-09-12,
5868,415,2.51492,2014-04-30,
5868,383,1.25746,2014-04-30,
5869,341,1.05664,2005-03-16,
5869,415,2.64159,2005-03-16,
5869,1607,1.95,2013-02-22,
5869,174,10.2731,2026-01-28,
5870,341,1.05664,2005-03-16,
5870,415,2.64159,2005-03-16,
5870,1607,1.95,2013-02-22,
5870,174,8.290259041,2026-01-28,
5871,1581,0.75,2006-11-30,
5871,1455,1.0,2005-03-17,
5872,1581,0.75,2006-11-30,
5872,1455,1.0,2005-03-17,
5873,1581,0.75,2006-11-30,
5873,1455,1.0,2005-03-17,
5874,1580,0.9,2006-11-30,
5874,1489,1.25,2005-03-16,
5875,1580,0.9,2006-11-30,
5875,1489,1.25,2005-03-17,
5876,1580,0.9,2006-11-30,
5876,1489,1.25,2005-03-17,
5877,1580,0.9,2006-11-30,
5877,1489,1.25,2005-03-17,
5879,1580,0.9,2006-11-30,
5879,1489,1.25,2005-03-16,
5881,1580,0.9,2006-11-30,
5881,1489,1.25,2005-03-16,
5882,1580,0.9,2006-11-30,
5882,1489,1.25,2005-03-17,
5883,1471,0.65,2016-08-16,
5884,1580,0.9,2006-11-30,
5884,1489,1.25,2016-08-25,
5884,1581,0.75,2012-09-07,
5885,1581,0.75,2006-11-30,
5885,1467,0.15,2016-08-25,
5886,1580,0.9,2006-11-29,
5886,1467,0.15,2016-08-25,
5886,1581,0.75,2012-09-07,
5887,1652,0.35,2007-01-08,
5887,1461,0.55,2005-03-18,
5888,1580,0.9,2006-11-30,
5888,1489,1.25,2005-03-17,
5889,1470,0.85,2016-08-17,
5890,1652,0.35,2007-01-08,
5890,1461,0.55,2005-03-17,
5891,1573,0.1,2005-03-17,
5892,1580,0.9,2006-11-30,
5892,1489,1.25,2005-03-17,
5893,1580,0.9,2006-11-30,
5893,1489,1.25,2005-03-17,
5894,1580,0.9,2006-11-30,
5894,1489,1.25,2005-03-17,
5895,1455,1.0,2005-03-17,
5896,1581,0.75,2006-11-30,
5896,1455,1.0,2005-03-17,
5896,1461,0.55,2013-02-21,
5897,1461,0.55,2013-02-21,
5898,1461,0.55,2016-09-12,
5899,1580,0.9,2006-11-30,
5899,1489,1.25,2005-03-17,
5900,1471,0.65,2016-08-17,
5901,1581,0.75,2006-11-30,
5901,1461,0.55,2005-03-17,
5902,1580,0.9,2006-11-30,
5902,1489,1.25,2005-03-17,
5903,1580,0.9,2006-11-30,
5903,1489,1.25,2005-03-17,
5904,1573,0.1,2005-03-17,
5905,1573,0.1,2016-10-28,
5906,1580,0.9,2006-11-30,
5906,1489,1.25,2005-03-17,
5907,1573,0.1,2005-03-18,
5908,1454,0.3,2011-09-15,
5909,1471,0.65,2011-05-05,
5910,502500,1.04,2013-10-22,
5910,502499,0.26,2013-10-22,
5910,502501,1.36,2013-10-22,
5910,1496,0.75,2016-08-03,
5911,160,0.7,2005-03-22,
5911,415,1.7328800000000002,2005-03-22,
5911,1457,1.4,2014-10-27,
5912,1581,0.75,2006-11-30,
5912,1455,1.0,2005-04-19,
5913,1580,0.9,2006-11-29,
5913,1489,1.25,2005-04-19,
5914,1581,0.75,2006-11-30,
5914,1455,1.0,2005-04-19,
5915,1581,0.75,2006-11-30,
5915,1455,1.0,2005-04-19,
5916,1457,1.4,2005-04-22,
5916,341,1.05376,2005-04-21,
5916,383,1.3172,2005-04-21,
5916,415,2.6344,2005-04-21,
5917,341,0.78191,2011-06-14,
5917,383,0.9773900000000001,2011-06-14,
5917,415,1.9547700000000001,2011-06-14,
5917,1457,1.4,2005-04-21,
5918,389,1.7907,2006-11-29,
5918,341,1.0232999999999999,2005-04-21,
5918,383,1.2790000000000001,2005-04-21,
5918,415,2.5582,2005-04-21,
5919,1580,0.9,2006-11-29,
5919,1489,1.25,2005-04-21,
5920,1602,2.15,2006-12-13,
5921,1652,0.35,2007-01-08,
5921,1461,0.55,2005-05-11,
5922,1581,0.75,2006-11-30,
5922,1455,1.0,2005-06-23,
5923,1652,0.35,2007-01-08,
5923,1461,0.55,2005-06-23,
5924,1581,0.75,2006-11-30,
5924,1461,0.55,2016-09-12,
5925,1581,0.75,2006-11-30,
5925,1467,0.15,2016-08-25,
5926,1581,0.75,2006-11-30,
5926,1455,1.0,2005-06-27,
5927,1580,0.9,2006-11-29,
5927,1489,1.25,2005-06-28,
5928,1580,0.9,2006-11-29,
5928,1467,0.15,2016-08-25,
5929,1652,0.35,2007-01-08,
5929,1461,0.55,2005-06-29,
5929,1496,0.75,2012-08-14,
5930,1652,0.35,2007-01-08,
5930,1455,1.0,2005-06-29,
5930,1496,0.75,2012-08-14,
5931,1581,0.75,2006-11-30,
5931,1455,1.0,2005-06-29,
5932,1580,0.9,2006-11-30,
5932,1489,1.25,2005-06-29,
5933,1581,0.75,2006-11-30,
5933,1455,1.0,2005-06-29,
5934,1580,0.9,2006-11-30,
5934,1489,1.25,2005-06-29,
5935,1581,0.75,2006-11-30,
5935,1455,1.0,2005-06-29,
5936,1471,0.65,2011-05-05,
5937,1471,0.65,2011-05-05,
5938,1457,1.4,2011-05-05,
5939,383,0.625,2008-07-17,
5939,1457,1.4,2011-05-05,
5940,1580,0.9,2006-11-30,
5940,1489,1.25,2005-06-29,
5943,1489,1.25,2006-06-13,
5943,1580,0.9,2011-09-14,
5944,1580,0.9,2006-11-29,
5944,1489,1.25,2006-06-14,
5944,502468,0.9,2012-08-16,
5945,1580,0.9,2006-11-29,
5945,1489,1.25,2006-06-14,
5945,502468,0.9,2012-08-16,
5946,1580,0.9,2006-11-29,
5946,1489,1.25,2006-06-14,
5946,502468,0.9,2012-08-16,
5948,341,0.5664,2006-09-19,
5948,415,1.416,2006-09-19,
5948,1581,0.75,2006-11-29,
5948,1455,1.0,2006-06-14,
5948,1496,0.75,2012-08-16,
5949,341,0.5664,2006-09-19,
5949,415,1.416,2006-09-19,
5949,1581,0.75,2006-11-29,
5949,1455,1.0,2006-06-14,
5949,1496,0.75,2012-08-16,
5950,1580,0.9,2006-11-29,
5950,1489,1.25,2006-06-14,
5950,502468,0.9,2012-08-16,
5952,1580,0.9,2006-11-29,
5952,1489,1.25,2006-06-14,
5952,502468,0.9,2012-08-16,
5955,341,0.5664,2006-09-19,
5955,415,1.416,2006-09-19,
5955,1581,0.75,2006-11-29,
5955,1455,1.0,2006-06-14,
5955,1496,0.75,2012-08-17,
5956,110,0.74,2006-03-15,
5956,617,0.82418,2006-03-15,
5956,1037,1.0302200000000001,2006-03-15,
5956,1038,2.0604400000000003,2006-03-15,
5956,1457,1.4,2006-03-15,
5957,341,0.5114,2008-04-28,
5957,383,0.6393,2008-04-28,
5957,415,1.2785,2008-04-28,
5957,1470,0.85,2006-03-15,
5958,371,0.45647,2006-03-15,
5958,971,0.57058,2006-03-15,
5958,979,1.14117,2006-03-15,
5958,1470,0.85,2006-03-15,
5959,371,0.61285,2008-04-28,
5959,971,0.76606,2008-04-28,
5959,979,1.53213,2008-04-28,
5959,1470,0.85,2006-03-15,
5960,343,0.36771,2006-03-15,
5960,1031,0.45964,2006-03-15,
5960,1032,0.91927,2006-03-15,
5960,1470,0.85,2006-03-15,
5961,398,0.25,2006-03-22,
5961,341,0.87494,2014-02-06,
5961,502519,0.23,2014-02-06,
5962,415,2.57819,2006-03-29,
5963,415,2.57819,2006-03-29,
5965,1581,0.75,2006-11-30,
5965,1461,0.55,2006-03-29,
5965,341,0.63398,2006-03-29,
5965,415,1.58495,2006-03-29,
5966,1580,0.9,2006-11-29,
5966,1489,1.25,2006-03-29,
5967,1581,0.75,2006-11-30,
5967,1455,1.0,2006-03-29,
5968,183,0.7,2006-03-29,
5968,867,1.5,2006-11-29,
5968,1579,0.6,2006-03-29,
5968,1580,0.9,2012-08-30,
5969,572,0.35,2006-04-06,
5969,1496,0.75,2006-04-06,
5970,304,0.33,2006-04-06,
5970,572,0.33,2006-04-06,
5970,1496,0.75,2006-04-06,
5971,304,0.33,2006-04-06,
5971,572,0.33,2006-04-06,
5971,1496,0.75,2006-04-06,
5972,572,0.33,2006-04-06,
5972,304,0.33,2006-04-06,
5972,1496,0.75,2006-04-06,
5973,1496,0.75,2006-03-30,
5973,1212,0.48,2006-03-30,
5974,801,0.01,2006-03-30,
5974,439,0.036000000000000004,2006-03-30,
5975,341,0.124,2020-02-27,
5975,439,0.006,2020-02-27,
5975,801,0.01,2006-03-30,
5975,385,0.019,2020-02-27,
5977,801,0.01,2006-03-30,
5978,439,0.043,2006-03-30,
5978,415,2.0709999999999997,2006-03-30,
5978,383,1.0354999999999999,2006-03-30,
5978,1481,0.04,2006-03-30,
5979,12,0.54,2006-04-06,
5980,428,0.3851,2011-06-13,
5981,1580,0.9,2006-11-29,
5981,1489,1.25,2006-06-14,
5982,341,0.5664,2006-09-19,
5982,415,1.416,2006-09-19,
5982,1581,0.75,2006-11-29,
5982,1455,1.0,2006-11-29,
5983,341,0.5664,2006-09-19,
5983,415,1.416,2006-09-19,
5983,1581,0.75,2006-11-29,
5983,1455,1.0,2006-06-14,
5983,1496,0.75,2012-08-17,
5984,341,0.5664,2006-09-19,
5984,415,1.416,2006-09-19,
5984,1581,0.75,2006-11-29,
5984,1455,1.0,2006-06-14,
5989,341,0.5664,2006-09-19,
5989,415,1.416,2006-09-19,
5989,1581,0.75,2006-11-29,
5989,1455,1.0,2006-06-14,
5990,341,0.5664,2006-09-19,
5990,415,1.416,2006-09-19,
5990,1581,0.75,2006-11-29,
5990,1455,1.0,2006-06-14,
5991,1580,0.9,2006-11-29,
5991,1489,1.25,2006-06-14,
5993,1580,0.9,2006-11-29,
5993,1489,1.25,2006-06-14,
5994,341,0.5664,2006-09-19,
5994,415,1.416,2006-09-19,
5994,1581,0.75,2006-11-29,
5994,1455,1.0,2006-06-14,
5996,341,0.5664,2006-09-19,
5996,415,1.416,2006-09-19,
5996,1581,0.75,2006-11-29,
5996,1455,1.0,2006-06-14,
5997,1580,0.9,2006-11-29,
5997,1489,1.25,2006-06-14,
5999,1580,0.9,2006-11-29,
5999,1489,1.25,2006-06-14,
6000,341,0.5664,2006-09-19,
6000,415,1.416,2006-09-19,
6000,1581,0.75,2006-11-29,
6000,1455,1.0,2006-06-14,
6002,341,0.5664,2006-09-19,
6002,415,1.416,2006-09-19,
6002,1581,0.75,2006-11-29,
6002,1455,1.0,2006-06-14,
6018,1573,0.1,2006-06-14,
6019,1573,0.1,2006-06-14,
6020,1580,0.9,2006-11-29,
6020,1489,1.25,2006-06-14,
6022,1580,0.9,2006-11-29,
6022,1489,1.25,2006-06-14,
6023,341,0.5664,2006-09-19,
6023,415,1.416,2006-09-19,
6023,1581,0.75,2006-11-29,
6023,1455,1.0,2006-06-14,
6025,341,0.5664,2006-09-19,
6025,415,1.416,2006-09-19,
6025,1581,0.75,2006-11-29,
6025,1455,1.0,2006-06-14,
6026,1580,0.9,2006-11-29,
6026,1489,1.25,2006-06-14,
6028,1580,0.9,2006-11-29,
6028,1489,1.25,2006-06-14,
6029,341,0.5664,2006-09-19,
6029,415,1.416,2006-09-19,
6029,1581,0.75,2006-11-29,
6029,1455,1.0,2006-06-14,
6031,341,0.5664,2006-09-19,
6031,415,1.416,2006-09-19,
6031,1581,0.75,2006-11-29,
6031,1455,1.0,2006-06-14,
6032,1580,0.9,2006-11-29,
6032,1489,1.25,2006-06-14,
6033,1580,0.9,2006-11-29,
6033,1489,1.25,2006-06-14,
6034,1580,0.9,2006-11-29,
6034,1489,1.25,2006-06-14,
6035,341,0.5664,2006-09-19,
6035,415,1.416,2006-09-19,
6035,1581,0.75,2006-11-29,
6035,1455,1.0,2006-06-14,
6036,341,0.5664,2006-09-19,
6036,415,1.416,2006-09-19,
6036,1581,0.75,2006-11-29,
6036,1455,1.0,2006-06-14,
6037,341,0.5664,2006-09-19,
6037,415,1.416,2006-09-19,
6037,1581,0.75,2006-11-29,
6037,1455,1.0,2006-06-14,
6038,368,0.47759,2006-03-28,
6038,977,1.19399,2006-03-28,
6038,348,0.5579,2006-03-28,
6038,976,1.39476,2006-03-28,
6038,990,0.5,2006-03-28,
6038,1454,0.3,2006-03-28,
6038,358,1.0312999999999999,2019-10-22,
6039,1580,0.9,2006-11-29,
6039,1489,1.25,2006-06-14,
6040,1580,0.9,2006-11-29,
6040,1489,1.25,2006-06-14,
6041,1580,0.9,2006-11-29,
6041,1489,1.25,2006-06-14,
6042,341,0.5664,2006-09-19,
6042,415,1.416,2006-09-19,
6042,1581,0.75,2006-11-29,
6042,1455,1.0,2006-06-14,
6043,341,0.5664,2006-09-19,
6043,415,1.416,2006-09-19,
6043,1581,0.75,2006-11-29,
6043,1455,1.0,2006-06-14,
6044,341,0.5664,2006-09-19,
6044,415,1.416,2006-09-19,
6044,1581,0.75,2006-11-29,
6044,1455,1.0,2006-06-14,
6045,1580,0.9,2006-11-29,
6045,1489,1.25,2006-06-14,
6046,1489,1.25,2006-06-14,
6046,502468,0.9,2012-08-17,
6048,341,0.5664,2006-09-19,
6048,415,1.416,2006-09-19,
6048,1581,0.75,2006-11-29,
6048,1455,1.0,2006-06-14,
6049,341,0.5664,2006-09-19,
6049,415,1.416,2006-09-19,
6049,1455,1.0,2006-06-14,
6049,1496,0.75,2012-08-17,
6050,341,0.5664,2006-09-19,
6050,415,1.416,2006-09-19,
6050,1581,0.75,2006-11-29,
6050,1455,1.0,2006-06-14,
6061,1489,1.25,2006-06-14,
6061,502468,0.9,2012-08-17,
6062,1489,1.25,2006-06-14,
6062,502468,0.9,2012-08-17,
6064,341,0.5664,2006-09-19,
6064,415,1.416,2006-09-19,
6064,1455,1.0,2006-06-14,
6064,1496,0.75,2012-08-17,
6065,341,0.5664,2006-09-19,
6065,415,1.416,2006-09-19,
6065,1455,1.0,2006-06-14,
6065,1496,0.75,2012-08-17,
6066,1489,1.25,2006-06-14,
6066,502468,0.9,2012-08-17,
6068,1489,1.25,2006-06-14,
6068,502468,0.9,2012-08-17,
6069,341,0.5664,2006-09-19,
6069,415,1.416,2006-09-19,
6069,1455,1.0,2006-06-14,
6069,1496,0.75,2012-08-17,
6071,341,0.5664,2006-09-19,
6071,415,1.416,2006-09-19,
6071,1455,1.0,2006-06-14,
6071,1496,0.75,2012-08-17,
6078,1489,1.25,2006-06-14,
6078,502468,0.9,2012-08-17,
6079,1489,1.25,2006-06-14,
6079,502468,0.9,2012-08-17,
6081,341,0.5664,2006-09-19,
6081,415,1.416,2006-09-19,
6081,1455,1.0,2006-06-14,
6081,1496,0.75,2012-08-17,
6082,341,0.5664,2006-09-19,
6082,415,1.416,2006-09-19,
6082,1455,1.0,2006-06-14,
6082,1496,0.75,2012-08-17,
6089,1580,0.9,2006-11-29,
6089,1489,1.25,2006-06-14,
6090,1580,0.9,2006-11-29,
6090,1489,1.25,2006-06-14,
6091,1580,0.9,2006-11-29,
6091,1489,1.25,2006-06-14,
6092,341,0.5664,2006-09-19,
6092,415,1.416,2006-09-19,
6092,1581,0.75,2006-11-29,
6092,1455,1.0,2006-06-14,
6093,341,0.5664,2006-09-19,
6093,415,1.416,2006-09-19,
6093,1581,0.75,2006-11-29,
6093,1455,1.0,2006-06-14,
6094,341,0.5664,2006-09-19,
6094,415,1.416,2006-09-19,
6094,1581,0.75,2006-11-29,
6094,1455,1.0,2006-06-14,
6095,1580,0.9,2006-11-29,
6095,1489,1.25,2006-06-14,
6098,341,0.5664,2006-09-19,
6098,415,1.416,2006-09-19,
6098,1581,0.75,2006-11-29,
6098,1455,1.0,2006-06-14,
6102,1489,1.25,2006-06-14,
6102,502468,0.9,2012-08-17,
6105,341,0.5664,2006-09-19,
6105,415,1.416,2006-09-19,
6105,1455,1.0,2006-06-14,
6105,1496,0.75,2012-08-17,
6107,1580,0.9,2006-11-29,
6107,1489,1.25,2006-06-14,
6108,1489,1.25,2006-06-14,
6108,502468,0.9,2012-08-17,
6109,1580,0.9,2006-11-29,
6109,1489,1.25,2006-06-14,
6110,341,0.5664,2006-09-19,
6110,415,1.416,2006-09-19,
6110,1581,0.75,2006-11-29,
6110,1455,1.0,2006-06-14,
6111,341,0.5664,2006-09-19,
6111,415,1.416,2006-09-19,
6111,1455,1.0,2006-06-14,
6111,1496,0.75,2012-08-17,
6112,341,0.5664,2006-09-19,
6112,415,1.416,2006-09-19,
6112,1581,0.75,2006-11-29,
6112,1455,1.0,2006-06-14,
6114,1489,1.25,2006-06-14,
6114,502468,0.9,2012-08-17,
6115,1489,1.25,2006-06-13,
6115,502468,0.9,2012-08-17,
6117,341,0.5664,2006-09-19,
6117,415,1.416,2006-09-19,
6117,1455,1.0,2006-06-13,
6117,1496,0.75,2012-08-17,
6118,341,0.5664,2006-09-19,
6118,415,1.416,2006-09-19,
6118,1455,1.0,2006-06-13,
6118,1496,0.75,2012-08-17,
6119,1580,0.9,2006-11-29,
6119,1455,1.0,2014-07-04,
6120,341,0.52832,2006-06-21,
6120,415,1.3207900000000001,2006-06-21,
6120,1581,0.75,2006-11-29,
6120,1579,0.6,2006-06-21,
6121,1455,1.0,2006-06-21,
6121,1580,0.9,2012-08-14,
6122,341,0.52832,2006-06-21,
6122,415,1.3207900000000001,2006-06-21,
6122,1579,0.6,2006-06-21,
6122,1496,0.75,2012-08-14,
6123,1580,0.9,2006-11-29,
6123,1489,1.25,2006-06-13,
6125,1580,0.9,2006-11-29,
6125,1489,1.25,2006-06-13,
6126,341,0.5664,2006-09-19,
6126,415,1.416,2006-09-19,
6126,1581,0.75,2006-11-29,
6126,1455,1.0,2006-06-13,
6128,341,0.5664,2006-09-19,
6128,415,1.416,2006-09-19,
6128,1581,0.75,2006-11-29,
6128,1455,1.0,2006-06-13,
6129,1580,0.9,2006-11-29,
6129,1489,1.25,2006-06-13,
6131,1580,0.9,2006-11-29,
6131,1489,1.25,2006-06-13,
6132,341,0.5664,2006-09-19,
6132,415,1.416,2006-09-19,
6132,1581,0.75,2006-11-29,
6132,1455,1.0,2006-06-13,
6134,341,0.5664,2006-09-19,
6134,415,1.416,2006-09-19,
6134,1581,0.75,2006-11-29,
6134,1455,1.0,2006-06-13,
6137,1580,0.9,2006-11-29,
6137,1489,1.25,2006-06-13,
6140,341,0.5664,2006-09-19,
6140,415,1.416,2006-09-19,
6140,1581,0.75,2006-11-29,
6140,1455,1.0,2006-06-13,
6142,1580,0.9,2006-11-29,
6142,1489,1.25,2006-06-13,
6143,1580,0.9,2006-11-29,
6143,1489,1.25,2006-06-13,
6144,341,0.5664,2006-09-19,
6144,415,1.416,2006-09-19,
6144,1581,0.75,2006-11-29,
6144,1455,1.0,2006-06-13,
6145,341,0.5664,2006-09-19,
6145,415,1.416,2006-09-19,
6145,1581,0.75,2006-11-29,
6145,1455,1.0,2006-06-13,
6146,415,1.416,2006-09-19,
6146,341,0.5664,2006-09-19,
6146,1581,0.75,2006-11-29,
6146,1455,1.0,2006-06-13,
6147,1489,1.25,2006-06-02,
6147,502468,0.9,2012-08-17,
6149,1489,1.25,2006-06-02,
6149,502468,0.9,2012-08-17,
6150,341,0.5664,2006-09-19,
6150,415,1.416,2006-09-19,
6150,1455,1.0,2006-06-02,
6150,1496,0.75,2012-08-17,
6152,341,0.5664,2006-09-19,
6152,415,1.416,2006-09-19,
6152,1455,1.0,2006-06-02,
6152,1496,0.75,2012-08-17,
6156,415,1.416,2006-09-19,
6156,1455,1.0,2006-06-23,
6156,341,0.5664,2006-09-19,
6156,1496,0.75,2012-08-17,
6159,1489,1.25,2006-07-12,
6159,502468,0.9,2012-08-14,
6160,1455,1.0,2006-07-12,
6160,1122,0.5664,2006-08-30,
6160,1124,1.416,2006-08-30,
6160,1496,0.75,2012-08-14,
6161,1489,1.25,2006-11-29,
6161,502468,0.9,2012-08-14,
6162,1455,1.0,2006-07-12,
6162,1122,0.5664,2006-08-30,
6162,1124,1.416,2006-08-30,
6162,1496,0.75,2012-08-14,
6169,1580,0.9,2006-11-29,
6169,1489,1.25,2006-09-19,
6169,502468,0.9,2012-08-17,
6172,1581,0.75,2006-11-29,
6172,1455,1.0,2006-09-19,
6172,341,0.5664,2006-09-19,
6172,415,1.416,2006-09-19,
6172,1496,0.75,2012-08-17,
6175,428,0.40576,2014-02-19,
6175,341,1.3525399999999999,2014-02-19,
6175,385,0.20888,2014-02-19,
6175,383,1.6906700000000001,2014-02-19,
6175,415,3.38135,2014-02-19,
6176,1481,0.4,2006-12-18,
6177,1494,0.2,2006-12-18,
6178,1456,0.4,2006-12-18,
6179,1580,0.9,2006-11-30,
6179,1489,1.25,2006-11-15,
6180,867,0.2,2011-05-03,
6180,1454,0.3,2011-05-03,
6181,867,0.2,2006-11-29,
6181,1467,0.15,2011-04-07,
6182,867,0.2,2006-11-29,
6182,1467,0.15,2011-04-07,
6183,867,0.2,2006-11-29,
6183,1467,0.15,2011-04-07,
6184,867,0.2,2009-11-30,
6184,1454,0.3,2011-05-06,
6185,1601,0.45,2011-04-18,
6185,1494,0.2,2012-08-31,
6186,341,0.50596,2010-10-25,
6186,415,1.2573999999999999,2010-10-25,
6186,1454,0.3,2010-10-25,
6186,867,0.2,2011-04-27,
6187,1454,0.3,2011-04-27,
6187,867,0.2,2011-04-27,
6188,1454,0.3,2009-04-21,
6188,867,0.2,2009-12-22,
6189,867,0.2,2010-01-26,
6189,1454,0.3,2011-05-06,
6190,341,0.51141,2010-10-25,
6190,415,1.27853,2010-10-25,
6190,1454,0.3,2010-10-25,
6190,867,0.2,2011-04-18,
6191,341,0.73542,2011-05-05,
6191,383,0.9193000000000001,2011-06-13,
6191,415,1.8386000000000002,2011-06-13,
6191,1601,0.45,2011-05-06,
6191,1494,0.2,2012-08-31,
6192,1454,0.3,2011-04-18,
6192,867,0.2,2011-04-18,
6193,1601,0.45,2011-05-05,
6193,341,0.81572,2011-05-05,
6193,383,1.01965,2011-05-05,
6193,415,2.03931,2011-05-05,
6193,1494,0.2,2012-08-31,
6194,1663,0.18,2007-06-11,
6194,1494,0.2,2007-06-11,
6194,569,0.015,2006-11-23,
6194,231,0.045,2006-11-23,
6194,1541,0.27,2012-08-31,
6195,439,0.05102,2006-12-13,
6195,385,0.15101,2006-12-13,
6195,415,2.52536,2006-12-13,
6195,383,1.26268,2006-12-13,
6195,341,1.01014,2006-12-13,
6196,439,0.05408,2006-12-13,
6196,385,0.16216,2006-12-13,
6196,415,2.69442,2006-12-13,
6196,383,1.34721,2006-12-13,
6196,341,1.0777700000000001,2006-12-13,
6197,341,1.06509,2006-12-13,
6197,383,1.3313599999999999,2006-12-13,
6197,415,2.6627199999999998,2006-12-13,
6197,640,0.63905,2006-12-13,
6199,428,0.3042,2008-05-06,
6199,341,1.014,2008-05-06,
6199,415,2.5338,2008-05-06,
6203,415,2.63102,2006-12-13,
6203,383,1.31551,2006-12-13,
6203,341,1.05241,2006-12-13,
6204,415,2.65215,2006-12-13,
6204,383,1.32607,2006-12-13,
6204,341,1.06086,2006-12-13,
6205,415,2.65215,2006-12-13,
6205,383,1.32607,2006-12-13,
6205,341,1.06086,2006-12-13,
6206,1461,0.55,2006-12-13,
6206,1496,0.75,2012-08-14,
6207,1461,0.55,2006-12-13,
6207,348,0.59172,2006-12-13,
6207,976,1.47929,2006-12-13,
6207,1496,0.75,2012-08-14,
6208,1461,0.55,2006-12-13,
6208,348,0.59172,2006-12-13,
6208,976,1.47929,2006-12-13,
6208,1496,0.75,2012-08-14,
6209,1461,0.55,2006-12-13,
6209,348,0.59172,2006-12-13,
6209,976,1.47929,2006-12-13,
6209,1496,0.75,2012-08-14,
6210,1461,0.55,2006-12-13,
6210,348,0.59172,2006-12-13,
6210,976,1.47929,2006-12-13,
6210,1496,0.75,2012-08-14,
6211,1461,0.55,2006-12-13,
6211,976,1.47929,2008-03-10,
6211,348,0.59172,2008-03-10,
6211,1496,0.75,2012-08-14,
6212,1461,0.55,2006-12-13,
6212,976,1.47929,2006-12-13,
6212,348,0.59172,2006-12-13,
6212,1496,0.75,2012-08-14,
6213,1461,0.55,2006-12-13,
6213,976,1.47929,2006-12-13,
6213,348,0.59172,2006-12-13,
6213,1496,0.75,2012-08-14,
6214,1461,0.55,2006-12-13,
6214,976,1.4972900000000002,2006-12-13,
6214,348,0.59172,2006-12-13,
6214,1496,0.75,2012-08-14,
6215,1461,0.55,2006-12-13,
6215,976,1.47929,2006-12-13,
6215,348,0.59172,2006-12-13,
6215,1496,0.75,2012-08-14,
6216,1461,0.55,2006-12-13,
6216,976,1.47929,2006-12-13,
6216,348,0.59172,2006-12-13,
6216,1496,0.75,2012-08-14,
6217,415,1.24683,2006-12-13,
6217,383,0.62342,2006-12-13,
6217,341,0.49872999999999995,2006-12-13,
6217,1470,0.85,2006-12-13,
6218,415,1.6377899999999999,2006-12-13,
6218,383,0.81889,2006-12-13,
6218,341,0.65511,2006-12-13,
6218,1470,0.85,2006-12-13,
6218,389,1.146,2007-08-31,
6219,1470,0.85,2006-12-14,
6219,196,0.011000000000000001,2006-12-14,
6219,415,0.7290800000000001,2006-12-14,
6219,383,0.36454000000000003,2006-12-14,
6219,341,0.29163,2006-12-14,
6220,1467,0.15,2006-12-14,
6220,385,0.16219999999999998,2008-06-04,
6220,428,0.3243,2008-06-04,
6220,415,2.7026999999999997,2008-06-04,
6220,341,1.0811,2008-06-04,
6221,1461,0.55,2006-12-14,
6221,178,0.53,2014-02-12,
6221,1558,0.265,2014-02-12,
6222,1461,0.55,2006-12-14,
6222,12,0.55,2006-12-14,
6222,1558,0.26,2006-12-14,
6223,341,1.29332,2006-12-14,
6223,383,1.61665,2006-12-14,
6223,415,3.2333100000000004,2006-12-14,
6224,196,0.16,2006-12-14,
6224,1456,0.4,2006-12-14,
6225,1467,0.15,2006-12-14,
6225,196,0.11,2006-12-14,
6226,341,1.19189,2006-12-14,
6226,383,1.48986,2006-12-14,
6226,415,2.97971,2006-12-14,
6227,415,4.26902,2014-02-12,
6227,383,2.13451,2014-02-12,
6227,341,1.7076099999999999,2014-02-12,
6228,415,2.9797000000000002,2008-04-22,
6228,383,1.4899,2008-04-22,
6228,341,1.192,2008-04-22,
6228,1489,1.25,2006-12-14,
6229,1467,0.15,2006-12-14,
6229,196,0.39,2006-12-14,
6230,1456,0.4,2006-12-14,
6230,12,0.5,2006-12-14,
6231,196,0.12,2006-12-14,
6231,1456,0.4,2006-12-14,
6232,1467,0.15,2006-12-14,
6232,196,0.15,2006-12-14,
6233,1467,0.15,2006-12-14,
6233,196,0.12,2006-12-14,
6234,1467,0.15,2006-12-14,
6234,196,0.11,2006-12-14,
6235,1461,0.55,2006-12-15,
6235,178,0.25,2006-12-15,
6236,1457,1.4,2006-12-15,
6236,27,3.84,2006-12-15,
6237,1457,1.4,2006-12-15,
6237,27,2.47,2006-12-15,
6238,1457,1.4,2006-12-15,
6238,27,1.71,2006-12-15,
6239,1457,1.4,2006-12-15,
6239,27,2.18,2006-12-15,
6240,1457,1.4,2006-12-15,
6240,27,2.05,2006-12-15,
6242,1457,1.4,2006-12-15,
6242,27,1.73,2006-12-15,
6243,1457,1.4,2006-12-15,
6243,27,2.8,2006-12-15,
6244,1457,1.4,2006-12-15,
6244,27,2.66,2006-12-15,
6245,1457,1.4,2006-12-15,
6245,27,1.99,2006-12-15,
6246,1457,1.4,2006-12-15,
6246,27,3.55,2006-12-15,
6247,1457,1.4,2006-12-15,
6247,27,2.19,2006-12-15,
6248,1581,0.75,2010-01-06,
6248,445,0.92,2006-12-15,
6248,196,0.15333,2006-12-15,
6249,1457,1.4,2006-12-15,
6249,233,1.91,2006-12-15,
6250,1457,1.4,2006-12-15,
6250,233,2.19,2006-12-15,
6251,1457,1.5,2006-12-15,
6251,233,2.17,2006-12-15,
6252,415,2.37755,2014-02-19,
6252,1607,1.95,2013-02-22,
6252,341,0.9510200000000001,2014-02-19,
6252,383,1.18878,2014-02-19,
6253,1457,1.4,2006-12-15,
6253,1649,1.43,2006-12-15,
6254,1457,1.4,2006-12-15,
6254,1649,1.29,2014-04-30,
6255,990,0.5,2006-12-15,
6255,341,0.03212,2011-05-10,
6255,415,0.0803,2011-05-10,
6255,1353,0.1606,2011-05-10,
6257,990,0.5,2006-12-15,
6257,1454,0.3,2012-08-30,
6258,990,0.5,2006-12-15,
6258,502469,0.315,2012-08-31,
6259,415,1.29966,2006-12-14,
6259,383,0.64983,2006-12-14,
6259,341,0.51986,2006-12-14,
6259,1457,1.4,2006-12-14,
6260,383,0.5917,2008-07-17,
6260,1457,1.4,2006-12-14,
6261,1652,0.35,2007-01-08,
6261,1461,0.55,2012-04-27,
6262,1581,0.75,2006-12-15,
6262,1461,0.55,2006-12-15,
6262,1146,1.39476,2006-12-15,
6262,363,0.5579,2006-12-15,
6263,867,0.2,2006-12-14,
6263,1601,0.45,2006-12-14,
6264,1652,0.35,2007-01-08,
6264,1461,0.55,2012-04-27,
6265,1461,0.55,2006-12-15,
6265,502500,1.04,2013-10-22,
6265,1652,0.35,2012-08-30,
6265,502499,0.26,2013-10-22,
6265,502501,1.36,2013-10-22,
6266,1470,0.85,2006-12-14,
6267,1470,0.85,2006-12-14,
6268,990,0.5,2006-12-14,
6268,867,0.2,2006-12-14,
6275,867,0.2,2006-12-18,
6275,1454,0.3,2006-12-18,
6276,867,0.3,2006-12-18,
6276,1456,0.4,2006-12-18,
6278,1658,0.30010000000000003,2007-05-23,
6278,1659,0.37511000000000005,2007-05-23,
6278,1660,0.75021,2007-05-23,
6278,499,0.11,2007-05-23,
6278,1471,0.65,2011-05-05,
6279,563,1.14,2007-05-23,
6279,1470,0.85,2011-05-05,
6280,1470,0.85,2011-05-05,
6281,439,0.0623,2007-06-20,
6281,385,0.1869,2007-06-20,
6282,439,0.0623,2007-06-20,
6282,385,0.1869,2007-06-20,
6283,439,0.05655,2007-06-20,
6283,385,0.16965,2007-06-20,
6284,439,0.05655,2007-06-20,
6284,385,0.16965,2007-06-20,
6285,1580,0.9,2007-06-22,
6285,1489,1.25,2011-05-05,
6286,1581,0.75,2007-06-21,
6286,415,1.416,2008-04-16,
6286,383,0.708,2008-04-16,
6286,1455,1.0,2007-06-21,
6287,383,1.28381,2009-06-04,
6287,341,1.02705,2007-06-25,
6287,415,2.56762,2007-06-25,
6288,1581,0.75,2010-03-26,
6288,1455,1.0,2010-03-26,
6289,341,1.04904,2007-06-26,
6289,640,0.62942,2007-06-26,
6289,428,0.31471,2007-06-26,
6289,385,0.15736,2007-06-26,
6289,1467,0.15,2007-06-26,
6291,341,0.94164,2007-06-28,
6291,383,1.17705,2007-06-28,
6291,415,2.3541,2007-06-28,
6291,413,1.88328,2007-06-28,
6291,987,1.75,2007-06-28,
6291,389,1.6478700000000002,2007-06-28,
6292,49,0.12,2007-06-28,
6292,1525,0.24,2007-06-28,
6292,1454,0.3,2011-05-06,
6298,134,0.28,2007-06-29,
6298,341,0.54945,2007-06-29,
6298,383,0.6868099999999999,2007-06-29,
6298,415,1.37363,2007-06-29,
6298,1454,0.3,2011-05-05,
6303,429,0.55,2007-07-23,
6303,1454,0.3,2011-04-15,
6304,1470,0.85,2007-09-14,
6304,341,0.3085,2008-04-17,
6304,383,0.3857,2008-04-17,
6304,415,0.7868,2008-04-17,
6306,1454,0.3,2008-04-16,
6306,1496,0.75,2012-08-14,
6306,245,0.147,2014-01-03,
6308,385,0.0634,2008-06-23,
6308,640,0.25359000000000004,2008-06-23,
6308,383,0.52832,2008-06-23,
6308,990,0.5,2008-06-23,
6308,1467,0.15,2008-06-23,
6309,415,2.23592,2008-06-25,
6309,383,1.26796,2008-06-25,
6309,385,0.15216,2008-06-25,
6310,1576,0.02,2008-06-25,
6310,385,0.09594,2008-06-25,
6310,640,0.23838,2008-06-25,
6311,1454,0.3,2008-06-23,
6311,977,1.19399,2008-06-23,
6311,368,0.47759,2008-06-23,
6311,976,1.39476,2008-06-23,
6311,348,0.5579,2008-06-23,
6311,245,0.28,2008-06-23,
6311,990,0.5,2012-08-28,
6312,439,0.02891,2014-09-11,
6312,1484,0.005,2008-06-24,
6312,385,0.0867,2014-09-11,
6312,341,0.5782,2014-09-11,
6313,428,0.3041,2009-09-03,
6313,385,0.152,2009-09-03,
6316,1455,1.0,2008-06-26,
6316,502468,0.9,2012-08-14,
6317,183,0.75,2008-06-26,
6317,1579,0.6,2008-06-26,
6319,1455,1.0,2008-06-30,
6319,341,0.59171,2008-06-26,
6319,415,1.47929,2008-06-26,
6320,1489,1.25,2008-06-26,
6320,196,0.15,2016-06-06,
6321,383,1.37363,2009-10-16,
6321,415,2.74725,2009-10-16,
6321,640,0.6593399999999999,2009-10-16,
6322,383,1.37363,2009-10-16,
6322,415,2.74725,2009-10-16,
6322,640,0.6593399999999999,2009-10-16,
6323,415,2.6391500000000003,2014-12-03,
6323,383,1.31958,2014-12-03,
6323,341,1.05566,2014-12-03,
6324,415,2.58465,2014-12-05,
6324,383,1.29233,2014-12-05,
6324,341,1.03386,2014-12-05,
6325,383,1.37363,2009-10-16,
6325,415,2.74725,2009-10-16,
6325,640,0.6593399999999999,2009-10-16,
6326,12,0.42,2008-06-26,
6326,1456,0.4,2008-06-26,
6327,415,2.50422,2008-06-24,
6327,341,1.002,2009-04-21,
6327,383,1.25211,2009-04-21,
6328,415,2.6099,2008-06-26,
6329,415,2.58,2022-09-16,
6329,383,1.29,2022-09-16,
6329,341,1.032,2022-09-16,
6330,415,2.509,2022-09-16,
6330,383,1.254,2022-09-16,
6330,341,1.003,2022-09-16,
6331,415,2.56762,2008-06-24,
6331,383,1.28381,2008-06-24,
6332,415,2.53,2022-09-16,
6332,383,1.265,2022-09-16,
6332,341,1.012,2022-09-16,
6333,164,0.71,2008-06-24,
6333,1546,0.355,2008-06-26,
6333,1461,0.55,2015-07-03,
6334,383,0.69743,2020-06-01,
6334,415,1.3948500000000001,2020-06-01,
6334,341,0.55794,2020-06-01,
6335,383,0.30641999999999997,2008-06-24,
6335,415,0.61285,2008-06-24,
6335,341,0.24514,2008-06-26,
6336,415,1.8174100000000002,2008-06-24,
6336,383,0.9087099999999999,2008-06-24,
6336,1457,1.4,2008-06-26,
6337,415,2.04987,2008-06-24,
6337,383,1.02494,2008-06-24,
6337,1457,1.4,2008-06-26,
6338,415,2.6626999999999996,2008-06-24,
6338,383,1.3314,2008-06-24,
6338,1457,1.4,2008-06-26,
6339,233,2.19,2008-06-24,
6339,1457,1.4,2008-06-26,
6340,415,2.5888,2008-06-26,
6340,383,1.2943799999999999,2008-06-26,
6340,341,1.0354999999999999,2008-06-26,
6341,383,1.25211,2008-06-26,
6341,415,2.50422,2008-06-26,
6341,341,1.00169,2008-06-26,
6342,1649,1.19,2008-06-24,
6342,1457,1.4,2008-06-25,
6343,1649,1.16,2008-06-24,
6343,1457,1.4,2008-06-25,
6344,227,0.85,2008-06-24,
6344,1461,0.55,2008-06-25,
6345,227,0.8,2008-06-24,
6345,1461,0.55,2008-06-25,
6346,227,0.78,2008-06-24,
6346,1461,0.55,2008-06-25,
6347,415,2.388,2008-06-24,
6347,383,1.194,2008-06-24,
6347,1607,1.95,2013-02-22,
6347,174,7.252963333,2026-01-28,
6348,990,0.5,2008-06-25,
6348,415,0.08348000000000001,2014-04-30,
6348,383,0.041740000000000006,2014-04-30,
6348,341,0.03339,2014-04-30,
6349,160,1.15,2008-06-24,
6349,139,1.43,2008-06-24,
6349,415,0.47548999999999997,2008-06-25,
6349,990,0.5,2008-06-25,
6349,553,0.62,2008-06-26,
6349,1601,0.45,2012-08-30,
6350,332,0.18,2008-06-25,
6350,990,0.5,2008-06-25,
6350,415,0.40152,2008-06-25,
6350,502469,0.27,2012-08-31,
6351,1470,0.85,2008-06-26,
6351,243,0.19,2017-01-05,
6352,1457,1.4,2008-06-26,
6353,341,1.03128,2008-10-23,
6353,415,2.57819,2008-10-23,
6353,990,0.5,2012-08-09,
6354,49,0.12,2008-12-02,
6354,1525,0.24,2008-12-02,
6354,1454,0.3,2008-12-02,
6355,49,0.12,2008-12-02,
6355,624,0.24,2008-12-02,
6355,1454,0.3,2008-12-02,
6356,415,0.40152,2009-03-25,
6356,341,0.16061,2009-03-25,
6356,1454,0.3,2009-03-25,
6356,867,0.3,2010-01-12,
6357,160,0.12,2009-03-25,
6357,1470,0.85,2009-03-25,
6357,1669,0.48,2009-11-26,
6358,341,0.71006,2009-03-25,
6358,383,0.8875700000000001,2009-03-25,
6358,415,1.7751400000000002,2009-03-25,
6358,1470,0.85,2011-05-05,
6359,341,1.03128,2009-03-25,
6359,383,1.2891,2009-03-25,
6359,415,2.57819,2009-03-25,
6360,431,0.6,2009-03-26,
6360,1472,0.9,2009-03-26,
6360,278,0.15,2009-03-26,
6360,341,0.76078,2009-03-26,
6360,415,1.90194,2009-03-26,
6360,1470,0.85,2009-03-26,
6360,383,0.9501000000000001,2009-03-26,
6361,341,0.76078,2009-03-26,
6361,383,0.9501000000000001,2009-03-26,
6361,415,1.90194,2009-03-26,
6361,431,0.6,2009-03-26,
6361,278,0.15,2009-03-26,
6361,1472,0.9,2009-03-26,
6361,1470,0.85,2009-03-26,
6362,341,0.24514,2009-03-26,
6362,383,0.30641999999999997,2009-03-26,
6362,415,0.61285,2009-03-26,
6362,1470,0.85,2009-03-26,
6363,363,0.52409,2009-03-26,
6363,1145,0.65511,2009-03-26,
6363,1146,1.31023,2009-03-26,
6363,1470,0.85,2009-03-26,
6364,243,1.44,2009-03-26,
6364,363,0.50719,2009-03-26,
6364,1145,0.63398,2009-03-26,
6364,1146,1.26796,2009-03-26,
6364,1470,0.85,2009-03-26,
6365,341,0.7481,2009-03-26,
6365,383,0.93512,2009-03-26,
6365,389,1.3092,2009-03-26,
6365,415,1.8702,2009-03-26,
6366,341,0.7481,2009-03-26,
6366,383,0.93512,2009-03-26,
6366,389,1.3092,2009-03-26,
6366,415,1.8702,2009-03-26,
6367,341,0.77768,2009-03-26,
6367,415,1.9442,2009-03-26,
6367,1455,1.0,2009-03-26,
6368,383,0.93513,2014-09-12,
6368,341,0.7481,2014-09-12,
6368,1470,0.85,2009-03-26,
6368,415,1.87025,2014-09-12,
6369,341,0.7692700000000001,2014-09-12,
6369,415,1.9231800000000001,2014-09-12,
6369,383,0.9615900000000001,2014-09-12,
6369,1471,0.65,2009-03-26,
6370,341,0.7312000000000001,2009-03-26,
6370,383,0.914,2009-03-26,
6370,415,1.8281,2009-03-26,
6370,1470,0.85,2009-03-26,
6371,341,0.72277,2014-09-12,
6371,383,0.90346,2014-09-12,
6371,415,1.8069300000000001,2014-09-12,
6371,1470,0.85,2009-03-26,
6372,341,0.6594,2009-03-26,
6372,383,0.8242,2009-03-26,
6372,415,1.6484,2009-03-26,
6372,1234,0.62,2009-03-26,
6373,341,1.0144,2009-04-22,
6373,383,1.2679,2009-04-22,
6373,415,2.5359,2009-04-22,
6374,867,2.68,2009-03-26,
6374,1607,1.95,2009-03-26,
6375,1455,1.0,2009-03-26,
6375,1581,0.75,2010-01-06,
6376,363,0.60862,2009-03-26,
6376,1145,0.76078,2009-03-26,
6376,1146,1.52156,2009-03-26,
6376,1470,0.85,2009-03-26,
6377,371,0.71851,2009-03-26,
6377,971,0.8981399999999999,2009-03-26,
6377,979,1.7962799999999999,2009-03-26,
6377,1470,0.85,2009-03-26,
6378,1461,0.55,2009-03-26,
6378,502403,0.3,2009-03-27,
6378,502404,0.37,2009-03-27,
6378,1362,0.14,2009-03-27,
6379,1457,1.4,2009-03-27,
6379,383,0.76078,2009-11-26,
6381,1457,1.4,2009-03-27,
6381,383,0.7607599999999999,2009-11-26,
6382,341,0.7609999999999999,2009-03-27,
6382,383,0.9512999999999999,2009-03-27,
6382,1470,0.85,2010-06-30,
6383,196,0.6,2009-03-27,
6383,1461,0.55,2009-03-27,
6383,502453,0.3,2010-12-02,
6384,245,0.74,2009-03-27,
6384,502405,5.37,2009-03-27,
6384,990,0.5,2009-03-27,
6384,1507,0.37,2010-01-12,
6385,341,0.7184999999999999,2009-03-27,
6385,383,0.8981999999999999,2009-03-27,
6385,415,1.7963999999999998,2009-03-27,
6385,1470,0.85,2009-03-27,
6386,341,0.77768,2009-03-27,
6386,383,0.97211,2009-03-27,
6386,415,1.94421,2009-03-27,
6386,1470,0.85,2009-03-27,
6387,561,0.21,2009-03-27,
6387,341,0.6593399999999999,2009-03-27,
6387,383,0.82418,2009-03-27,
6387,415,1.64835,2009-03-27,
6387,1474,0.84,2009-03-27,
6387,1470,0.85,2009-03-27,
6388,1474,0.84,2009-03-27,
6388,341,0.65511,2009-03-27,
6388,383,0.81889,2009-03-27,
6388,415,1.6377899999999999,2009-03-27,
6388,1470,0.85,2009-03-27,
6389,363,0.52832,2009-03-27,
6389,230,1.66,2009-03-27,
6389,1145,0.6604000000000001,2009-03-27,
6389,1146,1.3207900000000001,2009-03-27,
6389,1470,0.85,2009-03-27,
6390,1470,0.85,2009-03-27,
6391,368,0.63398,2009-03-27,
6391,969,0.7924800000000001,2009-03-27,
6391,977,1.58495,2009-03-27,
6391,148,0.22,2009-03-27,
6391,1470,0.85,2009-03-27,
6392,368,0.61285,2009-03-27,
6392,969,0.76606,2009-03-27,
6392,977,1.53212,2009-03-27,
6392,1470,0.85,2009-03-27,
6393,1510,0.8,2009-03-27,
6394,174,0.45,2009-03-27,
6394,1456,0.4,2009-03-27,
6395,1470,0.85,2009-03-27,
6396,357,0.9636499999999999,2009-03-27,
6396,1059,1.2046,2009-03-27,
6396,1060,2.40913,2009-03-27,
6396,371,0.6593399999999999,2009-03-27,
6396,971,0.82418,2009-03-27,
6396,979,1.64835,2009-03-27,
6396,1248,0.46,2009-03-27,
6396,1470,0.85,2009-03-27,
6397,371,0.61708,2009-03-27,
6397,971,0.77134,2009-03-27,
6397,979,1.5426900000000001,2009-03-27,
6397,1470,0.85,2009-03-27,
6398,371,0.61708,2009-03-27,
6398,971,0.77134,2009-03-27,
6398,979,1.5426900000000001,2009-03-27,
6398,357,0.9636499999999999,2009-03-27,
6398,1059,1.20456,2009-03-27,
6398,1060,2.40913,2009-03-27,
6398,245,0.027999999999999997,2009-03-27,
6399,371,1.03973,2009-03-27,
6399,971,1.29966,2009-03-27,
6399,979,2.59932,2009-03-27,
6400,499,0.18,2009-03-27,
6400,363,0.52409,2009-03-27,
6400,1145,0.65511,2009-03-27,
6400,1146,1.31023,2009-03-27,
6400,1470,0.85,2009-03-27,
6401,1470,0.85,2009-03-27,
6401,363,0.76077,2009-03-27,
6401,1145,0.95097,2009-03-27,
6401,1146,1.90194,2009-03-27,
6402,1470,0.85,2009-03-27,
6402,363,0.65511,2009-03-27,
6402,1145,0.81889,2009-03-27,
6402,1146,1.6377899999999999,2009-03-27,
6403,1470,0.85,2009-03-27,
6403,363,0.42265,2009-03-27,
6403,1145,0.5283,2009-03-27,
6403,1146,1.0566,2009-03-27,
6404,1489,1.25,2009-03-27,
6404,1580,0.9,2010-01-13,
6405,343,0.71851,2009-03-27,
6405,1031,0.8981399999999999,2009-03-27,
6405,415,1.7962799999999999,2009-03-27,
6405,1470,0.85,2009-03-27,
6406,1470,0.85,2009-03-27,
6406,341,0.6931499999999999,2009-03-27,
6406,383,0.8664400000000001,2009-03-27,
6406,415,1.7328999999999999,2009-03-27,
6406,502337,0.89,2009-03-27,
6406,502338,1.03,2009-03-27,
6406,502339,1.18,2009-03-27,
6407,341,0.6931499999999999,2009-03-27,
6407,383,0.8664400000000001,2009-03-27,
6407,415,1.7328999999999999,2009-03-27,
6407,502337,0.89,2009-03-27,
6407,502338,1.03,2009-03-27,
6407,502339,1.16,2009-03-27,
6407,1470,0.85,2009-03-27,
6408,502337,0.73,2009-03-27,
6408,502338,0.9,2009-03-27,
6408,502339,1.43,2009-03-27,
6408,341,0.6509199999999999,2014-05-07,
6408,383,0.81365,2014-05-07,
6408,415,1.6273,2014-05-07,
6408,1470,0.85,2009-03-27,
6409,341,1.082,2009-03-27,
6409,383,1.3525,2009-03-27,
6409,415,2.705,2009-03-27,
6410,341,1.082,2009-03-27,
6410,383,1.35256,2014-05-07,
6410,415,2.705,2009-03-27,
6411,341,0.88762,2014-05-07,
6411,383,1.10952,2014-05-07,
6411,415,2.21905,2014-05-07,
6412,1470,0.85,2009-03-27,
6412,341,0.71851,2009-03-27,
6412,383,0.8981399999999999,2009-03-27,
6412,415,1.7962799999999999,2009-03-27,
6414,1470,0.85,2009-03-30,
6414,343,0.22401,2009-03-30,
6414,1031,0.28001000000000004,2009-03-30,
6414,1032,0.5600200000000001,2009-03-30,
6415,1470,0.85,2009-04-22,
6415,341,0.40152,2009-04-22,
6415,383,0.5019,2009-04-22,
6415,415,1.0038,2009-04-22,
6416,1457,1.4,2009-03-30,
6416,1031,0.46492,2009-11-26,
6417,1470,0.85,2009-03-30,
6417,341,0.57058,2009-03-30,
6417,383,0.7132299999999999,2009-03-30,
6417,415,1.4264599999999998,2009-03-30,
6418,1470,0.85,2009-03-30,
6418,341,0.44378999999999996,2009-03-30,
6418,383,0.55473,2009-03-30,
6418,415,1.10947,2009-03-30,
6419,1470,0.85,2009-03-30,
6419,341,0.7609999999999999,2009-03-30,
6419,383,0.9512999999999999,2009-03-30,
6419,415,1.9025999999999998,2009-03-30,
6420,341,1.0609,2009-03-30,
6420,383,1.3261,2009-03-30,
6420,415,2.6522,2009-03-30,
6420,990,0.5,2009-03-30,
6421,990,0.5,2009-03-30,
6422,233,1.68,2009-03-30,
6422,1457,1.4,2009-03-30,
6423,1457,1.4,2009-03-30,
6423,233,1.99,2009-03-30,
6424,347,0.41843,2009-03-30,
6424,1015,0.5230400000000001,2009-03-30,
6424,1016,1.04607,2009-03-30,
6424,1470,0.85,2009-03-30,
6425,1457,1.4,2009-03-30,
6425,502505,1.07,2013-12-27,
6425,502480,8.53,2013-12-27,
6426,1457,1.4,2009-03-30,
6426,245,1.15,2014-04-30,
6426,502480,9.22,2014-04-30,
6427,1457,1.4,2009-03-30,
6427,245,0.76,2014-04-30,
6427,502480,5.9,2014-04-30,
6428,1457,1.4,2009-03-30,
6428,502504,1.46,2014-01-07,
6428,211,8.76,2015-06-30,
6429,1457,1.4,2009-03-30,
6429,245,1.41,2014-04-30,
6429,211,8.46,2015-06-30,
6430,1457,1.4,2009-03-30,
6430,245,1.18,2013-12-27,
6430,502480,9.46,2013-12-27,
6432,1457,1.4,2009-03-30,
6432,233,2.33,2009-03-30,
6433,1457,1.4,2009-03-30,
6433,233,2.18,2009-03-30,
6434,1489,1.25,2009-03-30,
6434,97,1.16,2009-03-30,
6434,1580,0.9,2010-01-13,
6435,1455,1.0,2009-04-22,
6435,97,0.9,2009-04-22,
6435,1581,0.75,2010-01-13,
6436,341,1.19209,2009-03-30,
6436,484,4.23191,2009-03-30,
6436,383,1.4901,2009-03-30,
6437,341,1.0439,2009-03-30,
6437,383,1.3049000000000002,2009-03-30,
6437,415,2.6099,2009-03-30,
6438,1470,0.85,2009-03-31,
6438,363,0.75232,2009-03-31,
6438,1145,0.94041,2009-03-31,
6438,1146,1.8808,2009-03-31,
6439,1470,0.85,2009-04-08,
6439,347,0.61708,2009-04-08,
6439,1015,0.77134,2009-04-08,
6439,1016,1.5426900000000001,2009-04-08,
6440,341,1.044,2009-04-08,
6440,383,1.3049000000000002,2009-04-08,
6440,415,2.6099,2009-04-08,
6442,1470,0.85,2009-04-08,
6442,343,0.17751,2009-04-08,
6442,1031,0.22189,2009-04-08,
6442,1032,0.44378999999999996,2009-04-08,
6443,1470,0.85,2009-04-22,
6443,371,0.49872999999999995,2009-04-22,
6443,971,0.62342,2009-04-22,
6443,979,1.24683,2009-04-22,
6444,1457,1.4,2011-05-05,
6445,1470,0.85,2009-04-22,
6445,341,0.36771,2009-04-22,
6445,383,0.45964,2009-04-22,
6445,415,0.91927,2009-04-22,
6446,343,0.54945,2009-04-22,
6446,1031,0.6868099999999999,2009-04-22,
6446,1032,1.37363,2009-04-22,
6446,1470,0.85,2009-04-22,
6447,1470,0.85,2009-04-22,
6447,341,0.36771,2009-04-22,
6447,383,0.45964,2009-04-22,
6447,415,0.91927,2009-04-22,
6448,1470,0.85,2009-04-22,
6448,343,0.54945,2009-04-22,
6448,1031,0.6868099999999999,2009-04-22,
6448,1032,1.37363,2009-04-22,
6449,1470,0.85,2009-04-22,
6449,371,0.69738,2009-04-22,
6449,971,0.8717199999999999,2009-04-22,
6449,979,1.74345,2009-04-22,
6450,1470,0.85,2009-04-22,
6450,343,0.76078,2009-04-22,
6450,1031,0.95097,2009-04-22,
6450,1032,1.90194,2009-04-22,
6451,1470,0.85,2009-04-22,
6451,343,0.43956,2009-04-22,
6451,1031,0.54945,2009-04-22,
6451,1032,1.0989,2009-04-22,
6451,149,1.24,2009-04-22,
6452,1471,0.65,2009-04-22,
6452,383,1.31023,2009-04-22,
6453,341,0.71851,2009-04-09,
6453,383,0.8981399999999999,2009-04-09,
6453,415,1.7962799999999999,2009-04-09,
6453,1470,0.85,2009-04-09,
6454,341,0.7608199999999999,2014-05-06,
6454,383,0.9510200000000001,2014-05-06,
6454,415,1.9020400000000002,2014-05-06,
6454,1470,0.85,2009-04-09,
6455,1470,0.85,2009-04-09,
6455,341,0.71855,2014-05-07,
6455,383,0.89819,2009-04-09,
6455,415,1.79637,2014-05-07,
6456,1470,0.85,2009-04-09,
6456,341,0.50719,2009-04-09,
6456,383,0.63398,2009-04-09,
6456,415,1.26796,2009-04-09,
6457,1467,0.15,2009-04-09,
6457,341,0.08875999999999999,2009-04-09,
6457,383,0.11095000000000001,2009-04-09,
6457,415,0.22189,2009-04-09,
6457,867,0.3,2010-01-12,
6458,1471,0.65,2009-04-09,
6458,341,0.52409,2009-04-09,
6458,383,0.65511,2009-04-09,
6458,415,1.31023,2009-04-09,
6459,1470,0.85,2009-04-09,
6459,363,0.6593399999999999,2009-04-09,
6459,1145,0.82418,2009-04-09,
6459,1146,1.64835,2009-04-09,
6459,171,0.12,2009-04-09,
6460,383,0.57058,2012-08-27,
6460,1470,0.85,2011-05-05,
6461,1470,0.85,2009-04-09,
6461,343,0.59172,2009-04-09,
6461,1031,0.73965,2009-04-09,
6461,1032,1.4793,2009-04-09,
6462,1470,0.85,2009-04-09,
6462,343,0.6340100000000001,2014-05-07,
6462,1031,0.79252,2014-05-07,
6462,1032,1.58503,2014-05-07,
6463,1470,0.85,2009-04-09,
6463,343,0.76078,2009-04-09,
6463,1031,0.95097,2009-04-09,
6463,1032,1.90194,2009-04-09,
6464,1470,0.85,2009-04-09,
6464,343,0.76078,2009-04-09,
6464,1031,0.95097,2009-04-09,
6464,1032,1.90194,2009-04-09,
6465,502408,0.003,2011-09-12,
6465,1484,0.005,2009-04-09,
6466,532,0.10625,2009-04-09,
6466,371,0.67652,2009-04-09,
6466,971,0.84531,2009-04-09,
6466,979,1.69062,2009-04-09,
6466,1470,0.85,2009-04-09,
6467,1470,0.85,2009-04-09,
6467,371,0.77768,2009-04-09,
6467,971,0.97211,2009-04-09,
6467,979,1.94421,2009-04-09,
6467,529,0.106,2009-04-09,
6468,1122,0.8875700000000001,2009-04-14,
6468,1123,1.10947,2009-04-14,
6468,1124,2.21894,2009-04-14,
6468,1470,0.85,2009-04-14,
6469,1470,0.85,2009-04-14,
6469,341,0.8875700000000001,2009-04-14,
6469,383,1.10947,2009-04-14,
6469,415,2.21894,2009-04-14,
6470,341,1.0524,2009-04-14,
6470,383,1.3155000000000001,2009-04-14,
6470,415,2.6310000000000002,2009-04-14,
6471,1496,0.75,2009-04-14,
6471,175,0.77,2009-04-14,
6471,518,0.38,2009-04-14,
6472,1496,0.75,2009-04-14,
6472,175,0.77,2009-04-14,
6472,518,0.38,2009-04-14,
6473,1496,0.75,2009-04-14,
6473,175,1.29,2009-04-14,
6473,518,0.44,2009-04-14,
6474,1470,0.85,2009-04-14,
6474,371,0.6593399999999999,2009-04-14,
6474,971,0.82418,2009-04-14,
6474,979,1.64835,2009-04-14,
6474,1272,1.6,2009-04-14,
6475,1470,0.85,2009-04-14,
6475,341,0.67625,2009-04-14,
6475,383,0.84531,2009-04-14,
6475,415,1.69062,2009-04-14,
6476,1470,0.85,2009-04-14,
6476,341,0.76078,2009-04-14,
6476,383,0.95097,2009-04-14,
6476,415,1.90194,2009-04-14,
6477,1470,0.85,2009-04-14,
6477,341,0.67625,2009-04-14,
6477,383,0.84531,2009-04-14,
6477,415,1.69062,2009-04-14,
6478,1470,0.85,2009-04-14,
6478,341,0.67625,2009-04-14,
6478,383,0.84531,2009-04-14,
6478,415,1.69062,2009-04-14,
6479,341,0.71851,2009-04-14,
6479,383,0.8981399999999999,2009-04-14,
6479,415,1.7962799999999999,2009-04-14,
6480,341,1.04818,2009-04-14,
6480,383,1.31023,2009-04-14,
6480,415,2.6205000000000003,2009-04-14,
6481,1470,0.85,2009-04-14,
6481,341,0.67625,2009-04-14,
6481,383,0.84531,2009-04-14,
6481,415,1.69062,2009-04-14,
6482,1470,0.85,2009-04-14,
6482,341,0.67625,2009-04-14,
6482,383,0.84531,2009-04-14,
6482,415,1.69062,2009-04-14,
6483,1470,0.85,2009-04-14,
6483,341,0.57481,2009-04-14,
6483,383,0.7188,2009-04-14,
6483,415,1.43702,2009-04-14,
6484,354,0.5917,2009-04-15,
6484,1007,0.7395999999999999,2009-04-15,
6484,1010,1.4793,2009-04-15,
6485,1484,0.005,2009-04-15,
6485,385,0.004050000000000001,2009-04-15,
6485,341,0.02703,2009-04-15,
6485,383,0.033780000000000004,2009-04-15,
6485,415,0.06756999999999999,2009-04-15,
6485,640,0.016220000000000002,2009-12-18,
6486,1470,0.85,2009-04-15,
6486,343,0.57058,2009-04-15,
6486,1031,0.7132299999999999,2009-04-15,
6486,1032,1.4265,2009-04-15,
6487,1470,0.85,2009-04-15,
6487,343,0.57058,2009-04-15,
6487,1031,0.7132299999999999,2009-04-15,
6487,1032,1.4265,2009-04-15,
6488,383,0.5288,2009-04-15,
6488,1470,0.85,2009-04-15,
6489,76,1.6,2014-02-12,
6489,593,0.2,2014-02-12,
6490,341,0.64666,2009-04-15,
6490,383,0.80833,2009-04-15,
6490,415,1.61665,2009-04-15,
6490,1470,0.85,2009-04-15,
6491,1470,0.85,2009-04-15,
6491,341,0.69738,2009-04-15,
6491,383,0.8717199999999999,2009-04-15,
6491,415,1.74345,2009-04-15,
6509,1457,1.4,2009-04-15,
6509,341,1.0354999999999999,2009-04-15,
6509,383,1.3418999999999999,2009-04-15,
6509,415,2.5888,2009-04-15,
6510,1482,1.1,2009-04-15,
6510,341,0.51566,2014-09-12,
6510,383,0.64658,2014-09-12,
6510,415,1.2891599999999999,2014-02-03,
6510,217,2.02,2014-02-03,
6510,1276,1.38,2009-04-15,
6510,1275,1.73,2009-04-15,
6510,1274,2.99,2009-04-15,
6510,1501,0.865,2012-09-06,
6511,217,1.56,2009-04-15,
6511,341,0.51564,2009-04-15,
6511,383,0.64455,2009-04-15,
6511,415,1.2891,2009-04-15,
6511,1482,1.1,2009-04-15,
6511,1501,0.78,2012-09-06,
6512,1497,0.7,2009-04-15,
6512,1189,0.58,2009-04-15,
6512,402,1.16,2010-01-27,
6513,218,1.36,2009-04-15,
6513,1482,1.1,2009-04-15,
6513,341,0.6593399999999999,2009-04-15,
6513,383,0.82418,2009-04-15,
6513,415,1.64835,2009-04-15,
6513,1501,0.68,2012-09-06,
6514,1482,1.1,2009-04-16,
6514,1189,0.34,2009-04-16,
6514,1670,1.02,2010-01-26,
6515,341,0.6593399999999999,2009-04-16,
6515,383,0.82418,2009-04-16,
6515,415,1.64835,2009-04-16,
6515,1276,1.25,2009-04-16,
6515,1275,1.67,2009-04-16,
6515,1274,3.0,2009-04-16,
6515,218,1.35,2009-04-16,
6515,1482,1.1,2009-04-16,
6516,1470,0.85,2009-04-16,
6516,339,0.3,2009-04-16,
6516,1499,0.6,2009-04-16,
6516,867,0.85,2009-12-18,
6517,339,0.21,2009-04-16,
6517,1499,0.42,2009-04-16,
6517,1497,0.7,2009-04-16,
6517,867,0.85,2009-12-18,
6518,1497,0.7,2009-04-16,
6518,339,0.5,2009-04-16,
6518,1499,1.0,2009-04-16,
6518,867,0.85,2009-12-18,
6519,1482,1.1,2009-04-16,
6519,383,0.96154,2009-04-16,
6520,1457,1.4,2009-04-16,
6520,341,0.8876000000000001,2009-04-16,
6520,383,1.1095,2009-04-16,
6520,415,2.2188999999999997,2009-04-16,
6521,341,0.6593399999999999,2009-04-15,
6521,383,0.85418,2009-04-15,
6521,415,1.64835,2009-04-15,
6521,217,1.56,2009-04-15,
6521,1482,1.1,2009-04-15,
6522,1482,1.1,2009-04-15,
6522,217,2.02,2009-04-15,
6522,383,0.85059,2009-04-15,
6523,1497,0.7,2009-04-15,
6523,1189,0.58,2009-04-15,
6523,402,1.16,2010-01-27,
6524,1457,1.4,2009-04-16,
6524,341,1.0354999999999999,2009-04-16,
6524,383,1.2944,2009-04-16,
6524,415,2.5888,2009-04-16,
6525,1470,0.85,2009-04-16,
6525,341,0.30008,2009-04-16,
6525,383,0.37511000000000005,2009-04-16,
6525,415,0.75021,2009-04-16,
6526,1470,0.85,2009-04-16,
6526,357,1.0354999999999999,2009-04-16,
6526,1059,1.2943799999999999,2009-04-16,
6526,1060,2.5076,2009-04-16,
6527,1470,0.85,2009-04-16,
6527,341,0.56636,2009-04-16,
6527,383,0.70795,2009-04-16,
6527,415,1.41589,2009-04-16,
6528,1470,0.85,2009-04-16,
6528,341,0.48605,2009-04-16,
6528,383,0.6075699999999999,2009-04-16,
6528,415,1.21513,2009-04-16,
6528,1191,4.31,2009-04-16,
6529,1470,0.85,2009-04-16,
6529,371,0.6213000000000001,2009-04-16,
6529,971,0.7766299999999999,2009-04-16,
6529,979,1.5532499999999998,2009-04-16,
6530,1457,1.4,2009-04-16,
6530,383,0.64983,2009-11-26,
6531,1470,0.85,2009-04-16,
6531,347,0.71851,2009-04-16,
6531,1015,0.8981399999999999,2009-04-16,
6531,1016,1.7962799999999999,2009-04-16,
6531,357,1.01437,2009-04-16,
6531,1059,0.8981399999999999,2009-04-16,
6531,1060,2.53593,2009-04-16,
6533,385,0.1522,2009-04-16,
6533,341,1.0144,2009-04-16,
6533,383,1.268,2009-04-16,
6534,385,0.1553,2009-04-16,
6534,341,1.0354999999999999,2009-04-16,
6534,383,1.2944,2009-04-16,
6534,428,0.3106,2016-11-09,
6535,385,0.1585,2009-04-16,
6535,341,1.0566,2009-04-16,
6535,383,1.3208000000000002,2009-04-16,
6536,1470,0.85,2009-04-16,
6536,371,0.57058,2009-04-16,
6536,971,0.7132299999999999,2009-04-16,
6536,979,1.4264599999999998,2009-04-16,
6537,1457,1.4,2009-03-30,
6537,233,1.55,2016-08-18,
6538,385,0.08115,2009-04-22,
6538,640,0.3246,2009-04-22,
6538,341,0.541,2009-04-22,
6538,383,0.67247,2009-04-22,
6538,1454,0.3,2009-04-22,
6539,1470,0.85,2009-04-16,
6539,341,0.43956,2009-04-16,
6539,383,0.54945,2009-04-16,
6539,415,1.0989,2009-04-16,
6541,341,1.10063,2014-12-03,
6541,383,1.38829,2014-12-03,
6541,415,2.77658,2014-12-03,
6542,1470,0.85,2009-04-16,
6542,341,0.76078,2009-04-16,
6542,383,0.95097,2009-04-16,
6542,415,1.90194,2009-04-16,
6543,1471,0.65,2009-04-16,
6543,383,0.65511,2009-04-16,
6544,341,0.76078,2009-04-16,
6544,383,0.95097,2009-04-16,
6544,415,1.90194,2009-04-16,
6544,1470,0.85,2009-04-16,
6545,1470,0.85,2009-04-16,
6545,341,0.80304,2009-04-16,
6545,383,1.0038,2009-04-16,
6545,415,2.00761,2009-04-16,
6546,1470,0.85,2009-04-16,
6546,357,1.01437,2009-04-16,
6546,1059,1.26796,2009-04-16,
6546,1060,2.53593,2009-04-16,
6546,371,0.76078,2009-04-16,
6546,971,0.95097,2009-04-16,
6546,979,1.9019,2009-04-16,
6546,348,0.8875700000000001,2009-04-16,
6546,968,1.1095,2009-04-16,
6546,976,2.21893,2009-04-16,
6549,1470,0.85,2009-04-16,
6549,357,1.01437,2009-04-16,
6549,1059,1.26796,2009-04-16,
6549,1060,2.53593,2009-04-16,
6549,371,0.76078,2009-04-16,
6549,971,0.95097,2009-04-16,
6549,979,1.9019,2009-04-16,
6550,1470,0.85,2009-04-16,
6550,357,1.01437,2009-04-16,
6550,1059,1.26796,2009-04-16,
6550,1060,2.53593,2009-04-16,
6550,371,0.76078,2009-04-16,
6550,971,0.95097,2009-04-16,
6550,979,1.9019,2009-04-16,
6551,196,0.07,2009-04-22,
6551,502409,0.1,2009-04-22,
6551,1494,0.2,2009-04-22,
6551,1454,0.3,2012-08-28,
6552,1470,0.85,2009-04-16,
6552,341,0.9425199999999999,2009-04-16,
6552,383,1.17815,2009-04-16,
6552,415,2.35629,2009-04-16,
6553,1470,0.85,2009-04-16,
6553,357,1.0354999999999999,2009-04-16,
6553,1059,1.2943799999999999,2009-04-16,
6553,1060,2.5887599999999997,2009-04-16,
6554,1470,0.85,2009-04-16,
6554,347,0.8664400000000001,2009-04-16,
6554,1015,1.08305,2009-04-16,
6554,1016,2.1661,2009-04-16,
6555,1470,0.85,2009-04-16,
6555,347,0.8664400000000001,2009-04-16,
6555,1015,1.08305,2009-04-16,
6555,1016,2.1661,2009-04-16,
6556,1470,0.85,2009-04-16,
6556,357,1.01437,2009-04-16,
6556,1059,1.26796,2009-04-16,
6556,1060,2.53593,2009-04-16,
6557,1470,0.85,2009-04-16,
6557,347,0.8664400000000001,2009-04-16,
6557,1015,1.08305,2009-04-16,
6557,1016,2.1661,2009-04-16,
6558,1470,0.85,2009-04-16,
6558,357,0.9974599999999999,2009-04-16,
6558,1059,1.24683,2009-04-16,
6558,1060,2.49366,2009-04-16,
6559,1470,0.85,2009-04-21,
6559,371,0.43956,2009-04-21,
6559,971,0.54945,2009-04-21,
6559,979,1.0989,2009-04-21,
6559,530,0.14,2009-04-21,
6560,1470,0.85,2009-04-16,
6560,341,0.65511,2009-04-16,
6560,383,0.81889,2009-04-16,
6560,415,1.6377899999999999,2009-04-16,
6563,1470,0.85,2009-04-16,
6563,341,0.8115000000000001,2009-04-16,
6563,383,1.01437,2009-04-16,
6563,415,2.02874,2009-04-16,
6564,1470,0.85,2009-04-16,
6564,341,0.71851,2009-04-16,
6564,383,0.8981399999999999,2009-04-16,
6564,415,1.7962799999999999,2009-04-16,
6565,343,0.4142,2009-04-16,
6565,1031,0.5177499999999999,2009-04-16,
6565,1032,1.0354999999999999,2009-04-16,
6565,1470,0.85,2009-04-16,
6566,1470,0.85,2009-04-16,
6566,341,0.2705,2009-04-16,
6566,383,0.33812,2009-04-16,
6566,415,0.67625,2009-04-16,
6567,553,0.6,2009-04-22,
6567,160,1.14,2009-04-22,
6567,139,1.8,2009-04-22,
6567,1501,0.57,2009-04-22,
6567,341,0.84531,2009-04-22,
6567,383,1.05664,2009-04-22,
6567,415,2.11327,2009-04-22,
6567,1482,1.1,2011-05-06,
6568,357,1.38631,2009-04-16,
6568,1059,1.7328800000000002,2009-04-16,
6568,1060,3.46577,2009-04-16,
6568,1482,1.1,2009-04-16,
6569,1482,1.1,2009-04-16,
6569,347,0.74387,2009-04-16,
6569,1015,0.92984,2009-04-16,
6569,1016,1.85968,2009-04-16,
6570,227,0.3,2009-04-22,
6570,1461,0.55,2009-04-22,
6571,428,0.35473,2009-04-22,
6571,385,0.17736999999999997,2009-04-22,
6572,1470,0.85,2009-04-20,
6572,371,0.5579,2009-04-20,
6572,971,0.69738,2009-04-20,
6572,979,1.39473,2009-04-20,
6573,1470,0.85,2009-04-20,
6573,341,0.61285,2009-04-20,
6573,383,0.76606,2009-04-20,
6573,415,1.53212,2009-04-20,
6574,1470,0.85,2009-04-20,
6574,371,0.59172,2009-04-20,
6574,971,0.73965,2009-04-20,
6574,979,1.4793,2009-04-20,
6575,1470,0.85,2009-04-20,
6575,371,0.57904,2009-04-20,
6575,971,0.7238,2009-04-20,
6575,979,1.44759,2009-04-20,
6576,389,1.7529599999999999,2011-05-06,
6576,341,1.00169,2011-05-06,
6576,415,2.50423,2011-05-06,
6577,196,0.13,2009-04-20,
6577,1470,0.85,2009-04-20,
6577,867,1.5,2010-01-06,
6578,1470,0.85,2009-04-20,
6578,196,0.13,2009-04-20,
6578,867,1.5,2010-01-26,
6579,428,0.34869999999999995,2014-02-03,
6579,385,0.17436,2014-02-03,
6579,341,1.16238,2014-02-03,
6579,383,1.45298,2014-02-03,
6579,415,2.9059500000000003,2014-02-03,
6579,640,0.69743,2014-02-03,
6580,640,0.63398,2009-04-20,
6580,341,1.0567,2009-04-20,
6580,383,1.3207900000000001,2009-04-20,
6580,415,2.64159,2009-04-20,
6581,174,3.97,2009-03-26,
6581,1607,1.95,2009-03-26,
6582,1470,0.85,2009-04-20,
6582,343,0.60862,2009-04-20,
6582,1031,0.76078,2009-04-20,
6582,415,1.52156,2009-04-20,
6583,1470,0.85,2009-04-20,
6583,341,0.6931499999999999,2009-04-20,
6583,383,0.8664400000000001,2009-04-20,
6583,415,1.7328800000000002,2009-04-20,
6584,1470,0.85,2009-04-21,
6584,347,0.6593399999999999,2009-04-21,
6584,1015,0.82418,2009-04-21,
6584,1016,1.64835,2009-04-21,
6584,357,0.9721,2009-04-21,
6584,1059,1.21513,2009-04-21,
6584,1060,2.43026,2009-04-21,
6585,1470,0.85,2009-04-21,
6585,341,0.6593399999999999,2009-04-21,
6585,383,0.82418,2009-04-21,
6585,415,1.64835,2009-04-21,
6586,196,2.89,2009-04-21,
6586,1455,1.0,2009-04-21,
6586,1581,0.75,2010-01-07,
6587,1470,0.85,2009-04-21,
6587,383,0.5495,2009-04-21,
6588,1470,0.85,2009-04-21,
6588,347,0.57481,2009-04-21,
6588,1015,0.71851,2009-04-21,
6588,1016,1.43702,2009-04-21,
6589,1470,0.85,2009-04-21,
6589,341,0.26205,2009-04-21,
6589,383,0.32756,2009-04-21,
6589,415,0.65511,2009-04-21,
6590,1470,0.85,2009-04-21,
6590,347,0.73964,2009-04-21,
6590,1015,0.92456,2009-04-21,
6590,1016,1.84911,2009-04-21,
6591,1454,0.3,2009-04-21,
6591,867,0.2,2010-01-27,
6592,1470,0.85,2009-04-21,
6592,341,0.76923,2009-04-21,
6592,383,0.96154,2009-04-21,
6592,415,1.92308,2009-04-21,
6593,12,0.3,2009-04-30,
6593,502411,0.28,2009-04-30,
6593,1454,0.3,2009-04-30,
6594,502413,0.53,2009-04-30,
6594,1461,0.55,2009-04-30,
6594,502414,0.38,2009-04-30,
6595,12,0.37,2009-04-30,
6595,1456,0.4,2009-04-30,
6596,502412,0.46,2010-01-27,
6596,1454,0.3,2009-04-30,
6596,12,0.23,2012-08-30,
6597,502412,0.46,2010-01-27,
6597,1454,0.3,2009-04-30,
6597,12,0.23,2012-08-30,
6598,12,0.47,2009-04-30,
6598,279,0.6,2009-04-30,
6598,1454,0.3,2009-04-30,
6599,1456,0.4,2009-04-30,
6599,502417,0.25,2009-04-30,
6599,502418,0.4,2009-04-30,
6599,502416,0.35,2009-04-30,
6599,502415,0.35,2009-04-30,
6599,502419,0.34,2009-04-30,
6600,12,0.34,2009-04-30,
6600,1456,0.4,2009-04-30,
6601,12,0.26,2009-04-30,
6601,1454,0.3,2009-04-30,
6602,1454,0.3,2009-04-30,
6602,502415,0.35,2009-05-01,
6603,1454,0.3,2009-05-01,
6603,12,0.3,2009-05-01,
6604,1454,0.3,2009-05-01,
6604,502420,0.32,2009-05-01,
6604,502417,0.35,2009-05-01,
6604,502418,0.35,2009-05-01,
6604,502415,0.22,2009-05-01,
6604,502419,0.31,2009-05-01,
6605,990,0.5,2009-05-05,
6605,502421,0.33,2009-05-05,
6605,1608,0.99,2010-01-06,
6606,990,0.5,2009-05-05,
6606,502454,0.4425,2010-01-12,
6606,139,1.77,2014-03-14,
6606,553,0.9,2014-03-14,
6607,1457,1.4,2011-05-19,
6607,160,0.32,2009-05-05,
6607,139,0.52,2009-05-05,
6607,553,0.18,2009-05-05,
6608,1496,0.75,2009-05-05,
6608,502423,0.13,2009-05-05,
6608,1153,0.4,2009-05-05,
6608,502425,0.8,2009-05-05,
6609,1461,0.55,2009-05-06,
6609,502426,0.45,2009-05-06,
6609,502427,0.57,2009-05-06,
6609,502428,0.71,2009-05-06,
6609,1501,0.285,2012-08-31,
6610,1461,0.55,2009-05-06,
6610,553,0.66,2009-05-06,
6610,160,1.13,2009-05-06,
6610,139,1.54,2009-05-06,
6610,1546,0.33,2012-08-03,
6611,1461,0.55,2009-05-06,
6611,164,0.57,2009-05-06,
6611,1546,0.285,2012-08-03,
6612,1470,0.85,2009-05-08,
6612,341,0.59592,2009-05-08,
6612,383,0.7448999999999999,2009-05-08,
6612,415,1.4897999999999998,2009-05-08,
6613,1470,0.85,2009-05-08,
6613,341,0.77768,2009-05-08,
6613,383,0.97211,2009-05-08,
6613,415,1.94421,2009-05-08,
6614,1457,1.4,2009-05-08,
6614,341,1.0354999999999999,2009-05-08,
6614,383,1.2944,2009-05-08,
6614,415,2.5888,2009-05-08,
6615,1457,1.4,2009-05-08,
6615,341,0.888,2009-05-08,
6615,383,1.11,2009-05-08,
6615,415,2.22,2009-05-08,
6616,1471,0.65,2009-05-08,
6616,341,0.24556,2009-05-08,
6616,383,0.30695,2009-05-08,
6616,415,0.61391,2009-05-08,
6617,1470,0.85,2009-05-08,
6618,341,0.7502,2009-05-08,
6618,383,0.9377599999999999,2009-05-08,
6618,415,1.8755000000000002,2009-05-08,
6618,134,0.27,2009-05-08,
6619,341,0.89307,2009-05-08,
6619,383,1.1159999999999999,2009-05-08,
6619,415,2.233,2009-05-08,
6620,1482,1.1,2009-05-08,
6620,328,1.14,2009-05-08,
6621,1482,1.1,2009-05-08,
6621,500835,0.85,2015-06-08,
6622,1510,0.8,2009-05-08,
6622,502430,0.66,2009-05-08,
6622,502431,1.09,2009-05-08,
6623,1510,0.8,2009-05-08,
6623,502430,0.66,2009-05-08,
6624,502446,0.91,2009-11-09,
6624,1510,0.8,2009-11-09,
6625,502430,0.69,2009-05-11,
6625,1510,0.8,2009-05-11,
6626,502430,0.66,2009-05-11,
6626,575,1.09,2009-05-11,
6626,1510,0.8,2009-05-11,
6627,1510,0.8,2009-05-12,
6627,502430,0.66,2009-05-12,
6627,575,1.09,2009-05-12,
6628,313,1.42,2009-05-12,
6628,1489,1.25,2009-05-12,
6629,1510,0.8,2009-05-12,
6629,799,0.6,2009-05-12,
6629,502430,0.8,2009-05-12,
6629,575,0.113,2009-05-12,
6630,1114,0.16,2009-05-13,
6630,1454,0.3,2009-05-13,
6631,1461,0.55,2009-05-13,
6631,553,0.66,2009-05-13,
6631,160,1.13,2009-05-13,
6631,139,1.54,2009-05-13,
6631,1546,0.33,2012-08-17,
6632,553,0.66,2009-05-13,
6632,160,1.13,2009-05-13,
6632,139,1.54,2009-05-13,
6632,1461,0.55,2009-05-13,
6634,341,1.0344,2009-05-13,
6634,383,1.305,2009-05-13,
6634,415,2.6099,2009-05-13,
6635,341,1.044,2009-05-13,
6635,383,1.305,2009-05-13,
6635,415,2.6099,2009-05-13,
6636,341,1.0567,2011-06-13,
6636,389,1.8492,2011-06-13,
6636,415,2.6417,2011-06-13,
6638,341,1.08622,2009-05-13,
6638,383,1.35778,2009-05-13,
6638,388,1.62933,2009-05-13,
6638,415,2.71555,2009-05-13,
6639,341,0.50296,2009-05-13,
6639,383,0.62934,2009-05-13,
6639,415,1.2573999999999999,2009-05-13,
6639,1467,0.15,2009-05-13,
6639,428,0.29823,2010-01-25,
6640,385,0.05072,2009-05-13,
6640,341,0.33812,2009-05-13,
6640,383,0.42265,2009-05-13,
6640,415,0.84531,2009-05-13,
6640,1467,0.15,2010-07-27,
6641,341,1.1158,2009-05-13,
6641,383,1.3946,2009-05-13,
6641,415,2.7895,2009-05-13,
6642,867,0.2,2009-05-14,
6642,1454,0.3,2009-05-14,
6642,341,0.52832,2009-05-14,
6642,383,0.6604000000000001,2009-05-14,
6642,415,1.3207900000000001,2009-05-14,
6643,383,0.23774,2010-09-30,
6643,415,0.47548999999999997,2010-09-30,
6643,1574,0.25,2016-09-07,
6645,1455,1.0,2009-05-19,
6645,348,0.59172,2009-05-21,
6645,968,0.73964,2009-05-22,
6645,976,1.47929,2009-05-22,
6645,315,0.51,2016-08-18,
6646,1581,0.75,2009-05-19,
6646,1455,1.0,2009-05-19,
6646,348,0.59172,2009-05-21,
6646,968,0.73965,2009-05-21,
6646,976,1.47929,2009-05-21,
6646,317,1.55,2016-08-18,
6647,1455,1.0,2009-05-19,
6647,348,0.59172,2009-05-21,
6647,968,0.73965,2009-05-21,
6647,976,1.47929,2009-05-21,
6648,1461,0.55,2009-05-22,
6649,1455,1.0,2009-05-21,
6649,348,0.59172,2009-05-21,
6649,968,0.73965,2009-05-21,
6649,976,1.47929,2009-05-21,
6649,1581,0.75,2010-01-06,
6650,1455,1.0,2009-05-21,
6650,348,0.59172,2009-05-21,
6650,968,0.73965,2009-05-21,
6650,976,1.47929,2009-05-21,
6650,1581,0.75,2010-01-06,
6651,1455,1.0,2009-05-21,
6651,348,0.59172,2009-05-21,
6651,968,0.73965,2009-05-21,
6651,976,1.47929,2009-05-21,
6652,1455,1.0,2009-05-21,
6652,348,0.59172,2009-05-21,
6652,968,0.73965,2009-05-21,
6652,976,1.47929,2009-05-21,
6652,1581,0.75,2010-01-06,
6653,1455,1.0,2009-05-21,
6653,348,0.59172,2009-05-21,
6653,968,0.73965,2009-05-21,
6653,976,1.47929,2009-05-21,
6654,1455,1.0,2009-05-21,
6654,348,0.59172,2009-05-21,
6654,968,0.73965,2009-05-21,
6654,976,1.47929,2009-05-21,
6654,1581,0.75,2010-01-06,
6655,1455,1.0,2009-05-21,
6655,348,0.59172,2009-05-21,
6655,968,0.73965,2009-05-21,
6655,976,1.47929,2009-05-21,
6655,1581,0.75,2010-01-06,
6656,383,0.28001000000000004,2009-05-21,
6656,415,0.5600200000000001,2009-05-21,
6656,1454,0.3,2009-05-21,
6656,1461,0.55,2016-09-01,
6659,383,0.73964,2009-05-22,
6659,415,1.47929,2009-05-22,
6659,1457,1.4,2009-05-22,
6660,341,1.06932,2009-05-19,
6660,383,1.3366399999999998,2009-05-19,
6660,415,2.67329,2009-05-19,
6661,383,1.31551,2009-05-22,
6661,415,2.63102,2009-05-22,
6661,341,1.05241,2009-05-22,
6662,341,1.0568,2009-05-19,
6662,383,1.321,2009-05-19,
6662,415,2.642,2009-05-19,
6663,383,0.58643,2009-05-22,
6663,415,1.17287,2009-05-22,
6663,1470,0.85,2009-05-22,
6664,383,0.74493,2009-05-22,
6664,415,1.48986,2009-05-22,
6664,1470,0.85,2009-05-22,
6665,341,1.02282,2009-05-22,
6665,383,1.27853,2009-05-22,
6665,415,2.55706,2009-05-22,
6665,640,0.61369,2009-12-22,
6665,389,1.78994,2012-08-20,
6666,341,1.02705,2009-05-22,
6666,383,1.28381,2009-05-22,
6666,415,2.56762,2009-05-22,
6667,385,0.152,2009-05-22,
6667,341,1.01014,2009-05-22,
6668,76,1.83,2009-05-22,
6668,328,0.22875,2009-05-22,
6669,76,1.82,2009-05-22,
6669,328,0.2275,2009-05-22,
6670,1456,0.4,2009-05-22,
6671,1456,0.4,2009-05-22,
6672,1456,0.4,2009-05-22,
6673,1456,0.4,2009-05-22,
6674,341,1.03973,2009-05-22,
6674,383,1.29966,2009-05-22,
6674,415,2.59932,2009-05-22,
6674,1457,1.4,2009-05-22,
6675,341,0.5579,2009-05-22,
6675,383,0.69738,2009-05-22,
6675,415,1.39476,2009-05-22,
6675,1457,1.4,2009-05-22,
6676,385,0.06993,2009-05-22,
6676,341,0.46492,2009-05-22,
6676,383,0.58115,2009-05-22,
6676,415,1.1623,2009-05-22,
6676,1454,0.3,2009-05-22,
6676,867,0.2,2011-04-21,
6677,990,0.5,2009-05-22,
6677,1454,0.3,2012-08-30,
6678,990,0.5,2009-05-22,
6678,1454,0.3,2012-08-30,
6679,990,0.5,2009-05-22,
6679,341,0.16062,2014-04-22,
6679,383,0.20077,2014-04-22,
6679,415,0.40154,2014-04-22,
6679,480,0.0084,2014-04-22,
6679,332,0.084,2014-04-22,
6680,990,0.5,2009-05-22,
6680,1454,0.3,2012-08-30,
6681,383,1.27325,2009-05-22,
6681,415,2.54649,2009-05-22,
6682,383,1.23,2009-05-22,
6682,415,2.46196,2009-05-22,
6683,383,1.17815,2009-05-22,
6683,415,2.3563,2009-05-22,
6685,1489,1.25,2014-07-04,
6685,348,0.59172,2009-05-22,
6685,968,0.73964,2009-05-22,
6685,976,1.47929,2009-05-22,
6685,1580,0.9,2010-01-06,
6686,1489,1.25,2014-07-04,
6686,348,0.59172,2009-05-22,
6686,968,0.73964,2009-05-22,
6686,976,1.47929,2009-05-22,
6686,1580,0.9,2010-01-06,
6687,1489,1.25,2014-07-04,
6687,348,0.61285,2009-05-22,
6687,968,0.76606,2009-05-22,
6687,976,1.53212,2009-05-22,
6687,1580,0.9,2010-01-06,
6688,1489,1.25,2014-07-04,
6688,348,0.59172,2009-05-22,
6688,968,0.73964,2009-05-22,
6688,976,1.47929,2009-05-22,
6688,1580,0.9,2010-01-06,
6689,1489,1.25,2014-07-04,
6689,348,0.59172,2009-05-22,
6689,968,0.73964,2009-05-22,
6689,976,1.47929,2009-05-22,
6689,502468,0.9,2012-09-04,
6690,1461,0.55,2009-05-22,
6691,1456,0.4,2009-05-22,
6691,867,0.29,2009-05-22,
6692,341,0.98901,2014-12-15,
6692,389,1.73077,2009-05-22,
6692,415,2.4725,2014-12-15,
6693,1456,0.4,2009-05-22,
6693,867,0.31,2009-05-22,
6694,341,0.98901,2009-05-22,
6694,389,1.73077,2009-05-22,
6694,415,2.47253,2009-05-22,
6695,1456,0.4,2009-05-22,
6695,867,0.38,2009-05-22,
6696,341,0.98901,2009-05-22,
6696,389,1.73077,2009-05-22,
6696,415,2.47253,2009-05-22,
6697,1456,0.4,2009-05-22,
6697,867,0.38,2009-05-22,
6698,341,0.98901,2009-05-22,
6698,389,1.73077,2009-05-22,
6698,415,2.47253,2009-05-22,
6699,341,0.23246,2009-05-22,
6699,383,0.29057,2009-05-22,
6699,415,0.58115,2009-05-22,
6699,1454,0.3,2011-05-05,
6700,341,0.18173999999999998,2009-05-22,
6700,383,0.22718,2009-05-22,
6700,415,0.45435000000000003,2009-05-22,
6700,1454,0.3,2011-05-05,
6703,341,1.0228,2011-03-04,
6703,383,1.2785,2011-03-04,
6703,415,2.557,2011-03-04,
6703,389,1.7899,2011-03-04,
6704,341,0.8623000000000001,2009-05-19,
6704,383,1.0779,2009-05-19,
6704,415,2.1558,2009-05-19,
6704,389,1.5090199999999998,2011-06-13,
6705,341,1.0482,2009-05-20,
6705,383,1.3103,2009-05-20,
6705,415,2.6205000000000003,2009-05-20,
6705,502434,3.72,2009-05-20,
6705,502700,3.4905,2017-01-03,
6706,341,1.0484,2009-05-20,
6706,383,1.3104,2009-05-20,
6706,415,2.6209,2009-05-20,
6706,502435,0.77,2015-06-08,
6707,341,0.9806999999999999,2009-05-20,
6707,383,1.2259,2009-05-20,
6707,389,1.7162,2009-05-20,
6707,415,2.4518,2009-05-20,
6707,388,1.47105,2017-01-03,
6708,385,0.16699999999999998,2014-01-03,
6708,341,1.1133,2014-09-11,
6708,383,1.3916,2014-09-11,
6708,1461,0.55,2009-05-27,
6708,1496,0.75,2012-08-13,
6709,351,0.5748,2009-05-27,
6709,502436,0.7184999999999999,2009-05-27,
6709,502437,1.4369999999999998,2009-05-27,
6709,502438,1.34,2009-05-27,
6709,1455,1.0,2009-05-27,
6709,1496,0.75,2012-08-17,
6710,341,0.8542000000000001,2009-05-27,
6710,383,1.0676999999999999,2009-05-27,
6710,415,2.1353999999999997,2009-05-27,
6710,196,1.2,2009-05-27,
6710,1455,1.0,2009-05-27,
6712,196,0.09699999999999999,2009-05-28,
6712,341,0.634,2009-05-28,
6712,383,0.7925,2009-05-28,
6712,415,1.585,2009-05-28,
6712,1455,1.0,2009-05-28,
6712,1496,0.75,2012-08-17,
6713,341,0.5748,2009-05-28,
6713,383,0.7184999999999999,2009-05-28,
6713,415,1.4369999999999998,2009-05-28,
6713,1461,0.55,2009-05-28,
6713,1581,0.75,2010-01-13,
6714,341,0.9003,2009-05-28,
6714,383,1.1253,2009-05-28,
6714,415,2.2506,2009-05-28,
6714,1482,1.1,2009-05-28,
6715,341,0.9640000000000001,2009-05-29,
6715,383,1.205,2009-05-29,
6715,415,2.41,2009-05-29,
6715,1482,1.1,2009-05-29,
6716,341,0.8538,2009-05-29,
6716,383,1.0672,2009-05-29,
6716,415,2.1344,2009-05-29,
6716,1482,1.1,2009-05-29,
6717,90,1.55,2009-05-29,
6717,396,3.1,2009-05-29,
6717,1607,1.95,2011-05-06,
6718,990,0.5,2009-05-29,
6718,1645,0.17,2009-05-29,
6718,341,0.5706,2009-05-29,
6718,383,0.7132,2009-05-29,
6718,415,1.4265,2009-05-29,
6718,502452,0.34,2010-01-06,
6720,341,1.016,2022-09-16,
6720,383,1.2690000000000001,2022-09-16,
6720,415,2.539,2022-09-16,
6721,341,0.951,2009-06-02,
6721,383,1.1887,2009-06-02,
6721,415,2.3774,2009-06-02,
6723,1454,0.3,2009-06-16,
6723,1461,0.55,2009-06-16,
6725,1454,0.3,2009-06-17,
6725,1461,0.55,2009-06-17,
6727,12,0.26,2009-06-17,
6727,1456,0.4,2011-04-19,
6730,341,1.0482,2009-06-18,
6730,383,1.3102,2009-06-18,
6730,415,2.6204,2009-06-18,
6731,341,1.0693000000000001,2009-06-18,
6731,383,1.3366,2009-06-18,
6731,415,2.6733,2009-06-18,
6731,389,1.8712799999999998,2011-05-05,
6732,341,1.01,2009-06-18,
6732,383,1.2625,2009-06-18,
6732,415,2.525,2009-06-18,
6734,341,1.04824,2014-09-12,
6734,383,1.3103,2014-09-12,
6734,415,2.6205900000000004,2014-09-12,
6735,341,1.0190000000000001,2009-06-19,
6735,383,1.2738,2009-06-19,
6735,415,2.5475,2009-06-19,
6736,341,1.02,2009-06-19,
6736,383,1.275,2009-06-19,
6736,415,2.55,2009-06-19,
6737,341,0.3085,2009-06-19,
6737,383,0.3857,2009-06-19,
6737,415,0.7713,2009-06-19,
6737,1455,1.0,2009-06-19,
6738,341,0.44380000000000003,2009-06-22,
6738,383,0.5548,2009-06-22,
6738,415,1.1095,2009-06-22,
6738,1455,1.0,2009-06-22,
6739,413,0.654,2009-06-22,
6739,383,0.8175,2014-02-25,
6739,415,1.635,2009-06-22,
6739,1353,3.27,2009-06-22,
6739,1455,1.0,2009-06-22,
6740,341,0.5126,2009-06-29,
6740,383,0.6445000000000001,2009-06-29,
6740,415,1.2890000000000001,2009-06-29,
6740,1455,1.0,2009-06-29,
6741,341,0.45649999999999996,2009-06-29,
6741,383,0.5706,2009-06-29,
6741,415,1.14,2009-06-29,
6741,1455,1.0,2009-06-29,
6742,502439,2.32,2009-06-29,
6742,415,2.64159,2011-05-06,
6742,1607,1.95,2013-02-22,
6743,502439,2.56,2009-06-30,
6743,1457,1.4,2010-01-27,
6743,415,2.64159,2011-11-25,
6743,1607,1.95,2013-02-22,
6744,341,0.7481,2009-06-30,
6744,383,0.9351,2009-06-30,
6744,415,1.8703,2009-06-30,
6744,1457,1.4,2009-06-30,
6747,233,1.57,2009-07-02,
6747,1457,1.4,2009-07-02,
6748,233,1.27,2009-07-07,
6748,1457,1.4,2009-07-07,
6749,233,1.62,2009-07-07,
6749,1457,1.4,2009-07-07,
6750,233,1.62,2009-07-08,
6750,1457,1.4,2009-07-08,
6751,502440,1.0,2009-07-08,
6751,1457,1.4,2009-07-08,
6752,233,2.84,2009-07-08,
6752,1607,1.95,2009-07-08,
6753,233,2.46,2009-07-13,
6753,1457,1.4,2009-07-13,
6754,233,2.49,2009-07-13,
6754,1457,1.4,2009-07-13,
6755,233,1.57,2009-07-13,
6755,1457,1.4,2009-07-13,
6756,1457,1.4,2009-07-14,
6756,502441,2.4,2009-07-14,
6757,502441,1.67,2009-07-14,
6757,1457,1.4,2009-07-14,
6758,233,3.9,2009-07-14,
6758,1457,1.4,2009-07-14,
6759,233,2.3,2012-10-26,
6759,1457,1.4,2009-07-14,
6760,502442,0.09,2009-07-15,
6760,607,0.9,2009-07-15,
6760,1457,1.4,2009-07-15,
6760,867,0.85,2009-12-22,
6761,163,0.26,2009-07-15,
6761,990,0.5,2009-07-15,
6762,341,0.8453499999999999,2014-09-11,
6762,383,1.05669,2014-09-11,
6762,415,2.11338,2014-09-11,
6763,196,0.26,2009-07-16,
6763,1457,1.4,2009-07-16,
6764,196,0.26,2009-07-17,
6764,1457,1.4,2009-07-17,
6765,341,0.9932,2009-07-17,
6765,383,1.2415,2009-07-17,
6765,415,2.483,2009-07-17,
6765,1607,1.95,2009-07-17,
6765,1581,0.75,2010-01-07,
6766,341,0.8452,2009-07-17,
6766,383,1.0565,2009-07-17,
6766,415,2.113,2009-07-17,
6766,1607,1.95,2009-07-17,
6767,341,1.048,2009-07-17,
6767,383,1.31,2009-07-17,
6767,415,2.62,2009-07-17,
6767,1607,1.95,2009-07-17,
6769,341,0.9172,2009-07-17,
6769,383,1.1465,2009-07-17,
6769,415,2.293,2009-07-17,
6769,1457,1.4,2009-07-17,
6770,341,0.6848000000000001,2009-07-17,
6770,383,0.856,2009-07-17,
6770,415,1.712,2009-07-17,
6770,1457,1.4,2009-07-17,
6771,341,0.9172100000000001,2014-09-11,
6771,383,1.14651,2014-09-11,
6771,415,2.29302,2014-09-11,
6771,1457,1.4,2009-07-17,
6772,341,0.66,2009-07-20,
6772,383,0.825,2009-07-20,
6772,415,1.65,2009-07-20,
6772,1607,1.95,2009-07-20,
6773,341,1.03,2009-07-20,
6773,383,1.2875,2009-07-20,
6773,415,2.575,2009-07-20,
6773,1607,1.95,2009-07-20,
6773,174,6.545218536,2026-01-28,
6774,502443,2.23,2009-07-20,
6774,1457,1.4,2009-07-20,
6775,341,1.04,2009-07-20,
6775,383,1.3,2009-07-20,
6775,415,2.6,2009-07-20,
6775,1607,1.95,2009-07-20,
6776,341,1.0228,2009-07-21,
6776,383,1.2785,2009-07-21,
6776,415,2.557,2009-07-21,
6776,1607,1.95,2009-07-21,
6777,341,0.9172,2009-08-21,
6777,383,1.1465,2009-08-21,
6777,415,2.293,2009-08-21,
6778,383,1.2890000000000001,2009-08-21,
6778,415,2.5780000000000003,2009-08-21,
6778,341,1.0312000000000001,2009-08-27,
6778,174,4.313675672,2026-01-28,
6779,341,0.8368000000000001,2009-08-27,
6779,383,1.046,2009-08-27,
6779,415,2.092,2009-08-27,
6779,174,2.577388523,2026-01-28,
6780,502444,1.84,2009-08-28,
6780,1457,1.4,2009-08-28,
6781,1457,1.4,2009-08-31,
6781,211,8.94,2014-01-07,
6781,502504,1.49,2014-01-07,
6782,1496,0.75,2009-09-01,
6784,341,1.0270000000000001,2009-11-10,
6784,383,1.2838,2009-11-10,
6784,415,2.5676,2009-11-10,
6785,245,0.32,2012-10-24,
6785,990,0.5,2012-10-24,
6786,385,0.1521,2009-09-28,
6786,341,1.014,2009-09-28,
6786,383,1.2675,2009-09-28,
6786,415,2.535,2009-09-28,
6786,1454,0.3,2009-09-28,
6786,428,0.3042,2010-02-04,
6787,385,0.152,2009-09-28,
6787,640,0.6081,2009-09-29,
6787,341,1.0134999999999998,2009-09-29,
6787,383,1.2669,2009-09-29,
6787,415,2.5338,2009-09-29,
6787,1454,0.3,2009-09-29,
6788,385,0.15410000000000001,2009-09-29,
6788,640,0.6162,2009-09-29,
6788,341,1.0271,2009-09-29,
6788,383,1.2838,2009-09-29,
6788,415,2.5676,2009-09-29,
6788,1454,0.3,2009-09-29,
6789,428,0.39307000000000003,2009-11-06,
6789,341,1.31023,2009-11-06,
6789,383,1.6377899999999999,2009-11-06,
6789,415,3.2756,2009-11-06,
6790,110,0.81,2016-06-28,
6790,371,0.78618,2014-07-07,
6790,971,0.98272,2014-07-07,
6790,979,1.96544,2014-07-07,
6790,1457,1.4,2009-11-06,
6791,363,0.48994,2009-11-06,
6791,1145,0.61243,2009-11-06,
6791,1146,1.2285,2009-11-06,
6791,1470,0.85,2009-11-06,
6792,72,0.042,2009-11-10,
6792,1494,0.2,2009-11-10,
6792,1544,0.29,2009-11-10,
6793,231,0.35,2009-11-10,
6793,502447,0.7,2009-11-10,
6793,1496,0.75,2009-11-10,
6794,1481,0.04,2011-05-03,
6795,1456,0.4,2009-11-10,
6796,233,2.71,2009-11-10,
6796,1457,1.4,2009-11-10,
6797,196,1.36,2009-11-10,
6797,1455,1.0,2009-11-10,
6797,1496,0.75,2012-08-17,
6798,196,1.99,2009-11-10,
6798,1455,1.0,2009-11-10,
6799,196,0.4,2009-11-10,
6799,1496,0.75,2012-08-17,
6799,1455,1.0,2016-01-15,
6801,196,0.75,2009-11-10,
6801,1455,1.0,2009-11-10,
6802,196,0.84,2009-11-10,
6802,1455,1.0,2009-11-10,
6802,1496,0.75,2012-08-17,
6804,196,1.36,2009-11-10,
6804,1455,1.0,2009-11-10,
6806,196,0.27,2010-12-08,
6806,1455,1.0,2009-11-10,
6808,196,0.63,2010-12-08,
6808,1455,1.0,2009-11-10,
6809,1455,1.0,2009-11-10,
6810,990,0.5,2009-11-10,
6811,867,0.23,2009-11-10,
6811,1456,0.4,2009-11-10,
6812,990,0.5,2009-11-10,
6812,1454,0.3,2012-08-30,
6812,480,0.04666000000000001,2016-12-29,
6812,502469,0.7,2016-12-29,
6813,196,0.31,2009-11-10,
6813,445,1.86,2009-11-10,
6813,402,0.62,2010-01-27,
6813,990,0.5,2011-04-08,
6814,196,0.89,2009-11-10,
6814,1461,0.55,2011-05-06,
6817,1481,0.04,2011-05-05,
6818,1481,0.04,2011-05-03,
6821,867,1.49,2009-11-10,
6821,987,1.75,2011-05-06,
6822,640,0.59087,2009-11-17,
6822,341,0.98478,2009-11-17,
6822,415,2.46196,2009-11-17,
6832,1454,0.3,2009-11-25,
6832,1461,0.55,2009-11-25,
6832,341,0.13102,2015-06-24,
6832,383,0.16378,2015-06-24,
6832,389,0.22929,2015-06-24,
6832,415,0.32756,2015-06-24,
6833,1454,0.3,2009-11-27,
6833,341,0.16906,2009-11-27,
6833,383,0.21133,2009-11-27,
6833,389,0.29586,2009-11-27,
6833,415,0.42265,2009-11-27,
6834,1454,0.3,2009-11-27,
6834,341,0.16906,2009-11-27,
6834,383,0.21133,2009-11-27,
6834,389,0.29586,2009-11-27,
6834,415,0.42266,2009-11-27,
6836,1454,0.3,2009-12-01,
6836,341,0.16906,2009-12-01,
6836,383,0.21133,2009-12-01,
6836,389,0.29586,2009-12-01,
6836,415,0.42265,2009-12-01,
6837,1454,0.3,2009-12-02,
6837,1461,0.55,2009-12-02,
6837,341,0.30854,2009-12-02,
6837,383,0.38567,2009-12-02,
6837,389,0.53994,2009-12-02,
6837,415,0.77134,2009-12-02,
6838,1454,0.3,2009-12-02,
6838,341,0.16906,2009-12-02,
6838,383,0.21133,2009-12-02,
6838,389,0.29586,2009-12-02,
6838,415,0.42265,2009-12-02,
6839,1454,0.3,2009-12-03,
6839,341,0.19018999999999997,2009-12-03,
6839,383,0.23774,2009-12-03,
6839,389,0.33582999999999996,2009-12-03,
6839,415,0.47548999999999997,2009-12-03,
6839,1461,0.55,2013-06-19,
6840,1454,0.3,2009-12-03,
6840,1461,0.55,2009-12-03,
6840,341,0.30854,2009-12-03,
6840,383,0.38567,2009-12-03,
6840,389,0.53994,2009-12-03,
6840,415,0.77134,2009-12-03,
6843,1454,0.3,2009-12-03,
6843,1461,0.55,2009-12-03,
6843,341,0.30854,2009-12-03,
6843,383,0.38567,2009-12-03,
6843,389,0.53994,2009-12-03,
6843,415,0.77134,2009-12-03,
6844,1454,0.3,2009-12-03,
6844,1461,0.55,2009-12-03,
6844,341,0.30854,2009-12-03,
6844,383,0.38567,2009-12-03,
6844,389,0.53994,2009-12-03,
6844,415,0.77134,2009-12-03,
6845,1454,0.3,2009-12-04,
6845,1461,0.55,2009-12-04,
6845,341,0.30854,2009-12-04,
6845,383,0.38567,2009-12-04,
6845,389,0.53994,2009-12-04,
6845,415,0.77134,2009-12-04,
6846,1454,0.3,2009-12-04,
6846,1461,0.55,2009-12-04,
6846,341,0.30854,2009-12-04,
6846,383,0.38567,2009-12-04,
6846,389,0.53994,2009-12-04,
6846,415,0.77134,2009-12-04,
6847,1454,0.3,2009-12-04,
6847,1461,0.55,2009-12-04,
6847,341,0.30854,2009-12-04,
6847,383,0.38567,2009-12-04,
6847,389,0.53994,2009-12-04,
6847,415,0.77134,2009-12-04,
6848,1454,0.3,2009-12-07,
6848,341,0.16906,2009-12-07,
6848,383,0.21133,2009-12-07,
6848,389,0.29586,2009-12-07,
6848,415,0.42265,2009-12-07,
6850,1581,0.75,2010-01-27,
6850,1122,0.57058,2010-03-22,
6850,1124,1.42645,2010-03-22,
6850,1455,1.0,2010-03-05,
6850,477,6.9,2014-05-23,
6851,1581,0.75,2010-01-14,
6851,86,1.64,2010-03-22,
6851,1455,1.0,2010-03-22,
6851,343,0.57058,2010-03-22,
6851,1032,1.42645,2010-03-22,
6852,1581,0.75,2010-01-27,
6852,297,2.61,2010-03-22,
6852,1455,1.0,2010-03-22,
6852,343,0.57058,2010-03-22,
6852,1032,1.42645,2010-03-22,
6853,1581,0.75,2010-01-13,
6853,150,4.25,2010-03-22,
6853,1455,1.0,2010-03-22,
6853,343,0.57058,2010-03-22,
6853,1032,1.42645,2010-03-22,
6854,1581,0.75,2010-01-13,
6854,307,1.18,2010-03-22,
6854,343,0.57158,2010-03-22,
6854,1032,1.42645,2010-03-22,
6854,1455,1.0,2010-03-22,
6856,1580,0.9,2010-03-04,
6856,1489,1.25,2010-03-04,
6856,477,9.85,2010-03-04,
6857,1580,0.9,2010-01-14,
6857,1489,1.25,2010-03-04,
6857,86,2.32,2010-03-04,
6858,1580,0.9,2010-01-14,
6858,297,3.67,2010-03-04,
6858,1489,1.25,2010-03-04,
6859,1580,0.9,2010-01-14,
6859,150,5.99,2010-03-04,
6859,1489,1.25,2010-03-04,
6862,1580,0.9,2010-01-14,
6862,307,1.71,2010-03-04,
6862,1489,1.25,2010-03-04,
6863,1580,0.9,2010-01-27,
6863,86,2.6872000000000003,2010-03-22,
6863,1489,1.25,2010-03-22,
6864,1580,0.9,2010-01-27,
6864,297,4.2395,2010-03-22,
6864,1489,1.25,2010-03-22,
6865,1580,0.9,2010-01-27,
6865,477,9.5925,2010-03-22,
6865,1489,1.25,2010-03-22,
6866,1580,0.9,2010-01-27,
6866,150,6.2673000000000005,2010-03-22,
6866,1489,1.25,2010-03-22,
6867,1580,0.9,2010-01-27,
6867,86,2.4484,2010-03-22,
6867,1489,1.25,2010-03-22,
6868,1580,0.9,2010-01-27,
6868,297,3.8188999999999997,2010-03-22,
6868,1489,1.25,2010-03-22,
6870,1581,0.75,2010-01-27,
6870,86,1.756,2010-03-23,
6870,1122,0.57058,2010-03-23,
6870,1124,1.42645,2010-03-23,
6870,1455,1.0,2010-03-23,
6871,1581,0.75,2010-01-27,
6871,297,2.9916,2010-03-24,
6871,1122,0.57058,2010-03-24,
6871,1124,1.42645,2010-03-24,
6871,1455,1.0,2010-03-24,
6872,1581,0.75,2010-01-27,
6872,477,7.21,2010-03-24,
6872,343,0.57058,2010-03-24,
6872,1124,1.42645,2010-03-24,
6872,1455,1.0,2010-03-24,
6873,1581,0.75,2010-01-27,
6873,150,4.345,2010-03-24,
6873,1122,0.57058,2010-03-24,
6873,1124,1.42645,2010-03-24,
6873,1455,1.0,2010-03-24,
6874,1581,0.75,2010-01-27,
6874,86,1.6196000000000002,2010-03-24,
6874,343,0.57058,2010-03-24,
6874,1124,1.42645,2010-03-24,
6874,1455,1.0,2010-03-24,
6875,1581,0.75,2010-01-27,
6875,297,2.7256,2010-03-24,
6875,1122,0.57058,2010-03-24,
6875,1124,1.42645,2010-03-24,
6875,1455,1.0,2010-03-24,
6876,1581,0.75,2010-01-27,
6876,307,1.7661000000000002,2010-03-22,
6876,1489,1.25,2010-03-22,
6876,1580,0.9,2012-08-31,
6877,1581,0.75,2010-01-27,
6877,307,1.2631000000000001,2010-03-24,
6877,1122,0.57058,2010-03-24,
6877,1124,1.42645,2010-03-24,
6877,1455,1.0,2010-03-24,
6878,1581,0.75,2010-01-22,
6878,86,1.78,2010-03-17,
6878,343,0.57058,2010-03-19,
6878,1032,1.42645,2010-03-19,
6878,1455,1.0,2010-03-17,
6879,297,2.87,2010-03-19,
6879,343,0.57085,2010-03-19,
6879,1032,1.42645,2010-03-19,
6879,1455,1.0,2010-03-19,
6879,1496,0.75,2012-08-14,
6883,196,1.13,2014-04-14,
6883,1457,1.4,2011-05-06,
6889,1580,0.9,2010-02-04,
6889,86,2.57,2010-03-05,
6889,1489,1.25,2010-03-05,
6891,297,4.24,2010-03-05,
6891,1489,1.25,2010-03-05,
6891,502468,0.9,2012-08-14,
6893,1580,0.9,2010-02-04,
6893,86,1.8661,2010-03-05,
6893,1489,1.25,2010-03-05,
6894,1581,0.75,2010-02-04,
6894,86,1.112,2010-03-16,
6894,1122,0.57058,2010-03-16,
6894,1124,1.42645,2010-03-16,
6894,1455,1.0,2010-03-23,
6895,1580,0.9,2010-02-04,
6895,86,1.6921000000000002,2010-03-05,
6895,1489,1.25,2010-03-05,
6896,1581,0.75,2010-02-04,
6896,86,1.0078,2010-03-16,
6896,1122,0.57058,2010-03-16,
6896,1124,1.42645,2010-03-16,
6896,1455,1.0,2010-03-23,
6897,1580,0.9,2010-02-04,
6897,297,2.5422,2010-03-05,
6897,1489,1.25,2010-03-05,
6898,1581,0.75,2010-02-04,
6898,297,1.8363,2010-03-16,
6898,1122,0.57058,2010-03-16,
6898,1124,1.45645,2010-03-16,
6898,1455,1.0,2010-03-23,
6899,1580,0.9,2010-02-04,
6899,297,2.3104,2010-03-05,
6899,1489,1.25,2010-03-05,
6900,1581,0.75,2010-02-04,
6900,297,1.6806999999999999,2010-03-16,
6900,1122,0.57058,2010-03-16,
6900,1124,1.42645,2010-03-16,
6900,1455,1.0,2010-03-23,
6901,315,0.85625,2010-03-24,
6901,1122,0.57058,2010-03-24,
6901,1032,1.42645,2010-03-24,
6901,1455,1.0,2010-03-24,
6901,1496,0.75,2012-08-14,
6902,315,0.972,2010-03-22,
6902,1489,1.25,2010-03-22,
6902,502468,0.9,2012-08-14,
6903,385,0.161,2010-05-27,
6903,415,2.71555,2010-05-27,
6903,428,0.322,2011-05-02,
6904,196,0.19,2011-05-05,
6904,1470,0.85,2011-05-05,
6904,502459,0.76,2011-05-05,
6905,1454,0.3,2011-04-19,
6905,341,0.16906,2011-05-11,
6905,389,0.29586,2011-05-11,
6905,415,0.42265,2011-05-11,
6906,1454,0.3,2011-04-13,
6906,341,0.22823000000000002,2011-05-11,
6906,415,0.57058,2011-05-11,
6907,1461,0.55,2011-04-13,
6907,1454,0.3,2011-04-13,
6907,341,0.24091,2011-05-11,
6907,415,0.60228,2011-05-11,
6908,1454,0.3,2011-04-27,
6908,341,0.18597999999999998,2011-05-11,
6908,389,0.32543999999999995,2011-05-11,
6908,415,0.46495,2011-05-11,
6909,1461,0.55,2011-04-21,
6909,1454,0.3,2011-04-21,
6909,341,0.23669,2011-05-11,
6909,415,0.59172,2011-05-11,
6910,1461,0.55,2011-04-13,
6910,1454,0.3,2011-04-27,
6910,341,0.27613,2011-05-11,
6910,415,0.69033,2011-05-11,
6910,389,0.48323,2011-05-11,
6912,1454,0.3,2011-04-15,
6912,341,0.16343,2011-05-11,
6912,389,0.285,2011-05-11,
6913,1454,0.3,2011-04-15,
6913,341,0.18259,2011-05-11,
6913,415,0.45645,2011-05-11,
6913,1461,0.55,2013-06-19,
6915,1454,0.3,2011-04-13,
6915,341,0.16906,2011-05-11,
6915,389,0.29586,2011-05-11,
6915,415,0.42265,2011-05-11,
6916,1454,0.3,2011-04-13,
6916,341,0.1268,2011-05-11,
6916,415,0.317,2011-05-11,
6917,1454,0.3,2011-04-15,
6917,1461,0.55,2011-04-15,
6917,341,0.25359000000000004,2011-05-11,
6917,383,0.317,2011-05-11,
6917,415,0.63398,2011-05-11,
6918,1454,0.3,2011-04-15,
6918,1461,0.55,2011-04-21,
6918,341,0.23246,2011-05-11,
6918,415,0.58115,2011-05-11,
6919,1454,0.3,2011-04-13,
6919,341,0.16343,2011-05-11,
6919,389,0.28600000000000003,2011-05-11,
6919,415,0.40857999999999994,2011-05-11,
6920,1454,0.3,2011-04-15,
6920,1461,0.55,2011-04-21,
6920,341,0.18597000000000002,2011-05-11,
6920,415,0.46492,2011-05-11,
6921,1467,0.15,2011-04-15,
6921,1454,0.3,2011-04-15,
6921,341,0.0634,2011-05-11,
6921,415,0.15949,2011-05-11,
6922,1454,0.3,2011-04-27,
6923,1454,0.3,2011-04-13,
6923,341,0.1268,2011-05-11,
6923,415,0.317,2011-05-11,
6923,345,0.37162,2013-03-21,
6923,502488,0.2229,2013-03-21,
6923,502489,0.4645,2013-03-21,
6924,1454,0.3,2011-04-15,
6924,341,0.16906,2011-05-11,
6924,389,0.29586,2011-05-11,
6924,415,0.42265,2011-05-11,
6925,1454,0.3,2011-05-05,
6925,1461,0.55,2011-05-05,
6925,341,0.34236,2011-05-11,
6925,389,0.5991299999999999,2011-05-11,
6925,415,0.8559,2011-05-11,
6926,1580,0.9,2011-10-28,
6926,1489,1.25,2011-11-22,
6927,341,0.49872999999999995,2011-07-25,
6927,383,0.62342,2011-07-25,
6927,415,1.2468000000000001,2011-07-25,
6927,338,0.53,2011-07-25,
6927,1457,1.4,2011-07-25,
6928,341,0.22823000000000002,2011-07-28,
6928,383,0.28529,2011-07-28,
6928,415,0.57058,2011-07-28,
6928,1470,0.85,2011-07-28,
6928,196,0.054000000000000006,2011-07-28,
6929,196,0.129,2011-07-28,
6929,341,0.27895,2011-07-28,
6929,383,0.34868000000000005,2011-07-28,
6929,415,0.69738,2011-07-28,
6929,1470,0.85,2011-08-31,
6930,502462,5.74,2011-07-29,
6930,415,2.2929,2016-01-13,
6930,341,0.9172,2016-01-13,
6930,383,1.1464,2016-01-13,
6931,502462,6.37,2011-07-29,
6931,1670,0.73,2011-07-29,
6931,1457,1.4,2011-07-29,
6932,1581,0.75,2011-08-31,
6932,1461,0.55,2011-08-31,
6933,502462,6.04,2011-07-29,
6933,341,0.6847,2016-01-13,
6933,383,0.8559,2016-01-13,
6934,502463,0.126,2011-07-29,
6934,502464,0.63,2011-08-31,
6934,1470,0.85,2011-08-31,
6935,26,0.14,2011-08-31,
6935,502464,0.7,2011-08-31,
6935,1470,0.85,2011-08-31,
6936,341,0.37616,2011-07-29,
6936,383,0.4702,2011-07-29,
6936,415,0.9404,2011-07-29,
6936,1470,0.85,2011-08-31,
6937,196,0.39,2011-08-31,
6937,402,0.78,2011-08-31,
6937,383,1.1729,2012-08-16,
6938,196,1.66,2011-08-31,
6938,1457,1.4,2014-10-27,
6939,1457,1.4,2014-10-27,
6939,196,1.42,2014-10-27,
6940,415,2.6391500000000003,2014-12-02,
6940,341,1.05566,2014-12-02,
6940,383,1.31958,2014-12-02,
6943,341,0.9890000000000001,2011-10-28,
6943,383,1.2363,2011-10-28,
6943,415,2.4725,2011-10-28,
6944,1580,0.9,2011-11-22,
6944,1489,1.25,2011-11-22,
6945,1455,1.0,2011-11-22,
6945,1581,0.75,2011-11-22,
6948,341,1.0138,2013-04-12,
6948,383,1.2673,2013-04-12,
6948,389,1.7741999999999998,2013-04-12,
6948,415,2.5345,2013-04-12,
6948,987,1.75,2013-04-12,
6949,341,1.0518,2013-04-16,
6949,383,1.3148,2013-04-16,
6949,389,1.8407,2013-04-16,
6949,415,2.6294999999999997,2013-04-16,
6949,987,1.75,2013-04-16,
6950,341,1.0539,2013-04-19,
6950,383,1.3174000000000001,2013-04-19,
6950,389,1.8443,2013-04-19,
6950,415,2.6348000000000003,2013-04-19,
6950,987,1.75,2013-04-19,
6951,383,1.3174000000000001,2013-04-16,
6951,389,1.8443,2013-04-16,
6951,415,2.6348000000000003,2015-06-02,
6951,341,1.0539,2013-04-16,
6951,987,1.75,2013-04-16,
6952,341,1.0529000000000002,2013-04-19,
6952,383,1.3161,2013-04-19,
6952,389,1.8426,2013-04-19,
6952,415,2.6323000000000003,2013-04-19,
6952,987,1.75,2013-04-19,
6953,341,1.0979,2013-04-16,
6953,383,1.3724,2013-04-16,
6953,389,1.9213,2013-04-16,
6953,415,2.7448,2013-04-16,
6953,987,1.75,2013-04-16,
6954,341,1.0558,2013-04-12,
6954,383,1.3197999999999999,2013-04-12,
6954,389,1.8477000000000001,2013-04-12,
6954,415,2.6395,2013-04-12,
6954,987,1.75,2013-04-12,
6955,341,1.0722,2013-04-25,
6955,383,1.3403,2013-04-25,
6955,389,1.8763999999999998,2013-04-25,
6955,415,2.6805000000000003,2013-04-25,
6955,987,1.75,2013-04-25,
6956,341,1.0979999999999999,2013-04-19,
6956,383,1.3725,2013-04-19,
6956,389,1.9215,2013-04-19,
6956,415,2.745,2013-04-19,
6956,987,1.75,2013-04-19,
6958,341,1.0722,2013-04-25,
6958,383,1.3403,2013-04-25,
6958,389,1.8763999999999998,2013-04-25,
6958,415,2.6805000000000003,2013-04-25,
6958,987,1.75,2013-04-25,
6959,341,1.041,2013-04-12,
6959,383,1.3013,2013-04-12,
6959,389,1.8218,2013-04-12,
6959,415,2.6025,2013-04-12,
6959,987,1.75,2013-04-12,
6960,341,1.041,2013-04-25,
6960,383,1.3013,2013-04-25,
6960,389,1.8218,2013-04-25,
6960,415,2.6025,2013-04-25,
6960,987,1.75,2013-04-25,
6961,341,1.0581,2013-04-12,
6961,383,1.3226,2013-04-12,
6961,389,1.8517,2013-04-12,
6961,415,2.6452999999999998,2013-04-12,
6961,987,1.75,2013-04-12,
6962,341,1.0581,2013-04-12,
6962,383,1.3226,2013-04-12,
6962,389,1.8517,2013-04-12,
6962,415,2.6452999999999998,2013-04-12,
6962,987,1.75,2013-04-12,
6963,341,1.0895000000000001,2013-04-16,
6963,383,1.3618999999999999,2013-04-16,
6963,389,1.9066,2013-04-16,
6963,415,2.7237999999999998,2013-04-16,
6963,987,1.75,2013-04-16,
6964,341,1.0979999999999999,2013-04-19,
6964,383,1.3725,2013-04-19,
6964,389,1.9215,2013-04-19,
6964,415,2.745,2013-04-19,
6964,987,1.75,2013-04-19,
6965,341,1.0722,2013-04-16,
6965,383,1.3402500000000002,2013-04-16,
6965,389,1.87635,2013-04-16,
6965,415,2.6805000000000003,2013-04-16,
6965,987,1.75,2013-04-16,
6967,341,1.0925,2013-04-25,
6967,383,1.3656,2013-04-25,
6967,389,1.9119,2013-04-25,
6967,415,2.7313,2013-04-25,
6967,987,1.75,2013-04-25,
6971,341,1.0299,2013-04-11,
6971,383,1.2834,2013-04-11,
6971,415,2.5748,2013-04-11,
6971,389,1.8022999999999998,2013-04-11,
6971,987,1.75,2013-04-11,
6972,341,1.0702,2013-04-11,
6972,383,1.3378,2013-04-11,
6972,415,2.6755,2013-04-11,
6972,389,1.8729,2013-04-11,
6972,987,1.75,2013-04-11,
6973,341,1.0615,2013-04-11,
6973,383,1.3269,2013-04-11,
6973,415,2.6538,2013-04-11,
6973,389,1.858,2013-04-11,
6973,987,1.75,2013-04-12,
6974,341,1.0615,2013-04-12,
6974,383,1.3269,2013-04-12,
6974,389,1.8576,2013-04-12,
6974,415,2.6538,2013-04-12,
6974,987,1.75,2013-04-12,
6975,341,1.0715000000000001,2013-04-23,
6975,383,1.3394,2013-04-23,
6975,389,1.8751,2013-04-23,
6975,415,2.6788,2013-04-23,
6975,987,1.75,2013-04-23,
6976,341,1.0559,2013-04-25,
6976,383,1.3199,2013-04-25,
6976,389,1.8478,2013-04-25,
6976,415,2.6398,2013-04-25,
6976,987,1.75,2013-04-25,
6977,341,1.0715000000000001,2013-04-19,
6977,383,1.3394,2013-04-19,
6977,389,1.8751,2013-04-19,
6977,415,2.6788,2013-04-19,
6977,987,1.75,2013-04-19,
6978,341,1.0715000000000001,2013-04-16,
6978,383,1.3394,2013-04-16,
6978,389,1.8751,2013-04-16,
6978,415,2.6788,2013-04-16,
6978,987,1.75,2013-04-16,
6979,341,1.0101,2013-04-12,
6979,383,1.2626,2013-04-12,
6979,389,1.7677,2013-04-12,
6979,415,2.5253,2013-04-12,
6979,987,1.75,2013-04-12,
6980,341,1.0565,2013-04-18,
6980,383,1.3206,2013-04-18,
6980,389,1.8488999999999998,2013-04-18,
6980,415,2.6412999999999998,2013-04-18,
6980,987,1.75,2013-04-18,
6981,341,1.0731,2013-04-19,
6981,383,1.3414,2013-04-19,
6981,389,1.8779,2013-04-19,
6981,415,2.68275,2013-06-26,
6981,987,1.75,2013-04-19,
6982,341,1.0434,2013-04-19,
6982,383,1.3043,2013-06-26,
6982,389,1.8259999999999998,2013-04-19,
6982,415,2.6085000000000003,2013-04-19,
6982,987,1.75,2013-04-19,
6983,341,1.0434,2013-04-18,
6983,383,1.3043,2013-04-18,
6983,389,1.8259999999999998,2013-04-18,
6983,415,2.6085000000000003,2013-04-18,
6983,987,1.75,2013-04-18,
6984,341,1.0471,2013-04-12,
6984,383,1.3089,2013-04-12,
6984,389,1.8324,2013-04-12,
6984,415,2.6178,2013-04-12,
6984,987,1.75,2013-04-12,
6985,341,1.0471,2013-04-25,
6985,383,1.3089,2013-04-25,
6985,389,1.8324,2013-04-25,
6985,415,2.6178,2013-04-25,
6985,987,1.75,2013-04-25,
6986,341,1.0471,2013-04-25,
6986,383,1.3089,2013-04-25,
6986,389,1.8324,2013-04-25,
6986,415,2.6178,2013-04-25,
6986,987,1.75,2013-04-25,
6987,341,1.0609,2013-04-23,
6987,383,1.3261,2013-04-23,
6987,389,1.8566,2013-04-23,
6987,415,2.6522,2013-04-23,
6987,987,1.75,2013-04-23,
6989,341,1.0609,2013-04-23,
6989,383,1.3261,2013-04-23,
6989,389,1.8566,2013-04-23,
6989,415,2.6522,2013-04-23,
6989,987,1.75,2013-04-23,
6990,341,1.0609,2013-04-23,
6990,383,1.3261,2013-04-23,
6990,389,1.8566,2013-04-23,
6990,415,2.6522,2013-04-23,
6990,987,1.75,2013-04-23,
6992,341,1.0609,2013-04-23,
6992,383,1.3261,2013-04-23,
6992,389,1.8566,2013-04-23,
6992,415,2.6522,2013-04-23,
6992,987,1.75,2013-04-23,
6993,341,1.0773000000000001,2013-04-12,
6993,383,1.3466,2013-04-12,
6993,389,1.8783,2013-04-12,
6993,415,2.6933,2013-04-12,
6993,987,1.75,2014-06-02,
6993,1678,1.0089,2013-04-12,
6993,1679,2.1546000000000003,2013-04-12,
6994,341,1.0815000000000001,2013-04-12,
6994,383,1.3518999999999999,2013-04-12,
6994,389,1.8925999999999998,2013-04-12,
6994,415,2.7037999999999998,2013-04-12,
6994,1678,1.0058,2013-04-12,
6994,1679,2.1630000000000003,2015-06-25,
6994,987,1.75,2013-04-12,
6995,341,1.0154,2013-04-16,
6995,383,1.2693,2013-04-16,
6995,389,1.777,2013-04-16,
6995,415,2.5385,2013-04-16,
6995,1455,1.0,2013-04-16,
6996,341,1.082,2013-04-16,
6996,383,1.3525,2013-04-16,
6996,1678,0.6,2013-04-16,
6996,1679,1.0,2013-04-16,
6996,1455,1.0,2013-04-16,
6998,341,1.064,2013-04-16,
6998,383,1.33,2013-04-16,
6998,389,1.8619999999999999,2015-06-25,
6998,415,2.66,2015-06-25,
6998,987,1.75,2013-04-16,
6998,801,0.6,2013-04-16,
6999,341,0.94164,2016-01-19,
6999,413,1.88328,2016-01-19,
6999,383,1.1771,2016-01-19,
6999,415,2.3541,2016-01-19,
7000,341,0.94164,2016-01-19,
7000,383,1.1771,2016-01-19,
7000,415,2.3541,2016-01-19,
7000,413,1.88328,2016-01-19,
7002,341,1.0722,2013-04-25,
7002,383,1.3403,2013-04-25,
7002,389,1.8763999999999998,2013-04-25,
7002,415,2.6805000000000003,2013-04-25,
7002,987,1.75,2013-04-25,
7004,341,1.0895000000000001,2015-03-26,
7004,383,1.3618999999999999,2015-03-26,
7004,415,2.7237999999999998,2015-03-26,
7005,502486,0.21,2013-02-05,
7005,1267,0.16,2013-02-05,
7005,568,0.31,2013-02-05,
7005,502487,0.42,2013-02-05,
7005,1454,0.3,2013-02-06,
7006,502486,0.21,2013-02-05,
7006,568,0.31,2013-02-05,
7006,502487,0.42,2013-02-05,
7006,1454,0.3,2013-02-06,
7007,502486,0.21,2013-02-05,
7007,1454,0.3,2013-02-06,
7008,502486,0.21,2013-02-06,
7008,1454,0.3,2013-02-06,
7009,502486,0.21,2013-02-06,
7009,1454,0.3,2013-02-06,
7010,502486,0.21,2013-02-06,
7010,1454,0.3,2013-02-06,
7011,502486,0.21,2013-02-06,
7011,1454,0.3,2013-02-06,
7012,428,0.14328,2013-04-29,
7012,341,0.47759999999999997,2013-04-29,
7012,640,0.28656,2013-04-29,
7012,383,0.596,2013-04-29,
7012,1454,0.3,2013-02-06,
7013,428,0.32432,2013-04-29,
7013,640,0.64865,2013-04-29,
7013,341,1.0811,2013-04-29,
7013,383,1.3514,2013-04-29,
7013,1454,0.3,2013-02-07,
7014,428,0.30938,2013-04-29,
7014,640,0.60877,2013-04-29,
7014,341,1.03128,2013-04-29,
7014,383,1.2891,2013-04-29,
7014,1454,0.3,2013-02-07,
7017,415,2.4619999999999997,2012-12-28,
7017,383,1.2309999999999999,2012-12-28,
7017,341,0.9848,2012-12-28,
7017,502485,2.09,2012-12-28,
7020,341,1.1824299999999999,2012-09-17,
7020,385,0.17736000000000002,2012-09-17,
7020,428,0.35,2012-10-25,
7024,341,1.0354999999999999,2012-10-02,
7024,383,1.2943799999999999,2012-10-02,
7024,415,2.5887599999999997,2012-10-02,
7025,341,0.57481,2012-10-02,
7025,383,0.7184999999999999,2012-10-02,
7025,415,1.43702,2012-10-02,
7028,341,0.7269599999999999,2012-10-02,
7028,383,0.9087099999999999,2012-10-02,
7028,415,1.8174100000000002,2012-10-02,
7029,12,0.5,2012-10-02,
7031,233,0.82,2012-10-04,
7032,48,0.96,2012-10-04,
7034,196,0.18,2012-10-22,
7034,867,0.87,2012-10-24,
7034,1579,0.6,2012-10-24,
7035,196,0.2,2012-10-24,
7035,867,0.82,2012-10-24,
7035,1579,0.6,2012-10-24,
7036,415,1.6801400000000002,2013-12-11,
7036,867,2.3,2012-10-24,
7036,341,0.67205,2013-12-11,
7036,383,0.8400700000000001,2013-12-11,
7037,12,0.68,2012-10-24,
7037,1454,0.3,2012-10-24,
7038,341,0.57481,2013-07-02,
7038,383,0.7184999999999999,2013-07-02,
7038,415,1.43702,2013-07-02,
7039,415,2.5997500000000002,2014-12-04,
7039,37,5.21,2012-10-24,
7039,341,1.0399,2014-12-04,
7039,383,1.29988,2014-12-04,
7040,12,0.68,2012-10-15,
7041,341,1.06,2019-07-23,
7041,383,1.325,2019-07-23,
7041,415,2.65,2019-07-23,
7041,640,0.636,2019-07-23,
7041,1454,0.3,2012-10-15,
7041,990,0.5,2014-05-22,
7041,385,0.159,2019-10-21,
7042,341,1.03272,2014-12-04,
7042,415,2.5818,2014-12-04,
7042,37,5.16,2012-10-24,
7042,383,1.2909,2014-12-04,
7043,341,1.11584,2014-04-22,
7043,428,0.33475,2014-04-22,
7043,640,0.6695099999999999,2014-04-22,
7043,383,1.3948099999999999,2014-04-22,
7044,341,1.0144199999999999,2014-11-06,
7044,428,0.30433,2014-09-12,
7044,640,0.60865,2014-09-12,
7044,383,1.26803,2014-09-12,
7044,415,2.53605,2014-09-12,
7045,341,1.0134999999999998,2012-12-28,
7045,428,0.3041,2012-12-28,
7045,385,0.152,2012-12-28,
7046,341,1.11584,2014-04-24,
7046,385,0.16738,2014-04-24,
7046,428,0.33475,2014-04-24,
7047,341,1.14865,2012-10-16,
7047,385,0.1723,2012-10-16,
7047,428,0.34459,2012-10-16,
7048,341,1.0567,2013-07-09,
7048,428,0.31699,2013-07-09,
7048,640,0.63397,2013-07-09,
7048,383,1.3207900000000001,2013-07-09,
7048,415,2.6416000000000004,2013-07-09,
7048,1454,0.3,2012-10-24,
7049,341,1.0134999999999998,2012-10-16,
7049,385,0.15203,2012-10-16,
7049,428,0.30405,2012-10-16,
7050,341,0.92568,2016-04-07,
7050,1352,0.09257,2016-04-07,
7050,385,0.13885,2016-04-07,
7050,439,0.04628,2016-04-07,
7051,341,1.0397,2012-10-16,
7051,383,1.2997,2012-10-16,
7051,415,2.5993,2012-10-16,
7052,341,0.6340100000000001,2014-01-31,
7052,383,0.79252,2014-01-31,
7052,415,1.58504,2014-01-31,
7053,341,0.6889,2012-12-28,
7053,383,0.86116,2012-12-28,
7053,415,1.7223,2012-12-28,
7054,502462,6.01,2012-10-22,
7054,415,2.293,2014-01-03,
7054,341,0.9172100000000001,2014-01-03,
7054,383,1.1465,2014-01-03,
7056,415,2.66285,2014-08-18,
7056,502462,7.06,2012-10-25,
7056,341,1.06514,2014-08-18,
7056,1670,0.55,2012-10-25,
7056,383,1.3314300000000001,2014-08-18,
7057,341,1.0017,2012-10-22,
7057,389,1.7530000000000001,2012-10-22,
7057,415,2.5042,2012-10-22,
7059,502462,6.09,2012-10-22,
7059,415,2.388,2014-08-18,
7059,1670,0.42,2012-10-22,
7059,341,0.9551999999999999,2014-08-18,
7059,383,1.194,2014-08-18,
7060,37,2.53,2012-10-23,
7060,415,1.6061,2016-05-12,
7060,341,0.64243,2016-05-12,
7060,383,0.80538,2016-05-12,
7060,389,1.1243,2017-01-05,
7061,37,2.54,2012-10-23,
7061,415,1.52,2012-10-23,
7061,341,0.64243,2016-05-12,
7061,383,0.80538,2016-05-12,
7061,389,1.1243,2017-01-05,
7066,72,0.03,2012-10-23,
7066,1494,0.2,2012-10-23,
7066,867,0.14,2012-10-25,
7067,1461,0.55,2012-10-24,
7067,502479,0.655,2014-04-24,
7068,1461,0.55,2012-10-24,
7068,1411,0.14,2012-10-24,
7068,277,0.46,2012-10-24,
7068,89,1.02,2012-10-24,
7068,74,1.12,2012-10-24,
7068,502474,0.14,2012-10-24,
7069,500198,0.142,2012-10-25,
7069,341,0.7481399999999999,2014-01-03,
7069,640,0.44882,2014-01-03,
7069,383,0.93517,2014-01-03,
7069,990,0.5,2012-10-25,
7070,341,1.0059,2012-10-24,
7070,383,1.2573999999999999,2012-10-24,
7070,415,2.5147999999999997,2012-10-24,
7070,430,3.77213,2017-04-24,
7071,245,0.49,2012-10-24,
7071,1496,0.75,2016-08-03,
7073,196,0.57,2012-10-24,
7074,502473,0.3,2012-10-24,
7074,1494,0.2,2012-10-24,
7074,72,0.02,2012-10-24,
7075,867,0.025,2012-10-24,
7076,502473,0.3,2012-10-24,
7076,72,0.02,2012-10-24,
7076,1494,0.2,2012-10-24,
7077,72,0.02,2012-10-24,
7077,502473,0.31,2012-10-24,
7077,1494,0.2,2012-10-24,
7078,37,4.17,2012-10-24,
7078,1461,0.55,2012-10-24,
7078,1581,0.75,2014-05-23,
7079,72,0.02,2012-10-24,
7079,502473,0.3,2012-10-24,
7079,1494,0.2,2012-10-24,
7080,502475,2.47,2012-10-25,
7080,1461,0.55,2012-10-25,
7080,1581,0.75,2014-05-23,
7081,502476,2.66,2012-10-25,
7081,415,1.66948,2014-06-03,
7081,341,0.66779,2014-06-03,
7081,383,0.8647400000000001,2014-06-03,
7081,389,1.1686,2014-06-03,
7082,502475,2.42,2012-10-25,
7082,1461,0.55,2012-12-28,
7082,1581,0.75,2014-05-23,
7083,502476,2.66,2012-10-25,
7083,415,1.78571,2014-06-03,
7083,341,0.71429,2014-06-03,
7083,383,0.89256,2014-06-03,
7083,389,1.25,2014-06-03,
7084,341,1.0144199999999999,2013-12-30,
7084,640,0.60865,2013-12-30,
7084,428,0.30433,2013-12-30,
7084,385,0.15216,2013-12-30,
7085,341,0.66779,2012-10-25,
7085,383,0.83474,2012-10-25,
7085,415,1.66948,2012-10-25,
7085,389,1.1686,2014-05-22,
7086,341,0.71429,2012-10-26,
7086,383,0.89256,2012-10-26,
7086,415,1.78571,2012-10-26,
7086,389,1.25,2014-05-22,
7087,245,0.59,2012-10-25,
7087,990,0.5,2012-10-25,
7087,502477,0.43,2012-10-25,
7088,502478,0.65,2012-10-25,
7088,1461,0.55,2012-10-25,
7090,341,0.50719,2012-10-26,
7090,383,0.6309899999999999,2012-10-26,
7090,415,1.26796,2012-10-26,
7090,1454,0.3,2012-10-26,
7090,867,0.2,2014-05-23,
7091,867,0.78,2012-10-26,
7091,1413,0.17,2012-10-26,
7091,1457,1.4,2016-01-12,
7092,245,1.16,2012-10-26,
7092,1457,1.4,2012-10-26,
7092,502480,9.32,2012-10-26,
7093,341,1.05241,2012-10-26,
7093,383,1.31551,2012-10-26,
7093,415,2.63102,2012-10-26,
7093,1457,1.4,2012-10-26,
7094,245,0.88,2012-10-26,
7094,502480,6.7,2012-10-26,
7094,1457,1.4,2012-10-26,
7096,245,0.79,2012-10-26,
7096,502480,5.97,2012-10-26,
7096,1457,1.4,2012-10-26,
7097,341,1.0566,2012-10-26,
7097,383,1.3207900000000001,2012-10-26,
7097,415,2.64159,2012-10-26,
7097,1457,1.4,2012-10-26,
7098,502481,1.02,2012-10-26,
7098,1457,1.4,2012-10-26,
7099,341,0.57904,2012-10-26,
7099,383,0.7238,2012-10-26,
7099,415,1.44759,2012-10-26,
7099,174,2.986668398,2026-01-28,
7100,502481,0.98,2012-10-26,
7100,1457,1.4,2012-10-26,
7101,341,1.10735,2012-10-26,
7101,383,1.38419,2012-10-26,
7101,415,2.76829,2012-10-26,
7102,502444,1.8,2012-10-26,
7102,1457,1.4,2012-10-26,
7103,341,1.02282,2012-10-26,
7103,383,1.27853,2012-10-26,
7103,415,2.55706,2012-10-26,
7104,867,1.63,2012-10-26,
7104,1455,1.0,2012-10-26,
7107,341,1.0979999999999999,2013-04-19,
7107,383,1.3725,2013-04-19,
7107,389,1.9215,2013-04-19,
7107,415,2.745,2013-04-19,
7107,987,1.75,2013-04-19,
7110,341,1.0138,2013-04-12,
7110,383,1.2673,2013-04-12,
7110,389,1.7741999999999998,2013-04-12,
7110,415,2.5345,2013-04-12,
7110,987,1.75,2013-04-12,
7111,341,1.0518,2013-04-17,
7111,389,1.8407,2013-04-17,
7111,415,2.6294999999999997,2013-04-17,
7111,987,1.75,2013-04-17,
7111,383,1.3148,2013-04-17,
7112,196,0.21,2013-03-27,
7112,1455,1.0,2013-03-27,
7113,341,1.0539,2013-04-19,
7113,383,1.3174000000000001,2013-04-19,
7113,389,1.8443,2013-04-19,
7113,415,2.6348000000000003,2013-04-19,
7113,987,1.75,2013-04-19,
7115,341,1.0895000000000001,2013-04-16,
7115,383,1.3618999999999999,2013-04-16,
7115,389,1.9066,2013-04-16,
7115,415,2.7237999999999998,2013-04-16,
7115,987,1.75,2013-04-16,
7116,341,1.0979999999999999,2013-04-19,
7116,383,1.3725,2013-04-19,
7116,389,1.9215,2013-04-19,
7116,415,2.745,2013-04-19,
7116,987,1.75,2013-04-19,
7118,341,1.0609,2013-04-23,
7118,383,1.3261,2013-04-23,
7118,389,1.8566,2013-04-23,
7118,415,2.6522,2013-04-23,
7118,987,1.75,2013-04-23,
7119,383,1.3416,2013-04-12,
7119,389,1.8853,2013-04-12,
7119,415,2.6933,2013-04-12,
7119,987,1.75,2013-04-12,
7119,502491,2.1546000000000003,2013-04-12,
7119,341,1.0773000000000001,2013-04-12,
7120,341,1.0815000000000001,2013-04-12,
7120,383,1.3518999999999999,2013-04-12,
7120,389,1.8925999999999998,2013-04-12,
7120,415,2.7037999999999998,2013-04-12,
7120,502491,2.1630000000000003,2013-04-12,
7120,987,1.75,2013-04-12,
7121,341,1.0471,2013-04-12,
7121,383,1.3089,2013-04-12,
7121,389,1.8324,2013-04-12,
7121,415,2.6178,2013-04-12,
7121,987,1.75,2013-04-12,
7122,341,1.0471,2013-04-25,
7122,383,1.3089,2013-04-25,
7122,389,1.8324,2013-04-25,
7122,415,2.6178,2013-04-25,
7122,987,1.75,2013-04-25,
7123,341,1.0471,2013-04-25,
7123,383,1.3089,2013-04-25,
7123,389,1.8324,2013-04-25,
7123,415,2.6178,2013-04-25,
7123,987,1.75,2013-04-25,
7125,553,1.52,2013-03-25,
7125,160,1.77,2013-03-25,
7125,139,2.27,2013-03-25,
7125,371,0.59172,2013-03-25,
7125,971,0.73964,2013-03-25,
7125,979,1.47929,2013-03-25,
7126,553,1.29,2013-03-26,
7126,160,1.69,2013-03-26,
7126,139,2.15,2013-03-26,
7126,371,0.46072,2014-02-24,
7126,971,0.5759000000000001,2014-02-24,
7126,979,1.15179,2014-02-24,
7126,1457,1.4,2014-02-24,
7127,1454,0.3,2013-03-26,
7127,341,0.60017,2013-03-26,
7127,640,0.3601,2013-03-26,
7128,341,0.60862,2013-03-26,
7128,640,0.36517000000000005,2013-03-26,
7128,1454,0.3,2013-03-26,
7129,640,0.55796,2014-02-19,
7129,341,0.92989,2014-02-19,
7129,428,0.27897,2014-02-19,
7129,385,0.13948,2014-02-19,
7129,383,1.16236,2014-02-19,
7129,415,2.32472,2014-02-19,
7130,502505,0.69,2013-03-27,
7130,1457,1.4,2013-03-27,
7130,502480,5.56,2014-01-08,
7131,1601,0.45,2013-04-03,
7131,341,0.7107800000000001,2013-11-06,
7131,640,0.42646999999999996,2013-11-06,
7131,383,0.88847,2013-11-06,
7131,415,1.77694,2013-11-06,
7132,341,0.98478,2013-04-03,
7132,383,1.2309999999999999,2013-04-03,
7132,415,2.4619999999999997,2013-04-03,
7132,1457,1.4,2013-04-03,
7132,640,0.59087,2013-11-06,
7133,428,0.31448,2013-12-30,
7133,640,0.62896,2013-12-30,
7133,341,1.04827,2013-12-30,
7133,383,1.3103399999999998,2013-12-30,
7134,640,0.05072,2013-12-30,
7134,341,0.42265,2013-04-03,
7134,1481,0.04,2016-08-17,
7134,428,0.02536,2013-12-30,
7134,383,0.10567,2013-12-30,
7135,1467,0.15,2013-04-03,
7135,640,0.25359000000000004,2013-04-03,
7135,341,0.42265,2013-04-03,
7135,383,0.5283100000000001,2014-05-26,
7136,640,0.46453000000000005,2013-11-06,
7136,341,0.77422,2013-11-06,
7136,383,0.96777,2013-11-06,
7136,415,1.9355000000000002,2013-11-06,
7136,1601,0.45,2013-04-03,
7137,341,1.04396,2013-04-03,
7137,383,1.3049000000000002,2013-04-03,
7137,415,2.6098899999999996,2013-04-03,
7137,1457,1.4,2013-04-03,
7137,640,0.62637,2013-11-07,
7138,1601,0.45,2013-04-03,
7138,640,0.51783,2013-11-07,
7138,383,1.07883,2013-11-07,
7138,415,2.15765,2013-11-07,
7138,341,0.8630599999999999,2013-11-07,
7139,341,1.0059,2013-04-03,
7139,383,1.2573999999999999,2013-04-03,
7139,415,2.5147999999999997,2013-04-03,
7139,1457,1.4,2013-04-03,
7139,640,0.6035499999999999,2013-11-07,
7141,341,0.7988200000000001,2013-04-04,
7141,383,0.9985200000000001,2013-04-04,
7141,415,1.9969999999999999,2013-04-04,
7143,245,0.26,2013-04-04,
7143,1583,0.54,2013-04-04,
7144,306,1.0,2013-05-21,
7144,371,0.6382099999999999,2013-05-21,
7144,979,1.5955199999999998,2013-05-21,
7144,1461,0.55,2013-05-21,
7145,306,0.7,2013-05-21,
7145,371,0.6382099999999999,2013-05-21,
7145,979,1.5955199999999998,2013-05-21,
7145,1461,0.55,2013-05-21,
7146,306,0.37,2013-05-22,
7146,371,0.6382099999999999,2013-05-22,
7146,979,1.5955199999999998,2013-05-22,
7146,1461,0.55,2013-05-22,
7147,568,0.5,2013-12-12,
7147,245,0.294,2014-01-02,
7147,1461,0.55,2013-12-12,
7149,568,0.5,2014-07-08,
7149,245,0.294,2014-07-08,
7149,1461,0.55,2014-07-08,
7150,1671,0.63,2013-12-12,
7150,245,0.21,2013-12-12,
7150,1496,0.75,2013-12-12,
7151,245,0.242,2014-01-03,
7151,1461,0.55,2013-12-12,
7152,245,0.275,2013-12-12,
7152,1461,0.55,2013-12-12,
7153,1461,0.55,2013-12-12,
7153,502502,0.055,2013-12-12,
7154,245,0.16699999999999998,2014-01-03,
7154,1461,0.55,2013-12-12,
7154,502503,0.5,2014-01-03,
7155,403,0.525,2013-12-12,
7155,1461,0.55,2013-12-12,
7156,245,0.257,2014-01-03,
7156,1461,0.55,2013-12-12,
7157,245,0.122,2014-01-03,
7157,1461,0.55,2013-12-12,
7158,245,0.26,2014-01-03,
7158,1461,0.55,2013-12-17,
7159,245,0.26,2014-07-08,
7159,1461,0.55,2014-07-08,
7160,245,0.12,2016-04-18,
7160,1461,0.55,2014-07-08,
7161,245,0.037000000000000005,2014-01-03,
7161,1461,0.55,2013-12-12,
7161,1454,0.3,2016-01-11,
7162,245,0.23,2014-01-02,
7162,1461,0.55,2013-12-12,
7163,245,0.134,2013-12-12,
7163,1461,0.55,2013-12-12,
7164,1461,0.55,2013-12-12,
7164,245,0.04,2013-12-12,
7165,245,0.025,2013-12-12,
7165,1461,0.55,2013-12-12,
7167,385,0.14800000000000002,2014-01-03,
7167,428,0.29600000000000004,2014-01-03,
7167,1461,0.55,2017-04-26,
7168,385,0.14800000000000002,2014-01-03,
7168,428,0.29600000000000004,2014-01-03,
7169,385,0.158,2014-01-03,
7169,428,0.312,2014-01-03,
7170,385,0.14800000000000002,2014-01-03,
7170,428,0.29600000000000004,2014-01-03,
7170,1461,0.55,2017-04-26,
7171,385,0.16699999999999998,2014-01-03,
7171,1461,0.55,2013-12-12,
7171,1496,0.75,2014-05-22,
7173,341,1.034,2013-10-11,
7173,502497,4.59,2013-10-11,
7173,383,1.2925,2015-04-29,
7173,415,2.585,2015-04-29,
7173,1353,5.17,2015-04-29,
7174,341,1.016,2013-10-11,
7174,502498,0.6096,2013-10-11,
7174,383,1.27,2015-04-29,
7174,415,2.54,2015-04-29,
7174,1353,5.08,2015-04-29,
7175,341,1.042,2013-10-11,
7175,502494,2.605,2013-10-11,
7175,39,3.699,2013-10-11,
7175,502495,4.928999999999999,2013-10-11,
7175,502496,6.773,2013-10-11,
7175,383,1.3025,2015-04-29,
7175,415,2.605,2015-04-29,
7175,1353,5.21,2015-04-29,
7176,341,1.026,2013-10-11,
7176,502497,4.555,2013-10-11,
7176,383,1.2825,2015-04-29,
7176,415,2.565,2015-04-29,
7176,1353,5.13,2015-04-29,
7177,341,1.008,2013-10-11,
7177,502494,2.52,2013-10-11,
7177,502495,4.768,2013-10-11,
7177,39,3.5780000000000003,2013-10-11,
7177,383,1.26,2015-04-29,
7177,415,2.52,2015-04-29,
7177,1353,5.04,2015-04-29,
7178,341,1.031,2013-10-11,
7178,502494,2.5780000000000003,2013-10-11,
7178,502495,4.877,2013-10-11,
7178,383,1.2888,2015-04-29,
7178,415,2.5775,2015-04-29,
7178,1353,5.155,2015-04-29,
7178,430,3.86625,2017-04-24,
7179,341,1.046,2013-10-24,
7179,502495,4.947,2013-10-24,
7179,383,1.3075,2015-04-29,
7179,415,2.615,2015-04-29,
7179,1353,5.23,2015-04-29,
7180,341,1.033,2013-10-24,
7180,502495,4.886,2013-10-24,
7180,383,1.2913,2015-04-29,
7180,415,2.583,2015-04-29,
7180,1353,5.165,2015-04-29,
7182,341,1.041,2013-10-24,
7182,502495,4.9239999999999995,2013-10-24,
7182,383,1.30125,2015-04-29,
7182,415,2.5775,2015-04-29,
7182,1353,5.205,2015-04-29,
7184,341,1.006,2013-10-24,
7184,502495,4.758,2013-10-24,
7184,383,1.2575,2015-04-29,
7184,415,2.515,2015-04-29,
7184,1353,5.03,2015-04-29,
7185,341,1.00765,2015-04-24,
7185,502678,5.955209999999999,2015-04-24,
7185,383,1.2595999999999998,2015-04-29,
7185,415,2.5191,2015-04-29,
7185,1353,5.0383,2015-04-29,
7186,341,0.99698,2015-04-24,
7186,502678,5.89215,2015-04-24,
7186,415,2.4925,2015-04-29,
7186,1353,4.9849,2015-04-29,
7187,341,1.00277,2015-04-24,
7187,502678,5.926,2015-04-24,
7187,415,2.5069,2015-04-29,
7187,1353,5.0139,2015-04-29,
7188,341,0.98335,2015-04-24,
7188,502678,5.811599999999999,2015-04-24,
7188,415,2.4584,2015-04-29,
7188,1353,4.9168,2015-04-29,
7189,341,1.0067,2015-04-24,
7189,502678,5.9496,2015-04-24,
7189,415,2.5168,2015-04-29,
7189,1353,5.0335,2015-04-29,
7190,363,0.5832999999999999,2013-11-08,
7190,1146,1.4581600000000001,2013-11-08,
7190,1461,0.55,2013-11-08,
7190,640,0.34997999999999996,2013-11-08,
7190,1581,0.75,2013-11-08,
7191,341,0.92143,2014-01-07,
7191,385,0.1382,2014-01-07,
7191,428,0.31446999999999997,2014-01-07,
7191,640,0.55286,2014-01-07,
7191,439,0.04607,2014-01-07,
7191,1352,0.09214,2014-01-07,
7192,341,0.59907,2014-02-20,
7192,383,0.72383,2014-02-20,
7192,415,1.44766,2014-02-20,
7193,245,0.26,2014-04-22,
7193,1496,0.75,2016-08-03,
7194,245,0.37,2014-04-22,
7194,990,0.5,2015-03-04,
7196,245,0.33,2014-04-22,
7196,990,0.5,2014-04-22,
7197,245,0.43,2014-04-22,
7197,990,0.5,2014-04-22,
7198,245,0.45,2014-04-22,
7198,990,0.5,2014-04-22,
7199,245,0.21,2014-04-22,
7199,990,0.5,2014-04-22,
7200,990,0.5,2014-05-14,
7200,245,0.37,2014-05-14,
7201,160,2.98,2014-02-20,
7201,341,0.73968,2014-04-14,
7201,383,0.9246,2014-04-14,
7201,415,1.84921,2014-04-14,
7202,502530,0.95,2014-02-20,
7203,439,0.0229,2014-02-21,
7203,385,0.06868,2014-02-21,
7203,341,0.45783,2014-02-21,
7203,1484,0.5,2016-08-11,
7204,49,0.026000000000000002,2015-03-11,
7205,385,0.14709,2014-02-21,
7205,428,0.29418,2014-02-21,
7205,640,0.58836,2014-02-21,
7205,341,0.9806100000000001,2014-02-21,
7205,383,1.22576,2014-02-21,
7206,385,0.17245000000000002,2014-05-05,
7206,640,0.6898000000000001,2014-05-05,
7206,341,1.14966,2014-05-05,
7206,428,0.34490000000000004,2016-08-05,
7207,341,0.16343,2014-03-13,
7207,383,0.20428999999999997,2014-03-13,
7207,415,0.40859,2014-03-13,
7207,1454,0.3,2015-03-26,
7208,640,0.40576999999999996,2014-02-21,
7208,341,0.67628,2014-02-21,
7208,383,0.8453499999999999,2014-02-21,
7208,415,1.6906999999999999,2014-02-21,
7208,1456,0.4,2014-02-21,
7208,502536,0.042809999999999994,2016-03-22,
7208,196,0.00856,2016-03-22,
7209,640,0.40576999999999996,2014-02-21,
7209,341,0.67628,2014-02-21,
7209,383,0.8453499999999999,2014-02-21,
7209,415,1.6906999999999999,2014-02-21,
7209,1456,0.4,2014-02-21,
7210,341,0.7101000000000001,2014-02-21,
7210,383,0.88762,2014-02-21,
7210,415,1.77524,2014-02-21,
7210,388,1.0651000000000002,2014-02-21,
7211,553,1.26,2014-02-21,
7211,160,1.57,2014-02-21,
7211,139,2.23,2014-02-21,
7211,371,0.59175,2014-02-21,
7211,971,0.73968,2014-02-21,
7211,979,1.47936,2014-02-21,
7212,553,1.59,2014-02-21,
7212,160,1.79,2014-02-21,
7212,139,2.19,2014-02-21,
7212,371,0.59175,2014-02-21,
7212,971,0.73968,2014-02-21,
7212,979,1.47936,2014-02-21,
7213,553,1.72,2014-02-24,
7213,160,2.02,2014-02-24,
7213,139,2.42,2014-02-24,
7213,371,0.59175,2014-02-24,
7213,971,0.73968,2014-02-24,
7213,979,1.47936,2014-02-24,
7214,553,1.58,2014-02-24,
7214,160,2.12,2014-02-24,
7214,139,2.6,2014-02-24,
7214,371,0.46072,2014-02-24,
7214,971,0.5759000000000001,2014-02-24,
7214,979,1.15179,2014-02-24,
7214,1457,1.4,2014-02-24,
7215,553,1.44,2014-02-24,
7215,160,1.67,2014-02-24,
7215,139,2.06,2014-02-24,
7215,371,0.46072,2014-02-24,
7215,971,0.5759000000000001,2014-02-24,
7215,979,1.15179,2014-02-24,
7215,1457,1.4,2014-08-01,
7216,553,1.57,2014-02-24,
7216,160,1.72,2014-02-24,
7216,139,2.0,2014-02-24,
7216,371,0.46072,2014-02-24,
7216,971,0.5759000000000001,2014-02-24,
7216,979,1.15179,2014-02-24,
7218,553,1.58,2014-02-24,
7218,160,1.92,2014-02-24,
7218,139,2.36,2014-02-24,
7218,371,0.46072,2014-02-24,
7218,971,0.5759000000000001,2014-02-24,
7218,979,1.15179,2014-02-24,
7219,245,0.138,2014-02-24,
7223,1454,0.3,2014-10-16,
7223,1312,0.39814,2017-01-11,
7223,379,0.6651699999999999,2017-01-11,
7224,341,1.03555,2015-05-07,
7224,383,1.2944,2015-05-07,
7224,415,2.5888999999999998,2015-05-07,
7224,1353,5.1777999999999995,2015-05-07,
7225,341,1.0090000000000001,2022-09-16,
7225,383,1.261,2022-09-16,
7225,415,2.522,2022-09-16,
7226,341,1.032,2022-09-16,
7226,383,1.29,2022-09-16,
7226,415,2.5810000000000004,2022-09-16,
7228,341,1.03128,2015-04-14,
7228,383,1.2891,2015-04-14,
7228,415,2.5782,2015-04-14,
7229,502519,0.28667000000000004,2014-03-03,
7230,341,1.0144,2014-05-14,
7230,383,1.268,2014-05-14,
7230,415,2.5361000000000002,2014-05-14,
7230,430,3.804,2017-04-24,
7231,385,0.060899999999999996,2014-05-14,
7231,428,0.12173,2014-05-14,
7231,341,0.40576999999999996,2014-05-14,
7232,502519,0.45,2014-03-04,
7233,385,0.10144,2014-03-04,
7233,428,0.20288,2014-03-04,
7233,341,0.6762699999999999,2014-03-04,
7234,97,1.49,2014-03-04,
7234,1489,1.25,2014-03-04,
7235,341,1.0144199999999999,2014-03-04,
7235,383,1.26803,2014-03-04,
7235,415,2.53605,2014-03-04,
7235,389,1.77524,2017-01-05,
7236,341,1.10741,2015-04-22,
7236,383,1.3842599999999998,2015-04-22,
7236,415,2.76853,2015-04-22,
7236,389,1.93797,2015-04-22,
7237,341,1.00852,2015-04-24,
7237,502678,5.9603399999999995,2015-04-24,
7237,415,2.5213,2015-04-29,
7237,1353,5.0426,2015-04-29,
7238,341,0.98335,2015-04-24,
7238,502678,5.811599999999999,2015-04-24,
7238,415,2.4584,2015-04-29,
7238,1353,4.9168,2015-04-29,
7239,245,0.46,2014-04-23,
7239,990,0.5,2014-04-23,
7240,341,1.08205,2014-03-13,
7240,383,1.35256,2014-03-13,
7240,415,2.70512,2014-03-13,
7240,389,1.89359,2014-03-13,
7241,341,1.0144199999999999,2014-03-13,
7241,383,1.26803,2014-03-13,
7241,389,1.77524,2014-03-13,
7241,415,2.53605,2014-03-13,
7242,341,1.0144199999999999,2014-03-13,
7242,383,1.26803,2014-03-13,
7242,389,1.77524,2014-03-13,
7242,415,2.53605,2014-03-13,
7243,341,1.00597,2014-03-13,
7243,383,1.25746,2014-03-13,
7243,389,1.76044,2014-03-13,
7243,415,2.51492,2014-03-13,
7243,640,0.60358,2014-03-14,
7244,439,0.04903,2014-03-14,
7244,385,0.14709,2014-03-14,
7244,341,0.9806100000000001,2014-03-14,
7244,415,2.45152,2014-03-14,
7245,174,0.01,2014-03-14,
7245,439,0.042,2020-02-27,
7245,385,0.125,2020-02-27,
7245,341,0.8370000000000001,2020-02-27,
7246,28,0.09,2014-03-14,
7246,990,0.5,2014-03-14,
7246,1638,0.18,2014-05-29,
7247,221,0.11,2014-03-14,
7247,990,0.5,2014-03-14,
7248,502533,0.28,2014-03-14,
7248,990,0.5,2014-03-14,
7249,385,0.18259,2014-03-14,
7249,640,0.7303700000000001,2014-03-14,
7249,341,1.21729,2014-03-14,
7249,383,1.52161,2014-03-14,
7249,428,0.36537,2016-08-05,
7250,196,0.43,2014-03-14,
7250,990,0.5,2015-03-23,
7251,196,0.79,2014-03-14,
7251,990,0.5,2015-03-23,
7252,196,1.06,2014-03-14,
7252,990,0.5,2015-03-23,
7253,196,0.68,2014-03-14,
7253,990,0.5,2015-03-23,
7254,402,0.25,2014-03-14,
7255,502459,0.14,2014-03-17,
7256,1670,0.31,2014-03-17,
7257,502459,0.32,2014-03-17,
7258,1633,0.41,2014-03-17,
7258,1461,0.55,2014-03-17,
7259,196,0.36,2014-03-17,
7259,1456,0.4,2014-03-17,
7260,196,0.34,2014-03-17,
7260,1454,0.3,2014-03-17,
7261,1454,0.3,2014-03-17,
7261,196,0.38,2014-03-17,
7262,1454,0.3,2014-03-17,
7262,867,0.35,2014-03-17,
7263,72,0.01774,2014-03-18,
7263,502534,0.31,2014-03-18,
7263,1494,0.2,2014-03-18,
7264,1497,0.7,2014-03-18,
7264,867,0.85,2014-05-29,
7264,502696,0.51,2016-08-18,
7265,1497,0.7,2014-03-18,
7265,867,0.85,2014-05-29,
7266,1497,0.7,2014-03-18,
7266,341,0.54099,2014-03-18,
7266,383,0.67628,2014-03-18,
7266,415,1.35249,2014-03-18,
7267,1497,0.7,2014-03-18,
7267,502535,0.85,2014-03-18,
7267,867,0.85,2014-05-29,
7268,1497,0.7,2014-03-18,
7268,867,0.85,2014-05-26,
7269,1457,1.4,2014-03-18,
7269,196,0.42,2014-03-18,
7270,1457,1.4,2014-03-18,
7270,196,0.42,2014-03-18,
7271,174,1.23,2014-03-18,
7272,174,1.22,2015-04-22,
7273,445,0.8,2014-03-18,
7273,1457,1.4,2014-03-18,
7274,196,0.29,2014-03-19,
7274,502536,1.45,2014-03-19,
7275,502704,1.27,2014-03-19,
7275,1457,1.4,2014-03-19,
7276,341,1.00174,2014-03-19,
7276,383,1.25218,2014-03-19,
7276,415,2.50435,2014-03-19,
7277,341,0.82423,2014-03-19,
7277,383,1.03027,2014-03-19,
7277,415,2.06054,2014-03-19,
7278,341,0.57484,2014-03-19,
7278,383,0.71855,2014-03-19,
7278,415,1.4371,2014-03-19,
7279,341,0.64669,2014-03-20,
7279,383,0.80836,2014-03-20,
7279,415,1.61673,2014-03-20,
7279,502462,6.93,2014-03-20,
7280,502462,6.48,2014-03-20,
7280,1670,0.63,2014-03-20,
7280,1457,1.4,2014-03-20,
7281,439,0.064,2017-04-11,
7281,341,1.28,2017-04-11,
7282,245,0.38,2015-03-09,
7282,990,0.5,2014-04-23,
7284,245,0.3,2014-07-08,
7284,568,0.5,2014-07-08,
7284,1461,0.55,2014-07-08,
7285,245,0.3,2014-07-09,
7285,1461,0.55,2014-07-09,
7287,245,0.294,2014-07-08,
7287,568,0.55,2014-07-08,
7287,1461,0.55,2014-07-08,
7288,245,0.31,2015-03-09,
7288,990,0.5,2014-04-23,
7289,245,0.44,2014-04-23,
7289,990,0.5,2014-04-23,
7291,245,0.27,2014-04-11,
7291,990,0.5,2014-04-23,
7293,1482,1.1,2014-04-14,
7293,502704,0.82,2014-04-15,
7293,341,0.7988599999999999,2014-04-15,
7293,383,0.99857,2014-04-15,
7293,415,1.99714,2014-04-15,
7294,196,0.84,2014-04-16,
7295,502549,0.3,2014-04-16,
7295,1454,0.3,2015-03-24,
7298,245,0.23,2015-03-04,
7298,1496,0.75,2016-08-03,
7299,245,0.34,2015-03-04,
7299,990,0.5,2015-03-04,
7300,245,0.3,2015-03-04,
7300,990,0.5,2015-03-04,
7303,245,0.39,2015-03-04,
7303,990,0.5,2015-03-04,
7304,245,0.41,2015-03-04,
7304,990,0.5,2015-03-04,
7305,245,0.2,2015-03-04,
7305,990,0.5,2015-03-04,
7307,245,0.34,2015-03-04,
7307,990,0.5,2015-03-04,
7309,245,0.41,2015-03-04,
7309,990,0.5,2015-03-04,
7310,245,0.34,2015-03-04,
7310,990,0.5,2015-03-04,
7311,245,0.28,2015-03-09,
7311,990,0.5,2015-03-04,
7312,245,0.4,2015-03-04,
7312,990,0.5,2015-03-04,
7313,245,0.25,2015-03-04,
7313,990,0.5,2015-03-04,
7314,145,0.96,2014-07-21,
7314,152,0.27,2014-07-21,
7314,1496,0.75,2014-07-22,
7315,152,0.31,2014-07-22,
7315,1461,0.55,2014-07-22,
7315,1581,0.75,2014-07-22,
7315,341,0.56216,2014-07-22,
7315,383,0.70269,2014-07-22,
7315,415,1.4054,2014-07-22,
7316,152,0.37,2014-07-22,
7316,1461,0.55,2014-07-22,
7316,1581,0.75,2014-07-22,
7316,341,0.54102,2014-08-18,
7316,383,0.67628,2014-08-18,
7316,415,1.35255,2014-08-18,
7317,537,1.01,2014-07-22,
7317,1496,0.75,2014-07-22,
7317,1580,0.9,2014-07-22,
7317,363,0.59175,2014-07-22,
7317,1145,0.73968,2014-07-22,
7317,1146,1.47936,2014-07-22,
7318,537,0.87,2014-07-22,
7318,1461,0.55,2014-07-22,
7318,363,0.59175,2014-07-22,
7318,1145,0.73968,2014-07-22,
7318,1146,1.47936,2014-07-22,
7318,1581,0.75,2014-07-22,
7319,502605,0.63,2014-07-23,
7319,1461,0.55,2014-11-03,
7319,1581,0.75,2014-11-03,
7321,196,1.81,2014-07-02,
7321,1581,0.75,2014-07-02,
7321,1455,1.0,2014-07-02,
7322,196,1.96,2014-07-02,
7324,284,0.28,2014-07-24,
7324,1461,0.55,2014-07-24,
7324,1580,0.75,2014-11-03,
7326,537,0.96,2014-07-24,
7326,1496,0.75,2014-07-24,
7326,1580,0.9,2014-07-24,
7327,537,0.83,2014-07-24,
7327,1461,0.55,2014-07-24,
7327,1581,0.75,2014-07-24,
7328,86,0.95,2015-04-20,
7329,1580,0.9,2014-07-03,
7329,1455,1.0,2014-07-03,
7329,502604,1.11,2014-07-03,
7329,502603,1.29,2014-07-03,
7330,502604,1.11,2014-07-03,
7330,502603,1.29,2014-07-03,
7330,1580,0.9,2014-07-03,
7330,1455,1.0,2014-07-03,
7332,537,1.0,2014-11-03,
7332,1580,0.9,2014-11-03,
7332,1496,0.75,2014-11-03,
7333,537,0.89,2014-11-03,
7333,1581,0.75,2014-11-03,
7333,1461,0.55,2014-11-03,
7334,1496,0.75,2014-07-25,
7334,537,0.89,2014-07-25,
7334,341,0.54102,2014-08-18,
7334,383,0.67628,2014-08-18,
7334,415,1.35255,2014-08-18,
7335,537,0.72,2014-11-03,
7335,1461,0.55,2014-07-25,
7335,1581,0.75,2014-07-25,
7335,341,0.54102,2014-08-18,
7335,383,0.67628,2014-08-18,
7335,415,1.35255,2014-08-18,
7336,537,0.99,2014-11-03,
7336,1580,0.9,2014-11-03,
7336,1496,0.75,2014-11-03,
7337,537,0.86,2014-11-03,
7337,1581,0.75,2014-11-03,
7337,1461,0.55,2014-11-03,
7338,537,0.98,2014-11-03,
7338,1496,0.75,2014-11-03,
7338,1580,0.9,2014-11-03,
7339,502619,0.7,2014-11-03,
7339,1581,0.75,2014-11-03,
7339,1461,0.55,2014-11-03,
7341,537,0.64,2014-11-03,
7341,1461,0.55,2014-11-03,
7341,1581,0.75,2014-11-03,
7341,502620,0.95,2014-11-03,
7342,537,0.54,2014-11-03,
7342,1496,0.75,2014-11-03,
7342,1580,0.9,2014-11-03,
7343,537,0.47,2014-11-03,
7343,1461,0.55,2014-11-03,
7343,1581,0.75,2014-11-03,
7344,537,0.94,2014-11-03,
7344,1461,0.55,2014-11-03,
7344,1581,0.75,2014-11-03,
7345,284,0.28,2014-11-03,
7345,1454,0.3,2014-11-04,
7345,1581,0.75,2014-11-03,
7346,284,0.28,2014-11-04,
7346,1454,0.3,2014-11-04,
7346,1581,0.75,2014-11-04,
7347,284,0.28,2014-11-04,
7347,1454,0.3,2014-11-04,
7347,1581,0.75,2014-11-04,
7348,284,0.28,2014-11-04,
7348,1454,0.3,2014-11-04,
7348,1581,0.75,2014-11-04,
7349,284,0.28,2014-11-04,
7349,1454,0.3,2014-11-04,
7349,1581,0.75,2014-11-04,
7349,1585,0.32,2014-11-04,
7350,537,0.99,2014-11-03,
7350,1461,0.55,2014-11-03,
7350,1581,0.75,2014-11-03,
7351,537,0.85,2014-11-03,
7351,1461,0.55,2014-11-03,
7351,1581,0.75,2014-11-03,
7352,1581,0.75,2014-07-15,
7352,1455,1.0,2014-07-15,
7352,196,2.89,2014-07-15,
7353,537,0.93,2014-11-03,
7353,1461,0.55,2014-11-03,
7353,1581,0.75,2014-11-03,
7354,1489,1.25,2014-07-15,
7354,1580,0.9,2014-07-15,
7354,196,4.32,2014-07-15,
7355,1461,0.55,2014-11-03,
7355,1581,0.75,2014-11-03,
7355,537,0.9,2014-11-03,
7356,537,0.85,2014-11-03,
7356,1461,0.55,2014-11-03,
7356,1581,0.75,2014-11-03,
7357,537,1.0,2014-11-03,
7357,1461,0.55,2014-11-03,
7357,1581,0.75,2014-11-03,
7358,1455,1.0,2014-07-15,
7358,1581,0.75,2014-07-15,
7358,196,2.89,2014-07-15,
7359,537,0.93,2014-11-03,
7359,1461,0.55,2014-11-03,
7359,1581,0.75,2014-11-03,
7360,1489,1.25,2014-07-15,
7360,1580,0.9,2014-07-15,
7360,196,4.32,2014-07-15,
7361,537,0.76,2014-11-03,
7361,1496,0.75,2014-11-03,
7361,1580,0.9,2014-11-03,
7362,537,0.64,2014-11-03,
7362,1461,0.55,2014-11-03,
7362,1581,0.75,2014-11-03,
7363,990,0.5,2014-07-28,
7363,245,0.32,2015-03-09,
7364,341,1.0715000000000001,2014-08-28,
7364,383,1.3394,2014-08-28,
7364,389,1.8751,2014-08-28,
7364,415,2.6788,2014-08-28,
7364,987,1.75,2014-08-28,
7365,415,2.5639,2014-12-03,
7365,341,1.02556,2014-12-03,
7365,383,1.28195,2014-12-03,
7366,415,2.5976299999999997,2014-12-03,
7366,341,1.03905,2014-12-03,
7366,383,1.29881,2014-12-03,
7367,415,3.0196300000000003,2014-12-03,
7367,341,1.2078499999999999,2014-12-03,
7367,383,1.5098099999999999,2014-12-03,
7368,415,2.53605,2014-11-25,
7368,341,1.0144199999999999,2014-11-25,
7368,383,1.26803,2014-11-25,
7369,415,2.64188,2014-12-03,
7369,383,1.32094,2014-12-03,
7369,341,1.05675,2014-12-03,
7371,415,2.54213,2014-12-03,
7371,383,1.2710599999999999,2014-12-03,
7371,341,1.01685,2014-12-03,
7372,415,2.5320300000000002,2014-12-03,
7372,383,1.26601,2014-12-03,
7372,341,1.01281,2014-12-03,
7373,415,3.9932499999999997,2014-12-05,
7373,383,1.9966,2014-12-05,
7373,341,1.5973,2014-12-05,
7374,415,2.5035499999999997,2014-12-04,
7374,383,1.25178,2014-12-04,
7374,341,1.00142,2014-12-04,
7375,415,2.70735,2014-12-05,
7375,383,1.35368,2014-12-05,
7375,341,1.08294,2014-12-05,
7376,415,2.7089299999999996,2014-12-01,
7376,341,1.08357,2014-12-01,
7376,383,1.35446,2014-12-01,
7377,415,2.6064999999999996,2015-03-17,
7377,341,1.0426,2015-03-17,
7377,383,1.3033000000000001,2015-03-17,
7378,415,2.5332,2014-12-04,
7378,341,1.01328,2014-12-04,
7378,383,1.2666,2014-12-04,
7379,415,2.6275999999999997,2014-12-04,
7379,383,1.3137999999999999,2014-12-04,
7379,341,1.05104,2014-12-04,
7380,1678,1.28,2015-03-12,
7380,1679,2.13,2015-03-12,
7380,341,1.09211,2015-03-12,
7380,428,0.3276,2015-03-12,
7380,640,0.6553,2015-03-12,
7381,415,2.60938,2014-12-05,
7381,341,1.04375,2014-12-05,
7381,383,1.30469,2014-12-05,
7383,341,1.04709,2015-03-20,
7383,383,1.3089,2015-03-20,
7383,415,2.6176999999999997,2015-03-20,
7384,415,2.5610000000000004,2015-03-18,
7384,341,1.024,2015-03-18,
7384,383,1.2805000000000002,2015-03-18,
7385,415,2.5980000000000003,2015-03-18,
7385,341,1.0392000000000001,2015-03-18,
7385,383,1.2990000000000002,2015-03-18,
7386,341,1.05595,2014-12-01,
7386,383,1.31994,2014-12-01,
7386,415,2.6399,2014-12-01,
7387,415,2.5721,2015-03-18,
7387,341,1.0288,2015-03-18,
7387,383,1.286,2015-03-18,
7389,341,1.0464799999999999,2014-12-01,
7389,383,1.3081,2014-12-01,
7389,415,2.6162,2014-12-01,
7390,415,2.609,2015-03-18,
7390,341,1.0436,2015-03-18,
7390,383,1.3045,2015-03-18,
7391,341,1.05479,2014-12-01,
7391,383,1.31849,2014-12-01,
7391,415,2.63698,2014-12-01,
7392,415,2.5706,2015-03-18,
7392,341,1.0282,2015-03-18,
7392,383,1.2853,2015-03-18,
7393,415,2.6075999999999997,2015-03-18,
7393,341,1.043,2015-03-18,
7393,383,1.3037999999999998,2015-03-18,
7394,415,2.5915,2014-12-04,
7394,383,1.29575,2014-12-04,
7394,341,1.0366,2014-12-04,
7395,415,2.5723000000000003,2015-03-18,
7395,341,1.0289,2015-03-18,
7395,383,1.2861000000000002,2015-03-18,
7396,415,2.6079000000000003,2015-03-18,
7396,341,1.0431,2015-03-18,
7396,383,1.3038999999999998,2015-03-18,
7397,341,1.05944,2014-12-02,
7397,383,1.3243,2014-12-02,
7397,415,2.6486,2014-12-02,
7398,415,2.6093,2015-03-18,
7398,341,1.0437,2015-03-18,
7398,383,1.3046,2015-03-18,
7399,415,2.54995,2014-12-05,
7399,383,1.27498,2014-12-05,
7399,341,1.01998,2014-12-05,
7400,415,2.60938,2014-12-05,
7400,341,1.04535,2014-12-05,
7400,383,1.30469,2014-12-05,
7401,415,2.56465,2014-12-05,
7401,383,1.28233,2014-12-05,
7401,341,1.02586,2014-12-05,
7402,415,2.6076799999999998,2014-12-05,
7402,341,1.04307,2014-12-05,
7402,383,1.3038399999999999,2014-12-05,
7403,415,2.7951799999999998,2014-12-05,
7403,383,1.3975899999999999,2014-12-05,
7403,341,1.1180700000000001,2014-12-05,
7404,415,2.5847,2015-02-12,
7404,341,1.03386,2015-02-12,
7404,383,1.29233,2015-02-12,
7406,415,2.6408,2014-12-05,
7406,341,1.0568300000000002,2014-12-05,
7406,383,1.3210400000000002,2014-12-05,
7407,415,2.57633,2014-12-05,
7407,383,1.28816,2014-12-05,
7407,341,1.03053,2014-12-05,
7408,415,2.6392,2015-03-19,
7408,341,1.0556999999999999,2015-03-19,
7408,383,1.3196,2015-03-19,
7409,415,2.6762,2015-03-19,
7409,341,1.0705,2015-03-19,
7409,383,1.3381,2015-03-19,
7410,341,0.99032,2015-03-12,
7410,640,0.5942000000000001,2015-03-12,
7410,415,2.4758,2015-03-12,
7411,415,2.4637000000000002,2015-03-12,
7411,341,0.98547,2015-03-12,
7411,640,0.5913,2015-03-12,
7412,415,2.4722999999999997,2015-03-12,
7412,341,0.9889100000000001,2015-03-12,
7412,640,0.5932999999999999,2015-03-12,
7413,415,2.7169499999999998,2014-12-05,
7413,341,1.08678,2014-12-05,
7413,383,1.3584800000000001,2014-12-05,
7414,415,2.6207,2014-12-05,
7414,383,1.31035,2014-12-05,
7414,341,1.04828,2014-12-05,
7415,341,1.248,2014-12-02,
7415,383,1.56,2014-12-02,
7415,415,3.12,2014-12-02,
7416,341,1.02996,2015-03-12,
7416,428,0.30899,2015-03-12,
7416,640,0.61798,2015-03-12,
7416,502677,0.6077,2015-03-12,
7417,219,0.28,2014-09-12,
7417,341,0.75232,2014-09-12,
7417,1456,0.4,2014-09-12,
7418,341,0.95222,2014-09-12,
7418,389,1.66639,2014-09-12,
7418,415,2.3806,2014-09-12,
7419,341,1.04824,2015-04-20,
7419,383,1.31029,2015-04-20,
7419,415,2.6205900000000004,2015-04-20,
7421,341,1.0735999999999999,2014-10-01,
7421,383,1.3419999999999999,2014-10-01,
7421,415,2.6839999999999997,2014-10-01,
7422,341,1.04824,2014-11-26,
7422,383,1.31029,2014-11-26,
7422,415,2.6205900000000004,2014-11-26,
7423,477,6.35,2014-10-15,
7423,1489,1.25,2014-10-15,
7424,1670,0.56,2014-10-15,
7424,1455,1.0,2014-10-15,
7425,341,1.10741,2014-10-15,
7425,383,1.3842599999999998,2014-10-15,
7426,341,0.59175,2014-10-16,
7426,383,0.73968,2014-10-16,
7426,415,1.47936,2014-10-16,
7426,1457,1.4,2014-10-16,
7428,341,0.6636,2014-10-16,
7428,383,0.8295,2014-10-16,
7428,415,1.659,2014-10-16,
7428,640,0.39816,2014-10-16,
7428,1454,0.3,2015-06-08,
7429,341,0.9997499999999999,2014-10-20,
7429,383,1.2496800000000001,2014-10-20,
7429,415,2.4994,2014-10-20,
7429,39,3.5419,2014-10-20,
7430,183,0.67,2014-11-05,
7431,1455,1.0,2014-10-20,
7431,1581,0.75,2014-10-20,
7432,1455,1.0,2014-10-20,
7432,1581,0.75,2014-10-20,
7433,1489,1.25,2014-10-20,
7433,1580,0.9,2014-10-20,
7434,1455,1.0,2014-10-20,
7434,1581,0.75,2014-10-20,
7435,1489,1.25,2014-10-20,
7435,1580,0.9,2014-10-20,
7436,1455,1.0,2014-10-20,
7436,1581,0.75,2014-10-20,
7436,502616,1.87,2014-10-20,
7437,502616,1.87,2014-10-20,
7437,1455,1.0,2014-10-20,
7437,1581,0.75,2014-10-20,
7438,1455,1.0,2014-10-20,
7438,1581,0.75,2014-10-20,
7439,15,0.55,2014-10-20,
7440,1537,0.15,2014-10-20,
7440,1494,0.2,2014-10-20,
7441,1601,0.45,2014-10-22,
7441,341,0.59175,2014-10-22,
7441,383,0.7395999999999999,2014-10-22,
7441,415,1.47936,2014-10-22,
7442,1457,1.4,2014-10-27,
7442,341,0.8369,2014-10-27,
7442,383,1.04612,2014-10-27,
7442,415,2.09224,2014-10-27,
7443,415,2.6205900000000004,2014-10-27,
7443,867,5.1,2014-10-27,
7443,341,1.0482,2014-10-27,
7443,383,1.31029,2014-10-27,
7443,174,2.5266228330000002,2026-01-28,
7444,502444,2.05,2014-10-27,
7444,502618,0.93,2014-10-27,
7444,502617,1.94,2014-10-27,
7444,1457,1.4,2014-10-27,
7445,415,2.6414999999999997,2016-01-13,
7445,341,1.0566,2016-01-13,
7445,383,1.3208000000000002,2016-01-13,
7445,174,2.12615,2026-01-28,
7446,196,1.79,2014-10-27,
7446,1457,1.4,2014-10-27,
7447,867,3.01,2014-10-27,
7447,1457,1.4,2014-10-27,
7447,174,2.873037283,2026-01-28,
7448,341,0.4903,2014-10-27,
7448,383,0.61288,2014-10-27,
7448,415,1.22576,2014-10-27,
7448,1457,1.4,2014-10-27,
7449,341,0.62556,2014-10-27,
7449,383,0.7895,2014-10-27,
7449,415,1.5638999999999998,2014-10-27,
7449,389,1.0947,2016-08-05,
7450,341,1.05793,2014-12-01,
7450,383,1.32241,2014-12-01,
7450,415,2.6448300000000002,2014-12-01,
7451,341,1.0298,2015-03-17,
7451,383,1.28725,2015-03-17,
7451,415,2.5745,2015-03-17,
7452,341,1.0389,2015-03-20,
7452,383,1.2986000000000002,2015-03-20,
7452,415,2.5972000000000004,2015-03-20,
7453,341,1.0241,2015-03-18,
7453,383,1.2801,2015-03-18,
7453,415,2.5602,2015-03-18,
7454,341,1.0283,2015-03-18,
7454,383,1.2853999999999999,2015-03-18,
7454,415,2.5709,2015-03-18,
7455,341,1.0392000000000001,2015-03-17,
7455,383,1.2990000000000002,2015-03-17,
7455,415,2.5980000000000003,2015-03-17,
7456,341,0.99429,2015-03-12,
7456,428,0.2983,2015-03-26,
7456,640,0.5966,2015-03-26,
7457,385,0.05579,2015-01-30,
7457,341,0.37195,2015-01-30,
7457,383,0.46494,2015-01-30,
7458,1573,0.1,2014-12-17,
7458,439,0.04797,2017-12-20,
7458,385,0.14392,2017-12-20,
7458,341,0.95947,2017-12-20,
7459,1573,0.1,2014-12-17,
7459,439,0.04797,2017-12-20,
7459,385,0.14392,2017-12-20,
7459,341,0.95947,2017-12-20,
7460,1573,0.1,2014-12-17,
7460,439,0.04797,2017-12-18,
7460,385,0.14392,2017-12-18,
7460,341,0.95947,2017-12-18,
7463,1573,0.1,2014-12-17,
7463,439,0.47973999999999994,2017-12-18,
7463,385,0.14392,2017-12-18,
7463,341,0.95947,2017-12-18,
7464,1573,0.1,2014-12-17,
7464,439,0.04797,2017-12-18,
7464,385,0.14392,2017-12-18,
7464,341,0.95947,2017-12-18,
7465,1573,0.1,2014-12-17,
7465,439,0.47973999999999994,2017-12-18,
7465,385,0.14392,2017-12-18,
7465,341,0.95947,2017-12-18,
7466,1573,0.1,2014-12-17,
7466,439,0.47973999999999994,2017-12-18,
7466,385,0.14392,2017-12-18,
7466,341,0.95947,2017-12-18,
7467,1573,0.1,2014-12-17,
7467,439,0.47973999999999994,2017-12-18,
7467,385,0.14392,2017-12-18,
7467,341,0.95947,2017-12-18,
7469,341,1.0101,2015-01-28,
7469,383,1.2626,2015-01-28,
7469,389,1.7677,2015-01-28,
7469,415,2.5253,2015-01-28,
7469,987,1.75,2015-01-28,
7470,1573,0.1,2014-12-17,
7470,439,0.47973999999999994,2017-12-18,
7470,385,0.14392,2017-12-18,
7470,341,0.95947,2017-12-18,
7471,341,1.0101,2015-01-28,
7471,383,1.2626,2015-01-28,
7471,389,1.7677,2015-01-28,
7471,415,2.5253,2015-01-28,
7471,987,1.75,2015-01-28,
7472,1573,0.1,2014-12-17,
7472,439,0.04797,2017-12-18,
7472,385,0.14392,2017-12-18,
7472,341,0.95947,2017-12-18,
7473,1573,0.1,2014-12-17,
7473,439,0.0484,2017-12-18,
7473,385,0.14519,2017-12-18,
7473,341,0.9679300000000001,2017-12-18,
7474,1573,0.1,2014-12-17,
7474,439,0.0484,2017-12-18,
7474,385,0.14519,2017-12-18,
7474,341,0.9679300000000001,2017-12-18,
7475,1573,0.1,2014-12-17,
7475,439,0.0484,2017-12-18,
7475,385,0.14519,2017-12-18,
7475,341,0.9679300000000001,2017-12-18,
7476,1573,0.1,2014-12-17,
7476,439,0.0484,2017-12-18,
7476,385,0.14519,2017-12-18,
7476,341,0.9679300000000001,2017-12-18,
7477,341,1.11768,2015-01-30,
7477,383,1.3971,2015-01-30,
7477,389,1.95594,2015-01-30,
7477,415,2.79419,2015-01-30,
7478,415,2.495,2022-09-16,
7478,341,0.998,2022-09-16,
7478,383,1.248,2022-09-16,
7479,415,2.476,2022-09-16,
7479,341,0.99,2022-09-16,
7479,383,1.238,2022-09-16,
7480,415,2.488,2022-09-16,
7480,341,0.995,2022-09-16,
7480,383,1.244,2022-09-16,
7481,1678,1.28,2015-03-12,
7481,341,1.0848,2015-03-12,
7481,428,0.32539999999999997,2015-03-12,
7481,640,0.6509,2015-03-12,
7481,383,1.3559999999999999,2016-09-20,
7482,1678,1.28,2015-03-12,
7482,1679,2.13,2015-03-12,
7482,341,1.0632,2015-03-12,
7482,428,0.3189,2015-03-12,
7482,640,0.6379,2015-03-12,
7483,1678,1.28,2015-03-12,
7483,341,1.0971,2015-03-12,
7483,428,0.32909999999999995,2015-03-12,
7483,640,0.6593000000000001,2015-03-12,
7484,1678,1.28,2015-03-12,
7484,1679,2.13,2015-03-12,
7484,341,1.0808,2015-03-12,
7484,428,0.3243,2015-03-12,
7484,640,0.6485,2015-03-12,
7485,1678,1.28,2015-03-12,
7485,1679,2.13,2015-03-12,
7485,341,1.1091,2015-03-12,
7485,428,0.33270000000000005,2015-03-12,
7485,640,0.6654000000000001,2015-03-12,
7486,1678,1.28,2015-03-12,
7486,341,1.0613,2015-03-12,
7486,428,0.33270000000000005,2015-03-12,
7486,640,0.6368,2015-03-12,
7487,1678,1.28,2015-03-12,
7487,341,1.1138,2015-03-12,
7487,428,0.3342,2015-03-12,
7487,640,0.6683,2015-03-12,
7488,1678,1.28,2015-03-12,
7488,341,1.0743,2015-03-12,
7488,428,0.3223,2015-03-12,
7488,640,0.6446,2015-03-12,
7489,1678,1.28,2015-03-12,
7489,341,1.0903,2015-03-12,
7489,428,0.3271,2015-03-12,
7489,640,0.6542,2015-03-12,
7490,1678,1.28,2015-03-12,
7490,1679,2.13,2015-03-12,
7490,341,1.0771,2015-03-12,
7490,428,0.3231,2015-03-12,
7490,640,0.6462,2015-03-12,
7491,1678,1.28,2015-03-12,
7491,341,1.1089,2015-03-12,
7491,428,0.33270000000000005,2015-03-12,
7491,640,0.6654000000000001,2015-03-12,
7492,1678,1.28,2015-03-12,
7492,1679,2.13,2015-03-12,
7492,341,1.0695999999999999,2015-03-12,
7492,428,1.3209,2015-03-12,
7492,640,0.6418,2015-03-12,
7494,1678,1.28,2015-03-12,
7494,341,1.10295,2015-03-12,
7494,428,0.3309,2015-03-12,
7494,640,0.6618,2015-03-12,
7495,1679,2.13,2015-03-12,
7495,341,1.0943,2015-03-12,
7495,428,0.3283,2015-03-12,
7495,640,0.6566,2015-03-12,
7496,1678,1.28,2015-03-12,
7496,1679,2.13,2015-03-12,
7496,341,1.079,2015-03-12,
7496,428,0.3237,2015-03-12,
7496,640,0.6474,2015-03-12,
7497,1678,1.28,2015-03-12,
7497,341,1.06172,2015-03-12,
7497,428,0.3185,2015-03-12,
7497,640,0.637,2015-03-12,
7498,1679,2.13,2015-03-12,
7498,341,1.08376,2015-03-12,
7498,428,0.3251,2015-03-12,
7498,640,0.6503,2015-03-12,
7499,502677,0.6089800000000001,2015-03-12,
7499,341,1.03217,2015-03-12,
7499,428,0.30965,2015-03-12,
7499,640,0.6193,2015-03-12,
7500,502677,0.55763,2015-03-12,
7500,341,0.9451,2015-03-12,
7500,428,0.28354,2015-03-12,
7500,640,0.5671,2015-03-12,
7501,502677,0.5801700000000001,2015-03-12,
7501,341,0.98333,2015-03-12,
7501,428,0.295,2015-03-12,
7501,640,0.59,2015-03-12,
7503,502677,0.56677,2015-03-12,
7503,341,0.9606,2015-03-12,
7503,428,0.2914,2015-03-12,
7503,640,0.5828,2015-03-12,
7504,502677,0.5731,2015-03-12,
7504,341,0.97136,2015-03-12,
7504,428,0.2914,2015-03-12,
7504,640,0.5828,2015-03-12,
7505,1679,2.13,2015-03-12,
7505,1678,1.28,2015-03-12,
7505,341,1.0307,2015-03-12,
7505,428,0.30920000000000003,2015-03-12,
7505,640,0.6184000000000001,2015-03-12,
7506,1679,2.13,2015-03-12,
7506,1678,1.28,2015-03-12,
7506,341,1.04295,2015-03-12,
7506,428,0.3129,2015-03-12,
7506,640,0.6258,2015-03-12,
7507,1679,2.13,2015-03-12,
7507,1678,1.28,2015-03-12,
7507,341,1.0241200000000001,2015-03-12,
7507,428,0.3072,2015-03-12,
7507,640,0.6145,2015-03-12,
7508,1679,2.13,2015-03-12,
7508,1678,1.28,2015-03-12,
7508,341,1.05172,2015-03-12,
7508,428,0.3155,2015-03-12,
7508,640,0.631,2015-03-12,
7509,1679,2.13,2015-03-12,
7509,1678,1.28,2015-03-12,
7509,341,1.0587600000000001,2015-03-12,
7509,428,0.3176,2015-03-12,
7509,640,0.6353,2015-03-12,
7510,341,1.05,2015-03-12,
7510,428,0.315,2015-03-26,
7510,640,0.63,2015-03-26,
7512,1679,2.13,2015-03-12,
7512,341,1.0593899999999998,2015-03-12,
7512,428,0.3178,2015-03-12,
7512,640,0.6356,2015-03-12,
7513,1679,2.13,2015-03-12,
7513,341,1.05806,2015-03-12,
7513,428,0.3178,2015-03-12,
7513,640,0.6347999999999999,2015-03-12,
7514,1679,2.13,2015-03-12,
7514,1678,1.28,2015-03-12,
7514,341,1.05438,2015-03-12,
7514,428,0.31629999999999997,2015-03-12,
7514,640,0.6325999999999999,2015-03-12,
7515,1679,2.13,2015-03-12,
7515,1678,1.28,2015-03-12,
7515,341,1.0428,2015-03-12,
7515,428,0.3128,2015-03-12,
7515,640,0.6257,2015-03-12,
7516,502677,0.1153,2015-03-12,
7516,341,0.9767,2015-03-12,
7516,428,0.293,2015-03-12,
7516,640,0.586,2015-03-12,
7517,1678,1.28,2015-03-12,
7517,341,1.0797700000000001,2015-03-12,
7517,428,0.31489999999999996,2015-03-12,
7517,640,0.6299,2015-03-12,
7518,341,1.05,2015-03-12,
7518,428,0.315,2015-03-26,
7518,640,0.63,2015-03-26,
7519,1678,1.28,2015-03-12,
7519,341,1.04518,2015-03-12,
7519,428,0.3136,2015-03-12,
7519,640,0.6271,2015-03-12,
7520,1678,1.28,2015-03-12,
7520,341,1.06891,2015-03-12,
7520,428,0.3207,2015-03-12,
7520,640,0.6413,2015-03-12,
7521,1678,1.28,2015-03-12,
7521,341,1.0478,2015-03-12,
7521,428,0.3143,2015-03-12,
7521,640,0.6286999999999999,2015-03-12,
7521,383,1.30975,2016-09-20,
7522,1679,2.13,2015-03-12,
7522,1678,1.28,2015-03-12,
7522,341,1.0554000000000001,2015-03-12,
7522,428,0.3166,2015-03-12,
7522,640,0.6332,2015-03-12,
7522,383,1.31925,2016-09-20,
7523,1678,1.28,2015-03-12,
7523,341,1.03906,2015-03-12,
7523,428,0.31170000000000003,2015-03-12,
7523,640,0.6234000000000001,2015-03-12,
7524,1679,2.13,2015-03-12,
7524,1678,1.28,2015-03-12,
7524,341,1.05001,2015-03-12,
7524,428,0.315,2015-03-12,
7524,640,0.63,2015-03-12,
7524,383,1.3125,2016-09-20,
7525,1679,2.13,2015-03-12,
7525,1678,1.28,2015-03-12,
7525,341,1.04543,2015-03-12,
7525,428,0.3136,2015-03-12,
7525,640,0.6273,2015-03-12,
7525,383,1.3067,2016-09-20,
7526,1679,2.13,2015-03-12,
7526,1678,1.28,2015-03-12,
7526,341,1.0709600000000001,2015-03-12,
7526,428,0.3123,2015-03-12,
7526,640,0.6426000000000001,2015-03-12,
7526,383,1.3495,2016-09-20,
7527,1678,1.28,2015-03-12,
7527,341,1.08793,2015-03-12,
7527,428,0.3264,2015-03-12,
7527,640,0.6528,2015-03-12,
7528,341,1.0575,2015-03-12,
7528,1679,2.13,2015-03-12,
7528,428,0.3173,2015-03-12,
7528,640,0.6345000000000001,2015-03-12,
7529,1678,1.28,2015-03-12,
7529,341,1.05135,2015-03-12,
7529,428,0.3154,2015-03-12,
7529,640,0.6308,2015-03-12,
7530,1678,1.28,2015-03-12,
7530,341,1.05531,2015-03-12,
7530,428,0.3166,2015-03-12,
7530,640,0.6332,2015-03-12,
7531,341,1.02705,2015-03-24,
7531,383,1.2838,2015-03-24,
7531,415,2.5676,2015-03-24,
7532,49,0.0571,2015-03-11,
7534,341,0.1185,2015-03-11,
7534,383,0.1482,2015-03-11,
7535,385,0.0642,2015-03-11,
7535,341,0.42810000000000004,2015-03-11,
7535,383,0.5351,2015-03-11,
7537,428,0.2158,2015-03-11,
7537,640,0.4316,2015-03-11,
7537,341,0.7193999999999999,2015-03-11,
7537,383,0.8992,2015-03-11,
7539,428,0.2217,2015-03-11,
7539,640,0.44329999999999997,2015-03-11,
7539,341,0.7387999999999999,2015-03-11,
7539,383,0.7236,2015-03-11,
7540,385,0.0616,2015-03-11,
7540,341,0.4107,2015-03-11,
7540,383,0.5134000000000001,2015-03-11,
7541,428,0.2132,2015-03-11,
7541,640,0.4264,2015-03-11,
7541,341,0.7106999999999999,2015-03-11,
7541,383,0.8884000000000001,2015-03-11,
7542,428,0.21989999999999998,2015-03-11,
7542,640,0.4397,2015-03-11,
7542,341,0.7328,2015-03-11,
7542,383,0.9159999999999999,2015-03-11,
7545,385,0.0499,2015-03-11,
7545,341,0.3328,2015-03-11,
7545,383,0.41600000000000004,2015-03-11,
7546,428,0.2089,2015-03-11,
7546,640,0.4178,2015-03-11,
7546,341,0.6962999999999999,2015-03-11,
7546,383,0.8703,2015-03-11,
7547,428,0.2046,2015-03-11,
7547,640,0.4092,2015-03-11,
7547,341,0.682,2015-03-11,
7547,383,0.8526,2015-03-11,
7548,385,0.061799999999999994,2015-03-11,
7548,341,0.4122,2015-03-11,
7548,383,0.5152,2015-03-11,
7549,428,0.2134,2015-03-11,
7549,640,0.4269,2015-03-11,
7549,341,0.7114,2015-03-11,
7549,383,0.8893000000000001,2015-03-11,
7550,428,0.21600000000000003,2015-03-11,
7550,640,0.43189999999999995,2015-03-11,
7550,341,0.7199,2015-03-11,
7550,383,0.8998999999999999,2015-03-11,
7551,385,0.0646,2015-03-11,
7551,341,0.43079999999999996,2015-03-11,
7551,383,0.5385,2015-03-11,
7552,428,0.2162,2015-03-12,
7552,640,0.4324,2015-03-12,
7552,341,0.7208,2015-03-12,
7552,383,0.9009,2015-03-12,
7553,385,0.0649,2015-03-12,
7553,341,0.44327,2015-03-12,
7553,383,0.5540999999999999,2015-03-12,
7554,428,0.2181,2015-03-12,
7554,640,0.4362,2015-03-12,
7554,341,0.72698,2015-03-12,
7554,383,0.9087000000000001,2015-03-12,
7556,428,0.21059999999999998,2015-03-11,
7556,640,0.4211,2015-03-11,
7556,341,0.7019,2015-03-11,
7556,383,0.8773000000000001,2015-03-11,
7557,385,0.0449,2015-03-12,
7557,341,0.299,2015-03-12,
7557,383,0.3738,2015-03-12,
7558,428,0.19949999999999998,2015-03-12,
7558,640,0.39909999999999995,2015-03-12,
7558,341,0.6651,2015-03-12,
7558,383,0.8314,2015-03-12,
7559,385,0.0655,2015-03-12,
7559,341,0.4368,2015-03-12,
7559,383,0.546,2015-03-12,
7560,428,0.21710000000000002,2015-03-12,
7560,640,0.43420000000000003,2015-03-12,
7560,341,0.7237,2015-03-12,
7560,383,0.9047,2015-03-12,
7561,385,0.0509,2015-03-12,
7561,341,0.33899999999999997,2015-03-12,
7561,383,0.4238,2015-03-12,
7562,428,0.20550000000000002,2015-03-12,
7562,640,0.4111,2015-03-12,
7562,341,0.6851,2015-03-12,
7562,383,0.8564,2015-03-12,
7563,385,0.0646,2015-03-12,
7563,341,0.43079999999999996,2015-03-12,
7563,383,0.5385,2015-03-12,
7564,428,0.2193,2015-03-12,
7564,640,0.4386,2015-03-12,
7564,341,0.731,2015-03-12,
7564,383,0.9138,2015-03-12,
7566,385,0.0742,2015-03-12,
7566,341,0.4949,2015-03-12,
7566,383,0.6186,2015-03-12,
7567,428,0.22579999999999997,2015-03-12,
7567,640,0.4517,2015-03-12,
7567,341,0.7528,2015-03-12,
7567,383,0.941,2015-03-12,
7568,428,0.2027,2016-06-06,
7568,341,0.6756699999999999,2016-06-06,
7568,383,0.5446,2016-06-06,
7568,415,1.6891999999999998,2016-06-06,
7568,1454,0.3,2015-04-22,
7568,640,0.4054,2016-06-06,
7569,341,0.99,2022-09-16,
7569,383,1.238,2022-09-16,
7569,415,2.475,2022-09-16,
7570,341,1.006,2022-09-16,
7570,383,1.258,2022-09-16,
7570,415,2.515,2022-09-16,
7574,1573,0.1,2015-03-02,
7574,439,0.47973999999999994,2017-12-18,
7574,385,0.14392,2017-12-18,
7574,341,0.95947,2017-12-18,
7575,1573,0.1,2015-03-02,
7575,439,0.47973999999999994,2017-12-18,
7575,385,0.14392,2017-12-18,
7575,341,0.95947,2017-12-18,
7577,385,0.1776,2015-05-26,
7577,428,0.3552,2015-05-26,
7577,341,1.1840000000000002,2015-05-26,
7578,12,0.4,2015-05-29,
7578,1454,0.3,2015-05-29,
7579,160,3.43,2016-11-03,
7579,1501,1.88,2016-11-03,
7579,1457,1.4,2016-11-03,
7580,341,0.98478,2016-08-19,
7580,415,2.46196,2016-08-19,
7580,383,1.23098,2016-08-19,
7582,93,1.37,2016-08-11,
7582,1457,1.4,2016-08-11,
7584,341,1.2871000000000001,2016-08-12,
7584,415,3.21776,2016-08-12,
7585,341,1.06509,2017-03-13,
7585,383,1.3313599999999999,2017-03-13,
7585,415,2.6627300000000003,2017-03-13,
7585,385,0.15976,2017-03-13,
7586,987,1.75,2017-03-13,
7586,341,0.84531,2017-04-21,
7586,383,1.05664,2017-04-21,
7586,415,2.11327,2017-04-21,
7587,12,1.13,2017-04-21,
7588,12,0.66,2017-03-14,
7589,385,0.15342,2017-03-14,
7589,341,1.02282,2017-03-14,
7589,415,2.5570500000000003,2017-03-14,
7589,998,0.15,2017-03-14,
7590,385,0.14708,2017-04-21,
7590,341,0.98056,2017-03-15,
7591,341,1.06509,2017-03-15,
7591,640,0.63954,2017-03-15,
7592,640,0.61877,2017-03-15,
7592,341,1.03128,2017-03-15,
7593,439,0.06633,2017-08-04,
7593,341,1.32653,2017-03-15,
7594,1583,0.54,2017-03-17,
7594,403,0.3,2017-03-17,
7595,1461,0.55,2017-03-17,
7595,341,0.30995,2017-03-17,
7595,383,0.38744,2017-03-17,
7595,415,0.77488,2017-03-17,
7596,341,0.37838,2017-03-17,
7596,640,0.22702999999999998,2017-03-17,
7596,383,0.47298,2017-03-17,
7596,415,0.94595,2017-03-17,
7596,1456,0.4,2017-03-17,
7597,341,0.4269,2017-01-24,
7597,640,0.25164000000000003,2017-01-24,
7597,383,0.53363,2017-01-24,
7598,341,1.05241,2017-03-17,
7598,383,1.31551,2017-03-17,
7598,415,2.63103,2017-03-17,
7599,341,0.63398,2017-03-17,
7599,383,0.7924800000000001,2017-03-17,
7599,1470,0.85,2017-03-17,
7600,341,0.63398,2017-03-17,
7600,383,0.7924800000000001,2017-03-17,
7600,415,1.58495,2017-03-17,
7600,1470,0.85,2017-03-17,
7601,341,0.15254,2017-03-20,
7601,383,0.19068000000000002,2017-03-20,
7601,1470,0.85,2017-03-20,
7602,343,0.50719,2017-03-20,
7602,640,0.30431,2017-03-20,
7602,612,0.33812,2017-03-20,
7602,513,0.04,2017-03-20,
7602,1454,0.3,2017-03-20,
7603,341,0.9997499999999999,2017-03-21,
7603,383,1.24969,2017-03-21,
7603,415,2.49938,2017-03-21,
7603,430,3.7491000000000003,2017-04-24,
7604,341,1.06086,2017-03-21,
7604,383,1.32078,2017-03-21,
7604,415,2.65215,2017-03-21,
7605,341,1.0003199999999999,2017-04-04,
7605,383,1.2504,2017-04-04,
7605,415,2.5008,2017-04-04,
7606,341,1.10735,2017-04-04,
7606,383,1.3841999999999999,2017-04-04,
7606,415,2.7683999999999997,2017-04-04,
7607,341,1.12003,2017-04-04,
7607,383,1.40004,2017-04-04,
7607,415,2.80001,2017-04-04,
7608,341,1.01437,2017-04-04,
7608,383,1.2678,2017-04-04,
7608,415,2.5359,2017-04-04,
7609,341,1.0989,2017-04-04,
7609,383,1.37363,2017-04-04,
7609,415,2.74725,2017-04-04,
7610,341,1.13694,2017-04-04,
7610,383,1.4211699999999998,2017-04-04,
7610,415,2.84235,2017-04-04,
7611,341,1.14539,2017-04-04,
7611,383,1.43174,2017-04-04,
7611,415,2.86348,2017-04-04,
7612,341,1.14117,2017-04-04,
7612,383,1.4264599999999998,2017-04-04,
7612,415,2.8529199999999997,2017-04-04,
7613,341,1.12003,2017-04-04,
7613,383,1.40004,2017-04-04,
7613,415,2.80008,2017-04-04,
7614,341,1.01454,2017-04-04,
7614,383,1.26818,2017-04-04,
7614,415,2.53635,2017-04-04,
7614,430,3.8045299999999997,2017-04-24,
7615,341,1.05122,2017-04-04,
7615,415,2.53805,2017-04-04,
7616,341,0.9997499999999999,2017-04-04,
7616,383,1.24969,2017-04-04,
7616,415,2.4994,2017-04-24,
7617,341,1.00045,2017-04-04,
7617,415,2.50113,2017-04-04,
7617,471,3.4115300000000004,2017-04-04,
7618,341,1.0348300000000001,2017-04-04,
7618,415,2.5870800000000003,2017-04-04,
7618,471,3.52878,2017-04-04,
7619,341,1.02468,2017-04-04,
7619,1589,0.9222199999999999,2017-04-04,
7620,341,1.0,2017-04-04,
7620,415,2.5,2017-04-04,
7621,341,0.9997499999999999,2017-04-04,
7621,415,2.49938,2017-04-04,
7622,1348,0.139,2017-04-05,
7622,341,0.69388,2017-04-05,
7623,341,1.0,2017-04-05,
7623,383,1.25,2017-04-05,
7623,415,2.5,2017-04-05,
7624,341,1.0,2017-04-05,
7624,415,2.5,2017-04-05,
7625,12,0.35,2017-04-05,
7625,1456,0.4,2017-04-05,
7626,341,1.42012,2017-04-05,
7626,385,0.21302,2017-04-05,
7626,428,0.42604,2017-04-05,
7626,383,1.7751499999999998,2017-04-05,
7626,415,3.5502999999999996,2017-04-05,
7627,385,0.1997,2017-04-05,
7627,428,0.39941000000000004,2017-04-05,
7627,341,1.3361600000000002,2017-04-05,
7627,383,1.6642,2017-04-05,
7627,415,3.3284,2017-04-05,
7628,385,0.20287,2017-04-05,
7628,341,1.35249,2017-04-05,
7629,502688,1.78571,2017-04-05,
7629,502689,1.43702,2017-04-05,
7629,502690,1.38419,2017-04-05,
7629,502692,1.64835,2017-04-05,
7629,383,0.89286,2017-04-05,
7629,1602,2.15,2017-04-05,
7630,502688,1.39476,2017-04-05,
7630,502689,1.17287,2017-04-05,
7630,383,0.87701,2017-04-05,
7630,1602,2.15,2017-04-05,
7631,415,1.27853,2017-04-05,
7631,383,0.63926,2017-04-05,
7631,1602,2.15,2017-04-05,
7632,502688,1.48986,2017-04-05,
7632,383,0.74493,2017-04-05,
7632,1602,2.15,2017-04-05,
7633,502529,2.28,2017-04-05,
7633,1457,1.4,2017-04-05,
7634,502529,2.07,2017-04-05,
7634,1457,1.4,2017-04-05,
7635,502529,1.98,2017-04-05,
7635,1457,1.4,2017-04-05,
7636,502529,1.84,2017-04-05,
7636,1457,1.4,2017-04-05,
7637,502529,1.84,2017-04-05,
7637,1457,1.4,2017-04-05,
7638,502529,2.09,2017-04-05,
7638,1457,1.4,2017-04-05,
7639,502529,3.01,2017-04-05,
7639,1457,1.4,2017-04-05,
7640,502529,1.48,2017-04-05,
7640,1457,1.4,2017-04-05,
7641,1633,1.33,2017-04-12,
7641,502701,2.0,2017-04-12,
7642,1633,1.23,2017-04-12,
7642,502701,2.0,2017-04-12,
7643,1649,1.09,2017-04-12,
7643,502701,2.0,2017-04-12,
7644,284,0.43,2017-04-12,
7644,502701,2.0,2017-04-12,
7645,341,0.97791,2017-04-12,
7645,383,1.2238,2017-04-12,
7645,415,2.4476,2017-04-12,
7646,502702,1.3,2017-04-12,
7646,502701,2.0,2017-04-12,
7647,502505,1.55,2017-04-12,
7647,502701,2.0,2017-04-12,
7648,502702,1.27,2017-04-12,
7648,502701,2.0,2017-04-12,
7649,502505,1.56,2017-04-12,
7649,502701,2.0,2017-04-12,
7650,502702,1.33,2017-04-12,
7650,502701,2.0,2017-04-12,
7651,502505,1.61,2017-04-12,
7651,502701,2.0,2017-04-12,
7652,183,0.86,2017-04-12,
7652,1579,0.6,2017-04-12,
7653,1579,0.6,2017-03-17,
7653,502536,0.88,2017-04-12,
7654,502505,1.27,2017-04-12,
7654,502701,2.0,2017-04-12,
7654,596,1.03,2017-04-12,
7655,221,0.03,2017-04-12,
7655,341,0.16906,2017-04-12,
7655,990,0.5,2017-04-12,
7656,341,0.38039,2017-04-12,
7656,383,0.47548999999999997,2017-04-12,
7656,990,0.5,2017-04-12,
7657,341,0.16906,2017-04-12,
7657,139,0.10099999999999999,2017-04-12,
7657,160,0.065,2017-04-12,
7657,553,0.026000000000000002,2017-04-12,
7657,990,0.5,2017-04-12,
7658,72,0.03,2017-04-12,
7658,341,0.16061,2017-04-12,
7658,1494,0.02,2017-04-12,
7659,341,1.18343,2017-04-12,
7659,640,0.5680499999999999,2017-04-12,
7659,383,1.18343,2017-04-12,
7660,439,0.06756999999999999,2017-04-12,
7660,385,0.19702999999999998,2017-04-12,
7660,341,1.3513499999999998,2017-04-12,
7661,428,0.36487,2017-04-12,
7661,640,0.72973,2017-04-12,
7661,341,1.21622,2017-04-12,
7661,383,1.5202799999999999,2017-04-12,
7661,415,3.04055,2017-04-12,
7661,1454,0.3,2017-04-12,
7662,439,0.05714,2017-04-13,
7662,428,0.34286,2017-04-13,
7662,341,1.14287,2017-04-13,
7663,49,0.11800000000000001,2026-01-28,
7664,1647,11.8,2017-04-13,
7664,1454,0.3,2017-04-13,
7665,227,0.51,2017-04-18,
7665,1461,0.55,2017-04-18,
7666,227,0.56,2017-04-18,
7666,1461,0.55,2017-04-18,
7667,174,0.36,2017-04-18,
7667,1454,0.3,2017-04-18,
7668,245,0.48,2017-04-18,
7668,1496,0.75,2017-04-18,
7669,1358,0.69,2017-04-18,
7669,1359,1.05,2017-04-18,
7669,1360,1.31,2017-04-18,
7669,1470,0.85,2017-04-18,
7670,72,0.43,2017-04-18,
7670,1454,0.3,2017-04-18,
7671,72,0.14,2017-04-18,
7671,1494,0.2,2017-04-18,
7672,49,0.34,2017-04-18,
7672,1454,0.3,2017-04-18,
7673,49,0.62,2017-04-18,
7673,1454,0.3,2017-04-18,
7674,12,0.22,2017-04-18,
7674,1454,0.3,2017-04-18,
7675,1647,0.44,2017-04-18,
7675,1454,0.3,2017-04-18,
7676,1647,0.23,2017-04-18,
7676,1454,0.3,2017-04-18,
7677,1647,0.3,2017-04-18,
7677,1454,0.3,2017-04-18,
7678,1647,0.44,2017-04-18,
7678,1454,0.3,2017-04-18,
7679,245,0.34,2017-04-18,
7679,1496,0.75,2017-04-18,
7680,245,0.35,2017-04-18,
7680,1496,0.75,2017-04-18,
7681,245,0.35,2017-04-18,
7681,1496,0.75,2017-04-18,
7682,245,0.25,2017-04-18,
7682,1496,0.75,2017-04-18,
7683,227,0.44,2017-04-18,
7683,1461,0.55,2017-04-18,
7684,1536,0.107,2017-04-18,
7684,1494,0.2,2017-04-18,
7685,1536,0.061,2017-04-18,
7685,1494,0.2,2017-04-18,
7686,502447,0.9,2017-04-18,
7686,24,2.42,2017-04-18,
7686,1496,0.75,2017-04-18,
7687,1212,0.48,2017-04-18,
7687,24,3.52,2017-04-18,
7687,1496,0.75,2017-04-18,
7688,227,0.3,2017-04-18,
7688,1461,0.55,2017-04-18,
7689,49,0.25,2017-04-18,
7689,1454,0.3,2017-04-18,
7690,49,0.4,2017-04-18,
7690,1454,0.3,2017-04-18,
7691,49,0.28,2017-04-18,
7691,1454,0.3,2017-04-18,
7692,49,0.48,2017-04-18,
7692,1454,0.3,2017-04-18,
7693,341,0.8445900000000001,2017-04-20,
7693,640,0.50676,2017-04-20,
7693,1454,0.3,2017-04-20,
7694,341,0.57481,2017-04-20,
7694,640,0.34489,2017-04-20,
7694,1454,0.3,2017-04-20,
7695,349,0.96788,2017-04-20,
7695,1119,1.20985,2017-04-20,
7695,1120,2.4197,2017-04-20,
7695,1457,1.4,2017-04-20,
7696,341,0.9636499999999999,2017-04-20,
7696,383,1.20456,2017-04-20,
7696,415,2.40913,2017-04-20,
7696,1601,0.45,2017-04-20,
7697,502703,1.14,2017-04-24,
7697,502701,2.0,2017-10-17,
7698,502701,2.0,2017-04-20,
7698,502704,1.27,2017-04-24,
7699,502701,2.0,2017-04-20,
7699,502704,1.27,2017-04-24,
7700,502701,2.0,2017-04-20,
7700,502704,1.27,2017-04-24,
7701,341,0.96788,2017-04-20,
7701,383,1.20985,2017-04-20,
7701,415,2.4197,2017-04-20,
7701,1601,0.45,2017-04-20,
7702,183,0.63,2017-04-20,
7702,1579,0.6,2017-04-20,
7703,15,1.26,2017-04-20,
7703,502701,2.0,2017-04-20,
7704,341,1.0509,2017-04-20,
7704,383,1.3316,2017-04-20,
7704,415,2.6627199999999998,2017-04-20,
7704,502705,3.0,2017-04-24,
7705,385,0.19257000000000002,2017-04-20,
7705,428,0.38514000000000004,2017-04-20,
7705,341,1.28378,2017-04-20,
7706,502706,0.80308,2017-04-24,
7706,502707,1.0038500000000001,2017-04-24,
7706,1456,0.4,2017-04-24,
7706,502708,0.08,2017-04-24,
7706,502709,0.07,2017-04-24,
7706,502710,0.05,2017-04-24,
7707,385,0.18345,2017-04-20,
7707,428,0.36689,2017-04-20,
7707,341,1.00097,2017-04-20,
7709,341,1.0295,2020-02-24,
7709,415,2.4283,2020-02-24,
7709,383,1.2869,2020-02-24,
7710,341,1.0295,2020-02-24,
7710,383,1.2869,2020-02-24,
7710,415,2.4283,2020-02-24,
7711,341,0.9556,2020-02-24,
7711,383,1.308,2020-02-24,
7711,415,2.616,2020-02-24,
7712,341,0.9556,2020-02-24,
7712,383,1.308,2020-02-24,
7712,415,2.616,2020-02-24,
7713,428,0.31193000000000004,2017-10-24,
7713,640,0.62387,2017-10-24,
7713,341,1.03978,2017-10-24,
7713,383,1.29973,2017-10-24,
7713,415,2.59946,2017-10-24,
7713,1454,0.3,2017-10-24,
7714,341,0.9556,2020-02-24,
7714,383,1.308,2020-02-24,
7714,415,2.616,2020-02-24,
7715,341,1.0567,2017-10-25,
7715,383,1.3208799999999998,2017-10-25,
7715,415,2.64175,2017-10-25,
7715,640,0.63402,2017-10-25,
7716,341,1.03128,2022-05-27,
7716,415,2.57819,2022-05-27,
7717,341,1.07354,2022-06-07,
7717,383,1.34193,2022-06-07,
7717,415,2.68385,2022-06-07,
7718,341,1.07354,2022-06-07,
7718,383,1.34193,2022-06-07,
7718,415,2.68385,2022-06-07,
7719,341,1.0295,2020-02-24,
7719,383,1.2869,2020-02-24,
7719,415,2.4283,2020-02-24,
7720,341,1.0295,2020-02-24,
7720,383,1.2869,2020-02-24,
7720,415,2.4283,2020-02-24,
7721,341,1.03128,2022-05-27,
7721,415,2.57819,2022-05-27,
7722,341,1.03128,2022-05-27,
7722,415,2.57819,2022-05-27,
7723,341,1.03128,2022-05-27,
7723,415,2.57819,2022-05-27,
7724,341,1.03128,2022-05-27,
7724,415,2.57819,2022-05-27,
7730,383,0.6181,2018-05-03,
7730,1489,1.25,2018-05-03,
7730,341,0.49450000000000005,2018-05-03,
7731,502712,1.02,2018-05-04,
7731,502713,0.37,2018-05-04,
7731,341,0.57,2018-05-04,
7732,368,0.503,2019-07-19,
7732,969,0.629,2019-07-19,
7732,977,1.258,2019-07-19,
7732,1560,0.606,2019-07-19,
7732,1561,1.515,2019-07-19,
7732,505783,0.075,2019-10-17,
7733,415,2.383,2019-10-22,
7733,341,0.953,2019-07-22,
7733,385,0.14300000000000002,2019-07-22,
7733,383,1.192,2019-10-17,
7734,368,0.478,2019-10-18,
7734,348,0.5579999999999999,2019-10-18,
7734,358,1.031,2019-10-18,
7734,977,1.194,2019-10-18,
7734,976,1.395,2019-10-18,
7734,978,2.5780000000000003,2019-10-18,
7735,368,0.478,2019-10-18,
7735,348,0.5579999999999999,2019-10-18,
7735,358,1.031,2019-10-18,
7735,977,1.194,2019-10-18,
7735,976,1.395,2019-10-18,
7735,978,2.5780000000000003,2019-10-18,
7736,368,0.47759999999999997,2019-10-22,
7736,348,0.5579,2019-10-22,
7736,358,1.0312999999999999,2019-10-22,
7737,368,0.478,2019-10-18,
7737,348,0.5579999999999999,2019-10-18,
7737,358,1.031,2019-10-18,
7737,977,1.194,2019-10-18,
7737,976,1.395,2019-10-18,
7737,978,2.5780000000000003,2019-10-18,
7738,368,0.47759999999999997,2019-10-22,
7738,348,0.5579,2019-10-22,
7738,358,1.0312999999999999,2019-10-22,
7739,385,0.159,2019-10-21,
7739,428,0.318,2019-10-21,
7739,341,1.06,2019-10-21,
7739,383,1.325,2019-10-21,
7739,415,2.65,2019-10-21,
7740,385,0.158,2019-07-23,
7740,428,0.315,2019-07-23,
7740,341,1.05,2019-07-23,
7740,383,1.3130000000000002,2019-07-23,
7740,415,2.625,2019-07-23,
7741,368,0.478,2019-10-18,
7741,358,1.031,2019-10-18,
7741,348,0.5579999999999999,2019-10-18,
7741,977,1.194,2019-10-18,
7741,978,2.5780000000000003,2019-10-18,
7741,976,1.395,2019-10-18,
7742,368,0.47759999999999997,2019-10-22,
7742,348,0.5579,2019-10-22,
7742,358,1.0312999999999999,2019-10-22,
7743,428,0.309,2019-07-19,
7743,341,1.03,2019-07-19,
7743,415,2.575,2019-07-19,
7743,196,0.3,2019-07-19,
7744,428,0.309,2026-01-28,
7744,341,1.03,2026-01-28,
7744,415,2.575,2026-01-28,
7744,196,0.3,2026-01-28,
7745,385,0.098,2019-10-18,
7745,383,0.813,2019-10-18,
7745,341,0.65,2019-10-18,
7745,415,1.625,2019-10-18,
7746,284,0.21,2019-07-22,
7747,284,0.21,2019-07-22,
7749,284,0.21,2019-07-22,
7750,284,0.21,2019-07-22,
7752,385,0.162,2019-07-22,
7752,383,1.35,2019-10-22,
7752,341,1.08,2019-07-22,
7752,415,2.7,2019-07-22,
7756,1454,0.3,2026-01-28,
7756,990,0.5,2026-01-28,
7756,344,0.9470000000000001,2026-01-28,
7756,975,2.3680000000000003,2026-01-28,
7757,502477,0.2126,2019-07-23,
7758,245,0.24885000000000002,2019-07-23,
7763,385,0.147,2019-10-21,
7763,341,0.98,2019-10-21,
7763,383,1.225,2019-10-21,
7763,415,2.45,2019-10-21,
7764,353,0.74,2019-07-23,
7764,368,0.498,2019-07-23,
7764,1242,1.85,2019-07-23,
7764,977,1.245,2019-07-23,
7764,505784,0.111,2019-10-22,
7764,505783,0.075,2019-10-22,
7765,279,0.56,2019-10-22,
7766,368,0.45649999999999996,2019-10-22,
7766,977,1.1412,2019-10-22,
7766,348,0.5579999999999999,2019-10-22,
7766,976,1.3947999999999998,2019-10-22,
7766,502477,0.21559999999999999,2019-10-22,
7767,385,0.156,2019-07-23,
7767,428,0.312,2019-07-23,
7767,341,1.04,2019-07-23,
7767,383,1.3,2019-07-23,
7767,415,2.6,2019-07-23,
7768,385,0.158,2019-07-23,
7768,428,0.315,2019-07-23,
7768,341,1.05,2019-07-23,
7768,383,1.3130000000000002,2019-07-23,
7768,415,2.625,2019-07-23,
7769,385,0.158,2019-07-23,
7769,428,0.315,2019-07-23,
7769,341,1.05,2019-07-23,
7769,383,1.3130000000000002,2019-07-23,
7769,415,2.625,2019-07-23,
7770,385,0.158,2019-07-23,
7770,428,0.315,2019-07-23,
7770,341,1.05,2019-07-23,
7770,383,1.3130000000000002,2019-07-23,
7770,415,2.625,2019-07-23,
7771,502345,0.28,2026-01-28,
7772,245,0.84,2026-01-28,
7773,415,2.659,2020-03-12,
7775,12,0.56,2021-09-02,
7775,559,0.16,2021-09-02,
7775,1456,0.4,2021-09-02,
7776,12,0.62,2021-09-08,
7776,1456,0.4,2021-09-08,
7777,174,0.85,2021-09-08,
7777,336,0.31539,2021-09-08,
7777,1456,0.4,2021-09-08,
7777,196,0.03154,2021-09-08,
7778,701,0.4,2021-09-08,
7778,700,0.68,2021-09-08,
7778,1456,0.4,2021-09-08,
7779,12,0.56,2021-09-08,
7779,23,0.12333,2021-09-08,
7779,1456,0.4,2021-09-08,
7780,12,0.78,2021-09-08,
7780,1456,0.4,2021-09-08,
7781,12,0.5,2021-09-09,
7781,1456,0.4,2021-09-09,
7782,174,0.53,2021-09-09,
7782,1456,0.4,2021-09-09,
7783,12,0.5,2021-09-09,
7783,1456,0.4,2021-09-09,
7784,867,0.42,2021-09-10,
7784,1456,0.4,2021-09-10,
7785,341,0.77793,2022-02-01,
7785,385,0.11669,2022-02-01,
7785,439,0.038900000000000004,2022-02-01,
7785,415,1.9447999999999999,2022-02-01,
7785,1573,0.1,2022-02-01,
7788,341,1.07354,2022-06-07,
7788,383,1.34193,2022-06-07,
7788,415,2.68385,2022-06-07,
7789,341,1.011,2022-09-16,
7789,383,1.264,2022-09-16,
7789,415,2.5269999999999997,2022-09-16,
7790,341,0.986,2022-09-16,
7790,383,1.232,2022-09-16,
7790,415,2.464,2022-09-16,
7797,341,0.9840000000000001,2022-09-16,
7797,383,1.23,2022-09-16,
7797,415,2.46,2022-09-16,
7799,341,0.983,2022-09-16,
7799,383,1.229,2022-09-16,
7799,415,2.458,2022-09-16,
7800,341,1.0,2022-09-16,
7800,383,1.25,2022-09-16,
7800,415,2.499,2022-09-16,
7801,341,1.008,2022-09-16,
7801,383,1.26,2022-09-16,
7801,415,2.519,2022-09-16,
7802,341,0.9890000000000001,2022-09-16,
7802,383,1.236,2022-09-16,
7802,415,2.472,2022-09-16,
7803,341,1.0759999999999998,2022-09-16,
7803,383,1.345,2022-09-16,
7803,415,2.69,2022-09-16,
7804,341,0.986,2022-09-16,
7804,383,1.2329999999999999,2022-09-16,
7804,415,2.4659999999999997,2022-09-16,
7805,341,0.97,2022-09-16,
7805,383,1.212,2022-09-16,
7805,415,2.425,2022-09-16,
7806,341,0.9940000000000001,2022-09-16,
7806,383,1.242,2022-09-16,
7806,415,2.484,2022-09-16,
7807,341,0.988,2022-09-16,
7807,383,1.235,2022-09-16,
7807,415,2.469,2022-09-16,
7808,341,1.001,2022-09-16,
7808,383,1.251,2022-09-16,
7808,415,2.503,2022-09-16,
7809,341,1.046,2022-09-16,
7809,383,1.308,2022-09-16,
7809,415,2.615,2022-09-16,
7810,341,1.051,2022-09-16,
7810,383,1.314,2022-09-16,
7810,415,2.628,2022-09-16,
7811,341,1.013,2022-09-16,
7811,383,1.266,2022-09-16,
7811,415,2.531,2022-09-16,
7812,341,0.996,2022-09-16,
7812,383,1.245,2022-09-16,
7812,415,2.491,2022-09-16,
7813,341,0.9890000000000001,2022-09-16,
7813,383,1.237,2022-09-16,
7813,415,2.474,2022-09-16,
7814,341,1.005,2022-09-16,
7814,383,1.2570000000000001,2022-09-16,
7814,415,2.513,2022-09-16,
7815,341,1.0270000000000001,2022-09-16,
7815,383,1.284,2022-09-16,
7815,415,2.5669999999999997,2022-09-16,
7816,341,1.003,2022-09-16,
7816,383,1.254,2022-09-16,
7816,415,2.508,2022-09-16,
7817,341,1.421,2022-09-16,
7817,383,1.777,2022-09-16,
7817,415,3.554,2022-09-16,
7818,341,1.131,2022-09-16,
7818,383,1.4140000000000001,2022-09-16,
7818,415,2.827,2022-09-16,
7819,341,1.04,2022-11-03,
7819,385,0.156,2022-11-03,
7819,1454,0.3,2022-11-03,
7821,415,2.8495999999999997,2026-01-28,
7821,341,1.1369,2026-01-28,
7824,110,2.67,2026-01-28,
7825,415,1.4476,2026-01-28,
7827,341,0.010101,2026-01-28,
7828,341,0.010101,2026-01-28,
7830,49,0.1527,2026-01-28,
7831,49,0.1114722222,2026-01-28,
7832,49,0.08098471795000001,2026-01-28,
7833,49,0.0468625,2026-01-28,
7834,49,0.129807483,2026-01-28,
7835,49,0.16515000000000002,2026-01-28,
7836,49,0.15195555560000001,2026-01-28,
7837,49,0.09526666667,2026-01-28,
7838,49,0.3105166667,2026-01-28,
7839,49,0.055916666670000004,2026-01-28,
7840,49,0.01343888889,2026-01-28,
7841,49,0.05513666667,2026-01-28,
7842,49,0.1127083333,2026-01-28,
7843,49,0.2388333333,2026-01-28,
7844,49,0.2930166667,2026-01-28,
7845,49,0.1244972222,2026-01-28,
7846,49,0.14745,2026-01-28,
7847,49,0.44315,2026-01-28,
7848,49,0.1550583333,2026-01-28,
7849,49,0.14255,2026-01-28,
7850,49,0.08070000000000001,2026-01-28,
7851,49,0.17213333330000002,2026-01-28,
7852,49,0.2647666667,2026-01-28,
7853,49,0.1946222222,2026-01-28,
7854,49,0.1426666667,2026-01-28,
7855,49,0.1495833333,2026-01-28,
7856,49,0.3068333333,2026-01-28,
7857,49,0.1414166667,2026-01-28,
7858,49,0.12471666669999999,2026-01-28,
7859,49,0.1032833333,2026-01-28,
7860,49,0.03795,2026-01-28,
7861,49,0.1262833333,2026-01-28,
7862,49,0.1,2026-01-28,
7863,49,0.07446666667,2026-01-28,
7864,49,0.06435566666999999,2026-01-28,
7865,49,0.1926333333,2026-01-28,
7866,49,0.1180833333,2026-01-28,
7867,49,0.2579875,2026-01-28,
7868,49,0.08904999999999999,2026-01-28,
7869,49,0.08106666667000001,2026-01-28,
7870,49,0.09961944444,2026-01-28,
7871,49,0.07051388889,2026-01-28,
7872,72,0.03981388889,2026-01-28,
7873,72,0.01468333333,2026-01-28,
7874,72,0.05971666667,2026-01-28,
7875,72,0.01282777778,2026-01-28,
7876,72,0.01856666667,2026-01-28,
7877,72,0.02179166667,2026-01-28,
7878,72,0.018416666669999998,2026-01-28,
7879,72,0.020499999999999997,2026-01-28,
7880,72,0.02648333333,2026-01-28,
7881,72,0.030561111109999997,2026-01-28,
7882,72,0.00513333333,2026-01-28,
7883,72,0.01079416667,2026-01-28,
7884,72,0.0060583333299999995,2026-01-28,
7885,72,0.018500000000000003,2026-01-28,
7886,72,0.02136666667,2026-01-28,
7887,72,0.013016666670000001,2026-01-28,
7888,72,0.036618181820000005,2026-01-28,
7889,72,0.02898333333,2026-01-28,
7890,72,0.00561666667,2026-01-28,
7891,72,0.03278333333,2026-01-28,
7892,72,0.010691666669999999,2026-01-28,
7893,72,0.015300000000000001,2026-01-28,
7894,72,0.0471,2026-01-28,
7895,72,0.04613333333,2026-01-28,
7896,72,0.020266666670000003,2026-01-28,
7897,72,0.03770833333,2026-01-28,
7898,72,0.0452,2026-01-28,
7899,72,0.03908333333,2026-01-28,
7900,72,0.013600000000000001,2026-01-28,
7901,72,0.06828333333,2026-01-28,
7902,72,0.04175833333,2026-01-28,
7903,72,0.028791666669999997,2026-01-28,
7904,72,0.045751388889999994,2026-01-28,
7905,72,0.018622222219999998,2026-01-28,
7906,72,0.01631666667,2026-01-28,
7907,72,0.04466666667,2026-01-28,
7908,72,0.05035,2026-01-28,
7909,72,0.062,2026-01-28,
7910,164,0.4796916667,2026-01-28,
7911,164,0.6506166667,2026-01-28,
7912,196,1.000667763,2026-01-28,
7913,196,0.88215,2026-01-28,
7914,196,1.263816667,2026-01-28,
7915,196,0.93536,2026-01-28,
7916,196,0.9239833333,2026-01-28,
7917,196,0.7645416667,2026-01-28,
7918,196,0.7604166667,2026-01-28,
7919,1633,0.6404166667,2026-01-28,
7920,1633,0.7509333332999999,2026-01-28,
7921,1633,0.3668333333,2026-01-28,
7922,1633,0.6475333333000001,2026-01-28,
7923,1633,0.62715,2026-01-28,
7924,1633,0.7786,2026-01-28,
7925,1633,0.5374333333,2026-01-28,
7926,1633,0.7009047619000001,2026-01-28,
7927,1633,0.6024833333,2026-01-28,
7928,1633,0.5832333332999999,2026-01-28,
7929,196,0.23545000000000002,2026-01-28,
7930,196,0.21758761910000002,2026-01-28,
7931,196,0.2029708333,2026-01-28,
7932,174,2.9783666670000004,2026-01-28,
7933,174,9.4116,2026-01-28,
7934,174,2.37888,2026-01-28,
7935,174,4.623135714,2026-01-28,
7936,174,2.9076999999999997,2026-01-28,
7937,174,5.168389412,2026-01-28,
7938,174,2.436,2026-01-28,
7939,174,2.666273412,2026-01-28,
7940,174,4.441576331,2026-01-28,
7941,174,2.6364620000000003,2026-01-28,
7942,174,8.921881667000001,2026-01-28,
7943,174,8.515533333,2026-01-28,
7944,174,2.853483333,2026-01-28,
7945,174,1.552433333,2026-01-28,
7946,174,2.7234,2026-01-28,
7947,174,2.9651666669999996,2026-01-28,
7948,174,2.34885,2026-01-28,
7949,174,2.668409582,2026-01-28,
7950,174,2.629216667,2026-01-28,
7951,174,2.914757852,2026-01-28,
7952,174,2.947368987,2026-01-28,
7953,174,2.48786,2026-01-28,
7954,174,6.623333333000001,2026-01-28,
7955,174,2.622719545,2026-01-28,
7956,174,9.767083333,2026-01-28,
7957,174,2.496596667,2026-01-28,
7958,174,2.6644471829999996,2026-01-28,
7959,174,4.348566667,2026-01-28,
7960,174,2.5200166669999997,2026-01-28,
7961,174,3.051208738,2026-01-28,
7962,174,3.013333333,2026-01-28,
7963,174,4.260629914,2026-01-28,
7964,174,2.491353333,2026-01-28,
7965,174,3.0446436670000003,2026-01-28,
7966,174,2.52947,2026-01-28,
7967,174,2.3691999999999998,2026-01-28,
7968,174,2.484980812,2026-01-28,
7969,174,3.8924843,2026-01-28,
7970,174,4.971866667,2026-01-28,
7971,174,10.2312,2026-01-28,
7972,174,15.2134,2026-01-28,
7973,174,4.467488622,2026-01-28,
