FoodID,FoodCode,FoodGroupID,FoodSourceID,FoodDescription,FoodDescriptionF,FoodDateOfEntry,FoodDateOfPublication,CountryCode,ScientificName
2,2,22,20,Cheese souffle,Soufflé au fromage,2012-06-28,,,
4,4,22,20,"Chop suey, with meat, canned","Chop suey, avec viande, conserve",2026-01-28,,,
5,5,22,0,"Chinese dish, chow mein, chicken","Mets chinois, chow mein, poulet",2026-01-28,,36623.0,
6,6,18,20,Corn fritter,"Maïs, beignet",2026-01-28,,,
7,7,22,37,"Frozen entree, beef pot roast with potatoes and vegetables, heated","Met surgelé, b?uf braisé, pomme de terre et légumes, réchauffé",2026-01-28,,,
8,8,22,37,"Frozen entree, fried chicken with mashed potatoes and vegetables, heated","Met surgelé, poulet frit avec pommes de terre en purée et légumes, réchauffé",2026-01-28,,,
9,9,22,11,"Meat loaf with tomato sauce, mashed potatoes and peas","Pain de viande avec sauce aux tomates, pommes de terre en purée et pois",2026-01-28,,,
10,10,22,37,"Frozen entree, turkey with potato, vegetables and gravy, heated","Met surgelé, dinde avec pommes de terre, légumes et sauce, réchauffé",2026-01-28,,28145210.0,
13,13,2,20,"Vinegar, cider","Vinaigre, cidre",2026-01-28,,2048.0,
14,14,2,0,"Vinegar, distilled (white)","Vinaigre, distillé (blanc)",2012-06-29,,2053.0,
16,16,1,0,"Butter, whipped","Beurre, fouetté",2026-01-28,,1002.0,
17,17,1,0,"Butter oil, anhydrous","Huile de beurre, anhydre",2012-06-26,,1003.0,
18,18,1,3,"Cheese, blue",Fromage bleu,2012-07-24,,1004.0,
19,19,1,37,"Cheese, brick",Fromage brick,2026-01-28,,1005.0,
20,20,1,37,"Cheese, brie",Fromage brie,2026-01-28,,1006.0,
21,21,1,0,"Cheese, camembert",Fromage camembert,2012-07-24,,1007.0,
22,22,1,0,"Cheese, caraway",Fromage carvi,2012-07-24,,1008.0,
23,23,1,0,"Cheese, cheshire",Fromage cheshire,2012-07-24,,1010.0,
24,24,1,0,"Cheese, colby",Fromage colby,2012-07-24,,1011.0,
25,25,1,0,"Cheese, cottage, creamed (4.5% M.F.)","Fromage cottage en crème (4,5% M.G.)",2026-01-27,,1012.0,
26,26,1,0,"Cheese, cottage, creamed with fruit",Fromage cottage en crème avec fruits,2012-06-29,,1013.0,
27,27,1,0,"Cheese, cottage, uncreamed, dry curd (0.4% M.F.)","Fromage cottage sec pressé (0,4% M.G.)",2015-05-08,,1014.0,
28,28,1,37,"Cheese, cream cheese product, plain","Fromage, produit de fromage à la crème, nature",2026-01-28,,1017.0,
29,29,1,37,"Cheese, edam, mini wheel","Fromage edam, mini roue",2026-01-28,,1018.0,
30,30,1,0,"Cheese, fontina",Fromage fontina,2012-07-24,,1020.0,
31,31,1,0,"Cheese, gjetost",Fromage gjetost,2012-07-24,,1021.0,
32,32,1,0,"Cheese, gruyere",Fromage gruyère,2012-07-24,,1023.0,
33,33,1,3,"Cheese, limburger",Fromage limburger (limbourg),2026-01-28,,1024.0,
34,34,1,37,"Cheese, monterey jack",Fromage monterey jack,2026-01-28,,1025.0,
35,35,1,0,"Cheese, mozzarella, (48% water, 25% M.F.)","Fromage mozzarella (48%d'humidité, 25% M.G.)",2012-07-24,,1027.0,
37,37,1,0,"Cheese, muenster",Fromage muenster,2012-07-24,,1030.0,
38,38,1,0,"Cheese, neufchatel",Fromage neufchatel,2012-07-24,,1031.0,
39,39,1,37,"Cheese, parmesan, shelf stable","Fromage parmesan, longue conservation",2019-06-05,,1032.0,
40,40,1,3,"Cheese, parmesan, hard","Fromage parmesan, pâte dure",2026-01-27,,1033.0,
41,41,1,0,"Cheese, port-salut",Fromage port-salut,2012-07-24,,1034.0,
42,42,1,37,"Cheese, provolone",Fromage provolone,2026-01-28,,1035.0,
43,43,1,37,"Cheese, ricotta",Fromage ricotta,2026-01-28,,1036.0,
44,44,1,37,"Cheese, ricotta, light","Fromage ricotta, léger",2026-01-28,,1037.0,
45,45,1,3,"Cheese, romano",Fromage romano,2012-07-24,,1038.0,
46,46,1,0,"Cheese, roquefort (blue)",Fromage roquefort (bleu),2012-07-24,,1039.0,
47,47,1,37,"Cheese, swiss (emmental)",Fromage suisse (emmental),2026-01-28,,1040.0,
48,48,1,3,"Cheese, tilsit, with whole milk","Fromage tilsit, avec lait entier",2012-07-24,,1041.0,
51,51,1,0,"Cheese, processed, cheddar, cold pack","Fromage fondu, préparation, cheddar, conditionné à froid",2012-07-24,,1045.0,
52,52,1,0,"Cheese, processed product, swiss, loaf","Produit de fromage fondu, Suisse, pain",2026-01-28,,1047.0,
54,54,1,0,"Cream, whipped, cream topping, pressurized","Crème, garniture fouettée, sous pression (bombe)",2012-06-19,,1054.0,
55,55,1,0,"Eggnog, 4% to 8% M.F.","Lait de poule, 4% à 8% M.G.",2026-01-28,,1057.0,
56,56,1,0,"Coffee whitener (non dairy), liquid","Colorant à café (non laitier), liquide",2026-01-28,,1067.0,
57,57,1,0,"Dessert topping (non dairy), powdered","Garniture à dessert (non laitière), poudre",2012-08-31,,1070.0,
58,58,1,0,"Dessert topping (non dairy), powdered, prepared with whole milk","Garniture à dessert (non laitière), poudre, préparée avec lait entier",2012-08-31,,1071.0,
59,59,1,0,"Dessert topping (non dairy), pressurized","Garniture à dessert (non laitière), sous pression (bombe)",2012-08-31,,1072.0,
60,60,1,0,"Dessert topping (non dairy), frozen, semisolid","Garniture à dessert (non laitière), congelée, semi-solide",2026-01-28,,1073.0,
61,61,1,37,"Milk, fluid, partly skimmed, 2% M.F.","Lait, partiellement écrémé, liquide, 2% M.G.",2026-01-28,,1079.0,
63,63,1,37,"Milk, fluid, partly skimmed, 1% M.F.","Lait, liquide, partiellement écrémé, 1% M.G.",2026-01-28,,1082.0,
66,66,1,1,"Milk, dry whole","Lait, poudre, entier",2026-01-28,,1090.0,
67,67,1,0,"Milk, dry, buttermilk, sweet cream","Babeurre, poudre, crème douce",2026-01-28,,1094.0,
68,68,1,3,"Milk, condensed, sweetened, canned","Lait, concentré, sucré, conserve",2026-01-28,,1095.0,
69,69,1,0,"Milk, fluid, chocolate, whole","Lait, liquide, chocolat, entier",2026-01-28,,1102.0,
70,70,1,37,"Milk, fluid, chocolate, partly skimmed, 2% M.F.","Lait, liquide, chocolat, partiellement écrémé, 2% M.G.",2026-01-28,,1103.0,
71,71,14,1,"Hot chocolate, cocoa, homemade, prepared with 2% M.F. milk","Chocolat chaud, cacao, fait maison, préparé avec lait 2% M.G.",2026-01-28,,1105.0,
72,72,1,37,"Milk, fluid, goat, whole, vitamin d and folic acid added, 3.25% M.F.","Lait, liquide, chèvre, enrichi, entier, 3.25% M.G.",2026-01-28,,1106.0,
73,73,1,0,"Milk, fluid, human (breast milk), mature","Lait, liquide, humain (lait maternel), mature, entier",2012-06-29,,1107.0,
74,74,1,0,"Milk, fluid, sheep, whole","Lait, liquide, brebis, entier",2016-02-03,,1109.0,
75,75,14,1,"Milkshake, chocolate, thick","Lait frappé, chocolat, épais",2026-01-28,,1110.0,
76,76,14,1,"Milkshake, vanilla, thick","Lait frappé, vanille, épais",2026-01-28,,1111.0,
77,77,1,0,"Whey, acid, fluid","Lactoserum, acide, liquide",2012-06-29,,1112.0,
78,78,1,0,"Whey, acid, dry","Lactoserum, acide, poudre",2012-06-29,,1113.0,
79,79,1,0,"Whey, sweet, fluid","Lactoserum, sucré, liquide",2012-06-29,,1114.0,
80,80,1,0,"Whey, sweet, dry","Lactoserum, sucré, poudre",2012-06-29,,1115.0,
83,83,1,0,"Egg, chicken, dried, whole","Oeuf, poule, déshydraté, entier",2026-01-27,,1133.0,
84,84,1,0,"Egg, chicken, dried, whole, stabilized","Oeuf, poule, déshydraté, entier, stabilisé",2012-08-30,,1134.0,
85,85,1,0,"Egg, chicken, white, pan dried, flakes","Oeuf, poule, blanc, séché, flocons",2012-08-30,,1135.0,
86,86,1,0,"Egg, chicken, white, dried, powder, glucose reduced","Oeuf, poule, blanc, déshydraté, poudre, réduit en glucose",2014-01-08,,1136.0,
87,87,1,0,"Egg, chicken, yolk, dried","Oeuf, poule, jaune, déshydraté",2026-01-27,,1137.0,
88,88,1,0,"Egg, duck, whole, fresh, raw","Oeuf, canard, entier, frais, cru",2012-06-29,,1138.0,
89,89,1,0,"Egg, goose, whole, fresh, raw","Oeuf, oie, entier, frais, cru",2012-06-29,,1139.0,
90,90,1,0,"Egg, quail, whole, fresh, raw","Oeuf, caille, entier, frais, cru",2012-06-29,,1140.0,
91,91,1,0,"Egg, turkey, whole, fresh, raw","Oeuf, dinde, entier, frais, cru",2012-06-29,,1141.0,Meleagris gallopavo
92,92,1,0,"Butter, unsalted","Beurre, sans sel",2026-01-28,,1145.0,
93,93,1,0,"Cheese, parmesan, shredded","Fromage parmesan, râpé en filaments",2012-07-24,,1146.0,
96,96,1,0,"Cheese, goat, hard, (less than 35% water, 36% M.F.)","Fromage de chèvre, pâte dure, (moins de 35% eau, 36% M.G.)",2012-07-24,,1156.0,
97,97,1,0,"Cheese, goat, semi-soft, (35% to 55% water, 30% M.F.)","Fromage de chèvre, pâte demi-ferme, (35% à 55% eau, 30% M.G.)",2012-07-24,,1157.0,
98,98,1,37,"Cheese, goat, soft, (more than 55% water, 24% M.F.)","Fromage de chèvre, pâte ferme, (plus de 55% eau, 24% M.G.)",2026-01-28,,1159.0,
100,100,1,37,"Cheese fondue, swiss/emmental/gruyere, ready-to-serve","Fondue au fromage, suisse/emmental/gruyère, prête-à-servir",2026-01-28,,1163.0,
101,101,1,0,"Cheese sauce, homemade","Fromage, sauce, faite maison",2012-07-24,,1164.0,
102,102,1,0,"Cheese, Mexican, queso anejo","Fromage mexicain, queso anejo",2012-07-24,,1165.0,
103,103,1,0,"Cheese, Mexican, queso asadero","Fromage mexicain, queso asadero",2026-01-27,,1166.0,
104,104,1,0,"Cheese, Mexican, queso chihuahua","Fromage mexicain, queso chihuahua",2026-01-28,,1167.0,
105,105,1,37,"Cheese, low fat (4% M.F.)",Fromage faible en gras (4% M.G.),2026-01-28,,1168.0,
106,106,1,0,"Cheese, cheddar or colby type, low sodium","Fromage, type cheddar ou colby, faible en sodium",2012-07-24,,1169.0,
107,107,1,1,"Cheese, cottage, 1% M.F.","Fromage cottage, 1% M.G.",2026-01-28,,1016.0,
108,108,1,37,"Cheese, feta",Fromage féta,2026-01-28,,1019.0,
109,109,1,37,"Cheese, gouda",Fromage gouda,2026-01-28,,1022.0,
110,110,1,37,"Cheese, mozzarella/pizza mozzarella (25% M.F.)",Fromage mozzarella/pizza mozzarella (25% M.G.),2026-01-28,,1026.0,
111,111,1,37,"Cheese, mozzarella, partly skimmed (17% M.F.)","Fromage mozzarella, partiellement écrémé (17% M.G.)",2026-01-28,,1028.0,
112,112,1,1,"Milk, evaporated, skim, canned, undiluted, 0.2% M.F.","Lait, concentré, écrémé, conserve, non dilué, 0.2% M.G.",2026-01-28,,1097.0,
113,113,1,37,"Milk, fluid, whole, pasteurized, homogenized, 3.25% M.F.","Lait, liquide, entier, homogénéisé, pasteurisé, 3.25% M.G.",2026-01-28,,1077.0,
114,114,1,37,"Milk, fluid, skim, 0.1% M.F.","Lait, liquide, écrémé, 0.1% M.G.",2026-01-28,,1085.0,
115,115,1,1,"Milk, dry, skim, powder, instant","Lait, en poudre, écrémé, instant",2026-01-28,,1092.0,
116,116,14,1,"Hot chocolate, cocoa, homemade, prepared with whole milk","Chocolat chaud, cacao, fait maison, préparé avec lait entier",2026-01-28,,,
118,118,1,3,"Butter, regular","Beurre, salé",2026-01-27,,1001.0,
119,119,1,37,"Cheese, cheddar, mild","Fromage cheddar, doux",2019-07-22,,1009.0,
120,120,1,3,"Cheese, cottage, 2% M.F.","Fromage cottage, 2% M.G.",2026-01-28,,1015.0,
122,122,1,3,"Coffee whitener (non dairy), powdered","Colorant à café (non laitier), en poudre",2026-01-28,,1069.0,
123,123,1,0,"Milk, fluid, whole, producer, 3.7% M.F.","Lait, liquide, entier, agriculteur, 3.7% M.G.",2026-01-28,,1078.0,
124,124,1,37,"Milk, fluid, buttermilk, 1% M.F.","Lait, liquide, babeurre (lait de beurre), 1% M.G.",2026-01-28,,1088.0,
125,125,1,24,"Egg, chicken, whole, fresh or frozen, raw","Oeuf, poule, entier, frais ou congelé, cru",2019-11-14,,1123.0,
126,126,1,23,"Egg, chicken, white, fresh or frozen, raw","Oeuf, poule, blanc, frais ou congelé, cru",2019-11-26,,1124.0,
127,127,1,23,"Egg, chicken, yolk, fresh or frozen, raw","Oeuf, poule, jaune, frais ou congelé, cru",2019-11-26,,1125.0,
129,129,1,4,"Egg, chicken, whole, cooked, fried","Oeuf, poule, entier, cuit, frit",2026-01-28,,1128.0,
130,130,1,35,"Egg, chicken, whole, cooked, boiled in shell, hard-cooked","Oeuf, poule, entier, cuit, bouilli à la coque, dur",2026-02-11,,1129.0,
132,132,1,4,"Egg, chicken, whole, cooked, poached","Oeuf, poule, entier, cuit, poché",2013-02-04,,1131.0,
133,133,1,35,"Egg, chicken, whole, cooked, scrambled or omelet","Oeuf, poule, entier, cuit, brouillé ou omelette",2026-01-28,,1132.0,
134,134,1,1,"Milk, dry, skim, powder, regular","Lait, en poudre, écrémé",2026-01-28,,1154.0,
136,136,1,0,"Cream, table (coffee), 18% M.F.","Crème à café (crème de table), 18% M.G.",2026-01-27,,1050.0,
137,137,1,24,"Cream, whipping, 32% M.F.","Crème à fouetter, 32% M.G.",2012-06-19,,,
138,138,1,24,"Cream, whipping, 35% M.F.","Crème à fouetter, 35% M.G.",2012-06-19,,,
139,139,1,0,"Cream, sour, cultured, 14% M.F","Crème sure, de culture, 14% M.G.",2026-01-28,,1178.0,
140,140,1,1,"Milk, evaporated, whole, canned, undiluted, 7.8% M.F.","Lait, concentré, entier, conserve, non dilué, 7,8% M.G.",2026-01-28,,1096.0,
147,147,1,0,"Cheese, cottage, uncreamed, dry, large or small curd, fat free","Fromage cottage sec, pressé, sans gras, gros et petit grain",2026-01-28,,1014.0,
150,150,1,0,"Cream, cereal (half and half), 10% M.F.","Crème à céréales (moitié-moitié), 10% M.G.",2026-02-11,,1049.0,
151,151,1,24,"Cream, table (cooking, country style), 15% M.F.","Crème de table (champêtre), 15% M.G.",2026-01-28,,,
152,152,1,26,"Cream, sour, cultured, 18% M.F.","Crème sure, de culture, 18% M.G.",2026-01-28,,,
160,160,1,26,"Cheese, calorie-reduced, 6% M.F.","Fromage, réduit en calories, 6% M.G.",2026-01-28,,,
164,164,19,0,"Dessert, frozen yogourt (yogurt)","Dessert, congelé, yogourt glacé",2026-01-28,,42187.0,
169,169,2,0,"Spices, allspice, ground","Épices, piments de la jamaïque, moulu",2012-06-29,,2001.0,Pimenta dioica
170,170,2,0,"Spices, anise seeds","Épices, anis, graines",2012-06-29,,2002.0,Pimpinella anisum
171,171,2,0,"Spices, basil, dried","Épices, basilic, déshydraté",2012-06-29,,2003.0,Ocimum basilicum
172,172,2,0,"Spices, bay leaf","Épices, laurier, feuilles",2015-02-25,,2004.0,Laurus nobilis
173,173,2,0,"Spices, caraway seed","Épices, carvi, graines",2012-06-29,,2005.0,Carum carvi
174,174,2,0,"Spices, cardamom, ground","Épices, cardamome, moulue",2012-06-29,,2006.0,Elettaria cardamomum
175,175,2,0,"Spices, celery seed","Épices, céleri, graines",2012-06-29,,2007.0,Apium graveolens
176,176,2,0,"Spices, chervil, dried","Épices, cerfeuil, déshydraté",2012-06-29,,2008.0,Anthriscus cerefolium
177,177,2,0,"Spices, chili powder","Épices, chili, poudre",2012-06-29,,2009.0,
178,178,2,0,"Spices, cinnamon, ground","Épices, cannelle, moulue",2012-06-29,,2010.0,Cinnamomum verum & Cinnamomum aromaticum
179,179,2,0,"Spices, cloves, ground","Épices, clou de girofle, moulu",2012-06-29,,2011.0,Syzyghum aromaticum
180,180,2,0,"Spices, coriander leaf (cilantro), dried","Épices, coriandre (cilantro), feuilles, déshydraté",2012-06-29,,2012.0,Coriandrum sativum
181,181,2,0,"Spices, coriander seed (cilantro)","Épices, coriandre (cilantro), graines",2012-06-29,,2013.0,Coriandrum sativum
182,182,2,0,"Spices, cumin seed","Épices, cumin, graines",2012-06-29,,2014.0,Cuminum cyminum
183,183,2,0,"Spices, curry powder","Épices, cari, poudre",2012-06-29,,2015.0,
184,184,2,0,"Spices, dill seed","Épices, aneth, graines",2012-06-29,,2016.0,Anethum graveolens
185,185,2,0,"Spices, dill weed, dried","Épices, aneth, déshydraté",2012-06-29,,2017.0,Anethum graveolens
186,186,2,0,"Spices, fennel seed","Épices, fenouil, graines",2012-06-29,,2018.0,Foeniculum vulgare
187,187,2,0,"Spices, fenugreek seed","Épices, fenugrec, graines",2012-06-29,,2019.0,Trigonella foenum-graecum
188,188,2,0,"Spices, garlic powder","Épices, ail, poudre",2012-06-29,,2020.0,Allium sativum
189,189,2,0,"Spices, ginger, ground","Épices, gingembre, moulu",2012-06-29,,2021.0,Zingiber officinale
190,190,2,0,"Spices, mace, ground","Épices, macis, moulu",2012-06-29,,2022.0,Myristica fragrans
191,191,2,0,"Spices, marjoram, dried","Épices, marjolaine, déshydratée",2012-06-29,,2023.0,Origanum majorana
192,192,2,0,"Spices, mustard seed, yellow","Épices, graines de moutarde, jaunes",2013-02-13,,2024.0,Sinapis alba and Brassica juncea
193,193,2,0,"Spices, nutmeg, ground","Épices, muscade, moulue",2012-06-29,,2025.0,Myristica fragrans
194,194,2,0,"Spices, onion powder","Épices, oignon, poudre",2012-06-29,,2026.0,Allium cepa
195,195,2,0,"Spices, oregano, ground","Épices, origan, moulu",2012-06-29,,2027.0,Origanum vulgare
196,196,2,0,"Spices, paprika","Épices, paprika",2012-06-29,,2028.0,Capsicum annuum
197,197,2,0,"Spices, parsley, dried","Épices, persil, déshydraté",2026-02-11,,2029.0,Petroselinum crispum
198,198,2,0,"Spices, pepper, black","Épices, poivre, noir",2012-06-29,,2030.0,Piper nigrum
199,199,2,0,"Spices, pepper, red or cayenne","Épices, piment rouge ou de cayenne",2012-06-29,,2031.0,Capsicum frutescens or Capsicum annuum
200,200,2,0,"spices, pepper, white","Épices, poivre, blanc",2012-06-29,,2032.0,Piper nigrum
201,201,2,0,"Spices, poppy seed","Épices, pavot, graines",2012-06-29,,2033.0,Papaver somniferum
202,202,2,0,"Spices, poultry seasoning","Épices, assaisonnement pour volaille",2012-06-29,,2034.0,
203,203,2,0,"Spices, pumpkin pie spice","Épices, assaisonnement pour tarte à la citrouille",2012-06-29,,2035.0,
204,204,2,0,"Spices, rosemary, dried","Épices, romarin, déshydraté",2012-06-29,,2036.0,Rosmarinus officinalis
205,205,2,0,"Spices, saffron","Épices, safran",2012-06-29,,2037.0,Crocus sativus
206,206,2,0,"Spices, sage, ground","Épices, sauge, moulue",2012-06-29,,2038.0,Salvia officinalis
207,207,2,0,"Spices, savory, ground","Épices, sarriette, moulue",2012-06-29,,2039.0,Satureja hortensis
209,209,2,0,"Spices, tarragon, dried","Épices, estragon, déshydraté",2012-06-29,,2041.0,Artemisia dracunculus
210,210,2,0,"Spices, thyme, dried","Épices, thym, déshydraté",2012-06-29,,2042.0,Thymus vulgaris
211,211,2,0,"Spices, turmeric, ground","Épices, curcuma, moulu",2012-06-29,,2043.0,Curcuma domestica (C longa)
212,212,2,0,"Spices, basil, fresh","Épices, basilic, frais",2012-07-04,,2044.0,Ocimum basilicum
213,213,2,0,"Spices, dill weed, fresh","Épices, aneth, frais",2012-06-29,,2045.0,Anethum graveolens
214,214,2,0,"Salt, table","Sel, table",2012-07-04,,2047.0,
215,215,2,0,"Spices, thyme, fresh","Épices, thym, frais",2012-06-29,,2049.0,Thymus vulgaris
216,216,2,0,Vanilla extract,"Vanille, extrait",2012-06-29,,2050.0,
217,217,2,0,"Vanilla extract, imitation, with alcohol","Vanille, extrait, imitation, avec alcool",2012-06-29,,2051.0,
218,218,2,0,"Vanilla extract, imitation, without alcohol","Vanille, extrait, imitation, sans alcool",2012-06-29,,2052.0,
219,219,20,20,"Grains, barley, malt extract, dried","Grains céréaliers, orge, malt, extrait, déshydraté",2012-07-31,,,
232,232,3,37,"Babyfood, snack, biscuit, mixed grain","Aliment pour bébé, grignotises, biscuit, mélange de grains",2026-01-28,,,
283,283,3,37,"Babyfood, cereal, barley, with milk powder, dry","Aliment pour bébé, céréale, orge, avec poudre de lait, sèche",2026-01-28,,,
285,285,3,37,"Babyfood, cereal, mixed grain, dry","Aliment pour bébé, céréale, mélange de grains, sèche",2026-01-28,,,
286,286,3,37,"Babyfood, cereal, mixed grain, prepared with formula or breast milk","Aliment pour bébé, céréale, mélange de grains, préparée avec préparation pour nourrissons ou lait maternel",2026-01-28,,,
287,287,3,37,"Babyfood, cereal, mixed grain, with milk powder and fruit, dry","Aliment pour bébé, céréale, mélange de grains, avec poudre de lait et fruits, sèche",2026-01-28,,,
291,291,3,37,"Babyfood, cereal, oat, dry","Aliment pour bébé, céréale, avoine, sèche",2026-01-28,,,
293,293,3,37,"Babyfood, cereal, rice, with milk powder and fruit, dry","Aliment pour bébé, céréale, riz, avec poudre de lait et fruits, sèche",2026-01-28,,,
394,394,3,37,"Babyfood, cereal, rice, dry","Aliment pour bébé, céréale, riz, sèche",2026-01-28,,,
414,414,4,0,"Animal fat, beef tallow","Gras animal, suif de boeuf (gras de boeuf)",2012-06-26,,4001.0,
415,415,4,0,"Sandwich spread, with chopped pickle, regular, unspecified oil","Tartinade pour sandwich, avec cornichons hachés, ordinaire, huile non spécifiée",2026-01-28,,4030.0,
416,416,4,0,"Vegetable oil, rice bran","Huile végétale, son de riz",2012-06-27,,4037.0,
417,417,4,0,"Vegetable oil, wheat germ","Huile végétale, germe de blé",2012-06-27,,4038.0,
418,418,4,0,"Vegetable oil, peanut","Huile végétale, arachide",2012-06-27,,4042.0,
419,419,4,0,"Vegetable oil, soybean","Huile végétale, soya",2012-06-27,,4044.0,
420,420,4,0,"Vegetable oil, coconut","Huile végétale, noix de coco",2012-06-26,,4047.0,
422,422,4,0,"Vegetable oil, olive","Huile végétale, olive",2012-06-27,,4053.0,
423,423,4,0,"Vegetable oil, palm","Huile végétale, palme",2012-06-26,,4055.0,
424,424,4,0,"Vegetable oil, sesame","Huile végétale, sésame",2012-06-27,,4058.0,
426,426,4,0,"Salad dressing, French, homemade, unspecified oil","Vinaigrette, Française, faite maison, huile non spécifiée",2026-01-28,,4133.0,
428,428,4,0,"Salad dressing, oil and vinegar, homemade","Vinaigrette, huile et vinaigre, faite maison",2012-06-26,,4135.0,
429,429,4,0,"Vegetable oil, cocoa butter","Huile végétale, beurre de cacao",2012-06-26,,4501.0,
430,430,4,0,"Vegetable oil, cottonseed","Huile végétale, graine de coton",2012-06-26,,4502.0,
432,432,4,0,"Vegetable oil, safflower, linoleic (70% and over)","Huile végétale, carthame, acide linoléique (70% et plus)",2012-06-27,,4510.0,
433,433,4,0,"Vegetable oil, safflower, oleic (70% and over)","Huile végétale, carthame, acide oléique (70% et plus)",2012-06-27,,4511.0,
434,434,4,0,"Vegetable oil, palm kernel","Huile végétale, palmiste",2012-06-26,,4513.0,
435,435,4,0,"Vegetable oil, poppy seed","Huile végétale, graines de pavot",2016-01-22,,4514.0,
436,436,4,0,"Vegetable oil, grapeseed","Huile végétale, pépins de raisin",2012-06-27,,4517.0,
437,437,4,0,"Vegetable oil, corn","Huile végétale, maïs",2012-06-27,,4518.0,
438,438,4,11,"Animal fat, mutton tallow","Gras animal, suif de mouton (gras de mouton)",2026-01-28,,4520.0,
439,439,4,0,"Vegetable oil, walnut","Huile végétale, noix",2012-06-27,,4528.0,
440,440,4,0,"Vegetable oil, almond","Huile végétale, amande",2012-06-27,,4529.0,
441,441,4,0,"Vegetable oil, apricot kernel","Huile végétale, noyaux d'abricots",2012-06-27,,4530.0,
442,442,4,0,"Vegetable oil, soybean lecithin","Huile végétale, lécithine de soya",2012-06-27,,4531.0,
443,443,4,0,"Vegetable oil, hazelnut","Huile végétale, noisette",2012-06-27,,4532.0,
444,444,4,0,"Vegetable oil, babassu","Huile végétale, babassu",2012-06-26,,4534.0,
445,445,4,0,"Animal fat, chicken","Gras animal, poulet",2012-06-26,,4542.0,
446,446,4,0,"Shortening, household, soybean (hydrogenated) and palm","Shortening, domestique, huile de soya (hydrogénée) et palme",2012-06-26,,4559.0,
447,447,4,11,"Animal fat, duck","Gras animal, canard",2026-01-28,,4574.0,
448,448,4,0,"Animal fat, turkey","Gras animal, dinde",2012-06-26,,4575.0,
449,449,4,0,"Animal fat, goose","Gras animal, oie",2012-06-26,,4576.0,
450,450,4,0,"Vegetable oil, avocado","Huile végétale, avocat",2012-06-27,,4581.0,
451,451,4,0,"Vegetable oil, canola","Huile végétale, canola (colza)",2012-07-04,,4582.0,
452,452,4,0,"Vegetable oil, mustard","Huile végétale, moutarde",2026-01-28,,4583.0,
453,453,4,0,"Vegetable oil, sunflower, oleic (70% and over)","Huile végétale, tournesol, acide oléique (70% et plus)",2012-06-27,,4584.0,
454,454,4,0,"Shortening, special purpose, cake and icing (frosting)","Shortening, usagé déterminé, gâteau et glaçage",2012-06-26,,4586.0,
456,456,4,0,"Vegetable oil, oat","Huile végétale, avoine",2012-06-27,,4588.0,
457,457,4,0,"Fish oil, cod liver","Huile de poisson, foie de morue",2012-06-27,,4589.0,
458,458,4,0,"Fish oil, herring","Huile de poisson, hareng",2012-06-27,,4590.0,
459,459,4,0,"Fish oil, menhaden","Huile de poisson, menhaden",2012-06-27,,4591.0,
460,460,4,0,"Fish oil, menhaden, fully hydrogenated","Huile de poisson, menhaden, entièrement hydrogénée",2012-06-27,,4592.0,
461,461,4,0,"Fish oil, salmon","Huile de poisson, saumon",2012-06-27,,4593.0,
462,462,4,0,"Fish oil, sardine","Huile de poisson, sardine",2012-06-27,,4594.0,
463,463,4,0,"Shortening, multipurpose, hydrogenated soybean and palm","Shortening, tout usage, soya et palme hydrogéné",2012-06-27,,4595.0,
464,464,4,37,"Animal fat, lard (pork)","Gras animal, saindoux (porc)",2026-01-28,,4002.0,
524,524,4,0,"Salad dressing, Russian, regular","Vinaigrette, Russe, régulière",2026-01-28,,4015.0,
525,525,4,0,"Salad dressing, Russian, commercial, low calorie","Vinaigrette, Russe, commerciale, hypocalorique",2026-01-28,,4022.0,
526,526,4,0,"Salad dressing, Thousand Island, regular","Vinaigrette, Mille-Îles, régulière",2026-01-28,,4017.0,
527,527,4,0,"Salad dressing, mayonnaise type, regular","Vinaigrette, type mayonnaise, régulière",2017-07-21,,4018.0,
528,528,4,0,"Salad dressing, French, low calorie","Vinaigrette, Française, hypocalorique",2026-01-28,,4020.0,
529,529,4,0,"Salad dressing, Italian, low calorie","Vinaigrette, Italienne, hypocalorique",2026-01-28,,4021.0,
530,530,4,0,"Salad dressing, Thousand Island, low calorie","Vinaigrette, Mille-Îles, hypocalorique",2026-01-28,,4023.0,
531,531,4,0,"Salad dressing, mayonnaise, regular","Vinaigrette, mayonnaise, régulière",2017-07-21,,4025.0,
532,532,4,0,"Salad dressing, Italian, regular","Vinaigrette, Italienne, régulière",2026-01-28,,4114.0,
533,533,4,0,"Salad dressing, French, regular","Vinaigrette, Française, régulière",2026-01-28,,4120.0,
534,534,4,0,"Salad dressing, blue or roquefort cheese, regular","Vinaigrette, fromage bleu ou roquefort, régulière",2026-01-28,,4539.0,
535,535,4,28,"Animal fat, Indigenous, seal oil","Gras animal, autochtone, huile de phoque",2026-01-28,,,
539,539,4,23,"Shortening, household, unspecified vegetable and animal oils","Shortening, domestique, huiles végétales et animales non précisées",2026-01-28,,,
550,550,4,23,"Spread, 20% butter / 80% canola oil","Tartinade, mélange, 20% beurre / 80% huile canola",2026-01-28,,,
552,552,4,23,"Shortening, household, unspecified vegetable oil","Shortening, domestique, huile végétale non précisée",2026-01-28,,,
555,555,5,0,"Chicken, broiler, meat, skin, giblets and neck, raw","Poulet à griller, viande, peau, abats et cou, cru",2012-06-28,,5001.0,Gallus gallus
556,556,5,0,"Chicken, broiler, meat, skin, giblets and neck, batter dipped, fried","Poulet à griller, viande, peau, abats et cou, pâte à frire, frits",2012-07-04,,5002.0,
557,557,5,0,"Chicken, broiler, meat, skin, giblets and neck, flour coated, fried","Poulet à griller, viande, peau, abats et cou, enfarinés, frits",2012-07-04,,5003.0,
558,558,5,0,"Chicken, broiler, meat, skin, giblets and neck, roasted","Poulet à griller, viande, peau, abats et cou, rôtis",2012-06-19,,5004.0,
559,559,5,0,"Chicken, broiler, meat, skin, giblets and neck, stewed","Poulet à griller, viande, peau, abats et cou, à l'étuvée",2014-07-04,,5005.0,
560,560,5,0,"Chicken, broiler, meat and skin, raw","Poulet à griller, viande et peau, crues",2012-06-28,,5006.0,Gallus gallus
561,561,5,0,"Chicken, broiler, meat and skin, batter dipped, fried","Poulet à griller, viande et peau, pâte à frire frites",2012-07-04,,5007.0,
562,562,5,0,"Chicken, broiler, meat and skin, flour coated, fried","Poulet à griller, viande et peau, enfarinées, frites",2012-07-04,,5008.0,
563,563,5,0,"Chicken, broiler, meat and skin, roasted","Poulet à griller, viande et peau, rôti",2012-06-19,,5009.0,
564,564,5,0,"Chicken, broiler, meat and skin, stewed","Poulet à griller, viande et peau, à l'étuvée",2014-07-04,,5010.0,
565,565,5,0,"Chicken, broiler, meat only, raw","Poulet à griller, viande seulement, cru",2012-06-19,,5011.0,Gallus gallus
566,566,5,0,"Chicken, broiler, meat only, fried","Poulet à griller, viande seulement, frite",2012-06-19,,5012.0,
567,567,5,0,"Chicken, broiler, meat only, roasted","Poulet à griller, viande seulement, rôti",2012-06-19,,5013.0,
568,568,5,0,"Chicken, broiler, meat only, stewed","Poulet à griller, viande seulement, à l'étuvée",2012-06-19,,5014.0,
569,569,5,0,"Chicken, broiler, skin only, batter dipped, fried","Poulet à griller, peau seulement, pâte à frire, frit",2012-07-04,,5016.0,
570,570,5,0,"Chicken, broiler, skin only, flour coated, fried","Poulet à griller, peau seulement, enfarinée, frite",2012-07-04,,5017.0,
571,571,5,0,"Chicken, broiler, giblets, raw","Poulet à griller, abats, cru",2026-01-28,,5020.0,Gallus gallus
572,572,5,0,"Chicken, broiler, giblets, flour coated, fried","Poulet à griller, abats, enfariné, frit",2026-01-28,,5021.0,
573,573,5,0,"Chicken, broiler, giblets, simmered","Poulet à griller, abats, mijoté",2026-01-28,,5022.0,
574,574,5,0,"Chicken, broiler, gizzard, raw","Poulet à griller, gésier, cru",2026-01-28,,5023.0,Gallus gallus
575,575,5,0,"Chicken, broiler, gizzard, simmered","Poulet à griller, gésier, mijoté",2026-01-28,,5024.0,
576,576,5,0,"Chicken, broiler, heart, raw","Poulet à griller, coeur, cru",2026-01-28,,5025.0,Gallus gallus
577,577,5,0,"Chicken, broiler, heart, simmered","Poulet à griller, coeur, mijoté",2026-01-28,,5026.0,
578,578,5,0,"Chicken, broiler, liver, raw","Poulet à griller, foie, cru",2026-01-28,,5027.0,Gallus gallus
579,579,5,0,"Chicken, broiler, liver, simmered","Poulet à griller, foie, mijoté",2026-01-28,,5028.0,
580,580,5,0,"Chicken, broiler, light meat and skin, raw","Poulet à griller, viande blanche et peau, cru",2026-01-27,,5029.0,Gallus gallus
581,581,5,0,"Chicken, broiler, light meat and skin, batter dipped, fried","Poulet à griller, viande blanche et peau, pâte à frire, frit",2012-07-04,,5030.0,
582,582,5,0,"Chicken, broiler, light meat and skin, flour coated, fried","Poulet à griller, viande blanche et peau, enfarinées, frit",2012-07-04,,5031.0,
583,583,5,0,"Chicken, broiler, light meat and skin, roasted","Poulet à griller, viande blanche et peau, rôti",2012-06-19,,5032.0,
584,584,5,0,"Chicken, broiler, light meat and skin, stewed","Poulet à griller, viande blanche et peau, à l'étuvée",2026-01-28,,5033.0,
585,585,5,0,"Chicken, broiler, dark meat and skin, raw","Poulet à griller, viande brune et peau, cru",2012-06-19,,5034.0,Gallus gallus
586,586,5,0,"Chicken, broiler, dark meat and skin, batter dipped, fried","Poulet à griller, viande brune et peau, pâte à frire, frit",2012-07-04,,5035.0,
587,587,5,0,"Chicken, broiler, dark meat and skin, flour coated, fried","Poulet à griller, viande brune et peau, enfarinées, frit",2012-07-04,,5036.0,
588,588,5,0,"Chicken, broiler, dark meat and skin, roasted","Poulet à griller, viande brune et peau, rôties",2012-06-19,,5037.0,
589,589,5,0,"Chicken, broiler, dark meat and skin, stewed","Poulet à griller, viande brune et peau, à l'étuvée",2014-07-04,,5038.0,
590,590,5,0,"Chicken, broiler, light meat, raw","Poulet à griller, viande blanche, crue",2012-06-19,,5039.0,Gallus gallus
591,591,5,0,"Chicken, broiler, light meat, fried","Poulet à griller, viande blanche, frite",2012-06-19,,5040.0,
592,592,5,0,"Chicken, broiler, light meat, roasted","Poulet à griller, viande blanche, rôtie",2012-06-19,,5041.0,
593,593,5,0,"Chicken, broiler, light meat, stewed","Poulet à griller, viande blanche, à l'étuvée",2026-01-28,,5042.0,
594,594,5,0,"Chicken, broiler, dark meat, raw","Poulet à griller, viande brune, crue",2012-06-19,,5043.0,Gallus gallus
595,595,5,0,"Chicken, broiler, dark meat, fried","Poulet à griller, viande brune, frite",2012-06-19,,5044.0,
596,596,5,0,"Chicken, broiler, dark meat, roasted","Poulet à griller, viande brune, rôtie",2012-06-19,,5045.0,
597,597,5,0,"Chicken, broiler, dark meat, stewed","Poulet à griller, viande brune, à l'étuvée",2014-07-04,,5046.0,
598,598,5,0,"Chicken, broiler, back, meat and skin, batter dipped, fried","Poulet à griller, dos, viande et peau, pâte à frire, frit",2012-07-04,,5049.0,
599,599,5,0,"Chicken, broiler, back, meat and skin, flour coated, fried","Poulet à griller, dos, viande et peau, enfarinées, frit",2012-07-04,,5050.0,
600,600,5,0,"Chicken, broiler, back, meat, fried","Poulet à griller, dos, viande, frit",2012-06-19,,5054.0,
601,601,5,0,"Chicken, broiler, breast, meat and skin, batter dipped, fried","Poulet à griller, poitrine, viande et peau, pâte à frire, frit",2012-07-04,,5058.0,
602,602,5,0,"Chicken, broiler, breast, meat and skin, flour coated, fried","Poulet à griller, poitrine, viande et peau, enfariné, frit",2012-07-04,,5059.0,
603,603,5,0,"Chicken, broiler, breast, meat, fried","Poulet à griller, poitrine, viande, frit",2012-06-19,,5063.0,
604,604,5,0,"Chicken, broiler, drumstick, meat and skin, batter dipped, fried","Poulet à griller, pilon, viande et peau, pâte à frire, frit",2012-07-04,,5067.0,
605,605,5,0,"Chicken, broiler, drumstick, meat and skin, flour coated, fried","Poulet à griller, pilon, viande et peau, enfarinées, frit",2012-07-04,,5068.0,
606,606,5,0,"Chicken, broiler, drumstick, meat, fried","Poulet à griller, pilon, viande, frit",2012-06-19,,5072.0,
607,607,5,0,"Chicken, broiler, leg, meat and skin, raw","Poulet à griller, cuisse, viande et peau, cru",2012-06-19,,5075.0,Gallus gallus
608,608,5,0,"Chicken, broiler, leg, meat and skin, batter dipped, fried","Poulet à griller, cuisse, viande et peau, pâte à frire, frit",2012-07-04,,5076.0,
609,609,5,0,"Chicken, broiler, leg, meat and skin, flour coated, fried","Poulet à griller, cuisse, viande et peau, enfariné, frit",2012-07-04,,5077.0,
610,610,5,0,"Chicken, broiler, leg, meat and skin, roasted","Poulet à griller, cuisse, viande et peau, rôti",2012-06-19,,5078.0,
611,611,5,0,"Chicken, broiler, leg, meat and skin, stewed","Poulet à griller, cuisse, viande et peau, à l'étuvée",2014-07-04,,5079.0,
612,612,5,0,"Chicken, broiler, leg, meat, raw","Poulet à griller, cuisse, viande, cru",2012-06-19,,5080.0,
613,613,5,0,"Chicken, broiler, leg, meat, fried","Poulet à griller, cuisse, viande, frit",2012-06-19,,5081.0,
614,614,5,0,"Chicken, broiler, leg, meat, roasted","Poulet à griller, cuisse, viande, rôti",2012-06-19,,5082.0,
615,615,5,0,"Chicken, broiler, leg, meat, stewed","Poulet à griller, cuisse, viande, à l'étuvée",2014-07-04,,5083.0,
616,616,5,0,"Chicken, broiler, neck, meat and skin, raw","Poulet à griller, cou, viande et peau, cru",2012-06-19,,5084.0,Gallus gallus
617,617,5,0,"Chicken, broiler, neck, meat and skin, batter dipped, fried","Poulet à griller, neck, viande et peau, pâte à frire, frit",2012-07-04,,5085.0,
618,618,5,0,"Chicken, broiler, neck, meat and skin, flour coated, fried","Poulet à griller, neck, viande et peau, enfariné, frit",2012-07-04,,5086.0,
619,619,5,0,"Chicken, broiler, neck, meat and skin, simmered","Poulet à griller, neck, viande et peau, mijoté",2012-06-19,,5087.0,
620,620,5,0,"Chicken, broiler, neck, meat, raw","Poulet à griller, cou, viande, cru",2012-06-19,,5088.0,Gallus gallus
621,621,5,0,"Chicken, broiler, neck, meat, fried","Poulet à griller, cou, viande, frit",2012-06-19,,5089.0,
622,622,5,0,"Chicken, broiler, neck, meat, simmered","Poulet à griller, viande, mijoté",2012-06-19,,5090.0,
623,623,5,0,"Chicken, broiler, thigh, meat and skin, batter dipped, fried","Poulet à griller, haut de cuisse, viande et peau, pâte à frire, frit",2012-07-04,,5092.0,
624,624,5,0,"Chicken, broiler, thigh, meat and skin, flour coated, fried","Poulet à griller, haut de cuisse, viande et peau, enfariné, frit",2012-07-04,,5093.0,
625,625,5,0,"Chicken, broiler, thigh, meat, fried","Poulet à griller, haut de cuisse, viande, frit",2012-06-19,,5097.0,
626,626,5,0,"Chicken, broiler, wing, meat and skin, raw","Poulet à griller, aile, viande et peau, cru",2012-06-19,,5100.0,Gallus gallus
627,627,5,0,"Chicken, broiler, wing, meat and skin, batter dipped, fried","Poulet à griller, aile, viande et peau, pâte à frire, frit",2012-07-04,,5101.0,
628,628,5,0,"Chicken, broiler, wing, meat and skin, flour coated, fried","Poulet à griller, aile, viande et peau, enfariné, frit",2012-07-04,,5102.0,
629,629,5,0,"Chicken, broiler, wing, meat and skin, roasted","Poulet à griller, aile, viande et peau, rôti",2026-01-28,,5103.0,
630,630,5,0,"Chicken, broiler, wing, meat and skin, stewed","Poulet à griller, aile, viande et peau, à l'étuvée",2014-07-04,,5104.0,
631,631,5,0,"Chicken, broiler, wing, meat, raw","Poulet à griller, aile, viande, cru",2012-06-19,,5105.0,Gallus gallus
632,632,5,0,"Chicken, broiler, wing, meat, fried","Poulet à griller, aile, viande, frit",2012-06-19,,5106.0,
633,633,5,0,"Chicken, broiler, wing, meat, roasted","Poulet à griller, aile, viande, rôti",2012-06-19,,5107.0,
634,634,5,0,"Chicken, broiler, wing, meat, stewed","Poulet à griller, aile, viande, à l'étuvée",2014-07-04,,5108.0,
635,635,5,0,"Chicken, roasting, meat, skin, giblets and neck, raw","Poulet à rôtir, viande, peau, abats et cou, crus",2026-01-28,,5109.0,
636,636,5,0,"Chicken, roasting, meat, skin, giblets and neck, roasted","Poulet à rôtir, viande, peau, abats et cou, rôtis",2026-01-28,,5110.0,
638,638,5,0,"Chicken, roasting, meat and skin, roasted","Poulet à rôtir, viande et peau, rôties",2012-06-19,,5112.0,
639,639,5,0,"Chicken, roasting, meat only, raw","Poulet à rôtir, viande seulement, crue",2012-06-19,,5113.0,
640,640,5,0,"Chicken, roasting, meat only, roasted","Poulet à rôtir, viande seulement, rôtie",2012-06-19,,5114.0,
641,641,5,0,"Chicken, roasting, giblets, raw","Poulet à rôtir, abats, cru",2026-01-28,,5115.0,
642,642,5,0,"Chicken, roasting, giblets, simmered","Poulet à rôtir, abats, mijoté",2026-01-28,,5116.0,
643,643,5,0,"Chicken, roasting, light meat, raw","Poulet à rôtir, viande blanche, cru",2012-06-19,,5117.0,
644,644,5,0,"Chicken, roasting, light meat, roasted","Poulet à rôtir, viande blanche, rôti",2012-06-19,,5118.0,
645,645,5,0,"Chicken, stewing, meat, skin, giblets and neck, raw","Poulet à bouillir, viande, peau, abats et cou, crus",2012-06-19,,5121.0,
646,646,5,0,"Chicken, stewing, meat, skin, giblets and neck, stewed","Poulet à bouillir, viande, peau, abats et cou, à l'étuvée",2014-07-04,,5122.0,
647,647,5,0,"Chicken, stewing, meat and skin, raw","Poulet à bouillir, viande et peau, crues",2012-06-19,,5123.0,
648,648,5,0,"Chicken, stewing, meat and skin, stewed","Poulet à bouillir, viande et peau, à l'étuvée",2014-07-04,,5124.0,
649,649,5,0,"Chicken, stewing, meat only, raw","Poulet à bouillir, viande seulement, crue",2012-06-28,,5125.0,
650,650,5,0,"Chicken, stewing, giblets, raw","Poulet à bouillir, abats, cru",2026-01-28,,5127.0,
651,651,5,0,"Chicken, stewing, giblets, simmered","Poulet à bouillir, abats, mijoté",2026-01-28,,5128.0,
652,652,5,0,"Chicken, stewing, light meat only, raw","Poulet à bouillir, viande blanche seulement, cru",2012-06-19,,5129.0,
653,653,5,0,"Chicken, stewing, light meat only, stewed","Poulet à bouillir, viande blanche seulement, à l'étuvée",2014-07-04,,5130.0,
654,654,5,0,"Chicken, stewing, dark meat only, raw","Poulet à bouillir, viande brune seulement, cru",2012-06-19,,5131.0,
655,655,5,0,"Chicken, stewing, dark meat only, stewed","Poulet à bouillir, viande brune seulement, à l'étuvée",2014-07-04,,5132.0,
656,656,5,0,"Chicken, capon, meat, skin, giblets and neck, raw","Poulet, chapon, viande, peau, abats et cou, crus",2026-01-28,,5133.0,
657,657,5,0,"Chicken, capon, meat, skin, giblets and neck, roasted","Poulet, chapon, viande, peau, abats et cou, rôtis",2026-01-28,,5134.0,
658,658,5,0,"Chicken, capon, meat and skin, raw","Poulet, chapon, viande et peau, crues",2012-06-19,,5135.0,
659,659,5,0,"Chicken, capon, meat and skin, roasted","Poulet, chapon, viande et peau, rôties",2012-06-19,,5136.0,
660,660,5,0,"Chicken, capon, giblets, raw","Poulet, chapon, abats, cru",2026-01-28,,5137.0,
661,661,5,0,"Chicken, capon, giblets, simmered","Poulet, chapon, abats, mijoté",2026-01-28,,5138.0,
662,662,5,0,"Duck, domesticated, meat and skin, raw","Canard domestiqué, viande et peau, crues",2012-06-19,,5139.0,Anas platyrhynchos
663,663,5,0,"Duck, domesticated, meat and skin, roasted","Canard domestiqué, viande et peau, rôties",2012-06-19,,5140.0,
664,664,5,0,"Duck, domesticated, meat only, raw","Canard domestiqué, viande seulement, crue",2012-06-19,,5141.0,Anas platyrhynchos
665,665,5,0,"Duck, domesticated, meat only, roasted","Canard domestiqué, viande seulement, rôtie",2012-06-19,,5142.0,
666,666,5,0,"Duck, domesticated, liver, raw","Canard domestiqué, foie, cru",2012-06-28,,5143.0,Anas platyrhynchos
667,667,5,28,"Duck, wild, Indigenous, meat and skin, raw","Canard sauvage, autochtone, viande et peau, crues",2026-01-28,,5144.0,
668,668,5,28,"Duck, wild, Indigenous, breast, meat only, raw","Canard sauvage, autochtone, poitrine, viande seulement, cru",2026-01-28,,5145.0,
669,669,5,0,"Goose, domesticated, meat and skin, raw","Oie, domestiquée, viande et peau, crues",2026-01-28,,5146.0,Anser anser
670,670,5,0,"Goose, domesticated, meat and skin, roasted","Oie, domestiquée, viande et peau, rôties",2026-01-28,,5147.0,
671,671,5,0,"Goose, domesticated, meat only, raw","Oie, domestiquée, viande seulement, crue",2026-01-28,,5148.0,Anser anser
672,672,5,0,"Goose, domesticated, meat only, roasted","Oie, domestiquée, viande seulement, rôtie",2026-01-28,,5149.0,
673,673,5,0,"Goose, domesticated, liver, raw","Oie, domestiquée, foie, cru",2026-01-28,,5150.0,
674,674,5,0,"Guinea, meat and skin, raw","Pintade, viande et peau, crues",2012-06-28,,5151.0,Numida meleagris
675,675,5,0,"Guinea, meat only, raw","Pintade, viande seulement, crue",2012-06-28,,5152.0,Numida meleagris
676,676,5,0,"Pheasant, meat and skin, raw","Faisan, viande et peau, crues",2012-06-28,,5153.0,Phasianus colchicus
677,677,5,0,"Pheasant, meat only, raw","Faisan, viande seulement, crue",2012-06-28,,5154.0,Phasianus colchicus
678,678,5,0,"Pheasant, breast, meat only, raw","Faisan, poitrine, viande seulement, cru",2012-06-28,,5155.0,Phasianus colchicus
679,679,5,0,"Pheasant, leg, meat only, raw","Faisan, cuisse, viande seulement, cru",2012-06-28,,5156.0,Phasianus colchicus
680,680,5,0,"Quail, meat and skin, raw","Caille, viande et peau, crue",2012-06-28,,5157.0,Coturnix spp. and Colinus spp
681,681,5,0,"Quail, meat only, raw","Caille, viande seulement, crue",2012-06-28,,5158.0,Coturnix spp. and Colinus spp
682,682,5,0,"Quail, breast, meat only, raw","Caille, poitrine, viande seulement, crue",2012-06-28,,5159.0,Coturnix spp. and Colinus spp
683,683,5,0,"Squab (pigeon), meat and skin, raw","Pigeonneaux (pigeon), viander et peau, crues",2012-06-28,,5160.0,Columba spp.
684,684,5,0,"Squab (pigeon), meat only, raw","Pigeonneaux (pigeon), viande seulement, crue",2012-06-28,,5161.0,Columba spp.
685,685,5,0,"Squab (pigeon), breast, meat only, raw","Pigeonneaux (pigeon), poitrine, viande seulement, cru",2012-06-28,,5162.0,Columba spp.
688,688,5,37,"Turkey, all classes, meat and skin, raw","Dinde, toutes catégories, viande et peau, crue",2026-01-28,,5165.0,Meleagris gallopavo
689,689,5,37,"Turkey, all classes, meat and skin, roasted","Dinde, toutes catégories, viande et peau, rôtie",2026-01-28,,5166.0,
690,690,5,37,"Turkey, all classes, meat only, raw","Dinde, toutes catégories, viande seulement, cru",2026-01-28,,5167.0,Meleagris gallopavo
691,691,5,37,"Turkey, all classes, meat only, roasted","Dinde, toutes catégories, viande seulement, rôti",2026-01-28,,5168.0,
692,692,5,37,"Turkey, all classes, skin and separable fat only, raw","Dinde, toutes catégories, peau et gras séparable, crus",2026-01-28,,5169.0,Meleagris gallopavo
693,693,5,37,"Turkey, all classes, skin and separable fat only, roasted","Dinde, toutes catégories, peau et gras séparable, rôtis",2026-01-28,,5170.0,
694,694,5,0,"Turkey, all classes, giblets, raw","Dinde, toutes catégories, abats, crus",2026-01-28,,5171.0,Meleagris gallopavo
695,695,5,0,"Turkey, all classes, giblets, simmered","Dinde, toutes catégories, abats, mijotés",2026-01-28,,5172.0,
696,696,5,0,"Turkey, all classes, gizzard, raw","Dinde, toutes catégories, gésier, cru",2026-01-28,,5173.0,Meleagris gallopavo
697,697,5,0,"Turkey, all classes, gizzard, simmered","Dinde, toutes catégories, gésier, mijoté",2026-01-28,,5174.0,
698,698,5,0,"Turkey, all classes, heart, raw","Dinde, toutes catégories, coeur, cru",2026-01-28,,5175.0,Meleagris gallopavo
699,699,5,0,"Turkey, all classes, heart, simmered","Dinde, toutes catégories, coeur, mijoté",2026-01-28,,5176.0,
700,700,5,0,"Turkey, all classes, liver, raw","Dinde, toutes catégories, foie, cru",2026-01-28,,5177.0,Meleagris gallopavo
701,701,5,0,"Turkey, all classes, liver, simmered","Dinde, toutes catégories, foie, mijoté",2026-01-28,,5178.0,
702,702,5,0,"Turkey, all classes, neck, meat only, raw","Dinde, toutes catégories, cou, viande seulement, crue",2026-01-28,,5179.0,Meleagris gallopavo
703,703,5,0,"Turkey, all classes, neck, meat only, simmered","Dinde, toutes catégories, cou, viande seulement, mijotée",2026-01-28,,5180.0,
704,704,5,37,"Turkey, all classes, light meat and skin, raw","Dinde, toutes catégories, cou, viande blanche et peau, crue",2026-01-28,,5181.0,Meleagris gallopavo
705,705,5,37,"Turkey, all classes, light meat and skin, roasted","Dinde, toutes catégories, viande blanche et peau, rôtie",2026-01-28,,5182.0,
706,706,5,37,"Turkey, all classes, dark meat and skin, raw","Dinde, toutes catégories, viande brune et peau, crue",2026-01-28,,5183.0,Meleagris gallopavo
707,707,5,37,"Turkey, all classes, dark meat and skin, roasted","Dinde, toutes catégories, viande brune et peau, rôtie",2026-01-28,,5184.0,
708,708,5,37,"Turkey, all classes, light meat only, raw","Dinde, toutes catégories, viande blanche seulement, crue",2026-01-28,,5185.0,Meleagris gallopavo
709,709,5,37,"Turkey, all classes, light meat only, roasted","Dinde, toutes catégories, viande blanche seulement, rôtie",2026-01-28,,5186.0,
710,710,5,37,"Turkey, all classes, dark meat only, raw","Dinde, toutes catégories, viande brune seulement, crue",2026-01-28,,5187.0,Meleagris gallopavo
711,711,5,37,"Turkey, all classes, dark meat only, roasted","Dinde, toutes catégories, viande brune seulement, rôtie",2026-01-28,,5188.0,
712,712,5,37,"Turkey, all classes, back, meat and skin, raw","Dinde, toutes catégories, dos, viande et peau, crue",2026-01-28,,,Meleagris gallopavo
713,713,5,37,"Turkey, all classes, back, meat and skin, roasted","Dinde, toutes catégories, dos, viande et peau, rôtie",2026-01-28,,5190.0,
714,714,5,37,"Turkey, all classes, breast, meat and skin, raw","Dinde, toutes catégories, poitrine, viande et peau, crue",2026-01-28,,5191.0,Meleagris gallopavo
715,715,5,37,"Turkey, all classes, breast, meat and skin, roasted","Dinde, toutes catégories, poitrine, viande et peau, rôtie",2026-01-28,,5192.0,
716,716,5,37,"Turkey, all classes, leg, meat and skin, raw","Dinde, toutes catégories, cuisse, viande et peau, crue",2026-01-28,,5193.0,Meleagris gallopavo
717,717,5,37,"Turkey, all classes, leg, meat and skin, roasted","Dinde, toutes catégories, cuisse, viande et peau, rôtie",2026-01-28,,5194.0,
718,718,5,37,"Turkey, all classes, wing, meat and skin, raw","Dinde, toutes catégories, aile, viande et peau, crue",2026-01-28,,5195.0,Meleagris gallopavo
719,719,5,37,"Turkey, all classes, wing, meat and skin, roasted","Dinde, toutes catégories, aile, viande et peau, rôtie",2026-01-28,,5196.0,
722,722,5,37,"Turkey, broiler, meat and skin, raw","Dinde à griller, viande et peau, crue",2026-01-28,,5165.0,Meleagris gallopavo
723,723,5,37,"Turkey, broiler, meat and skin, roasted","Dinde à griller, viande et peau, rôtie",2026-01-28,,5166.0,
724,724,5,37,"Turkey, broiler, meat only, raw","Dinde à griller, viande seulement, crue",2026-01-28,,5167.0,Meleagris gallopavo
725,725,5,37,"Turkey, broiler, meat only, roasted","Dinde à griller, viande seulement, rôtie",2026-01-28,,5168.0,
728,728,5,37,"Turkey, broiler, light meat and skin, raw","Dinde à griller, viande blanche et peau, crue",2026-01-28,,5181.0,Meleagris gallopavo
729,729,5,37,"Turkey, broiler, light meat and skin, roasted","Dinde à griller, viande blanche et peau, rôtie",2026-01-28,,5182.0,
730,730,5,37,"Turkey, broiler, dark meat and skin, raw","Dinde à griller, viande brune et peau, crue",2026-01-28,,5183.0,Meleagris gallopavo
731,731,5,37,"Turkey, broiler, dark meat and skin, roasted","Dinde à griller, viande brune et peau, rôtie",2026-01-28,,5184.0,
732,732,5,37,"Turkey, broiler, light meat only, raw","Dinde à griller, viande blanche seulement, crue",2026-01-28,,5185.0,Meleagris gallopavo
733,733,5,37,"Turkey, broiler, light meat only, roasted","Dinde à griller, viande blanche seulement, rôtie",2026-01-28,,5186.0,
734,734,5,37,"Turkey, broiler, dark meat only, raw","Dinde à griller, viande brune seulement, crue",2026-01-28,,5187.0,Meleagris gallopavo
735,735,5,37,"Turkey, broiler, dark meat only, roasted","Dinde à griller, viande brune seulement, rôtie",2026-01-28,,5188.0,
740,740,5,37,"Turkey, broiler, breast, meat and skin, raw","Dinde à griller, poitrine, viande et peau, crue",2026-01-28,,5732.0,Meleagris gallopavo
741,741,5,37,"Turkey, broiler, breast, meat and skin, roasted","Dinde à griller, poitrine, viande et peau, rôtie",2026-01-28,,5733.0,
742,742,5,37,"Turkey, broiler, breast, meat only, raw","Dinde à griller, poitrine, viande seulement, crue",2026-01-28,,5710.0,Meleagris gallopavo
743,743,5,37,"Turkey, broiler, breast, meat only, roasted","Dinde à griller, poitrine, viande seulement, rôtie",2026-01-28,,5711.0,
744,744,5,37,"Turkey, broiler, leg, meat and skin, raw","Dinde à griller, cuisse, viande et peau, crue",2026-01-28,,5193.0,Meleagris gallopavo
745,745,5,37,"Turkey, broiler, leg, meat and skin, roasted","Dinde à griller, cuisse, viande et peau, rôtie",2026-01-28,,5194.0,
746,746,5,37,"Turkey, broiler, leg, meat only, raw","Dinde à griller, cuisse, viande seulement, crue",2026-01-28,,5187.0,Meleagris gallopavo
747,747,5,37,"Turkey, broiler, leg, meat only, roasted","Dinde à griller, cuisse, viande seulement, rôtie",2026-01-28,,5188.0,
748,748,5,37,"Turkey, broiler, wing, meat and skin, raw","Dinde à griller, aile, viande et peau, crue",2026-01-28,,5195.0,Meleagris gallopavo
749,749,5,37,"Turkey, broiler, wing, meat and skin, roasted","Dinde à griller, aile, viande et peau, rôtie",2026-01-28,,5196.0,
750,750,5,37,"Turkey, broiler, wing, meat only, raw","Dinde à griller, aile, viande seulement, crue",2026-01-28,,5712.0,Meleagris gallopavo
751,751,5,37,"Turkey, broiler, wing, meat only, roasted","Dinde à griller, aile, viande seulement, rôtie",2026-01-28,,5713.0,
754,754,5,37,"Turkey, hen, meat and skin, raw","Dinde, jeune, viande et peau, crue",2026-01-28,,5165.0,Meleagris gallopavo
755,755,5,37,"Turkey, hen, meat and skin, roasted","Dinde, jeune, viande et peau, rôtie",2026-01-28,,5166.0,
756,756,5,37,"Turkey, hen, meat only, raw","Dinde, jeune, viande seulement, crue",2026-01-28,,5167.0,Meleagris gallopavo
757,757,5,37,"Turkey, hen, meat only, roasted","Dinde, jeune, viande seulement, rôtie",2026-01-28,,5168.0,
760,760,5,37,"Turkey, hen, light meat and skin, raw","Dinde, jeune, viande blanche et peau, crue",2026-01-28,,5181.0,Meleagris gallopavo
761,761,5,37,"Turkey, hen, light meat and skin, roasted","Dinde, jeune, viande blanche et peau, rôtie",2026-01-28,,5182.0,
762,762,5,37,"Turkey, hen, dark meat and skin, raw","Dinde, jeune, viande brune et peau, crue",2026-01-28,,5183.0,Meleagris gallopavo
763,763,5,37,"Turkey, hen, dark meat and skin, roasted","Dinde, jeune, viande brune et peau, rôtie",2026-01-28,,5184.0,
764,764,5,37,"Turkey, hen, light meat only, raw","Dinde, jeune, viande blanche seulement, crue",2026-01-28,,5185.0,Meleagris gallopavo
765,765,5,37,"Turkey, hen, light meat only, roasted","Dinde, jeune, viande blanche seulement, rôtie",2026-01-28,,5186.0,
766,766,5,37,"Turkey, hen, dark meat only, raw","Dinde, jeune, viande brune seulement, crue",2026-01-28,,5187.0,Meleagris gallopavo
767,767,5,37,"Turkey, hen, dark meat only, roasted","Dinde, jeune, viande brune seulement, rôtie",2026-01-28,,5188.0,
770,770,5,37,"Turkey, hen, breast, meat and skin, raw","Dinde, jeune, poitrine, viande et peau, crue",2026-01-28,,5191.0,Meleagris gallopavo
771,771,5,37,"Turkey, hen, breast, meat and skin, roasted","Dinde, jeune, poitrine, viande et peau, rôtie",2026-01-28,,5192.0,
772,772,5,37,"Turkey, hen, leg, meat and skin, raw","Dinde, jeune, cuisse, viande et peau, crue",2026-01-28,,5193.0,Meleagris gallopavo
773,773,5,37,"Turkey, hen, leg, meat and skin, roasted","Dinde, jeune, cuisse, viande et peau, rôtie",2026-01-28,,5194.0,
774,774,5,37,"Turkey, hen, wing, meat and skin, raw","Dinde, jeune, aile, viande et peau, crue",2026-01-28,,5195.0,Meleagris gallopavo
775,775,5,37,"Turkey, hen, wing, meat and skin, roasted","Dinde, jeune, aile, viande et peau, rôtie",2026-01-28,,5196.0,
778,778,5,37,"Turkey, tom, meat and skin, raw","Dindon, jeune, viande et peau, cru",2012-06-19,,5165.0,Meleagris gallopavo
779,779,5,37,"Turkey, tom, meat and skin, roasted","Dindon, jeune, viande et peau, rôti",2012-06-19,,5166.0,
780,780,5,37,"Turkey, tom, meat only, raw","Dindon, jeune, viande seulement, cru",2012-06-19,,5167.0,Meleagris gallopavo
781,781,5,37,"Turkey, tom, meat only, roasted","Dindon, jeune, viande seulement, rôti",2012-06-19,,5168.0,
784,784,5,37,"Turkey, tom, light meat and skin, raw","Dindon, jeune, viande blanche et peau, cru",2012-06-19,,5181.0,Meleagris gallopavo
785,785,5,37,"Turkey, tom, light meat and skin, roasted","Dindon, jeune, viande blanche et peau, rôti",2012-06-19,,5182.0,
786,786,5,37,"Turkey, tom, dark meat and skin, raw","Dindon, jeune, viande brune et peau, cru",2012-06-19,,5183.0,Meleagris gallopavo
787,787,5,37,"Turkey, tom, dark meat and skin, roasted","Dindon, jeune, viande brune et peau, rôti",2012-06-19,,5184.0,
788,788,5,37,"Turkey, tom, light meat only, raw","Dindon, jeune, viande blanche seulement, cru",2026-01-28,,5185.0,Meleagris gallopavo
789,789,5,37,"Turkey, tom, light meat only, roasted","Dindon, jeune, viande blanche seulement, rôti",2012-06-19,,5186.0,
790,790,5,37,"Turkey, tom, dark meat only, raw","Dindon, jeune, viande brune seulement, cru",2012-06-19,,5187.0,Meleagris gallopavo
791,791,5,37,"Turkey, tom, dark meat only, roasted","Dindon, jeune, viande brune seulement, rôti",2012-06-19,,5188.0,
794,794,5,37,"Turkey, tom, breast, meat and skin, raw","Dindon, jeune, poitrine, viande et peau, cru",2012-06-19,,5191.0,Meleagris gallopavo
795,795,5,37,"Turkey, tom, breast, meat and skin, roasted","Dindon, jeune, poitrine, viande et peau, rôti",2012-06-19,,5192.0,
796,796,5,37,"Turkey, tom, leg, meat and skin, raw","Dindon, jeune, cuisse, viande et peau, cru",2012-06-19,,5193.0,Meleagris gallopavo
797,797,5,37,"Turkey, tom, leg, meat and skin, roasted","Dindon, jeune, cuisse, viande et peau, rôti",2012-06-19,,5194.0,
798,798,5,37,"Turkey, tom, wing, meat and skin, raw","Dindon, jeune, aile, viande et peau, cru",2012-06-28,,5195.0,Meleagris gallopavo
799,799,5,37,"Turkey, tom, wing, meat and skin, roasted","Dindon, jeune, aile, viande et peau, rôti",2012-06-28,,5196.0,
800,800,5,0,"Poultry food products, chicken, flaked, canned, deboned with broth","Volaille, produit: poulet en flocons, conserve, désossé avec bouillon",2026-01-28,,5277.0,
802,802,5,0,"Poultry food products, turkey, canned, boned, with broth","Volaille, produit: dinde, conserve, désossée, avec bouillon",2012-06-19,,5284.0,
804,804,5,0,"Poultry food products, turkey and gravy, frozen","Volaille, produit: dinde et sauce, congelées",2012-06-19,,5286.0,
810,810,5,0,"Poultry food products, turkey sticks, breaded, battered, fried","Volaille, produit: dinde, bâtonnets, panés, frits, avec pâte",2012-06-28,,5300.0,
811,811,5,0,"Poultry, mechanically deboned, from backs and necks with skin, raw","Volaille désossée mécaniquement, provenant de dos et cous avec peau, crue",2012-06-28,,5301.0,
812,812,5,0,"Poultry, mechanically deboned, from backs and necks only, raw","Volaille désossée mécaniquement, provenant de dos et cous seulement, crue",2012-06-28,,5302.0,
813,813,5,0,"Poultry, mechanically deboned, mature hens, raw","Volaille désossée mécaniquement, poule, crue",2012-06-28,,5303.0,
815,815,5,37,"Turkey, all classes, ground, raw","Dinde, toutes catégories, hachée, crue",2026-01-28,,5305.0,
816,816,5,37,"Turkey, all classes, ground, cooked","Dinde, toutes catégories, hachée, cuite",2026-01-28,,5306.0,
817,817,5,0,"Chicken, cornish game hens, meat and skin, raw","Poulet, poulet de cornouailles, viande et peau, crues",2012-06-19,,5307.0,
818,818,5,0,"Chicken, cornish game hens, meat and skin, roasted","Poulet, poulet de cornouailles, viande et peau, rôties",2012-06-19,,5308.0,
819,819,5,0,"Chicken, cornish game hens, meat only, raw","Poulet, poulet de cornouailles, viande seulement, crue",2012-06-19,,5309.0,
820,820,5,0,"Chicken, cornish game hens, meat only, roasted","Poulet, poulet de cornouailles, viande seulement, rôtie",2012-06-19,,5310.0,
821,821,5,3,"Chicken, stewing, meat only, stewed","Poulet à bouillir, viande seulement, à l'étuvée",2014-07-04,,5126.0,
822,822,5,0,"Chicken, broiler, skin only, raw","Poulet à griller, peau seulement, crue",2014-09-24,,5015.0,Gallus gallus
823,823,5,0,"Chicken, broiler, skin only, roasted","Poulet à griller, peau seulement, rôtie",2014-09-24,,5018.0,
824,824,5,0,"Chicken, broiler, skin only, stewed","Poulet à griller, peau seulement, à l'étuvée",2014-09-24,,5019.0,
831,831,5,0,"Chicken, broiler, separable fat, raw","Poulet à griller, gras détachable, cru",2014-09-26,,5047.0,Gallus gallus
832,832,5,0,"Chicken, broiler, back, meat and skin, raw","Poulet à griller, dos, viande et peau, cru",2014-09-25,,5048.0,Gallus gallus
833,833,5,0,"Chicken, broiler, back, meat and skin, roasted","Poulet à griller, dos, viande et peau, rôti",2014-09-25,,5051.0,
834,834,5,0,"Chicken, broiler, back, meat and skin, stewed","Poulet à griller, dos, viande et peau, à l'étuvée",2014-09-26,,5052.0,
835,835,5,0,"Chicken, broiler, back, meat, raw","Poulet à griller, dos, viande, cru",2014-09-26,,5053.0,Gallus gallus
836,836,5,0,"Chicken, broiler, back, meat, roasted","Poulet à griller, dos, viande, rôti",2026-01-28,,5055.0,
837,837,5,0,"Chicken, broiler, back, meat, stewed","Poulet à griller, dos, viande, à l'étuvée",2014-12-16,,5056.0,
838,838,5,0,"Chicken, broiler, breast, meat and skin, raw","Poulet à griller, poitrine, viande et peau, cru",2014-09-23,,5057.0,Gallus gallus
839,839,5,0,"Chicken, broiler, breast, meat and skin, roasted","Poulet à griller, poitrine, viande et peau, rôti",2014-09-23,,5060.0,
840,840,5,0,"Chicken, broiler, breast, meat and skin, stewed","Poulet à griller, poitrine, viande et peau, à l'étuvée",2014-09-23,,5061.0,
841,841,5,0,"Chicken, broiler, breast, skinless, boneless, meat, raw","Poulet à griller, poitrine, sans la peau, désossée, viande, crue",2014-09-24,,5062.0,Gallus gallus
842,842,5,0,"Chicken, broiler, breast, meat, roasted","Poulet à griller, poitrine, viande, rôti",2014-09-24,,5064.0,
843,843,5,0,"Chicken, broiler, breast, meat, stewed","Poulet à griller, poitrine, viande, à l'étuvée",2014-09-24,,5065.0,
844,844,5,0,"Chicken, broiler, drumstick, meat and skin, raw","Poulet à griller, pilon, viande et peau, cru",2014-09-22,,5066.0,Gallus gallus
845,845,5,0,"Chicken, broiler, drumstick, meat and skin, roasted","Poulet à griller, pilon, viande et peau, rôti",2014-09-23,,5069.0,
846,846,5,0,"Chicken, broiler, drumstick, meat and skin, stewed","Poulet à griller, pilon, viande et peau, à l'étuvée",2014-09-24,,,
847,847,5,0,"Chicken, broiler, drumstick, meat, raw","Poulet à griller, pilon, viande, cru",2014-09-19,,5071.0,Gallus gallus
848,848,5,0,"Chicken, broiler, drumstick, meat, roasted","Poulet à griller, pilon, viande, rôti",2014-12-04,,5073.0,
849,849,5,0,"Chicken, broiler, drumstick, meat, stewed","Poulet à griller, pilon, viande, à l'étuvée",2014-09-24,,5074.0,
850,850,5,0,"Chicken, broiler, thigh, meat and skin, raw","Poulet à griller, haut de cuisse, viande et peau, cru",2014-09-24,,5091.0,Gallus gallus
851,851,5,0,"Chicken, broiler, thigh, meat and skin, roasted","Poulet à griller, haut de cuisse, viande et peau, rôti",2014-09-24,,5094.0,
852,852,5,0,"Chicken, broiler, thigh, meat and skin, stewed","Poulet à griller, haut de cuisse, viande et peau, à l'étuvée",2026-01-28,,5095.0,
853,853,5,0,"Chicken, broiler, thigh, meat, raw","Poulet à griller, haut de cuisse, viande, cru",2014-09-24,,5096.0,Gallus gallus
854,854,5,0,"Chicken, broiler, thigh, meat, roasted","Poulet à griller, haut de cuisse, viande, rôti",2014-09-24,,5098.0,
855,855,5,0,"Chicken, broiler, thigh, meat, stewed","Poulet à griller, haut de cuisse, viande, à l'étuvée",2014-09-24,,5099.0,
886,886,5,23,"Poultry food products, chicken, canned, flaked","Volaille, produit: poulet, conserve, flocons",2026-01-28,,,
887,887,5,0,"Poultry food products, turkey, canned, flaked","Volaille, produit: dinde, conserve, flocons",2012-06-19,,,
918,918,5,0,"Chicken, ground, lean, raw","Poulet, haché, maigre, cru",2026-01-28,,5332.0,
919,919,5,0,"Chicken, ground, lean, cooked","Poulet, haché, maigre, cuit",2026-01-28,,5333.0,
923,923,6,0,"Soup, cream, asparagus, canned, condensed","Soupe, crème, asperges, conserve, condensée",2026-01-28,,6001.0,
924,924,6,37,"Soup, bean with bacon, canned, condensed","Soupe, fèves et bacon, conserve, condensée",2026-01-28,,6004.0,
926,926,6,0,"Soup, bean with ham, ready-to-serve","Soupe, fèves et jambon, prête-à-servir",2026-01-28,,6007.0,
927,927,6,37,"Soup, broth, beef, ready-to-serve","Soupe, bouillon, boeuf, prête-à-servir",2013-01-15,,6008.0,
928,928,6,0,"Soup, beef noodle, canned, condensed","Soupe, boeuf et nouilles, conserve, condensée",2012-07-31,,6009.0,
929,929,6,37,"Soup, cream, celery, canned, condensed","Soupe, crème, céleri, conserve, condensée",2026-01-28,,6010.0,
930,930,6,37,"Soup, cheddar cheese, canned, condensed","Soupe, fromage cheddar, conserve, condensée",2012-08-10,,6011.0,
931,931,6,37,"Soup, broth, chicken, canned, condensed","Soupe, bouillon, poulet, conserve, condensée",2012-06-29,,6013.0,
932,932,6,37,"Soup, chicken chowder (a la king), ready-to-serve","Soupe, chaudrée de poulet, (à la king), prête-à-servir",2026-01-28,,6015.0,
933,933,6,37,"Soup, cream, chicken, canned, condensed","Soupe, crème, poulet, conserve, condensée",2026-01-28,,6016.0,
934,934,6,0,"Soup, chicken gumbo, canned, condensed","Soupe, poulet et gombo (okra), conserve, condensée",2026-01-28,,6017.0,
935,935,6,37,"Soup, chicken noodle, ready-to-serve","Soupe, poulet et nouilles, prête-à-servir",2026-01-28,,6018.0,
936,936,6,37,"Soup, chicken noodle, canned, condensed","Soupe, poulet et nouilles, conserve, condensée",2012-07-31,,6019.0,
937,937,6,37,"Soup, chicken rice, ready-to-serve","Soupe, poulet et riz, prête-à-servir",2014-08-29,,6022.0,
938,938,6,37,"Soup, chicken rice, canned, condensed","Soupe, poulet et riz, conserve, condensée",2012-07-31,,6023.0,
939,939,6,37,"Soup, chicken vegetable (includes gumbo), ready-to-serve","Soupe, poulet et légumes (inclus gumbo), prête-à-servir",2014-08-29,,6024.0,
940,940,6,0,"Soup, chicken vegetable, canned, condensed","Soupe, poulet et légumes, conserve, condensée",2012-08-10,,6025.0,
944,944,6,37,"Soup, broth (consomme), beef, canned, condensed","Soupe, bouillon ou consommé, boeuf, conserve, condensé",2012-06-29,,6032.0,
945,945,6,37,"Soup, lentil with bacon, ready-to-serve","Soupe, lentilles avec bacon, prête-à-servir",2014-08-29,,6037.0,
946,946,6,37,"Soup, minestrone, ready-to-serve","Soupe, minestrone, prête-à-servir",2014-08-29,,6039.0,
947,947,6,0,"Soup, minestrone, canned, condensed","Soupe, minestrone, conserve, condensée",2012-07-31,,6040.0,
948,948,6,0,"Soup, mushroom barley, canned, condensed","Soupe, champignons et orge, conserve, condensée",2012-07-31,,6042.0,
949,949,6,37,"Soup, cream, mushroom, canned, condensed","Soupe, crème, champignons, conserve, condensée",2026-01-28,,6043.0,
950,950,6,0,"Soup, onion, canned, condensed","Soupe, oignon, conserve, condensée",2012-06-29,,6045.0,
951,951,6,0,"Soup, cream, onion, canned, condensed","Soupe, crème, oignon, conserve, condensée",2026-01-28,,6046.0,
953,953,6,0,"Soup, cream, potato, canned, condensed","Soupe, crème, pommes de terre, conserve, condensée",2026-01-28,,6053.0,
954,954,6,11,"Soup, scotch broth, canned, condensed","Soupe, potage écossais, conserve, condensée",2016-06-20,,6055.0,
957,957,6,0,"Soup, tomato rice, canned, condensed","Soupe, tomates et riz, conserve, condensée",2012-06-29,,6063.0,
958,958,6,0,"Soup, turkey, ready-to-serve","Soupe, dinde, prête-à-servir",2014-08-29,,6064.0,
961,961,6,37,"Soup, mixed vegetable (with pasta), ready-to-serve","Soupe, légumes mélangés (avec pâtes), prête-à-servir",2014-08-29,,6067.0,
963,963,6,37,"Soup, beef and vegetable, ready-to-serve","Soupe, boeuf et légumes, prête-à-servir",2014-08-29,,6070.0,
964,964,6,37,"Soup, vegetable with pasta, canned, condensed","Soupe, légumes avec pâtes, conserve, condensée",2026-01-28,,6072.0,
965,965,6,0,"Soup, cream, asparagus, dehydrated","Soupe, crème, asperges, déshydratée",2026-01-28,,,
966,966,6,0,"Soup, bean with bacon, dehydrated","Soupe, fèves et bacon, déshydratée",2026-01-28,,,
967,967,6,0,"Soup, broth, beef, dehydrated","Soupe, bouillon, boeuf, déshydratée",2012-06-29,,6075.0,
968,968,6,0,"Soup, broth, beef, cubed, dehydrated","Soupe, bouillon, boeuf, cube, déshydratée",2012-06-29,,6076.0,
969,969,6,11,"Soup, beef noodle, dehydrated","Soupe, boeuf et nouilles, déshydratée",2014-10-29,,6077.0,
970,970,6,0,"Soup, cauliflower, dehydrated","Soupe, chou-fleur, déshydratée",2012-06-29,,6078.0,
971,971,6,0,"Soup, cream, celery, dehydrated","Soupe, crème, céleri, déshydratée",2026-01-28,,,
972,972,6,0,"Soup, broth, chicken, dehydrated","Soupe, bouillon, poulet, déshydratée",2012-06-29,,6080.0,
973,973,6,0,"Soup, broth, chicken, cubed, dehydrated","Soupe, bouillon, poulet, cube, déshydratée",2012-06-29,,6081.0,
974,974,6,0,"Soup, cream, chicken, dehydrated","Soupe, crème, poulet, déshydratée",2026-01-28,,,
975,975,6,0,"Soup, chicken rice, dehydrated","Soupe, poulet et riz, déshydratée",2012-06-29,,,
976,976,6,0,"Soup, chicken vegetable, dehydrated","Soupe, poulet et légumes, déshydratée",2012-06-29,,6086.0,
980,980,6,0,"Soup, leek, dehydrated","Soupe, poireaux, déshydratée",2012-06-29,,6090.0,
981,981,6,0,"Soup, minestrone, dehydrated","Soupe, minestrone, déshydratée",2012-06-29,,6092.0,
982,982,6,0,"Soup, mushroom, dehydrated","Soupe, champignons, déshydratée",2012-06-29,,6093.0,
983,983,6,0,"Soup, oxtail, dehydrated","Soupe, queue de boeuf, déshydratée",2026-01-28,,6095.0,
984,984,6,0,"Soup, pea, green or split, dehydrated","Soupe, pois verts ou cassés, déshydratée",2012-06-29,,6096.0,
985,985,6,0,"Soup, tomato, dehydrated","Soupe, tomates, déshydratée",2012-06-29,,6098.0,
986,986,6,11,"Soup, tomato vegetable, dehydrated","Soupe, tomates et légumes, déshydratée",2014-10-29,,6099.0,
987,987,6,11,"Soup, vegetable beef, dehydrated","Soupe, légumes et boeuf, déshydratée",2014-10-30,,6100.0,
988,988,6,0,"Soup, cream, vegetable, dehydrated","Soupe, crème, légumes, déshydratée",2026-01-28,,6101.0,
994,994,6,0,"Sauce, Stroganoff, dehydrated","Sauce, Stroganoff, déshydratée",2012-06-29,,6109.0,
997,997,6,0,"Sauce, teriyaki, ready-to-serve","Sauce, teriyaki, prête-à-servir",2012-09-07,,6112.0,
999,999,6,0,"Gravy, au jus, canned","Sauce, au jus, conserve",2012-06-29,,6114.0,
1000,1000,6,0,"Gravy, au jus, dehydrated","Sauce, au jus, déshydratée",2012-06-29,,6115.0,
1001,1001,6,0,"Gravy, beef, canned","Sauce, boeuf, conserve",2012-06-29,,6116.0,
1002,1002,6,0,"Gravy, beef, dehydrated","Sauce, boeuf, déshydratée",2012-06-29,,6118.0,
1003,1003,6,0,"Gravy, chicken, canned","Sauce, poulet, conserve",2012-06-29,,6119.0,
1004,1004,6,0,"Gravy, chicken, dehydrated","Sauce, poulet, déshydratée",2012-06-29,,6120.0,
1005,1005,6,0,"Gravy, mushroom, canned","Sauce, champignons, conserve",2012-06-29,,6121.0,
1006,1006,6,0,"Gravy, mushroom, dehydrated","Sauce, champignons, déshydratée",2012-06-29,,6122.0,
1007,1007,6,0,"Gravy, onion, dehydrated","Sauce, oignon, déshydratée",2012-06-29,,6123.0,
1008,1008,6,0,"Gravy, pork, dehydrated","Sauce, porc, déshydratée",2012-06-29,,6124.0,
1009,1009,6,0,"Gravy, turkey, canned","Sauce, dinde, conserve",2012-06-29,,6125.0,
1010,1010,6,0,"Gravy, turkey, dehydrated","Sauce, dinde, déshydratée",2012-06-29,,6126.0,
1011,1011,6,0,"Gravy, unspecified, dehydrated","Sauce, non spécifiée, déshydratée",2012-06-29,,6127.0,
1012,1012,6,0,"Soup, chicken noodle, dehydrated","Soupe, poulet et nouilles, déshydratée",2012-06-29,,6128.0,
1017,1017,6,0,"Sauce, barbecue, ready-to-serve","Sauce, barbecue, prête-à-servir",2012-09-07,,6150.0,
1025,1025,6,0,"Sauce, salsa, ready-to-serve","Sauce, salsa, prête-à-servir",2012-07-11,,6164.0,
1026,1026,6,0,"Sauce, white, thin, 2% M.F. milk, homemade","Sauce, blanche, consistance claire, lait 2% M.G., faite maison",2026-01-28,,6165.0,
1027,1027,6,0,"Sauce, white, medium, 2% M.F. milk, homemade","Sauce, blanche, consistance moyenne, lait 2% M.G., faite maison",2026-01-28,,6166.0,
1028,1028,6,0,"Sauce, white, thick, homemade","Sauce, blanche, consistance épaisse, faite maison",2026-01-28,,6167.0,
1029,1029,6,0,"Sauce, pepper or hot, ready-to-serve","Sauce, piments forts, prête-à-servir",2026-01-28,,6168.0,
1030,1030,6,0,"Sauce, pepper, Tabasco, ready-to-serve","Sauce, piments, Tabasco, prête-à-servir",2026-01-28,,6169.0,
1046,1046,6,0,"Soup, cream, asparagus, canned, condensed, water added","Soupe, crème, asperges, conserve, condensée, eau ajoutée",2026-01-28,,6401.0,
1047,1047,6,37,"Soup, bean with bacon, canned, condensed, water added","Soupe, fèves et bacon, conserve, condensée, eau ajoutée",2026-01-28,,,
1049,1049,6,0,"Soup, beef noodle, canned, condensed, water added","Soupe, boeuf et nouilles, conserve, condensée, eau ajoutée",2012-07-31,,6409.0,
1050,1050,6,37,"Soup, cream, celery, canned, condensed, water added","Soupe, crème, céleri, conserve, condensée, eau ajoutée",2026-01-28,,6410.0,
1051,1051,6,37,"Soup, cheddar cheese, canned, condensed, water added","Soupe, fromage cheddar, conserve, condensée, eau ajoutée",2012-07-03,,6411.0,
1052,1052,6,37,"Soup, broth, chicken, canned, condensed, water added","Soupe, bouillon, poulet, conserve, condensée, eau ajoutée",2012-07-03,,6413.0,
1053,1053,6,37,"Soup, cream, chicken, canned, condensed, water added","Soupe, crème, poulet, conserve, condensée, eau ajoutée",2026-01-28,,,
1054,1054,6,0,"Soup, chicken gumbo, canned, condensed, water added","Soupe, poulet et gombo (okra), conserve, condensée, eau ajoutée",2026-01-28,,6417.0,
1055,1055,6,37,"Soup, chicken noodle, canned, condensed, water added","Soupe, poulet et nouilles, conserve, condensée, eau ajoutée",2012-08-01,,,
1056,1056,6,37,"Soup, chicken rice, canned, condensed, water added","Soupe, poulet et riz, conserve, condensée, eau ajoutée",2012-07-31,,6423.0,
1057,1057,6,0,"Soup, chicken vegetable, canned, condensed, water added","Soupe, poulet et légumes, conserve, condensée, eau ajoutée",2012-06-29,,6425.0,
1060,1060,6,37,"Soup, broth (consomme), beef, canned, condensed, water added","Soupe, bouillon ou consommé, boeuf, conserve, condensée, eau ajoutée",2016-04-21,,,
1061,1061,6,0,"Soup, minestrone, canned, condensed, water added","Soupe, minestrone, conserve, condensée, eau ajoutée",2012-07-11,,6440.0,
1062,1062,6,0,"Soup, mushroom barley, canned, condensed, water added","Soupe, champignons et orge, conserve, condensée, eau ajoutée",2012-07-31,,6442.0,
1063,1063,6,0,"Soup, cream, mushroom, canned, condensed, water added","Soupe, crème, champignons, conserve, condensée, eau ajoutée",2026-01-28,,6443.0,
1064,1064,6,0,"Soup, onion, canned, condensed, water added","Soupe, oignon, conserve, condensée, eau ajoutée",2012-07-03,,6445.0,
1065,1065,6,0,"Soup, cream, onion, canned, condensed, water added","Soupe, crème, oignon, conserve, condensée, eau ajoutée",2026-01-28,,6446.0,
1067,1067,6,0,"Soup, cream, potato, canned, condensed, water added","Soupe, crème, pommes de terre, conserve, condensée, eau ajoutée",2026-01-28,,6453.0,
1068,1068,6,11,"Soup, scotch broth, canned, condensed, water added","Soupe, potage écossais, conserve, condensée, eau ajoutée",2014-10-29,,6455.0,
1071,1071,6,0,"Soup, tomato rice, canned, condensed, water added","Soupe, tomates et riz, conserve, condensée, eau ajoutée",2012-06-29,,6463.0,
1075,1075,6,37,"soup, vegetable with pasta, canned, condensed, water added","Soupe, légumes avec pâtes, conserve, condensée, eau ajoutée",2026-01-28,,,
1076,1076,6,0,"Soup, cream, asparagus, dehydrated, water added","Soupe, crème, asperges, déshydratée, eau ajoutée",2026-01-28,,6473.0,
1077,1077,6,0,"Soup, bean with bacon, dehydrated, water added","Soupe, fèves et bacon, déshydratée, eau ajoutée",2026-01-28,,6474.0,
1078,1078,6,0,"Soup, broth, beef, dehydrated, water added","Soupe, bouillon, boeuf, déshydratée, eau ajoutée",2012-07-03,,6475.0,
1079,1079,6,0,"Soup, broth, beef, cubed, dehydrated, water added","Soupe, bouillon, boeuf, cube, déshydratée, eau ajoutée",2012-07-03,,6476.0,
1080,1080,6,11,"Soup, beef noodle, dehydrated, water added","Soupe, boeuf et nouilles, déshydratée, eau ajoutée",2014-10-29,,6477.0,
1081,1081,6,0,"Soup, cauliflower, dehydrated, water added","Soupe, chou-fleur, déshydratée, eau ajoutée",2012-07-03,,,
1082,1082,6,0,"Soup, cream, celery, dehydrated, water added","Soupe, crème, céleri, déshydratée, eau ajoutée",2026-01-28,,,
1083,1083,6,0,"Soup, broth, chicken, dehydrated, water added","Soupe, bouillon, poulet, déshydratée, eau ajoutée",2026-01-28,,6480.0,
1084,1084,6,0,"Soup, broth, chicken, cubed, dehydrated, water added","Soupe, bouillon, poulet, cube, déshydratée, eau ajoutée",2012-07-03,,6481.0,
1085,1085,6,0,"Soup, cream, chicken, dehydrated, water added","Soupe, crème, poulet, déshydratée, eau ajoutée",2026-01-28,,6483.0,
1086,1086,6,0,"Soup, chicken rice, dehydrated, water added","Soupe, poulet et riz, déshydratée, eau ajoutée",2012-07-31,,6485.0,
1087,1087,6,0,"Soup, chicken vegetable, dehydrated, water added","Soupe, poulet et légumes, déshydratée, eau ajoutée",2012-07-03,,6486.0,
1089,1089,6,0,"Soup, leek, dehydrated, water added","Soupe, poireaux, déshydratée, eau ajoutée",2012-07-03,,,
1090,1090,6,0,"Soup, minestrone, dehydrated, water added","Soupe, minestrone, déshydratée, eau ajoutée",2012-07-03,,,
1091,1091,6,11,"Soup, mushroom, dehydrated, water added","Soupe, champignons, déshydratée, eau ajoutée",2026-01-28,,6493.0,
1092,1092,6,0,"Soup, oxtail, dehydrated, water added","Soupe, queue de boeuf, déshydratée, eau ajoutée",2026-01-28,,6495.0,
1093,1093,6,0,"Soup, pea, green or split, dehydrated, water added","Soupe, pois verts ou cassés, déshydratée, eau ajoutée",2012-06-28,,,
1094,1094,6,0,"Soup, tomato, dehydrated, water added","Soupe, tomates, déshydratée, eau ajoutée",2012-07-03,,6498.0,
1095,1095,6,11,"Soup, tomato vegetable, dehydrated, water added","Soupe, tomates et légumes, déshydratée, eau ajoutée",2014-10-29,,6499.0,
1096,1096,6,11,"Soup, vegetable beef, dehydrated, water added","Soupe, légumes et boeuf, déshydratée, eau ajoutée",2014-10-30,,6500.0,
1097,1097,6,0,"Soup, cream, vegetable, dehydrated, water added","Soupe, crème, légumes, déshydratée, eau ajoutée",2026-01-28,,6501.0,
1108,1108,6,0,"Soup, chicken noodle, dehydrated, water added","Soupe, poulet et nouilles, déshydratée, eau ajoutée",2012-08-01,,6528.0,
1116,1116,6,3,"Soup, pea, green, canned, condensed","Soupe, pois verts, conserve, condensée",2026-01-28,,6049.0,
1117,1117,6,37,"Soup, split pea with ham, ready-to-serve","Soupe, pois cassés avec jambon, prête-à-servir",2014-09-09,,6050.0,
1118,1118,6,0,"Soup, split pea with ham, canned, condensed","Soupe, pois cassés avec jambon, conserve, condensée",2014-09-09,,6051.0,
1119,1119,6,37,"Soup, vegetable with beef (and barley), canned, condensed","Soupe, légumes avec boeuf (et orge), conserve, condensée",2012-06-29,,6071.0,
1120,1120,6,3,"Soup, onion, dehydrated","Soupe, oignon, déshydratée",2012-07-03,,6094.0,
1121,1121,6,37,"Soup, tomato, canned, condensed","Soupe, tomates, conserve, condensée",2016-04-21,,6159.0,
1124,1124,6,3,"Soup, pea, green, canned, condensed, water added","Soupe, pois verts, conserve, condensée, eau ajoutée",2012-07-11,,6449.0,
1125,1125,6,0,"Soup, split pea with ham, canned, condensed, water added","Soupe, pois cassés avec jambon, conserve, condenséee, au ajoutée",2014-09-09,,6451.0,
1126,1126,6,37,"Soup, vegetable with beef (and barley), canned, condensed, water added","Soupe, légumes avec boeuf (et orge), conserve, condensée, eau ajoutée",2012-06-29,,,
1127,1127,6,3,"Soup, onion, dehydrated, water added","Soupe, oignon, déshydratée, eau ajoutée",2012-07-03,,6494.0,
1128,1128,6,37,"Soup, tomato, canned, condensed, water added","Soupe, tomates, conserve, condensée, eau ajoutée",2016-04-21,,,
1130,1130,6,0,"Sauce, steak, tomato based, ready-to-serve","Sauce, bifteck, base de tomates, prête-à-servir",2026-01-28,,27048.0,
1131,1131,6,0,"Sauce, tartar, ready-to-serve","Sauce, tartare, prête-à-servir",2012-10-16,,27049.0,
1133,1133,6,0,"Sauce, worcestershire, ready-to-serve","Sauce, worcestershire, prête-à-servir",2026-01-27,,6971.0,
1135,1135,2,20,"Sauce, mustard, brown, ready-to-serve","Sauce, moutarde, brune, prête-à-servir",2012-09-07,,,
1139,1139,7,0,"Sausage, Beerwurst, beer salami, pork","Saucisse, saucisson de bière, porc",2026-01-28,,7003.0,
1140,1140,7,0,"Sausage, Bockwurst, pork/veal, with milk and eggs, raw","Saucisse, Bockwurst, porc/veau, lait/oeufs, crue",2014-06-12,,7006.0,
1142,1142,7,0,"Sausage, Brotwurst, pork, beef, with skimmed dry milk","Saucisse Bratwurst, porc et b?uf",2026-01-28,,7015.0,
1143,1143,7,37,"Wiener (cheesefurter), cheddar smokie","Saucisse fumée, fromage, porc, boeuf",2013-05-07,,7016.0,
1144,1144,7,0,"Chicken spread, canned","Poulet, tartinade à sandwich, conserve",2026-01-28,,7018.0,
1147,1147,7,37,"Wiener (frankfurter), turkey","Saucisse fumée, dinde",2026-01-28,,7025.0,
1148,1148,7,37,"Deli-meat, ham, cooked, sliced","Charcuterie, jambon, cuit, tranché",2026-01-28,,7028.0,
1151,1151,7,0,"Deli-meat, sandwich spread, ham","Charcuterie, garniture à sandwich, jambon",2026-01-28,,7031.0,
1152,1152,7,37,"Sausage, Italian, pork, raw","Saucisse, italienne, porc, crue",2026-01-28,,7036.0,
1153,1153,7,37,"Sausage, Knackwurst (knockwurst), raw","Saucisse, knackwurst (knockwurst), porc, boeuf",2012-06-19,,7038.0,
1154,1154,7,37,"Deli-meat, roast beef, cooked, sliced","Charcuterie, boeuf, cuit, tranché",2026-01-28,,7043.0,
1157,1157,7,0,"Deli-meat, olive loaf, pork","Charcuterie, pain de viande aux olives, porc",2026-01-28,,7051.0,
1158,1158,7,0,"Deli-meat, pastrami, turkey, sliced","Charcuterie, pastrami, dinde, tranché",2026-01-28,,7052.0,
1159,1159,7,0,"Pâté, chicken liver, canned","Pâté de foie de poulet, conserve",2012-06-19,,7053.0,
1160,1160,7,0,"Pâté de foie gras, (goose liver pate), smoked, canned","Pâté de foie gras, foie d'oie, fumé, conserve",2012-06-19,,7054.0,
1161,1161,7,0,"Pâté, liver, unspecified meat, canned","Pâté de foie, non spécifié, conserve",2012-06-19,,7055.0,
1164,1164,7,0,"Sandwich spread, chicken and/or turkey","Tartinade pour sandwich, poulet et/ou dinde",2012-06-19,,7067.0,
1166,1166,7,0,"Deli-meat, sandwich spread, unspecified meat","Charcuterie, garniture à sandwich, viande non spécifée",2026-01-28,,7073.0,
1167,1167,7,37,"Sausage, smoked, pork, pre-cooked","Saucisse, fumée, porc, pré-cuite",2014-07-14,,7074.0,
1171,1171,7,0,"Deli-meat, thuringer, cervelat, beef and pork","Charcuterie, saucisson, thuringer, cervelat, boeuf et porc",2026-01-28,,7078.0,
1172,1172,7,37,"Deli-meat, turkey breast, cooked, sliced","Charcuterie, poitrine de dinde, cuite, tranchée",2026-01-28,,7081.0,
1174,1174,7,0,"Sausage, Vienna (cocktail), canned, chicken, beef and pork","Saucisse, Vienne (cocktail), conserve, poulet, boeuf et porc",2026-01-28,,7083.0,
1175,1175,7,37,"Sausage, Italian, pork, cooked","Saucisse, italienne, porc, cuite",2026-01-28,,7089.0,
1178,1178,7,37,"Sausage, blood sausage (blood pudding), raw","Saucisse, boudin, cru",2026-01-28,,7005.0,
1179,1179,7,37,"Deli-meat, bologna (baloney), beef","Charcuterie, bologne, boeuf",2026-01-28,,7007.0,
1182,1182,7,37,"Sausage, Bratwurst, pork, cooked","Saucisse, Bratwurst, porc, cuite",2026-01-28,,7013.0,
1183,1183,7,0,"Sausage, Braunschweiger (liver sausage with bacon), pork","Saucisse, saucisson Braunschweiger (saucisson de foie avec bacon), porc",2015-01-22,,7014.0,
1184,1184,7,23,"Deli-meat, Dutch loaf, old fashioned, pork and beef","Charcuterie, pain de viande hollandais, à l'ancienne, porc et boeuf",2026-01-28,,,
1185,1185,7,37,"Wiener (frankfurter), beef","Saucisse fumée, boeuf",2026-01-28,,7022.0,
1187,1187,7,37,"Wiener (frankfurter), chicken","Saucisse fumée, poulet",2026-01-28,,7024.0,
1190,1190,7,0,"Deli-meat, headcheese, pork","Charcuterie, tête fromagée, porc",2026-01-28,,7034.0,
1192,1192,7,0,"Liver sausage, liverwurst, pork","Saucisson de foie (liverwurst), porc",2026-01-28,,7041.0,
1198,1198,7,37,"Sausage, breakfast links or rounds, pork, raw","Saucisse à déjeuner, en chapelet ou en galette, porc, crue",2014-06-11,,7063.0,
1199,1199,7,37,"Sausage, breakfast links or rounds, pork, cooked","Saucisse à déjeuner, en chapelet ou en galette, porc, cuite",2014-06-11,,7064.0,
1200,1200,7,37,"Deli-meat, salami, cooked, beef","Charcuterie, salami, cuit, boeuf",2026-01-28,,7068.0,
1202,1202,7,0,"Deli-meat, salami, cooked, turkey","Charcuterie, salami, cuit, dinde",2026-01-28,,7070.0,
1207,1207,7,37,"Deli-meat, chicken, cooked, sliced","Charcuterie, poulet, cuit, tranché",2026-01-28,,7933.0,
1212,1212,7,37,"Deli-meat, mock chicken loaf","Charcuterie, simili poulet, pain de viande",2026-01-28,,,
1216,1216,7,37,"Deli-meat, bologna (baloney), chicken","Charcuterie, bologne, poulet",2026-01-28,,7952.0,
1217,1217,7,37,"Sausage, ham, pre cooked","Saucisse, jambon, pré-cuite",2014-07-11,,,
1220,1220,7,37,"Deli-meat, chicken breast, cooked, extra lean","Charcuterie, poitrine de poulet, cuite, extra maigre",2026-01-28,,7933.0,
1222,1222,8,0,"Cereal, ready to eat, granola, homemade","Céreale, prête-à-manger, granola, fait maison",2012-07-30,,8037.0,
1223,1223,20,3,"Grains, wheat germ, toasted, plain","Grains céréaliers, germe de blé, grillé",2014-08-21,,8084.0,
1224,1224,8,0,"Cereal, hot, cream of rice, dry","Céréale, chaude, crème de riz, sèche",2026-01-28,,8100.0,
1225,1225,8,0,"Cereal, hot, cream of rice, cooked","Céréale, chaude, crème de riz, cuite",2012-07-31,,8101.0,
1228,1228,8,0,"Cereal, hot, corn grits (yellow), dry","Céréale, chaude, maïs (jaune), sèche",2012-08-01,,8090.0,
1229,1229,8,0,"Cereal, hot, corn grits (yellow), cooked","Céréale, chaude, maïs (jaune), cuite",2012-07-31,,8091.0,
1230,1230,8,26,"Cereal, ready to eat, Alpen (muesli), Weetabix","Céréale, prête-à-manger, alpen (muesli), Weetabix",2012-07-30,,,
1231,1231,8,37,"Cereal, ready to eat, Alpha-bits, Post","Céréale, prête-a-manger, Alpha-bits, Post",2026-01-28,,,
1232,1232,8,37,"Cereal, ready to eat, 'All Bran' Bran Flakes, Kellogg's","Céréale, prête-à-manger, 'All Bran' bran flakes, Kellogg's",2012-11-06,,,
1235,1235,8,26,"Cereal, ready to eat, Count Chocula, General Mills","Céréale, prête-à-manger, Count Chocula, General Mills",2012-07-31,,,
1236,1236,8,26,"Cereal, ready to eat, Crispix, Kellogg's","Céréale, prête-à-manger, Crispix, Kellogg's",2012-07-31,,,
1238,1238,8,26,"Cereal, ready to eat, Selects: Blueberry Almond Crunch, Post","Céréale, prête-à-manger, Selects: bleuets sauvages et amandes croquantes, Post",2012-07-31,,,
1239,1239,8,26,"Cereal, ready to eat, Selects: Date and Raisin Pecan Crunch, Post","Céréale, prête-à-manger, Selects: dattes, raisins secs et pacanes croquantes, Post",2012-07-30,,,
1240,1240,8,37,"Cereal, ready to eat, Harvest Crunch: original, Quaker","Céréale, prête-à-manger, Croque Nature: original, Quaker",2012-07-30,,,
1242,1242,8,37,"Cereal, ready to eat, Corn Flakes, Kellogg's","Céréale, prête-à-manger, flocons de maïs, Kellogg's",2012-07-31,,,
1244,1244,8,26,"Cereal, ready to eat, Muffets, Quaker","Céréale, prête-à-manger, Muffets: blé filamenté, Quaker",2012-07-30,,,
1247,1247,8,37,"Cereal, ready to eat, Shreddies, Post","Céréale, prête-à-manger, Shreddies, Post",2012-07-30,,,
1248,1248,8,37,"Cereal, ready to eat, Froot Loops, Kellogg's","Céréale, prête-à-manger, Froot Loops, Kellogg's",2012-07-31,,,
1249,1249,8,37,"Cereal, ready to eat, Weetabix, Weetabix","Céréale, prête-à-manger, Weetabix, Weetabix",2012-07-30,,,
1251,1251,8,37,"Cereal, ready to eat, Golden Grahams, General Mills","Céréale, prête-à-manger, Golden Grahams, General Mills",2012-07-31,,,
1253,1253,8,26,"Cereal, ready to eat, Grape-nuts, Post","Céréale, prête-à-manger, Grape-nuts, Post",2012-07-30,,,
1256,1256,8,37,"Cereal, ready to eat, Cheerios: honey nut, General Mills","Céréale, prête-à-manger, cheerios, miel et noix, General Mills",2012-08-01,,,
1257,1257,8,37,"Cereal, ready to eat, Honeycomb, Post","Céréale, prête-à-manger, Honeycomb, Post",2012-07-31,,,
1258,1258,8,37,"Cereal, ready to eat, Life, Quaker","Céréale, prête-à-manger, Life, Quaker",2012-07-30,,,
1259,1259,8,37,"Cereal, ready to eat, Lucky Charms, General Mills","Céréale, prête-à-manger, Lucky Charms, General Mills",2012-07-30,,,
1260,1260,8,26,"Cereal, ready to eat, 100% Bran, Post","Céréale, prête-à-manger, son de blé 100%, Post",2012-11-06,,,
1262,1262,8,37,"Cereal, ready to eat, Cinnamon Toast Crunch, General Mills","Céréale, prête-à-manger, Croc-en-cannelle, General Mills",2012-07-30,,,
1263,1263,8,37,"Cereal, ready to eat, Fibre 1, General Mills","Céréale, prête-à-manger, Fibre 1, General Mills",2012-09-13,,,
1264,1264,8,37,"Cereal, ready to eat, Just Right, Kellogg's","Céréale, prête-à-manger, Just Right, Kellogg's",2012-09-13,,,
1265,1265,8,37,"Cereal, ready to eat, Rice Krispies, Kellogg's","Céréale, prête-à-manger, Rice Krispies, Kellogg's",2012-09-13,,,
1267,1267,8,37,"Cereal, ready to eat, Special K, Kellogg's","Céréale, prête-à-manger, Spécial K, Kellogg's",2012-09-13,,,
1268,1268,8,37,"Cereal, ready to eat, Corn Pops, Kellogg's","Céréale, prête-à-manger, Corn Pops, Kellogg's",2012-09-05,,,
1269,1269,8,37,"Cereal, ready to eat, Frosted Flakes, Kellogg's","Céréale, prête-à-manger, Frosted Flakes, Kellogg's",2012-07-31,,,
1270,1270,8,37,"Cereal, ready to eat, Sugar Crisp, Post","Céréale, prête-à-manger, Sugar Crisp, Post",2012-07-31,,,
1271,1271,8,37,"Cereal, ready to eat, Life Multigrains, Quaker","Céréale, prête-à-manger, Life Multigrains, Quaker",2012-07-31,,,
1275,1275,8,37,"Cereal, ready to eat, Oatmeal Squares, Quaker","Céréale, prête-à-manger, Croque Avoine, Quaker",2012-07-30,,,
1276,1276,8,37,"Cereal, ready to eat, Shredded Wheat'n Bran: spoon size, Post","Céréale, prête-à-manger, bouchées blé filamenté et son, Post",2012-09-13,,,
1278,1278,8,26,"Cereal, ready to eat, Puffed Wheat, Quaker","Céréale, prête-à-manger, blé soufflé, Quaker",2012-07-30,,,
1279,1279,8,37,"Cereal, ready to eat, Shredded Wheat, Post","Céréale, prête-à-manger, blé filamenté, Post",2012-09-13,,,
1280,1280,8,37,"Cereal, ready to eat, Shredded Wheat: spoon size, Post","Céréale, prête-à-manger, bouchées de blé filalmenté, Post",2012-07-30,,,
1291,1291,8,26,"Cereal, ready to eat, Breakfast O's, Barbara's Bakery","Céréale, prête-à-manger, O à déjeuner, Barbara's Bakery",2012-07-30,,,
1292,1292,8,26,"Cereal, ready to eat, Brown Rice Crisps, Barbara's Bakery","Céréale, prête-à-manger, riz brun soufflé, Barbara's Bakery",2012-07-30,,,
1293,1293,8,37,"Cereal, ready to eat, Cheerios: Apple Cinnamon, General Mills","Céréale, prête-à-manger, cheerios: pommes cannelle, General Mills",2012-09-13,,,
1295,1295,8,37,"Cereal, ready to eat, Cheerios: multigrain, General Mills","Céréale, prête-à-manger, cheerios: multigrains, General Mills",2012-09-13,,,
1300,1300,8,26,"Cereal, ready to eat, corn flakes, Barbara's Bakery","Céréale, prête-à-manger, flocons de maïs, Barbara's Bakery",2012-07-31,,,
1301,1301,8,26,"Cereal, ready to eat, Corn Flakes, President's Choice","Céréale, prête-à-manger, flocons de maïs, Choix du Président",2012-07-31,,,
1303,1303,8,26,"Cereal, ready to eat, fruit juice sweetened corn flakes, Nature's Path","Céréale, prête-à-manger, flocons de maïs: sucrés au jus de fruits, Nature's Path",2026-01-28,,,
1305,1305,8,37,"Cereal, ready to eat, Corn flakes, Honey'd, Nature's Path","Céréale, prête-à-manger, flocons de maïs au miel, Nature's Path",2012-07-31,,,
1314,1314,8,37,"Cereal, ready to eat, Honey Bunches of Oats (Honey Roasted), Post","Céréale, prête-à-manger, bouchées d'avoine au miel (grillées au miel), Post",2012-09-13,,,
1317,1317,8,26,"Cereal, ready to eat, Fibre First Multibran, Blue Menu, President's Choice","Céréale, prête-à-manger, fibre en premier: multison, Menu Bleu, Choix du Président",2012-11-06,,,
1325,1325,8,26,"Cereal, ready to eat, Flax Plus: Red Berry Crunch, Nature's Path","Céréale, prête-à-manger, Flax Plus: baie rouges croustillantes, Nature's Path",2012-07-30,,,
1326,1326,8,26,"Cereal, ready to eat, Granola: Blueberry, light, Rogers","Céréale, prête-à-manger, granola: bleuets, légère, Rogers",2012-07-31,,,
1327,1327,8,26,"Cereal, ready to eat, Granola: Maple raisin, light, Rogers","Céréale, prête-à-manger, granola: raisins érable, légère, Rogers",2012-07-31,,,
1328,1328,8,26,"Cereal, ready to eat, Granola: Raspberry almond, light, Rogers","Céréale, prête-à-manger, granola: framboises et amandes, légère, Rogers",2012-07-31,,,
1331,1331,8,37,"Cereal, ready to eat, Flax Plus: Pumpkin Raisin Crunch, Nature's Path","Céréale, prête-à-manger, Flax plus: croustillantes avec graines de citrouilles et raisins, Nature's Path",2012-07-30,,,
1332,1332,8,26,"Cereal, ready to eat, Granola: Apples 'n cinnamon, Rogers","Céréale, prête-à-manger, granola: pommes et cannelle, Rogers",2012-07-31,,,
1333,1333,8,26,"Cereal, ready to eat, Granola: with raisins, Rogers","Céréale, prête-à-manger, granola: avec raisins secs, Rogers",2012-07-30,,,
1334,1334,8,26,"Cereal, ready to eat, Granola: with almonds, Rogers","Céréale, prête-à-manger, granola: avec amandes, Rogers",2013-04-09,,,
1335,1335,8,37,"Cereal, ready to eat, Harvest Crunch: Honey Nut, Light and Crisp, Quaker","Céréale, prête-à-manger, Croque Nature: original, faible en gras, Quaker",2012-07-30,,,
1336,1336,8,26,"Cereal, ready to eat, Harvest Crunch: Raisins with almonds, low fat, Quaker","Céréale, prête-à-manger, Croque Nature: raisins avec amandes, faible en gras, Quaker",2026-01-28,,,
1337,1337,8,26,"Cereal, ready to eat, Harvest Crunch: Raisins and almonds, Quaker","Céréale, prête-à-manger, Croque Nature: raisins secs et amandes, Quaker",2012-07-30,,,
1338,1338,8,37,"Cereal, ready to eat, Heritage Flakes, Nature's Path","Céréale, prête-à-manger, Heritage Flakes, Nature's Path",2012-07-30,,,
1339,1339,8,37,"Cereal, ready to eat, Heritage O's, Nature's Path","Céréale, prête-à-manger, Heritage O's, Nature's Path",2012-07-30,,,
1344,1344,8,37,"Cereal, ready to eat, Honey Bunches of Oats with almonds, Post","Céréale, prête-à-manger, bouchées d'avoine au miel avec amandes, Post",2012-09-13,,,
1348,1348,8,26,"Cereal, ready to eat, Kashi: puffed, Kashi","Céréale, prête-à-manger, Kashi: soufflée, Kashi",2012-07-30,,,
1350,1350,8,26,"Cereal, ready to eat, Blueberry Muesli with Almonds, Nature's Path","Céréale, prête-à-manger, muesli: bleuets et amandes, Nature's Path",2012-07-30,,,
1353,1353,8,26,"Cereal, ready to eat, Heritage Muesli, Nature's Path","Céréale, prête-à-manger, Muesli: Héritage, Nature's Path",2012-07-30,,,
1360,1360,8,37,"Cereal, ready to eat, Muslix: various flavours, Kellogg's","Céréale, prête-à-manger, muesli: saveurs variées, Kellogg's",2012-07-30,,,
1367,1367,8,37,"Cereal, ready to eat, Oatmeal Crisp. various flavours, (almond, maple nut, raisin, triple berry, vanilla almond), General Mills","Céréale, prête-à-manger, avoine croquante, saveurs variées, (amandes, érable et noix, rasins sec, baies, amandes vanilles), General Mills",2026-01-28,,,
1372,1372,8,37,"Cereal, ready to eat, Raisin Bran, Kellogg's","Céréale, prête-à-manger, Raisin Bran, Kellogg's",2012-11-06,,,
1374,1374,8,26,"Cereal, ready to eat, Raisin Bran: Loads of Raisins, President's Choice","Céréale, prête-à-manger, Plein de raisons secs: son et raisins secs, Choix du Président",2012-11-06,,,
1375,1375,8,26,"Cereal, ready to eat, Flax plus: Raisin Bran, Nature's Path","Céréale, prête-à-manger, Flax plus: son de raisins, Nature's Path",2012-07-30,,,
1378,1378,8,37,"Cereal, ready to eat, Reese Puffs (Peanut butter), General Mills","Céréale, prête-à-manger, Reese Puffs (Beurre d'arachide), General Mills",2014-11-14,,,
1380,1380,8,26,"Cereal, ready to eat, Shredded Spoonfuls, Barbara's Bakery","Céréale, prête-à-manger, bouchées de blé filamenté, Barbara' Bakery",2012-07-30,,,
1381,1381,8,26,"Cereal, ready to eat, Shredded Wheat, Barbara's Bakery","Céréale, prête-à-manger, blé filamenté, Barbara's Bakery",2012-07-30,,,
1382,1382,8,37,"Cereal, ready to eat, Shreddies, honey, Post","Céréale, prête-à-manger, Shreddies, miel, Post",2012-07-30,,,
1383,1383,8,26,"Cereal, ready to eat, Smart Bran Psyllium, Nature's Path","Céréale, prête-à-manger, Smart Bran avec psyllium, Nature's Path",2012-11-06,,,
1386,1386,8,26,"Cereal, ready to eat, Toasted O's, President's Choice","Céréale, prête-à-manger, O's grillés, Choix du Président",2012-07-30,,,
1387,1387,8,26,"Cereal, ready to eat, Toasted Oat O's, President's Choice","Céréale, prête-à-manger, avoine grillée en O, Choix du Président",2012-07-30,,,
1391,1391,8,26,"Cereal, ready to eat, Puffins: original, Barbara's Bakery","Céréale, prête-à-manger, Puffins: original, Barbara's Bakery",2014-06-02,,,
1393,1393,8,26,"Cereal, ready to eat, Millet Rice, Nature's Path","Céréale, prête-à-manger, Millet Rice (riz), Nature's Path",2012-07-30,,,
1397,1397,8,26,"Cereal, hot, cream of wheat, regular, dry","Céréale, chaude, crème de blé, nature, sèche",2026-01-28,,,
1398,1398,8,24,"Cereal, hot, cream of wheat, regular, prepared","Céréale, chaude, crème de blé, nature, préparée",2026-01-28,,,
1399,1399,8,26,"Cereal, hot, cream of wheat, quick, dry","Céréale, chaude, crème de blé, rapide, sèche",2026-01-28,,,
1400,1400,8,24,"Cereal, hot, cream of wheat, quick, prepared","Céréale, chaude, crème de blé, rapide, préparée",2026-01-28,,,
1401,1401,8,26,"Cereal, hot, 9 grain, dry, Rogers","Céréale, chaude, 9 grain, sèche, Rogers",2012-08-01,,,
1402,1402,8,24,"Cereal, hot, 9 grain, prepared, Rogers","Céréale, chaude, 9 grain, préparée, Rogers",2012-07-30,,,
1403,1403,8,26,"Cereal, hot, cream of wheat, instant: original, dry","Céréale, chaude, crème de blé, instantanée: original, sèche",2026-01-28,,,
1404,1404,8,24,"Cereal, hot, cream of wheat, instant: original, prepared","Céréale, chaude, crème de blé, instantanée: original, préparée",2026-01-28,,,
1413,1413,8,26,"Cereal, hot, oats (oatmeal), instant: regular, dry","Céréale, chaude, avoine (gruau), instantanée: nature, sèche",2012-07-30,,,
1414,1414,8,24,"Cereal, hot, oats (oatmeal), instant: regular, prepared","Céréale, chaude, avoine (gruau), instantanée: nature, préparée",2026-01-28,,,
1415,1415,8,26,"Cereal, hot, oats (oatmeal), instant: apple and cinnamon, dry, Quaker","Céréale, chaude, avoine (gruau), instantanée: pommes et cannelle, sèche, Quaker",2012-08-01,,,
1416,1416,8,24,"Cereal, hot, oats (oatmeal), instant: apple & cinnamon, prepared, Quaker","Céréale, chaude, avoine (gruau), instantanée: pommes et cannelle, préparée, Quaker",2026-01-28,,,
1419,1419,8,26,"Cereal, hot, oats (oatmeal), instant: cinnamon and spice, dry, Quaker","Céréale, chaude, avoine (gruau), instantanée: cannelle et épices, sèche, Quaker",2012-08-01,,,
1420,1420,8,24,"Cereal, hot, oats (oatmeal), instant: cinnamon and spice, prepared, Quaker","Céréale, chaude, avoine (gruau), instantanée: cannelle et épices, préparée, Quaker",2026-01-28,,,
1421,1421,8,26,"Cereal, hot, oats (oatmeal), instant: maple and brown sugar, dry, Quaker","Céréale, chaude, avoine (gruau), instantanée: érable et cassonade, sèche, Quaker",2012-08-01,,,
1422,1422,8,24,"Cereal, hot, oats (oatmeal), instant: maple and brown sugar, prepared, Quaker","Céréale, chaude, avoine (gruau), instantanée: érable et cassonade, préparée, Quaker",2026-01-28,,,
1423,1423,8,26,"Cereal, hot, oats (oatmeal), instant: raisins and spice, dry, Quaker","Céréale, chaude, avoine (gruau), instantanée: raisins et épices, sèche, Quaker",2012-08-01,,,
1424,1424,8,24,"Cereal, hot, oats (oatmeal), instant: raisins and spice, prepared, Quaker","Céréale, chaude, avoine (gruau), instantanée: raisins secs et épices, préparée, Quaker",2026-01-28,,,
1431,1431,8,26,"Cereal, hot, oats (oatmeal), porridge, (with added oat bran, wheat bran, and flax seed), dry, Rogers","Céréale, chaude, avoine (gruau), son de blé, son d'avoine, et graines de lin ajoutés, sèche, Rogers",2012-08-01,,,
1432,1432,8,24,"Cereal, hot, oats (oatmeal), porridge (with added oat bran, wheat bran and flax seed), prepared, Rogers","Céréale, chaude, avoine (gruau), son de blé, son d'avoine et graines de lin ajoutés, préparée, Rogers",2026-02-11,,,
1435,1435,8,26,"Cereal, hot, oats (oatmeal), instant: peaches 'n cream, dry, Quaker","Céréale, chaude, avoine (gruau), instantanée: pêches et crème, sèche, Quaker",2012-08-01,,,
1436,1436,8,24,"Cereal, hot, oats (oatmeal), instant: peaches 'n cream, prepared, Quaker","Céréale, chaude, avoine (gruau), instantanée: pêches et crème, préparée, Quaker",2026-01-28,,,
1437,1437,8,26,"Cereal, hot, oats (oatmeal), one minute, dry, Quaker","Céréale, chaude, avoine (gruau), une minute, sèche, Quaker",2012-08-01,,,
1438,1438,8,24,"Cereal, hot, oats (oatmeal), one minute, prepared, Quaker","Céréale, chaude, avoine (gruau), une minute, préparée, Quaker",2026-01-28,,,
1439,1439,8,26,"Cereal, hot, oats (oatmeal), quick, dry, Quaker","Céréale, chaude, avoine (gruau), rapide, sèche, Quaker",2012-08-01,,,
1440,1440,8,24,"Cereal, hot, oats (oatmeal), quick, prepared, Quaker","Céréale, chaude, avoine (gruau), rapide, préparée, Quaker",2026-01-28,,,
1443,1443,8,26,"Cereal, hot, oats (oatmeal), minute, dry, Robin Hood","Céréale, chaude, avoine (gruau), minute, sèche, Robin Hood",2012-08-01,,,
1444,1444,8,24,"Cereal, hot, oats (oatmeal), minute, prepared, Robin Hood","Céréale, chaude, avoine (gruau), minute, préparée, Robin Hood",2026-01-28,,,
1462,1462,8,26,"Cereal, hot, oats (oatmeal), large flakes, dry, Rogers","Céréale, chaude, avoine (gruau), gros flocons, sèche, Rogers",2012-08-01,,,
1463,1463,8,24,"Cereal, hot, oats (oatmeal), large flakes, prepared, Rogers","Céréale, chaude, avoine (gruau), gros flocons, préparée, Rogers",2012-07-30,,,
1464,1464,8,26,"Cereal, hot, oats (oatmeal), large flakes, dry, Quaker","Céréale, chaude, avoine (gruau), gros flocons, sèche, Quaker",2012-08-01,,,
1465,1465,8,24,"Cereal, hot, oats (oatmeal), large flakes, prepared, Quaker","Céréale, chaude, avoine (gruau), gros flocons, préparée, Quaker",2026-01-28,,,
1466,1466,8,26,"Cereal, hot, cream of wheat, instant: maple and brown sugar, dry","Céréale, chaude, crème de blé, instantanée: cassonade et érable, sèche",2012-08-01,,,
1467,1467,8,24,"Cereal, hot, cream of wheat, instant: maple and brown sugar, prepared","Céréale, chaude, crème de blé, instantanée: cassonade et érable, préparée",2026-01-28,,,
1470,1470,8,26,"Cereal, hot, cream of wheat, instant: apple and cinnamon, dry","Céréale, chaude, crème de blé, instantanée: pomme et cannelle, sèche",2012-08-01,,,
1471,1471,8,24,"Cereal, hot, cream of wheat, instant: apple and cinnamon, prepared","Céréale, chaude, crème de blé, instantanée: pomme et cannelle, préparée",2026-01-28,,,
1472,1472,8,37,"Cereal, ready to eat, All Bran Original, Kellogg's","Céréale, prête-à-manger, All Bran Original, Kellogg's",2012-11-06,,,
1473,1473,8,37,"Cereal, ready to eat, All Bran Buds, Kellogg's","Céréale, prête-à-manger, All Bran Buds, Kellogg's",2012-11-06,,,
1474,1474,8,37,"Cereal, ready to eat, Cap'n Crunch, Quaker","Céréale, prête-à-manger, Capitaine Crounche, Quaker",2012-07-31,,,
1475,1475,8,37,"Cereal, ready to eat, Cheerios, General Mills","Céréale, prête-à-manger, Cheerios, General Mills",2012-07-30,,,
1477,1477,8,37,"Cereal, ready to eat, Corn Bran Squares, Quaker","Céréale, prête-à-manger, son de maïs carrées, Quaker",2014-11-06,,,
1478,1478,8,37,"Cereal, ready to eat, Frosted Mini-Wheats (original, maple, brown sugar, strawberry), Kellogg's","Céréale, prête-à-manger, Mini-Wheats givrées (original, érable, cassonnade, fraise), Kellogg's",2026-01-28,,,
1479,1479,8,26,"Cereal, ready to eat, Raisin Bran, Post","Céréale, prête-à-manger, Raisin Bran, Post",2026-01-28,,,
1484,1484,9,0,"Acerola (West Indian cherry), raw","Azerole, crue",2026-01-28,,9001.0,Malpighia punicifolia
1485,1485,9,0,"Acerola (West Indian cherry), juice, raw","Azerole, jus, frais",2026-01-28,,9002.0,
1486,1486,9,0,"Apple, raw, without skin, sliced, cooked, microwaved","Pomme, crue, sans pelure, tranchée, cuite au four à micro-ondes",2012-07-10,,9006.0,
1487,1487,9,0,"Apple, canned, sweetened, sliced, heated","Pomme, conserve, sucrée, tranchée, chauffée",2026-01-28,,9008.0,
1488,1488,9,0,"Apple, dehydrated (low moisture), sulphured, uncooked","Pomme, déshydratée (faible humidité), sulfurée, non cuite",2012-07-10,,9009.0,
1489,1489,9,0,"Apple, dehydrated (low moisture), sulphured, cooked","Pomme, déshydratée (faible humidité), sulfurée, cuite",2012-07-10,,9010.0,
1490,1490,9,0,"Apple, dried, sulphured, uncooked","Pomme, séchée, sulfurée, non cuite",2012-07-10,,9011.0,
1491,1491,9,0,"Apple, dried, sulphured, stewed, no added sugar","Pomme, séchée, sulfurée, mijotée, sans sucre ajouté",2026-01-28,,9012.0,
1492,1492,9,0,"Apple, dried, sulphured, stewed, added sugar","Pomme, séchée, sulfurée, mijotée, sucrée",2026-01-28,,9013.0,
1493,1493,9,0,"Apple, frozen, sliced, unsweetened, unheated","Pomme, congelée, tranchée, non sucrée, non chauffée",2026-01-28,,9014.0,
1494,1494,9,0,"Apple, frozen, sliced, unsweetened, heated","Pomme, congelée, tranchée, non sucrée, chauffée",2026-01-28,,9015.0,
1495,1495,9,0,"Apple juice, canned or bottled, without added vitamin C","Pomme, jus, conserve ou bouteille, sans vitamine C ajoutée",2012-07-10,,9016.0,
1496,1496,9,0,"Apple juice, frozen concentrate, undiluted, without vitamin C","Pomme, jus, concentré, congélé, non dilué, sans vitamine C",2012-07-10,,9017.0,
1497,1497,9,0,"Apple juice, frozen concentrate, diluted, without added vitamin C","Pomme, jus, concentré, congélé, dilué, sans vitamine c ajouté",2012-07-10,,9018.0,
1498,1498,9,0,"Apricot, raw","Abricot, cru",2026-01-28,,9021.0,Prunus armeniaca
1499,1499,9,0,"Apricot, canned halves with skin, water pack, solids and liquid","Abricot, moitié avec pelure, conserve, dans l'eau, solides et liquide",2026-01-28,,9022.0,
1500,1500,9,0,"Apricot, canned, whole, peeled, water pack, solids and liquid","Abricot, entier, pelé, conserve, dans l'eau, solides et liquide",2026-01-28,,9023.0,
1501,1501,9,0,"Apricot, canned halves with skin, juice pack, solids and liquid","Abricot, moitié avec pelure, conserve, dans du jus, solides et liquide",2026-01-28,,9024.0,
1502,1502,9,0,"Apricot, canned halves with skin, extra light syrup, solids and liquid","Abricot, moitié avec pelure, conserve, dans du sirop extra léger, solides et liquide",2026-01-28,,9025.0,
1503,1503,9,0,"Apricot, canned halves with skin, light syrup pack, solids and liquid","Abricot, moitié avec pelure, conserve, dans du sirop léger, solides et liquide",2026-01-28,,9026.0,
1504,1504,9,0,"Apricot, canned halves with skin, heavy syrup pack, solids and liquid","Abricot, moitié avec pelure, conserve, dans du sirop épais, solides et liquide",2026-01-28,,9027.0,
1505,1505,9,0,"Apricot, canned, whole, peeled, heavy syrup pack, solids and liquid","Abricot, entier pelé, conserve, dans du sirop épais, solides et liquide",2026-01-28,,9028.0,
1506,1506,9,0,"Apricot, canned, whole, peeled, extra heavy syrup pack, solids and liquid","Abricot, entier, pelé, conserve, dans du sirop extra épais, solides et liquide",2026-01-28,,9029.0,
1507,1507,9,0,"Apricot, dried, sulphured, uncooked","Abricot, séché, sulfuré, non cuit",2026-01-28,,9032.0,
1508,1508,9,0,"Apricot, dried, sulphured, cooked, no added sugar","Abricot, séché, sulfuré, cuit, sans sucre ajouté",2026-01-28,,9033.0,
1509,1509,9,0,"Apricot, dried, sulphured, cooked, added sugar","Abricot, séché, sulfuré, cuit, sucre ajouté",2026-01-28,,9034.0,
1510,1510,9,0,"Apricot, frozen, sweetened","Abricot, congélé, sucré",2026-01-28,,9035.0,
1511,1511,9,0,"Avocado, raw, all commercial varieties","Avocat, cru, toutes variétés commerciales",2012-07-10,,9037.0,Persea americana
1512,1512,9,0,"Avocado, raw, california","Avocat, cru, californie",2012-07-10,,9038.0,Persea americana
1513,1513,9,0,"Avocado, raw, florida","Avocat, cru, Floride",2012-07-10,,9039.0,Persea americana
1514,1514,9,0,"Banana, dehydrated or banana powder","Banane, déshydratée ou en poudre",2012-08-27,,9041.0,
1515,1515,9,0,"Blackberry, raw","Mûre, crue",2012-07-10,,9042.0,Rubus spp
1516,1516,9,0,"Blackberry, canned, heavy syrup pack, solids and liquid","Mûre, conserve, sirop épais, solides et liquide",2012-07-10,,9046.0,
1517,1517,9,0,"Blackberry, frozen, unsweetened","Mûre, congélée, non sucrée",2026-01-28,,9048.0,
1518,1518,9,0,"Blueberry, canned, heavy syrup pack, solids and liquid","Bleuet, conserve, sirop épais, solides et liquide",2012-07-10,,9052.0,
1519,1519,9,0,"Blueberry, frozen, sweetened","Bleuet, congélé, sucré",2026-01-28,,9055.0,
1520,1520,9,0,"Boysenberry, canned, heavy syrup pack, solids and liquid","Mûre de boysen, conserve, sirop épais, solides et liquide",2012-07-10,,9056.0,Rubus ursinus var. loganobaccus
1521,1521,9,0,"Boysenberry, frozen, unsweetened","Mûre de boysen, congélée, non sucrée",2026-01-28,,9057.0,
1522,1522,9,0,"Breadfruit, raw","Fruit à pain, cru",2012-07-11,,9059.0,Artocarpus altilis
1523,1523,9,0,"Carambola (star fruit), raw","Carambole (fruit étoile), cru",2012-07-10,,9060.0,Averrhoa carambola
1524,1524,9,0,"Carissa (natalplum), raw","Carissa, cru",2012-07-10,,9061.0,Carissa macrocarpa
1525,1525,9,0,"Cherimoya, raw","Chérimole, crue",2026-01-28,,9062.0,Annona cherimola
1526,1526,9,0,"Cherry, sour, red, raw","Cerise sure, rouge, crue",2012-07-10,,9063.0,Prunus cerasus
1527,1527,9,0,"Cherry, sour, red, canned, water pack, solids and liquid","Cerise sure, rouge, conserve, dans l'eau, solides et liquide",2026-01-28,,9064.0,
1528,1528,9,0,"Cherry, sour, red, canned, heavy syrup pack, solids and liquid","Cerise sure, rouge, conserve, dans du sirop épais, solides et liquide",2012-07-10,,9066.0,
1529,1529,9,0,"Cherry, sour, red, canned, extra heavy syrup pack, solids and liquid","Cerise sure, rouge, conserve, dans du sirop extra épais, solides et liquide",2012-07-10,,9067.0,
1530,1530,9,0,"Cherry sour, red, frozen, unsweetened","Cerise sure, rouge, congélée, non sucrée",2026-01-28,,9068.0,
1531,1531,9,0,"Cherry, sweet, raw","Cerise sucrée (guigne), crue",2012-07-10,,9070.0,Prunus avium
1532,1532,9,0,"Cherry, sweet, canned, water pack, solids and liquid","Cerise sucrée (guigne), conserve, dans l'eau, solides et liquide",2012-07-10,,9071.0,
1533,1533,9,0,"Cherry, sweet, canned, juice pack, solids and liquid","Cerise sucrée (guigne), conserve, conservé dans jus, solides et liquide",2012-07-10,,9072.0,
1534,1534,9,0,"Cherry, sweet, canned, heavy syrup pack","Cerise sucrée (guigne), conserve, dans du sirop épais",2012-07-10,,9074.0,
1535,1535,9,0,"Cherry, sweet, canned, extra heavy syrup pack, solids and liquid","Cerise sucrée (guigne), conserve, dans du sirop extra épais, solides et liquide",2017-05-02,,9075.0,
1536,1536,9,0,"Cherry, sweet, frozen, sweetened","Cerise sucrée (guigne), congélée, sucrée",2026-01-28,,9076.0,
1537,1537,9,0,"Crabapple, raw","Pommette, crue",2012-07-10,,9077.0,Malus spp.
1538,1538,9,0,"Cranberry, raw","Canneberge, crue",2012-07-10,,9078.0,Vaccinium macrocarpon
1539,1539,9,0,"Sauce, cranberry, canned, sweetened","Sauce, canneberges, conserve, sucrée",2026-01-28,,9081.0,
1540,1540,9,0,"Cranberry orange relish, canned","Canneberge et orange, relish, conserve",2012-08-27,,9082.0,
1541,1541,9,0,"Currant, european black, raw","Cassis, noir européen, cru",2026-01-28,,9083.0,Ribes nigrum
1542,1542,9,0,"Currant, zante, dried","Raisins de corinthe (zante), secs",2026-01-28,,9085.0,Vitis vinifera
1543,1543,9,0,"Custard-apple, raw","Anone reticulée, anone coeur de boeuf, crue",2026-01-28,,9086.0,Annona reticulata
1544,1544,9,0,"Elderberry, raw","Sureau, baie, crue",2012-07-10,,9088.0,Sambucus spp
1545,1545,9,0,"Fig, canned, water pack, solids and liquid","Figue, conserve, dans l'eau, solides et liquide",2012-07-10,,9090.0,
1546,1546,9,0,"Fig, canned, light syrup pack, solids and liquid","Figue, conserve, dans du sirop léger, solides et liquide",2012-07-10,,9091.0,
1547,1547,9,0,"Fig, canned, heavy syrup pack, solids and liquid","Figue, conserve, dans du sirop épais, solides et liquide",2012-07-10,,9092.0,
1548,1548,9,0,"Fig, canned, extra heavy syrup pack, solids and liquid","Figue, conserve, dans du sirop extra épais, solides et liquide",2012-07-10,,9093.0,
1549,1549,9,0,"Fig, dried, uncooked","Figue, séchée, non cuite",2012-07-10,,9094.0,
1550,1550,9,0,"Fig, dried, cooked","Figue, séchée, cuite",2012-07-10,,9095.0,
1551,1551,9,0,"Fruit cocktail (peach, pear, apricot, pineapple, cherry, grape), canned, water pack, solids and liquid","Fruits, cocktail (pêches, poires, abricots, ananas, cerises, raisins), conserve, dans l'eau, solides et liquide",2012-07-10,,9096.0,
1552,1552,9,0,"Fruit cocktail (peach, pear, apricot, pineapple, cherry, grape), canned, juice pack, solids and liquid","Fruits, cocktail (pêches, poires, abricots, ananas, cerises, raisins), conserve, dans du jus, solides et liquide",2012-07-10,,9097.0,
1553,1553,9,0,"Fruit cocktail (peach, pear, apricot, pineapple, cherry, grape), canned, extra light syrup pack, solids and liquid","Fruits, cocktail (pêches, poires, abricots, ananas, cerises, raisins), conserve, dans du sirop extra léger, solides et liquide",2012-07-10,,9098.0,
1554,1554,9,0,"Fruit cocktail (peach, pear, apricot, pineapple, cherry, grape), canned, light syrup pack, solids and liquid","Fruits, cocktail (pêches, poires, abricots, ananas, cerises, raisins), conserve, dans du sirop léger, solides et liquide",2012-07-10,,9099.0,
1555,1555,9,0,"Fruit cocktail (peach, pear, apricot, pineapple, cherry, grape), canned, heavy syrup pack, solids and liquid","Fruits, cocktail (pêches, poires, abricots, ananas, cerises, raisins), conserve, dans du sirop épais, solides et liquide",2012-07-10,,9100.0,
1556,1556,9,0,"Fruit cocktail (peach, pear, apricot, pineapple, cherry, grape), canned, extra heavy syrup, solids and liquid","Fruits, cocktail (pêches, poires, abricots, ananas, cerises, raisins), conserve, dans du sirop extra épais, solides et liquide",2012-07-10,,9101.0,
1557,1557,9,0,"Fruit salad (peach, pear, apricot, pineapple, cherry), canned, water pack, solids and liquid","Fruits, salade (pêches, poires, abricots, ananas, cerises), conserve, dans l'eau, solides et liquide",2012-07-10,,9102.0,
1558,1558,9,0,"Fruit salad (peach, pear, apricot, pineapple, cherry), canned, heavy syrup pack, solids and liquid","Fruits, salade (pêches, poires, abricots, ananas, cerises), conserve, dans du sirop épais, solides et liquide",2012-07-10,,9105.0,
1559,1559,9,0,"Fruit salad (peach, pear, apricot, pineapple, cherry), canned, extra heavy syrup pack, solids and liquid","Fruits, salade (pêches, poires, abricots, ananas, cerises), conserve, dans du sirop extra épais, solides et liquide",2012-07-10,,9106.0,
1560,1560,9,0,Gooseberry raw,"Groseille à maquereau, crue",2012-07-10,,9107.0,Ribes spp.
1561,1561,9,0,"Gooseberry, canned, light syrup pack, solids and liquid","Groseille à maquereau, conserve, dans du sirop léger, solides et liquide",2012-07-10,,9109.0,
1562,1562,9,0,"Grapefruit, pink or red, all areas, raw","Pamplemousse, rose ou rouge, toutes régions, cru",2012-07-10,,9112.0,Citrus paradisi
1563,1563,9,0,"Grapefruit, pink or red, california or arizona, raw","Pamplemousse rose ou rouge, californie ou arizona, cru",2012-07-10,,9113.0,Citrus paradisi
1564,1564,9,0,"Grapefruit, pink or red, florida, raw","Pamplemousse, rose ou rouge, floride, cru",2012-07-10,,9114.0,Citrus paradisi
1565,1565,9,0,"Grapefruit, white, california, raw","Pamplemousse, blanc, californie, cru",2012-07-10,,9117.0,Citrus paradisi
1566,1566,9,0,"Grapefruit, white, florida, raw","Pamplemousse, blanc, floride, cru",2012-07-10,,9118.0,Citrus paradisi
1567,1567,9,0,"Grapefruit, canned, water pack, solids and liquid","Pamplemousse, conserve, dans l'eau, solides et liquide",2026-01-28,,9119.0,
1568,1568,9,0,"Grapefruit, canned, juice pack, solids and liquid","Pamplemousse, conserve, conservé dans jus, solides et liquide",2012-07-10,,9120.0,
1569,1569,9,0,"Grapefruit, canned, light syrup pack, solids and liquid","Pamplemousse, conserve, dans du sirop léger, solides et liquide",2012-07-10,,9121.0,
1570,1570,9,0,"Grapefruit juice, canned, sweetened","Pamplemousse, jus, conserve, sucré",2026-01-28,,9124.0,
1571,1571,9,0,"Grapefruit juice, frozen concentrate, undiluted","Pamplemousse, jus, concentré, congelé, non dilué",2012-07-10,,9125.0,
1572,1572,9,0,"Grapefruit juice, white, raw","Pamplemousse blanc, jus, frais",2015-01-20,,9128.0,
1573,1573,9,0,"Grape, North American type (slip skin), raw","Raisin, type Nord-Américain, peau non-adhérente, cru",2012-07-10,,9131.0,Vitis spp.
1574,1574,9,0,"Grape, thompson seedless, canned, water pack, solids and liquid","Raisin, thompson, sans pépins, conserve, dans l'eau, solides et liquide",2012-07-10,,9133.0,
1575,1575,9,0,"Grape, thompson seedless, canned, heavy syrup pack, solids and liquid","Raisin, thompson sans pépins, conserve, sirop épais, solides et liquide",2012-07-10,,9134.0,
1576,1576,9,0,"Grape juice, canned or bottled, without added vitamin C","Raisin, jus, conserve ou bouteille, sans vitamine C ajoutée",2012-07-10,,9135.0,
1577,1577,9,0,"Groundcherry, raw","Cerise de terre, crue",2012-07-10,,9138.0,Physalis spp
1578,1578,9,0,"Guava, common, raw","Goyave, ordinaire, crue",2026-01-28,,9139.0,Psidium guajava
1579,1579,9,0,"Guava, strawberry, raw","Goyave, fraise, crue",2012-07-10,,9140.0,Psidium cattleianum
1580,1580,9,0,"Guava sauce, cooked","Goyave, sauce aux, cuite",2012-07-10,,9143.0,
1581,1581,9,0,"Jackfruit, raw","Jaquier, cru",2026-01-28,,9144.0,Artocarpus heterophyllus
1582,1582,9,0,"Java-plum, raw","Prune de java, crue",2012-07-10,,9145.0,Syzygium cumini
1583,1583,9,0,"Jujube (chinese date), raw","Jujube (datte chinoise), cru",2026-01-28,,9146.0,Ziziphus jujuba
1584,1584,9,0,"Jujube (chinese date), dried","Jujube (datte chinoise), sec",2026-01-28,,9147.0,
1585,1585,9,0,"Kiwi fruit, raw","Kiwi, cru",2013-02-13,,9148.0,Actinidia deliciosa
1586,1586,9,0,"Kumquat, raw","Kumquat, cru",2026-01-28,,9149.0,Fortunella spp
1587,1587,9,0,"Lemon, raw, without peel","Citron, cru, sans pelure",2012-07-10,,9150.0,Citrus limon
1589,1589,9,0,"Lemon juice, raw","Citron, jus, frais",2026-01-28,,9152.0,
1590,1590,9,0,"Lemon juice, canned or bottled","Citron, jus, conserve ou bouteille",2012-06-21,,9153.0,
1591,1591,9,0,"Lemon juice, frozen","Citron, jus, congelé",2012-06-21,,9154.0,
1592,1592,9,0,"Lemon peel, raw","Citron, zeste, cru",2012-07-02,,9156.0,
1593,1593,9,0,"Lime, raw","Lime, crue",2026-01-28,,9159.0,Citrus aurantifollia
1594,1594,9,0,"Lime juice, raw","Lime, jus, frais",2026-01-28,,9160.0,
1595,1595,9,0,"Lime juice, canned or bottled","Lime, jus, conserve ou bouteille",2026-01-28,,9161.0,
1596,1596,9,0,"Lychee (litchi), raw","Litchi, cru",2026-01-28,,9164.0,Litchi chinensis
1597,1597,9,0,"Lychee, dried","Litchi, séché",2026-01-28,,9165.0,
1598,1598,9,0,"Loganberry, frozen","Mûre de logan, congelée",2012-07-10,,9167.0,Rubus ursinus bar. loganobaccus
1599,1599,9,0,"Longan, raw","Longan, cru",2026-01-28,,9172.0,Dimocarpus longan
1600,1600,9,0,"Longan, dried","Longan, séché",2026-01-28,,9173.0,
1601,1601,9,0,"Loquat, raw","Nèfle du japon, cru",2012-07-10,,9174.0,Eriobotrya japonica
1602,1602,9,0,"Mammy-apple, raw","Abricots de St-Dominique (des Antilles), crus",2026-01-28,,9175.0,Mammea americana
1603,1603,9,0,"Mango, raw","Mangue, crue",2012-07-10,,9176.0,Mangifera indica
1604,1604,9,0,"Melon, casaba, raw","Melon, casaba, cru",2026-01-28,,9183.0,Cucumis melo
1605,1605,9,0,"Melon, honeydew, raw","Melon, miel (honeydew), cru",2012-07-10,,9184.0,Cucumis melo
1606,1606,9,0,"Melon balls, frozen (cantaloupe and honeydew)","Melon, en boules, congelé (cantaloup et melon miel)",2012-07-10,,9185.0,
1610,1610,9,0,"Mulberry, raw","Mûres blanche, crue",2012-07-10,,9190.0,Morus nigra
1611,1611,9,0,"Nectarine, raw","Nectarine, crue",2012-07-10,,9191.0,Prunus persica var. nectarina
1612,1612,9,0,"Oheloberry, raw","Oheloberry, cru",2012-07-10,,9192.0,Vaccinium reticulatum
1613,1613,9,0,"Olive, ripe, canned, small to extra large","Olive, mûre, conserve, petite à extra large",2026-01-27,,9193.0,Olea europaea
1614,1614,9,0,"Olive, ripe, canned, jumbo to super colossal","Olive, mûre, conserve, jumbo à super colossale",2012-07-03,,9194.0,
1615,1615,9,0,"Orange, california, valencia, raw","Orange, californie, valence, crue",2012-07-10,,9201.0,Citrus sinensis
1616,1616,9,0,"Orange, california, navel, raw","Orange, californie, navel, crue",2012-07-10,,9202.0,Citrus sinensis
1617,1617,9,0,"Orange, florida, raw","Orange, floride, crue",2012-07-10,,9203.0,Citrus sinensis
1618,1618,9,0,"Orange, with peel, raw","Orange, avec pelure, crue",2012-07-10,,9205.0,Citrus sinensis
1619,1619,9,0,"Orange juice, raw","Orange, jus, frais",2012-07-10,,9206.0,
1620,1620,9,0,"Orange juice, chilled, includes from concentrate","Orange, jus, réfrigéré, pouvant provenir de concentré",2026-01-28,,9209.0,
1621,1621,9,0,"Orange peel, raw","Orange, zeste, cru",2012-07-02,,9216.0,
1622,1622,9,0,"Orange grapefruit juice, canned","Orange et pamplemousse, jus, conserve",2012-07-10,,9217.0,
1623,1623,9,0,"Tangerine (mandarin), raw","Tangerine (mandarine), crue",2012-07-10,,9218.0,Citrus reticulata
1624,1624,9,0,"Tangerine (mandarin) juice, raw","Tangerine (mandarine), jus, frais",2012-07-10,,9221.0,
1625,1625,9,0,"Tangerine (mandarin) juice, canned, sugar added","Tangerine (mandarine), jus, conserve, sucre ajouté",2026-01-28,,9223.0,
1628,1628,9,0,"Papaya, raw","Papaye, crue",2012-07-10,,9226.0,Carica papaya
1629,1629,9,0,"Papaya nectar, canned","Papaye, nectar, conserve",2012-07-10,,9229.0,
1630,1630,9,0,"Passion fruit, purple, raw","Grenadille (fruit de la passion), crue",2012-07-11,,9231.0,Passiflora edulis
1631,1631,9,0,"Passion fruit juice, purple, raw","Grenadille (fruit de la passion). jus, frais",2012-07-10,,9232.0,
1632,1632,9,0,"Passion fruit juice, yellow, raw","Grenadille (passiflora laurifolia), jaune, jus, frais",2012-07-10,,9233.0,Passiflora laurifolia
1633,1633,9,0,"Peach, canned halves or slices, juice pack, solids and liquid","Pêche, moitié ou tranchées, conserve, dans du jus, solides et liquide",2012-07-10,,9238.0,
1634,1634,9,0,"Peach, canned halves or slices, extra light syrup pack, solids and liquid","Pêche, moitié ou tranchées, conserve, dans du sirop extra léger, solides et liquide",2012-07-10,,9239.0,
1635,1635,9,0,"Peach, canned halves or slices, heavy syrup pack, solids and liquid","Pêche, moitié ou tranchées, conserve, dans du sirop épais, solides et liquide",2012-07-10,,9241.0,
1636,1636,9,0,"Peach, canned halves or slices, extra heavy syrup pack, solids and liquid","Pêche, moitié ou tranchées, conserve, dans du sirop extra épais, solides et liquide",2012-07-10,,9242.0,
1637,1637,9,0,"Peach, spiced, canned whole, heavy syrup pack, solids and liquid","Pêche, épicée, entière, conserve, dans du sirop épais, solides et liquide",2012-07-10,,9243.0,
1638,1638,9,0,"Peach, dehydrated (low moisture), sulphured, uncooked","Pêche, déshydratée (faible en humidité), sulfurée, non cuite",2012-07-10,,9244.0,
1639,1639,9,0,"Peach, dehydrated (low moisture), sulphured, cooked","Pêche, déshydratée (faible en humidité), sulfurée, cuite",2012-07-10,,9245.0,
1640,1640,9,0,"Peach, dried halves, sulphured, uncooked","Pêche, moitié, séchée, sulfurée, non cuite",2012-07-10,,9246.0,
1641,1641,9,0,"Peach, dried halves, sulphured, cooked, no added sugar","Pêche, moitié, séchée, sulfurée, cuite, sans sucre ajouté",2026-01-28,,9247.0,
1642,1642,9,0,"Peach, dried halves, sulphured, cooked, added sugar","Pêche, moitié, séchée, sulfurée, cuite, sucre ajouté",2026-01-28,,9248.0,
1643,1643,9,0,"Peach, frozen sliced, sweetened","Pêche, congelée, tranchée, sucrée",2026-01-28,,9250.0,
1644,1644,9,1,"Peach nectar, canned","Pêche, nectar, conserve",2012-07-10,,9251.0,
1645,1645,9,0,"Pear, canned halves, juice pack, solids and liquid","Poire, moitié, conserve, dans du jus, solides et liquide",2012-07-10,,9254.0,
1646,1646,9,0,"Pear, canned, halves, extra light syrup pack, solids and liquid","Poire, moitié, conserve, dans du sirop extra léger, solides et liquide",2012-07-10,,9255.0,
1647,1647,9,0,"Pear, canned halves, heavy syrup pack, solids and liquid","Poire, moitié, conserve, dans du sirop épais, solides et liquide",2012-07-10,,9257.0,
1648,1648,9,0,"Pear, canned halves, extra heavy syrup pack, solids and liquid","Poire, moitié, conserve, dans du sirop extra épais, solides et liquide",2012-07-10,,9258.0,
1649,1649,9,0,"Pear, dried halves, sulphured, uncooked","Poire, moitié, séchée, sulfurée, non cuite",2012-07-10,,9259.0,
1650,1650,9,0,"Pear, dried halves, sulphured, cooked, no added sugar","Poire, moitié, séchée, sulfurée, cuite, sans sucre ajouté",2026-01-28,,9260.0,
1651,1651,9,0,"Pear, dried halves, sulphured, cooked, added sugar","Poire, moitié, séchée, sulfurée, cuite, sucre ajouté",2026-01-28,,9261.0,
1652,1652,9,0,"Pear nectar, canned","Poire, nectar, conserve",2012-07-10,,9262.0,
1653,1653,9,0,"Persimmon, japanese, raw","Kaki (diospyros kaki), cru",2026-01-28,,9263.0,Diospyros kaki
1654,1654,9,0,"Persimmon, japanese, dried","Kaki, séché",2026-01-28,,9264.0,
1655,1655,9,28,"Persimmon, Indigenous, raw","Kaki, plaquemine (diospyros virginiana), autochtone, crue",2026-01-28,,9265.0,Diospyros virginiana
1656,1656,9,0,"Pineapple, frozen chunks, sweetened","Ananas, en morceaux, congelés, sucrés",2026-01-28,,9272.0,
1657,1657,9,0,"Pineapple juice, canned, added vitamin C","Ananas, jus, conserve, vitamine C ajoutée",2012-07-10,,9409.0,
1658,1658,9,0,"Pineapple juice, frozen concentrate, unsweetened, undiluted","Ananas, jus, concentré, congelé, non sucré, non dilué",2026-01-28,,9274.0,
1659,1659,9,0,"Pineapple juice, frozen concentrate, diluted","Ananas, jus, concentré, congelé, dilué",2012-07-10,,9275.0,
1660,1660,9,0,"Pitanga, raw","Pitanga, (cerise de surinam), crue",2026-01-28,,9276.0,Eugenia uniflora
1661,1661,9,0,"Plantain, yellow raw","Plantain, (banane des antilles), jaune, cru",2026-01-28,,9277.0,Musa X paradisiaca
1662,1662,9,0,"Plantain, yellow cooked","Plantain, (banane des antilles), jaune, cuit",2026-01-28,,9278.0,
1663,1663,9,0,"Plum, canned, purple, water pack, solids and liquid","Prune, pourpre, conserve, dans l'eau, solides et liquide",2012-07-10,,9281.0,
1664,1664,9,0,"Plum, canned, purple, juice pack, solids and liquid","Prune, pourpre, conserve, dans du jus, solides et liquide",2012-07-10,,9282.0,
1665,1665,9,0,"Plum, canned, purple, heavy syrup pack, solids and liquid","Prune, pourpre, conserve, dans du sirop épais, solides et liquide",2012-07-10,,9284.0,
1666,1666,9,0,"Plum, canned, purple, extra heavy syrup pack, solids and liquid","Prune, pourpre, conserve, dans du sirop très épais, solides et liquide",2012-07-10,,9285.0,
1667,1667,9,0,"Pomegranate, raw","Grenade, crue",2026-01-28,,9286.0,Punica granatum
1668,1668,9,0,"Prickly pear, raw","Figue de Barbarie, crue",2026-01-28,,9287.0,Opuntia spp.
1669,1669,9,0,"Prune, canned, heavy syrup pack, solids and liquid","Pruneau, conserve, dans du sirop épais, solides et liquide",2012-07-10,,9288.0,Prunus domestica
1670,1670,9,0,"Prune, dehydrated (low moisture), uncooked","Pruneau, déshydraté (faible en humidité), non cuit",2012-07-10,,9289.0,
1671,1671,9,0,"Prune, dehydrated (low moisture), cooked","Pruneau, déshydraté (faible en humidité), cuit",2012-07-10,,9290.0,
1672,1672,9,0,"Prune, dried, cooked, added sugar","Pruneau, séché, cuit, sucre ajouté",2026-01-28,,9293.0,
1673,1673,9,0,"Prune juice, canned","Pruneau, jus, conserve",2012-07-10,,9294.0,
1674,1674,9,0,"Pummelo, raw","Pomélo, cru",2026-01-28,,9295.0,Citrus grandis
1675,1675,9,0,"Quince, raw","Coing, cru",2012-07-10,,9296.0,Cydonia oblonga
1676,1676,9,0,"Raspberry, canned, heavy syrup pack, solids and liquid","Framboise, conserve, dans du sirop épais, solides et liquide",2012-07-10,,9304.0,
1677,1677,9,0,"Raspberry, frozen, sweetened","Framboise, congelée, sucrée",2026-01-28,,9306.0,
1678,1678,9,0,"Rhubarb, frozen, uncooked","Rhubarbe, congelée, non cuite",2012-07-10,,9309.0,
1679,1679,9,0,"Rhubarb, frozen, cooked, added sugar","Rhubarbe, congelée, cuite, sucre ajouté",2026-01-28,,9310.0,
1680,1680,9,0,"Roselle, raw","Roselle, cru",2012-07-10,,9311.0,Hibiscus sabdariffa
1681,1681,9,0,"Rose-apple, raw","Jambose (pommes de rose), crue",2012-08-27,,9312.0,Syzygium jambos
1682,1682,9,0,"Sapodilla, raw","Sapotille, crue",2026-01-28,,9313.0,Manilkara zapota
1683,1683,9,0,"Sapote, mamey, raw","Sapote, mamey, cru",2026-01-28,,9314.0,Pouteria sapota
1684,1684,9,0,"Soursop, raw","Cachiman épineux, (corrossol épineux), cru",2026-01-28,,9315.0,Annona muricata
1685,1685,9,0,"Strawberry, canned, heavy syrup pack, solids and liquid","Fraise, conserve, dans du sirop épais, solides et liquide",2012-07-10,,9317.0,
1686,1686,9,0,"Strawberry, frozen, sweetened, whole","Fraise, congelée, sucrée, entière",2026-01-28,,9319.0,
1687,1687,9,0,"Strawberry, frozen, sweetened, sliced","Fraise, congelée, sucrée, tranchée",2026-01-28,,9320.0,
1688,1688,9,0,"Sugar-apple, raw","Pomme cannelle, crue",2026-01-28,,9321.0,Annona squamosa
1689,1689,9,0,"Tamarind, raw","Tamarin, cru",2012-07-10,,9322.0,Tamarindus indica
1690,1690,9,0,"Fruit salad, tropical (pineapple, red and yellow papaya), canned, heavy syrup pack, solids and liquid","Fruits tropicaux, salade (ananas, papaye rouge et jaune), conserve, dans du sirop épais, solides et liquide",2012-07-10,,9325.0,
1691,1691,9,0,"Watermelon, raw","Melon d'eau (pasteque), cru",2012-07-10,,9326.0,Citrullus lanatus
1692,1692,9,0,"Feijoa, raw","Feijoa, cru",2026-01-28,,9334.0,Feijoa sellowiana (O. Berg)
1693,1693,9,0,"Pear, asian, raw","Poire, asiatique, crue",2026-01-28,,9340.0,Pyrus pyrifolia (Burman f.) Nakai
1694,1694,9,1,"Apricot nectar, canned","Abricot, nectar, conserve",2026-01-28,,9036.0,
1696,1696,9,3,"Apple, raw, with skin","Pomme, crue, avec pelure",2012-07-10,,9003.0,Malus sylvestris
1697,1697,9,3,"Apple, raw, without skin","Pomme, crue, sans pelure",2012-07-10,,9004.0,Malus sylvestris
1698,1698,9,3,"Apple, raw, without skin, sliced, cooked, boiled","Pomme, crue, sans pelure, tranchée, cuite, bouillie",2012-07-10,,9005.0,
1699,1699,9,3,"Apple, canned, sweetened, sliced, unheated","Pomme, conserve, sucrée, tranchée, non chauffée",2026-01-28,,9007.0,
1700,1700,9,3,"Applesauce, canned, unsweetened","Pomme, purée (compote), conserve, non sucrée",2026-01-28,,9019.0,
1701,1701,9,3,"Applesauce, canned, sweetened","Pomme, purée (compote), conserve, sucrée",2026-01-28,,9020.0,
1702,1702,9,3,"Apricot, dehydrated (low moisture), sulphured, uncooked","Abricot, déshydraté (faible en humidité), sulfuré, non cuit",2026-01-28,,9030.0,
1703,1703,9,3,"Apricot, dehydrated (low moisture), sulphured, cooked","Abricot, déshydraté (faible en humidité), sulfuré, cuit",2026-01-28,,9031.0,
1704,1704,9,3,"Banana, raw","Banane, crue",2016-01-25,,9040.0,Musa acuminata Colla
1705,1705,9,3,"Blueberry, raw","Bleuet, cru",2012-07-10,,9050.0,Vaccinium spp.
1706,1706,9,3,"Blueberry, frozen, unsweetened","Bleuet, congelé, non sucré",2026-01-28,,9054.0,
1707,1707,9,3,"Cherry, sour, red, canned, light syrup pack, solids and liquid","Cerise sure, rouge, conserve, dans du sirop léger, solides et liquide",2012-07-10,,9065.0,
1708,1708,9,3,"Cherry, sweet, canned, light syrup pack","Cerise sucrée (guigne), conserve, dans du sirop léger",2012-07-10,,9073.0,
1709,1709,9,3,"Currant, red and white, raw","Groseille (gadelle), rouge et blanche, crue",2012-07-10,,9084.0,Ribes rubrum
1710,1710,9,3,"Date, domestic, natural and dry","Datte, domestique, naturelle et séchée",2012-07-10,,9087.0,Phoenix dactylifera
1711,1711,9,3,"Fig, raw","Figue, crue",2012-07-10,,9089.0,Ficus carica
1712,1712,9,3,"Fruit salad (peach, pear, apricot, pineapple, cherry), canned, juice pack, solids and liquid","Fruits, salade (pêches, poires, abricots, ananas, cerises), conserve, jus, solides et liquide",2012-07-10,,9103.0,
1713,1713,9,3,"Fruit salad (peach, pear, apricot, pineapple, cherry), canned, light syrup pack, solids and liquid","Fruits, salade (pêches, poires, abricots, ananas, cerises), conserve, dans du sirop léger, solides et liquide",2012-07-10,,9104.0,
1714,1714,9,3,"Grapefruit, pink, red or white, all areas, raw","Pamplemousse, rose, rouge ou blanc, toutes régions, cru",2012-07-10,,9111.0,Citrus paradisi
1715,1715,9,3,"Grapefruit, white, all areas, raw","Pamplemousse, blanc, toutes régions, cru",2012-07-10,,9116.0,Citrus paradisi
1716,1716,9,3,"Grapefruit juice, canned, no added sugar","Pamplemousse, jus, conserve, sans sucre ajouté",2026-01-28,,9123.0,
1717,1717,9,3,"Grapefruit juice, frozen concentrate, diluted","Pamplemousse, jus, concentré, congelé, dilué",2012-07-10,,9126.0,
1718,1718,9,3,"Grape, red or green (European type, such as Thompson seedless), adherent skin, raw","Raisin, rouge ou vert (Type Européen, comme Thompson sans graines), peau adhérente, cru",2012-07-10,,9132.0,Vitis vinifera
1719,1719,9,11,"Grape juice, frozen concentrate, sugar and vitamin C added, undiluted","Raisin, jus, concentré, congelé, sucre et vitamine C ajoutés, non dilué",2026-01-28,,9136.0,
1720,1720,9,11,"Grape juice, frozen concentrate, sugar and vitamin C added, diluted","Raisin, jus, concentré, congelé, sucre et vitamine C ajoutés, dilué",2026-01-28,,9137.0,
1721,1721,9,3,"Melon, cantaloupe, raw","Melon, cantaloup, cru",2012-07-10,,9181.0,Cucumis melo
1722,1722,9,3,"Orange, all commercial varieties, raw","Orange, toutes variétés commerciales, crue",2012-07-10,,9200.0,Citrus sinensis
1723,1723,9,3,"Orange juice, canned","Orange, jus, conserve",2012-07-11,,9207.0,
1724,1724,9,3,"Orange juice, frozen concentrate, undiluted","Orange, jus, concentré, congelé, non dilué",2012-07-11,,9214.0,
1725,1725,9,3,"Orange juice, frozen concentrate, diluted","Orange, jus, concentré, congelé, dilué",2012-07-11,,9215.0,
1726,1726,9,3,"Tangerine (mandarin), canned, juice pack, solids and liquid","Tangerine (mandarine), conserve, dans du jus, solides et liquides",2012-07-11,,9219.0,
1727,1727,9,3,"Tangerine (mandarin), canned, light syrup pack, solids and liquid","Tangerine (mandarine), conserve, dans du sirop léger, solides et liquide",2012-07-11,,9220.0,
1728,1728,9,3,"Peach, raw","Pêche, crue",2012-07-11,,9236.0,Prunus persica
1729,1729,9,3,"Peach, canned halves or slices, water pack, solids and liquid","Pêche, moitié ou tranchées, conserve, dans l'eau, solides et liquide",2012-07-11,,9237.0,
1730,1730,9,3,"Peach, canned halves or slices, light syrup pack, solids and liquid","Pêche, moitié ou tranchées, conserve, dans du sirop léger, solides et liquide",2012-07-11,,9240.0,
1731,1731,9,3,"Pear, raw, with skin","Poire, crue, avec pelure",2012-07-11,,9252.0,Pyrus communis
1732,1732,9,3,"Pear, canned halves, water pack, solids and liquid","Poire, moitié, conserve, dans l'eau, solides et liquide",2012-07-11,,9253.0,
1733,1733,9,3,"Pear, canned halves, light syrup pack, solids and liquid","Poire, moitié, conserve, dans du sirop léger, solides et liquide",2012-07-11,,9256.0,
1734,1734,9,3,"Pineapple, raw","Ananas, cru",2012-07-11,,9266.0,Ananus comosus
1735,1735,9,3,"Pineapple, canned, water pack, solids and liquid","Ananas, conserve, dans l'eau, solides et liquide",2012-07-11,,9267.0,
1736,1736,9,3,"Pineapple, canned, juice pack, solids and liquid","Ananas, conserve, dans du jus, solides et liquide",2012-07-11,,9268.0,
1737,1737,9,3,"Pineapple, canned, light syrup pack, solids and liquid","Ananas, conserve, dans du sirop léger, solides et liquide",2012-07-11,,9269.0,
1738,1738,9,3,"Pineapple, canned heavy syrup pack, solids and liquid","Ananas, conserve, dans du sirop épais, solides et liquide",2012-07-11,,9270.0,
1739,1739,9,3,"Pineapple, canned, extra heavy syrup pack, solids and liquid","Ananas, conserve, dans du sirop extra épais, solides et liquide",2012-07-11,,9271.0,
1740,1740,9,3,"Plum, raw","Prune, crue",2012-07-11,,9279.0,Prunus spp.
1741,1741,9,3,"Plum, canned, purple, light syrup pack, solids and liquid","Prune, pourpre, conserve, dans du sirop léger, solides et liquide",2012-07-11,,9283.0,
1742,1742,9,3,"Prune, dried, uncooked","Pruneau, séché, non cuit",2012-07-11,,9291.0,
1743,1743,9,3,"Prune, dried, cooked, no added sugar","Pruneau, séché, cuit, sans sucre ajouté",2026-01-28,,9292.0,
1744,1744,9,3,"Raisin, golden seedless","Raisin sec, doré, sans pépins",2026-01-28,,9297.0,Vitis vinifera
1745,1745,9,3,"Raisin, seedless (sultana)","Raisin sec, sans pépin (sultana)",2026-01-28,,9298.0,Vitis vinifera
1746,1746,9,3,"Raisin, seeded","Raisins secs, épépinés",2012-07-11,,9299.0,Vitis vinifera
1747,1747,9,3,"Raspberry, raw","Framboise, crue",2012-07-11,,9302.0,Rubus spp.
1748,1748,9,3,"Rhubarb, raw","Rhubarbe, crue",2012-07-11,,9307.0,Rheum rhabarbarum
1749,1749,9,3,"Strawberry, raw","Fraise, crue",2012-07-11,,9316.0,Fragaria X ananassa
1750,1750,9,3,"Strawberry, frozen, unsweetened","Fraise, congelée, non sucrée",2026-01-28,,9318.0,
1751,1751,9,20,"Haw, scarlet, meat and skin, raw","Cenelle, écarlate, viande et peau, crue",2012-08-27,,,
1752,1752,9,3,"Apple juice, canned or bottled, added vitamin C","Pomme, jus, conserve ou bouteille, vitamine C ajoutée",2012-07-11,,9400.0,
1753,1753,9,3,"Apple juice, frozen concentrate, undiluted, added vitamin C","Pomme, jus, concentré, congelé, non dilué, vitamine C ajoutée",2012-07-11,,9410.0,
1754,1754,9,3,"Apple juice, frozen concentrate, diluted, added vitamin C","Pomme, jus, concentré, congelé, dilué, vitamine C ajoutée",2012-07-11,,9411.0,
1755,1755,10,0,"Pork, lean and fat, raw","Porc, maigre et gras, cru",2017-11-29,,10001.0,Suidae domesticus
1757,1757,10,0,"Pork, wholesale cuts, backfat, raw","Porc, morceau de gros, gras de dos, cru",2012-07-04,,10004.0,
1758,1758,10,0,"Pork, wholesale cuts, belly, raw","Porc, morceau de gros, flanc, cru",2012-07-04,,10005.0,
1759,1759,10,0,"Pork, separable fat, raw","Porc, gras séparable, cru",2012-06-28,,10006.0,
1760,1760,10,0,"Pork, separable fat, cooked","Porc, gras séparable, cuit",2012-06-28,,10007.0,
1761,1761,10,0,"Pork, leg, whole, lean and fat, raw","Porc, cuisse, entière, maigre et gras, cru",2012-06-28,,10008.0,
1762,1762,10,0,"Pork, leg, whole, lean and fat, roasted","Porc, cuisse, entière, maigre et gras, rôti",2012-06-20,,10009.0,
1763,1763,10,0,"Pork, leg, whole, lean, raw","Porc, cuisse, entière, maigre, cru",2012-06-20,,10010.0,
1764,1764,10,0,"Pork, leg, whole, lean, roasted","Porc, cuisse, entière, maigre, rôti",2012-06-20,,10011.0,
1765,1765,10,0,"Pork, leg, butt portion, lean and fat, raw","Porc, fesse, bout croupe, maigre et gras, cru",2012-06-20,,10012.0,
1766,1766,10,0,"Pork, leg, butt portion, lean and fat, roasted","Porc, fesse, bout croupe, maigre et gras, rôti",2012-06-20,,10013.0,
1767,1767,10,0,"Pork, leg, butt portion, lean, raw","Porc, fesse, bout croupe, maigre, cru",2012-06-20,,10014.0,
1768,1768,10,0,"Pork, leg, butt portion, lean, roasted","Porc, fesse, bout croupe, maigre, rôti",2012-06-20,,10015.0,
1769,1769,10,0,"Pork, leg, shank portion, lean and fat, raw","Porc, fesse, bout jarret, maigre et gras, cru",2012-06-20,,10016.0,
1770,1770,10,0,"Pork, leg, shank portion, lean and fat, roasted","Porc, fesse, bout jarret, maigre et gras, rôti",2012-06-20,,10017.0,
1771,1771,10,0,"Pork, leg, shank portion, lean, raw","Porc, fesse, bout jarret, maigre, cru",2012-06-20,,10018.0,
1772,1772,10,0,"Pork, leg, shank portion, lean, roasted","Porc, fesse, bout jarret, maigre, rôti",2012-06-20,,10019.0,
1773,1773,10,0,"Pork, loin, whole, lean and fat, raw","Porc, longe, entière, maigre et gras, cru",2012-06-20,,10020.0,
1774,1774,10,0,"Pork, loin, whole, lean and fat, braised","Porc, longe, entière, maigre et gras, braisé",2012-06-20,,10021.0,
1775,1775,10,0,"Pork, loin, whole, lean and fat, broiled","Porc, longe, entière, maigre et gras, grillé",2012-06-20,,10022.0,
1776,1776,10,0,"Pork, loin, whole, lean and fat, roasted","Porc, longe, entière, maigre et gras, rôti",2012-06-20,,10023.0,
1777,1777,10,0,"Pork, loin, whole, lean, raw","Porc, longe, entière, maigre, cru",2012-06-20,,10024.0,
1778,1778,10,0,"Pork, loin, whole, lean, braised","Porc, longe, entière, maigre, braisé",2012-06-20,,10025.0,
1779,1779,10,0,"Pork, loin, whole, lean, broiled","Porc, longe, entière, maigre, grillé",2012-06-20,,10026.0,
1780,1780,10,0,"Pork, loin, whole, lean, roasted","Porc, longe, entière, maigre, rôti",2012-06-20,,10027.0,
1781,1781,10,0,"Pork, loin, centre cut (centre chop), bone-in, lean and fat, raw","Porc, longe, milieu (côtelette centre), avec os, maigre et gras, cru",2012-06-20,,10036.0,
1782,1782,10,0,"Pork, loin, centre cut (centre chop), bone in, lean and fat, braised","Porc, longe, milieu, (côtelette centre), avec os, maigre et gras, braisé",2012-06-20,,10037.0,
1783,1783,10,0,"Pork, loin, centre cut (centre chop), bone-in, lean and fat, broiled","Porc, longe, milieu (côtelette centre), avec os, maigre et gras, grillé",2012-06-20,,10038.0,
1784,1784,10,0,"Pork, loin, centre cut (centre chop), bone-in, lean and fat, roasted","Porc, longe, milieu (côtelette centre), avec os, maigre et gras, rôti",2012-06-20,,10039.0,
1785,1785,10,0,"Pork, loin, centre cut (centre chop), bone-in, lean, raw","Porc, longe, milieu (côtelette centre), avec os, maigre, cru",2012-06-20,,10040.0,
1786,1786,10,0,"Pork, loin, centre cut (centre chop), bone-in, lean, braised","Porc, longe, milieu (côtelette centre), avec os, maigre, braisé",2012-06-20,,10041.0,
1787,1787,10,0,"Pork, loin, centre cut (centre chop), bone-in, lean, broiled","Porc, longe, milieu (côtelette centre), avec os, maigre, grillé",2012-06-20,,10042.0,
1788,1788,10,0,"Pork, loin, centre cut (centre chop), bone-in, lean, roasted","Porc, longe, milieu (côtelette centre), avec os, maigre, rôti",2012-06-20,,10043.0,
1789,1789,10,0,"Pork, loin, rib chop (rib end), bone-in, lean and fat, raw","Porc, longe, côtelette bout côte, avec os, maigre et gras, cru",2012-06-20,,10044.0,
1790,1790,10,0,"Pork, loin, rib chop (rib end), bone-in, lean and fat, braised","Porc, longe, côtelette bout côte, avec os, maigre et gras, braisé",2012-06-20,,10045.0,
1791,1791,10,0,"Pork, loin, rib chop (rib end), bone-in, lean and fat, broiled","Porc, longe, côtelette bout côte, avec os, maigre et gras, grillés",2012-06-20,,10046.0,
1792,1792,10,0,"Pork, loin, rib chop (rib end), bone-in, lean and fat, roasted","Porc, longe, côtelette bout côte, avec os, maigre et gras, rôti",2026-01-28,,10047.0,
1793,1793,10,0,"Pork, loin, rib chop (rib end), bone-in, lean, raw","Porc, longe, côtelette bout côte, avec os, maigre, cru",2012-06-20,,10048.0,
1794,1794,10,0,"Pork, loin, rib chop (rib end), bone-in, lean, braised","Porc, longe, côtelette bout côte, avec os, maigre, braisé",2012-06-20,,10049.0,
1795,1795,10,0,"Pork, loin, rib chop (rib end), bone-in, lean, broiled","Porc, longe, côtelette bout côte, avec os, maigre, grillé",2012-06-20,,10050.0,
1796,1796,10,0,"Pork, loin, rib chop (rib end), bone-in, lean, roasted","Porc, longe, côtelette bout côte, avec os, maigre, rôti",2026-01-28,,10051.0,
1797,1797,10,0,"Pork, loin, sirloin chop, bone-in, lean and fat, raw","Porc, longe, côtelette surlonge, avec os, maigre et gras, cru",2026-01-27,,10052.0,
1798,1798,10,0,"Pork, loin, sirloin chop, bone-in , lean and fat, braised","Porc, longe, côtelette surlonge, avec os, maigre et gras, braisé",2012-06-20,,10053.0,
1799,1799,10,0,"Pork, loin, sirloin chop, bone-in, lean and fat, broiled","Porc, longe, côtelette surlonge, avec os, maigre et gras, grillé",2012-06-20,,10054.0,
1800,1800,10,0,"Pork, loin, sirloin chop, bone-in, lean and fat, roasted","Porc, longe, côtelette surlonge, avec os, maigre et gras, rôti",2026-02-11,,10055.0,
1801,1801,10,0,"Pork, loin, sirloin chop, bone-in, lean, raw","Porc, longe, côtelette surlonge, avec os, maigre, cru",2012-06-20,,10056.0,
1802,1802,10,0,"Pork, loin, sirloin chop, bone-in, lean, braised","Porc, longe, côtelette surlonge, avec os, maigre, braisé",2012-06-20,,10057.0,
1803,1803,10,0,"Pork, loin, sirloin chop, bone-in, lean, broiled","Porc, longe, côtelette surlonge, avec os, maigre, grillé",2012-06-20,,10058.0,
1804,1804,10,0,"Pork, loin, sirloin chop, bone-in, lean, roasted","Porc, longe, côtelette surlonge, avec os, maigre, rôti",2012-06-20,,10059.0,
1808,1808,10,0,"Pork, loin, sirloin roast, boneless, lean and fat, roasted","Porc, longe, rôti de surlonge, désossé, maigre et gras, rôti",2012-06-20,,10065.0,
1812,1812,10,0,"Pork, loin, sirloin roast, boneless, lean, roasted","Porc, longe, rôti de surlonge, désossé, maigre, rôti",2012-06-20,,10069.0,
1813,1813,10,0,"Pork, shoulder, whole, lean and fat, raw","Porc, épaule, entière, maigre et gras, cru",2012-06-20,,10070.0,
1814,1814,10,0,"Pork, shoulder, whole, lean and fat, roasted","Porc, épaule entière, maigre et gras, rôti",2012-06-20,,10071.0,
1815,1815,10,0,"Pork, shoulder, whole, lean, raw","Porc, épaule entière, maigre, cru",2012-06-20,,10072.0,
1816,1816,10,0,"Pork, shoulder, whole, lean, roasted","Porc, épaule entière, maigre, rôti",2012-06-20,,10073.0,
1817,1817,10,0,"Pork, shoulder, picnic (arm), lean and fat, raw","Porc, épaule, picnic, maigre et gras, cru",2012-06-20,,10074.0,
1818,1818,10,0,"Pork, shoulder, picnic (arm), lean and fat, braised","Porc, épaule, picnic, maigre et gras, braisé",2012-06-20,,10075.0,
1819,1819,10,0,"Pork, shoulder, picnic (arm), lean and fat, roasted","Porc, épaule, picnic, maigre et gras, rôti",2012-06-20,,10076.0,
1820,1820,10,0,"Pork, shoulder, picnic (arm), lean, raw","Porc, épaule, picnic, maigre, cru",2012-06-20,,10077.0,
1821,1821,10,0,"Pork, shoulder, picnic (arm), lean, braised","Porc, épaule, picnic, maigre, braisé",2012-06-20,,10078.0,
1822,1822,10,0,"Pork, shoulder, picnic (arm), lean, roasted","Porc, épaule, picnic, maigre, rôti",2012-06-20,,10079.0,
1823,1823,10,0,"Pork, shoulder, blade portion, bone-in , lean and fat, raw","Porc, épaule, palette (soc), avec os, maigre et gras, cru",2012-06-20,,10080.0,
1824,1824,10,0,"Pork, shoulder, blade portion, bone-in, lean and fat, braised","Porc, épaule, palette (soc), avec os, maigre et gras, braisé",2012-06-20,,10081.0,
1825,1825,10,0,"Pork, shoulder, blade portion, bone-in, lean and fat, broiled","Porc, épaule, palette (soc), avec os, maigre et gras, grillé",2012-06-20,,10082.0,
1826,1826,10,0,"Pork, shoulder, blade portion, bone-in, lean and fat, roasted","Porc, épaule, palette (soc), avec os, maigre et gras, rôti",2012-06-20,,10083.0,
1827,1827,10,0,"Pork, shoulder, blade portion, bone-in, lean, raw","Porc, épaule, palette (soc), avec os, maigre, cru",2012-06-20,,10084.0,
1828,1828,10,0,"Pork, shoulder, blade portion, bone-in, lean, braised","Porc, épaule, palette (soc), avec os, maigre, braisé",2012-06-20,,10085.0,
1829,1829,10,0,"Pork, shoulder, blade portion, bone-in, lean, broiled","Porc, épaule, palette (soc), avec os, maigre, grillé",2012-06-20,,10086.0,
1830,1830,10,0,"Pork, shoulder, blade portion, bone-in, lean, roasted","Porc, épaule, palette (soc), avec os, maigre, rôti",2012-06-20,,10087.0,
1832,1832,10,0,"Pork, brains, raw","Porc, cervelle, crue",2026-01-28,,10096.0,
1833,1833,10,0,"Pork, brains, braised","Porc, cervelle, braisé",2026-01-28,,10097.0,
1834,1834,10,0,"Pork, intestine (chitterlings), raw","Porc, intestin (andouilles), cru",2026-01-28,,10098.0,
1835,1835,10,0,"Pork, intestine (chitterlings), simmered","Porc, intestin (andouilles), mijoté",2026-01-28,,10099.0,
1836,1836,10,0,"Pork, ears, frozen, raw","Porc, oreilles, congelées, crues",2026-01-28,,10100.0,
1837,1837,10,0,"Pork, ears, frozen, simmered","Porc, oreilles, congelées, mijotées",2026-01-28,,10101.0,
1838,1838,10,0,"Pork, feet, raw","Porc, pieds, crus",2026-01-28,,10102.0,
1839,1839,10,0,"Pork, heart, raw","Porc, coeur, cru",2026-01-28,,10103.0,
1840,1840,10,0,"Pork, heart, braised","Porc, coeur, braisé",2026-01-28,,10104.0,
1841,1841,10,0,"Pork, jowl, raw","Porc, bajoue, crue",2026-01-28,,10105.0,
1842,1842,10,0,"Pork, kidney, braised","Porc, rognon, braisé",2026-01-28,,10107.0,
1843,1843,10,0,"Pork, leaf fat, raw","Porc, panne, cru",2012-07-04,,10109.0,
1844,1844,10,3,"Pork, liver, raw","Porc, foie, cru",2026-01-28,,10110.0,
1845,1845,10,0,"Pork, liver, braised","Porc, foie, braisé",2026-01-28,,10111.0,
1846,1846,10,0,"Pork, lungs, raw","Porc, poumons, crus",2026-01-28,,10112.0,
1847,1847,10,0,"Pork, lungs, braised","Porc, poumons, braisés",2026-01-28,,10113.0,
1848,1848,10,0,"Pork, mechanically separated, raw","Porc, désossé mécaniquement, cru",2012-06-28,,10114.0,
1849,1849,10,0,"Pork, pancreas, raw","Porc, pancréas, cru",2026-01-28,,10115.0,
1850,1850,10,0,"Pork, pancreas, braised","Porc, pancréas, braisé",2026-01-28,,10116.0,
1851,1851,10,0,"Pork, spleen, raw","Porc, rate, crue",2026-01-28,,10117.0,
1852,1852,10,0,"Pork, spleen, braised","Porc, rate, braisée",2026-01-28,,10118.0,
1853,1853,10,0,"Pork, stomach, raw","Porc, estomac, cru",2026-01-28,,10119.0,
1854,1854,10,0,"Pork, tongue, raw","Porc, langue, crue",2026-01-28,,10121.0,
1855,1855,10,0,"Pork, tongue, braised","Porc, langue, braisée",2026-01-28,,10122.0,
1857,1857,10,11,"Pork, cured, breakfast strips, cooked","Porc, salé, tranches pour le déjeuner, cuit",2012-07-04,,10129.0,
1860,1860,10,0,"Pork, cured, feet, pickled","Porc, salé, pieds, mariné",2012-06-20,,10132.0,
1861,1861,10,0,"Pork, cured, ham, boneless, mini ham-half, regular (11% fat), roasted","Porc, salé, jambon désossé, régulier (11% de gras), rôti",2026-01-28,,10136.0,
1862,1862,7,0,"Ham, lean, canned","Jambon, maigre, en conserve",2026-01-28,,10184.0,
1865,1865,7,0,"Ham, regular (13% fat), canned","Jambon, régulier (13% de gras), en conserve",2026-01-28,,10140.0,
1868,1868,10,0,"Pork, cured, ham patties, unheated","Porc, salé, fricadelles de jambon haché, non chauffé",2026-01-28,,10146.0,
1869,1869,10,11,"Pork, cured, ham patties, grilled","Porc, salé fricadelles de jambon haché, grillé",2026-01-28,,10147.0,
1870,1870,10,0,"Pork, cured, ham, boneless, mini ham-half, extra lean (approximately 5% fat), unheated","Porc, salé, jambon, désossé, petit demi-jambon, très maigre (approximativement 5% de gras), non chauffé",2014-06-12,,10149.0,
1871,1871,10,0,"Pork, cured, ham, whole, lean and fat","Porc, salé, jambon entier, maigre et gras",2014-04-11,,10150.0,
1873,1873,10,0,"Pork, cured, ham, whole, lean","Porc, salé, jambon entier, maigre",2014-05-09,,10153.0,
1874,1874,10,0,"Pork, cured, salt pork, raw","Porc, salé, porc salé, cru",2012-06-20,,10165.0,
1875,1875,10,0,"Pork, cured, fat, unheated","Porc, salé, gras, non chauffé",2014-06-04,,10166.0,
1876,1876,10,0,"Pork, cured, fat (ham and arm picnic), roasted","Porc, salé, gras (jambon et épaule picnic), rôti",2012-07-04,,10167.0,
1877,1877,10,0,"Pork, cured, ham, shoulder, arm picnic, lean and fat, roasted","Porc, salé, jambon, épaule, picnic, maigre et gras, rôti",2014-06-04,,10168.0,
1878,1878,10,0,"Pork, cured, ham, shoulder, arm picnic, lean, roasted","Porc, salé, jambon, épaule, picnic, maigre, rôti",2014-06-04,,10169.0,
1879,1879,10,0,"Pork, feet, simmered","Porc, pieds, mijotés",2026-01-28,,10173.0,
1880,1880,10,0,"Pork, tail, raw","Porc, queue, crue",2026-01-28,,10174.0,
1881,1881,10,0,"Pork, tail, simmered","Porc, queue, mijotée",2026-01-28,,10175.0,
1882,1882,10,0,"Pork, loin, centre cut (centre chop), bone-in, lean, pan-fried","Porc, longe, milieu (côtelette centre), avec os, maigre, sauté",2012-06-20,,10176.0,
1883,1883,10,0,"Pork, loin, rib chop (rib end), bone-in, lean, pan-fried","Porc, longe, côtelette bout côte, avec os, maigre, sauté",2012-06-20,,10177.0,
1884,1884,10,0,"Pork, loin, centre cut (centre chop), bone-in, lean and fat, pan-fried","Porc, longe, milieu (côtelette centre), avec os, maigre et gras, sauté",2012-06-20,,10179.0,
1885,1885,10,0,"Pork, loin, rib chop (rib end), bone-in, lean and fat, pan-fried","Porc, longe, côtelette bout côte, avec os, maigre et gras, sauté",2012-06-20,,10180.0,
1887,1887,10,0,"Pork, cured, ham, boneless, mini ham-half, extra lean and regular, unheated","Porc, salé, jambon désossé, maigre et régulier, non chauffé",2014-06-12,,10182.0,
1888,1888,10,0,"Pork, cured, ham, boneless, mini ham-half, extra lean and regular, roasted","Porc, salé, jambon désossé, maigre et régulier, rôti",2014-06-12,,10183.0,
1893,1893,10,23,"Pork, back ribs, lean and fat, raw","Porc, côtes de dos, maigre et gras, crues",2026-01-28,,10192.0,
1894,1894,10,23,"Pork, back ribs, lean and fat, roasted","Porc, côtes de dos, maigre et gras, rôties",2026-01-28,,10193.0,
1895,1895,10,0,"Pork, loin, rib steak (rib end), boneless, lean and fat, raw","Porc, longe, côtelette bout côte, désossé, maigre et gras, crue",2012-06-20,,10194.0,
1896,1896,10,0,"Pork, loin, rib steak (rib end), boneless, lean and fat, braised","Porc, longe, côtelette bout côte, désossé, maigre et gras, braisée",2012-06-20,,10195.0,
1897,1897,10,0,"Pork, loin, rib steak (rib end), boneless, lean and fat, broiled","Porc, longe, côtelette bout côte, désossé, maigre et gras, grillée",2012-06-20,,10196.0,
1898,1898,10,0,"Pork, loin, rib steak (rib end), boneless, lean and fat, pan-fried","Porc, longe, côtelette bout côte, désossé, maigre et gras, sautéee",2012-06-20,,10197.0,
1899,1899,10,0,"Pork, loin, rib steak (rib end), boneless, lean and fat, roasted","Porc, longe, côtelette bout côte, désossé, maigre et gras, rôtie",2012-06-20,,10198.0,
1900,1900,10,0,"Pork, loin, rib steak (rib end), boneless, lean, raw","Porc, longe, côtelette bout côte, désossé, maigre, crue",2012-06-20,,10199.0,
1901,1901,10,0,"Pork, loin, rib steak (rib end), boneless, lean, braised","Porc, longe, côtelette bout côte, désossé, maigre, braisé",2012-06-20,,10200.0,
1902,1902,10,0,"Pork, loin, rib steak (rib end), boneless, lean, broiled","Porc, longe, côtelette bout côte, désossé, maigre, grillée",2012-06-20,,10201.0,
1903,1903,10,0,"Pork, loin, rib steak (rib end), boneless, lean, pan-fried","Porc, longe, côtelette bout côte, désossé, maigre, sautée",2012-06-20,,10202.0,
1904,1904,10,0,"Pork, loin, rib steak (rib end), boneless, lean, roasted","Porc, longe, côtelette bout côte, désossé, maigre, rôtie",2012-06-20,,10203.0,
1905,1905,10,0,"Pork, loin, rib half (country-style ribs), lean and fat, raw","Porc, longe, côte demi bout (côte style campagnard), maigre et gras, crue",2012-06-20,,10204.0,
1906,1906,10,0,"Pork, loin, rib half (country-style ribs), lean and fat, braised","Porc, longe, côte demi bout (côtes style campagnard), maigre et gras, braisée",2012-06-20,,10205.0,
1907,1907,10,0,"Pork, loin, rib half (country-style ribs), lean and fat, roasted","Porc, longe, côte demi bout (côtes style campagnard), maigre et gras, rôtie",2012-06-20,,10206.0,
1908,1908,10,0,"Pork, loin, rib half (country-style ribs), lean, raw","Porc, longe, côte demi bout (côtes style campagnard), maigre, crue",2012-06-20,,10207.0,
1909,1909,10,0,"Pork, loin, rib half (country-style ribs), lean, braised","Porc, longe, côte demi bout (côtes style campagnard), maigre, braisée",2012-06-20,,10208.0,
1910,1910,10,0,"Pork, loin, rib half (country-style ribs), lean, roasted","Porc, longe, côte demi bout (côtes style compagnard), maigre, rôtie",2012-06-20,,10209.0,
1911,1911,10,0,"Pork, loin, sirloin steak, boneless, lean and fat, raw","Porc, longe, côtelette surlonge, désossé, maigre et gras, crue",2012-06-20,,10210.0,
1912,1912,10,0,"Pork, loin, sirloin steak, boneless, lean and fat, braised","Porc, longe, côtelette surlonge, désossé, maigre et gras, braisée",2012-06-20,,10211.0,
1913,1913,10,0,"Pork, loin, sirloin steak, boneless, lean and fat, broiled","Porc, longe, côtelette surlonge, désossé, maigre et gras, grillée",2012-06-20,,10212.0,
1914,1914,10,0,"Pork, loin, sirloin steak, boneless, lean and fat, roasted","Porc, longe, côtelette surlonge, désossé, maigre et gras, rôtie",2012-06-20,,10213.0,
1915,1915,10,0,"Pork, loin, sirloin steak, boneless, lean, raw","Porc, longe, côtelette surlonge, désossé, maigre, crue",2012-06-20,,10214.0,
1916,1916,10,0,"Pork, loin, sirloin steak, boneless, lean, braised","Porc, longe, côtelette surlonge, désossé, maigre, braisée",2012-06-20,,10215.0,
1917,1917,10,0,"Pork, loin, sirloin steak, boneless, lean, broiled","Porc, longe, côtelette surlonge, désossé, maigre, grillée",2012-06-20,,10216.0,
1918,1918,10,0,"Pork, loin, sirloin steak, boneless, lean, roasted","Porc, longe, côtelette surlonge, désossé, maigre, rôtie",2012-06-20,,10217.0,
1921,1921,10,0,"Pork, loin, sirloin roast, boneless, lean and fat, raw","Porc, longe, rôti de surlonge, désossé, maigre et gras, crue",2026-02-11,,10224.0,
1922,1922,10,0,"Pork, loin, sirloin roast, boneless, lean, raw","Porc, longe, rôti de surlonge, désossé, maigre, cru",2012-06-28,,10225.0,
1931,1931,10,23,"Pork, loin, tenderloin, lean, raw","Porc, longe, filet, maigre, cru",2026-01-28,,10060.0,
1932,1932,10,23,"Pork, loin, tenderloin, lean, roasted","Porc, longe, filet, maigre, rôti",2026-01-28,,10061.0,
1933,1933,10,23,"Pork, side ribs centre cut (spareribs), lean and fat, raw","Porc, côtes de flanc, centre (côtes levées), maigre et gras, crues",2026-01-28,,10088.0,
1934,1934,10,23,"Pork, side ribs centre cut (spareribs), lean and fat, simmered, roasted","Porc, côtes de flanc, centre (côtes levées), maigre et gras, mijotées, rôties",2026-01-28,,10089.0,
1935,1935,10,0,"Pork, kidney, raw","Porc, rognon, cru",2026-01-28,,10106.0,
1936,1936,10,0,"Pork, cured, bacon, raw","Porc, salé, bacon, cru",2026-01-28,,10123.0,
1937,1937,10,0,"Pork, cured, breakfast strips, raw or unheated","Porc, salé, tranches pour le déjeuner, cru ou non chauffé",2012-06-21,,10128.0,
1938,1938,10,0,"Pork, cured, ham, boneless, mini ham-half, extra-lean (approximately 5% fat), roasted","Porc, salé, jambon désossé, extra-maigre (approximativement 5% de gras.), rôti",2026-01-28,,10134.0,
1939,1939,10,0,"Pork, cured, ham, whole, lean, bone-in, unheated","Porc, salé, jambon entier, maigre, avec os, non chauffé",2012-06-28,,10152.0,
1940,1940,10,23,"Pork, cured, ham, shoulder, cottage roll, lean and fat, unheated","Porc, salé, épaule, jambon, soc roulé (toupie), maigre et gras, non chauffé",2014-06-04,,10170.0,
1941,1941,10,23,"Pork, cured, ham, shoulder, cottage roll, lean and fat, roasted","Porc, salé, jambon, épaule, soc roulé (toupie), maigre et gras, rôti",2014-06-04,,,
1942,1942,7,0,"Ham, extra lean, canned","Jambon, extra maigre, en conserve",2026-01-28,,10137.0,
1943,1943,10,23,"Pork, loin, tenderloin, lean and fat, raw","Porc, longe, filet, maigre et gras, cru",2026-01-28,,10218.0,
1944,1944,10,23,"Pork, loin, tenderloin, lean and fat, roasted","Porc, longe, filet, maigre et gras, rôti",2026-01-28,,10222.0,
1961,1961,10,24,"Pork, loin, tenderloin, lean and fat, broiled","Porc, longe, filet, maigre et gras, grillé",2026-01-28,,10221.0,
1962,1962,10,24,"Pork, loin, tenderloin, lean, broiled","Porc, longe, filet, maigre, grillé",2026-01-28,,10223.0,
1963,1963,10,23,"Pork, leg, inside, boneless, lean and fat, raw","Porc, fesse, intérieur, désossé, maigre et gras, cru",2026-01-28,,10008.0,
1964,1964,10,23,"Pork, leg, inside, boneless, lean and fat, roasted","Porc, fesse, intérieur, désossé, maigre et gras, rôti",2026-01-28,,10009.0,
1965,1965,10,23,"Pork, leg, inside, boneless, lean, raw","Porc, fesse, intérieur, désossé, maigre, cru",2026-01-28,,10010.0,
1966,1966,10,23,"Pork, leg, inside, boneless, lean, roasted","Porc, fesse, intérieur, désossé, maigre, rôti",2026-01-28,,10011.0,
1967,1967,10,23,"Pork, loin, centre cut (centre steak), boneless, lean and fat, raw","Porc, longe, milieu, désossé, maigre et gras, cru",2026-01-28,,10164.0,
1968,1968,10,23,"Pork, loin, centre cut (centre steak), boneless, lean and fat, broiled","Porc, longe, milieu, désossé, maigre et gras, grillé",2026-01-28,,10189.0,
1969,1969,10,23,"Pork, loin, centre cut (centre steak), boneless, lean, raw","Porc, longe, milieu, désossé, maigre, cru",2026-01-28,,10094.0,
1970,1970,10,23,"Pork, loin, centre cut (centre steak), boneless, lean, broiled","Porc, longe, milieu, désossé, maigre, grillé",2026-01-28,,10163.0,
1971,1971,10,23,"Pork, shoulder, butt, blade (boneless), lean and fat, raw","Porc, épaule soc (désossé), maigre et gras, cru",2026-01-28,,10080.0,
1972,1972,10,23,"Pork, shoulder, butt (blade, boneless), lean and fat, roasted","Porc, épaule, soc (désossé), maigre et gras, rôti",2026-01-28,,10083.0,
1973,1973,10,23,"Pork, shoulder, butt, blade (boneless), lean, raw","Porc, épaule, soc (désossé), maigre, cru",2026-01-28,,10084.0,
1974,1974,10,23,"Pork, shoulder, butt (blade boneless), lean, roasted","Porc, épaule, soc (désossé), maigre, rôti",2026-01-28,,10087.0,
1977,1977,10,23,"Pork, cured, ham, whole, lean, 30% salt reduced, unheated","Porc, salé, jambon entier, maigre, 30% réduit de sel, non chauffé",2012-06-28,,10152.0,
1978,1978,10,23,"Pork, cured, ham, shoulder, picnic, boneless, lean, unheated","Porc, salé, jambon, épaule, picnic, désossé, maigre, non chauffé",2014-06-04,,10169.0,
1979,1979,10,23,"Pork, cured, bacon bits, cooked","Porc, salé, bacon en miettes, grillé",2012-06-22,,,
1981,1981,10,0,"Pork, cured, back bacon (cornmeal, peameal), uncooked","Porc, salé, bacon de dos (semoule de maïs), non chauffé",2012-09-24,,10130.0,
1982,1982,11,0,"Alfalfa seeds, sprouted, raw","Luzerne, graines germées, crues",2012-07-11,,11001.0,Medicago sativa
1984,1984,11,0,"Amaranth leaves, fresh","Amarante, feuilles, fraîches",2012-07-11,,11003.0,Amaranthus spp.
1985,1985,11,0,"Amaranth leaves, boiled, drained","Amarante, feuilles, bouillies, égouttées",2012-07-11,,11004.0,
1986,1986,11,0,"Arrowhead, raw","Sagittaire, crue",2012-07-11,,11005.0,Sagittaria latifolia
1987,1987,11,0,"Arrowhead, boiled, drained","Sagittaire, bouillie, égouttée",2012-07-11,,11006.0,
1988,1988,11,0,"Artichoke (Globe, French), frozen, unprepared","Artichaut, congelé, non préparé",2012-07-11,,11009.0,
1989,1989,11,0,"Artichoke (Globe, French), frozen, boiled, drained","Artichaut, congelé, bouilli, égoutté",2012-07-11,,11010.0,
1990,1990,11,0,"Asparagus, raw","Asperge, crue",2012-07-11,,11011.0,Asparagus officinalis
1991,1991,11,0,"Asparagus, boiled, drained","Asperge, bouillie, égouttée",2012-07-11,,11012.0,
1992,1992,11,0,"Asparagus, canned, solids and liquid","Asperge, conserve, solides et liquide",2012-07-11,,11013.0,
1993,1993,11,0,"Asparagus, frozen, unprepared","Asperge, congelée, non préparée",2012-07-11,,11018.0,
1994,1994,11,0,"Asparagus, frozen, boiled, drained","Asperge, congelée, bouillie, égouttée",2012-07-11,,11019.0,
1995,1995,11,0,"Balsam-pear (bitter gourd, bitter melon), leafy tips, raw","Margose, feuilles tendres, crues",2012-07-11,,11022.0,Momordica charantia
1996,1996,11,0,"Balsam-pear (bitter gourd, bitter melon), leafy tips, boiled, drained","Margose, feuilles tendres, bouillies, égouttées",2012-07-11,,11023.0,
1997,1997,11,0,"Balsam-pear (bitter gourd, bitter melon), pods, raw","Margose, fruits, crus",2012-07-11,,11024.0,Momordica charantia
1998,1998,11,0,"Balsam-pear (bitter gourd, bitter melon), pods, boiled, drained","Margose, fruits, bouillis, égouttés",2012-07-11,,11025.0,
1999,1999,11,0,"Bamboo shoots, raw","Bambou, pousses, crues",2026-01-28,,11026.0,Phyllostachys spp.
2000,2000,11,0,"Bamboo shoots, boiled, drained","Bambou, pousses, bouillies, égouttées",2026-01-28,,11027.0,
2001,2001,11,0,"Beans, kidney, sprouted, raw","Haricots communs, grains immatures, germés, crus",2026-01-28,,11029.0,Phaseolus vulgaris
2002,2002,11,0,"Beans, kidney, sprouted, boiled, drained","Haricots communs, grains immatures, germés, bouillis, égouttés",2026-01-28,,11030.0,
2003,2003,11,0,"Beans, lima, raw","Haricots, lima, crus",2026-01-28,,11031.0,Phaseollus lunatus
2004,2004,11,0,"Beans, lima, boiled, drained","Haricots, lima, bouillis, égouttés",2026-01-28,,11032.0,
2005,2005,11,0,"Beans, lima, canned, solids and liquid","Haricots, lima, conserve, solides et liquide",2026-01-28,,11033.0,
2006,2006,11,0,"Beans, lima (fordhook), frozen, unprepared","Haricots, lima (fordhook), congelés, non préparés",2026-01-28,,11037.0,
2007,2007,11,0,"Beans, lima (fordhook), frozen, boiled, drained","Haricots, lima (fordhook), congelés, bouillis, égouttés",2026-01-28,,11038.0,
2008,2008,11,0,"Beans, mung, mature seeds, sprouted, bean sprouts, raw","Haricots, mungo, grains immatures, germés, germes de haricot, crus",2026-01-28,,11043.0,Vigna radiata
2009,2009,11,0,"Beans, mung, mature seeds, sprouted, bean sprouts, boiled, drained","Haricots, mungo, grains immatures, germés, germes de haricot, bouillis, égouttés",2026-01-28,,11044.0,
2010,2010,11,0,"Beans, mung, mature seeds, sprouted, bean sprouts, stir-fried, no fat added","Haricots, mungo, grains immatures, germés, germes de haricot, sautés, sans gras ajouté",2026-01-28,,11045.0,
2011,2011,11,0,"Beans, navy, mature seeds, sprouted, raw","Haricots, petits blancs, grains immatures, germés, crus",2026-01-28,,11046.0,Phaseolus vulgaris
2012,2012,11,0,"Beans, navy, mature seeds, sprouted, boiled, drained","Haricots, petits blancs, grains immatures, germés, bouillis, égouttés",2026-01-28,,11047.0,
2013,2013,11,0,"Beans, pinto, immature seeds, frozen, unprepared","Haricots, pinto, grains immatures, congelés, non préparés",2026-01-28,,11048.0,
2014,2014,11,0,"Beans, pinto, frozen, boiled, drained","Haricots, pinto, congelés, bouillis, égouttés",2026-01-28,,11049.0,
2015,2015,11,0,"Beans, shellie, canned, solids and liquid","Haricots, shellie, conserve, solides et liquide",2026-01-28,,11050.0,
2016,2016,11,0,"Beans, snap (Italian, green or yellow), canned, solids and liquid","Haricots italiens, jaunes ou verts, conserve, solides et liquide",2026-01-28,,11054.0,
2017,2017,11,0,"Beans, snap (Italian, green or yellow), canned, seasoned, solids and liquid","Haricots italiens, jaunes ou verts, conserve, assaisonés, solides et liquide",2026-01-28,,11058.0,
2018,2018,11,0,"Beans, snap (Italian, green or yellow), frozen, unprepared","Haricots italiens, verts ou jaunes, congelés, non préparés",2026-01-28,,11060.0,
2019,2019,11,0,"Beans, snap (Italian, green or yellow), frozen, boiled, drained","Haricots italiens, verts ou jaunes, congelés, bouillis, égouttés",2026-01-28,,11061.0,
2020,2020,11,0,"Beets, canned, solids and liquid","Betteraves, conserve, solides et liquide",2012-07-11,,11082.0,
2021,2021,11,0,"Beet greens, raw","Betterave, feuilles, crues",2012-07-11,,11086.0,Beta vulgaris
2022,2022,11,0,"Beet greens, boiled, drained","Betterave, feuilles, bouillies, égouttées",2012-07-11,,11087.0,
2023,2023,11,0,"Broadbeans (fava beans), fresh, raw","Gourganes (fèves des marais, fava), fraîches, crues",2026-01-28,,11088.0,Vicia faba
2024,2024,11,0,"Broadbeans (fava beans), fresh, boiled, drained","Gourganes (fèves des marais, fava), fraîches, bouillies, égouttées",2026-01-28,,11089.0,Vicia faba
2025,2025,11,0,"Broccoli, frozen, spears, unprepared","Brocoli, congelé, tiges et têtes, non préparées",2012-07-11,,11094.0,
2026,2026,11,0,"Broccoli, frozen, spears, boiled, drained","Brocoli, congelé, tiges et têtes, bouillies, égouttées",2012-07-11,,11095.0,
2027,2027,11,0,"Brussels sprouts, frozen, unprepared","Choux de Bruxelles, congelés, non préparés",2026-01-27,,11100.0,
2028,2028,11,0,"Brussels sprouts, frozen, boiled, drained","Choux de Bruxelles, congelés, bouillis, égouttés",2012-07-11,,11101.0,
2029,2029,11,0,"Burdock root, raw","Bardane (glouteron), racine, crue",2012-07-11,,11104.0,Arctium lappa
2030,2030,11,0,"Burdock root, boiled, drained","Bardane (glouteron), racine, bouillie, égouttée",2012-07-11,,11105.0,
2031,2031,11,0,"Butterbur (fuki), raw","Pétasite commun, cru",2026-01-28,,11106.0,Petasites japonicus
2032,2032,11,0,"Butterbur (fuki), boiled, drained","Pétasite commun, bouilli, égoutté",2026-01-28,,11107.0,
2033,2033,11,0,"Butterbur (fuki), canned","Pétasite commun, conserve",2026-01-28,,11108.0,
2034,2034,11,0,"Cabbage, red, raw","Chou rouge, cru",2012-07-11,,11112.0,Brassica oleracea (Capitata Group)
2035,2035,11,0,"Cabbage, red, boiled, drained","Chou rouge, bouilli, égoutté",2012-07-11,,11113.0,
2036,2036,11,0,"Cabbage, savoy, raw","Chou de Milan (Savoie), cru",2012-07-11,,11114.0,Brassica oleracea (Capitata Group)
2037,2037,11,0,"Cabbage, savoy, boiled, drained","Chou de Milan (Savoie), bouilli, égoutté",2012-07-11,,11115.0,
2038,2038,11,0,"Bok choy, pak-choi, raw","Bok choy, pak-choi, cru",2012-07-11,,11116.0,Brassica rapa (Chinensis Group)
2039,2039,11,0,"Bok choy, pak-choi, boiled drained","Bok choy, pak-choi, bouilli, égoutté",2012-07-11,,11117.0,
2040,2040,11,0,"Cabbage, Chinese (pe-tsai), raw","Chou de Chine (pe-tsai), cru",2012-07-11,,11119.0,Brassica rapa (Pekinensis Group)
2041,2041,11,0,"Cabbage, Chinese (pe-tsai), boiled, drained","Chou de Chine (pe-tsai), bouilli, égoutté",2012-07-11,,11120.0,
2042,2042,11,0,"Cardoon, raw","Cardon, cru",2012-07-11,,11122.0,Cynara cardunculus
2043,2043,11,0,"Cardoon, boiled, drained","Cardon, bouilli, égoutté",2012-08-27,,11123.0,
2044,2044,11,0,"Carrot, canned, solids and liquid","Carotte, conserve, solides et liquide",2012-07-11,,11126.0,
2045,2045,11,0,"Cassava (manioc), raw","Manioc, cru",2012-07-11,,11134.0,Manihot esculenta
2046,2046,11,0,"Cauliflower, boiled, drained","Chou-fleur, bouilli, égoutté",2012-07-11,,11136.0,
2047,2047,11,0,"Cauliflower, frozen, unprepared","Chou-fleur, congelé, non préparé",2012-07-11,,11137.0,
2048,2048,11,0,"Cauliflower, frozen, boiled, drained","Chou-fleur, congelé, bouilli, égoutté",2012-07-11,,11138.0,
2049,2049,11,0,"Celeriac, raw","Céleri-rave, cru",2012-07-11,,11141.0,Apium graveolens
2050,2050,11,0,"Celeriac, boiled, drained","Céleri-rave, bouilli, égoutté",2012-07-11,,11142.0,
2051,2051,11,0,"Celtuce, raw","Laitue-tige, crue",2026-01-28,,11145.0,Lactuca sativa
2052,2052,11,0,"Chard, swiss, raw","Bette à carde, crue",2026-01-28,,11147.0,Beta vulgaris (Cicla Group)
2053,2053,11,0,"Chard, swiss, boiled, drained","Bette à carde, bouillie, égouttée",2026-01-28,,11148.0,
2054,2054,11,0,"Chayote, fruit, raw","Chayotte, fruit, cru",2026-01-28,,11149.0,Sechium edule
2055,2055,11,0,"Chayote, fruit, boiled, drained","Chayotte, fruit, bouilli, égoutté",2026-01-28,,11150.0,
2056,2056,11,0,"Belgium endive (chicory, witloof), raw","Endive de Belgique (chicorée de bruxelles ou witloof), crue",2012-07-11,,11151.0,Cichorium intybus
2057,2057,11,0,"Chicory greens (cichorium intybus), raw","Chicorée, feuilles (cichorium intybus), crue",2012-07-11,,11152.0,Cichorium intybus
2058,2058,11,0,"Chicory roots (cichorium intybus), raw","Chicorée, racine (cichorium intybus), crue",2012-07-11,,11154.0,Cichorium intybus
2059,2059,11,0,"Chives, raw","Ciboulette, crue",2026-01-28,,11156.0,Allium schoenoprasum
2060,2060,11,0,"Chrysanthemum, garland, raw","Chrysanthème des jardins, cru",2026-01-28,,11157.0,Chrysanthemum coronarium
2061,2061,11,0,"Chrysanthemum, garland, boiled, drained","Chrysanthème des jardins, bouilli, égoutté",2026-01-28,,11158.0,
2062,2062,11,0,"Coleslaw (cabbage salad), with dressing, homemade","Chou, salade, avec vinaigrette, faite maison",2026-01-28,,11159.0,
2063,2063,11,0,"Collards, raw","Chou cavalier (collards), cru",2026-01-28,,11161.0,Brassica oleracea (Acephala Group)
2064,2064,11,0,"Collards, boiled, drained","Chou cavalier (collards), bouilli, égoutté",2026-01-28,,11162.0,
2065,2065,11,0,"Collards, frozen, unprepared","Chou cavalier (collards), congelé, non préparé",2026-01-28,,11163.0,
2066,2066,11,0,"Collards, frozen, boiled, drained","Chou cavalier (collards), congelé, bouilli, égoutté",2026-01-28,,11164.0,
2067,2067,11,0,"Coriander (cilantro), raw","Coriandre (cilantro), crue",2012-06-19,,11165.0,Coriandrum sativum
2068,2068,11,0,"Corn, sweet, yellow, on or off the cob, boiled, drained","Maïs sucré, jaune, avec ou sans épi, bouilli, égoutté",2012-07-11,,11168.0,
2069,2069,11,0,"Corn, sweet, canned, brine pack, solids and liquid","Maïs sucré, conserve, saumure, solides et liquide",2012-07-11,,11170.0,
2070,2070,11,0,"Corn, sweet, canned, brine pack, drained solids","Maïs sucré, conserve, saumure, solides égouttés",2026-01-28,,11172.0,
2071,2071,11,0,"Corn, sweet, frozen, kernels on the cob, boiled, drained","Maïs sucré, congelé, épi, bouilli, égoutté",2012-07-11,,11181.0,
2072,2072,11,0,"Corn with red or green peppers, canned, solids and liquid","Maïs avec poivrons rouges ou verts, conserve, solides et liquide",2012-07-11,,11184.0,
2073,2073,11,0,"Cornsalad (lamb's lettuce), raw","Mâche commune, crue",2012-07-11,,11190.0,Valerianella locusta
2074,2074,11,0,"Cowpeas (black-eyed peas), immature seeds, raw","Doliques à oeil noir, grains immatures, crus",2013-01-16,,11191.0,Vigna unguiculata
2075,2075,11,0,"Cowpeas (black-eyed peas), immature seeds, boiled, drained","Doliques à oeil noir, grains immatures, bouillis, égouttés",2013-01-16,,11192.0,
2076,2076,11,0,"Cowpeas (black-eyed peas), immature seeds, frozen, unprepared","Doliques à oeil noir, grains immatures, congelés, non préparés",2013-01-16,,11195.0,
2077,2077,11,0,"Cowpeas (black-eyed peas), immature seeds, frozen, boiled, drained","Doliques à oeil noir, congelés, bouillis, égouttés",2013-01-16,,11196.0,
2078,2078,11,0,"Cowpeas, young pods with seeds, raw","Doliques à oeil noir, jeunes cosses et graines, crues",2012-07-11,,11197.0,Vigna unguiculata
2079,2079,11,0,"Cowpeas, young pods with seeds, boiled, drained","Doliques à oeil noir, jeunes cosses et graines, bouillies, égouttées",2012-07-11,,11198.0,
2080,2080,11,0,"Beans, yardlong, (asparagus bean or cowpea), raw","Haricots asperge (dolique), crus",2026-01-28,,11199.0,Vigna unguiculata
2081,2081,11,0,"Beans, yardlong, (asparagus bean or cowpea), boiled, drained","Haricots asperge (dolique), bouillis, égouttés",2026-01-28,,11200.0,
2082,2082,11,0,"Cowpeas, leafy tips, raw","Doliques à oeil noir, feuilles, crues",2012-07-11,,11201.0,Vigna unguiculata
2083,2083,11,0,"Cowpeas, leafy tips, boiled, drained","Doliques à oeil noir, feuilles, bouillies, égouttées",2012-07-11,,11202.0,
2084,2084,11,0,"Cress, garden, raw","Cresson alénois, cru",2012-07-11,,11203.0,Lepidium sativum
2085,2085,11,0,"Cress, garden, boiled, drained","Cresson alénois, bouilli, égoutté",2012-07-11,,11204.0,
2086,2086,11,0,"Dandelion greens, raw","Pissenlit, feuilles, crues",2012-07-11,,11207.0,Taraxacum officinale
2087,2087,11,0,"Dandelion greens, boiled, drained","Pissenlit, feuilles, bouillies, égouttées",2012-07-11,,11208.0,
2088,2088,11,0,"Eggplant (aubergine, brinjal), raw","Aubergine, crue",2012-07-11,,11209.0,Solanum malongena
2089,2089,11,0,"Eggplant (aubergine, brinjal), boiled, drained","Aubergine, bouillie, égouttée",2012-07-11,,11210.0,
2090,2090,11,0,"Escarole or endive (cichorium endivia), raw","Scarole ou endive (cichorium endivia), crue",2012-07-11,,11213.0,Cichorium endivia
2091,2091,11,0,"Ginger root, raw","Gingembre, racine, crue",2012-06-19,,11216.0,Zingiber officinale
2092,2092,11,0,"Gourd, white flowered (calabash gourd), raw","Calebasse, crue",2026-01-28,,11218.0,Lagenaria siceraria
2093,2093,11,0,"Gourd, white flowered (calabash gourd), boiled, drained","Calebasse, bouillie, égouttée",2026-01-28,,11219.0,
2094,2094,11,0,"Gourd, dishcloth (towelgourd), raw","Courge torchon (towelgourd), crue",2026-01-28,,11220.0,Luffa aegyptiaca
2095,2095,11,0,"Gourd, dishcloth (towelgourd), boiled, drained","Courge torchon (towelgourd), bouillie, égouttée",2026-01-28,,11221.0,
2096,2096,11,0,"Drumstick (horseradish-tree, moringa), leaves, raw","Cassier (ben oléifère, moringa), feuilles, crues",2026-01-28,,11222.0,Moringa oleifera
2097,2097,11,0,"Drumstick (horseradish-tree, moringa), leaves, boiled, drained","Cassier (ben oléifère, moringa), feuilles, bouillies, égouttées",2026-01-28,,11223.0,
2098,2098,11,0,"Beans, hyacinth, immature seeds, raw","Doliques d'Égypte, grains immatures, crus",2026-01-28,,11224.0,Dolichos lablab
2099,2099,11,0,"Beans, hyacinth, immature seeds, boiled, drained","Doliques d'Égypte, grains immatures, bouillis, égouttés",2026-01-28,,11225.0,
2100,2100,11,0,"Jerusalem artichoke (sunchoke), raw","Topinambour, cru",2026-01-28,,11226.0,Helianthus tuberosus
2101,2101,11,0,"Jew's ear (cloud or wood ear, pepeao), raw","Oreilles de Judas, crues",2026-01-28,,11228.0,Auricularia polytricha
2102,2102,11,0,"Jew's ear (cloud or wood ear, pepeao), dried","Oreilles de Judas, séchées",2026-01-28,,11230.0,
2103,2103,11,0,"Jute, potherb, raw","Jute tossa, cru",2012-07-11,,11231.0,Corchorus olitorius
2104,2104,11,0,"Jute, potherb, boiled, drained","Jute tossa, bouilli, égoutté",2012-07-11,,11232.0,
2105,2105,11,0,"Kale, boiled, drained","Chou vert frisé, bouilli, égoutté",2026-01-28,,11234.0,
2106,2106,11,0,"Kale, frozen, unprepared","Chou vert frisé, congelé, non préparé",2026-01-28,,11235.0,
2107,2107,11,0,"Kale, frozen, boiled, drained","Chou vert frisé, congelé, bouilli, égoutté",2026-01-28,,11236.0,
2108,2108,11,0,Kanpyo (dried gourd strips),Kanpyo (tranches de courge séchées),2012-06-21,,11237.0,
2109,2109,11,0,"Kohlrabi, raw","Chou-rave, cru",2026-01-28,,11241.0,Brassica oleracea (Gongylodes Group)
2110,2110,11,0,"Kohlrabi, boiled, drained","Chou-rave, bouilli, égoutté",2026-01-28,,11242.0,
2111,2111,11,0,"Lambsquarters, raw","Chou gras (chenopodes blancs), cru",2012-07-11,,11244.0,Chenopodium album
2112,2112,11,0,"Lambsquarters, boiled, drained","Chou gras (chenopode blanc), bouilli, égoutté",2012-07-11,,11245.0,
2113,2113,11,0,"Lentils, sprouted, raw","Lentilles, germées, crues",2012-07-11,,11248.0,Lens culinaris
2114,2114,11,0,"Lentils, sprouted, stir-fried, no fat added","Lentilles, germées, sautées, sans gras ajouté",2026-01-28,,11249.0,
2115,2115,11,0,"Lettuce, butterhead (Boston, bibb)","Laitue, butterhead (Boston)",2026-01-28,,11250.0,Lactuca sativa
2116,2116,11,0,"Lettuce, cos or romaine","Laitue, romaine",2026-01-28,,11251.0,Lactuca sativa
2117,2117,11,0,"Lettuce, looseleaf","Laitue, frisée",2026-01-28,,11253.0,Lactuca sativa var. crispa
2118,2118,11,0,"Lotus root, raw","Lotus, racine, crue",2012-07-11,,11254.0,Nelumbo nucifera
2119,2119,11,0,"Lotus root, boiled, drained","Lotus, racine, bouillie, égouttée",2012-07-11,,11255.0,
2123,2123,11,0,"Mushroom, boiled, drained","Champignon, bouilli, égoutté",2012-07-11,,11261.0,
2124,2124,11,0,"Mushroom, shiitake, dried","Champignon shiitake, séché",2012-06-21,,11268.0,
2125,2125,11,0,"Mushroom, shiitake, cooked","Champignon shiitake, cuit",2012-07-11,,11269.0,
2126,2126,11,0,"Mustard greens, raw","Moutarde, feuilles, crues",2012-07-11,,11270.0,Brassica juncea
2127,2127,11,0,"Mustard greens, boiled, drained","Moutarde, feuilles, bouillies, égouttées",2012-07-11,,11271.0,
2128,2128,11,0,"Mustard greens, frozen, unprepared","Moutarde, feuilles, congelées, non préparées",2012-07-11,,11272.0,
2129,2129,11,0,"Mustard greens, frozen, boiled, drained","Moutarde, feuilles, congelées, bouillies, égouttées",2012-07-11,,11273.0,
2130,2130,11,0,"Mustard spinach (tendergreen), raw","Moutarde joncée, crue",2012-07-11,,11274.0,Brassica rapa (Perviridis Group)
2131,2131,11,0,"Mustard spinach (tendergreen), boiled, drained","Moutarde joncée, bouillie, égouttée",2012-07-11,,11275.0,
2132,2132,11,0,"New Zealand spinach, raw","Épinards de la Nouvelle-Zélande, crus",2012-07-11,,11276.0,Tetragonia tetragonioides
2133,2133,11,0,"New Zealand spinach, boiled, drained","Épinards de la Nouvelle-Zélande, bouillis, égouttés",2012-07-11,,11277.0,
2134,2134,11,0,"Okra (gumbo), raw","Okra (gombo), cru",2026-01-28,,11278.0,Abelmoschus esculentus
2135,2135,11,0,"Okra (gumbo), boiled, drained","Okra (gombo), bouilli, égoutté",2026-01-28,,11279.0,
2136,2136,11,0,"Okra (gumbo), frozen, unprepared","Okra (gombo), congelé, non préparé",2026-01-28,,11280.0,
2137,2137,11,0,"Okra (gumbo), frozen, boiled, drained","Okra (gombo), congelé, bouilli, égoutté",2026-01-28,,11281.0,
2138,2138,11,0,"Onion, dehydrated flakes","Oignon, flocons déshydratés",2012-06-21,,11284.0,
2139,2139,11,0,"Onion, canned, solids and liquid","Oignon, conserve, solides et liquide",2012-07-11,,11285.0,
2140,2140,11,0,"Onion, frozen, chopped, unprepared","Oignon, congelé, haché, non préparé",2012-07-11,,11287.0,
2141,2141,11,0,"Onion, frozen, chopped, boiled, drained","Oignon, congelé, haché, bouilli, égoutté",2012-07-11,,11288.0,
2142,2142,11,0,"Onion, frozen, whole, unprepared","Oignon, congelé, entier, non préparé",2012-07-11,,11289.0,
2143,2143,11,0,"Onion, frozen, whole, boiled, drained","Oignon, congelé, entier, bouilli, égoutté",2012-07-11,,11290.0,
2144,2144,11,0,"Onion, spring (green) or scallion (includes tops and bulb), raw","Oignon, vert (inclus le bout et le bulbe), cru",2026-01-28,,11291.0,Allium cepa or Allium fistulosum
2145,2145,11,0,"Onion, Welsh, raw","Oignon vert (ciboule), cru",2026-01-28,,11293.0,Allium fistulosum
2146,2146,11,0,"Peas, edible-podded (snow peas), boiled, drained","Pois mange-tout, bouillis, égouttés",2012-07-11,,11301.0,
2147,2147,11,0,"Peas, edible-podded (snow peas), frozen, unprepared","Pois mange-tout, congelés, non préparés",2012-07-11,,11302.0,
2148,2148,11,0,"Peas, edible-podded (snow peas), frozen, boiled, drained","Pois mange-tout, congelés, bouillis, égouttés",2012-07-11,,11303.0,
2149,2149,11,0,"Peas, green, canned, solids and liquid","Pois, petits (verts), conserve, solides et liquide",2012-07-11,,11306.0,
2150,2150,11,0,"Peas, green, canned, seasoned, solids and liquid","Pois, petits (verts), conserve, assaisonnés, solides et liquide",2012-07-11,,11310.0,
2151,2151,11,0,"Peas, green, frozen, unprepared","Pois, petits (verts), congelés, non préparés",2012-07-11,,11312.0,
2152,2152,11,0,"Peas, mature seeds, sprouted, raw","Pois, germés, crus",2017-01-17,,11316.0,
2153,2153,11,0,"Peas, mature seeds, sprouted, boiled, drained","Pois, germés, bouillis, égouttés",2017-01-17,,11317.0,
2154,2154,11,0,"Peas and carrots, canned, solids and liquid","Pois et carottes, conserve, solides et liquide",2012-07-11,,11318.0,
2155,2155,11,0,"Peas and carrots, frozen, unprepared","Pois et carottes, congelés, non préparés",2012-07-11,,11322.0,
2156,2156,11,0,"Peas and carrots, frozen, boiled, drained","Pois et carottes, congelés, bouillis, égouttés",2012-07-11,,11323.0,
2157,2157,11,0,"Peas and onions, canned, solids and liquid","Pois et oignons, conserve, solides et liquide",2012-07-11,,11324.0,
2158,2158,11,0,"Peas and onions, frozen, unprepared","Pois et oignons, congelés, non préparés",2012-07-11,,11326.0,
2159,2159,11,0,"Peas and onions, frozen, boiled, drained","Pois et oignons, congelés, bouillis, égouttés",2012-07-11,,11327.0,
2160,2160,11,0,"Pepper, hot chili, red or green, canned, solids and liquid","Piment, fort du Chili, rouge ou vert, conserve, solides et liquide",2012-12-11,,11329.0,
2161,2161,11,0,"Pepper, sweet, green, canned, solids and liquid","Poivron vert, conserve, solides et liquide",2012-07-11,,11335.0,
2162,2162,11,0,"Peas, pigeon, raw","Pois, cajan, crus",2012-07-11,,11344.0,Cajanus cajan
2163,2163,11,0,"Peas, pigeon, boiled, drained","Pois, cajan, bouillis, égouttés",2012-07-11,,11345.0,
2164,2164,11,0,Poi,Poi,2026-01-28,,11349.0,
2165,2165,11,0,"Pokeberry shoots, raw","Phytolaque d'Amérique, pousses, crues",2012-07-11,,11350.0,Phytolacca americana
2166,2166,11,0,"Pokeberry shoots, boiled, drained","Phytolaque d'Amérique, pousses, bouillies, égouttées",2012-07-11,,11351.0,
2167,2167,11,0,"Potato, boiled with skin, skin only","Pomme de terre, bouillie avec la pelure, pelure seulement",2026-01-28,,11366.0,
2168,2168,11,0,"Potato, hashed-brown, homemade","Pomme de terre, rissolée, faite maison",2026-01-28,,11370.0,
2169,2169,11,0,"Potato, mashed, homemade, prepared with whole milk and margarine","Pomme de terre, purée, faite maison, préparée avec lait entier et margarine",2026-01-28,,11371.0,
2170,2170,11,0,"Potato, scalloped, homemade, with butter","Pomme de terre, escaloppe (dauphinoise), faite maison, avec beurre",2026-01-28,,11372.0,
2171,2171,11,0,"Potato, au gratin, homemade, with butter","Pomme de terre, au gratin, faite maison, avec beurre",2026-01-28,,11373.0,
2172,2172,11,0,"Potato, canned, solids and liquid","Pomme de terre, conserve, solides et liquide",2026-01-28,,11374.0,
2173,2173,11,0,"Potato, mashed, dehydrated, granules without milk, unprepared","Pomme de terre, purée, déshydratée, granules sans lait, non préparée",2026-01-28,,11380.0,
2174,2174,11,0,"Potato, mashed, dehydrated, granules without milk, whole milk and butter added","Pomme de terre, purée, déshydratée, granules sans lait, lait entier et beurre ajouté",2026-01-28,,11381.0,
2175,2175,11,0,"Potato, mashed, dehydrated, granules with milk, unprepared","Pomme de terre, purée, déshydratée, granules avec lait, non préparée",2026-01-28,,11382.0,
2176,2176,11,0,"Potato, mashed, dehydrated, granules with milk, water and margarine added","Pomme de terre, purée, déshydratée, granules avec lait, eau et margarine ajoutées",2026-01-28,,11383.0,
2177,2177,11,0,"Potato, au gratin, dry mix, unprepared","Pomme de terre, au gratin, mélange sec, non préparé",2026-01-28,,11384.0,
2178,2178,11,0,"Potato, au gratin, dry mix, prepared with water, whole milk and butter","Pomme de terre, au gratin, mélange sec, préparé avec eau, lait entier et beurre",2026-01-28,,11385.0,
2179,2179,11,0,"Potato, hashed brown, frozen, with butter sauce, unprepared","Pomme de terre, rissolée, congelée, avec sauce au beurre, non préparée",2026-01-28,,11392.0,
2180,2180,11,0,"Potato, hashed brown, frozen, with butter sauce, prepared","Pomme de terre, rissolée, congelée, avec sauce au beurre, préparée",2026-01-28,,11393.0,
2181,2181,11,0,"Potato, O'brien, frozen, unprepared","Pomme de terre, O'brien, congelée, non préparée",2026-01-28,,11396.0,
2182,2182,11,0,"Potato, O'brien, frozen, prepared","Pomme de terre, O'brien, congelée, préparée",2026-01-28,,11397.0,
2183,2183,11,0,"Potato, whole, peeled, frozen, unprepared","Pomme de terre, entière, pelée, congelée, non préparée",2026-01-28,,11400.0,
2184,2184,11,0,"Potato, whole, frozen, boiled, drained","Pomme de terre, entière, congelée, bouillie, égouttée",2026-01-28,,11401.0,
2185,2185,11,0,"Potato, french-fried, frozen, restaurant prepared, fried in vegetable oil and animal fat","Pomme de terre, frite, congelée, préparée au restaurant, frite dans l'huile végétale et gras animal",2026-01-28,,,
2186,2186,11,0,"Potato, french-fried, frozen, extruded, unprepared","Pomme de terre, frite, congelée, extrudée, non préparée",2026-01-28,,11408.0,
2187,2187,11,0,"Potato salad, homemade","Pomme de terre, salade, faite maison",2026-01-28,,11414.0,
2188,2188,11,0,"Pumpkin flowers, raw","Citrouille, fleurs, crues",2012-07-11,,11416.0,Cucurbita spp.
2189,2189,11,0,"Pumpkin flowers, boiled, drained","Citrouille, fleurs, bouillies, égouttées",2012-07-11,,11417.0,
2190,2190,11,0,"Pumpkin leaves, raw","Citrouille, feuilles, crues",2012-07-11,,11418.0,Cucurbita spp.
2191,2191,11,0,"Pumpkin leaves, boiled, drained","Citrouille, feuilles, bouillies, égouttées",2012-07-11,,11419.0,
2192,2192,11,0,"Pumpkin, canned","Citrouille, conserve",2012-07-11,,11424.0,
2193,2193,11,0,"Pumpkin pie mix, canned","Citrouille, mélange à tarte, conserve",2012-07-06,,11426.0,
2194,2194,11,0,"Purslane, raw","Pourpier, cru",2012-07-11,,11427.0,Portulaca oleracea
2195,2195,11,0,"Purslane, boiled, drained","Pourpier, bouilli, égoutté",2012-07-11,,11428.0,
2196,2196,11,0,"Radish, oriental (daikon), raw","Radis, orientaux (daikon), crus",2012-07-11,,11430.0,Raphanus sativus (Longipinratus Group)
2197,2197,11,0,"Radish, oriental (daikon), boiled, drained","Radis, oriental (daikon), bouilli, égoutté",2012-07-11,,11431.0,
2198,2198,11,0,"Radish, oriental (daikon), dried","Radis, orientaux (daikon), séchés",2012-07-11,,11432.0,
2199,2199,11,0,"Salsify (oysterplant, vegetable oyster), raw","Salsifis, cru",2012-07-11,,11437.0,Tragopogon porrifolius
2200,2200,11,0,"Salsify (oysterplant, vegetable oyster), boiled, drained","Salsifis, bouilli, égoutté",2012-07-11,,11438.0,
2201,2201,11,0,"Sauerkraut, canned, solids and liquid","Choucroute, conserve, solides et liquide",2012-07-11,,11439.0,
2202,2202,11,0,"Seaweed, agar, raw","Algue, agar, crue",2012-07-27,,11442.0,Eucheuma spp.
2203,2203,11,0,"Seaweed, irishmoss, raw","Algue, mousse d'Irlande, crue",2012-07-11,,11444.0,Chondrus crispus
2204,2204,11,0,"Seaweed, kelp (kombu, tangle), raw","Algue, varech (kelp, kombu, tangle), crue",2012-07-11,,11445.0,Laminaria spp.
2205,2205,11,0,"Seaweed, dulse (laver, nori), raw","Algue, rhodyménie palmé (main de mere, nori), crue",2012-07-11,,11446.0,Porphyra laciniata
2206,2206,11,0,"Sesbania flowers, raw","Fagotier, fleurs, crues",2012-07-11,,11447.0,Sesbania spp.
2207,2207,11,0,"Sesbania flowers, steamed","Fagotier, fleurs, cuites à la vapeur",2012-07-11,,11448.0,
2208,2208,11,0,"Soybeans, green (edamame), raw","Fèves, soya frais (edamame), crues",2026-01-28,,11450.0,Glycine max
2209,2209,11,0,"Soybeans, green (edamame), boiled, drained","Fèves, soya frais (edamame), bouillies, égouttées",2026-01-28,,11451.0,
2210,2210,11,0,"Soybeans, mature seeds, sprouted, bean sprouts, raw","Fèves, soya, grains immatures, germées, germes de haricot, crues",2026-01-28,,11452.0,Glycine max
2211,2211,11,0,"Soybeans, mature seeds, sprouted, bean sprouts, steamed","Fèves, soya, grains immatures, germées, germes de haricot, cuites à la vapeur",2026-01-28,,11453.0,
2212,2212,11,0,"Soybeans, mature seeds, sprouted, bean sprouts, stir-fried, no fat added","Fèves, soya, grains immatures, germées, germes de haricot, sautées, sans gras ajouté",2026-01-28,,11454.0,
2213,2213,11,0,"Spinach, raw","Épinard, cru",2012-07-11,,11457.0,Spinacia oleracea
2214,2214,11,0,"Spinach, boiled, drained","Épinard, bouilli, égoutté",2012-07-11,,11458.0,
2215,2215,11,0,"Spinach, canned, solids and liquid","Épinard, conserve, solides et liquide",2012-07-11,,11459.0,
2216,2216,11,0,"Spinach, frozen, unprepared","Épinard, congelé, non préparé",2012-07-11,,11463.0,
2217,2217,11,0,"Spinach, frozen, boiled, drained","Épinard, congelé, bouilli, égoutté",2012-07-11,,11464.0,
2218,2218,11,0,"Squash, summer, crookneck, raw","Courge d'été, musquée, crue",2012-07-11,,11467.0,Cucurbita spp.
2219,2219,11,0,"Squash, summer, crookneck, boiled, drained","Courge d'été, musquée, bouillie, égouttée",2026-01-28,,11468.0,
2220,2220,11,0,"Squash, summer, crookneck, canned, drained solids","Courge d'été, musquée, conserve, solides égouttés",2012-07-11,,11471.0,
2221,2221,11,0,"Squash, summer, crookneck, frozen, unprepared","Courge d'été, musquée, congelée, non préparée",2012-07-11,,11473.0,
2222,2222,11,0,"Squash, summer, crookneck, frozen, boiled, drained","Courge d'été, musquée, congelée, bouillie, égouttée",2012-07-11,,11474.0,
2223,2223,11,0,"Squash, summer, scallop, raw","Courge d'été, pâtisson, cru",2012-07-11,,11475.0,Cucurbita spp.
2224,2224,11,0,"Squash, summer, scallop, boiled, drained","Courge d'été, pâtisson, bouilli, égoutté",2012-07-11,,11476.0,
2225,2225,11,0,"Squash, summer, zucchini, raw","Courge d'été, courgette (zucchini), crue",2012-07-11,,11477.0,Cucurbita spp.
2226,2226,11,0,"Squash, summer, zucchini, boiled, drained","Courge d'été, courgette (zucchini), bouillie, égouttée",2012-07-11,,11478.0,
2227,2227,11,0,"Squash, summer, zucchini, frozen, unprepared","Courge d'été, courgette (zucchini), congelée, non préparée",2012-07-11,,11479.0,
2228,2228,11,0,"Squash, summer, zucchini, frozen, boiled, drained","Courge d'été, courgette (zucchini), congelée, bouillie, égouttée",2012-07-11,,11480.0,
2229,2229,11,0,"Squash, summer, zucchini in tomato juice, canned","Courge d'été, courgette (zucchini) avec jus de tomates, conserve",2012-07-11,,11481.0,
2230,2230,11,0,"Succotash, raw","Succotash, cru",2012-07-11,,11495.0,
2231,2231,11,0,"Succotash, boiled, drained","Succotash, bouilli, égoutté",2012-07-11,,11496.0,
2232,2232,11,0,"Succotash, canned with cream style corn","Succotash, conserve avec maïs en crème",2012-07-11,,11497.0,
2233,2233,11,0,"Succotash, canned with whole kernel corn, solids and liquid","Succotash, conserve avec maïs en grains, solides et liquide",2012-07-11,,11499.0,
2234,2234,11,0,"Succotash, frozen, unprepared","Succotash, congelé, non préparé",2012-07-11,,11501.0,
2235,2235,11,0,"Succotash, frozen, boiled, drained","Succotash, congelé, bouilli, égoutté",2012-07-11,,11502.0,
2236,2236,11,0,"Swamp cabbage (skunk cabbage, water convulvolus), raw","Patate aquatique, crue",2012-10-04,,11503.0,Ipomoea aquatica
2237,2237,11,0,"Swamp cabbage (skunk cabbage, water convulvolus), boiled, drained","Patate aquatique, bouillie, égouttée",2012-10-04,,11504.0,
2238,2238,11,0,"Sweet potato leaves, raw","Patate douce, feuilles, crues",2026-01-28,,11505.0,Ipomoea batatas
2239,2239,11,0,"Sweet potato leaves, steamed","Patate douce, feuilles, cuites à la vapeur",2026-01-28,,11506.0,
2240,2240,11,0,"Sweet potato, raw","Patate douce, crue",2026-01-28,,11507.0,Ipomoea batatas
2241,2241,11,0,"Sweet potato, baked, skin removed after baking","Patate douce, cuite au four, pelée après la cuisson",2026-01-28,,11508.0,
2242,2242,11,0,"Sweet potato, boiled without skin","Patate douce, bouillie sans la pelure",2026-01-28,,11510.0,
2243,2243,11,0,"Sweet potato, canned, vacuum pack","Patate douce, conserve, sous vide",2026-01-28,,11512.0,
2244,2244,11,0,"Sweet potato, canned, mashed","Patate douce, conserve, purée",2026-01-28,,11514.0,
2245,2245,11,0,"Sweet potato, frozen, unprepared","Patate douce, congelée, non préparée",2026-01-28,,11516.0,
2246,2246,11,0,"Sweet potato, frozen, baked","Patate douce, congelée, cuite au four",2026-01-28,,11517.0,
2247,2247,11,0,"Taro, raw","Taro, cru",2012-07-11,,11518.0,Colocasia essculenta
2248,2248,11,0,"Taro, cooked","Taro, cuit",2012-07-11,,11519.0,
2249,2249,11,0,"Taro leaves, raw","Taro, feuilles, crues",2012-07-11,,11520.0,Colocasia esculenta
2250,2250,11,0,"Taro leaves, steamed","Taro, feuilles, cuites à la vapeur",2012-07-11,,11521.0,
2251,2251,11,0,"Taro shoots, raw","Taro, pousses, crues",2012-07-11,,11522.0,Colocasia esculenta
2252,2252,11,0,"Taro shoots, cooked","Taro, pousses, cuites",2012-07-11,,11523.0,
2253,2253,11,0,"Taro, Tahitian, raw","Taro, Tahiti, cru",2012-07-11,,11525.0,Colocasia esculenta
2254,2254,11,0,"Taro, Tahitian, cooked","Taro, Tahiti, cuit",2012-07-11,,11526.0,
2255,2255,11,0,"Tomato, green, raw","Tomate, verte, crue",2012-07-11,,11527.0,Solanum Lycopersicum
2257,2257,11,0,"Tomato, red, ripe, canned with green chilies","Tomate, rouge, mûre, conserve avec piments verts",2012-07-11,,11537.0,
2258,2258,11,0,"Tomato products, canned, paste, unsalted","Produits à base de tomates, pâte, conserve, sans sel ajouté",2026-01-28,,11546.0,
2259,2259,11,0,"Tomato products, canned, puree, unsalted","Produits à base de tomates, conserve, purée, sans sel ajouté",2026-01-28,,11547.0,
2260,2260,11,0,Tomato powder,"Tomate, poudre",2012-07-03,,11548.0,
2261,2261,11,0,"Tomato products, canned, sauce, with onions","Produits à base de tomates, conserve, sauce, avec oignons",2014-01-09,,11553.0,
2262,2262,11,0,"Turnip, boiled, drained","Navet, bouilli, égoutté",2012-07-11,,11565.0,
2263,2263,11,0,"Turnip greens, raw","Navet, feuilles, crues",2012-07-11,,11568.0,Brassica rapa (Rapifera Group)
2264,2264,11,0,"Turnip greens, boiled, drained","Navet, feuilles, bouillies, égouttées",2012-07-11,,11569.0,
2265,2265,11,0,"Turnip greens, canned, solids and liquid","Navet, feuilles, conserve, solides et liquide",2012-07-11,,11570.0,
2266,2266,11,0,"Turnip greens, frozen, unprepared","Navet, feuilles, congelées, non préparées",2012-07-11,,11574.0,
2267,2267,11,0,"Turnip greens, frozen, boiled, drained","Navet, feuilles, congelées, bouillies, égouttées",2012-07-11,,11575.0,
2268,2268,11,0,"Turnip greens and turnips, frozen, unprepared","Navet, feuilles et racines, congelées, non préparées",2012-07-11,,11576.0,
2269,2269,11,0,"Turnip greens and turnips, frozen, boiled, drained","Navet, feuilles et racines, congelées, bouillies, égouttées",2012-07-11,,11577.0,
2270,2270,11,0,"Vegetables, mixed, canned, solids and liquid","Légumes, macédoine, conserve, solides et liquide",2026-01-28,,11579.0,
2271,2271,11,0,"Vegetables, mixed, frozen, unprepared","Légumes, macédoine, congelée, non préparée",2026-01-28,,11583.0,
2272,2272,11,0,"Vegetables, mixed, frozen, boiled, drained","Légumes, macédoine, congelée, bouillie, égouttée",2026-01-28,,11584.0,
2273,2273,11,0,"Vine spinach, raw","Baselle, crue",2012-07-11,,11587.0,Basella alba
2274,2274,11,0,"Waterchestnuts, Chinese, raw","Châtaignes d'eau, chinoises, crues",2012-07-11,,11588.0,Eleocharis dulcis
2275,2275,11,0,"Waterchestnuts, Chinese, canned, solids and liquid","Châtaignes d'eau, chinoises, conserve, solides et liquide",2012-07-11,,11590.0,
2276,2276,11,0,"Watercress, raw","Cresson de fontaine, cru",2012-07-11,,11591.0,Nasturtium officinale
2277,2277,11,0,"Waxgourd (Chinese preserving melon), raw","Waxgourd (melon d'eau chinois), cru",2012-07-11,,11593.0,Benincasa hispida
2278,2278,11,0,"Waxgourd (Chinese preserving melon), boiled, drained","Waxgourd (melon d'eau chinois), bouilli, égoutté",2026-01-28,,11594.0,
2279,2279,11,0,"Winged beans (goa bean), green, raw","Pois carrés, verts, crus",2012-07-11,,11595.0,Psophocarpus tetragonolobus
2280,2280,11,0,"Winged beans (goa bean), green, boiled, drained","Pois carrés, verts, bouillis, égouttés",2012-07-11,,11596.0,
2281,2281,11,0,"Winged beans (goa bean) leaves, raw","Pois carrés, feuilles, crues",2012-07-11,,11597.0,Psophocarpus tetragon
2282,2282,11,0,"Winged beans (goa bean) tuber, raw","Pois carrés, tubercule, cru",2012-08-27,,11599.0,Psophocarpus tetragon
2283,2283,11,0,"Yam, raw","Igname, crue",2026-01-28,,11601.0,Dioscorea spp.
2284,2284,11,0,"Yam, boiled, drained or baked","Igname, bouillie, égouttée ou au four",2026-01-28,,11602.0,
2285,2285,11,0,"Yambean (jicama), tuber, raw","Doliques bulbeux (jicama), crus",2016-12-07,,11603.0,Pachyrhizus spp.
2286,2286,11,0,"Yambean (jicama), tuber, boiled, drained","Doliques bulbeux (jicama), bouillis, égouttés",2016-12-07,,11604.0,
2287,2287,11,0,"Borage, raw","Bourrache, crue",2012-07-11,,11613.0,Borago officinalis
2288,2288,11,0,"Borage, boiled, drained","Bourrache, bouillie, égouttée",2012-07-11,,11614.0,
2289,2289,11,0,"Chives, freeze-dried","Ciboulette, lyophilisée",2026-01-28,,11615.0,
2290,2290,11,0,"Dock (sorrel), raw","Oseille, cru",2012-07-11,,11616.0,Rumex spp.
2291,2291,11,0,"Dock (sorrel), boiled, drained","Oseille, bouilli, égoutté",2012-07-11,,11617.0,
2292,2292,11,0,"Eppaw, raw","Eppaw de l'Oregon, cru",2026-01-28,,11618.0,Perideridia oregana
2293,2293,11,0,"Drumstick (horseradish-tree, moringa), pods, raw","Cassier (ben oléifère, moringa), gousses, crues",2026-01-28,,11620.0,Moringa oleifera
2294,2294,11,0,"Drumstick (horseradish-tree, moringa), pods, boiled, drained","Cassier (ben oléifère, moringa), gousses, bouillies, égouttées",2026-01-28,,11621.0,
2295,2295,11,0,"Kale, scotch, raw","Chou à feuilles, non pommé, cru",2026-01-28,,11622.0,Brassica napus (Pabularia Group)
2296,2296,11,0,"Kale, scotch, boiled, drained","Chou à feuilles, non pommé, bouilli, égoutté",2026-01-28,,11623.0,
2297,2297,11,0,"Leeks (bulb and lower-leaf portion), freeze-dried","Poireaux (bulbe et portion inférieure), lyophilisés",2012-06-21,,11624.0,
2298,2298,11,0,"Parsley, freeze-dried","Persil, lyophilisé",2012-07-03,,11625.0,
2299,2299,11,0,"Beans, mung, mature seeds, sprouted, bean sprouts, canned, drained","Haricots, mungo, grains immatures, germés, germes de haricot, conserve, solides égouttés",2026-01-28,,11626.0,
2300,2300,11,0,"Pepper, sweet, green, freeze-dried","Poivron vert, lyophilisé",2012-07-11,,11634.0,
2301,2301,11,0,"Radish, white icicle, raw","Radis, white icicle, cru",2012-07-11,,11637.0,Raphanus sativus
2302,2302,11,0,"Shallot, freeze-dried","Échalote, lyophilisée",2012-07-11,,11640.0,
2303,2303,11,0,"Squash, summer, all varieties, raw","Courge d'été, toutes variétés, crues",2012-07-11,,11641.0,Cucurbita spp.
2304,2304,11,0,"Squash, summer, all varieties, boiled, drained","Courge d'été, toutes variétés, bouillies, égouttées",2012-07-11,,11642.0,
2305,2305,11,0,"Squash, winter, all varieties, raw","Courge d'hiver, toutes variétés, crues",2012-07-11,,11643.0,Cucurbita spp.
2306,2306,11,0,"Squash, winter, all varieties, baked","Courge d'hiver, toutes variétés, cuites au four",2012-07-11,,11644.0,
2307,2307,11,0,"Sweet potato, canned, syrup pack, solids and liquid","Patate douce, conserve, dans du sirop, solides et liquide",2026-01-28,,11645.0,
2308,2308,11,0,"Sweet potato, canned, syrup pack, drained solids","Patate douce, conserve, dans du sirop, solides égouttés",2026-01-28,,11647.0,
2309,2309,11,0,"Tomato products, canned, sauce, spanish style","Produits à base de tomates, conserve, sauce, style espagnol",2014-01-09,,11649.0,
2310,2310,11,0,"Beans, pinto, mature seeds, sprouted, raw","Haricots, pinto, grains immatures, germés, crus",2026-01-28,,11653.0,Phaseolus vulgaris
2311,2311,11,0,"Beans, pinto, mature seeds, sprouted, boiled, drained","Haricots, pinto, grains immatures, germés, bouillis, égouttés",2026-01-28,,11654.0,
2312,2312,11,0,"Carrot juice, canned","Carotte, jus, conserve",2012-07-11,,11655.0,
2313,2313,11,0,"Corn pudding , homemade","Maïs, pouding, fait maison",2026-01-28,,11656.0,
2314,2314,11,0,"Potato, mashed, homemade, prepared with whole milk","Pomme de terre, purée, faite maison, préparée avec lait entier",2026-01-28,,11657.0,
2315,2315,11,0,"Spinach souffle, homemade","Épinard, soufflé, fait maison",2012-06-29,,11658.0,
2316,2316,11,0,"Sweet potato, cooked, candied, homemade","Patate douce, cuite, confite, faite maison",2026-01-28,,11659.0,
2317,2317,11,0,"Tomato, red, ripe, stewed (scalloped with breadcrumbs)","Tomate, rouge, mûre, étuvée (escalopes avec chapelure)",2012-07-11,,11660.0,
2318,2318,11,0,"Seaweed, agar, dried","Algue, agar, séché",2012-06-22,,11663.0,
2319,2319,11,0,"Seaweed, spirulina, raw","Algue, spiruline, crue",2012-07-11,,11666.0,Spirulina spp.
2320,2320,11,0,"Seaweed, spirulina, dried","Algue, spiruline, séchée",2012-06-25,,11667.0,
2321,2321,11,0,"Seaweed, wakame, raw","Algue, wakame, cru",2012-07-11,,11669.0,Undaria spp.
2322,2322,11,0,"Pepper, hot chili, red or green, raw","Piment, fort du Chili, rouge ou verts, cru",2012-12-11,,11670.0,Capsicum frutescens
2323,2323,11,0,"Potato, O'brien, homemade","Pomme de terre, O'brien, faite maison",2026-01-28,,11671.0,
2324,2324,11,0,"Potato pancake, homemade","Pomme de terre, crêpe, faite maison",2026-01-28,,11672.0,
2325,2325,11,0,"Radish seeds, sprouted, with seed, raw","Radis, graines, germées, avec graines, crues",2012-07-11,,11676.0,Raphanus sativus
2326,2326,11,0,"Shallot, raw","Échalote, crue",2026-02-11,,11677.0,Allium ascalonicum
2327,2327,11,0,"Artichoke (Globe, French), boiled, drained, with salt","Artichaut, bouilli, égoutté, sel ajouté",2012-07-11,,11702.0,
2328,2328,11,0,"Beans, snap (Italian, green or yellow), frozen, boiled, with salt","Haricots italiens, jaunes ou verts, congelés, bouillis, sel ajouté",2026-01-28,,11731.0,
2330,2330,11,0,"Beans, snap, yellow, frozen, boiled, with salt","Haricots jaunes, congelés, bouillis, sel ajouté",2026-01-28,,11733.0,
2331,2331,11,0,"Broccoli, frozen, spears, boiled, drained, with salt","Brocoli, congelé, tiges et têtes, bouillies, égouttées, sel ajouté",2012-07-11,,11744.0,
2332,2332,11,0,"Collards, boiled, drained, with salt","Chou cavalier (collards), bouilli, égoutté, sel ajouté",2026-01-28,,11768.0,
2333,2333,11,0,"Cowpeas (black-eyed peas), immature seeds, boiled, drained, with salt","Doliques à oeil noir, bouillis, égouttés, sel ajouté",2026-01-28,,11777.0,
2335,2335,11,0,"Potato, mashed, dehydrated, granules without milk, prepared with whole milk and margarine","Pomme de terre, purée, déshydratée, granules sans lait, préparée avec lait entier et margarine",2026-01-28,,11929.0,
2336,2336,11,0,"Potato, mashed, homemade, prepared with whole milk and butter","Pomme de terre, purée, faite maison, préparée avec lait entier et beurre",2026-01-28,,11934.0,
2337,2337,11,0,"Pickles, cucumber, sweet","Marinades, cornichons sucrés",2012-07-03,,11940.0,
2338,2338,11,0,"Pickles, cucumber, sour","Marinades, cornichons sûrs",2012-07-03,,11941.0,
2339,2339,11,0,"Pickle relish, hot dog","Marinades, relish, chien chaud (hot-dog)",2012-09-07,,11944.0,
2340,2340,11,0,"Pickle relish, sweet","Marinades, relish, sucrée",2012-09-07,,11945.0,
2341,2341,11,0,"Pickles, cucumber, sour, low sodium","Marinades, cornichons sûrs, faible en sodium",2012-07-03,,11946.0,
2342,2342,11,0,"Pickles, cucumber, sweet, low sodium","Marinades, cornichons sucrés, faible en sodium",2012-07-03,,11948.0,
2343,2343,11,0,"Mushroom, enoki, raw","Champignon, enoki, cru",2026-01-28,,11950.0,Flammulina veluptipes
2344,2344,11,0,"Pepper, sweet, yellow, raw","Poivron jaune, cru",2012-07-11,,11951.0,Capsicum annuum
2345,2345,11,0,"Radicchio, raw","Radicchio, cru",2012-07-11,,11952.0,Cichorium intybus
2346,2346,11,0,"Squash, summer, zucchini, baby, raw","Courges d'été, courgettes (zucchini), naines, crues",2012-07-11,,11953.0,Cucurbita spp.
2347,2347,11,0,"Tomatillo, raw","Tomatille, crue",2013-02-12,,11954.0,Physalis philadelphica
2348,2348,11,0,"Tomato, sun-dried","Tomate, séchée au soleil",2012-06-25,,11955.0,
2349,2349,11,0,"Tomato, sun-dried, packed in oil, drained","Tomate, séchée au soleil, empaquetée dans l'huile, égouttée",2012-06-25,,11956.0,
2350,2350,11,0,"Fennel, bulb, raw","Fenouil, bulbe, cru",2012-07-11,,11957.0,Foeniculum vulgare
2351,2351,11,0,"Pickle relish, hamburger","Marinades, relish, hambourgeois",2012-09-07,,11958.0,
2352,2352,11,0,"Arugula, raw","Roquette (arugula), crue",2012-07-11,,11959.0,Eruca sativa
2353,2353,11,0,"Carrot, baby, raw","Carotte, petite, crue",2026-01-28,,11960.0,Daucus carota
2354,2354,11,0,"Hearts of palm, canned","Palmiers, coeurs, conserve",2026-01-28,,11961.0,
2355,2355,11,0,"Pepper, hot chili, red, sun-dried","Piment, fort du Chili, rouge, séché au soleil",2012-06-21,,11962.0,
2356,2356,11,0,"Nopales (prickly pear), raw","Nopales (figue de Barbarie), crus",2012-07-11,,11963.0,Nopalea cochenillifera
2357,2357,11,0,"Nopales (prickly pear), cooked","Nopales (figue de Barbarie), cuits",2012-07-11,,11964.0,
2358,2358,11,0,"Cauliflower, green, raw","Chou-fleur, vert, cru",2012-07-11,,11965.0,Brassica oleracea (Botrytis group)
2359,2359,11,0,"Cauliflower, green, boiled","Chou-fleur, vert, bouilli",2012-07-11,,11967.0,
2360,2360,11,0,"Cauliflower, green, boiled, with salt","Chou-fleur, vert, bouilli, sel ajouté",2012-07-11,,11968.0,
2361,2361,11,3,"Cabbage, raw","Chou, cru",2012-07-11,,11109.0,Brassica oleracea (Capitata Group)
2362,2362,11,3,"Cabbage, boiled, drained","Chou, bouilli, égoutté",2012-07-11,,11110.0,
2363,2363,11,3,"Cucumber, raw","Concombre, cru",2012-07-11,,11205.0,Cucumis sativus
2364,2364,11,3,"Artichoke (Globe, French), raw","Artichaut, cru",2012-07-11,,11007.0,Cynara scolymus
2365,2365,11,3,"Artichoke (Globe, French), boiled, drained","Artichaut, bouilli, égoutté",2012-07-11,,11008.0,
2366,2366,11,3,"Asparagus, canned, drained solids","Asperge, conserve, égouttée",2012-07-11,,11015.0,
2367,2367,11,3,"Bamboo shoots, canned, drained solids","Bambou, pousses, conserve, égouttées",2012-07-11,,11028.0,
2368,2368,11,3,"Beans, lima, baby, frozen, unprepared","Haricots, lima, petits, congelés, non préparés",2026-01-28,,11039.0,
2369,2369,11,3,"Beans, lima, baby, frozen, boiled, drained","Haricots, lima, petits, congelés, bouillis, égouttés",2026-01-28,,11040.0,
2370,2370,11,3,"Beans, snap (Italian, green or yellow), raw","Haricots italiens, jaunes ou verts, crus",2026-01-28,,11052.0,Phaseolus vulgaris
2371,2371,11,3,"Beans, snap (Italian, green or yellow), boiled, drained","Haricots italiens, jaunes ou verts, bouillis, égouttés",2026-01-28,,11053.0,
2372,2372,11,3,"Beans, snap (Italian, green or yellow), canned, drained solids","Haricots italiens, jaunes ou verts, conserve, solides égouttés",2026-01-28,,11056.0,
2373,2373,11,3,"Beets, canned, drained solids","Betteraves, conserve, solides égouttés",2012-07-11,,11084.0,
2374,2374,11,3,"Broccoli, raw","Brocoli, cru",2026-01-28,,11090.0,Brassica oleracea var. italica
2375,2375,11,3,"Broccoli, boiled, drained","Brocoli, bouilli, égoutté",2026-01-28,,11091.0,
2376,2376,11,3,"Broccoli, frozen, chopped, unprepared","Brocoli, congelé, haché, non préparé",2012-07-11,,11092.0,
2377,2377,11,3,"Broccoli, frozen, chopped, boiled, drained","Brocoli, congelé, haché, bouilli, égoutté",2012-07-12,,11093.0,
2378,2378,11,3,"Brussels sprouts, raw","Choux de Bruxelles, crus",2012-07-11,,11098.0,Brassica oleracea (Gemmifera Group)
2379,2379,11,3,"Brussels sprouts, boiled, drained","Choux de Bruxelles, bouillis, égouttés",2012-07-11,,11099.0,
2380,2380,11,3,"Carrot, raw","Carotte, crue",2026-01-28,,11124.0,Daucus carota
2381,2381,11,3,"Carrot, boiled, drained","Carotte, bouillie, égouttée",2012-07-11,,11125.0,
2382,2382,11,3,"Carrot, canned, drained solids","Carotte, conserve, solides égouttés",2012-07-11,,11128.0,
2383,2383,11,3,"Carrot, frozen, unprepared","Carotte, congelée, non préparée",2012-07-11,,11130.0,
2384,2384,11,3,"Carrot, frozen, boiled, drained","Carotte, congelée, bouillie, égouttée",2012-07-11,,11131.0,
2385,2385,11,3,"Cauliflower, raw","Chou-fleur, cru",2012-07-11,,11135.0,Brassica oleracea (Botrytis Group)
2386,2386,11,3,"Celery, raw","Céleri, cru",2026-01-28,,11143.0,Apium graveolens
2387,2387,11,3,"Celery, boiled, drained","Céleri, bouilli, égoutté",2012-07-11,,11144.0,
2388,2388,11,3,"Corn, sweet, yellow, raw","Maïs sucré, jaune, cru",2012-07-11,,11167.0,Zea mays
2389,2389,11,3,"Corn, sweet, canned, cream style","Maïs sucré, conserve, en crème",2026-01-28,,11174.0,
2390,2390,11,3,"Corn, sweet, canned, vacuum pack, niblets","Maïs sucré, conserve, emballage sous vide, grains entiers",2012-07-11,,11176.0,
2391,2391,11,3,"Corn, sweet, yellow, frozen, kernels cut off the cob, unprepared","Maïs sucré, jaune, congelé, en grains, non préparé",2012-07-11,,11178.0,
2392,2392,11,3,"Corn, sweet, yellow, frozen, kernels cut off the cob, boiled, drained","Maïs sucré, jaune, congelé, en grains, bouilli, égoutté",2012-07-11,,11179.0,
2393,2393,11,3,"Corn, sweet, frozen, kernels on the cob, unprepared","Maïs sucré, congelé, en épi, non préparé",2012-07-11,,11180.0,
2394,2394,11,3,"Garlic, raw","Ail, cru",2012-06-19,,11215.0,Allium sativum
2395,2395,11,3,"Kale, raw","Chou vert frisé, cru",2026-01-28,,11233.0,Brassica oleracea (Acephala Group)
2396,2396,11,3,"Leeks (bulb and lower-leaf portion), raw","Poireaux (bulbe et portion inférieure), crus",2012-07-11,,11246.0,Allium ampeloprasum
2397,2397,11,3,"Leeks (bulb and lower-leaf portion), boiled, drained","Poireaux (bulbe et portion inférieure), bouillis, égouttés",2012-07-11,,11247.0,
2398,2398,11,3,"Lettuce, iceberg","Laitue, iceberg (pommée)",2026-01-28,,11252.0,Lactuca sativa
2399,2399,11,3,"Mushroom, white, raw","Champignon, blanc, cru",2012-07-11,,11260.0,Agaricus bisporus
2400,2400,11,3,"Mushroom, canned, drained solids","Champignon, conserve, solides égouttés",2012-07-11,,11264.0,
2401,2401,11,3,"Onion, raw","Oignon, cru",2012-07-11,,11282.0,Allium cepa
2402,2402,11,3,"Onion, boiled, drained","Oignon, bouilli, égoutté",2012-07-11,,11283.0,
2403,2403,11,3,"Onion rings, breaded, par-fried, frozen, unprepared","Oignons en rondelles, panés, pré-frits, congelés, non préparés",2026-01-28,,11295.0,
2404,2404,11,3,"Onion rings, breaded, par fried, frozen, heated in oven","Oignons en rondelles, panés, pré-frits, congelés, chauffés au four",2026-01-28,,11296.0,
2405,2405,11,3,"Parsley, fresh","Persil, frais",2012-06-21,,11297.0,Petroselinum crispum
2406,2406,11,3,"Parsnip, raw","Panais, cru",2012-07-11,,11298.0,Pastinaca sativa
2407,2407,11,3,"Parsnip, boiled, drained","Panais, bouilli, égoutté",2012-07-11,,11299.0,
2408,2408,11,3,"Peas, edible-podded (snow peas), raw","Pois mange-tout, crus",2012-07-11,,11300.0,Pisum sativum
2409,2409,11,3,"Peas, green, raw","Pois, petits (verts), crus",2012-07-11,,11304.0,Pisum sativum
2410,2410,11,3,"Peas, green, boiled, drained","Pois, petits (verts), bouillis, égouttés",2012-07-11,,11305.0,
2411,2411,11,3,"Peas, green, canned, drained solids","Pois, petits (verts), conserve, solides égouttés",2012-07-11,,11308.0,
2412,2412,11,3,"Peas, green, frozen, boiled, drained","Pois, petits (verts), congelés, bouillis, égouttés",2012-07-11,,11313.0,
2413,2413,11,3,"Pepper, sweet, green, raw","Poivron vert, cru",2012-07-11,,11333.0,Capsicum annuum
2414,2414,11,3,"Pepper, sweet, green, boiled, drained","Poivron vert, bouilli, égoutté",2012-07-11,,11334.0,
2415,2415,11,3,"Pepper, sweet, green, frozen, chopped, unprepared","Poivron vert, congelé, haché, non préparé",2012-07-11,,11337.0,
2416,2416,11,3,"Pepper, sweet, green, frozen, chopped, boiled, drained","Poivron vert, congelé, haché, bouilli, égoutté",2012-07-11,,11338.0,
2417,2417,11,11,"Potato, flesh, raw","Pomme de terre, chair, crue",2026-01-28,,,Solanum tuberosum
2418,2418,11,3,"Potato, skin, raw","Pomme de terre, pelure, crue",2026-01-28,,11362.0,Solanum tuberosum
2419,2419,11,3,"Potato, flesh, baked","Pomme de terre, chair, cuite au four",2026-01-28,,11363.0,
2420,2420,11,3,"Potato, skin, baked","Pomme de terre, pelure, cuite au four",2026-01-28,,11364.0,
2421,2421,11,3,"Potato, boiled with skin, flesh","Pomme de terre, bouillie avec la pelure, chair",2026-01-28,,11365.0,
2422,2422,11,3,"Potato, boiled without skin, flesh","Pomme de terre, bouillie sans pelure, chair",2026-01-28,,11367.0,
2423,2423,11,3,"Potato, flesh, cooked in skin, microwaved","Pomme de terre, chair, cuite au four à micro-ondes avec la pelure",2026-01-28,,11368.0,
2424,2424,11,3,"Potato, skin, cooked in skin, microwaved","Pomme de terre, pelure, cuite au four à micro-ondes avec la pelure",2026-01-28,,11369.0,
2425,2425,11,3,"Potato, canned, drained solids","Pomme de terre, conserve, solides égouttés",2026-01-28,,11376.0,
2426,2426,11,3,"Potato, mashed, flakes without milk, dry","Pomme de terre, purée, flocons sans lait, sec",2026-01-28,,11378.0,
2427,2427,11,3,"Potato, mashed, prepared from flakes without milk, whole milk and butter added","Pomme de terre, purée, préparée à partir de flocons sans lait, lait entier et beurre ajoutés",2026-01-28,,11379.0,
2428,2428,11,3,"Potato, scalloped, dry mix, unprepared","Pomme de terre, en escalopes, mélange sec, non préparé",2026-01-28,,11386.0,
2429,2429,11,3,"Potato, scalloped, dry mix, prepared with water, whole milk and butter","Pomme de terre, en escalopes, mélange sec, préparé avec eau, lait entier et beurre",2026-01-28,,11387.0,
2430,2430,11,3,"Potato, hashed brown, frozen, plain, unprepared","Pomme de terre, rissolée, congelée, non préparée",2026-01-28,,11390.0,
2431,2431,11,3,"Potato, hashed brown, frozen, plain, prepared","Pomme de terre, rissolée, congelée, nature, préparée",2026-01-28,,11391.0,
2432,2432,11,3,"Potato puff, frozen, unprepared","Pomme de terre, soufflée, congelée, non préparée",2026-01-28,,11398.0,
2433,2433,11,3,"Potato puff, frozen, prepared","Pomme de terre, soufflée, congelée, préparée",2026-01-28,,11399.0,
2434,2434,11,3,"Potato, french-fried, frozen, unprepared","Pomme de terre, frite, congelée, non préparée",2026-01-28,,11402.0,
2435,2435,11,3,"Potato, french-fried, frozen, all types, salt added in processing, home-prepared, heated in oven","Pomme de terre, frite, congelée, tous les types, sel ajouté lors de la transformation, réchauffée au four",2026-01-28,,11403.0,
2436,2436,11,10,"Potato, french-fried, frozen, restaurant prepared, fried in vegetable oil","Pomme de terre, frite, congelée, préparée au restaurant avec de l'huile végétale",2026-01-28,,,
2437,2437,11,3,"Potato, french-fried, frozen, cottage cut, salt not added in processing, unprepared","Pomme de terre, frite, congelée, coupe cottage, sans sel ajouté lors de la transformation, non préparée",2026-01-28,,11406.0,
2438,2438,11,3,"Potato, french-fried, frozen, cottage cut, salt not added in processing, heated in oven","Pomme de terre, frite, congelée, coupe cottage, sel non ajouté lors de la transformation, réchauffée au four",2026-01-28,,11407.0,
2439,2439,11,3,"Potato, french-fried, frozen, extruded, heated in oven","Pomme de terre, frite, congelée, extrudée, réchauffée au four",2026-01-28,,11409.0,
2440,2440,11,3,Potato flour,"Pomme de terre, farine",2026-01-28,,11413.0,
2441,2441,11,3,"Pumpkin, raw","Citrouille, crue",2012-07-11,,11422.0,Cucurbita spp.
2442,2442,11,3,"Pumpkin, boiled, drained","Citrouille, bouillie, égouttée",2012-07-11,,11423.0,
2443,2443,11,3,"Radish, raw","Radis, cru",2012-07-11,,11429.0,Raphanus sativus
2444,2444,11,3,"Rutabaga (swede), raw","Rutabaga (chou-navet), cru",2026-01-28,,11435.0,Brassica napus (Napobrassica Group)
2445,2445,11,3,"Rutabaga (swede), boiled, drained","Rutabaga (chou-navet), bouilli, égoutté",2026-01-28,,11436.0,
2447,2447,11,3,"Spinach, canned, drained solids","Épinard, conserve, égoutté",2012-07-11,,11461.0,
2448,2448,11,3,"Squash, winter, acorn, raw","Courge d'hiver, courge poivrée (courgeon), crue",2012-07-11,,11482.0,Cucurbita maxima
2449,2449,11,3,"Squash, winter, acorn, baked","Courge d'hiver, courge poivrée (courgeon), cuite au four",2012-07-11,,11483.0,
2450,2450,11,3,"Squash, winter, acorn, boiled, mashed","Courge d'hiver, courge poivrée (courgeon), bouillie, en purée",2012-07-11,,11484.0,
2451,2451,11,3,"Squash, winter, butternut, raw","Courge d'hiver, courge musquée, crue",2012-07-11,,11485.0,Cucurbita moschata
2452,2452,11,3,"Squash, winter, butternut, baked","Courge d'hiver, courge musquée, cuite au four",2012-07-11,,11486.0,
2453,2453,11,3,"Squash, winter, butternut, frozen, unprepared","Courge d'hiver, courge musquée, congelée, non préparée",2012-07-11,,11487.0,
2454,2454,11,3,"Squash, winter, butternut, frozen, boiled","Courge d'hiver, courge musquée, congelée, bouillie",2012-07-11,,11488.0,
2455,2455,11,3,"Squash, winter, hubbard, raw","Courge d'hiver, hubbard, crue",2012-07-11,,11489.0,Cucurbita maxima
2456,2456,11,3,"Squash, winter, hubbard, baked","Courge d'hiver, hubbard, cuite au four",2012-07-11,,11490.0,
2457,2457,11,3,"Squash, winter, hubbard, boiled, mashed","Courge d'hiver, hubbard, bouillie, en purée",2012-07-11,,11491.0,
2458,2458,11,3,"Squash, winter, spaghetti, raw","Courge d'hiver, spaghetti, crue",2026-01-28,,11492.0,Cucurbita spp.
2459,2459,11,3,"Squash, winter, spaghetti, baked or boiled, drained","Courge d'hiver, spaghetti, au four ou bouillie, égouttée",2012-10-04,,11493.0,
2460,2460,11,3,"Tomato, red, ripe, raw, year round average","Tomate, rouge, mûre, crue, moyenne durant toute l'année",2012-07-11,,11529.0,Solanum lycopersicum
2461,2461,11,3,"Tomato, red, ripe, boiled","Tomate, rouge, mûre, bouillie",2012-07-11,,11530.0,
2462,2462,11,3,"Tomato, red, ripe, canned, whole","Tomate, rouge, mûre, conserve, entière",2012-07-11,,11531.0,
2463,2463,11,3,"Tomato, red, ripe, canned, stewed","Tomate, rouge, mûre, conserve, étuvée",2012-07-11,,11533.0,
2464,2464,11,3,"Juice, tomato, canned","Jus, tomates, conserve",2026-01-28,,11540.0,
2465,2465,11,3,"Tomato products, canned, sauce","Produits à base de tomates, conserve, sauce",2014-01-09,,11549.0,
2466,2466,11,3,"Tomato products, canned, sauce with mushrooms","Produits à base de tomates, conserve, sauce avec champignons",2014-01-09,,11551.0,
2467,2467,11,3,"Tomato products, canned, sauce with herbs and cheese","Produits à base de tomates, conserve, sauce avec fines herbes et fromage",2014-01-09,,11555.0,
2468,2468,11,3,"Tomato products, canned, sauce with onions, green peppers and celery","Produits à base de tomates, conserve, sauce avec oignons, poivrons verts et céleri",2026-01-28,,11557.0,
2469,2469,11,3,"Tomato products, canned, sauce with tomato tidbits","Produits à base de tomates, conserve, sauce avec morceaux de tomates",2014-01-09,,11559.0,
2470,2470,11,3,"Turnip, raw","Navet, cru",2012-07-11,,11564.0,Brassica rapa (Rapifera Group)
2471,2471,11,3,"Turnip, frozen, unprepared","Navet, congelé, non préparé",2012-07-11,,11566.0,
2472,2472,11,3,"Turnip, frozen, boiled, drained","Navet, congelé, bouilli, égoutté",2012-07-11,,11567.0,
2473,2473,11,3,"Vegetable juice cocktail, canned","Légumes, jus, cocktail, conserve",2012-07-11,,11578.0,
2474,2474,11,3,"Vegetables, mixed, canned, drained solids","Légumes, macédoine, conserve, solides égouttés",2026-01-28,,11581.0,
2475,2475,11,3,"Beets, harvard, canned, solids and liquid","Betteraves, harvard, conserve, solides et liquide",2026-01-28,,11605.0,
2476,2476,11,3,"Beets, pickled, canned, solids and liquid","Betteraves, marinées, conserve, solides et liquide",2026-01-28,,11609.0,
2477,2477,11,3,"Pepper, jalapeno, canned, solids and liquid","Piment jalapeno, conserve, solides et liquide",2012-10-04,,11632.0,
2478,2478,11,3,"Potato, flesh and skin, baked","Pomme de terre, chair et pelure, cuite au four",2026-01-28,,11674.0,
2479,2479,11,3,"Potato, flesh and skin, cooked in skin, microwaved","Pomme de terre, chair et pelure, cuite au four à micro-ondes avec la pelure",2026-01-28,,11675.0,
2480,2480,11,3,"Broccoli, boiled, drained, with salt","Brocoli, bouilli, égoutté, sel ajouté",2012-07-11,,11742.0,
2481,2481,11,3,"Celery, boiled, drained, with salt","Céleri, bouilli, égoutté, sel ajouté",2012-07-11,,11764.0,
2482,2482,11,3,"Corn, sweet, yellow, frozen, kernels cut off the cob, boiled, drained, with salt","Maïs sucré, jaune, congelé, en grains, bouilli, égoutté, sel ajouté",2012-07-11,,11774.0,
2483,2483,11,3,"Onion, boiled, drained, with salt","Oignon, bouilli, égoutté, sel ajouté",2012-07-11,,11805.0,
2484,2484,11,3,"Pepper, sweet, red, raw","Poivron rouge, cru",2026-01-28,,11821.0,Capsicum annuum
2485,2485,11,3,"Pepper, sweet, green, boiled, drained, with salt","Poivron vert, bouilli, égoutté, sel ajouté",2012-07-11,,11822.0,
2486,2486,11,3,"Pepper, sweet, red, boiled, drained","Poivron rouge, bouilli, égoutté",2012-10-04,,11823.0,
2487,2487,11,3,"Pepper, sweet, red, boiled, drained, with salt","Poivron rouge, bouilli, égoutté, sel ajouté",2012-10-04,,11824.0,
2490,2490,11,3,"Tomato, red, ripe, boiled, with salt","Tomate, rouge, mûre, bouillie, sel ajouté",2012-07-11,,11884.0,
2491,2491,11,3,"Corn, sweet, white, frozen, kernels off cob, unprepared","Maïs sucré, blanc, congelé, grains, non préparé",2012-07-11,,11910.0,
2492,2492,11,3,"Corn, sweet, white, frozen, kernels off cob, boiled, drained","Maïs sucré, blanc, congelé, grains, bouilli, égoutté",2012-07-11,,11911.0,
2493,2493,11,3,"Corn, sweet, white, frozen, kernels off cob, boiled, drained, with salt","Maïs sucré, blanc, congelé, grains, bouilli, égoutté, sel ajouté",2012-07-11,,11912.0,
2494,2494,11,3,Tomato ketchup (catsup),"Tomates, ketchup (catsup)",2012-09-07,,11935.0,
2495,2495,11,3,"Pickles, cucumber, dill (includes Kosher and Polish)","Marinades, cornichons à l'aneth (inclus Cacher et Polonais)",2012-07-03,,11937.0,
2496,2496,11,3,"Pimento, canned","Piments de la Jamaïque, conserve",2012-07-11,,11943.0,
2497,2497,11,3,"Pickles, cucumber, dill, low sodium","Marinades, cornichons à l'aneth, faible en sodium",2012-07-03,,11947.0,
2498,2498,11,3,"Tomato ketchup (catsup), low sodium","Tomates, ketchup (catsup), faible en sodium",2012-09-07,,11949.0,
2499,2499,11,24,"Seaweed, dulse (laver, nori), dried","Algue, dulse (rhodymemie palme, porphyre, nori), séchée",2012-06-25,,,
2500,2500,11,3,"Beets, raw","Betteraves, crues",2012-07-11,,11080.0,Beta vulgaris
2501,2501,11,3,"Beets, boiled, drained","Betteraves, bouillies, égouttées",2012-07-11,,11081.0,
2502,2502,11,3,"Fiddlehead greens (ferns), frozen, unprepared","Crosses de fougères (têtes de violon), congelées, non préparées",2026-01-28,,11996.0,
2505,2505,11,0,"Potato, flesh and skin, raw","Pomme de terre, chair et pelure, crue",2026-01-28,,11352.0,Solanum tuberosum
2506,2506,11,24,"Potato, boiled, flesh and skin","Pomme de terre, bouille, chair et pelure",2026-01-28,,,
2507,2507,12,0,"Seeds, breadfruit seeds, raw","Graines, fruits à pain, graines, crues",2026-01-28,,12001.0,Artocarpus altilis
2508,2508,12,0,"Seeds, breadfruit seeds, boiled","Graines, fruits à pain, graines, bouillies",2026-01-28,,12003.0,
2509,2509,12,0,"Seeds, breadnuttree seeds, raw","Graines, noix-pain (brosimum dicastrum), graines, crues",2026-01-28,,12004.0,Brosimum alicastrum
2510,2510,12,0,"Seeds, breadnuttree seeds, dried","Graines, noix-pain (brosimum alicastrum), graines, déshydratées",2026-01-28,,12005.0,
2511,2511,12,0,"Seeds, chia seeds, dried","Graines de chia, déshydratées",2012-06-19,,12006.0,Salvia hispanica
2512,2512,12,0,"Seeds, cottonseed flour, partially defatted","Graines, farine de graines de coton, partiellement dégraissées",2012-06-19,,12007.0,
2513,2513,12,0,"Seeds, cottonseed flour, low fat","Graines, farine de graines de coton, faible en gras",2026-01-28,,12008.0,
2514,2514,12,0,"Seeds, cottonseed meal, partially defatted","Graines, semoule de graines de coton, partiellement dégraissées",2012-06-19,,12011.0,
2515,2515,12,0,"Seeds, lotus seeds, dried","Graines, lotus, graines, déshydratées",2012-06-19,,12013.0,
2516,2516,12,0,"Seeds, pumpkin and squash seed kernels, dried","Graines, citrouille et courge, graines, déshydratées",2012-06-19,,12014.0,
2517,2517,12,0,"Seeds, pumpkin and squash seed kernels, roasted","Graines, citrouille et courge, graines, rôties",2012-06-19,,12016.0,
2518,2518,12,0,"Seeds, safflower seed kernels, dried","Graines, carthame, graines, déshydratées",2012-06-19,,12021.0,Carthamus tinctorius
2519,2519,12,0,"Seeds, safflower seed meal, partially defatted","Graines, semoule de graines de carthame, partiellement dégraissée",2026-01-28,,12022.0,
2521,2521,12,0,"Seeds, sesame seeds, whole, roasted and toasted","Graines, sésame, graines, entières, rôties et grillées",2012-06-19,,12024.0,
2522,2522,12,0,"Seeds, sesame seed kernels, toasted, shelled","Graines, sésame, graines, grillées, décortiquées",2012-06-19,,12029.0,
2523,2523,12,0,"Seeds, sesame flour, partially defatted","Graines, farine de sésame, partiellement dégraissées",2012-06-20,,12032.0,
2524,2524,12,0,"Seeds, sesame flour, low fat","Graines, farine de sésame, faible en gras",2026-01-28,,12033.0,
2525,2525,12,0,"Seeds, sesame meal, partially defatted","Graines, semoule de sésame, partiellement dégraissées",2012-06-19,,12034.0,
2526,2526,12,0,"Seeds, sunflower seed kernels, dried","Graines, tournesol, graines, déshydratées",2012-06-19,,12036.0,Helianthus annuus
2527,2527,12,0,"Seeds, sunflower seed kernels, dry roasted","Graines, tournesol, graines, rôties à sec",2012-06-19,,12037.0,
2528,2528,12,0,"Seeds, sunflower seed kernels, toasted","Graines, tournesol, graines, grillées",2012-06-19,,12039.0,
2529,2529,12,0,"Seeds, sunflower seed butter","Graines, beurre de tournesol",2012-06-19,,12040.0,
2530,2530,12,0,"Seeds, sunflower seed flour, partially defatted","Graines, tournesol, farine, partiellement dégraissée",2012-06-20,,12041.0,
2531,2531,12,0,"Nuts, acorns, raw","Noix, glands, crus",2026-01-28,,12058.0,Quercus spp.
2532,2532,12,0,"Nuts, acorns, dried","Noix, glands, séchés",2026-01-28,,12059.0,
2533,2533,12,0,"Nuts, acorn flour, full-fat","Noix, farine de glands, non dégraissée",2026-01-28,,12060.0,
2534,2534,12,0,"Nuts, almonds, dried, unblanched, unroasted","Noix, amandes, séchées, non blanchies, non rôties",2012-06-19,,12061.0,Prunus dulcis
2535,2535,12,0,"Nuts, almonds, dried, blanched, unroasted","Noix, amandes, séchées, blanchies, non rôties",2012-06-19,,12062.0,
2536,2536,12,0,"Nuts, almonds, dry roasted, unblanched","Noix, amandes, rôties à sec, non blanchies",2012-06-19,,12063.0,
2537,2537,12,0,"Nuts, almonds, oil roasted, unblanched","Noix, amandes, rôties dans l'huile, non blanchies",2026-01-28,,12065.0,
2538,2538,12,11,"Nuts, almonds, oil roasted, blanched","Noix, amandes, rôties dans l'huile, blanchies",2012-06-27,,,
2539,2539,12,11,"Nuts, almonds, toasted, unblanched","Noix, amandes, grillées, non blanchies",2012-06-19,,,
2540,2540,12,0,"Nuts, almond paste, sweetened","Noix, pâte d'amandes, sucrée",2026-01-28,,12071.0,
2543,2543,12,0,"Nuts, beechnuts, dried","Noix, faines, séchées",2012-06-19,,12077.0,Fagus spp.
2544,2544,12,0,"Nuts, brazilnuts, dried, unblanched","Noix, noix de Brésil, séchées, non blanchies",2012-06-19,,12078.0,Bertholletia excelsa
2545,2545,12,0,"Nuts, butternuts (long walnuts), dried","Noix, noix longues (noix cendres), séchées",2012-06-19,,12084.0,Juglans cinerea
2546,2546,12,0,"Nuts, cashew nuts, dry roasted","Noix, noix de cajou (acajous, anacardes), rôties à sec",2026-01-28,,12085.0,Anacardium occidentale
2547,2547,12,0,"Nuts, cashew nuts, oil roasted","Noix, noix de cajou (acajous, anacardes), rôties dans l'huile",2026-01-28,,12086.0,
2548,2548,12,0,"Nuts, cashew butter, plain","Noix, beurre de noix de cajou (acajous, anacardes), nature",2026-01-28,,12088.0,
2549,2549,12,0,"Nuts, Chinese chestnuts, raw","Noix, châtaignes chinoises, crues",2012-06-19,,12093.0,Castanea mollissima
2550,2550,12,0,"Nuts, Chinese chestnuts, dried","Noix, châtaignes chinoises, séchées",2012-06-19,,12094.0,
2551,2551,12,0,"Nuts, Chinese chestnuts, boiled and steamed","Noix, châtaignes chinoises, bouillies et cuites à la vapeur",2012-06-19,,12095.0,
2552,2552,12,0,"Nuts, Chinese chestnuts, roasted","Noix, châtaignes chinoises, rôties",2012-06-19,,12096.0,
2553,2553,12,0,"Nuts, European chestnuts (sweet), raw, unpeeled","Noix, châtaignes d'Europe (marrons), crues, avec l'écorce",2012-06-19,,12097.0,Castanea sativa
2554,2554,12,0,"Nuts, European chestnuts (sweet), raw, peeled","Noix, châtaignes d'Europe (marrons), crues, décortiquées",2012-06-19,,12098.0,
2555,2555,12,0,"Nuts, European chestnuts (sweet), dried, unpeeled","Noix, châtaignes d'Europe (marrons), séchées, avec l'écorce",2012-06-19,,12099.0,
2556,2556,12,0,"Nuts, European chestnuts (sweet), dried, peeled","Noix, châtaignes d'Europe (marrons), séchées, décortiquées",2012-06-19,,12100.0,
2557,2557,12,0,"Nuts, European chestnuts (sweet), boiled and steamed","Noix, châtaignes d'Europe (marrons), bouillies et cuites à la vapeur",2012-06-19,,12101.0,
2558,2558,12,0,"Coconut meat, raw","Noix de coco, crue",2026-01-28,,12104.0,Cocos nucifera
2559,2559,12,0,"Coconut meat, desiccated, unsweetened","Noix de coco, désséchée, non sucrée",2026-01-28,,12108.0,
2560,2560,12,0,"Coconut meat, desiccated, sweetened, flaked, packaged","Noix de coco, désséchée, sucrée, flocons, empaquetée",2026-01-28,,12109.0,
2561,2561,12,0,"Coconut meat, desiccated, sweetened, flaked, canned","Noix de coco, désséchée, sucrée, flocons, conserve",2026-01-28,,12110.0,
2562,2562,12,0,"Coconut meat, desiccated, toasted","Noix de coco, désséchée, grillée",2026-01-28,,12114.0,
2563,2563,12,0,"Coconut cream (liquid from grated meat), raw","Noix de coco, crème (liquide de la noix râpée), crue",2026-01-28,,12115.0,
2564,2564,12,0,"Coconut cream (liquid from grated meat), sweetened, canned","Noix de coco, crème (liquide de la noix râpée), sucrée, conserve",2026-01-28,,12116.0,
2565,2565,12,0,"Coconut milk (liquid from grated meat and water), canned","Noix de coco, lait (liquide de la noix râpée et eau), conserve",2026-01-28,,12118.0,
2566,2566,12,0,Coconut water (liquid from coconut),"Noix de coco, eau (liquide de la noix)",2026-01-28,,12119.0,
2567,2567,12,0,"Nuts, filberts or hazelnuts, dried","Noix, noisettes, avelines ou coudres, séchées",2013-01-17,,12120.0,Corylus spp.
2568,2568,12,0,"Nuts, filberts or hazelnuts, dried, blanched","Noix, noisettes, avelines ou coudres, séchées, blanchies",2012-06-19,,12121.0,
2569,2569,12,0,"Nuts, filberts or hazelnuts, dry roasted, unblanched","Noix, noisettes, avelines ou coudres, rôties à sec, non blanchies",2012-06-19,,12122.0,
2571,2571,12,0,"Nuts, ginkgo nuts, raw","Noix, fruits de ginkgo, crues",2012-06-19,,12127.0,Ginko biloba
2572,2572,12,0,"Nuts, ginkgo nuts, dried","Noix, fruits de ginkgo, séchées",2012-06-19,,12128.0,
2573,2573,12,0,"Nuts, ginkgo nuts, canned","Noix, fruits de ginkgo, conserve",2012-06-19,,12129.0,
2574,2574,12,0,"Nuts, hickory nuts, dried","Noix, noix de caryers, séchées",2012-06-19,,12130.0,Carya spp.
2575,2575,12,0,"Nuts, macadamia (bushnuts, queensland), raw","Noix, macadamia (queensland), crues",2012-06-19,,12131.0,"Macadamia integrifolia, M. tetraphylla"
2576,2576,12,11,"Nuts, macadamia (bushnuts, queensland), oil roasted","Noix, macadamia (queensland), rôties dans l'huile",2012-06-27,,,
2577,2577,12,0,"Nuts, mixed nuts, dry roasted with peanuts","Noix, noix mélangées, rôties à sec avec arachides",2012-06-21,,12135.0,
2578,2578,12,0,"Nuts, mixed nuts, oil roasted with peanuts","Noix, noix mélangées, rôties dans l'huile avec arachides",2012-06-21,,12137.0,
2579,2579,12,0,"Nuts, mixed nuts, oil roasted without peanuts","Noix, noix mélangées, rôties dans l'huile sans arachides",2012-06-27,,12138.0,
2580,2580,16,0,"Soybean kernels, roasted, unsalted","Soya, graines, rôties, sans sel",2026-01-28,,16410.0,
2581,2581,12,0,"Nuts, simulated product, wheat-based, unflavoured, with salt","Noix, simili produit, base de blé, nature, sel ajouté",2013-03-21,,12140.0,
2582,2582,12,0,"Nuts, pecans, dried","Noix, pacanes, séchées",2012-06-19,,12142.0,Carya illinoensis
2583,2583,12,0,"Nuts, pecans, dry roasted","Noix, pacanes, rôties à sec",2012-06-19,,12143.0,
2584,2584,12,0,"Nuts, pecans, oil roasted","Noix, pacanes, rôties dans l'huile",2026-01-28,,12144.0,
2585,2585,12,0,"Nuts, pilinuts-canarytree, dried","Noix, fruits de canarium, séchées",2012-06-19,,12145.0,Canarium ovatum
2586,2586,12,0,"Nuts, pine nuts, pignolia, dried","Noix, noix de pins, pignons (pignes), séchées",2016-05-10,,12147.0,Includes pinus pinea and pinus koraiensis
2587,2587,12,0,"Nuts, pine nuts, pinyon, dried","Noix, noix de pinus edulis, séchées",2012-06-19,,12149.0,Pinus edulis
2588,2588,12,0,"Nuts, pistachio nuts, dry roasted","Noix, pistaches, rôties à sec",2026-01-28,,12152.0,
2589,2589,12,0,"Nuts, walnuts, black, dried","Noix, noix de noyer noir, séchées",2012-06-19,,12154.0,Juglans nigra
2590,2590,12,0,"Nuts, walnuts, English or Persian",Noix de Grenoble,2017-03-20,,12155.0,Juglans regia
2591,2591,12,0,"Seeds, breadfruit seeds, roasted","Graines, fruits à pain, graines, rôties",2026-01-28,,12158.0,
2592,2592,12,0,"Seeds, cottonseed kernels, roasted","Graines, graines de coton, rôties",2026-01-28,,12160.0,Gossypium spp.
2593,2593,12,0,"Seeds, sesame butter, tahini, roasted and toasted kernels","Graines, beurre de sésame, tahini, graines rôties et grillées",2012-06-19,,12166.0,
2594,2594,12,0,"Nuts, European chestnuts (sweet), roasted","Noix, châtaignes d'Europe (marrons), rôties",2012-06-19,,12167.0,
2596,2596,12,0,"Seeds, sesame butter, from whole seed, paste","Graines, beurre de sésame, de graines entières, pâte",2012-06-19,,12169.0,
2597,2597,12,0,"Seeds, sesame flour, high-fat","Graines, farine de sésame, élevée en gras",2012-06-19,,12170.0,
2598,2598,12,0,"Seeds, sesame butter, tahini, unroasted kernels","Graines, beurre de sésame, tahini, graines non rôties",2012-06-19,,12171.0,
2599,2599,12,0,"Seeds, watermelon seed kernels, dried","Graines, melon d'eau (pastèque), graines, déshydratées",2012-06-19,,12174.0,Citrullus lanatus
2600,2600,12,0,"Nuts, Japanese chestnuts, dried","Noix, châtaignes japonaises, séchées",2012-06-19,,12175.0,
2601,2601,12,0,"Coconut milk (liquid from grated meat and water), frozen","Noix de coco, lait (liquide de la noix râpée et eau), congelé",2026-01-28,,12176.0,
2602,2602,12,0,"Coconut meat, desiccated, creamed","Noix de coco, désséchées, en crème",2026-01-28,,12177.0,
2603,2603,12,0,"Coconut meat, desiccated, sweetened, shredded","Noix de coco, désséchée, sucrée, filamentée",2026-01-28,,12179.0,
2604,2604,12,0,"Seeds, sisymbrium sp. seeds, whole, dried","Graines, sisymbrium sp., graines, entières, déshydratées",2012-06-19,,12193.0,Sisymbrium spp.
2605,2605,12,0,"Nuts, almond butter, plain","Noix, beurre d'amandes, nature",2012-06-19,,12195.0,
2607,2607,12,11,"Nuts, almond meal, partially defatted","Noix, semoule d'amandes, partiellement dégraissée",2012-06-19,,,
2608,2608,12,0,"Seeds, sesame butter, tahini, from raw and stone ground kernels","Graines, beurre de sésame, tahini, graines crues et moulues à la pierre",2012-06-19,,12198.0,
2610,2610,12,0,"Nuts, simulated product, wheat-based, all flavours except macadamia, without salt","Noix, simili produit, base de blé, toutes les saveurs sauf macadamia, sans sel",2013-03-21,,12200.0,
2611,2611,12,0,"Seeds, sesame seed kernels, dried, shelled","Graines, sésame, graines, déshydratées, décortiquées",2012-06-19,,12201.0,
2612,2612,12,0,"Nuts, Japanese chestnuts, raw","Noix, châtaignes japonaises, crues",2012-06-19,,12202.0,Castanea crenata
2613,2613,12,0,"Nuts, Japanese chestnuts, boiled and steamed","Noix, châtaignes japonaises, bouillies et cuites à la vapeur",2012-06-19,,12203.0,
2614,2614,12,0,"Nuts, Japanese chestnuts, roasted","Noix, châtaignes japonaises, rôties",2012-06-19,,12204.0,
2615,2615,12,0,"Seeds, lotus seeds, raw","Graines, lotus, graines, crues",2012-06-19,,12205.0,Nelumbo spp.
2616,2616,12,0,"Nuts, almonds, honey roasted, unblanched, salt added","Noix, amandes, rôties au miel, non blanchies, sel ajouté",2019-01-14,,12206.0,
2617,2617,12,0,"Nuts, mixed nuts, dry roasted with peanuts, salt added","Noix, noix mélangées, rôties à sec avec arachides, sel ajouté",2016-08-10,,12635.0,
2618,2618,12,0,"Nuts, mixed nuts, oil roasted with peanuts, salt added","Noix, noix mélangées, rôties dans l'huile avec arachides, sel ajouté",2012-06-21,,12637.0,
2619,2619,12,0,"Seeds, pumpkin and squash seed kernels, roasted, salt added","Graines, citrouille et courge, graines, rôties, sel ajouté",2012-06-19,,12516.0,
2620,2620,12,0,"Seeds, sunflower seed kernels, dry roasted, salt added","Graines, tournesol, graines, rôties à sec, sel ajouté",2012-06-19,,12537.0,
2621,2621,12,3,"Seeds, sunflower seed kernels, oil roasted, salt added","Graines, tournesol, graines, rôties dans l'huile, sel ajouté",2026-01-28,,12538.0,
2622,2622,12,0,"Seeds, sunflower seed kernels, toasted, salt added","Graines, tournesol, graines, grillées, sel ajouté",2012-06-19,,12539.0,
2623,2623,12,0,"Seeds, sunflower seed butter, salt added","Graines, beurre de tournesol, sel ajouté",2013-02-12,,12540.0,
2624,2624,12,0,"Nuts, almonds, dry roasted, unblanched, salt added","Noix, amandes, rôties à sec, non blanchies, sel ajouté",2012-06-19,,12563.0,
2625,2625,12,0,"Nuts, almonds, oil roasted, unblanched, salt added","Noix, amandes, rôties dans l'huile, non blanchies, sel ajouté",2012-06-19,,12565.0,
2626,2626,12,11,"Nuts, almonds, oil roasted, blanched, salt added","Noix, amandes, rôties dans l'huile, blanchies, sel ajouté",2012-06-19,,,
2627,2627,12,0,"Nuts, cashew nuts, dry roasted, salt added","Noix, noix de cajou (acajous, anacardes), rôties à sec, sel ajouté",2026-01-28,,12585.0,
2628,2628,12,0,"Nuts, cashew nuts, oil roasted, salt added","Noix, noix de cajou (acajous, anacardes), rôties dans l'huile, sel ajouté",2026-01-28,,12586.0,
2629,2629,12,0,"Nuts, cashew butter, plain, salt added","Noix, beurre de noix de cajou (acajous, anacardes), nature, sel ajouté",2026-01-28,,12588.0,
2632,2632,12,11,"Nuts, macadamia (bushnuts, queensland), oil roasted, salt added","Noix, macadamia (queensland), rôties dans l'huile, sel ajouté",2012-06-27,,,
2633,2633,12,0,"Nuts, mixed nuts, oil roasted without peanuts, salt added","Noix, noix mélangées, rôties dans l'huile sans arachides, sel ajouté",2012-06-19,,12638.0,
2635,2635,12,0,"Nuts, pecans, dry roasted, salt added","Noix, pacanes, rôties à sec, sel ajouté",2012-06-19,,12643.0,
2636,2636,12,0,"Nuts, pecans, oil roasted, salt added","Noix, pacanes, rôties dans l'huile, sel ajouté",2012-06-19,,12644.0,
2637,2637,12,0,"Nuts, pistachio nuts, dry roasted, salt added","Noix, pistaches, rôties à sec, sel ajouté",2026-01-28,,12652.0,
2638,2638,12,3,"Seeds, pumpkin and squash seeds, whole, roasted, salt added","Graines, citrouille et courge, graines, entières, rôties, sel ajouté",2012-06-19,,12663.0,
2639,2639,12,0,"Nuts, almond butter, plain, salt added","Noix, beurre d'amandes, nature, sel ajouté",2012-06-19,,12695.0,
2640,2640,12,11,"Nuts, almond butter, honey and cinnamon, salt added","Noix, beurre d'amandes, miel et cannelle, sel ajouté",2012-07-04,,,
2641,2641,12,11,"Nuts, almond meal, partially defatted, salt added","Noix, semoule d'amandes, partiellement dégraissées, sel ajouté",2012-06-19,,,
2642,2642,12,3,"Seeds, sunflower seed kernels, oil roasted","Graines, tournesol, graines, rôties dans l'huile",2012-06-27,,12038.0,
2643,2643,12,3,"Coconut milk (liquid from grated meat and water), raw","Noix de coco, lait (liquide de la noix râpée et eau), cru",2026-01-28,,12117.0,
2644,2644,12,3,"Nuts, pistachio nuts, raw","Noix, pistaches, crues",2012-06-19,,12151.0,Pistacia vera
2645,2645,12,3,"Seeds, pumpkin and squash seeds, whole, roasted","Graines, citrouille et courge, graines, entières, rôties",2012-06-19,,12163.0,Cucurbita spp.
2650,2650,13,0,"Beef, brain, raw","Boeuf, cervelle, crue",2026-01-28,,13318.0,
2651,2651,13,0,"Beef, brain, pan-fried","Boeuf, cervelle, sauté",2026-01-28,,13319.0,
2652,2652,13,0,"Beef, brain, simmered","Boeuf, cervelle, mijoté",2026-01-28,,13320.0,
2653,2653,13,0,"Beef, heart, raw","Boeuf, coeur, cru",2026-01-28,,13321.0,
2654,2654,13,0,"Beef, heart, simmered","Boeuf, coeur, mijoté",2026-01-28,,13322.0,
2655,2655,13,0,"Beef, kidney, simmered","Boeuf, rognon, mijoté",2026-02-11,,13324.0,
2656,2656,13,0,"Beef, liver, braised","Boeuf, foie, braisé",2026-01-28,,13326.0,
2657,2657,13,0,"Beef, liver, pan-fried","Boeuf, foie, sauté",2026-01-28,,13327.0,
2658,2658,13,0,"Beef, lungs, raw","Boeuf, poumon, cru",2026-01-28,,13328.0,
2659,2659,13,0,"Beef, lungs, braised","Boeuf, poumons, braisé",2026-01-28,,13329.0,
2660,2660,13,0,"Beef, mechanically deboned, raw","Boeuf, désossé mécaniquement, cru",2012-06-15,,13330.0,
2661,2661,13,0,"Beef, pancreas, raw","Boeuf, pancréas, cru",2026-01-28,,13331.0,
2662,2662,13,0,"Beef, pancreas, braised","Boeuf, pancréas, braisé",2026-01-28,,13332.0,
2663,2663,13,0,"Beef, spleen, raw","Boeuf, rate, cru",2026-01-28,,13333.0,
2664,2664,13,0,"Beef, spleen, braised","Boeuf, rate, braisé",2026-01-28,,13334.0,
2665,2665,4,0,"Beef, suet, raw","Boeuf, graisse de rognons (suif), cru",2019-11-26,,13335.0,
2666,2666,13,0,"Beef, thymus, raw","Boeuf, thymus, cru",2026-01-28,,13337.0,
2667,2667,13,0,"Beef, thymus, braised","Boeuf, thymus, braisé",2026-01-28,,13338.0,
2668,2668,13,0,"Beef, tongue, raw","Boeuf, langue, cru",2026-01-28,,13339.0,
2669,2669,13,0,"Beef, tongue, simmered","Boeuf, langue, mijoté",2026-01-28,,13340.0,
2670,2670,13,0,"Beef, tripe, raw","Boeuf, tripe, cru",2026-01-28,,13341.0,
2676,2676,13,0,"Beef, brisket, lean, 0mm (0) trim, raw","Boeuf, pointe de poitrine, maigre, 0mm (0) paré, cru",2026-01-28,,13023.0,
2683,2683,13,1,"Beef, ground, lean, raw","Boeuf, haché, maigre, cru",2026-01-28,,13295.0,
2685,2685,13,1,"Beef, ground, lean, loaf, baked","Boeuf, haché, maigre, cuit au four, degré de cuisson: bien cuit",2026-01-28,,23571.0,
2687,2687,13,0,"Beef, ground, lean, broiled","Boeuf, haché, maigre, grillé",2026-01-28,,23568.0,
2689,2689,13,23,"Beef, ground, lean, patty, pan-fried","Boeuf, haché, maigre, galette, sauté",2026-01-28,,23569.0,
2690,2690,13,1,"Beef, ground, medium, raw","Boeuf, haché, mi-maigre, cru",2026-01-28,,23572.0,
2692,2692,13,1,"Beef, ground, medium, baked","Boeuf, haché, mi-maigre, cuit au four",2026-01-28,,23576.0,
2694,2694,13,0,"Beef, ground, medium, broiled","Boeuf, haché, mi-maigre, grillé",2026-01-28,,23573.0,
2696,2696,13,23,"Beef, ground, medium, patty, pan-fried","Boeuf, haché, mi-maigre, galette, sauté",2026-02-11,,23574.0,
2698,2698,13,1,"Beef, ground, regular, baked","Boeuf, haché, régulier, cuit au four",2026-01-28,,23581.0,
2700,2700,13,24,"Beef, ground, regular, broiled","Boeuf, haché, régulier, grillé",2026-01-28,,23578.0,
2702,2702,13,1,"Beef, ground, regular, patty, pan-fried","Boeuf, haché, régulier, galette, sauté",2026-01-28,,23579.0,
2704,2704,13,1,"Beef, ground, patty, frozen, broiled","Boeuf, haché, galette, congelé, grillé",2026-01-28,,13317.0,
2705,2705,13,0,"Beef, cured, breakfast strips, raw or unheated","Boeuf, salé, tranches à déjeuner, cru ou non réchauffé",2026-01-28,,13344.0,
2706,2706,13,0,"Beef, cured, breakfast strips, cooked","Boeuf, salé, tranches à déjeuner, cuit",2026-01-28,,13345.0,
2707,2707,13,0,"Beef, cured, dried beef","Boeuf, salé, boeuf déshydraté",2012-06-15,,13350.0,
2708,2708,7,1,"Deli meat, beef, cured, jellied","Charcuterie, boeuf, salé, en gelée",2026-01-28,,13353.0,
2712,2712,13,0,"Beef, brisket, lean and fat, 0mm (0) trim, braised","Boeuf, pointe de poitrine, maigre et gras, 0mm (0) paré, braisé",2026-01-28,,13367.0,
2713,2713,13,0,"Beef, brisket, lean, 0mm (0) trim, braised","Boeuf, pointe de poitrine, maigre, 0mm (0) paré, braisé",2026-01-28,,13368.0,
2786,2786,13,1,"Beef, ground, regular, raw","Boeuf, haché, régulier, cru",2026-01-28,,23572.0,
2787,2787,13,0,"Beef, kidneys, raw","Boeuf, rognon de, cru",2026-01-28,,13323.0,
2788,2788,13,0,"Beef, liver, raw","Boeuf, foie de, cru",2026-01-28,,13325.0,
2789,2789,13,23,"Beef, cured, corned beef, brisket, raw","Boeuf, salé, corned beef, pointe de poitrine, cru",2026-01-28,,13346.0,
2790,2790,13,23,"Beef, cured, corned beef, brisket, cooked","Boeuf, salé, corned beef, pointe de poitrine, cuit",2026-01-28,,13347.0,
2791,2791,13,23,"Beef, cured, corned beef, canned","Boeuf, salé, corned beef, conserve",2012-06-15,,13348.0,
2792,2792,7,23,"Deli-meat, pastrami, beef, sliced","Charcuterie, pastrami, boeuf, tranché",2026-01-28,,13355.0,
2797,2797,13,20,"Beef, tongue, whole, canned or pickled","Boeuf, langue, entière, conserve ou mariné",2026-01-28,,,
2835,2835,14,0,"Alcohol, beer, light (4% alcohol by volume)","Boisson alcoolisée, bière, légère (4% alcool par volume)",2026-01-28,,14006.0,
2837,2837,14,0,"Alcohol, cocktail, daiquiri (rum), homemade","Boisson alcoolisée, cocktail, daiquiri (rhum), fait maison",2026-01-28,,14010.0,
2838,2838,14,0,"Alcohol, cocktail, pina colada (rum), homemade","Boisson alcoolisée, cocktail, pina colada (rhum), fait maison",2026-01-28,,14017.0,
2841,2841,14,0,"Alcohol, cocktail, whisky sour mix, powder","Boisson alcoolisée, cocktail, whisky sour, mélange, poudre",2026-01-28,,14024.0,
2842,2842,14,0,"Alcohol, cocktail, whisky sour mix, bottled","Boisson alcoolisée, cocktail, whisky sour, mélange, bouteille",2026-01-28,,14028.0,
2843,2843,14,0,"Alcohol, liqueur, crème de menthe (36% alcohol by volume)","Boisson alcoolisée, liqueur, crème de menthe (36% alcool par volume)",2026-01-28,,14034.0,
2844,2844,14,0,"Alcohol, whisky (40% alcohol by volume)","Boisson alcoolisée, whisky (40% alcool par volume)",2026-01-28,,14037.0,
2845,2845,14,0,"Alcohol, rum (40% alcohol by volume)","Boisson alcoolisée, rhum (40% alcool par volume)",2026-01-28,,14050.0,
2846,2846,14,0,"Alcohol, vodka (40% alcohol by volume)","Boisson alcoolisée, vodka (40% alcool par volume)",2026-01-28,,14051.0,
2847,2847,14,0,"Alcohol, whisky (43% alcohol by volume)","Boisson alcoolisée, whisky (43% alcool par volume)",2026-01-28,,14052.0,
2848,2848,14,0,"Alcohol, dessert wine, sweet (18.8% alcohol by volume)","Boisson alcoolisée, vin de dessert, sucré (18,8% alcool par volume)",2026-01-28,,14057.0,
2849,2849,14,0,"Alcohol, table wine, all (11.5% alcohol by volume)","Boisson alcoolisée, vin de table, tous (11,5% alcool par volume)",2026-01-28,,14084.0,
2850,2850,14,0,"Alcohol, table wine, red (11.5% alcohol by volume)","Boisson alcoolisée, vin de table, rouge (11,5% alcool par volume)",2026-01-28,,14096.0,
2852,2852,14,0,"Alcohol, table wine, white (11.5% alcohol by volume)","Boisson alcoolisée, vin de table, blanc (11,5% alcool par volume)",2026-01-28,,14106.0,
2853,2853,14,0,"Carbonated drinks, club soda","Boissons gazeuses, soda nature (club soda)",2026-01-28,,14121.0,
2854,2854,14,0,"Carbonated drinks, cream soda","Boissons gazeuses, soda mousse",2026-01-28,,14130.0,
2855,2855,14,0,"Carbonated drinks, ginger ale","Boissons gazeuses, soda au gingembre",2026-01-28,,14136.0,
2856,2856,14,0,"Carbonated drinks, grape soda","Boissons gazeuses, soda au raisin",2026-01-28,,14142.0,
2857,2857,14,0,"Carbonated drinks, lemon-lime soda","Boissons gazeuses, soda au citron et à la lime",2026-01-28,,14145.0,
2858,2858,14,1,"Carbonated drinks, orange soda","Boissons gazeuses, soda à l'orange",2026-01-28,,14150.0,
2859,2859,14,0,"Carbonated drinks, pepper type","Boissons gazeuses, type pepper",2026-01-28,,14153.0,
2860,2860,14,0,"Carbonated drinks, tonic water (quinine)","Boissons gazeuses, soda tonique (quinine)",2026-01-28,,14155.0,
2861,2861,14,0,"Carbonated drinks, root beer","Boissons gazeuses, soda racinette",2026-01-28,,14157.0,
2862,2862,14,0,"Beverage mix, carob flavour, powder","Boisson, mélange à saveur, caroube, poudre",2013-05-16,,14168.0,
2863,2863,14,0,"Beverage mix, carob flavour, powder, with whole milk","Boisson, mélange à saveur, caroube, poudre, avec lait entier ajouté",2026-01-28,,14169.0,
2864,2864,14,0,"Beverage mix, chocolate flavour, powder","Boisson, mélange à saveur, chocolat, poudre",2026-01-28,,14080.0,
2865,2865,14,0,"Beverage mix, chocolate flavour, powder, with whole milk","Boisson, mélange à saveur, chocolat, poudre, avec lait entier",2026-02-11,,14177.0,
2866,2866,19,0,"Chocolate syrup, thin type","Chocolat, sirop, consistance claire",2012-07-03,,14181.0,
2867,2867,1,0,"Chocolate syrup, thin type, whole milk added","Chocolat, sirop, consistance claire, lait entier ajouté",2026-01-28,,14182.0,
2868,2868,14,0,"Juice, tomato clam cocktail, canned","Jus, cocktail de tomate et de palourdes, conserve",2026-01-28,,14187.0,
2869,2869,14,0,"Hot chocolate, mix, powder","Chocolat chaud, mélange sec",2026-01-28,,14192.0,
2871,2871,14,0,"Hot chocolate, mix, powder, prepared with water","Chocolat chaud, mélange sec, préparé avec eau",2026-01-28,,14194.0,
2873,2873,14,0,"Coffee, brewed, prepared with tap water","Café infusé, préparé avec l'eau du robinet",2026-01-28,,14209.0,
2874,2874,14,0,"Coffee, instant, regular, powder","Café instantané, régulier, poudre",2012-07-02,,14214.0,
2875,2875,14,0,"Coffee, instant, regular, powder, water added","Café instantané, ordinaire, poudre, eau ajoutée",2017-10-10,,14215.0,
2876,2876,14,0,"Coffee, instant, decaffeinated, powder","Café instantané, décaféiné, poudre",2012-07-02,,14218.0,
2877,2877,14,0,"Coffee, instant, decaffeinated, powder, water added","Café instantané, décaféiné, poudre, eau ajoutée",2012-06-29,,14219.0,
2878,2878,14,0,"Coffee, instant with chicory, powder","Café instantané avec chicorée, poudre",2012-07-02,,14222.0,
2879,2879,14,0,"Coffee, instant with chicory, powder, water added","Café instantané avec chicorée, poudre, eau ajoutée",2012-06-29,,14223.0,
2880,2880,14,0,"Coffee, instant, with sugar, mocha flavour, powder","Café instantané, avec sucre, saveur moka, poudre",2026-01-28,,14224.0,
2881,2881,14,11,"Coffee, instant, with sugar, cappuccino flavour, powder","Café instantané, avec sucre, saveur cappucino, poudre",2026-01-28,,14228.0,
2882,2882,14,11,"Coffee, instant, with sugar, French flavour, powder","Café instantané, avec sucre, saveur Française, poudre",2026-01-28,,14229.0,
2883,2883,14,0,"Coffee substitute, cereal grain beverage, powder","Café, succédané, boisson de céréales, poudre",2026-01-28,,14236.0,
2884,2884,14,0,"Coffee substitute, cereal grain beverage, powder, water added","Café, succédané, boisson de céréales, poudre, eau ajoutée",2026-01-28,,14237.0,
2885,2885,14,0,"Juice drink, cranberry and apricot, bottled","Boisson au jus, canneberges et abricots, bouteille",2012-07-03,,14240.0,
2888,2888,14,0,"Juice drink, citrus fruit, frozen concentrate","Boisson au jus, agrumes, concentré congelé",2026-01-28,,14262.0,
2889,2889,14,0,"Juice drink, citrus fruit, frozen concentrate, water added","Boisson au jus, agrumes, concentré congelé, eau ajoutée",2026-01-28,,14263.0,
2892,2892,14,0,"Lemonade, white, frozen concentrate","Limonade, blanche, concentré congelé",2012-07-03,,14292.0,
2893,2893,14,0,"Lemonade, white, frozen concentrate, water added","Limonade, blanche, concentré congelé, eau ajoutée",2012-06-29,,14293.0,
2894,2894,14,0,"Limeade, frozen concentrate","Lime, boisson (limeade), concentré congelé",2026-01-28,,14302.0,
2895,2895,14,0,"Limeade, frozen concentrate, water added","Lime, boisson (limeade), concentré congelé, eau ajoutée",2026-01-28,,14303.0,
2896,2896,14,0,"Malted milk, natural flavour, fortified powder","Lait malté, saveur naturelle, enrichi, poudre",2026-01-28,,,
2898,2898,14,0,"Malted milk, natural flavour, powder","Lait malté, saveur naturelle, poudre",2026-01-28,,14311.0,
2899,2899,14,0,"Malted milk, natural flavour, powder, with whole milk","Lait malté, saveur naturelle, poudre, avec lait entier",2026-01-28,,14312.0,
2900,2900,14,0,"Malted milk, chocolate flavour, fortified powder","Lait malté, saveur chocolat, enrichi, poudre",2026-01-28,,,
2902,2902,14,0,"Malted milk, chocolate flavour, powder","Lait malté, saveur chocolat, poudre",2026-01-28,,14317.0,
2903,2903,14,0,"Malted milk, chocolate flavour, powder, with whole  milk","Lait malté, saveur de chocolat, poudre, avec lait entier",2026-01-28,,14318.0,
2904,2904,14,1,"Juice drink, orange and apricot, canned","Boisson au jus, orange et abricots, conserve",2026-01-28,,14327.0,
2905,2905,14,11,"Milkshake (fast food), chocolate","Lait frappé (restauration-minute), chocolat",2026-01-28,,14346.0,
2906,2906,14,0,"Milkshake (fast food), vanilla","Lait frappé (restauration-minute), vanille",2026-01-28,,14347.0,
2907,2907,14,0,"Strawberry flavour mix, powder","Fraises, mélange à saveur, poudre",2026-01-28,,14350.0,
2908,2908,14,0,"Strawberry flavour mix, powder, with whole milk","Fraises, mélange à saveur, poudre, avec lait entier",2026-01-28,,14351.0,
2909,2909,14,0,"Tea, brewed",Thé infusé,2026-01-28,,14355.0,
2910,2910,14,0,"Tea, instant, unsweetened, powder","Thé instantané, non sucré, poudre",2026-01-28,,14366.0,
2911,2911,14,0,"Tea, instant, unsweetened, powder, water added","Thé instantané, non sucré, poudre, eau ajoutée",2026-01-28,,14367.0,
2912,2912,14,0,"Tea, instant, unsweetened, lemon flavour, powder","Thé instantané, non sucré, saveur de citron, poudre",2026-01-28,,14368.0,
2914,2914,14,0,"Tea, instant, sweetened, lemon flavour, powder","Thé instantané, sucré, saveur de citron, poudre",2026-01-28,,14370.0,
2915,2915,14,0,"Tea, instant, sweetened, lemon flavour, powder, water added","Thé instantané, sucré, saveur de citron, poudre, eau ajoutée",2026-01-28,,14371.0,
2916,2916,14,0,"Tea, brewed, herb",Tisane infusée,2026-01-28,,14381.0,
2918,2918,14,0,"Water, mineral, carbonated, bottled","Eau minérale, gazéifiée, bouteille",2026-01-28,,14075.0,
2919,2919,14,0,"Water, mineral, POLAND SPRINGS, bottled","Eau de source, POLAND SPRINGS, bouteille",2012-07-03,,14385.0,
2920,2920,14,0,"Carbonated drinks, cola, fast-food cola","Boissons gazeuses, cola, restaurant-minute",2026-01-28,,14400.0,
2921,2921,14,0,"Juice drink, fruit punch, frozen concentrate","Boisson au jus, punch aux fruits, concentré congelé",2026-01-28,,14405.0,
2922,2922,14,0,"Juice drink, fruit punch, frozen concentrate, water added","Boisson au jus, punch aux fruits, concentré congelé, eau ajoutée",2026-01-28,,14406.0,
2924,2924,14,0,"Alcohol, liqueur, coffee (26.5% alcohol by volume)","Boisson alcoolisée, liqueur, café (26,5% alcool par volume)",2026-01-28,,14414.0,
2925,2925,14,0,"Alcohol, liqueur, coffee and cream (17% alcohol by volume)","Boisson alcoolisée, liqueur, café et crème (17% alcool par volume)",2026-01-28,,14415.0,
2926,2926,14,1,"Carbonated drinks, cola with aspartame","Boissons gazeuses, cola avec aspartame",2026-01-28,,14416.0,
2928,2928,14,11,"Coffee, instant, sweetened, cappuccino flavour, powder, water added","Café instantané, sucré, saveur cappucino, poudre, eau ajoutée",2026-01-28,,,
2929,2929,14,11,"Coffee, instant, sweetened, French flavour, powder, water added","Café instantané, sucré, saveur française, poudre, eau ajoutée",2026-01-28,,,
2930,2930,14,11,"Coffee, instant, sweetened, mocha flavour, powder, water added","Café instantané, sucré, saveur moka, poudre, eau ajoutée",2026-01-28,,,
2931,2931,14,0,"Coffee substitute, cereal grain beverage, powder, with whole milk","Café, succédané, boisson de céréales, poudre, avec lait entier",2026-01-28,,14421.0,
2932,2932,14,0,"Milkshake (fast food), strawberry","Lait frappé (restauration-minute), fraise",2026-01-28,,14428.0,
2933,2933,14,0,"Water, municipal",Eau municipale,2012-07-03,,14429.0,
2934,2934,14,0,"Alcohol, whisky (47% alcohol by volume)","Boisson alcoolisée, whisky (47% alcool par volume)",2026-01-28,,14532.0,
2935,2935,14,0,"Alcohol, whisky (50% alcohol by volume)","Boisson alcoolisée, whisky (50% alcool par volume)",2026-01-28,,14533.0,
2936,2936,14,0,"Alcohol, liqueur, coffee (31.5% alcohol by volume)","Boisson alcoolisée, liqueur, café (31,5% alcool par volume)",2026-01-28,,14534.0,
2937,2937,14,0,"Alcohol, dessert wine, dry (18.8% alcohol by volume)","Boisson alcoolisée, vin de dessert, sec (18,8% alcool par volume)",2026-01-28,,14536.0,
2938,2938,14,1,"Carbonated drinks, non cola with aspartame","Boissons gazeuses, non cola avec aspartame",2026-01-28,,14143.0,
2939,2939,14,0,"Lemonade, pink, frozen concentrate","Limonade rose, concentré congelé",2012-07-03,,14542.0,
2940,2940,14,0,"Lemonade, pink, frozen concentrate, water added","Limonade rose, concentré congelé, eau ajoutée",2012-06-29,,14543.0,
2941,2941,14,0,"Tea, brewed with distilled water",Thé infusé avec eau distillée,2026-01-28,,14544.0,
2942,2942,14,0,"Tea, chamomile, brewed","Thé, camomille, infusé",2026-01-28,,14545.0,
2943,2943,14,1,"Alcohol, beer, regular, (5% alcohol by volume)","Boisson alcoolisée, bière, ordinaire (5% alcool par volume)",2026-01-28,,14003.0,
2948,2948,14,1,"Alcohol, cocktail, whisky sour mix, powder, water and whisky added","Boisson alcoolisée, cocktail, mélange de whisky sour en poudre, eau et whisky ajoutés",2026-01-28,,14025.0,
2949,2949,14,1,"Alcohol, cocktail, whisky sour mix, bottled, whisky added","Boisson alcoolisée, cocktail, mélange de whisky sour en bouteille, whisky ajouté",2026-01-28,,14029.0,
2951,2951,14,12,"Alcohol, cocktail, scotch and soda","Boisson alcoolisée, cocktail, scotch et soda",2026-01-28,,,
2952,2952,14,11,"Alcohol, gin (40% alcohol by volume)","Boisson alcoolisée, gin (40% alcool par volume)",2026-01-28,,14049.0,
2953,2953,14,0,"Hot chocolate, with artificial sweetener, mix, powder","Chocolat chaud, avec édulcorant artificiel, mélange sec",2026-01-28,,14196.0,
2954,2954,14,1,"Juice drink, cranberry-apple, vitamin C added, bottled","Boisson au jus, canneberges et pommes, vitamine C ajoutée, bouteille",2026-01-28,,14238.0,
2955,2955,14,1,"Juice drink, cranberry-grape, vitamin C added, bottled","Boisson au jus, canneberges et raisins, vitamine C ajoutée, bouteille",2012-07-03,,14241.0,
2956,2956,14,1,"Juice, cocktail, cranberry, vitamin C added, bottled","Jus, cocktail, canneberges, vitamine C ajoutée, bouteille",2026-01-28,,14242.0,
2957,2957,14,11,"Drink, fruit punch flavour, vitamin C added, powder","Boisson, punch aux fruits, vitamine C ajoutée, poudre",2026-01-28,,,
2958,2958,14,1,"Drink, fruit punch flavour, vitamin C added, powder, water added","Boisson, punch aux fruits, vitamine C ajoutée, poudre, eau ajoutée",2026-01-28,,14266.0,
2959,2959,14,1,"Drink, fruit punch, vitamin C added, ready-to-drink","Boisson, punch aux fruits, vitamine C ajoutée, prête à boire",2015-01-14,,14264.0,
2960,2960,14,1,"Juice drink, grape, vitamin C added, canned","Boisson au jus, raisin, vitamine C ajoutée, boîte",2026-01-28,,14277.0,
2961,2961,14,1,"Drink, grape, vitamin C added, canned","Boisson, raisins, vitamine C ajoutée, boîte",2012-06-29,,14282.0,
2962,2962,14,11,"Lemonade with artificial sweetener, powder","Limonade avec édulcorant artificiel, poudre",2014-10-31,,14289.0,
2963,2963,14,11,"Lemonade with artificial sweetener, powder, water added","Limonade avec édulcorant artificiel, poudre, eau ajoutée",2014-10-31,,14290.0,
2964,2964,14,1,"Drink, lemonade flavour, vitamin C added, powder","Boisson, saveur limonade, vitamine C ajoutée, poudre",2012-07-03,,14296.0,
2965,2965,14,1,"Drink, lemonade flavour, vitamin C added, powder, water added","Boisson, saveur limonade, vitamine C ajoutée, poudre, eau ajoutée",2012-06-29,,14297.0,
2966,2966,14,1,"Malt beverage, includes non-alcoholic beer (<0.5% alcohol by volume)","Boisson au malt, incluant la bière désalcoolisée (<0,5% alcool par volume)",2013-01-02,,14305.0,
2967,2967,14,1,"Drink, orange, vitamin C added, canned","Boisson, orange, vitamine C ajoutée, boîte",2012-06-29,,14323.0,
2968,2968,14,1,"Juice drink, pineapple and grapefruit, vitamin C added, canned","Boisson au jus, ananas et pamplemousse, vitamine C ajoutée, boîte",2012-07-03,,14334.0,
2969,2969,14,1,"Juice drink, pineapple and orange, vitamin C added, canned","Boisson au jus, ananas et orange, vitamine C ajoutée, boîte",2026-01-28,,14341.0,
2970,2970,14,0,"Hot chocolate, with artificial sweetener, mix, powder, prepared with water","Chocolat chaud, avec édulcorant artificiel, mélange sec, préparé avec eau",2026-01-28,,14390.0,
2971,2971,14,1,"Drink, orange flavour, vitamin C added, powder","Boisson, saveur orange, vitamine C ajoutée, poudre",2026-01-28,,14407.0,
2972,2972,14,1,"Drink, orange flavour, vitamin C added, powder, water added","Boisson, saveur orange, vitamine C ajoutée, poudre, eau ajoutée",2012-06-29,,14408.0,
2973,2973,14,1,"Drink, orange, with pulp, vitamin C added, frozen concentrate","Boisson, orange, avec pulpe, vitamine C ajoutée, concentré congelé",2014-01-10,,14424.0,
2974,2974,14,1,"Drink, orange, vitamin C added, frozen concentrate, water added","Boisson, orange, vitamine C ajoutée, concentré congelé, eau ajoutée",2012-06-29,,14425.0,
2975,2975,14,1,"Juice, cocktail, cranberry, vitamin C added, frozen concentrate","Jus, cocktail, canneberges, vitamine C ajoutée, concentré congelé",2026-01-28,,14430.0,
2976,2976,14,1,"Juice, cocktail, cranberry, vitamin C added, frozen concentrate, water added","Jus, cocktail, canneberges, vitamine C ajoutée, concentré congelé, eau ajoutée",2026-01-28,,14431.0,
2977,2977,14,1,"Alcohol, whisky (45% alcohol by volume)","Boisson alcoolisée, whisky (45% alcool par volume)",2026-01-28,,14551.0,
2978,2978,14,26,"Alcohol, wine cooler","Boisson alcoolisée, boisson au vin",2026-01-28,,,
2979,2979,14,26,"Instant breakfast, powder","Déjeuner instantané, poudre",2026-01-28,,,
2980,2980,14,11,"Drink, fruit punch flavour, powder","Boisson, saveur punch aux fruits, poudre",2026-01-28,,,
2981,2981,14,11,"Drink, fruit punch flavour, powder, water added","Boisson, saveur punch aux fruits, poudre, eau ajoutée",2026-01-28,,,
2982,2982,14,1,"Drink, lemonade flavour, powder","Boisson, saveur limonade, poudre",2012-07-03,,14296.0,
2983,2983,14,1,"Drink, lemonade flavour, powder, water added","Boisson, saveur limonade, poudre, eau ajoutée",2026-01-28,,14297.0,
2984,2984,15,3,"Fish, anchovy, european, raw","Poisson, anchois, eueropéen, cru",2013-01-23,,15001.0,Engraulis encrasichholus (L)
2985,2985,15,3,"Fish, anchovy, european, canned with olive oil, drained solids","Poisson, anchois, européen, conserve avec huile d'olive, égoutté",2026-01-28,,15002.0,
2986,2986,15,0,"Fish, bass, fresh water, mixed species, raw","Poisson, bar, d'eau douce, espèces diverses, crues",2013-01-23,,15003.0,Percichthyidae and Centrarchidae
2987,2987,15,0,"Fish, bass, striped, raw","Poisson, bar, d'Amérique, cru",2026-01-28,,15004.0,Morone saxatilis (Walbaum)
2988,2988,15,0,"Fish, bluefish, raw","Poisson, tassergal, cru",2026-01-28,,15005.0,Pomatomus saltatrix (L)
2989,2989,15,28,"Fish, burbot (loche), Indigenous, raw","Poisson, lotte (loche), autochtone, crue",2026-01-28,,,Lota lota (L)
2990,2990,15,0,"Fish, butterfish, raw","Poisson, stromatée à fossettes, crue",2026-01-28,,15007.0,Peprilus triacanthus (Peck)
2991,2991,15,0,"Fish, carp, raw","Poisson, carpe, crue",2013-01-23,,15008.0,Cyprinus carpio
2992,2992,15,0,"Fish, carp, baked or broiled","Poisson, carpe, cuite au four ou grillée",2026-01-28,,15009.0,
2993,2993,15,0,"Fish, catfish, channel (bullhead), wild, raw","Poisson, barbue de rivière, sauvage, crue",2026-01-28,,15010.0,Ictalurus punctatus (Rafinesque)
2994,2994,15,0,"Fish, catfish, channel (bullhead), wild, breaded and fried","Poisson, barbue de rivière, sauvage, panée et frite",2026-01-28,,15011.0,
2995,2995,15,3,"Fish, caviar, black and red, granular","Poisson, caviar, noir et rouge, granuleux",2013-01-23,,15012.0,
2996,2996,15,28,"Fish, cisco (lake herring, tullibee), Indigenous, raw","Poisson, cisco (hareng de lac), autochtone, cru",2026-01-28,,15013.0,Coregonus autumnalis
2997,2997,15,28,"Fish, cisco (lake herring, tullibee), Indigenous, smoked","Poisson, cisco (hareng de lac), autochtone, fumé",2026-01-28,,15014.0,Coregonus autumnalis
2998,2998,15,0,"Fish, cod (scrod), Atlantic, canned, solids and liquid","Poisson, morue de l'Atlantique, conserve, solides et liquide",2026-01-28,,15017.0,
2999,2999,15,0,"Fish, cod (scrod), Atlantic, dried and salted","Poisson, morue de l'Atlantique, déshydratée et salée",2026-01-28,,15018.0,
3000,3000,15,0,"Fish, croaker, Atlantic, raw","Poisson, tambour brésilien, cru",2026-01-28,,15020.0,Micropogonias undulatus (L)
3001,3001,15,0,"Fish, croaker, Atlantic, breaded and fried","Poisson, tambour brésilien, pané et frit",2026-01-28,,15021.0,
3002,3002,15,0,"Fish, dolphinfish (mahimahi), raw","Poisson, coryphène commune (mahi mahi), crue",2026-01-28,,15023.0,Coryphaena hippurus (L)
3003,3003,15,0,"Fish, drum, freshwater, raw","Poisson, malachigan d'eau douce (drum), cru",2013-01-23,,15024.0,Aplodinotus grunniens (Rafinesque)
3004,3004,15,0,"Fish, eel, mixed species, raw","Poisson, anguille, espèces diverses, crues",2013-01-23,,15025.0,Anguilla spp.
3005,3005,15,0,"Fish, eel, mixed species, baked or broiled","Poisson, anguille, espèces diverses, cuites au four ou grillées",2013-01-23,,15026.0,
3006,3006,15,0,"Fish, fish sticks, frozen, prepared","Poisson, bâtonnets, congelés, préparés",2014-01-10,,15027.0,
3007,3007,15,0,"Fish, flatfish (flounder or sole or plaice), baked or broiled","Poisson plat (plie ou flet ou sole), cuit au four ou grillé",2026-01-28,,15029.0,
3008,3008,15,0,"Fish, gefiltefish, commercial, sweet recipe with broth","Poisson, gefiltefish à la juive, commercial, recette sucrée avec bouillon",2026-01-28,,15030.0,
3009,3009,15,0,"Fish, grouper, mixed species, raw","Poisson, merou, espèces diverses, crues",2013-01-23,,15031.0,Epinephelus spp.
3010,3010,15,0,"Fish, grouper, mixed species, baked or broiled","Poisson, merou, espèces diverses, cuites au four ou grillées",2013-01-23,,15032.0,
3011,3011,15,0,"Fish, haddock (finnan haddie), smoked","Poisson, aiglefin (finnan haddie), fumé",2026-01-28,,15035.0,
3012,3012,15,0,"Fish, halibut, Atlantic or Pacific, baked or broiled","Poisson, flétan, Atlantique ou Pacifique, au four ou grillé",2026-01-28,,15037.0,
3013,3013,15,0,"Fish, halibut, Greenland (turbot), raw","Poisson, flétan, Groenland (flétan noir), cru",2026-01-28,,15038.0,Reinhardtius hippoglossoides (Walbaum)
3014,3014,15,3,"Fish, herring, Atlantic, raw","Poisson, hareng, atlantique, cru",2026-01-28,,15039.0,Clupea harengus harengus (L)
3015,3015,15,0,"Fish, herring, Atlantic, baked or broiled","Poisson, hareng, atlantique, cuit au four ou grillé",2026-01-28,,15040.0,
3016,3016,15,0,"Fish, herring, Atlantic, pickled","Poisson, hareng, atlantique, mariné",2026-01-28,,15041.0,
3017,3017,15,3,"Fish, herring, Atlantic, kippered","Poisson, hareng, atlantique, fumé et salé",2026-01-28,,15042.0,
3018,3018,15,0,"Fish, herring, Pacific, raw","Poisson, hareng, pacifique, cru",2026-01-28,,15043.0,Clupea harengus pallasi Valenciennes
3019,3019,15,0,"Fish, ling, raw","Poisson, lingue, cru",2013-01-23,,15044.0,Molva molva (L)
3020,3020,15,0,"Fish, lingcod, raw","Poisson, morue-lingue, crue",2026-01-28,,15045.0,Ophiodon elongatus Girard
3021,3021,15,3,"Fish, mackerel, atlantic, raw","Poisson, maquereau bleu, cru",2026-01-28,,15046.0,Scomber scombrus L
3022,3022,15,0,"Fish, mackerel, atlantic, baked or broiled","Poisson, maquereau bleu, cuit au four ou grillé",2013-01-23,,15047.0,
3023,3023,15,0,"Fish, mackerel, jack, canned, drained solids","Poisson, chinchard, conserve, solides égouttés",2013-01-23,,15048.0,Trachurus symmetricus (Ayers)
3024,3024,15,0,"Fish, mackerel, king, raw","Poisson, thazard barré (maquereau roi), cru",2026-01-28,,15049.0,Scombermorus cavalla (Cuvier)
3025,3025,15,0,"Fish, mackerel, Pacific and jack, mixed species, raw","Poisson, maquereau espagnol/chinchard, espèces diverses, crues",2026-01-28,,15050.0,Scomber spp and Trachurus spp.
3026,3026,15,3,"Fish, mackerel, Spanish (Atlantic), raw","Poisson, thazard tacheté (atlantique), cru",2026-01-28,,15051.0,Scombermorus maculatus (Mitchill)
3027,3027,15,0,"Fish, mackerel, Spanish (Atlantic), baked or broiled","Poisson, thazard tacheté (atlantique), cuit au four ou grillé",2026-01-28,,15052.0,
3028,3028,15,0,"Fish, milkfish (awa), raw","Poisson, chanos, cru",2026-01-28,,15053.0,Chanos chanon (Forskaal)
3029,3029,15,0,"Fish, mullet, striped, raw","Poisson, mulet cabot (muge cabot), cru",2026-01-28,,15055.0,Mugil  cephalus L.
3030,3030,15,0,"Fish, mullet, striped, baked or broiled","Poisson, mulet cabot (muge cabot), cuit au four ou grillé",2026-01-28,,15056.0,
3031,3031,15,0,"Fish, ocean perch, Atlantic, raw","Poisson, sebaste, atlantique, cru",2026-01-28,,15057.0,Sebastes marinus L.
3032,3032,15,0,"Fish, ocean perch, Atlantic, baked or broiled","Poisson, sebaste, atlantique (perche rose), cuit au four ou grillé",2026-01-28,,15058.0,
3033,3033,15,0,"Fish, pout, ocean, raw","Poisson, loquette d'amérique, crue",2013-01-23,,15059.0,Macrozoarces americanus (Schneider)
3034,3034,15,0,"Fish, perch, mixed species, raw","Poisson, perchaude, espèces diverses, crues",2013-01-23,,15060.0,Morone americana Gmelin and Perca flavescens (Mitchill)
3035,3035,15,0,"Fish, perch, mixed species, baked or broiled","Poisson, perchude, espéces diverses, cuites au four ou grillée",2013-01-23,,15061.0,
3036,3036,15,28,"Fish, pike, northern, Indigenous, raw","Poisson, grand brochet, autochtone, cru",2026-01-28,,15062.0,Esox lucius L.
3037,3037,15,28,"Fish, pike, northern, Indigenous, cooked","Poisson, grand brochet, autochtone, cuit",2026-01-28,,15063.0,Esox lucius
3038,3038,15,0,"Fish, pollock, atlantic (boston blue), raw","Poisson, goberge, atlantique (merlan, lieu noir), crue",2026-01-28,,15065.0,Pollachius virens L.
3039,3039,15,3,"Fish, pollock, Alaska, raw","Poisson, goberge d'Alaska, crue",2026-01-28,,15066.0,Theragra chalcogramma (Pallas)
3040,3040,15,0,"Fish, pollock, Alaska, baked or broiled","Poisson, goberge d'Alaska, cuite au four ou grillée",2026-01-28,,15067.0,
3041,3041,15,0,"Fish, pompano, florida, raw","Poisson, pompano, floride, cru",2013-01-23,,15068.0,Trachinotus carolinus (L.)
3042,3042,15,0,"Fish, pompano, florida, baked or broiled","Poisson, pompano, floride, cuit au four ou grillé",2013-01-23,,15069.0,
3043,3043,15,0,"Fish, rockfish, pacific ocean perch, mixed species, raw","Poisson, sébaste, pacifique, espèces diverses, crues",2026-01-28,,15070.0,Sebastes spp.
3044,3044,15,0,"Fish, rockfish, pacific ocean perch, mixed species, baked or broiled","Poisson, sébaste, pacifique, espèces diverses, cuites au four ou grillées",2013-01-23,,15071.0,
3045,3045,15,0,"Fish, roe, mixed species, raw","Poisson, rogue (oeufs de poisson), espèces diverses, crues",2026-01-28,,15072.0,
3046,3046,15,0,"Fish, orange roughy, raw","Poisson, hoplostète orange (orange roughy), cru",2013-01-23,,15073.0,Hoplostethus atlanticus
3047,3047,15,0,"Fish, sablefish (black cod), raw","Poisson, morue charbonnière, crue",2026-01-28,,15074.0,Anoplopoma fimbria (Pallas)
3048,3048,15,0,"Fish, sablefish (black cod), smoked","Poisson, morue charbonnière, fumée",2026-01-28,,15075.0,
3049,3049,15,3,"Fish, salmon, atlantic, wild, raw","Poisson, saumon, atlantique, sauvage, cru",2013-01-23,,15076.0,Salmo salar L.
3050,3050,15,3,"Fish, salmon, chinook (spring), smoked","Poisson, saumon, quinnat, fumé",2026-01-28,,15077.0,
3051,3051,15,0,"Fish, salmon, chinook (spring), raw","Poisson, saumon, quinnat (printemps, royal), cru",2026-01-28,,15078.0,Oncorhynchus tshawytscha (Walbaum)
3052,3052,15,3,"Fish, salmon, sockeye (red), raw","Poisson, saumon, rouge (sockeye), cru",2026-01-28,,15085.0,Oncorhynchus nerka (Walbaum)
3053,3053,15,0,"Fish, salmon, sockeye (red), baked or broiled","Poisson, saumon, rouge (sockeye), cuit au four ou grillé",2026-01-28,,15086.0,
3054,3054,15,0,"Fish, sardine, Pacific, canned in tomato sauce, drained with bones","Poisson, sardines, Pacifique, conserve, avec sauce tomate, égouttées, avec arêtes",2026-01-28,,15089.0,Sardinops spp
3055,3055,15,0,"Fish, scup (porgy), raw","Poisson, spare doré, cru",2026-01-28,,15090.0,Stenotomus chrysops L.
3056,3056,15,0,"Fish, sea bass, mixed species, raw","Poisson, bar commun (serran), espèces diverses, crues",2026-01-28,,15091.0,Centropristes striata L. and Lateolabrax japonicus (Cuvier)
3057,3057,15,0,"Fish, sea bass, mixed species, baked or broiled","Poisson, bar commun (serran), espèces diverses, cuites au four ou grillées",2026-01-28,,15092.0,
3058,3058,15,0,"Fish, seatrout (weakfish), mixed species, raw","Poisson, truite de mer, espèces diverses, crues",2026-01-28,,15093.0,Cynoscion spp.
3059,3059,15,0,"Fish, shad, American, raw","Poisson, alose, crue",2013-01-23,,15094.0,Alosa sapidissima (Wilson)
3060,3060,15,3,"Fish, shark (dogfish), mixed species, raw","Poisson, requin (aiguillat), espèces diverses, crues",2026-01-28,,15095.0,Squaliformes
3061,3061,15,0,"Fish, shark (dogfish), mixed species, battered and fried","Poisson, requin (aiguillat), espèces diverses, panure avec pâte et frites",2026-01-28,,15096.0,
3062,3062,15,0,"Fish, sheepshead, raw","Poisson, malachigan d'eau douce (sheepshead), cru",2026-01-28,,15097.0,Archosargus probatocephalus (Walbaum)
3063,3063,15,0,"Fish, sheepshead, baked or broiled","Poisson, malachigan d'eau douce (sheepshead), cuit au four ou grillé",2026-01-28,,15098.0,
3064,3064,15,0,"Fish, smelt, rainbow (american, capelin), raw","Poisson, éperlan, arc-en-ciel (d'amérique), cru",2026-01-28,,15099.0,Osmerus mordax (Mitchill)
3065,3065,15,0,"Fish, smelt, rainbow (american, capelin), baked or broiled","Poisson, éperlan, arc-en-ciel (d'amérique), cuit au four ou grillé",2026-01-28,,15100.0,
3066,3066,15,0,"Fish, snapper, mixed species, raw","Poisson, vivaneau, espèces diverses, crues",2013-01-25,,15101.0,Lutjanidae
3067,3067,15,0,"Fish, snapper, mixed species, baked or broiled","Poisson, vivaneau, espèces diverses, cuites au four ou grillées",2013-01-25,,15102.0,
3068,3068,15,0,"Fish, spot, raw","Poisson, tambour croca, cru",2013-01-25,,15103.0,Leiostomus xanthuras Lacepede
3069,3069,15,0,"Fish, sturgeon, mixed species, raw","Poisson, esturgeon, espèces diverses, crues",2013-01-25,,15104.0,Acipenser spp.
3070,3070,15,0,"Fish, sturgeon, mixed species, baked or broiled","Poisson, esturgeon, espèces diverses, cuites au four ou grillées",2013-01-25,,15105.0,
3071,3071,15,0,"Fish, sturgeon, mixed species, smoked","Poisson, esturgeon, espèces diverses, fumées",2013-01-25,,15106.0,
3072,3072,15,0,"Fish, mullet (sucker), white, raw","Poisson, meunier noir (carpe noire), cru",2026-01-28,,15107.0,Catostomus commersoni (Lacepede)
3073,3073,15,0,"Fish, sunfish, pumpkin seed, raw","Poisson, crapet-soleil, cru",2013-01-25,,15108.0,Lepomis gibbosus (L.)
3074,3074,15,0,"Fish, surimi","Poisson, surimi",2013-01-25,,15109.0,
3075,3075,15,0,"Fish, swordfish, raw","Poisson, espadon, cru",2026-01-28,,15110.0,Xiphias gladius L.
3076,3076,15,0,"Fish, swordfish, baked or broiled","Poisson, espadon, cuit au four ou grillé",2026-01-28,,15111.0,
3077,3077,15,0,"Fish, tilefish, raw","Poisson, tile, cru",2013-01-25,,15112.0,Lopholatilus chamaeleonticeps Goode and Bean
3078,3078,15,0,"Fish, tilefish, baked or broiled","Poisson, tile, cuit au four ou grillé",2013-01-25,,15113.0,
3079,3079,15,0,"Fish, tuna, bluefin, fresh, raw","Poisson, thon rouge, frais, cru",2013-01-25,,15117.0,Thunnus thynnus (L.)
3080,3080,15,0,"Fish, tuna, bluefin, fresh, baked or broiled","Poisson, thon rouge, frais, cuit au four ou grillé",2013-01-25,,15118.0,
3081,3081,15,3,"Fish, tuna, light, canned in water, drained, salt added","Poisson, thon, chair pale, conserve, dans l'eau, égoutté, sel ajouté",2013-01-25,,15121.0,
3082,3082,15,0,"Fish, tuna, skipjack (aku), fresh, raw","Poisson, bonite à ventre rayé, frais, cru",2026-01-28,,15123.0,Euthynnus pelamis (L.)
3083,3083,15,0,"Fish, tuna, white, canned with oil, drained, salt added","Poisson, thon, chair blanche, conserve à l'huile, égoutté, sel ajouté",2013-01-25,,15124.0,
3084,3084,15,3,"Fish, tuna, white, canned with water, drained, salt added","Poisson, thon, chair blanche, conserve, dans l'eau, égoutté, sel ajouté",2013-01-25,,15126.0,
3085,3085,15,3,"Fish, tuna, yellowfin, fresh, raw","Poisson, thon à nageoires jaunes, frais, cru",2015-05-21,,15127.0,Thunnus albacares (Bonnaterre)
3086,3086,15,0,Tuna salad,"Thon, salade",2026-01-28,,15128.0,
3087,3087,15,0,"Fish, turbot, European, raw","Poisson, turbot, européen, cru",2026-01-28,,15129.0,Scophthalmus maximus (L.)
3088,3088,15,28,"Fish, whitefish, lake, mixed species, Indigenous, smoked","Poisson, corégone de lac, espèces diverses, autochtone, fumées",2026-01-28,,15131.0,Coregonus spp.
3089,3089,15,0,"Fish, hake (whiting), mixed species, raw","Poisson, merlu (collin), espèces diverses, crues",2026-01-28,,15132.0,Gadidae
3090,3090,15,0,"Fish, hake (whiting), mixed species, baked or broiled","Poisson, merlu (collin), espèces diverses, cuites au four ou grillées",2026-01-28,,15133.0,
3091,3091,15,0,"Fish, catfish (wolffish), atlantic, raw","Poisson, loup atlantique (loup de mer), cru",2026-01-28,,15134.0,Anarhichas lupus (L.)
3092,3092,15,0,"Fish, yellowtail, mixed species, raw","Poisson, sériole, espèces diverses, crues",2013-01-25,,15135.0,Seriola spp.
3093,3093,15,3,"Crustaceans, crab, alaska king, raw","Crustacés, crabe royal d'alaska, cru",2013-01-25,,15136.0,Paralithodes camtschatica (Tilesius)
3094,3094,15,0,"Crustaceans, crab, alaska king, boiled or steamed","Crustacés, crabe royal d'alaska, à vapeur ou bouilli",2013-01-25,,15137.0,
3095,3095,15,0,"Crustaceans, crab, alaska king, imitation (seafood surimi)","Crustacés, crabe royal d'alaska, imitation (fruits de mer surimi)",2026-01-28,,15138.0,
3096,3096,15,0,"Crustaceans, crab, blue, raw","Crustacés, crabe, bleu, cru",2013-01-25,,15139.0,Callinectes sapidus Rathbun
3097,3097,15,0,"Crustaceans, crab, blue, boiled or steamed","Crustacés, crabe, bleu, à vapeur ou bouilli",2013-01-25,,15140.0,
3098,3098,15,0,"Crustaceans, crab, blue, canned, drained","Crustacés, crabe, bleu, conserve, égoutté",2013-01-25,,15141.0,
3099,3099,15,0,"Crustaceans, crab, blue, crab cakes, homemade","Crustacés, crabe, bleu, beignets de crabe, faits maison",2014-01-10,,15142.0,
3100,3100,15,0,"Crustaceans, crab, dungeness, raw","Crustacés, crabe dormeur, pacifique, cru",2013-01-25,,15143.0,Cancer magister Dana
3101,3101,15,0,"Crustaceans, crab, atlantic snow crab (spider, queen), raw","Crustacés, crabe des neiges (crabe-araignée), cru",2020-06-04,,15144.0,Chionoectes opilio (O. Fabricius)
3102,3102,15,0,"Crustaceans, crayfish, mixed species, wild, raw","Crustacés, écrevisse, espèces diverses, sauvage, crues",2013-01-25,,15145.0,"Astacus, Orconectes, and Procambarus spp."
3103,3103,15,0,"Crustaceans, crayfish, mixed species, wild, boiled or steamed","Crustacés, écrevisse, espèces diverses, sauvage, à vapeur ou bouillies",2013-01-25,,15146.0,
3104,3104,15,0,"Crustaceans, shrimp, mixed species, breaded and fried","Crustacés, crevette, espèces, diverses, panées et frites",2013-01-25,,15150.0,
3105,3105,15,0,"Crustaceans, shrimp, imitation (surimi)","Crustacés, crevette, imitation (surimi)",2013-01-25,,15153.0,
3106,3106,15,0,"Crustaceans, spiny lobster (crawfish, rock lobster), mixed species, raw","Crustacés, langouste, espèces diverses, crues",2013-01-25,,15154.0,Jasus spp. and Panulirus spp.
3107,3107,15,0,"Mollusks, abalone, mixed species, raw","Mollusques, ormeau, espèces diverses, crues",2012-06-22,,15155.0,Haliotis spp.
3108,3108,15,0,"Mollusks, abalone, mixed species, flour coated, fried","Mollusques, ormeau, espèces diverses, enfarinées, frites",2012-06-22,,15156.0,
3109,3109,15,3,"Mollusks, clam, mixed species, raw","Mollusques, mye (palourde), espèces diverses, crues",2012-06-22,,15157.0,Lamellibranchia
3110,3110,15,0,"Mollusks, clam, mixed species, breaded and fried","Mollusques, mye (palourde), espèces diverses, panées et frites",2012-06-22,,15158.0,
3111,3111,15,0,"Mollusks, clam, mixed species, boiled or steamed","Mollusques, mye (palourde), espèces diverses, à vapeur ou bouillies",2012-06-22,,15159.0,
3112,3112,15,0,"Mollusks, clam, mixed species, canned, drained solids","Mollusques, mye (palourde), espèces diverses, conserve, égouttées",2012-06-22,,15160.0,
3113,3113,15,0,"Mollusks, clam, mixed species, canned, liquid","Mollusques, mye (palourde), espèces diverses, conserve, liquide",2012-06-28,,15162.0,
3114,3114,15,0,"Mollusks, cuttlefish, mixed species, raw","Mollusques, seiche (seche, sépiole), espèces diverses, crues",2012-06-22,,15163.0,Sepiidae
3115,3115,15,3,"Mollusks, mussel, blue, raw","Mollusques, moule, bleue, crue",2012-06-22,,15164.0,Mytilus edulis L.
3116,3116,15,0,"Mollusks, mussel, blue, boiled or steamed","Mollusques, moule, bleue, à vapeur ou bouillie",2012-06-22,,15165.0,
3117,3117,15,0,"Mollusks, octopus, common, raw","Mollusques, poulpe (pieuvre), ordinaire, cru",2012-06-22,,15166.0,Octopus vulgaris Lamarck
3118,3118,15,0,"Mollusks, oyster, eastern (blue point), wild, raw","Mollusques, huître, atlantique, sauvage, crue",2013-01-25,,15167.0,Crassostrea virginica (Gmelin)
3119,3119,15,0,"Mollusks, oyster, eastern (blue point), wild, breaded and fried","Mollusques, huître, atlantique, sauvage, panée et frite",2012-06-22,,15168.0,
3120,3120,15,0,"Mollusks, oyster, eastern (blue point), wild, boiled or steamed","Mollusques, huître, atlantique, sauvage, à vapeur ou bouillie",2026-01-28,,15169.0,
3121,3121,15,0,"Mollusks, oyster, eastern (blue point), wild, canned, solids and liquid","Mollusques, huître, atlantique, sauvage, conserve, solides et liquide",2012-06-22,,15170.0,
3122,3122,15,0,"Mollusks, oyster, pacific, raw","Mollusques, huître, pacifique (Japon), crue",2012-06-22,,15171.0,Crassostrea gigas (Thunberg)
3123,3123,15,0,"Mollusks, scallop, mixed species, breaded and fried","Mollusques, pétoncle, espèces diverses, pannées et frites",2013-01-25,,15173.0,
3124,3124,15,0,"Mollusks, scallop, mixed species, imitation (surimi)","Mollusques, pétoncle, espèces diverses, imitation (surimi)",2012-06-22,,15174.0,
3125,3125,15,0,"Mollusks, squid (calamari), mixed species, raw","Mollusques, calmar, espèces diverses, crues",2026-01-28,,15175.0,Loligoidae and Ommastrephidae
3126,3126,15,0,"Mollusks, squid (calamari), mixed species, flour coated, fried","Mollusques, calmar, espèces diverses, enfarinées, frites",2026-01-28,,15176.0,
3127,3127,15,0,"Mollusks, whelk, unspecified, raw","Mollusques, buccin, non précisé, cru",2012-06-22,,15177.0,Buccinidae
3128,3128,15,0,"Mollusks, whelk, unspecified, boiled or steamed","Mollusques, buccin, non précisé, à vapeur ou bouilli",2012-06-22,,15178.0,
3129,3129,15,0,"Fish, salmon, chinook (spring), smoked, lox","Poisson, saumon, quinnat, fumé, lox",2026-01-28,,15179.0,
3130,3130,15,0,"Fish, salmon, chum (keta), canned, drained solids with bone, unsalted","Poisson, saumon, kéta, conserve, égoutté, avec arêtes, sans sel",2026-01-28,,15180.0,
3131,3131,15,0,"Fish, tuna, light, canned in water, drained, unsalted","Poisson, thon, chair pale, conserve, dans l'eau, égoutté, sans sel",2026-01-28,,15184.0,
3132,3132,15,0,"Fish, tuna, white, canned with oil, drained, unsalted","Poisson, thon, chair blanche, conserve dans l'huile, égoutté, sans sel",2026-01-28,,15185.0,
3133,3133,15,0,"Fish, tuna, white, canned with water, drained, unsalted","Poisson, thon, chair blanche, conserve, dans l'eau, égoutté, sans sel",2026-01-28,,15186.0,
3134,3134,15,0,"Fish, bass, fresh water, mixed species, baked or broiled","Poisson, bar d'eau douce (achigan), espèces diverses, au four ou grillées",2013-01-25,,15187.0,
3135,3135,15,0,"Fish, bass, striped, baked or broiled","Poisson, bar d'Amérique, au four ou grillé",2026-01-28,,15188.0,
3136,3136,15,0,"Fish, bluefish, baked or broiled","Poisson, tassergal, au four ou grillé",2026-01-28,,15189.0,
3137,3137,15,28,"Fish, burbot (loche), Indigenous, baked or broiled","Poisson, lotte (loche), autochtone, cuite au four ou grillée",2026-01-28,,,Lota lota (L)
3138,3138,15,0,"Fish, butterfish, baked or broiled","Poisson, stromatée à fossettes, au four ou grillée",2026-01-28,,15191.0,
3139,3139,15,0,"Fish, cod (gray cod), pacific, baked or broiled","Poisson, morue (morue grise), pacifique, au four ou grillée",2026-01-28,,15192.0,
3140,3140,15,0,"Fish, cusk, baked or broiled","Poisson, brosme, au four ou grillé",2013-01-25,,15193.0,
3141,3141,15,0,"Fish, dolphinfish (mahimahi), baked or broiled","Poisson, coryphène commune (mahi mahi), au four ou grillée",2026-01-28,,15194.0,
3142,3142,15,0,"Fish, drum, freshwater, baked or broiled","Poisson, malachigan d'eau douce (drum), au four ou grillé",2026-01-28,,15195.0,
3143,3143,15,0,"Fish, halibut, Greenland (turbot), baked or broiled","Poisson, flétan, Groenland (flétan noir), au four ou grillé",2026-01-28,,15196.0,
3144,3144,15,0,"Fish, herring, Pacific, baked or broiled","Poisson, hareng, pacifique, au four ou grillé",2026-01-28,,15197.0,
3145,3145,15,0,"Fish, ling, baked or broiled","Poisson, lingue, au four ou grillé",2013-01-25,,15198.0,
3146,3146,15,0,"Fish, lingcod, baked or broiled","Poisson, morue-lingue, au four ou grillée",2013-01-25,,15199.0,
3147,3147,15,0,"Fish, mackerel, king, baked or broiled","Poisson, thazard barré (maquereau roi), au four ou grillé",2026-01-28,,15200.0,
3148,3148,15,0,"Fish, mackerel, Pacific and jack, mixed species, baked or broiled","Poisson, maquereau espagnol/chinchard, espèces diverses, au four ou grillé",2026-01-28,,15201.0,
3149,3149,15,0,"Fish, milkfish (awa), baked or broiled","Poisson, chanos, au four ou grillé",2026-01-28,,15202.0,
3150,3150,15,0,"Fish, monkfish (goosefish, anglerfish), baked or broiled","Poisson, baudroie d'amérique, au four ou grillée",2026-01-28,,15203.0,
3151,3151,15,0,"Fish, pickerel, walleye-pickerel (yellow pike), baked or broiled","Poisson, doré (doré jaune/blanc), au four ou grillé",2026-01-28,,15204.0,
3152,3152,15,0,"Fish, pollock, atlantic (boston blue), baked or broiled","Poisson, goberge, atlantique (merlan, lieu noir), au four ou grillée",2026-01-28,,15205.0,
3153,3153,15,0,"Fish, pout, ocean, baked or broiled","Poisson, loquette d'amérique, au four ou grillée",2013-01-25,,15206.0,
3154,3154,15,0,"Fish, roe, mixed species, baked or broiled","Poisson, rogue (oeufs de poisson), espèces diverses, au four ou grillées",2026-01-28,,15207.0,
3155,3155,15,0,"Fish, sablefish (black cod), baked or broiled","Poisson, morue charbonnière, au four ou grillée",2026-01-28,,15208.0,
3156,3156,15,0,"Fish, salmon, atlantic, wild, baked or broiled","Poisson, saumon, atlantique, sauvage, au four ou grillé",2013-01-25,,15209.0,
3157,3157,15,0,"Fish, salmon, chinook (spring), baked or broiled","Poisson, saumon, quinnat (printemps, royal), au four ou grillé",2026-01-28,,15210.0,
3158,3158,15,0,"Fish, salmon, chum (keta), baked or broiled","Poisson, saumon, kéta, au four ou grillé",2013-01-25,,15211.0,
3159,3159,15,0,"Fish, salmon, pink (humpback), baked or broiled","Poisson, saumon, rose, au four ou grillé",2026-01-28,,15212.0,
3160,3160,15,0,"Fish, scup (porgy), baked or broiled","Poisson, spare doré, au four ou grillé",2026-01-28,,15213.0,
3161,3161,15,0,"Fish, seatrout (weakfish), mixed species, baked or broiled","Poisson, truite saumonée, espèces diverses, au four ou grillée",2026-01-28,,15214.0,
3162,3162,15,0,"Fish, shad, American, baked or broiled","Poisson, alose, au four ou grillée",2013-01-25,,15215.0,
3163,3163,15,0,"Fish, spot, baked or broiled","Poisson, tambour croca, au four ou grillé",2013-01-25,,15216.0,
3164,3164,15,0,"Fish, mullet (sucker), white, baked or broiled","Poisson, meunier noir (carpe noire), au four ou grillé",2026-01-28,,15217.0,
3165,3165,15,0,"Fish, sunfish, pumpkin seed, baked or broiled","Poisson, crapet-soleil, cuit au four ou grillé",2026-01-28,,15218.0,
3166,3166,15,0,"Fish, tuna, skipjack (aku), baked or broiled","Poisson, bonite à ventre rayé, au four ou grillé",2026-01-28,,15220.0,
3167,3167,15,0,"Fish, tuna, yellowfin, baked or broiled","Poisson, thon à nageoires jaunes, cuit au four ou grillé",2015-05-21,,15221.0,
3168,3168,15,0,"Fish, turbot, European, baked or broiled","Poisson, turbot, européen, au four ou grillé",2026-01-28,,15222.0,
3169,3169,15,28,"Fish, whitefish, lake, Indigenous, baked","Poisson, corégone de lac, autochtone, au four",2026-01-28,,15223.0,Coregonus clupeaformis
3170,3170,15,0,"Fish, catfish (wolffish), atlantic, baked or broiled","Poisson, loup atlantique (loup de mer), au four ou grillé",2026-01-28,,15224.0,
3171,3171,15,0,"Fish, yellowtail, mixed species, baked or broiled","Poisson, seriole, espèces diverses, au four ou grillées",2013-01-31,,15225.0,
3172,3172,15,0,"Crustaceans, crab, dungeness, boiled or steamed","Crustacés, crabe dormeur du pacifique, à vapeur ou bouilli",2013-01-25,,15226.0,
3173,3173,15,0,"Crustaceans, crab, atlantic snow crab (spider, queen), boiled or steamed","Crustacés, crabe des neiges (crabe-araignée), à vapeur ou bouilli",2020-06-04,,15227.0,
3174,3174,15,0,"Crusteceans, spiny lobster (crawfish, rock lobster), boiled or steamed","Crustacés, langouste, espèces diverses, à vapeur ou bouilli",2013-01-31,,15228.0,
3175,3175,15,0,"Mollusks, cuttlefish, mixed spsecies, boiled or steamed","Mollusques, seiche (sèche, sepiole), espèces diverses, à vapeur ou bouillies",2012-06-22,,15229.0,
3176,3176,15,0,"Mollusks, octopus, common, boiled or steamed","Mollusques, poulpe ordinaire, à vapeur ou bouilli",2012-06-22,,15230.0,
3177,3177,15,0,"Mollusks, oyster, pacific, boiled or steamed","Mollusques, huître, pacifique (Japon), à vapeur ou bouillie",2012-06-22,,15231.0,
3178,3178,15,0,"Fish, orange roughy, baked or broiled","Poisson, hoplostete orange (orange roughy), au four ou grillé",2013-01-31,,15232.0,
3179,3179,15,0,"Fish, catfish, channel (bullhead), wild, baked or broiled","Poisson, barbue de rivière, sauvage, au four ou grillée",2026-01-28,,15233.0,
3180,3180,15,0,"Fish, catfish, channel (bullhead), farmed, raw","Poisson, barbue de rivière, élevage, crue",2026-01-28,,15234.0,Ictalurus punctatus (Rafinesque)
3181,3181,15,0,"Fish, catfish, channel (bullhead), farmed, baked or broiled","Poisson, barbue de rivière, élevage, au four ou grillée",2026-01-28,,15235.0,
3182,3182,15,3,"Fish, salmon, atlantic, farmed, raw","Poisson, saumon, atlantique, élevage, cru",2013-01-31,,15236.0,Salmo salar L.
3183,3183,15,0,"Fish, salmon, atlantic, farmed, baked or broiled","Poisson, saumon, atlantique, élevage, au four ou grillé",2013-01-31,,15237.0,
3184,3184,15,0,"Fish, salmon, coho, farmed, raw","Poisson, saumon, coho, élevage, cru",2013-01-31,,15238.0,Oncorhynchus kisutch (Walbaum)
3185,3185,15,0,"Fish, salmon, coho, farmed, baked or broiled","Poisson, saumon, coho, élevage, au four ou grillé",2026-01-28,,15239.0,
3186,3186,15,0,"Fish, trout, rainbow, farmed, raw","Poisson, truite, arc-en-ciel, élevage, crue",2013-01-31,,15240.0,Salmo gairdneri Richardson
3187,3187,15,0,"Fish, trout, rainbow, farmed, baked or broiled","Poisson, truite, arc-en-ciel, élevage, au four ou grillée",2013-01-31,,15241.0,
3188,3188,15,0,"Crustaceans, crayfish, mixed species, farmed, raw","Crustacés, écrevisse, espèces diverses, élevage, crues",2013-01-31,,15242.0,"Astacus, Orconectes, and Procambarus spp"
3189,3189,15,0,"Crusteceans, crayfish, mixed species, farmed, boiled or steamed","Crustacés, écrevisse, espèces diverses, élevage, à vapeur ou bouillies",2013-01-31,,15243.0,
3190,3190,15,0,"Mollusks, oyster, eastern (blue point), wild, baked or broiled","Mollusques, huître, américaine (huître de l'est), sauvage, cuite au four ou grillée",2026-01-28,,15244.0,
3191,3191,15,0,"Mollusks, oyster, eastern (blue point), farmed, raw","Mollusques, huître, américaine (de l'est), élevage, crue",2012-06-22,,15245.0,Crassostrea virginica (Gmelin)
3192,3192,15,0,"Mollusks, oyster, eastern (blue point), farmed, baked or broiled","Mollusques, huître, américaine (de l'est), élevage, au four ou grillée",2012-06-22,,15246.0,
3193,3193,15,0,"Fish, salmon, coho, wild, baked or broiled","Poisson, saumon, coho, sauvage, au four ou grillé",2013-01-31,,15247.0,
3194,3194,15,3,"Fish, cod (scrod), Atlantic, raw","Poisson, morue de l'Atlantique, crue",2026-01-28,,15015.0,Gadus morhua (L.)
3195,3195,15,3,"Fish, cod (scrod), Atlantic, baked or broiled","Poisson, morue de l'Atlantique, au four ou grillé",2026-01-28,,15016.0,
3196,3196,15,3,"Fish, cod (gray cod), pacific, raw","Poisson, morue (morue grise), pacifique, crue",2026-01-28,,15019.0,Gadus macrocephalus Tilesius
3197,3197,15,0,"Fish, cusk, raw","Poisson, brosme, cru",2013-01-31,,15022.0,Brosme brosme (Muller)
3198,3198,15,3,"Fish, haddock, raw","Poisson, aiglefin, cru",2013-01-31,,15033.0,Melanogrammus aeglefinus (L.)
3199,3199,15,3,"Fish, haddock, baked or broiled","Poisson, aiglefin, au four ou grillé",2026-01-28,,15034.0,
3200,3200,15,3,"Fish, halibut, Atlantic or Pacific, raw","Poisson, flétan, Atlantique ou Pacifique, cru",2013-01-31,,15036.0,Hippoglossus hippoglossus (L.) and H. stenolepis Schmidt
3201,3201,15,3,"Fish, monkfish (goosefish, anglerfish), raw","Poisson, baudroie d'amérique, crue",2026-01-28,,15054.0,Lophius piscatorius L.
3202,3202,15,3,"Fish, pickerel, walleye-pickerel (yellow pike), raw","Poisson, doré (doré jaune ou blanc), cru",2026-01-28,,15064.0,Stizostedion vitreum vitreum (Mitchill)
3203,3203,15,3,"Fish, sardine, Atlantic, canned in oil, drained solids with bone","Poisson, sardine, Atlantique, conserve, dans l' huile, égoutté avec arêtes",2013-01-31,,15088.0,Clupea harengus harengus L.
3204,3204,15,3,"Fish, trout, mixed species, raw","Poisson, truite, espèces diverses, crues",2013-01-31,,15114.0,Salmonidae
3205,3205,15,3,"Fish, trout, rainbow, wild, raw","Poisson, truite, arc-en-ciel, sauvage, crue",2013-01-31,,15115.0,Salmo gairdneri Richardson
3206,3206,15,3,"Fish, trout, rainbow, wild, baked or broiled","Poisson, truite, arc-en-ciel, au four ou grillée",2013-01-31,,15116.0,
3207,3207,15,3,"Fish, tuna, light, canned in oil, drained, salt added","Poisson, thon, chair pale, conserve, dans l'huile, égoutté, sel ajouté",2013-01-31,,15119.0,
3208,3208,15,28,"Fish, whitefish, lake, Indigenous, raw","Poisson, corégone de lac, autochtone, crues",2026-01-28,,15130.0,Coregonus clupeaformis
3209,3209,15,3,"Crustaceans, lobster, american (northern), raw","Crustacés, homard, amérique, cru",2013-01-31,,15147.0,Homarus americanus Milne-Edwards
3210,3210,15,3,"Crustaceans, lobster, american (northern), boiled or steamed","Crustacés, homard, d'amérique, à vapeur ou bouilli",2013-01-31,,15148.0,
3211,3211,15,3,"Crustaceans, shrimp, mixed species, raw","Crustacés, crevette, espèces diverses, crues",2026-01-28,,15149.0,Penaeidae and Pandalidae
3212,3212,15,3,"Crustaceans, shrimp, mixed species, boiled or steamed","Crustacés, crevette, espèces diverses, à vapeur ou bouillies",2026-01-28,,15151.0,
3213,3213,15,3,"Mollusks, scallop, mixed species, raw","Mollusques, pétoncle (coquille St Jacques), espèces diverses, cru",2026-01-28,,15172.0,Pectinidae
3214,3214,15,3,"Fish, tuna, light, canned in oil, drained, unsalted","Poisson, thon, chair pale, conserve, dans l'huile, égoutté, sans sel",2026-01-28,,15183.0,
3215,3215,15,3,"Fish, trout, mixed species, baked or broiled","Poisson, truite, espèces diverses, au four ou grillées",2013-01-31,,15219.0,
3216,3216,15,3,"Fish, flatfish (flounder or sole or plaice), raw","Poisson plat (plie ou flet ou sole), cru",2026-01-28,,15028.0,Bothidae and Pleuronectidae
3217,3217,15,3,"Fish, salmon, chum (keta), raw","Poisson, saumon, kéta, cru",2013-01-31,,15079.0,Oncorhynchus keta (Walbaum)
3218,3218,15,3,"Fish, salmon, chum (keta), canned, drained, solids with bone, salt added","Poisson, saumon, kéta, conserve, égoutté, avec arêtes, sel ajouté",2013-01-31,,15080.0,
3219,3219,15,3,"Fish, salmon, coho, wild, raw","Poisson, saumon, coho, sauvage, cru",2013-01-31,,15081.0,Oncorhynchus kisutch (Walbaum)
3220,3220,15,3,"Fish, salmon, coho, wild, poached","Poisson, saumon, coho, sauvage, poché",2013-01-31,,15082.0,
3221,3221,15,3,"Fish, salmon, pink (humpback), raw","Poisson, saumon, rose, cru",2013-01-31,,15083.0,Oncorhynchus gorbuscha (Walbaum)
3222,3222,15,0,"Fish, salmon, pink (humpback), canned, solids with bone and liquid, salt added","Poisson, saumon, rose, conserve, avec chair et arêts et liquide, sel ajouté",2013-07-29,,15084.0,
3223,3223,15,0,"Fish, salmon, sockeye (red), canned, drained solids, salt added","Poisson, saumon, rouge (sockeye), conserve, égoutté, sel ajouté",2026-01-28,,15087.0,
3224,3224,15,3,"Crustaceans, shrimp, mixed species, canned","Crustacés, crevette, espèces diverses, conserve",2013-01-31,,15152.0,
3225,3225,15,3,"Fish, salmon, pink (humpback), canned, solids with bone and liquid, unsalted","Poisson, saumon, rose, conserve, chair avec arêtes et liquide, sans sel",2026-01-28,,15181.0,
3226,3226,15,3,"Fish, salmon, sockeye (red), canned, drained solids with bone, unsalted","Poisson, saumon, rouge (sockeye), conserve, égoutté avec arêtes, sans sel",2026-01-28,,15182.0,
3227,3227,15,3,"Fish, salmon, chum (keta), poached","Poisson, saumon, kéta, poché",2013-01-31,,15279.0,
3228,3228,15,3,"Fish, salmon, pink (humpback), poached","Poisson, saumon, rose, poché",2013-01-31,,15283.0,
3230,3230,15,28,"Fish, arctic char, Indigenous, meat, raw","Poisson, omble chevalier, autochtone, viande, cru",2026-01-28,,,Salvelinus alpinus (naresi)
3231,3231,15,23,"Fish, cod (scrod), Atlantic, tongues and cheeks, raw","Poisson, morue de l'Atlantique, langues et joues, crues",2026-01-28,,,
3232,3232,15,23,"Fish, cod (scrod), Atlantic, smoked","Poisson, morue de l'Atlantique, fumée",2026-01-28,,,
3233,3233,15,23,"Fish, goldeye, raw","Poisson, laquaiche aux yeux d'or, crues",2013-01-31,,,
3234,3234,15,23,"Fish, inconnu (connie, coney), raw","Poisson, inconnu, cru",2026-01-28,,,
3235,3235,15,23,"Fish, sauger (yellow walleye), raw","Poisson, doré noir, cru",2026-01-28,,,
3237,3237,15,23,"Crustaceans, crab, jonah, steamed","Crustacés, crabe, tourteau, à vapeur",2013-01-25,,,
3238,3238,15,23,"Crustaceans, crab, red, steamed","Crustacés, crabe, rouge, à vapeur",2013-01-25,,,
3239,3239,15,23,"Crustaceans, crab, atlantic snow crab (spider, queen), canned, drained","Crustacés, crabe des neiges (crabe-araignée), conserve, égoutté",2013-01-25,,,
3240,3240,15,20,Clam fritter,"Palourde (mye), beignet",2026-01-28,,,
3241,3241,15,20,"Fish, eulachon, raw","Poisson, eulakane, cru",2026-01-28,,,
3242,3242,15,20,"Crustaceans, shrimp or lobster paste, canned","Crustacés, crevette ou homard, pâté, conserve",2013-01-31,,,
3243,3243,16,0,"Beans, adzuki, mature seeds, dry","Haricots, adzuki, grains mûrs, SECS",2026-01-28,,16001.0,Vigna angularis
3244,3244,16,0,"Beans, adzuki, mature seeds, boiled","Haricots, adzuki, grains mûrs, bouillis",2026-01-28,,16002.0,
3245,3245,16,0,"Beans, adzuki, canned, sweetened","Haricots, adzuki, conserve, sucrés",2026-01-28,,16003.0,
3246,3246,16,0,"Beans, adzuki, yokan (bean jelly)","Haricots, adzuki, yokan (gelée de fèves)",2026-01-28,,16004.0,
3247,3247,16,0,"Beans, baked, homemade","Fèves au lard, faits maison",2026-01-28,,16005.0,
3248,3248,16,0,"Beans, baked, canned, plain or vegetarian","Fèves au lard, conserve, nature ou végétarien",2026-01-28,,16006.0,
3249,3249,16,0,"Beans, baked, canned, with beef","Fèves au lard, conserve, avec boeuf",2026-01-28,,16007.0,
3250,3250,16,0,"Beans, baked, canned, with wieners","Fèves au lard, conserve, avec saucisses",2026-01-28,,16008.0,
3251,3251,16,0,"Beans, baked, canned, with pork and sweet sauce","Fèves au lard, conserve, avec lard et sauce sucrée",2026-01-28,,16010.0,
3252,3252,16,0,"Beans, black turtle, mature seeds, dry","Haricots, black turtle, grains mûrs, secs",2026-01-28,,16016.0,Phaseolus vulgaris
3253,3253,16,0,"Beans, black turtle, mature seeds, boiled","Haricots, black turtle, grains mûrs, bouillis",2026-01-28,,16017.0,
3254,3254,16,0,"Beans, black turtle, mature seeds, canned, solids and liquid","Haricots, black turtle, grains mûrs, conserve, solides et liquide",2026-01-28,,16018.0,
3255,3255,16,0,"Beans, cranberry (roman), mature seeds, dry","Haricots, canneberge (romain), grains mûrs, SECS",2026-01-28,,16019.0,Phaseolus vulgaris
3256,3256,16,0,"Beans, cranberry (roman), mature seeds, boiled","Haricots, canneberge (romain), grains mûrs, bouillis",2026-01-28,,16020.0,
3257,3257,16,0,"Beans, french, mature seeds, dry","Haricots verts, grains mûrs, secs",2026-01-28,,16022.0,Phaseolus vulgaris
3258,3258,16,0,"Beans, french, mature seeds, boiled","Haricots verts, grains mûrs, bouillis",2026-01-28,,16023.0,
3259,3259,16,0,"Beans, great northern, mature seeds, dry","Haricots, great northern, grains mûrs, secs",2026-01-28,,16024.0,Phaseolus vulgaris
3260,3260,16,0,"Beans, great northern, mature seeds, boiled","Haricots, great northern, grains mûrs, bouillis",2026-01-28,,16025.0,
3261,3261,16,0,"Beans, great northern, canned, solids and liquid","Haricots, great northern, conserve, solides et liquide",2026-01-28,,16026.0,
3264,3264,16,0,"Beans, kidney, light red, mature seeds, boiled","Haricots, rouge pâle, grains mûrs, bouillis",2026-01-28,,16031.0,
3265,3265,16,0,"Beans, kidney, dark red, canned, solids and liquid","Haricots, rouge foncé, conserve, solides et liquide",2026-01-28,,16034.0,
3266,3266,16,0,"Beans, navy, canned, solids and liquid","Haricots, petits blancs, conserve, solides et liquide",2026-01-28,,16039.0,
3267,3267,16,0,"Beans, pink, mature seeds, dry","Haricots, roses, grains mûrs, secs",2026-01-28,,16040.0,Phaseolus vulgaris
3268,3268,16,0,"Beans, pink, mature seeds, boiled","Haricots, roses, grains mûrs, bouillis",2026-01-28,,16041.0,
3269,3269,16,0,"Beans, pinto, mature seeds, dry","Haricots, pinto, grains mûrs, secs",2026-01-28,,16042.0,Phaseolus vulgaris
3270,3270,16,0,"Beans, pinto, mature seeds, boiled","Haricots, pinto, grains mûrs, bouillis",2026-01-28,,16043.0,
3271,3271,16,0,"Beans, pinto, canned, solids and liquid","Haricots, pinto, conserve, solides et liquide",2026-01-28,,16044.0,
3272,3272,16,0,"Beans, small white, mature seeds, dry","Haricots, blancs, petits, grains mûrs, secs",2026-01-28,,16045.0,Phaseolus vulgaris
3273,3273,16,0,"Beans, small white, mature seeds, boiled","Haricots, blancs, petits, grains mûrs, bouillis",2026-01-28,,16046.0,
3274,3274,16,0,"Beans, yellow, mature seeds, dry","Haricots, jaunes (fève), grains mûrs, secs",2026-01-28,,16047.0,Phaseolus vulgaris
3275,3275,16,0,"Beans, yellow, mature seeds, boiled","Haricots, jaunes (fève), grains mûrs, bouillis",2026-01-28,,16048.0,
3276,3276,16,0,"Beans, white, canned, solids and liquid","Haricots, blancs, conserve, solides et liquide",2026-01-28,,16051.0,
3277,3277,16,0,"Broadbeans (fava beans), canned, solids and liquid","Gourganes (fèves des marais, fava), conserve, solides et liquide",2026-01-28,,16054.0,
3278,3278,16,0,"Carob (St. John's bread), flour","Caroube, farine",2026-01-28,,16055.0,Ceratonia siliqua
3279,3279,16,0,"Chickpeas (garbanzo beans, bengal gram), canned, solids and liquid","Pois chiches (garbanzo), conserve, solides et liquide",2026-01-28,,16058.0,
3280,3280,16,0,"Black-eyed peas (cowpeas), catjang, mature seeds, dry","Haricots à oeil noir (dolique), kunde, grains mûrs, secs",2026-01-28,,16060.0,Vigna unguiculata
3281,3281,16,0,"Black-eyed peas (cowpeas), catjang, mature seeds, boiled","Haricots à oeil noir (dolique), kunde, grains mûrs, bouillis",2026-01-28,,16061.0,
3282,3282,16,0,"Black-eyed peas (cowpeas, crowder, southern), common, mature seeds, dry","Haricots à oeil noir (dolique), communs, grains mûrs, secs",2026-01-28,,16062.0,Vigna unguiculata
3283,3283,16,0,"Black-eyed peas (cowpeas, crowder, southern)), common, mature seeds, boiled","Haricots à oeil noir (dolique), communs, grains mûrs, bouillis",2026-01-28,,16063.0,
3284,3284,16,0,"Black-eyed peas (cowpeas, crowder, southern), common, mature seeds, canned, plain, solids and liquid","Haricots à oeil noir (dolique), communs, grains mûrs, conserve, nature, solides et liquide",2026-01-28,,16064.0,
3285,3285,16,0,"Black-eyed peas (cowpeas, crowder, southern), common, mature seeds, canned with pork","Haricots à oeil noir (dolique), communs, grains mûrs, conserve, avec porc",2026-01-28,,16065.0,
3286,3286,16,0,"Beans, hyacinth, mature seeds, dry","Haricots, doliques d'Égypte, grains mûrs, secs",2026-01-28,,16067.0,Dolichos purpureus
3287,3287,16,0,"Beans, hyacinth, mature seeds, boiled, drained","Haricots, doliques d'Égypte, grains mûrs, bouillis, égouttés",2026-01-28,,16068.0,
3288,3288,16,0,"Beans, lima, dry, large, mature seeds, dry","Haricots, lima, secs, gros, grains mûrs, secs",2026-01-28,,16071.0,Phaseolus lunatus
3289,3289,16,0,"Beans, lima, dry, large, mature seeds, boiled","Haricots, lima, secs, gros, grains mûrs, bouillis",2026-01-28,,16072.0,
3290,3290,16,0,"Beans, lima, dry, large, canned, solids and liquid","Haricots, lima, secs, gros, conserve, solides et liquide",2026-01-28,,16073.0,
3291,3291,16,0,"Beans, lima, dry, baby, mature seeds, dry","Haricots, lima, secs, petits grains (de sieva), grains mûrs, secs",2026-01-28,,16074.0,Phaseolus lunatus
3292,3292,16,0,"Beans, lima, dry, baby, mature seeds, boiled","Haricots, lima, secs, petits grains (de sieva), grains mûrs, bouillis",2026-01-28,,16075.0,
3293,3293,16,0,"Lupins, mature seeds, dry","Lupins, grains mûrs, secs",2012-06-19,,16076.0,Lupinus albus
3294,3294,16,0,"Lupins, mature seeds, boiled","Lupins, grains mûrs, bouillis",2012-06-19,,16077.0,
3295,3295,16,0,"Moth beans, mature seeds, dry","Haricots, mat (papillon), grains mûrs, secs",2026-01-28,,16078.0,Vigna aconitifolia
3296,3296,16,0,"Moth beans, mature seeds, boiled","Haricots, mat (papillon), grains mûrs, bouillis",2026-01-28,,16079.0,
3297,3297,16,0,"Beans, legumes, mung (green gram), mature seeds, dry","Haricots, légumineuses, ambériques (haricot mungo), grains mûrs, secs",2026-01-28,,16080.0,Vigna radiata
3298,3298,16,0,"Beans, legumes, mung (green gram), mature seeds, boiled","Haricots, légumineuses, ambériques (haricot mungo), grains mûrs, bouillis",2026-01-28,,16081.0,
3299,3299,16,0,"Pasta, mung beans noodles (chinese, cellophane or long rice noodles), dehydrated","Pâtes, nouilles de haricot mungo (nouilles chinoise, cellophane), déshydratées",2026-01-28,,16082.0,
3300,3300,16,0,"Beans, mungo, mature seeds, dry","Haricots, mungo, grains mûrs, secs",2026-01-28,,16083.0,Vigna mungo
3301,3301,16,0,"Beans, mungo, mature seeds, boiled","Haricots, mungo, grains mûrs, bouillis",2026-01-28,,16084.0,
3302,3302,16,0,"Peanuts, all types, dry-roasted, salt added","Arachides, tous les types, rôties/sec, sel ajouté",2026-01-28,,16090.0,
3303,3303,16,0,"Peanuts, Spanish, raw","Arachides, espagnoles, crues",2026-01-28,,16091.0,Arachis hypogaea
3304,3304,16,0,"Peanuts, Spanish, oil-roasted, salt added","Arachides, espagnoles, rôties à l'huile, sel ajouté",2026-01-28,,16092.0,
3305,3305,16,0,"Peanuts, Valencia, raw","Arachides, Valencia, crues",2026-01-28,,16093.0,Arachis hypogaea
3306,3306,16,0,"Peanuts, Valencia, oil-roasted, salt added","Arachides, Valencia, rôties à l'huile, sel ajouté",2026-01-28,,16094.0,
3307,3307,16,0,"Peanuts, Virginia, raw","Arachides, Virginia, crues",2026-01-28,,16095.0,Arachis hypogaea
3308,3308,16,0,"Peanuts, Virginia, oil-roasted, salt added","Arachides, Virginia, rôties à l'huile, sel ajouté",2026-01-28,,16096.0,
3309,3309,16,0,"Peanut butter, chunk type, fat, sugar and salt added","Beurre d'arachides, croquant, gras, sucre et sel ajoutés",2026-01-28,,16097.0,
3310,3310,16,0,"Peanut flour, defatted, salt added","Arachides, farine, dégraissée, sel ajouté",2012-06-19,,16099.0,
3311,3311,16,0,"Peanut flour, low fat","Arachides, farine, faible en gras",2026-01-28,,16100.0,
3312,3312,16,0,"Peas, pigeon (red gram), mature seeds, dry","Pois, cajan, grains mûrs, secs",2026-01-28,,16101.0,Cajanus cajan
3313,3313,16,0,"Peas, pigeon (red gram), mature seeds, boiled","Pois, cajan, grains mûrs, bouillis",2026-01-28,,16102.0,
3314,3314,16,0,"Refried beans, canned","Haricots, sautés (frigoles refrits), conserve",2026-01-28,,16103.0,
3315,3315,16,0,"Meatless, bacon","Viande, simili, bacon",2026-01-28,,16104.0,
3316,3316,16,0,"Meatless, sausage","Viande, simili, saucisse",2026-01-28,,16107.0,
3317,3317,16,0,"Soybean kernels, roasted, salt added","Haricots, soya, rôtis , sel ajouté",2026-01-28,,16110.0,
3318,3318,16,0,"Soybeans, dry, roasted","Haricots, soya, rôtis à sec",2026-01-28,,16111.0,
3319,3319,16,0,"Soybean, fermented products, miso","Soya, produits fermentés, miso",2026-01-28,,16112.0,
3320,3320,16,0,"Soybean, fermented products, natto","Soya, produits fermentés, natto",2026-01-28,,16113.0,
3321,3321,16,0,"Soybean, fermented products, tempeh (tempe)","Soya, produits fermenté, tempeh (tempe)",2026-01-28,,16114.0,
3322,3322,16,0,"Soy flour, full-fat","Soya, farine, non dégraissée",2026-01-28,,16115.0,
3323,3323,16,0,"Soy flour, full-fat, roasted","Soya, farine, non dégraissée, rôtie",2026-01-28,,16116.0,
3324,3324,16,0,"Soy flour, defatted","Soya, farine, dégraissée",2026-01-28,,16117.0,
3325,3325,16,0,"Soy flour, low fat","Soya, farine, faible en gras",2026-01-28,,16118.0,
3326,3326,16,0,"Soy meal, defatted","Soya, semoule, dégraissée",2026-01-28,,16119.0,
3327,3327,16,0,Soy protein concentrate (prepared with alcohol),"Soya, concentré de protéines (préparation d'alcool)",2026-01-28,,16121.0,
3328,3328,16,0,Soy protein isolate (prepared with sodium),"Soya, isolat de protéines (préparé avec sodium)",2026-01-28,,16122.0,
3329,3329,6,0,"Soy sauce (made from soy), tamari","Soya, sauce (fait de soya), tamari",2017-10-25,,16124.0,
3330,3330,6,0,Soy sauce (made with hydrolyzed vegetable protein),"Soya, sauce (fait avec protéine végétale hydrolysée)",2017-10-25,,16125.0,
3331,3331,16,0,"Tofu, koyadofu, dried-frozen","Tofu, koyadofu, séché et surgelé",2026-01-28,,16128.0,
3332,3332,16,0,Okara,Okara,2026-01-28,,16130.0,
3333,3333,16,0,"Tofu, fuyu, salted and fermented (prepared with magnesium chloride)","Tofu, fuyu, salé et fermenté (préparé avec chlorure de magnésium)",2026-01-28,,16132.0,
3334,3334,16,0,"Beans, yardlong, mature seeds, dry","Doliques asperge, grains mûrs, secs",2026-01-28,,16133.0,Vigna uniguiculata sesquipedalis
3335,3335,16,0,"Beans, yardlong, mature seeds, boiled","Doliques asperge, grains mûrs, bouillis",2026-01-28,,16134.0,
3336,3336,16,0,"Beans, winged (goa beans), mature seeds, dry","Haricots, légumineuses, pois carrés (haricot de goa), secs, grains mûrs, secs",2026-01-28,,16135.0,Psophocarpus tetragonolobus
3337,3337,16,0,"Beans, winged (goa beans), mature seeds, boiled","Haricots, légumineuses, pois carrés (haricot de goa), grains mûrs, bouillis",2026-01-28,,16136.0,
3338,3338,16,0,"Hummus, homemade","Hoummos (hommos, hummus), fait maison",2018-02-21,,16137.0,
3339,3339,16,0,"Falafel, homemade","Falafel, fait maison",2026-01-28,,16138.0,
3340,3340,16,0,"Beans, adzuki, mature seeds, boiled, salt added","Haricots, adzuki, grains mûrs, bouillis, sel ajouté",2026-01-28,,16302.0,
3341,3341,16,0,"Beans, black, mature seeds, boiled, salt added","Haricots, noirs, grains mûrs, bouillis, sel ajouté",2026-01-28,,16315.0,
3342,3342,16,0,"Beans, black turtle, mature seeds, boiled, salt added","Haricots, black turtle, grains mûrs, bouillis, sel ajouté",2026-01-28,,16317.0,
3343,3343,16,0,"Beans, cranberry (roman), mature seeds, boiled, salt added","Haricots, canneberge (romain), grains mûrs, bouillis, sel ajouté",2026-01-28,,16320.0,
3344,3344,16,0,"Beans, french, mature seeds, boiled, salt added","Haricots verts, grains mûrs, bouillis, sel ajouté",2026-01-28,,16323.0,
3345,3345,16,0,"Beans, great northern, mature seeds, boiled, salt added","Haricots, great northern, grains mûrs, bouillis, sel ajouté",2026-01-28,,16325.0,
3347,3347,16,0,"Beans, kidney, light red, mature seeds, boiled, salt added","Haricots, rouge pâle, grains mûrs, bouillis, sel ajouté",2026-01-28,,16331.0,
3348,3348,16,0,"Beans, pink, mature seeds, boiled, salt added","Haricots, roses, grains mûrs, bouillis, sel ajouté",2026-01-28,,16341.0,
3349,3349,16,0,"Beans, pinto, mature seeds, boiled, salt added","Haricots, pinto, grains mûrs, bouillis, sel ajouté",2026-01-28,,16343.0,
3350,3350,16,0,"Beans, small white, mature seeds, boiled, salt added","Haricots, blancs, fins, grains mûrs, bouillis, sel ajouté",2026-01-28,,16346.0,
3351,3351,16,0,"Beans, yellow, mature seeds, boiled, salt added","Haricots, jaunes (fève), grains mûrs, bouillis, sel ajouté",2026-01-28,,16348.0,
3352,3352,16,0,"Broadbeans (fava beans), mature seeds, boiled, with salt","Gourganes (fèves des marais, fava), grains mûrs,, bouillis, sel ajouté",2026-01-28,,16353.0,
3353,3353,16,0,"Black-eyed peas (cowpeas), catjang, mature seeds, boiled, salt added","Haricots à oeil noir (dolique), kinde, grains mûrs, bouillis, sel ajouté",2026-01-28,,16361.0,
3354,3354,16,0,"Black-eyed peas (cowpeas, crowder, southern), common, mature seeds, boiled, salt added","Haricots à oeil noir (dolique), communs, grains mûrs, bouillis, sel ajouté",2026-01-28,,16363.0,
3355,3355,16,0,"Beans, hyacinth, mature seeds, boiled, drained, salt added","Haricots, doliques d'Égypte, grains mûrs, bouillis, égouttés, sel ajouté",2026-01-28,,16368.0,
3356,3356,16,0,"Beans, lima, dry, large, mature seeds, boiled, salt added","Haricots, lima, secs, gros, grains mûrs, bouillis, sel ajouté",2026-01-28,,16372.0,
3357,3357,16,0,"Beans, lima, dry, baby, mature seeds, boiled, salt added","Haricots, lima, secs, petits grains (de sieva), grains mûrs, bouillis, sel ajouté",2026-01-28,,16375.0,
3358,3358,16,0,"Lupins, mature seeds, boiled, salt added","Lupins, grains mûrs, bouillis, sel ajouté",2026-01-28,,16377.0,
3359,3359,16,0,"Moth beans, mature seeds, boiled, salt added","Haricots, mat, grains mûrs, bouillis, sel ajouté",2026-01-28,,16379.0,
3360,3360,16,0,"Beans, legumes, mung (green gram), mature seeds, boiled, salt added","Haricots, légumineuses, ambériques (haricot mungo), grains mûrs,bouillis, sel ajouté",2026-01-28,,16381.0,
3361,3361,16,0,"Beans, mungo, mature seeds, boiled, salt added","Haricots, mungo, grains mûrs, bouillis, sel ajouté",2026-01-28,,16384.0,
3362,3362,16,0,"Peanuts, all types, dry roasted","Arachides, tous les types, rôties à sec",2026-01-28,,16390.0,
3363,3363,16,0,"Peanuts, Spanish, oil-roasted","Arachides, espagnoles, rôties à l'huile",2026-01-28,,16392.0,
3364,3364,16,0,"Peanuts, Valencia, oil-roasted","Arachides, Valencia, rôties à l'huile",2026-01-28,,16394.0,
3365,3365,16,0,"Peanuts, Virginia, oil-roasted","Arachides, Virginia, rôties à l'huile",2026-01-28,,16396.0,
3366,3366,16,0,"Peanut butter, chunk type, fat and sugar added","Beurre d'arachides, croquant, gras et sucre ajoutés",2026-01-28,,16397.0,
3367,3367,16,0,"Peas, pigeon (red gram), mature seeds, boiled, salt added","Pois, cajan, grains mûrs, bouillis, sel ajouté",2026-01-28,,16402.0,
3368,3368,16,0,Soy protein concentrate (prepared with acid and water wash),"Soya, concentrat de protéines (préparation avec acid et de l'eau)",2026-01-28,,16420.0,
3369,3369,16,0,Soy protein isolate (prepared with potassium),"Soya, isolat de protéines (préparé avec potassium)",2026-01-28,,16422.0,
3370,3370,16,0,"Tofu, koyadofu, dried-frozen (prepared with calcium sulphate)","Tofu, koyadofu, séché et surgelé (préparé avec sulfate de calcium)",2026-01-28,,16428.0,
3371,3371,16,0,"Tofu, fuyu, salted and fermented (with calcium sulphate)","Tofu, fuyu, salé et fermenté (avec sulfate de calcium)",2026-01-28,,16432.0,
3372,3372,16,0,"Beans, yardlong, mature seeds, boiled, salt added","Doliques asperge, grains mûrs, bouillis, sel ajouté",2026-01-28,,16434.0,
3373,3373,16,0,"Beans, winged (goa beans), mature seeds, boiled, with salt","Haricots, légumineuses, pois carrés (haricot de goa), grains mûrs, bouillis, sel ajouté",2026-01-28,,16436.0,
3374,3374,16,3,"Beans, baked, canned, with pork","Fèves au lard, conserve, avec lard",2026-01-28,,16009.0,
3375,3375,16,3,"Beans, baked, canned, with pork and tomato sauce","Fèves au lard, conserve, avec lard et sauce tomates",2026-01-28,,16011.0,
3376,3376,16,3,"Beans, black, mature seeds, dry","Haricots, noirs, grains mûrs, secs",2026-01-28,,16014.0,
3377,3377,16,3,"Beans, black, mature seeds, boiled","Haricots, noirs, grains mûrs, bouillis",2026-01-28,,16015.0,
3378,3378,16,3,"Beans, cranberry, canned, with solids and liquid","Haricots, canneberge, conserve, avec solides et liquide",2026-01-28,,16021.0,
3379,3379,16,3,"Beans, kidney, all types, canned, solids and liquid","Haricots, rouges, tous les types, conserve, avec solides et liquide",2026-01-28,,16029.0,
3380,3380,16,3,"Beans, kidney, light red, mature seeds, dry","Haricots, rouge pâle, grains mûrs, secs",2026-01-28,,16030.0,Phaseolus vulgaris
3381,3381,16,3,"Beans, kidney, dark red, mature seeds, dry","Haricots, rouge foncé, grains mûrs, secs",2026-01-28,,16032.0,Phaseolus vulgaris
3382,3382,16,3,"Beans, kidney, dark red, mature seeds, boiled","Haricots, rouge foncé, grains mûrs, bouillis",2026-01-28,,16033.0,
3383,3383,16,3,"Beans, navy, mature seeds, dry","Haricots, petits blancs, grains mûrs, secs",2026-01-28,,16037.0,Phaseolus vulgaris
3384,3384,16,3,"Beans, navy, mature seeds, boiled","Haricots, petits blancs, grains mûrs, bouillis",2026-01-28,,16038.0,
3385,3385,16,3,"Beans, white, mature seeds, dry","Haricots, blancs, grains mûrs, secs",2026-01-28,,16049.0,Phaseolus vulgaris
3386,3386,16,3,"Beans, white, mature seeds, boiled","Haricots, blancs, grains mûrs, bouillis",2026-01-28,,16050.0,
3387,3387,16,3,"Broadbeans (fava beans), mature seeds, dry","Gourganes (fèves des marais, fava), grains mûrs, secs",2026-01-28,,16052.0,Vicia faba
3388,3388,16,3,"Broadbeans (fava beans), mature seeds, boiled","Gourganes (fèves des marais, fava), grains mûrs, bouillis",2026-01-28,,16053.0,
3389,3389,16,3,"Chickpeas (garbanzo beans, bengal gram), mature seeds, dry","Pois chiches (garbanzo), grains mûrs, secs",2026-01-28,,16056.0,Cicer arietinum
3390,3390,16,3,"Chickpeas (garbanzo beans, bengal gram), mature seeds, boiled","Pois chiches (garbanzo), grains mûrs, bouillis",2026-01-28,,16057.0,
3391,3391,16,3,"Chili with beans, canned","Chili avec haricots, conserve",2012-06-19,,16059.0,
3392,3392,16,3,"Lentils, mature seeds, dry","Lentilles, grains mûrs, secs",2012-06-19,,16069.0,Lens culinaris
3393,3393,16,3,"Lentils, mature seeds, boiled","Lentilles, grains mûrs, bouillis",2012-06-19,,16070.0,
3394,3394,16,3,"Peas, split, mature seeds, dry","Pois, cassés, grains mûrs, secs",2026-01-28,,16085.0,Pisum sativum
3395,3395,16,3,"Peas, split, mature seeds, boiled","Pois cassés, grains mûrs, bouillis",2012-06-19,,16086.0,
3396,3396,16,3,"Peanuts, all types, raw","Arachides, tous les types, crues",2026-01-28,,16087.0,Arachis hypogaea
3397,3397,16,3,"Peanuts, all types, boiled, salt added","Arachides, tous les types, bouillies, sel ajouté",2026-01-28,,16088.0,
3398,3398,16,3,"Peanuts, all types, oil-roasted, salt added","Arachides, tous les types, rôties à l'huile, sel ajouté",2026-01-28,,16089.0,
3399,3399,16,3,"Peanut butter, smooth type, fat, sugar and salt added","Beurre d'arachides, crémeux, gras, sucre et sel ajoutés",2026-01-28,,16098.0,
3400,3400,16,3,"Soybeans, mature seeds, dry","Haricots, soya, grains mûrs, secs",2026-01-28,,16108.0,Glycine max
3401,3401,16,3,"Soybeans, mature seeds, dry, boiled","Haricots, soya, grains mûrs, secs, bouillis",2026-01-28,,16109.0,
3403,3403,6,3,"Soy sauce (made with soy and wheat), shoyu, regular","Soya, sauce (fait avec soya et blé) shoyu, ordinaire",2017-10-25,,16123.0,
3404,3404,16,3,"Tofu, regular, firm or extra firm (prepared with magnesium chloride and calcium sulphate or calcium chloride)","Tofu, régulier, ferme ou extra ferme (préparé avec chlorure de magnésium et sulfate de calcium ou chlorure de calcium)",2021-04-21,,16126.0,
3407,3407,16,3,"Beans, kidney, dark red, mature seeds, boiled, salt added","Haricots, rouge foncé, grains mûrs, bouillis, sel ajouté",2026-01-28,,16333.0,
3408,3408,16,3,"Beans, navy, mature seeds, boiled, salt added","Haricots, petits blancs, grains mûrs, bouillis, sel ajouté",2026-01-28,,16338.0,
3409,3409,16,3,"Beans, white, mature seeds, boiled, salt added","Haricots, blancs, grains mûrs, bouillis, sel ajouté",2026-01-28,,16350.0,
3410,3410,16,3,"Chickpeas (garbanzo beans, bengal gram), mature seeds, boiled, salt added","Pois chiches, (garbanzo), grains mûrs, bouillis, sel ajouté",2026-01-28,,16357.0,
3411,3411,16,3,"Lentils, mature seeds, boiled, salt added","Lentilles, grains mûrs, bouillis, sel ajouté",2012-06-19,,16370.0,
3412,3412,16,3,"Peas, split, mature seeds, boiled, salt added","Pois, cassés, grains mûrs, bouillis, sel ajouté",2026-01-28,,16386.0,
3413,3413,16,3,"Peanuts, all types, oil-roasted","Arachides, tous les types, rôties à l'huile",2026-01-28,,16389.0,
3414,3414,16,3,"Peanut butter, smooth type, fat and sugar added","Beurre d'arachides, crémeux, gras et sucre ajoutés",2026-01-28,,16398.0,
3415,3415,16,3,"Soybeans, dry, mature seeds, boiled, salt added","Haricots, soya, sec, grains mûrs, bouillis, sel ajouté",2026-01-28,,16409.0,
3416,3416,6,3,"Soy sauce (made with soy and wheat), shoyu, sodium reduced","Soya, sauce (fait avec soya et blé), shoyu, réduit en sodium",2017-10-25,,16424.0,
3418,3418,16,3,"Tofu, regular, medium firm or firm (prepared with calcium sulphate)","Tofu, régulier, mi-ferme ou ferme (préparé avec sulfate de calcium)",2016-05-13,,16427.0,
3422,3422,17,23,"Lamb, Canadian, composite cuts, lean, raw","Agneau, canadien, coupes diverses, maigre, cru",2012-06-21,,17003.0,
3423,3423,17,23,"Lamb, Canadian, composite cuts, lean, cooked","Agneau, canadien, coupes diverses, maigre, cuit",2012-06-21,,17004.0,
3424,3424,17,23,"Lamb, Canadian, fat, raw","Agneau, canadien, gras, cru",2012-06-28,,17005.0,
3425,3425,17,23,"Lamb, Canadian, fat, cooked","Agneau, canadien, gras, cuit",2012-06-28,,17006.0,
3428,3428,17,23,"Lamb, Canadian, foreshank, lean, raw","Agneau, canadien, jarret, maigre, cru",2012-06-21,,,
3429,3429,17,23,"Lamb, Canadian, foreshank, lean, cooked","Agneau, canadien, jarret, maigre, braisé",2012-06-21,,,
3432,3432,17,23,"Lamb, Canadian, leg, whole, lean, raw","Agneau, canadien, gigot, entier, maigre, cru",2012-06-21,,,
3433,3433,17,23,"Lamb, Canadian, leg, whole, lean, cooked","Agneau, canadien, gigot, entier, maigre, rôti",2012-06-21,,,
3445,3445,17,23,"Lamb, Canadian, loin, lean, raw","Agneau, canadien, longe, maigre, cru",2012-06-21,,,
3446,3446,17,23,"Lamb, Canadian, loin, lean, cooked","Agneau, canadien, longe, maigre, grillé",2012-06-21,,,
3451,3451,17,23,"Lamb, Canadian, rib, lean, raw","Agneau, canadien, côte, maigre, cru",2012-06-21,,,
3452,3452,17,23,"Lamb, Canadian, rib, lean, cooked","Agneau, canadien, côte, maigre, grillé",2012-06-21,,,
3458,3458,17,23,"Lamb, Canadian, shoulder, whole, lean, raw","Agneau, canadien, épaule, entier, maigre, cru",2012-06-21,,,
3460,3460,17,23,"Lamb, Canadian, shoulder, whole, lean, cooked","Agneau, canadien, épaule, entier, maigre, grillé",2012-06-21,,,
3478,3478,17,0,"Lamb, cubed for stew or kabob, lean, raw","Agneau, cubes à ragout ou brochette, maigre, cru",2012-06-21,,17059.0,
3479,3479,17,0,"Lamb, cubed for stew or kabob, lean braised","Agneau, cubes à ragout ou brochette, maigre, braisé",2012-06-21,,17060.0,
3480,3480,17,0,"Lamb, cubed for stew or kabob, lean, broiled","Agneau, cubes à ragout ou brochette, maigre, grillé",2012-06-21,,17061.0,
3481,3481,17,0,"Lamb, New Zealand, composite cuts, lean and fat, 6mm (1/4) trim, raw","Agneau, Nouvelle-Zélande, coupes diverses, maigre et gras, 6mm (1/4) paré, cru",2012-06-21,,17062.0,
3482,3482,17,0,"Lamb, New Zealand, composite cuts, lean and fat, 6mm (1/4) trim, cooked","Agneau, Nouvelle-Zélande, coupes diverses, maigre et gras, 6mm (1/4) paré, cuit",2012-06-21,,17063.0,
3483,3483,17,0,"Lamb, New Zealand, composite cuts, lean, raw","Agneau, Nouvelle-Zélande, coupes diverses, maigre, cru",2012-06-21,,17064.0,
3484,3484,17,0,"Lamb, New Zealand, composite cuts, lean, cooked","Agneau, Nouvelle-Zélande, coupes diverses, maigre, cuit",2012-06-21,,17065.0,
3485,3485,17,0,"Lamb, New Zealand, composite cuts, fat, raw","Agneau, Nouvelle-Zélande, coupes diverses, gras, cru",2026-01-28,,17066.0,
3486,3486,17,0,"Lamb, New Zealand, composite cuts, fat, cooked","Agneau, Nouvelle-Zélande, coupes diverses, gras, cuit",2012-06-28,,17067.0,
3487,3487,17,0,"Lamb, New Zealand, foreshank, lean and fat, 6mm (1/4) trim, raw","Agneau, Nouvelle-Zélande, jarret, maigre et gras, 6mm (1/4) paré, cru",2026-01-28,,17068.0,
3488,3488,17,0,"Lamb, New Zealand, foreshank, lean and fat, 6mm (1/4) trim, braised","Agneau, Nouvelle-Zélande, jarret, maigre et gras, 6mm (1/4) paré",2026-01-28,,17069.0,
3489,3489,17,0,"Lamb, New Zealand, foreshank, lean, raw","Agneau, Nouvelle-Zélande, jarret, maigre, cru",2026-01-28,,17070.0,
3490,3490,17,0,"Lamb, New Zealand, foreshank, lean, braised","Agneau, Nouvelle-Zélande, jarret, maigre, braisé",2026-01-28,,17071.0,
3491,3491,17,0,"Lamb, New Zealand, frozen, leg, chop / steak, lean and fat, raw","Agneau, Nouvelle-Zélande, congelé, gigot, côtelette / steak, maigre et gras, cru",2026-01-28,,17072.0,
3492,3492,17,0,"Lamb, New Zealand, frozen, leg, whole, lean and fat, braised","Agneau, Nouvelle-Zélande, congelé, gigot, entier, maigre et gras, braisé",2014-10-20,,17073.0,
3493,3493,17,0,"Lamb, New Zealand, leg, chop / steak, lean, raw","Agneau, Nouvelle-Zélande, gigot, côtelette / steak, maigre, cru",2026-01-28,,17074.0,
3494,3494,17,0,"Lamb, New Zealand, frozen, leg, whole, lean, roasted","Agneau, Nouvelle-Zélande, congelé, gigot, entier, maigre, rôti",2014-10-20,,17075.0,
3495,3495,17,0,"Lamb, New Zealand, frozen, loin chop, lean and fat, raw","Agneau, Nouvelle-Zélande, congelé, longe, maigre et gras, cru",2026-01-28,,17076.0,
3496,3496,17,0,"Lamb, New Zealand, frozen, loin chop, lean and fat, broiled","Agneau, Nouvelle-Zélande, congelé, longe, maigre et gras, grillé",2014-10-20,,17077.0,
3497,3497,17,0,"Lamb, New Zealand, frozen, loin chop, lean, raw","Agneau, Nouvelle-Zélande, congelé, longe, maigre, cru",2026-01-28,,17078.0,
3498,3498,17,0,"Lamb, New Zealand, frozen, loin chop, lean, broiled","Agneau, Nouvelle-Zélande, congelé, longe, maigre, grillé",2014-10-20,,17079.0,
3499,3499,17,0,"Lamb, New Zealand, rack - partly frenched, lean and fat, raw","Agneau, Nouvelle-Zélande, carré, côtes partiellement exposées, maigre et gras, cru",2026-01-28,,17080.0,
3500,3500,17,0,"Lamb, New Zealand, rack - partly frenched, lean and fat, fast roasted","Agneau, Nouvelle-Zélande, carré, côtes partiellement exposées, maigre et gras, rôti",2014-10-20,,17081.0,
3501,3501,17,0,"Lamb, New Zealand, rib, lean, raw","Agneau, Nouvelle-Zélande, côte, maigre, cru",2026-01-28,,17082.0,
3502,3502,17,0,"Lamb, New Zealand, rib, lean, roasted","Agneau, Nouvelle-Zélande, côte, maigre, rôti",2012-06-21,,17083.0,
3503,3503,17,0,"Lamb, New Zealand, shoulder, whole, lean and fat, 6mm (1/4) trim, raw","Agneau, Nouvelle-Zélande, épaule, entier, maigre et gras, 6mm (1/4) paré, cru",2026-01-28,,17084.0,
3504,3504,17,0,"Lamb, New Zealand, shoulder, whole, lean and fat, 6mm (1/4) trim, braised","Agneau, Nouvelle-Zélande, épaule, entier, maigre et gras, 6mm (1/4) paré, braisé",2012-06-21,,17085.0,
3505,3505,17,0,"Lamb, New Zealand, shoulder, whole, lean, raw","Agneau, Nouvelle-Zélande, épaule, entier, maigre, cru",2026-01-28,,17086.0,
3506,3506,17,0,"Lamb, New Zealand, shoulder, whole, lean braised","Agneau, Nouvelle-Zélande, épaule, entier, maigre, braisé",2012-06-21,,17087.0,
3507,3507,17,0,"Veal, composite cuts, lean and fat, raw","Veau, coupes diverses, maigre et gras, cru",2012-06-21,,17088.0,Bos taurus
3508,3508,17,0,"Veal, composite cuts, lean and fat, cooked","Veau, coupes diverses, maigre et gras, cuit",2012-06-21,,17089.0,
3509,3509,17,0,"Veal, composite cuts, lean, raw","Veau, coupes diverses, maigre, cru",2012-06-21,,17090.0,
3510,3510,17,0,"Veal, composite cuts, lean, cooked","Veau, coupes diverses, maigre, cuit",2012-06-21,,17091.0,
3511,3511,17,0,"Veal, composite cuts, fat, raw","Veau, coupes diverses, gras, cru",2012-06-28,,17092.0,
3512,3512,17,0,"Veal, composite cuts, fat, cooked","Veau, coupes diverses, gras, cuit",2012-06-28,,17093.0,
3513,3513,17,0,"Veal, leg (round), lean and fat, raw","Veau, cuisse (ronde), maigre et gras, cru",2012-06-21,,17094.0,
3514,3514,17,0,"Veal, leg (round), lean and fat, braised","Veau, cuisse (ronde), maigre et gras, braisé",2012-06-21,,17095.0,
3515,3515,17,0,"Veal, leg (round), lean and fat, pan-fried, breaded","Veau, cuisse (ronde), maigre et gras, sauté, pané",2012-06-21,,17096.0,
3516,3516,17,0,"Veal, leg (round), lean and fat, pan-fried, not breaded","Veau, cuisse (ronde), maigre et gras, sauté, non pané",2012-06-21,,17097.0,
3517,3517,17,0,"Veal, leg (round), lean and fat, roasted","Veau, cuisse (ronde), maigre et gras, rôti",2012-06-21,,17098.0,
3518,3518,17,23,"Veal, milk-fed, cutlets (inside top round), raw","Veau de lait, escalopes (ronde d'intérieur), cru",2012-07-04,,,
3519,3519,17,0,"Veal, leg (round), lean, braised","Veau, cuisse (ronde), maigre, braisé",2012-06-21,,17100.0,
3520,3520,17,0,"Veal, leg (round), lean, pan-fried, breaded","Veau, cuisse (ronde), maigre, sauté, pané",2012-06-21,,17101.0,
3521,3521,17,23,"Veal, milk-fed, cutlets (inside top round), pan-fried","Veau de lait, escalopes (ronde d'intérieur), sauté",2012-06-21,,,
3522,3522,17,0,"Veal, leg (round), lean, roasted","Veau, cuisse (ronde), maigre, rôti",2012-06-21,,17103.0,
3523,3523,17,0,"Veal, loin, lean and fat, raw","Veau, longe, maigre et gras, cru",2012-06-21,,17104.0,
3524,3524,17,0,"Veal, loin, lean and fat, braised","Veau, longe, maigre et gras, braisé",2012-06-21,,17105.0,
3525,3525,17,0,"Veal, loin, lean and fat, roasted","Veau, longe, maigre et gras, rôti",2012-06-21,,17106.0,
3526,3526,17,0,"Veal, loin, lean, raw","Veau, longe, maigre, cru",2012-06-21,,17107.0,
3527,3527,17,0,"Veal, loin, lean, braised","Veau, longe, maigre, braisé",2012-06-21,,17108.0,
3528,3528,17,0,"Veal, loin, lean, roasted","Veau, longe, maigre, rôti",2012-06-21,,17109.0,
3529,3529,17,23,"Veal, milk-fed, rib chop, lean and fat, raw","Veau de lait, côtelette, maigre et gras, cru",2012-06-28,,,
3530,3530,17,0,"Veal, rib, lean and fat, braised","Veau, côte, maigre et gras, braisé",2012-06-21,,17111.0,
3531,3531,17,0,"Veal, rib, lean and fat, roasted","Veau, côte, maigre et gras, rôti",2012-06-21,,17112.0,
3532,3532,17,23,"Veal, milk-fed, rib chop, lean, raw","Veau de lait, côtelette, maigre, cru",2012-06-28,,,
3533,3533,17,0,"Veal, rib, lean, braised","Veau, côte, maigre, braisé",2012-06-21,,17114.0,
3534,3534,17,0,"Veal, rib, lean, roasted","Veau, côte, maigre, rôti",2012-06-21,,17115.0,
3535,3535,17,23,"Veal, milk-fed, shoulder, whole, lean and fat, raw","Veau de lait, rôti d'épaule, entier, maigre et gras, cru",2012-06-21,,,
3536,3536,17,0,"Veal, shoulder, whole, lean and fat, braised","Veau, épaule, entier, maigre et gras, braisé",2012-06-21,,17117.0,
3537,3537,17,23,"Veal, milk-fed, shoulder, whole, lean and fat, roasted","Veau de lait, rôti d'épaule, entier, maigre et gras, rôti",2012-06-21,,,
3538,3538,17,23,"Veal, milk-fed, shoulder, whole, lean, raw","Veau de lait, rôti d'épaule, entier, maigre, cru",2012-06-21,,,
3539,3539,17,0,"Veal, shoulder, whole, lean, braised","Veau, épaule, entier, maigre, braisé",2012-06-21,,17120.0,
3540,3540,17,23,"Veal, milk-fed, shoulder, whole, lean, roasted","Veau de lait, rôti d'épaule, entier, maigre, rôti",2012-06-21,,,
3541,3541,17,0,"Veal, shoulder, shank, lean and fat, raw","Veau, épaule, jarret, maigre et gras, cru",2012-06-21,,17122.0,
3542,3542,17,0,"Veal, shoulder, shank, lean and fat, braised","Veau, épaule, jarret, maigre et gras, braisé",2012-06-21,,17123.0,
3543,3543,17,0,"Veal, shoulder, shank, lean and fat, roasted","Veau, épaule, jarret, maigre et gras, rôti",2012-06-21,,17124.0,
3544,3544,17,0,"Veal, shoulder, shank, lean, raw","Veau, épaule, jarret, maigre, cru",2012-06-21,,17125.0,
3545,3545,17,0,"Veal, shoulder, shank, lean, braised","Veau, épaule, jarret, maigre, braisé",2012-06-21,,17126.0,
3546,3546,17,0,"Veal, shoulder, shank, lean, roasted","Veau, épaule, jarret, maigre, rôti",2012-06-21,,17127.0,
3547,3547,17,0,"Veal, shoulder, blade, lean and fat, raw","Veau, épaule, palette, maigre et gras, cru",2012-06-21,,17128.0,
3548,3548,17,0,"Veal, shoulder, blade, lean and fat, braised","Veau, épaule, palette, maigre et gras, braisé",2012-06-21,,17129.0,
3549,3549,17,0,"Veal, shoulder, blade, lean and fat, roasted","Veau, épaule, palette, maigre et gras, rôti",2012-06-21,,17130.0,
3550,3550,17,0,"Veal, shoulder, blade, lean, raw","Veau, épaule, palette, maigre, cru",2012-06-21,,17131.0,
3551,3551,17,0,"Veal, shoulder, blade, lean, braised","Veau, épaule, palette, maigre, braisé",2012-06-21,,17132.0,
3552,3552,17,0,"Veal, shoulder, blade, lean, roasted","Veau, épaule, palette, maigre, rôti",2012-06-21,,17133.0,
3553,3553,17,0,"Veal, sirloin, lean and fat, raw","Veau, surlonge, maigre et gras, cru",2012-06-21,,17134.0,
3554,3554,17,0,"Veal, sirloin, lean and fat, braised","Veau, surlonge, maigre et gras, braisé",2012-06-21,,17135.0,
3555,3555,17,0,"Veal, sirloin, lean and fat, roasted","Veau, surlonge, maigre et gras, rôti",2012-06-21,,17136.0,
3556,3556,17,0,"Veal, sirloin, lean, raw","Veau, surlonge, maigre, cru",2012-06-21,,17137.0,
3557,3557,17,0,"Veal, sirloin, lean, braised","Veau, surlonge, maigre, braisé",2012-06-21,,17138.0,
3558,3558,17,0,"Veal, sirloin, lean, roasted","Veau, surlonge, maigre, rôti",2012-06-21,,17139.0,
3559,3559,17,0,"Veal, cubed for stew (leg and shoulder), lean, raw","Veau, cubes à ragout (cuisse et épaule), maigre, cru",2012-06-21,,17140.0,
3560,3560,17,0,"Veal, cubed for stew (leg and shoulder), lean, braised","Veau, cubes à ragout (cuisse et épaule), maigre, braisé",2012-06-21,,17141.0,
3561,3561,17,0,"Veal, ground, raw","Veau, haché, cru",2012-06-21,,17142.0,
3562,3562,17,0,"Veal, ground, broiled","Veau, haché, grillé",2012-06-21,,17143.0,
3563,3563,17,0,"Game meat, antelope, raw","Gibier, viande, antilope, crue",2012-06-21,,17144.0,"Antilocapra americana, Bosephalus tragocamelus"
3564,3564,17,0,"Game meat, antelope, roasted","Gibier, viande, antilope, rôtie",2012-06-21,,17145.0,
3565,3565,17,28,"Game meat, Indigenous, bear, raw","Gibier, viande, autochtone, ours, cru",2026-01-28,,17146.0,"Ursus arctos, Euarctos spp."
3566,3566,17,28,"Game meat, Indigenous, bear, simmered","Gibier, viande, autochtone, ours, mijoté",2026-01-28,,17147.0,"Ursus arctos, Euarctos spp."
3567,3567,17,28,"Game meat, Indigenous, beaver, raw","Gibier, viande, autochtone, castor, cru",2026-01-28,,,Castor canadensis
3568,3568,17,28,"Game meat, Indigenous, beaver, roasted","Gibier, viande, autochtone, castor, rôti",2026-01-28,,17151.0,Castor canadensis
3569,3569,17,0,"Game meat, beefalo, composite cuts, raw","Gibier, viande, beefalo, coupes diverses, cru",2012-06-21,,17152.0,
3570,3570,17,0,"Game meat, beefalo, composite cuts, roasted","Gibier, viande, beefalo, coupes diverses, rôti",2012-06-21,,17153.0,
3571,3571,17,0,"Game meat, bison, raw","Gibier, viande, bison, cru",2012-06-21,,17156.0,Bison bison
3572,3572,17,0,"Game meat, bison, roasted","Gibier, viande, bison, rôti",2012-06-21,,17157.0,Bison bison
3573,3573,17,0,"Game meat, boar, wild, raw","Gibier, viande, sanglier, cru",2012-06-21,,17158.0,Sus scrofa
3574,3574,17,0,"Game meat, boar, wild, roasted","Gibier, viande, sanglier, rôti",2012-06-21,,17159.0,
3575,3575,17,0,"Game meat, water buffalo, raw","Gibier, viande, buffle des Indes (arni), cru",2026-01-28,,17160.0,Bubalus bubalis
3576,3576,17,0,"Game meat, water buffalo, roasted","Gibier, viande, buffle des Indes (arni), rôti",2026-01-28,,17161.0,
3577,3577,17,28,"Game meat, Indigenous, caribou (reindeer), meat, raw","Gibier, viande, autochtone, caribou, (renne), viande, crue",2026-01-28,,,Rangifer tarandus
3578,3578,17,28,"Game meat, Indigenous, caribou (reindeer), meat, cooked","Gibier, viande, autochtone, caribou, (renne), viande, cuite",2026-01-28,,17163.0,Rangifer tarandus
3579,3579,17,0,"Game meat, deer (venison), raw","Gibier, viande, chevreuil (venaison), cru",2012-06-21,,17164.0,Odocoileus spp.
3580,3580,17,0,"Game meat, deer (venison), roasted","Gibier, viande, chevreuil (venaison), rôti",2012-06-21,,17165.0,
3581,3581,17,0,"Game meat, elk, raw","Gibier, viande, wapiti (élan), cru",2026-01-28,,17166.0,Cervus elaphyus
3582,3582,17,0,"Game meat, elk, roasted","Gibier, viande, wapiti (élan), rôti",2026-01-28,,17167.0,
3583,3583,17,0,"Game meat, goat, raw","Gibier, viande, chèvre, cru",2012-06-21,,17168.0,
3584,3584,17,0,"Game meat, goat, roasted","Gibier, viande, chèvre, rôti",2012-06-21,,17169.0,
3585,3585,17,0,"Game meat, horse, raw","Gibier, viande, cheval, cru",2012-06-21,,17170.0,Equus caballus
3586,3586,17,0,"Game meat, horse, roasted","Gibier, viande, cheval, rôti",2012-06-21,,17171.0,
3587,3587,17,28,"Game meat, Indigenous, moose, raw","Gibier, viande, autochtone, orignal, cru",2026-01-28,,,Alces alces
3588,3588,17,28,"Game meat, Indigenous, moose, roasted","Gibier, viande, autochtone, orignal, rôti",2026-01-28,,17173.0,Alces alces
3589,3589,17,28,"Game meat, Indigenous, muskrat, raw","Gibier, viande, autochtone, rat musqué, cru",2026-01-28,,,Ondatra zibethica
3590,3590,17,0,"Game meat, muskrat, roasted","Gibier, viande, rat musqué, rôti",2012-06-21,,17175.0,
3591,3591,17,0,"Game meat, opossum, roasted","Gibier, viande, sarigue (opossum), rôti",2012-06-21,,17176.0,Didelphis virginiana
3592,3592,17,0,"Game meat, rabbit, domesticated, composite cuts, raw","Gibier, viande, lapin domestique, coupes diverses, cru",2012-06-21,,17177.0,Oryctolagus spp.
3593,3593,17,0,"Game meat, rabbit, domestic, composite cuts, roasted","Gibier, viande, lapin domestique, coupes diverses, rôti",2012-06-21,,17178.0,
3594,3594,17,0,"Game meat, rabbit, domestic, composite cuts, stewed","Gibier, viande, lapin domestique, coupes diverses, mijoté",2012-06-21,,17179.0,
3595,3595,17,28,"Game meat, Indigenous, rabbit, wild, raw","Gibier, viande, autochtone, lapin, sauvage, cru",2026-01-28,,,"Lepus sp: americanus, arcticus"
3596,3596,17,28,"Game meat, Indigenous, rabbit, wild, cooked","Gibier, viande, autochtone, lapin, cuit",2026-01-28,,17181.0,"Lepus sp: americanus, arcticus"
3597,3597,17,0,"Game meat, raccoon, roasted","Gibier, viande, raton laveur, rôti",2012-06-21,,17182.0,Procyon lotor
3598,3598,17,0,"Game meat, squirrel, raw","Gibier, viande, écureuil, cru",2012-06-21,,17183.0,Sciuridae
3599,3599,17,0,"Game meat, squirrel, roasted","Gibier, viande, écureuill, rôti",2012-06-21,,17184.0,
3600,3600,17,0,"Lamb, brain, raw","Agneau, cervelle, crue",2026-01-28,,17185.0,
3601,3601,17,0,"Lamb, brain, braised","Agneau, cervelle, braisée",2026-01-28,,17186.0,
3602,3602,17,0,"Lamb, brain, pan-fried","Agneau, cervelle, sautée",2026-01-28,,17187.0,
3603,3603,17,0,"Veal, brain, raw","Veau, cervelle, cru",2026-01-28,,17188.0,
3604,3604,17,0,"Veal, brain, braised","Veau, cervelle, braisé",2026-01-28,,17189.0,
3605,3605,17,0,"Veal, brain, pan-fried","Veau, cervelle, sauté",2026-01-28,,17190.0,
3606,3606,17,0,"Lamb, heart, raw","Agneau, coeur, cru",2026-01-28,,17191.0,
3607,3607,17,0,"Lamb, heart, braised","Agneau, coeur, braisé",2026-01-28,,17192.0,
3608,3608,17,0,"Veal, heart, raw","Veau, coeur, cru",2026-01-28,,17193.0,
3609,3609,17,0,"Veal, heart, braised","Veau, coeur, braisé",2026-01-28,,17194.0,
3610,3610,17,0,"Lamb, kidney, raw","Agneau, rognon, cru",2026-01-28,,17195.0,
3611,3611,17,0,"Lamb, kidney, braised","Agneau, rognon, braisé",2026-01-28,,17196.0,
3612,3612,17,0,"Veal, kidney, raw","Veau, rognon, cru",2026-01-28,,17197.0,
3613,3613,17,0,"Veal, kidney, braised","Veau, rognon, braisé",2026-01-28,,17198.0,
3614,3614,17,0,"Lamb, liver, raw","Agneau, foie, cru",2026-01-28,,17199.0,
3615,3615,17,0,"Lamb, liver, braised","Agneau, foie, braisé",2026-01-28,,17200.0,
3616,3616,17,0,"Lamb, liver, pan-fried","Agneau, foie, sauté",2026-01-28,,17201.0,
3617,3617,17,0,"Veal, liver, raw","Veau, foie, cru",2026-01-28,,17202.0,
3618,3618,17,0,"Veal, liver, braised","Veau, foie, braisé",2026-01-28,,17203.0,
3619,3619,17,0,"Veal, liver, pan-fried","Veau, foie, sauté",2026-01-28,,17204.0,
3620,3620,17,0,"Lamb, lungs, raw","Agneau, poumons, crus",2026-01-28,,17205.0,
3621,3621,17,0,"Lamb, lungs, braised","Agneau, poumons, braisés",2026-01-28,,17206.0,
3622,3622,17,0,"Veal, lungs, raw","Veau, poumons, cru",2026-01-28,,17207.0,
3623,3623,17,0,"Veal, lungs, braised","Veau, poumons, braisé",2026-01-28,,17208.0,
3624,3624,17,0,"Lamb, mechanically separated, raw","Agneau, désossé mécaniquemenet, cru",2012-06-28,,17209.0,
3625,3625,17,0,"Lamb, pancreas, raw","Agneau, pancréas, cru",2026-01-28,,17210.0,
3626,3626,17,0,"Lamb, pancreas, braised","Agneau, pancréas, braisé",2026-01-28,,17211.0,
3627,3627,17,0,"Veal, pancreas, raw","Veau, pancréas, cru",2026-01-28,,17212.0,
3628,3628,17,0,"Veal, pancreas, braised","Veau, pancréas, braisé",2026-01-28,,17213.0,
3629,3629,17,0,"Lamb, spleen, raw","Agneau, rate, crue",2026-01-28,,17214.0,
3630,3630,17,0,"Lamb, spleen, braised","Agneau, rate, braisée",2026-01-28,,17215.0,
3631,3631,17,0,"Veal, spleen, raw","Veau, rate, cru",2026-01-28,,17216.0,
3632,3632,17,0,"Veal, spleen, braised","Veau, rate, braisé",2026-01-28,,17217.0,
3633,3633,17,0,"Veal, thymus, raw","Veau, thymus, cru",2026-01-28,,17218.0,
3634,3634,17,0,"Veal, thymus, braised","Veau, thymus, braisé",2026-01-28,,17219.0,
3635,3635,17,0,"Lamb, tongue, raw","Agneau, langue, crue",2026-01-28,,17220.0,
3636,3636,17,0,"Lamb, tongue, braised","Agneau, langue, braisée",2026-01-28,,17221.0,
3637,3637,17,0,"Veal, tongue, raw","Veau, langue, cru",2026-01-28,,17222.0,
3638,3638,17,0,"Veal, tongue, braised","Veau, langue, braisé",2026-01-28,,17223.0,
3639,3639,17,23,"Lamb, Canadian, ground, raw","Agneau, canadien, haché, cru",2012-06-22,,,
3640,3640,17,23,"Lamb, Canadian, ground, cooked","Agneau, américain, haché, grillé",2026-01-28,,,
3641,3641,17,28,"Game meat, Indigenous, caribou (reindeer), bone marrow, raw","Gibier, viande, autochtone, caribou (renne), moelle osseuse, crue",2026-01-28,,,Rangifer tarandus
3642,3642,17,20,"Game meat, frog legs, raw","Gibier, viande, grenouille, cuisses, crues",2012-06-28,,80200.0,
3643,3643,17,35,"Game meat, frog legs, breaded and fried","Gibier, viande, grenouille, cuisses, panées, frites",2012-06-22,,,
3645,3645,17,20,"Game meat, seal, harp, raw","Gibier, viande, phoque du groenland, cru",2026-01-28,,,
3647,3647,17,28,"Game meat, Indigenous, walrus, meat, raw","Gibier, viande, autochtone, morse, viande, crue",2026-01-28,,,Odobenus rosmarus
3648,3648,17,20,"Game meat, whale, raw","Gibier, viande, baleine, cru",2012-09-17,,,
3649,3649,17,23,"Veal, grain-fed, cutlets (inside top round), raw","Veau de grain, escalopes (ronde d'intérieur), cru",2012-06-22,,,
3650,3650,17,23,"Veal, grain-fed, cutlets (inside top round), braised","Veau de grain, escalopes (ronde d'intérieur), braisé",2012-06-22,,,
3651,3651,17,23,"Veal, grain-fed, cutlets (inside rop round), pan-fried","Veau de grain, escalopes (ronde d'intérieur), sauté",2012-06-22,,,
3652,3652,17,23,"Veal, grain-fed, loin chop, lean and fat, raw","Veau de grain, longe, maigre et gras, cru",2012-06-22,,,
3653,3653,17,23,"Veal, grain-fed, loin chop, lean and fat, braised","Veau de grain, longe, maigre et gras, braisé",2012-06-22,,,
3654,3654,17,23,"Veal, grain-fed, loin chop, lean, raw","Veau de grain, longe, maigre, cru",2012-06-22,,,
3655,3655,17,23,"Veal, grain-fed, loin chop, lean, braised","Veau de grain, longe, maigre, braisé",2012-06-22,,,
3656,3656,17,23,"Veal, grain-fed, rib chop, lean and fat, raw","Veau de grain, côtelette, maigre et gras, cru",2012-06-22,,,
3657,3657,17,23,"Veal, grain-fed, rib chop, lean and fat, broiled","Veau de grain, côtelette, maigre et gras, grillé",2012-06-22,,,
3658,3658,17,23,"Veal, grain-fed, rib chop, lean, raw","Veau de grain, côtelette, maigre, cru",2012-06-22,,,
3659,3659,17,23,"Veal, grain-fed, rib chop, lean, broiled","Veau de grain, côtelette, maigre, grillé",2012-06-22,,,
3660,3660,17,23,"Veal, grain-fed, shoulder, whole, lean and fat, raw","Veau de grain, rôti d'épaule, entier, maigre et gras, cru",2012-06-22,,,
3661,3661,17,23,"Veal, grain-fed, shoulder, whole, lean and fat, roasted","Veau de grain, rôti d'épaule, entier, maigre et gras, rôti",2012-06-22,,,
3662,3662,17,23,"Veal, grain-fed, shoulder, whole, lean, raw","Veau de grain, rôti d'épaule, entier, maigre, cru",2012-06-22,,,
3663,3663,17,23,"Veal, grain-fed, shoulder, whole, lean, roasted","Veau de grain, rôti d'épaule, entier, maigre, rôti",2012-06-22,,,
3664,3664,17,23,"Veal, grain-fed, shoulder, shank, lean and fat, raw","Veau de grain, épaule, jarret, maigre et gras, cru",2012-06-22,,,
3665,3665,17,23,"Veal, grain-fed, shoulder, shank, lean and fat, braised","Veau de grain, épaule, jarret, maigre et gras, braisé",2012-06-22,,,
3666,3666,17,23,"Veal, grain-fed, shoulder, shank, lean, raw","Veau de grain, épaule, jarret, maigre, cru",2012-06-22,,,
3667,3667,17,23,"Veal, grain-fed, shoulder, shank, lean, braised","Veau de grain, épaule, jarret, maigre, braisé",2012-06-22,,,
3671,3671,18,0,"Bagel, plain (with onion, poppy seed and/or sesame seed)","Bagel, nature (avec oignon, graines de pavot et/ou graines de sesame)",2026-01-28,,18001.0,
3672,3672,18,0,"Bagel, plain (with onion, poppy seed and/or sesame seed), toasted","Bagel, nature (avec oignon, graines de pavot et/ou graines de sesame, grillé",2012-07-31,,18002.0,
3673,3673,18,0,"Bagel, egg","Bagel, oeufs",2012-07-31,,18003.0,
3675,3675,18,0,"Bagel, cinnamon-raisin","Bagel, cannelle-raisins secs",2026-01-28,,18005.0,
3676,3676,18,0,"Bagel, cinnamon-raisin, toasted","Bagel, cannelle-raisins secs, grillé",2012-07-31,,18006.0,
3677,3677,18,0,"Bagel, oat bran","Bagel, son d'avoine",2012-07-31,,18007.0,
3679,3679,18,0,"Biscuit, plain/buttermilk, dry mix, unprepared","Biscuit, poudre à pâte, nature/babeurre, mélange sec, non préparé",2026-01-28,,18010.0,
3681,3681,18,0,"Biscuit, plain/buttermilk, refrigerated dough, lower fat","Biscuit, poudre à pâte, nature/babeurre, pâte réfrigérée, moins de lipides",2026-01-28,,18012.0,
3682,3682,18,0,"Biscuit, plain/buttermilk, refrigerated dough, lower fat, baked","Biscuit, poudre à pâte, nature/babeurre, pâte réfrigérée, moins de lipides, cuit",2026-01-28,,18013.0,
3683,3683,18,0,"Biscuit, plain/buttermilk, refrigerated dough, higher fat","Biscuit, poudre à pâte, nature/babeurre, pâte réfrigérée, élevé en gras",2026-01-28,,18014.0,
3684,3684,18,0,"Biscuit, plain/buttermilk, refrigerated dough, higher fat, baked","Biscuit, poudre à pâte, nature/babeurre, pâte réfrigérée, élevé en gras, cuit",2026-01-28,,18015.0,
3685,3685,18,0,"Biscuit, plain/buttermilk, homemade","Biscuit, poudre à pâte, nature/babeurre, fait maison",2026-01-28,,18016.0,
3686,3686,18,0,"Biscuit, multigrain, refrigerated dough","Biscuit, poudre à pâte, multigrains, pâte réfrigérée",2026-01-28,,18017.0,
3688,3688,18,0,"Bread, banana, homemade, made with margarine","Pain, bananes, fait maison, avec margarine",2026-01-28,,18019.0,
3690,3690,18,0,"Bread, Boston brown, canned","Pain, Boston brown, conserve",2026-01-28,,18021.0,
3691,3691,18,0,"Bread, cornbread (also corn muffin mix), dry mix, unprepared","Pain, semoule de maïs (aussi préparation pour muffin), mélange sec, non préparé",2026-01-28,,18022.0,
3693,3693,18,0,"Bread, cornbread, homemade, made with 2% milk","Pain, semoule de maïs, fait maison, avec lait 2% M.G.",2026-01-28,,18024.0,
3695,3695,18,0,"Bread, egg (challah)","Pain, oeufs (challa)",2026-01-28,,18027.0,
3696,3696,18,0,"Bread, egg, (challah), toasted","Pain, oeufs, (challa), grillé",2026-01-28,,18028.0,
3697,3697,18,0,"Bread, French or Vienna, (also sourdough), toasted","Pain, Français ou Viennois (aussi levain), grillé",2026-01-28,,18030.0,
3700,3700,18,37,"Bread, Italian","Pain, Italien",2026-01-28,,18033.0,
3702,3702,18,37,"Bread, multigrain, commercial","Pain, multigrains (aussi blé entier, sept grains)",2026-01-28,,28397.0,
3703,3703,18,37,"Bread, multigrain, commercial, toasted","Pain, multigrains, commercial, grillé",2026-01-28,,18036.0,
3708,3708,18,37,"Bread, pita, white","Pain, pita, blanc",2026-01-28,,18041.0,
3709,3709,18,37,"Bread, pita, whole wheat","Pain, pita, blé entier",2026-01-28,,18042.0,
3710,3710,18,0,"Bread, protein (includes gluten)","Pain, protéines (inclus au gluten)",2012-07-31,,18043.0,
3711,3711,18,37,"Bread, pumpernickel","Pain, seigle foncé (pumpernickel)",2026-01-28,,18044.0,
3712,3712,18,37,"Bread, pumpernickel, toasted","Pain, seigle noir (pumpernickel), grillé",2026-01-28,,18045.0,
3714,3714,18,37,"Bread, white with raisins, commercial","Pain blanc aux raisins, commercial",2026-01-28,,18047.0,
3715,3715,18,37,"Bread, white with raisins, commercial, toasted","Pain blanc aux raisins, commercial, grillé",2026-01-28,,18048.0,
3725,3725,18,0,"Bread, gluten-free, rice bran","Pain, sans gluten, son de riz",2026-01-28,,18059.0,
3726,3726,18,37,"Bread, rye, toasted","Pain, seigle, grillé",2026-01-28,,18061.0,
3731,3731,18,11,"Bread, wheat germ","Pain, germe de blé",2012-07-31,,18068.0,
3732,3732,18,37,"Bread, white, commercial, toasted","Pain, blanc, commercial, grillé",2026-01-28,,18070.0,
3733,3733,18,0,"Bread, white, homemade with nonfat dry milk","Pain, blanc, fait maison, avec lait écrémé en poudre",2026-01-28,,18071.0,
3735,3735,18,0,"Bread, white, homemade with 2% M.F. milk","Pain, blanc, fait maison, avec lait 2% M.G.",2026-01-28,,18073.0,
3737,3737,18,0,"Bread, whole wheat, homemade (2/3 whole wheat flour)","Pain, blé entier, fait maison (2/3 de blé entier)",2012-07-30,,18077.0,
3738,3738,18,0,"Bread, whole wheat, homemade (2/3 whole wheat flour), toasted","Pain, blé entier, fait maison (2/3 farine de blé entier), grillé",2012-07-30,,18078.0,
3739,3739,18,0,"Bread stick, plain","Pain, bâtonnet, nature",2026-01-28,,18080.0,
3740,3740,18,0,"Bread stuffing, dry mix, prepared","Mélange à farce, mélange sec, préparé",2026-01-28,,18082.0,
3742,3742,18,0,"Bread stuffing, cornbread, dry mix, unprepared","Mélange à farce, pain de maïs, mélange sec, non préparé",2026-01-28,,18084.0,
3743,3743,18,0,"Bread stuffing, cornbread, dry mix, prepared","Mélange à farce, pain de maïs, mélange sec, préparé",2026-01-28,,18085.0,
3744,3744,18,0,"Cake, angel food, commercial","Gâteau des anges, commercial",2014-06-20,,18086.0,
3745,3745,18,0,"Cake mix, angel food, dry, unprepared","Mélange à gâteau, gâteau des anges, sec, non préparé",2014-06-20,,18087.0,
3746,3746,18,0,"Cake, angel food, dry mix, prepared","Gâteau des anges, mélange sec, préparé",2014-06-20,,18088.0,
3748,3748,18,0,"Cake, Boston cream pie, commercial","Gâteau Boston, commercial",2026-01-28,,18090.0,
3750,3750,18,0,"Cake mix, carrot, pudding-type, dry, unprepared","Mélange à gâteau, carottes, type pouding, sec, non préparé",2013-01-03,,18092.0,
3753,3753,18,0,"Cake, cherry fudge with chocolate icing (frosting)","Gâteau, fudge aux cerises, avec glaçage au chocolat",2026-01-28,,18095.0,
3754,3754,18,0,"Cake, chocolate, commercial, with chocolate icing (frosting), in-store bakery","Gâteau, chocolat, commercial avec glaçage chocolat, cuit en magasin",2026-01-28,,18096.0,
3755,3755,18,0,"Cake mix, chocolate, pudding-type, dry, unprepared","Mélange à gâteau, chocolat, type pouding, sec, non préparé",2026-01-28,,18097.0,
3757,3757,18,11,"Cake mix, chocolate (devil's food, fudge), regular, dry, unprepared","Mélange à gâteau, chocolat (diablotin, fudge), ordinaire, sec, non préparé",2014-10-31,,18099.0,
3759,3759,18,0,"Cake, chocolate, homemade, without icing (frosting)","Gâteau, chocolat, fait maison, sans glaçage",2026-01-28,,18101.0,
3760,3760,18,0,"Cake, white, homemade, with coconut icing (frosting)","Gâteau, blanc, fait maison, avec glaçage à la noix de coco",2026-01-28,,18102.0,
3761,3761,18,0,"Cake, coffee cake, cheese","Gâteau, gâteau pause-café, fromage",2026-01-28,,18103.0,
3762,3762,18,0,"Cake, coffee cake, cinnamon with crumb topping, commercial","Gâteau, gâteau pause-café, cannelle avec garniture de miettes, commercial",2026-01-28,,18104.0,
3763,3763,18,0,"Cake, coffee cake, fruit","Gâteau, gâteau pause-café, fruits",2026-01-28,,18106.0,
3764,3764,18,0,"Cake mix, coffee, cinnamon with crumb topping, dry, unprepared","Mélange à gâteau, gâteau pause-café, cannelle avec garniture de miettes, sec, non préparé",2026-01-28,,18107.0,
3765,3765,18,0,"Cake, coffee cake, cinnamon with crumb topping, dry mix, prepared","Gâteau, gâteau pause-café, cannelle, garniture de miettes, mélange sec, préparé",2026-01-28,,18108.0,
3767,3767,18,0,"Cake, fruitcake, commercial","Gâteau, fruits, commercial",2026-01-28,,18110.0,
3769,3769,18,0,"Cake mix, german chocolate, pudding-type mix, dry, unprepared","Mélange à gâteau, chocolat allemand, type pouding, sec, non préparé",2013-01-03,,18112.0,
3771,3771,18,0,"Cake mix, gingerbread, dry, unprepared","Mélange à gâteau, pain d'épices, sec, non préparé",2013-01-03,,18114.0,
3773,3773,18,0,"Cake, gingerbread, homemade","Gâteau, pain d'épices, fait maison",2012-07-31,,18116.0,
3774,3774,18,0,"Cake mix, marble, pudding-type, dry, unprepared","Mélange à gâteau, marbre, type pouding, sec, non préparé",2012-07-04,,18117.0,
3776,3776,18,0,"Cake, pineapple upside-down, homemade","Gâteau, ananas renversé, fait maison",2012-07-31,,18119.0,
3777,3777,18,0,"Cake, pound, commercial, made with butter (includes fresh and frozen)","Gâteau, quatre-quarts, préparation commerciale, fait avec du beurre (inclus frais et congelé)",2026-01-28,,18120.0,
3778,3778,18,0,"Cake, pound, commercial, made with other than butter","Gâteau, quatre-quarts, préparation commerciale, faite avec autre que beurre",2026-01-28,,18121.0,
3784,3784,18,0,"Cake, snack cake, cream-filled, chocolate with icing (frosting)","Gâteau, petit gâteau, commercial, fourré à la crème, avec glaçage au chocolat",2026-01-28,,18127.0,
3785,3785,18,0,"Cake, snack cake, cream-filled, sponge","Gâteau, petit gâteau, commercial, fourré à la crème, éponge",2026-01-28,,18128.0,
3786,3786,18,0,"Cake, sponge, commercial","Gâteau, éponge, commercial",2012-07-31,,18133.0,
3787,3787,18,0,"Cake, sponge, homemade","Gâteau, éponge, fait maison",2012-07-31,,18134.0,
3788,3788,18,0,"Cake, white, pudding-type, dry mix, unprepared","Gâteau, blanc, type pouding, mélange sec, non préparé",2012-07-04,,18135.0,
3790,3790,18,11,"Cake, white, regular, dry mix, unprepared","Gâteau, blanc, régulier, mélange sec, non préparé",2026-01-28,,18137.0,
3792,3792,18,0,"Cake, white, homemade, without icing (frosting)","Gâteau, blanc, fait maison, sans glaçage",2026-01-28,,18139.0,
3793,3793,18,0,"Cake, yellow, commercial, with chocolate icing (frosting), in-store bakery","Gâteau, jaune, commercial, avec glaçage chocolat, cuit en magasin",2026-02-11,,18140.0,
3794,3794,18,0,"Cake, yellow, commercial, with vanilla (white) icing (frosting)","Gâteau, jaune, commercial, avec glaçage à la vanille (blanc)",2026-02-11,,18141.0,
3795,3795,18,0,"Cake, yellow (plus streusel), pudding-type, dry mix, unprepared","Gâteau, jaune (avec streusel), type pouding, mélange sec",2012-07-04,,18142.0,
3797,3797,18,0,"Cake, yellow, regular, dry mix, unprepared","Gâteau, jaune, préparation régulière, mélange sec, non préparé",2012-08-01,,18144.0,
3799,3799,18,0,"Cake, yellow, homemade, without icing (frosting)","Gâteau, jaune, fait maison, sans glaçage",2026-01-28,,18146.0,
3800,3800,18,0,"Cheesecake, commercial","Gâteau, au fromage, commercial",2026-01-28,,18147.0,
3801,3801,18,0,"Cheesecake, prepared from mix, no bake type","Gâteau, au fromage, préparation, type sans cuisson, préparé",2026-01-28,,18148.0,
3803,3803,18,37,"Cookie, digestive (includes arrowroot, animal cookie), with added fibre, commercial","Biscuit, digestif (inclus arrowroot, en forme d'animaux), fibres ajoutées, commercial",2026-02-11,,28399.0,
3804,3804,18,0,"Cookie, brownie, commercial","Biscuit, carré au chocolat, commercial",2026-02-11,,18151.0,
3805,3805,18,0,"Cookie, brownie, regular, dry mix, unprepared","Biscuit, carré au chocolat, régulièr, mélange sec, non préparé",2012-08-01,,18152.0,
3807,3807,18,0,"Cookie, brownie, homemade","Biscuit, carré au chocolat, fait maison",2012-07-31,,18154.0,
3808,3808,18,0,"Cookie, butter, commercial","Biscuit, beurre, commercial",2026-02-11,,18155.0,
3809,3809,18,0,"Cookie, fudge, cake-type","Biscuit, fudge, type gâteau",2012-07-31,,18156.0,
3810,3810,18,0,"Cookie, chocolate wafer","Biscuit, gaufrette au chocolat",2012-07-31,,18157.0,
3811,3811,18,0,"Cookie, chocolate chip, commercial, regular, lower fat","Biscuit, grains de chocolat, commercial, régulier, teneur réduite en gras",2026-01-28,,18158.0,
3812,3812,18,37,"Cookie, chocolate chip or chunk, made with butter, commercial","Biscuit, grains ou gros morceaux de chocolat, fait avec du beurre, commercial",2026-01-28,,18159.0,
3813,3813,18,37,"Cookie, chocolate chip or chunk, made with oils and/or shortening, soft type, commercial","Biscuit, grains ou gros morceaux de chocolat, fait avec de l'huile et/ou du shortening, moelleux, commercial",2026-01-28,,18160.0,
3814,3814,18,0,"Cookie, chocolate chip, dry mix, unprepared","Biscuits, grains de chocolat, mélange sec, non préparé",2026-01-28,,18161.0,
3816,3816,18,0,"Cookie, chocolate chip, refrigerated dough","Biscuit, grains de chocolat, pâte réfrigérée",2026-01-28,,18163.0,
3818,3818,18,0,"Cookie, chocolate chip, homemade, made with margarine","Biscuit, grains de chocolat, fait maison, avec margarine",2026-01-28,,18165.0,
3819,3819,18,37,"Cookie, chocolate sandwich, chocolate or vanilla cream filling, commercial","Biscuit, sandwich au chocolat, garniture au chocolat ou crème à la vanille, commercial",2026-01-28,,18166.0,
3820,3820,18,37,"Cookie, chocolate sandwich, vanilla cream filling, chocolate coated, commercial","Biscuit, sandwich au chocolat, garniture crème à la vanille, enrobé de chocolat, commercial",2026-01-28,,18167.0,
3821,3821,18,0,"Cookie, chocolate sandwich, extra cream filling","Biscuit, sandwich au chocolat, fourré à la crème, extra crème",2012-07-31,,18168.0,
3822,3822,18,0,"Cookie, coconut macaroon","Biscuit, macaron",2014-10-21,,28309.0,
3823,3823,18,0,"Cookie, fig bar","Biscuit, figues",2026-01-28,,18170.0,
3824,3824,18,0,"Cookie, fortune","Biscuit, chinois (fortune)",2026-01-28,,18171.0,
3825,3825,18,37,"Cookie, ginger, commercial","Biscuit, gingembre, commercial",2026-01-28,,18172.0,
3826,3826,18,37,"Cookie, graham wafer, commercial","Biscuit, gaufrette graham, commercial",2026-01-28,,18173.0,
3827,3827,18,0,"Cookie, graham cracker, chocolate-coated","Biscuit graham, enrobé de chocolat",2012-07-31,,18174.0,
3828,3828,18,0,"Cookie, ladyfinger (with lemon juice and rind)","Biscuit, doigt de dame (avec jus et zeste de citron)",2012-07-31,,18175.0,
3829,3829,18,0,"Cookie, marshmallow (includes pies), chocolate-coated","Biscuit, guimauve (inclus tartes), enrobé de chocolat",2026-01-28,,18176.0,
3830,3830,18,37,"Cookie, animal shaped, soft, all flavours, commercial","Biscuit, en forme d'animaux, moelleux, toutes les saveurs, commercial",2026-01-28,,18177.0,
3831,3831,18,37,"Cookie, oatmeal, commercial","Biscuit, avoine, commercial",2026-01-28,,18178.0,
3832,3832,18,0,"Cookie, oatmeal (with or without raisins), commercial, soft-type","Biscuit, avoine (avec ou sans raisins). commercial, moelleux",2012-07-31,,18179.0,
3833,3833,18,0,"Cookie, oatmeal (with or without raisins), dry mix, unprepared","Biscuit, avoine (avec ou sans raisins), mélange sec, non préparé",2012-08-01,,18180.0,
3835,3835,18,0,"Cookie, oatmeal (with or without raisins), refrigerated dough","Biscuit, avoine (avec ou sans raisins), pâte réfrigérée",2012-08-16,,18182.0,
3837,3837,18,0,"Cookie, oatmeal, homemade, with raisins","Biscuit, avoine, fait maison, avec raisins secs",2012-07-31,,18184.0,
3838,3838,18,0,"Cookie, peanut butter, commercial","Biscuit, beurre d'arachides, commercial",2012-07-31,,18185.0,
3839,3839,18,0,"Cookie, peanut butter, commercial, soft-type","Biscuit, beurre d'arachides, commercial, moelleux",2012-07-31,,18186.0,
3840,3840,18,0,"Cookie, peanut butter, refrigerated dough","Biscuit, beurre d'arachides, pâte réfrigérée",2012-08-16,,18187.0,
3842,3842,18,0,"Cookie, peanut butter, homemade, with margarine","Biscuit, beurre d'arachides, fait maison, avec margarine",2012-07-31,,18189.0,
3843,3843,18,0,"Cookie, peanut butter sandwich","Biscuit, sandwich, beurre d'arachides",2012-07-31,,18190.0,
3844,3844,18,0,"Cookie, raisin, soft-type","Biscuit, raisins secs, moelleux",2012-07-31,,18191.0,
3845,3845,18,37,"Cookie, butter, shortbread, plain, commercial","Biscuit, beurre, sablé, nature, commercial",2026-01-28,,18192.0,
3846,3846,18,0,"Cookie, shortbread, pecan, commercial","Biscuit, sablé, pacanes, commercial",2012-07-31,,18193.0,
3849,3849,18,0,"Cookie, sugar, commercial","Biscuit, sucre, commercial",2012-07-31,,18204.0,
3850,3850,18,0,"Cookie, sugar, refrigerated dough","Biscuit, sucre, pâte réfrigérée",2012-08-01,,18205.0,
3851,3851,18,0,"Cookie, sugar, refrigerated dough, baked","Biscuit, sucre, pâte, réfrigérée, cuite",2012-07-31,,18206.0,
3853,3853,18,0,"Cookie, sugar, homemade, made with margarine","Biscuit, sucre, fait maison, avec margarine",2012-07-31,,18208.0,
3854,3854,18,0,"Cookie, sugar wafer sandwich, cream filling","Biscuit, sandwich avec gaufrettes au sucre, garniture à la crème",2026-01-28,,18209.0,
3855,3855,18,37,"Cookie, vanilla sandwich, flavoured filling, commercial","Biscuit, sandwich à la vanille, garniture aromatisée, commercial",2026-01-28,,18210.0,
3856,3856,18,0,"Puff pastry, frozen, ready-to-bake, baked","Pâte feuilletée, congelée, prête-à-cuire, cuite",2012-07-31,,18211.0,
3857,3857,18,0,"Cookie, vanilla wafer, 12 to 17% fat","Biscuit, gaufrette, vanille, 12 à 17% gras",2012-08-01,,18212.0,
3858,3858,18,0,"Cookie, vanilla wafer, 18 to 21% fat","Biscuit, gaufrette, vanille, 18 à 21% gras",2012-07-31,,18213.0,
3859,3859,18,0,"Cracker, cheese","Craquelin, fromage",2012-07-31,,18214.0,
3860,3860,18,0,"Cracker, cheese, sandwich, with peanut butter filling","Craquelin, fromage, sandwich, avec beurre d'arachides",2012-07-31,,18215.0,
3861,3861,18,0,"Cracker, crispbread, rye","Craquelin, pain plat, seigle",2012-07-31,,18216.0,
3862,3862,18,0,"Cracker, matzo, plain","Craquelin, matzo, nature",2012-07-31,,18217.0,
3863,3863,18,0,"Cracker, matzo, egg","Craquelin, matzo, oeuf",2012-07-31,,18218.0,
3864,3864,18,0,"Cracker, matzo, whole wheat","Craquelin, matzo, blé entier",2012-07-30,,18219.0,
3865,3865,18,0,"Cracker, melba toast, rye (includes pumpernickel)","Craquelin, toast melba, seigle (inclus pumpernickel)",2012-07-31,,18221.0,
3866,3866,18,0,"Cracker, melba toast, wheat","Craquelin, toast melba, blé",2012-07-30,,18222.0,
3867,3867,18,0,"Cracker, milk","Craquelin, lait",2012-07-31,,18223.0,
3868,3868,18,0,"Cracker, rusk toast","Craquelin, biscotte",2012-07-31,,18224.0,
3869,3869,18,0,"Cracker, rye, sandwich, with cheese filling","Craquelin, seigle, sandwich, avec fromage",2012-07-31,,18225.0,
3870,3870,18,0,"Cracker, rye, wafers, plain","Craquelin, seigle, gaufrette, nature",2012-07-31,,18226.0,
3871,3871,18,0,"Cracker, rye, wafers, seasoned","Craquelin, seigle, gaufrette, assaisonné",2012-07-31,,18227.0,
3872,3872,18,37,"Cracker, saltine (also oyster, soda, soup), plain","Craquelin, salé (aussi huîtres, soda, soupe), nature",2026-01-28,,18228.0,
3873,3873,18,37,"Cracker, wheat, standard snack-type, sandwich, cheese filling","Craquelin, blé, type collation, sandwich, garniture au fromage",2026-01-28,,18230.0,
3874,3874,18,37,"Cracker, wheat, standard snack-type, sandwich, peanut butter filling","Craquelin, blé, type collation, sandwich, garniture au beurre d'arachides",2026-01-28,,18231.0,
3875,3875,18,3,"Cracker, wheat","Craquelin, blé",2026-01-28,,18232.0,
3876,3876,18,0,"Cracker, wheat, sandwich, with cheese filling","Craquelin, blé, sandwich, avec fromage",2012-07-31,,18233.0,
3877,3877,18,0,"Cracker, wheat, sandwich, with peanut butter filling","Craquelin, blé, sandwich, avec beurre d'arachides",2012-07-31,,18234.0,
3878,3878,18,0,"Cracker, whole wheat","Craquelin, blé entier",2012-07-30,,18235.0,
3879,3879,18,0,Cracker meal,Chapelure de craquelins,2026-01-28,,18236.0,
3880,3880,18,0,"Cream puff, homemade, shell only, includes eclair","Chou à la crème, fait maison, chou seulement, (inclus éclair)",2012-07-31,,18237.0,
3882,3882,18,0,"Croissant, butter, commercial","Croissant, beurre, commercial",2026-01-28,,18239.0,
3883,3883,18,0,"Croissant, apple, commercial","Croissant, pommes, commercial",2014-04-09,,18240.0,
3884,3884,18,0,"Croissant, cheese, commercial","Croissant, fromage, commercial",2014-04-09,,18241.0,
3885,3885,18,0,"Croutons, plain","Croutons, nature",2012-07-31,,18242.0,
3886,3886,18,0,"Croutons, seasoned","Croutons, assaissonnés",2026-01-28,,18243.0,
3887,3887,18,0,"Danish pastry, cinnamon","Pâtisserie, Danoise, cannelle",2012-07-31,,18244.0,
3888,3888,18,0,"Danish pastry, cheese","Pâtisserie, Danoise, fromage",2012-07-31,,18245.0,
3889,3889,18,0,"Danish pastry, fruit (apple, raisin, lemon, raspberry)","Pâtisserie, Danoise, fruits (pommes, raisins, citron, framboises)",2012-07-31,,18246.0,
3890,3890,18,0,"Danish pastry, nut (almond, raisin nut, cinnamon nut)","Pâtisserie, Danoise, noix (amandes, raisins secs et noix, cannelle et noix)",2012-07-31,,18247.0,
3891,3891,18,0,"Doughnut (donut), cake-type, plain (includes unsugared, old-fashioned)","Beigne, type gâteau, nature (inclus non sucré, à l'ancienne)",2026-01-28,,18248.0,
3892,3892,18,0,"Doughnut (donut), cake-type, plain, chocolate coated or iced","Beigne, type gâteau, nature, enrobé de chocolat ou glacé",2012-07-31,,18249.0,
3893,3893,18,0,"Doughnut (donut), cake-type, plain, sugared or glazed","Beigne, type gâteau, nature, enrobé de sucre (givré)",2012-07-31,,18250.0,
3895,3895,18,0,"Doughnut (donut), French cruller, glazed","Beigne, roussette, givré",2012-07-31,,18253.0,
3896,3896,18,0,"Doughnut (donut), yeast-leavened, with cream filling","Beigne, levure, fourré à la crème",2012-07-31,,18254.0,
3897,3897,18,0,"Doughnut (donut), yeast-leavened (honey bun), glazed","Beigne, levure (miel), givré",2012-07-31,,18255.0,
3898,3898,18,0,"Doughnut (donut), yeast-leavened, with jelly filling","Beigne, levure, fourré de gelée",2012-07-31,,18256.0,
3900,3900,18,37,"English muffin, plain (also sourdough)","Muffin anglais, nature (aussi levain)",2026-01-28,,18258.0,
3901,3901,18,0,"English muffin, plain (also sourdough), toasted","Muffin anglais, nature (aussi levain), grillé",2012-07-31,,18259.0,
3902,3902,18,0,"English muffin, multigrain (also granola)","Muffin anglais, multigrains (aussi granola)",2014-04-03,,18260.0,
3903,3903,18,0,"English muffin, multigrain (also granola), toasted","Muffin anglais, multigrains (aussi granola), grillé",2014-04-03,,18261.0,
3904,3904,18,37,"English muffin, raisin-cinnamon","Muffin anglais, raisins secs-cannelle",2026-01-28,,18262.0,
3905,3905,18,0,"English muffin, raisin-cinnamon, (apple cinnamon) toasted","Muffin anglais, raisins secs-cannelle (pommes cannelle), grillé",2012-07-31,,18263.0,
3906,3906,18,0,"English muffin, wheat","Muffin anglais, blé",2012-07-31,,18264.0,
3907,3907,18,0,"English muffin, wheat, toasted","Muffin anglais, blé, grillé",2012-07-31,,18265.0,
3908,3908,18,37,"English muffin, whole grain (whole wheat)","Muffin anglais, grains entiers (blé entier)",2026-01-28,,18266.0,
3909,3909,18,0,"English muffin, whole wheat, toasted","Muffin anglais, blé entier, grillé",2012-07-30,,18267.0,
3910,3910,18,0,"French toast, frozen, ready to heat","Pain doré, congelé, prêt-à-chauffer",2012-07-31,,18268.0,
3911,3911,18,0,"French toast, homemade, with 2% M.F. milk and margarine","Pain doré, fait maison, avec lait 2% M.G. et margarine",2026-01-28,,18269.0,
3912,3912,18,0,"Hush puppy, homemade","Hush puppy, fait maison",2026-01-28,,18270.0,
3913,3913,18,0,"Ice cream cone, cake or wafer-type","Crème glacée, cornet, type gâteau ou gaufrette",2012-08-31,,18271.0,
3914,3914,18,0,"Ice cream cone, sugar, rolled-type","Crème glacée, cornet, sucre, type roulé",2012-08-31,,18272.0,
3915,3915,18,0,"Muffin, plain, homemade, made with 2% M.F. milk","Muffin, nature, fait maison, avec lait 2% M.G.",2026-01-28,,18273.0,
3916,3916,18,0,"Muffin, blueberry, commercial","Muffin, bleuets, commercial",2026-01-28,,18274.0,
3917,3917,18,0,"Muffin, blueberry, dry mix, unprepared","Muffin, bleuets, mélange sec, non préparé",2026-01-28,,18275.0,
3919,3919,18,0,"Muffin, blueberry, toaster-type","Muffin, bleuets, type grille-pain",2026-01-28,,18277.0,
3920,3920,18,0,"Muffin, blueberry, homemade, with 2% M.F. milk","Muffin, bleuets, fait maison, avec lait 2% M.G.",2026-01-28,,18278.0,
3921,3921,18,0,"Muffin, corn, commercial","Muffin, semoule de maïs, commercial",2026-01-28,,18279.0,
3923,3923,18,0,"Muffin, corn, toaster type","Muffin, semoule de maïs, type grille-pain",2026-01-28,,18281.0,
3924,3924,18,0,"Muffin, corn, homemade, with 2% M.F. milk","Muffin, semoule de maïs, fait maison, avec lait 2% M.G.",2026-01-28,,18282.0,
3925,3925,18,0,"Muffin, oat bran (wheat free-product)","Muffin, son davoine (sans farine de blé)",2012-07-31,,18283.0,
3926,3926,18,0,"Muffin, wheat bran, dry mix, unprepared","Muffin, son de blé, mélange sec, non préparé",2026-01-28,,18284.0,
3930,3930,18,0,"Pancake, plain (includes buttermilk), frozen, ready-to-heat","Crêpe, nature, (inclut au babeurre), congelée, prête-à-chauffer",2012-07-31,,18288.0,
3931,3931,18,0,"Pancake, plain (includes buttermilk), dry mix, complete, unprepared","Crêpe, nature (inclut au babeurre), mélange sec complet, non préparé",2012-08-01,,18289.0,
3933,3933,18,0,"Pancake, plain (includes buttermilk), dry mix, incomplete, unprepared","Crêpe, nature (inclut au babeurre), mélange sec incomplet, non préparé",2026-01-28,,18291.0,
3935,3935,18,0,"Pancake, plain, homemade","Crêpe, nature, faite maison",2012-07-31,,18293.0,
3936,3936,18,0,"Pancake, blueberry, homemade","Crêpe, bleuets, faite maison",2026-01-28,,18294.0,
3937,3937,18,0,"Pancake, buckwheat, dry mix, incomplete, unprepared","Crêpe, sarrasin, mélange sec incomplet, non préparé",2012-08-01,,18295.0,
3939,3939,18,0,"Pancake, whole wheat, dry mix, incomplete, unprepared","Crêpe, blé entier, mélange sec incomplet, non préparé",2017-01-16,,28324.0,
3941,3941,18,0,"Pie, apple, commercial, 2 crust","Tarte, pommes, commerciale, 2 croûtes",2026-01-28,,18301.0,
3942,3942,18,0,"Pie, apple, homemade, 2 crust","Tarte, pommes, faite maison, 2 croûtes",2026-01-28,,18302.0,
3943,3943,18,0,"Pie, banana cream, prepared from mix, no-bake type","Tarte, crème aux bananes, préparation, préparée, type sans cuisson",2026-01-28,,18303.0,
3944,3944,18,0,"Pie, banana cream, homemade","Tarte, crème aux bananes, faite maison",2026-01-28,,18304.0,
3945,3945,18,0,"Pie, blueberry, homemade, 2 crust","Tarte, bleuets, faite maison, 2 croûtes",2026-01-28,,18306.0,
3947,3947,18,0,"Pie, cherry, homemade, 2 crust","Tarte, cerises, faite maison, 2 croûtes",2026-01-28,,18309.0,
3948,3948,18,0,"Pie, chocolate cream, commercial","Tarte, crème, chocolat, commerciale",2026-02-11,,18310.0,
3950,3950,18,0,"Pie, chocolate mousse, prepared from mix, no-bake type","Tarte, mousse au chocolat, préparation, préparée, type sans cuisson",2012-06-29,,18312.0,
3951,3951,18,0,"Pie, coconut cream, commercial","Tarte, crème, noix de coco, commerciale",2026-01-28,,18313.0,
3952,3952,18,0,"Pie, coconut cream, prepared from mix, no-bake type","Tarte, crème, noix de coco, préparation, préparée, type sans cuisson",2026-01-28,,18314.0,
3954,3954,18,0,"Pie, coconut custard, commercial","Tarte, flan, noix de coco, commerciale",2012-06-29,,18316.0,
3955,3955,18,0,"Pie, egg custard, commercial","Tarte, flan aux oeufs, commerciale",2026-02-11,,18317.0,
3957,3957,18,0,"Pie, fried, fruit (apple, blueberry, peach, strawberry)","Tarte, chausson, fruits (pommes, bleuets, pêches, fraises)",2026-01-28,,18319.0,
3958,3958,18,0,"Pie, lemon meringue, commercial","Tarte, citron, meringue, commerciale",2012-06-29,,18320.0,
3959,3959,18,0,"Pie, lemon meringue, homemade","Tarte, au citron, meringue, faite maison",2012-06-29,,18321.0,
3960,3960,18,0,"Pie, mincemeat, homemade, 2 crust","Tarte, mincemeat, faite maison, 2 croûtes",2012-06-29,,18322.0,
3961,3961,18,0,"Pie, pecan, commercial","Tarte, pacanes, commerciale",2026-01-28,,18324.0,
3962,3962,18,0,"Pie, pecan, homemade","Tarte, pacanes, faite maison",2026-01-28,,18325.0,
3963,3963,18,0,"Pie, pumpkin, homemade","Tarte, citrouille, faite maison",2026-01-28,,18327.0,
3964,3964,18,0,"Pie, vanilla cream, homemade","Tarte, à la crème à la vanille, faite maison",2012-06-29,,18328.0,
3968,3968,18,0,"Pie crust, standard-type, dry mix, unprepared","Croûte de tarte, type ordinaire, mélange sec, non préparé",2026-01-28,,18332.0,
3970,3970,18,0,"Pie crust, standard type, frozen, ready-to-bake","Croûte de tarte, type ordinaire, congelée, prête-à-cuire",2026-01-28,,18334.0,
3971,3971,18,0,"Pie crust, standard type, frozen, ready-to-bake, baked","Croûte de tarte, type ordinaire, congelée, prête-à-cuire, cuite",2026-01-28,,18335.0,
3972,3972,18,0,"Pie crust, standard type, homemade, baked","Croûte de tarte, type ordinaire, faite maison, cuite",2026-01-28,,18336.0,
3973,3973,18,0,"Puff pastry, frozen, ready-to-bake","Pâte feuilletée, congelée, prête-à-cuire",2012-08-31,,18337.0,
3974,3974,18,0,Phyllo dough,"Phyllo, pâte",2026-01-28,,18338.0,
3975,3975,18,0,"Popover, dry mix, unprepared","Popover, mélange sec, non préparé",2012-08-01,,18339.0,
3979,3979,18,0,"Roll, dinner, egg","Pain, petit pain, aux ?ufs",2026-01-28,,18344.0,
3980,3980,18,0,"Roll, dinner, oat bran","Pain, petit pain, son d'avoine",2026-01-28,,18345.0,
3981,3981,18,0,"Roll, dinner, rye","Pain, petit pain, seigle",2026-01-28,,18346.0,
3982,3982,18,0,"Roll, dinner, wheat (60% whole wheat flour)","Pain, petit pain, blé (60% farine de blé entier)",2026-01-28,,18347.0,
3983,3983,18,0,"Roll, dinner, whole wheat","Pain, petit pain, blé entier",2026-01-28,,18348.0,
3984,3984,18,0,"Roll, french","Pain, petit pain, français",2026-01-28,,18349.0,
3985,3985,18,0,"Roll, hamburger / hot dog, plain","Pain, petit pain, à hamburger / à hot-dog, nature",2026-01-28,,18350.0,
3986,3986,18,0,"Roll, hamburger / hot dog, multigrain","Pain, petit pain, à hamburger / à hot-dog, multigrains",2026-01-28,,18351.0,
3987,3987,18,0,"Roll, hamburger / hot dog, Calorie-reduced","Pain, petit pain, à hamburger / à hot-dog, réduit en Calories",2026-01-28,,18352.0,
3988,3988,18,0,"Roll (kaiser), hard","Pain, petit pain, kaiser, dur",2026-01-28,,18353.0,
3989,3989,18,0,"Strudel, apple","Strudel, pommes",2012-06-29,,18354.0,
3990,3990,18,0,"Sweet roll, cinnamon with raisins, commercial","Brioche, cannelle avec raisins secs, commerciale",2012-07-31,,18356.0,
3991,3991,18,0,"Sweet roll, cinnamon, refrigerated dough, with icing (frosting)","Brioche, cannelle, pâte réfrigérée, avec glaçage",2012-08-01,,18357.0,
3994,3994,18,0,"Taco shell, baked","Coquille à taco, cuite",2026-01-28,,18360.0,
3995,3995,18,0,"Toaster pastry, brown sugar and cinnamon","Tartelette grille-pain, sucre brun et cannelle",2026-01-28,,18361.0,
3996,3996,18,0,"Toaster pastry, fruit (apple, blueberry, cherry, strawberry)","Tartelette grille-pain, fruits (pommes, bleuets, cerises, fraises)",2026-01-28,,18362.0,
3997,3997,18,37,"Tortilla, ready-to-bake / fry, corn, salted","Tortilla, prêt-à-cuire /frire, maïs, salé",2026-01-28,,18363.0,
3998,3998,18,0,"Waffle, plain, frozen, ready-to-heat","Gaufre, nature, congelée, prête-à-cuire",2026-01-28,,18365.0,
4000,4000,18,0,"Waffle, plain, homemade","Gaufre, nature, faite maison",2026-01-28,,18367.0,
4001,4001,18,0,Wonton wrapper (egg roll wrapper),"Wonton, enveloppe (enveloppe à rouleaux impériaux)",2026-01-28,,18368.0,
4002,4002,18,0,"Leavening agent, baking powder, double acting, sodium, aluminium sulfate","Agent de levage, levure chimique, double action, sodium,  sulfate d'aluminium",2026-02-11,,18369.0,
4003,4003,18,0,"Leavening agent, baking powder, double acting, phosphate","Agent de levage, levure chimique, action double, phosphate",2026-01-28,,18370.0,
4004,4004,18,0,"Leavening agent, baking powder, low sodium","Agent de levage, levure chimique, faible en sodium",2026-01-28,,18371.0,
4005,4005,18,0,"Leavening agent, baking soda","Agent de levage, bicarbonate de soude",2026-01-28,,18372.0,
4006,4006,18,0,"Leavening agent, cream of tartar","Agent de levage, crème de tartre",2012-07-02,,18373.0,
4007,4007,18,0,"Leavening agent, yeast, baker's, compressed","Agent de levage, levure, boulangerie, comprimée",2012-07-02,,18374.0,
4008,4008,18,0,"Leavening agent, yeast, baker's, active, dry","Agent de levage, levure, boulangerie, séché, active",2012-07-02,,18375.0,
4009,4009,18,0,"Cookie, oatmeal, homemade, without raisins","Biscuit, avoine, faite maison, sans raisins secs",2012-07-31,,18377.0,
4010,4010,18,0,"Cookie, chocolate chip, homemade, made with butter","Biscuit, grains de chocolat, fait maison, avec beurre",2026-01-28,,18378.0,
4015,4015,18,0,"Bread, protein (includes gluten), toasted","Pain, protéines (incluant gluten), grillé",2012-07-31,,18383.0,
4016,4016,18,0,"Bread, gluten-free, rice bran, toasted","Pain, sans gluten, son de riz, grillé",2026-01-28,,18384.0,
4017,4017,18,0,"Bread, wheat germ, toasted","Pain, germe de blé, grillé",2012-07-31,,18385.0,
4018,4018,18,0,"Muffin, blueberry, toaster-type, toasted","Muffin, bleuets, type grille-pain, grillé",2026-01-28,,18386.0,
4020,4020,18,0,"Muffin, wheat bran, toaster-type, with raisins, toasted","Muffin, son de blé, type grille-pain, avec raisins secs, grillé",2026-01-28,,18388.0,
4022,4022,18,0,"Pancake, buttermilk, homemade","Crêpe, babeurre, faite maison",2012-07-31,,18390.0,
4028,4028,18,0,"Roll, dinner, plain, homemade, with 2% M.F. milk","Pain, petit pain, nature, faite maison, avec lait 2%",2026-01-28,,18396.0,
4031,4031,18,0,"Pie crust, cookie-type, graham cracker, homemade, chilled","Croûte de tarte, type biscuit, graham, faite maison, réfrigérée",2026-01-28,,18399.0,
4032,4032,18,0,"Cracker, matzo, egg and onion","Craquelin, matzo, oeuf et oignon",2012-07-31,,18400.0,
4033,4033,18,0,"Pie crust, cookie-type, vanilla wafer, homemade, chilled","Croûte de tarte, type biscuit, vanille, faite maison, réfrigérée",2026-01-28,,18401.0,
4034,4034,18,0,"Pie crust, standard type, homemade, unbaked","Croûte de tarte, type ordinaire, faite maison, non cuite",2026-01-28,,18402.0,
4035,4035,18,0,"Waffle, plain, frozen, ready-to-heat, toasted","Gaufre, nature, congelée, prête à cuire, grillée",2026-01-28,,18403.0,
4036,4036,18,37,"Bread, white, commercial, reduced sodium","Pain, blanc, commercial, réduit en sodium",2014-03-17,,18416.0,
4037,4037,18,0,"Cookie, ladyfinger (without lemon juice and rind)","Biscuit, doigt de dame (sans jus or zeste de citron)",2012-07-31,,18423.0,
4038,4038,18,0,"Cracker, melba toast, plain, unsalted","Craquelin, toast melba, nature, sans sel",2026-01-28,,18424.0,
4039,4039,18,0,"Cracker, saltine (also oyster, soda, soup), low sodium","Craquelin, salé (aussi huîtres, soda, soupe), faible en sodium",2026-01-28,,18425.0,
4040,4040,18,37,"Cracker, saltine (also oyster, soda, soup), unsalted top","Craquelin, salé, (aussi huîtres, soda, soupe), non saupoudrés de sel",2026-01-28,,18426.0,
4041,4041,18,37,"Cracker, wheat, standard snack type (Ritz type), sodium reduced, plain","Craquelin, blé, type collation (type Ritz), réduit en sodium, nature",2026-01-28,,18427.0,
4042,4042,18,0,"Cracker, wheat, low sodium","Craquelin, blé, faible en sodium",2013-04-25,,18428.0,
4043,4043,18,0,"Cracker, whole wheat, low sodium","Craquelin, blé entier, faible en sodium",2012-07-30,,18429.0,
4044,4044,18,37,"Bread, white, commercial, toasted, reduced sodium","Pain, blanc, commercial, grillé, réduit en sodium",2013-04-25,,18432.0,
4045,4045,18,0,"Pie, fried, cherry","Tarte, chausson, cerises",2026-01-28,,18444.0,
4046,4046,18,0,"Pie, fried, lemon","Tarte, chausson, citron",2026-01-28,,18445.0,
4047,4047,18,0,"Taco shell, baked, unsalted","Coquille à taco, cuite, sans sel",2026-01-28,,18448.0,
4048,4048,18,37,"Tortilla, ready-to-bake / fry, corn, unsalted","Tortilla, prêt-à-cuire /frire, maïs, sans sel",2026-01-28,,18449.0,
4049,4049,18,37,"Tortilla, ready-to-bake / fry, flour, plain","Tortilla, prêt-à-cuire /frire, farine, nature",2026-01-28,,18450.0,
4051,4051,18,0,"Cookie, oatmeal (with raisins), commercial, less than 5g fat/serving","Biscuit, avoine, (avec raisins secs), commercial, moins de 5g gras/portion",2012-07-31,,,
4052,4052,18,0,"Cracker, saltine (also oyster, soda, soup), low fat and sodium","Craquelin, salé (aussi huîtres, soda, soupe), faible en gras et sodium",2026-01-28,,18457.0,
4053,4053,18,1,"Cake, coffee cake, cream filled, with chocolate icing (frosting)","Gâteau, gâteau pause-café, fourré à la crème, avec glaçage chocolat",2026-01-28,,18105.0,
4054,4054,18,1,"Doughnut (donut), cake-type, chocolate, sugared or glazed","Beigne, type gâteau, chocolat, enrobé de sucre ou givré",2012-07-31,,18251.0,
4055,4055,18,1,"Pie, blueberry, commercial, 2 crust","Tarte, bleuets, commerciale, 2 croûtes",2026-01-28,,18305.0,
4056,4056,18,1,"Pie, cherry, commercial, 2 crust","Tarte, cerises, commerciale, 2 croûtes",2026-01-28,,18308.0,
4057,4057,18,1,"Pie, peach, 2 crust","Tarte, pêche, 2 croûtes",2026-01-28,,18323.0,
4058,4058,18,1,"Pie, pumpkin, commercial","Tarte, citrouille, commerciale",2026-01-28,,18326.0,
4059,4059,18,1,"Sweet roll, cheese","Brioche, fromage",2012-07-31,,18355.0,
4060,4060,18,1,"Bread crumbs, dry, grated, seasoned","Pain, chapelure, séché, émiettée, assaisonnée",2012-07-31,,18376.0,
4061,4061,18,3,"Biscuit, plain/buttermilk, frozen, baked","Biscuit, poudre à pâte, nature/babeurre, congelé, cuit",2026-01-28,,18009.0,
4063,4063,18,0,"Bread, French or Vienna (also sourdough)","Pain, Français ou Viennois (aussi levain)",2026-01-28,,18029.0,
4065,4065,18,37,"Bread, rye","Pain, seigle",2026-01-28,,18060.0,
4066,4066,18,37,"Bread, white, commercial","Pain, blanc, commercial",2026-01-28,,18069.0,
4067,4067,18,37,"Bread, whole wheat, commercial","Pain, blé entier, commercial",2026-01-28,,18075.0,
4068,4068,18,37,"Bread, whole wheat, commercial, toasted","Pain, blé entier, commercial, grillé",2026-01-28,,18076.0,
4069,4069,18,0,"Bread crumbs, dry, grated, plain","Pain, chapelure, séchée, émiettée, nature",2012-07-31,,18079.0,
4070,4070,18,0,"Bread stuffing, dry mix, unprepared","Mélange à farce, mélange sec, non préparé",2026-01-28,,18081.0,
4071,4071,18,3,"Cracker, melba toast, plain","Craquelin, toast melba, nature",2012-07-31,,18220.0,
4072,4072,18,37,"Cracker, wheat, standard snack type (Ritz type), plain","Craquelin, blé, type collation (type Ritz), nature",2026-01-28,,18229.0,
4073,4073,18,3,"Roll, dinner, plain (also brown and serve), commercial","Pain, petit pain, nature (aussi semi cuit), commercial",2026-01-28,,18342.0,
4075,4075,18,23,"Pie, beef, commercial","Pâté, de boeuf, commercial",2026-01-28,,,
4076,4076,18,23,"Pie, pork, commercial","Pâté, au porc, commercial",2026-01-28,,,
4077,4077,18,23,"Pie, chicken, commercial","Pâté, au poulet, commercial",2026-01-28,,,
4078,4078,18,23,"Pie, turkey, commercial","Pâté, à la dinde, commercial",2026-01-28,,,
4079,4079,18,23,"Pie, steak, commercial","Pâté, au bifteck, commercial",2026-01-28,,,
4080,4080,18,23,"Pie, tourtiere, commercial","Pâté, tourtière, commercial",2026-01-28,,,
4081,4081,18,24,"Cake, date square (matrimonial cake), homemade","Gâteau, carré aux dattes, fait maison",2012-07-31,,,
4082,4082,18,35,"Bread, bannock","Pain, bannique (banique)",2026-01-28,,,
4083,4083,18,20,"Cracker, barge pilot biscuit","Craquelin, biscuit pilote de peniche",2012-07-31,,,
4085,4085,18,20,"Shake and bake, dry","Shake and bake, sec",2026-01-28,,,
4086,4086,25,0,"Snacks, beef jerky, chopped and formed","Grignotises, jerky de boeuf, haché et formé",2026-01-28,,19002.0,
4087,4087,25,0,"Snacks, corn-based, extruded, chips, plain","Grignotises, base de maïs, extrudé, croustilles, nature",2026-01-28,,19003.0,
4088,4088,25,0,"Snacks, corn-based, extruded, chips, barbecue","Grignotises, base de maïs, extrudé, croustilles, barbecue",2026-01-28,,19004.0,
4089,4089,25,0,"Snacks, corn-based, extruded, cones, plain","Grignotises, base de maïs, extrudé, cornets, nature",2026-01-28,,19005.0,
4091,4091,25,0,"Snacks, corn-based, extruded, onion","Grignotises, base de maïs, extrudé, oignon",2026-01-28,,19007.0,
4092,4092,25,0,"Snacks, corn-based, extruded, puffs or twists, cheese","Grignotises, base de maïs, extrudé, bouchées, fromage",2026-01-28,,19008.0,
4093,4093,25,0,"Snacks, corn nuts, plain","Grignotises, grignotises de maïs (corn nuts), nature",2026-01-28,,19009.0,
4094,4094,25,0,"Snacks, crisped rice bar, chocolate chip","Grignotises, tablette de riz croustillant, grains de chocolat",2026-01-28,,19010.0,
4095,4095,25,11,"Snacks, fruit bar","Grignotises, barre de fruits",2026-01-28,,,
4096,4096,25,6,"Snacks, fruit leather, pieces","Grignotises, pâte de fruits déshydratée, bouchées",2026-01-28,,19013.0,
4097,4097,25,4,"Snacks, fruit leather, roll","Grignotises, pâte de fruits déshydratée, rouleau",2026-01-28,,19014.0,
4108,4108,25,0,"Snacks, oriental mix, rice-based","Grignotises, mélange oriental, base de riz",2026-01-28,,19031.0,
4110,4110,25,0,"Snacks, popcorn, air-popped","Grignotises, maïs soufflé à l'air",2026-01-28,,19034.0,
4111,4111,25,0,"Snacks, popcorn, oil-popped, microwave, regular flavour, no trans fat","Grignotises, maïs soufflé à l'huile au four à micro-ondes, saveur régulière, sans gras trans",2026-01-28,,19035.0,
4112,4112,25,0,"Snacks, popcorn, cakes","Grignotises, maïs soufflé, galettes",2026-01-28,,19036.0,
4113,4113,25,0,"Snacks, popcorn, caramel-coated, with peanuts","Grignotises, maïs soufflé, enrobé de caramel, avec arachides",2026-01-28,,19038.0,
4114,4114,25,0,"Snacks, popcorn, caramel-coated, without peanuts","Grignotises, maïs soufflé, enrobé de caramel, sans arachides",2026-01-28,,19039.0,
4115,4115,25,0,"Snacks, popcorn, cheese flavour","Grignotises, maïs soufflé, saveur de fromage",2026-01-28,,19040.0,
4116,4116,25,0,"Snacks, pork skins, plain","Grignotises, croustilles de porc, nature",2026-01-28,,19041.0,
4117,4117,25,0,"Snacks, potato chips, barbecue","Grignotises, croustilles de pommes de terre, barbecue",2026-01-28,,19042.0,
4118,4118,25,0,"Snacks, potato chips, sour cream and onion","Grignotises, croustilles de pommes de terre, crème sure et oignon",2026-01-28,,19043.0,
4119,4119,25,0,"Snacks, potato chips, made from dried potatoes (preformed), light","Grignotises, croustilles, pommes de terre, faites à partir de pommes de terre séchées (préformées), légères",2026-01-28,,19045.0,
4120,4120,25,0,"Snacks, potato chips, made from dried potatoes (preformed), sour cream and onion","Grignotises, croustilles, pommes de terre, faites à partir de pommes de terre séchées (préformées), crème sure et oignon",2026-01-28,,19046.0,
4123,4123,25,0,"Snacks, pretzels, hard, whole wheat, including both salted and unsalted","Grignotises, bretzels, durs, blé entier, incluant salés et non salés",2026-01-28,,19050.0,
4124,4124,25,0,"Snacks, rice cakes, brown rice, plain","Grignotises, galettes de riz brun, nature",2026-01-28,,19051.0,
4125,4125,25,0,"Snacks, rice cakes, brown rice, buckwheat","Grignotises, galettes de riz brun, sarrasin",2026-01-28,,19052.0,
4126,4126,25,0,"Snacks, rice cakes, brown rice, sesame seed","Grignotises, galettes de riz brun, graines de sésame",2026-01-28,,19053.0,
4127,4127,25,0,"Snacks, tortilla chips, plain","Grignotises, croustilles, tortilla, nature",2026-01-28,,19056.0,
4128,4128,25,0,"Snacks, tortilla chips, nacho","Grignotises, croustilles, tortilla, nacho",2026-02-11,,19057.0,
4129,4129,25,0,"Snacks, tortilla chips, ranch","Grignotises, croustilles, tortilla, ranch",2026-01-28,,19058.0,
4130,4130,25,0,"Snacks, trail mix, regular","Grignotises, mélange montagnard, régulier",2026-01-28,,19059.0,
4132,4132,25,0,"Snacks, trail mix, tropical","Grignotises, mélange montagnard, tropical",2026-01-28,,19061.0,
4133,4133,25,0,"Snacks, trail mix, regular, with chocolate chips, salted nuts and seeds","Grignotises, mélange montagnard, régulier avec grains de chocolat, noix et graines salées",2026-02-11,,19062.0,
4134,4134,25,0,"Snacks, tortilla chips, taco","Grignotises, croustilles, tortilla, taco",2026-01-28,,19063.0,
4137,4137,19,0,"Candies, bars, Bit-O-Honey candy chews","Bonbons, tablettes, Bit-O-Honey candy chews",2026-01-28,,19068.0,
4138,4138,19,0,"Candies, bars, Butterfinger","Bonbons, tablettes, Butterfinger",2026-01-28,,19069.0,
4139,4139,19,0,"Candies, butterscotch","Bonbons, caramel écossais",2026-01-28,,19070.0,
4140,4140,19,0,"Candies, bars / chips, carob","Bonbons, tablettes / grains (pépites), caroube",2026-01-28,,19071.0,
4141,4141,19,11,"Dessert, frozen, pudding pop, chocolate","Dessert, congelé, pop au pouding, chocolat",2026-01-28,,,
4142,4142,19,11,"Dessert, frozen, pudding pop, vanilla","Dessert. congelé, pop au pouding, vanille",2026-01-28,,,
4143,4143,19,0,"Candies, caramel","Bonbons, caramel",2026-01-28,,19074.0,
4145,4145,19,0,"Candies, caramels, chocolate flavour roll","Bonbons, caramels, rouleau à saveur de chocolat",2026-01-28,,19076.0,
4146,4146,19,0,"Sweets, baking chocolate, unsweetened, liquid","Confiserie, chocolat amer, à cuire, liquide",2026-01-28,,19077.0,
4147,4147,19,0,"Sweets, baking chocolate, unsweetened, square","Confiseries, chocolat amer, à cuire, carré",2026-01-28,,19078.0,
4148,4148,19,0,"Candies, bars / chips, semisweet chocolate","Bonbons, carrés / grains, chocolat mi-sucré",2026-01-28,,19080.0,
4149,4149,19,0,"Candies, bars, sweet chocolate","Bonbons, tablettes, chocolat sucré",2026-01-28,,19081.0,
4151,4151,19,0,"Candies, fondant, sweet chocolate coated","Bonbons, fondant, enrobé de chocolat sucré",2026-01-28,,19083.0,
4153,4153,19,0,"Sweets, confectioner's coating / chips, butterscotch","Confiserie, garniture /brisures, caramel écossais",2012-07-03,,19085.0,
4154,4154,19,0,"Sweets, confectioner's coating or chips, peanut butter","Confiserie, garniture / brisures, beurre d'arachides",2012-07-03,,19086.0,
4155,4155,19,0,"Sweets, confectioner's coating / chips, white chocolate","Confiserie, garniture / grains, chocolat blanc",2012-07-03,,19087.0,
4156,4156,19,0,"Dessert, frozen, ice cream, light, vanilla","Dessert, congelé, crème glacée, légère, vanille",2014-10-17,,19088.0,
4157,4157,19,0,"Dessert, frozen, ice cream, vanilla, rich, 16% M.F.","Dessert, congelé, crème glacée, vanille, riche, 16% M.G.",2012-07-24,,19089.0,
4158,4158,19,0,"Dessert, frozen, ice cream, French vanilla, soft serve","Dessert, congelé, crème glacée, vanille française, molle",2012-07-24,,19090.0,
4159,4159,19,0,"Candies, peppermint, chocolate coated, mint taste","Bonbons, à la menthe, enrobé de chocolat, saveur de menthe",2026-01-28,,19091.0,
4163,4163,19,0,"Dessert, frozen, ice cream, vanilla, 11% M.F.","Dessert, congelé, crème glacée, vanille, 11% M.G.",2012-07-24,,19095.0,
4164,4164,19,0,"Dessert, frozen, ice cream, low fat, vanilla, soft serve","Dessert, congelé, crème glacée, pauvre en gras, vanille, molle",2026-01-28,,19096.0,
4165,4165,19,0,"Dessert, frozen, sherbet, orange","Dessert, congelé, sorbet, orange",2026-01-28,,19097.0,
4167,4167,19,0,"Candies, fondant, homemade","Bonbons, fondant, fait maison",2026-01-28,,19099.0,
4168,4168,19,0,"Candies, fudge, chocolate, homemade","Bonbons, fudge, chocolat, fait maison",2026-01-28,,19100.0,
4169,4169,19,0,"Candies, fudge, chocolate with nuts, homemade","Bonbons, fudge, chocolat avec noix, fait maison",2026-01-28,,19101.0,
4171,4171,19,0,"Candies, fudge, vanilla, homemade","Bonbons, fudge, vanille, fait maison",2026-01-28,,19103.0,
4172,4172,19,0,"Candies, fudge, vanilla, with nuts, homemade","Bonbons, fudge, vanille avec noix, fait maison",2026-01-28,,19104.0,
4173,4173,19,0,"Candies, goobers, chocolate covered peanuts","Bonbons, goobers, arachides, enrobées de chocolat",2026-01-28,,19105.0,
4174,4174,19,0,"Candies, gumdrops (jujubes)","Bonbons, jujubes",2026-01-28,,19106.0,
4175,4175,19,0,"Candies, hard","Bonbons, durs (sucre d'orge)",2026-01-28,,19107.0,
4176,4176,19,0,"Candies, jellybeans","Bonbons, fèves à la gelée (jellybean)",2026-01-28,,19108.0,
4177,4177,19,0,"Candies, bars, Kit Kat wafer bar","Bonbons, tablettes, Kit Kat",2026-01-28,,19109.0,
4179,4179,19,0,"Candies, bars, Baby Ruth","Bonbons, tablettes, Baby Ruth",2026-01-28,,19111.0,
4180,4180,19,0,"Candies, licorice, strawberry","Bonbons, réglisse, fraises",2026-01-28,,19112.0,
4181,4181,19,0,"Sweets, syrup, table blend, pancake with butter","Confiseries, sirop de table, crêpe avec beurre",2012-07-03,,19113.0,
4183,4183,19,0,"Candies, marshmallow","Bonbons, guimauve",2026-01-28,,19116.0,
4184,4184,19,0,"Candies, bars, Oh Henry!","Bonbons, tablettes, Oh Henry!",2026-02-11,,19118.0,
4185,4185,19,0,"Candies, bars, Chunky","Bonbons, tablettes, Chunky",2026-01-28,,19119.0,
4186,4186,19,0,"Candies, bars / chips, milk chocolate, plain","Bonbons, tablettes / grains (pépites), chocolat au lait, nature",2026-01-28,,19120.0,
4187,4187,19,35,"Dessert, pudding, banana, dry mix, instant, prepared with 2% M.F. milk","Dessert, pouding, banane, mélange sec, instantané, préparé avec lait 2% M.G.",2026-01-28,,19121.0,
4188,4188,19,35,"Dessert, pudding, banana, dry mix, regular, prepared with 2% M.F. milk","Dessert, pouding, banane, mélange sec, régulier, préparé avec lait 2% M.G.",2026-01-28,,19122.0,
4189,4189,19,35,"Dessert, pudding, chocolate, dry mix, instant, prepared with 2% M.F. milk","Dessert, pouding, chocolat, mélange sec, instantané, préparé avec lait 2% M.G.",2026-01-28,,19123.0,
4190,4190,19,0,"Candies, milk chocolate coated peanuts","Bonbons, arachides, enrobées de chocolat au lait",2026-01-28,,19126.0,
4191,4191,19,0,"Candies, milk chocolate coated raisins","Bonbons, raisins secs, enrobés de chocolat au lait",2026-01-28,,19127.0,
4192,4192,19,0,"Sweets, syrup, table blend, pancake, calorie-reduced","Confiseries, sirop de table, crêpe, réduit en Calories",2012-07-03,,19128.0,
4193,4193,19,0,"Sweets, syrup, table blend, pancake","Confiseries, sirop de table, crêpe",2012-07-03,,19129.0,
4195,4195,19,0,"Candies, bars, Hershey's Milk Chocolate with almonds","Bonbons, tablettes, Hershey's Chocolat au Lait avec amandes",2026-01-28,,19132.0,
4196,4196,19,0,"Candies, bars, milk chocolate with rice cereal","Bonbons, tablettes, chocolat au lait avec céréale de riz",2026-01-28,,19134.0,
4197,4197,19,0,"Candies, bars, Mars","Bonbons, tablettes, Mars",2026-01-28,,19135.0,
4198,4198,19,0,"Candies, bars, Skor","Bonbons, tablettes, Skor",2026-01-28,,19136.0,
4199,4199,19,0,"Sweets, topping, strawberry","Confiseries, garniture, fraise",2012-07-03,,19137.0,
4201,4201,19,0,"Candies, M&M's peanut chocolate candies","Bonbons, M&M's bonbons au chocolat et arachides",2026-02-11,,19140.0,
4202,4202,19,0,"Candies, M&M's, plain chocolate candies","Bonbons, M&M's, bonbons au chocolat, nature",2026-01-28,,19141.0,
4205,4205,19,0,"Candies, bars, 100 Grand","Bonbons, tablettes, 100 Grand",2026-01-28,,19144.0,
4206,4206,19,0,"Candies, bars, Nestle Crunch","Bonbons, tablettes, Nestle Crunch",2026-01-28,,19145.0,
4207,4207,19,0,"Candies, bars, peanut","Bonbons, tablettes, arachides",2026-01-28,,19147.0,
4208,4208,19,0,"Candies, peanut brittle, homemade","Bonbons, croquant aux arachides, fait maison",2026-01-28,,19148.0,
4209,4209,19,0,"Candies, Reese's peanut butter cups","Bonbons, Reese's moules au beurre d'arachides",2026-01-28,,19150.0,
4210,4210,19,0,"Candies, Reese's Pieces","Bonbons, Reese's Pieces",2026-01-28,,19151.0,
4211,4211,19,0,"Candies, Rolo Caramels in milk chocolate","Bonbons, Rolo Caramels, enrobés de chocolat au lait",2026-01-28,,19152.0,
4212,4212,19,0,"Candies, After Eight, chocolate mints","Bonbons, After Eight, mini-menthes enrobées de chocolat",2012-07-03,,19153.0,
4213,4213,19,0,"Candies, sesame crunch (crisp)","Bonbons, croquant aux graines de sesame",2026-01-28,,19154.0,
4214,4214,19,0,"Candies, bars, Snickers","Bonbons, tablettes, Snickers",2026-01-28,,19155.0,
4215,4215,19,0,"Candies, Starburst fruit chews","Bonbons, Starburst bouchées de fruits",2026-01-28,,19156.0,
4217,4217,19,0,"Candies, bars, 3 Musketeers","Bonbons, tablettes, 3 Musketeers",2026-01-28,,19159.0,
4218,4218,19,0,"Candies, bars, Twix, caramel cookie","Bonbons, tablettes, Twix, biscuits au caramel",2026-01-28,,19160.0,
4219,4219,19,0,"Candies, bars, Twix peanut butter cookie","Bonbons, tablettes, Twix, biscuits au beurre d'arachides",2026-01-28,,19161.0,
4220,4220,19,0,"Candies, bars, Whatchamacallit","Candies, taglettes, Whatchamacallit",2026-01-28,,19162.0,
4221,4221,19,0,"Candies, chewing gum","Bonbons, gomme à mâcher",2026-01-28,,19163.0,
4222,4222,19,0,"Candies, bars, Special Dark","Bonbons, tablettes, Special Dark",2026-01-28,,19164.0,
4223,4223,19,0,"Sweets, cocoa, powder, unsweetened","Confiseries, cacao, poudre, non sucré",2026-01-28,,19165.0,
4224,4224,19,0,"Sweets, cocoa, powder, unsweetened, dutch process","Confiseries, cacao, poudre, non sucré, procédé néerlandais",2026-01-28,,19166.0,
4227,4227,19,0,"Dessert, egg custard, dry mix, unprepared","Dessert, flan aux oeufs, mélange sec, non préparé",2012-07-04,,19169.0,
4228,4228,19,0,"Dessert, egg custard, dry mix prepared with whole milk","Dessert, flan aux oeufs, mélange sec, préparé avec lait entier",2012-07-27,,19170.0,
4229,4229,19,0,"Dessert, gelatin, dry mix, unprepared","Dessert, gélatine, mélange sec, non préparé",2026-01-28,,19172.0,
4230,4230,19,0,"Dessert, gelatin dry mix, prepared with water","Dessert, gélatine, mélange sec, préparé avec eau",2026-01-28,,19173.0,
4232,4232,19,0,"Dessert, gelatin, dry mix, calorie-reduced, with aspartame, unprepared","Dessert, gélatine, mélange sec, réduit en Calories, avec aspartame, non préparé",2026-01-28,,19175.0,
4233,4233,19,0,"Dessert, gelatin, dry mix, calorie-reduced, with aspartame, prepared with water","Dessert, gélatine, mélange sec, réduit en Calories, avec aspartame, préparé avec eau",2026-01-28,,19176.0,
4234,4234,19,0,"Sweets, gelatin, dry powder, unsweetened","Confiseries, gélatine, poudre, non sucré",2026-01-28,,19177.0,
4237,4237,19,0,"Dessert, pudding, chocolate, ready-to-eat","Dessert, pouding, chocolat, prêt-à-manger",2026-01-28,,19183.0,
4238,4238,19,0,"Dessert, pudding, chocolate, dry mix, instant, unprepared","Dessert, pouding, chocolat, mélange sec, instantané, non préparé",2026-01-28,,19184.0,
4241,4241,19,0,"Dessert, flan, caramel custard, dry mix, unprepared","Dessert, flan au caramel, mélange sec, non préparé",2026-01-28,,19187.0,
4242,4242,19,0,"Dessert, pudding, chocolate, dry mix, regular, unprepared","Dessert, pouding, chocolat, mélange sec, régulier, non préparé",2026-01-28,,19188.0,
4243,4243,19,35,"Dessert, pudding, chocolate, dry mix, regular, prepared with whole milk","Dessert, pouding, chocolat, mélange sec, régulier, préparé avec lait entier",2026-01-28,,19189.0,
4244,4244,19,35,"Dessert, pudding, chocolate, dry mix, regular, prepared with 2% M.F. milk","Dessert, pouding, chocolat, mélange sec, régulier, préparé avec lait 2% M.G.",2026-01-28,,19190.0,
4245,4245,19,35,"Dessert, pudding, coconut, dry mix, instant, prepared with 2% M.F. milk","Dessert, pouding, noix de coco, mélange sec, instantané, préparé avec lait 2% M.G.",2026-01-28,,19191.0,
4247,4247,19,0,"Dessert, pudding, rice, ready to eat","Dessert, pouding, riz, prêt-à-manger",2026-01-28,,19193.0,
4248,4248,19,0,"Dessert, pudding, rice, dry mix, unprepared","Dessert, pouding, riz, mélange sec, non préparé",2026-01-28,,19194.0,
4249,4249,19,35,"Dessert, pudding, rice, dry mix, prepared with whole milk","Dessert, pouding, riz, mélange sec, préparé avec lait entier",2026-01-28,,19195.0,
4251,4251,19,0,"Dessert, pudding, tapioca, dry mix, unprepared","Dessert, pouding, tapioca, mélange sec, non préparé",2026-01-28,,19198.0,
4252,4252,19,35,"Dessert, pudding, tapioca, dry mix, prepared with whole milk","Dessert, pouding, tapioca, mélange sec, préparé avec lait entier",2026-01-28,,19199.0,
4254,4254,19,0,"Dessert, pudding, vanilla, ready to eat","Dessert, pouding, vanille, prêt-à-manger",2026-01-28,,19201.0,
4255,4255,19,0,"Dessert, pudding, vanilla, dry mix, instant, unprepared","Dessert, pouding, vanille, mélange sec, instantané, non préparé",2026-01-28,,19202.0,
4257,4257,19,35,"Dessert, pudding, lemon, dry mix, instant, prepared with 2% M.F. milk","Dessert, pouding, citron, mélange sec, instantané, préparé avec lait 2% M.G.",2026-01-28,,19204.0,
4258,4258,19,0,"Dessert, egg custard, dry mix, prepared with 2% M.F. milk","Dessert, flan aux oeufs, mélange sec, préparé avec lait 2% M.G.",2026-01-28,,19205.0,
4259,4259,19,0,"Dessert, pudding, vanilla, dry mix, regular, unprepared","Dessert, pouding, vanille, mélange sec, régulier, non préparé",2026-01-28,,19206.0,
4260,4260,19,35,"Dessert, pudding, vanilla, dry mix, regular, prepared with whole milk","Dessert, pouding, vanille, mélange sec, régulier, préparé avec lait entier",2026-01-28,,19207.0,
4261,4261,19,35,"Dessert, pudding, rice, dry mix, prepared with 2% M.F. milk","Dessert, pouding, riz, mélange sec, préparé avec lait 2% M.G.",2026-01-28,,19208.0,
4262,4262,19,35,"Dessert, pudding, tapioca, dry mix, prepared with 2% M.F. milk","Dessert, pouding, tapioca, mélange sec, préparé avec lait 2% M.G.",2026-01-28,,19209.0,
4264,4264,19,35,"Dessert, pudding, vanilla, dry mix, instant, prepared with 2% M.F. milk","Dessert, pouding, vanille, mélange sec, instantané, préparé avec lait 2% M.G.",2026-01-28,,19211.0,
4265,4265,19,35,"Dessert, pudding, vanilla, dry mix, regular, prepared with 2% M.F. milk","Dessert, pouding, vanille, mélange sec, régulier, préparé avec lait 2% M.G.",2026-01-28,,19212.0,
4266,4266,19,0,"Dessert, rennin, chocolate, dry mix, made with 2% M.F. milk","Dessert, rennine (présure), chocolat, mélange sec, préparé avec lait 2% M.G.",2026-01-28,,19213.0,
4267,4267,19,0,"Dessert, rennin, vanilla, dry mix, prepared with 2% M.F. milk","Dessert, rennine (présure), vanille, mélange sec, préparé avec lait 2% M.G.",2026-01-28,,19214.0,
4268,4268,19,11,"Dessert, frozen, gelatin pop","Dessert, congelé, pop à la gélatine",2026-01-28,,19215.0,
4270,4270,19,0,"Dessert, frozen, ices, water, fruit, with aspartame","Dessert, congelé, glace à l'eau, fruits, avec aspartame",2026-01-28,,19217.0,
4271,4271,19,0,"Dessert, pudding, tapioca, ready-to-eat","Dessert, pouding, tapioca, prêt-à-manger",2026-01-28,,19218.0,
4272,4272,19,35,"Dessert, pudding, coconut, dry mix, regular, prepared with 2% M.F. milk","Dessert, pouding, noix de coco, mélange sec, régulier, préparé avec lait 2% M.G.",2026-01-28,,19219.0,
4273,4273,19,0,"Dessert, rennin, chocolate, dry mix, unprepared","Dessert, rennine (présure), chocolat, mélange sec, non préparé",2012-07-04,,19220.0,
4274,4274,19,0,"Dessert, rennin, chocolate, dry mix, prepared with whole milk","Dessert, rennine, (présure), chocolat, mélange sec, préparé avec lait entier",2012-07-27,,19221.0,
4275,4275,19,0,"Dessert, rennin, vanilla, dry mix, unprepared","Dessert, rennine (présure), vanille, mélange sec, non préparé",2012-07-04,,19222.0,
4276,4276,19,0,"Dessert, rennin, vanilla, dry mix, prepared with whole milk","Dessert, rennine, (présure), vanille, mélange sec, préparé avec lait entier",2012-07-27,,19223.0,
4278,4278,19,0,"Dessert, rennin, tablets, unsweetened","Dessert, rennine (présure), comprimés, non sucrés",2026-01-28,,19225.0,
4279,4279,19,0,"Dessert, flan, caramel custard, dry mix, prepared with 2% M.F. milk","Dessert, flan au caramel, mélange sec, préparé avec lait 2% M.G.",2026-01-28,,19231.0,
4280,4280,19,0,"Dessert, flan, caramel custard, dry mix, prepared with whole milk","Dessert, flan au caramel, mélange sec, préparé avec lait entier",2026-01-28,,19232.0,
4281,4281,19,0,"Icing (frosting), chocolate, creamy, dry mix, unprepared","Glaçage, chocolat, crémeux, mélange sec, non préparé",2026-01-28,,19240.0,
4282,4282,19,0,"Icing (frosting), chocolate, creamy, dry mix, prepared with butter","Glaçage, chocolat, crémeux, mélange sec, préparé avec beurre",2026-01-28,,19241.0,
4283,4283,19,0,"Icing (frosting), vanilla (white), creamy, dry mix, unprepared","Glaçage, vanille (blanc), crémeux, mélange sec, non préparé",2026-01-28,,19244.0,
4284,4284,19,0,"Icing (frosting), vanilla (white), creamy, dry mix, prepared with butter","Glaçage, vanille (blanc), crémeux, mélange sec, préparé avec beurre",2026-01-28,,19245.0,
4285,4285,19,0,"Icing (frosting), white, fluffy, dry mix, unprepared","Glaçage, blanc, velouté, mélange sec, non préparé",2026-01-28,,19246.0,
4286,4286,19,0,"Icing (frosting), white, fluffy, dry mix, prepared with water","Glaçage, blanc, velouté, mélange sec, préparé avec eau",2026-01-28,,19247.0,
4287,4287,19,0,"Dessert, frozen, fruit and juice bar","Dessert, congelé, barre de fruits et jus",2026-01-28,,19263.0,
4288,4288,19,0,"Dessert, frozen, ice cream, chocolate","Dessert, congelé, crème glacée, chocolat",2012-07-24,,19270.0,
4289,4289,19,0,"Dessert, frozen, ice cream, strawberry","Dessert, congelé, crème glacée, fraises",2012-07-24,,19271.0,
4290,4290,19,0,"Dessert, frozen, ices, water, lime","Dessert, congelé, glaces à l'eau, lime",2026-01-28,,19280.0,
4291,4291,19,0,"Dessert, frozen, ice pop","Dessert, congelé, pop glacé",2026-01-28,,19283.0,
4292,4292,19,0,"Dessert, frozen yogourt (yogurt), vanilla, soft-serve","Dessert, congelé, yogourt glacé, vanille, mou",2026-01-28,,19293.0,
4293,4293,19,0,"Sweets, fruit butters, apple","Confiseries, beurre de fruits, pomme",2012-06-25,,19294.0,
4294,4294,19,0,"Sweets, honey, strained or extracted","Confiseries, miel, filtre ou extrait",2012-07-03,,19296.0,
4295,4295,19,0,"Sweets, jams and preserves","Confiseries, confitures et conserves",2012-06-25,,19297.0,
4296,4296,19,0,"Sweets, jams and preserves, jelly","Confiseries, confitures et conserves, gelée",2017-07-31,,19300.0,
4297,4297,19,0,"Candies, fudge, chocolate marshmallow with nuts, homemade","Bonbons, fudge, chocolat et guimauves avec noix, fait maison",2026-01-28,,19301.0,
4298,4298,19,0,"Sweets, jams and preserves, marmalade, orange","Confiseries, confitures et conserves, marmelade, orange",2026-01-28,,19303.0,
4299,4299,19,0,"Sweets, fancy molasses","Confiseries, mélasse de fantaisie",2012-07-03,,19304.0,
4300,4300,19,11,"Sweets, molasses, blackstrap","Confiseries, mélasse noire (mélasse verte)",2012-10-01,,,
4301,4301,19,0,"Sweets, pectin, unsweetened, dry mix","Confiseries, pectine, non sucrée, mélange sec",2026-01-28,,19310.0,
4303,4303,19,0,"Sweets, pie fillings, canned apple","Confiseries, garniture à tarte, conserve, pomme",2012-06-25,,19312.0,
4304,4304,19,0,"Sweets, pie fillings, canned, cherry","Confiseries, garniture à tarte, conserve, cerise",2012-06-25,,19314.0,
4305,4305,19,0,"Dessert, pudding, banana, dry mix, instant, unprepared","Dessert, pouding, banane, mélange sec, instantané, non préparé",2026-01-28,,19318.0,
4306,4306,19,35,"Dessert, pudding, banana, dry mix, instant, prepared with whole milk","Dessert, pouding, banane, mélange sec, instantané, préparé avec lait entier",2026-01-28,,19319.0,
4307,4307,19,0,"Dessert, pudding, banana, dry mix, regular, unprepared","Dessert, pouding, banane, mélange sec, régulier, non préparé",2026-01-28,,19320.0,
4308,4308,19,35,"Dessert, pudding, banana, dry mix, regular, prepared with whole milk","Dessert, pouding, banane, mélange sec, régulier, préparé avec lait entier",2026-01-28,,19321.0,
4309,4309,19,0,"Dessert, pudding, coconut, dry mix, instant, unprepared","Dessert, pouding, noix de coco, mélange sec, instantané, non préparé",2026-01-28,,19322.0,
4310,4310,19,35,"Dessert, pudding, coconut, dry mix, instant, prepared with whole milk","Dessert, pouding, noix de coco, mélange sec, instantané, préparé avec lait entier",2026-01-28,,19323.0,
4311,4311,19,0,"Dessert, pudding, coconut, dry mix, regular, unprepared","Dessert, pouding, noix de coco, mélange sec, régulier, non préparé",2026-01-28,,19324.0,
4312,4312,19,35,"Dessert, pudding, coconut, dry mix, regular, prepared with whole milk","Dessert, pouding, noix de coco, mélange sec, régulier, préparé avec lait entier",2026-01-28,,19325.0,
4313,4313,19,0,"Dessert, pudding, lemon, dry mix, instant, unprepared","Dessert, pouding, ditron, mélange sec, instantané, non préparé",2026-01-28,,19330.0,
4314,4314,19,35,"Dessert, pudding, lemon, dry mix, instant, prepared with whole milk","Dessert, pouding, citron, mélange sec, instantané, préparé avec lait entier",2026-01-28,,19331.0,
4315,4315,19,0,"Dessert, pudding, lemon, dry mix, regular, unprepared","Dessert, pouding, citron, mélange sec, régulier, non préparé",2026-01-28,,19332.0,
4316,4316,19,0,"Dessert, pudding, lemon, dry mix, regular, prepared with sugar, egg yolk and water","Dessert, pouding, citron, mélange sec, régulier, préparé avec du sucre, des jaunes d'oeufs et de l'eau",2026-01-28,,19333.0,
4317,4317,19,0,"Sweets, sugars, brown","Confiseries, sucre, brun (cassonade)",2012-07-03,,19334.0,
4318,4318,19,0,"Sweets, sugars, granulated (white)","Confiseries, sucre, granulé (blanc)",2016-05-10,,19335.0,
4319,4319,19,0,"Sweets, sugars, icing (powdered)","Confiseries, sucre à glacer",2012-07-03,,19336.0,
4320,4320,19,23,"Sweets, sugars, maple, hard","Confiseries, sucre d'érable, dur",2012-08-31,,19340.0,
4321,4321,19,0,"Sweets, syrup, chocolate, fudge-type","Confiseries, sirop, chocolat, type fudge",2012-07-03,,19348.0,
4322,4322,19,0,"Sweets, syrup, corn, dark","Confiseries, sirop de maïs, foncé",2012-07-03,,19349.0,
4323,4323,19,0,"Sweets, syrup, corn light","Confiseries, sirop de maïs, clair",2016-01-26,,19350.0,
4324,4324,19,0,"Sweets, syrup, corn, high-fructose","Confiseries, sirop de maïs, élevé en fructose",2012-07-03,,19351.0,
4325,4325,19,0,"Sweets, syrup, malt","Confiseries, sirop de malt",2012-07-03,,19352.0,
4326,4326,19,23,"Sweets, syrup, maple, bulk","Confiseries, sirop d'érable, en vrac",2012-07-03,,19353.0,
4327,4327,19,0,"Sweets, syrup, sorghum","Confiseries, sirop de sorgho",2012-07-03,,19355.0,
4328,4328,19,0,"Sweets, syrup, table blend, pancake, with 2% maple","Confiseries, sirop de table, crêpe, avec 2% érable",2012-07-03,,19360.0,
4329,4329,19,0,"Sweets, syrup. table blend, cane and 15% maple","Confiseries, sirop de table, canne et 15% érable",2012-07-03,,19361.0,
4330,4330,19,0,"Sweets, syrup, table blend, corn, refiner's syrup and sugar","Confiseries, sirop de table, maïs, sirop de raffinerie et sucre",2012-07-03,,19362.0,
4331,4331,19,0,"Sweets, topping (spread), butterscotch or caramel","Confiseries, garniture (tartinade), caramel",2026-01-28,,19364.0,
4332,4332,19,0,"Sweets, topping, marshmallow cream","Confiseries, garniture, crème de guimauve",2026-01-28,,19365.0,
4333,4333,19,0,"Sweets, topping, pineapple","Confiseries, garniture, ananas",2012-07-03,,19366.0,
4334,4334,19,0,"Sweets, topping, nuts in syrup","Confiseries, garniture, noix dans sirop",2012-07-03,,19367.0,
4335,4335,19,0,"Candies, Skittles","Bonbons, Skittles",2026-01-28,,19370.0,
4336,4336,19,0,"Icing (frosting), vanilla (white), creamy, dry mix, prepared with margarine","Glaçage, vanille (blanc), crémeux, mélange sec, préparé avec margarine",2026-01-28,,19371.0,
4337,4337,19,0,"Icing (frosting), chocolate, creamy, dry mix, prepared with margarine","Glaçage, chocolat, crémeux, mélange sec, préparé avec margarine",2026-01-28,,19372.0,
4340,4340,19,0,"Icing (frosting), glaze, homemade","Glaçage, fondant, fait maison",2026-01-28,,19375.0,
4350,4350,19,0,"Dessert, frozen yogourt (yogurt), chocolate, soft-serve","Dessert, congelé, yogourt glacé, chocolat, mou",2026-01-28,,19393.0,
4351,4351,25,0,"Snacks, banana chips","Grignotises, croustilles de bananes séchées",2026-01-28,,19400.0,
4352,4352,25,0,"Snacks, corn nuts, barbecue","Grignotises, grignotises de maïs (corn nuts), barbecue",2026-01-28,,19401.0,
4354,4354,25,0,"Snacks, crisped rice bar, almond","Grignotises, barre de riz croustillant, amandes",2026-01-28,,19403.0,
4358,4358,7,0,"Meat stick, beef, non-refrigerated, smoked","Bâtonnet de viande, non-réfrigérés, fumés",2026-01-28,,19407.0,
4359,4359,25,0,"Snacks, pork skins, barbecue","Grignotises, croustilles de porc, barbecue",2026-01-28,,19408.0,
4360,4360,25,0,"Snacks, potato chips, made from dried potatoes (preformed), plain","Grignotises, croustilles, pommes de terre, faites à partir de pommes de terre séchées (préformées), nature",2026-01-28,,19410.0,
4361,4361,25,0,"Snacks, potato chips, made from dried potatoes (preformed), cheese","Grignotises, croustilles, pommes de terre, faites à partir de pommes de terre séchées (préformées), fromage",2026-01-28,,19412.0,
4362,4362,25,0,"Snacks, rice cakes, brown rice, corn","Grignotises, galettes de riz brun, maïs",2026-01-28,,19413.0,
4363,4363,25,0,"Snacks, rice cakes, brown rice, multigrain","Grignotises, galettes de riz brun, multigrains",2026-01-28,,19414.0,
4364,4364,25,0,"Snacks, potato sticks","Grignotises, bâtonnets de pommes de terre",2026-01-28,,19415.0,
4365,4365,25,0,"Snacks, rice cakes, brown rice, rye","Grignotises, galettes de riz brun, seigle",2026-01-28,,19416.0,
4366,4366,25,0,"Snacks, sesame sticks, wheat-based, salt added","Grignotises, bâtonnets de sésame, base de blé, sel ajouté",2026-01-28,,19418.0,
4367,4367,25,11,"Snacks, corn cakes","Grignotises, galettes de maïs",2026-01-28,,,
4369,4369,25,0,"Snacks, potato chips, cheese","Grignotises, croustilles de pommes de terre, fromage",2026-01-28,,19421.0,
4371,4371,25,0,"Snacks, tortilla chips, nacho, light","Grignotises, croustilles, tortilla, nacho, légères",2026-01-28,,19424.0,
4372,4372,25,0,"Snacks, taro chips","Grignotises, croustilles de taro",2026-01-28,,19524.0,
4373,4373,19,0,"Sweets, chocolate, semisweet, made with butter","Confiseries, chocolat, mi-sucré, préparé avec beurre",2012-07-04,,19701.0,
4374,4374,19,0,"Icing (frosting), chocolate, creamy, ready-to-eat","Glaçage, chocolat, crémeux, prêt-à-manger",2026-01-28,,19226.0,
4375,4375,19,0,"Icing (frosting), coconut-nut, ready to eat","Glaçage, noix de coco-noix, prêt-à-manger",2026-01-28,,19227.0,
4376,4376,19,0,"Icing (frosting), cream cheese flavour, ready to eat","Glaçage, saveur de fromage à la crème, prêt-à-manger",2026-01-28,,19228.0,
4377,4377,19,11,"Icing (frosting), sour cream flavour, ready to eat","Glaçage, saveur de crème sure, prêt-à-manger",2026-01-28,,,
4378,4378,19,0,"Icing (frosting), vanilla (white), creamy, ready-to-eat","Glaçage, vanille (blanc), crémeux, prêt-à-manger",2026-01-28,,19230.0,
4379,4379,19,0,"Sweets, jams and preserves, apricot","Confiseries, confitures et conserves, abricot",2012-06-25,,19719.0,
4380,4380,19,0,"Candies, bars / chips, semisweet chocolate with butter","Bonbons, carrés / grains (pépites), chocolat mi-sucré avec beurre",2026-01-28,,19701.0,
4381,4381,25,0,"Snacks, corn cakes, sodium-free","Grignotises, galettes de maïs, ultra faible en sodium",2026-01-28,,19800.0,
4382,4382,25,0,"Snacks, popcorn, air-popped, white popcorn","Grignotises, mais soufflé à l'air, nature, maïs blanc",2026-01-28,,19806.0,
4383,4383,25,0,"Snacks, popcorn, oil-popped, white popcorn, with salt","Grignotises, maïs soufflé à l'huile, maïs blanc, sel ajouté",2026-01-28,,19807.0,
4386,4386,25,0,"Snacks, pretzels, hard, plain, unsalted","Grignotises, bretzels, durs, nature, sans sel",2026-01-28,,19814.0,
4387,4387,25,0,"Snacks, rice cakes, brown rice, plain, unsalted","Grignotises, galettes de riz brun, nature, sans sel",2026-01-28,,19816.0,
4388,4388,25,0,"Snacks, rice cakes, brown rice, buckwheat, unsalted","Grignotises, galettes de riz brun, nature, sarrasin, sans sel",2026-01-28,,19817.0,
4389,4389,25,0,"Snacks, rice cakes, brown rice, multigrain, unsalted","Grignotises, galettes de riz brun, multigrains, sans sel",2026-01-28,,19818.0,
4390,4390,25,0,"Snacks, rice cakes, brown rice, sesame seed, unsalted","Grignotises, galettes de riz brun, graines de sésame, sans sel",2026-01-28,,19819.0,
4391,4391,25,0,"Snacks, sesame sticks, wheat-based, unsalted","Grignotises, bâtonnets de sésame, base de blé, sans sel",2026-01-28,,19820.0,
4392,4392,25,0,"Snacks, trail mix, regular, unsalted","Grignotises, mélange montagnard, régulier, non salé",2026-01-28,,19821.0,
4393,4393,25,0,"Snacks, trail mix, regular with chocolate chips, unsalted","Grignotises, mélange montagnard, régulier avec grains de chocolat, sans sel",2026-01-28,,19822.0,
4394,4394,25,3,"Snacks, pretzels, hard, plain, salt added","Grignotises, bretzels, durs, nature, sel ajouté",2026-01-28,,19047.0,
4396,4396,19,20,"Candied foods, maraschino cherries, jar, solids and liquid","Confits, cerises au marasquin, bocal, solides et liquide",2026-01-28,,,
4397,4397,19,20,"Candied foods, cherries","Confits, cerises",2026-01-28,,,
4398,4398,19,20,"Candied foods, citron","Confits, cédrat",2026-01-28,,,
4400,4400,19,20,"Candied foods, ginger root, crystallized","Confits, gingembre, racine, cristallisée",2026-01-28,,,
4401,4401,19,20,"Candied foods, grapefruit peel","Confits, pamplemousse, pelure",2026-01-28,,,
4402,4402,19,20,"Candied foods, lemon peel","Confits, citron, pelure",2026-01-28,,,
4403,4403,19,20,"Candied foods, orange peel","Confits, orange, pelure",2026-01-28,,,
4405,4405,19,20,"Candied foods, pineapple","Confits, ananas",2026-01-28,,,
4407,4407,25,0,"Snacks, potato chips, plain, salt added","Grignotises, croustilles de pommes de terre, nature, sel ajouté",2026-01-28,,19411.0,
4409,4409,20,0,"Grains, amaranth, dry","Grains céréaliers, amarante, sec",2012-07-31,,20001.0,amaranthus spp.
4410,4410,20,0,"Grains, arrowroot flour","Grains céréaliers, farine d'arrowroot",2012-07-31,,20003.0,
4411,4411,20,0,"Grains, barley, pearled, dry","Grains céréaliers, orge, perlé, sec",2012-07-31,,20005.0,
4412,4412,20,0,"Grains, buckwheat groats, roasted, dry","Grains céréaliers, gruau de sarrasin, rôti, sec",2012-07-31,,20009.0,
4413,4413,20,0,"Grains, buckwheat groats, roasted, cooked","Grains céréaliers, gruau de sarrasin, rôti, cuit",2012-07-30,,20010.0,
4414,4414,20,0,"Grains, bulgur, dry","Grains céréaliers, bulgur, sec",2012-08-01,,20012.0,
4415,4415,20,0,"Grains, corn, yellow, field, dry","Grains céréaliers, maïs, jaune, campagnard, sec",2012-07-30,,20014.0,Zea mays mays L.
4416,4416,20,0,"Grains, corn bran, crude","Grains céréaliers, son de maïs, brut",2012-07-31,,20015.0,
4417,4417,20,0,"Grains, corn flour, yellow, whole grain","Grains céréaliers, farine de maïs, jaune, grain entier",2026-01-28,,20016.0,
4418,4418,20,1,"Grains, cornmeal (yellow), whole grain","Grains céréaliers, semoule de maïs (jaune), grain entier",2026-01-28,,20020.0,
4419,4419,20,0,"Grains, cornstarch","Grains céréaliers, fécule de maïs",2012-07-31,,20027.0,
4420,4420,20,0,"Grains, couscous, dry","Grains céréaliers, couscous, sec",2012-07-31,,20028.0,
4421,4421,20,0,"Grains, oats, dry","Grains céréaliers, avoine, sec",2012-08-01,,20038.0,Avena sativa L.
4422,4422,20,0,"Grains, rice, brown, medium-grain, dry","Grains céréaliers, riz brun, grain moyen, sec",2012-07-31,,20040.0,
4423,4423,20,0,"Grains, rice, brown, medium-grain, cooked","Grains céréaliers, riz brun, grain moyen, cuit",2012-07-30,,20041.0,
4424,4424,20,0,"Grains, rice, white, glutinous, dry","Grains céréaliers, riz blanc, glutineux, sec",2026-01-28,,20054.0,
4425,4425,20,0,"Grains, rice, white, glutinous, cooked","Grains céréaliers, riz blanc, glutineux, cuit",2026-01-28,,20055.0,
4426,4426,20,0,"Grains, rice, white with pasta and seasonings, dry","Grains céréaliers, riz blanc avec pâtes et assaisonnements, sec",2012-07-31,,20056.0,
4427,4427,20,0,"Grains, rice, white with pasta and seasonings, cooked","Grains céréaliers, riz blanc avec pâtes et assaisonnements, cuit",2012-07-31,,20057.0,
4428,4428,20,0,"Grains, rice bran, crude","Grains céréaliers, son de riz, brut",2012-07-31,,20060.0,
4429,4429,20,0,"Grains, rice flour, white","Grains céréaliers, riz blanc, farine",2012-07-31,,20061.0,
4430,4430,20,0,"Grains, rye flour, medium","Grains céréaliers, farine de seigle moyenne",2012-07-31,,20064.0,
4431,4431,20,0,"Grains, rye flour, light","Grains céréaliers, farine de seigle pâle",2012-07-31,,20065.0,
4432,4432,20,0,"Grains, sorghum, dry","Grains céréaliers, sorgho, sec",2012-07-30,,20067.0,Sorghum spp.
4433,4433,20,0,"Grains, tapioca, pearl, dry","Grains céréaliers, tapioca, perlé, sec",2012-07-31,,20068.0,
4434,4434,20,0,"Grains, triticale, dry","Grains céréaliers, triticale, sec",2012-07-30,,20069.0,X Triticosecale rimpaui Wittm.
4435,4435,20,0,"Grains, triticale flour, whole grain","Grains céréaliers, farine de triticale, grain entier",2026-01-28,,20070.0,
4436,4436,20,0,"Grains, wheat, hard red spring, dry","Grains céréaliers, blé de force roux de printemps (blé vitreux roux de printemps), sec",2018-11-16,,20071.0,Triticum aestivum L.
4437,4437,20,0,"Grains, wheat, hard red winter, dry","Grains céréaliers, blé de force roux d'hiver (blé vitreux roux d'hiver), sec",2018-12-12,,20072.0,Triticum aestivum L.
4438,4438,20,0,"Grains, wheat, soft red winter, dry","Grains céréaliers, blé tendre rouge d'hiver, sec",2018-11-15,,20073.0,Triticum aestivum L.
4439,4439,20,0,"Grains, wheat, hard white, dry","Grains céréaliers, blé blanc dur, sec",2018-12-12,,20074.0,Triticum aestivum L.
4440,4440,20,0,"Grains, wheat, soft white, dry","Grains céréaliers, blé blanc tendre, sec",2012-08-01,,20075.0,Triticum aestivum L>
4441,4441,20,0,"Grains, wheat, durum, dry","Grains céréaliers, blé durum, sec",2018-12-12,,20076.0,Triticum durum Desf.
4442,4442,20,3,"Grains, wheat bran, crude","Grains céréaliers, son de blé, brut",2012-07-31,,20077.0,
4443,4443,20,3,"Grains, wheat germ, crude","Grains céréaliers, germe de blé, brut",2012-07-31,,20078.0,
4444,4444,20,1,"Grains, wheat flour, white, self-rising","Grains céréaliers, farine de blé, blanche, avec levure",2012-07-31,,20082.0,
4445,4445,20,37,"Grains, wheat flour, white, bread flour","Grains céréaliers, farine de blé, blanche, farine à pain",2026-01-28,,20083.0,
4446,4446,20,37,"Grains, wheat flour, white, cake flour","Grains céréaliers, farine de blé, blanche, farine à gâteau",2017-08-21,,20084.0,
4447,4447,20,0,"Grains, wheat flour, white, tortilla mix","Grains céréaliers, farine de blé, blanche, préparation pour tortilla",2012-08-01,,20086.0,
4448,4448,20,0,"Grains, wheat, sprouted","Grains céréaliers, blé, germé",2012-08-01,,20087.0,
4449,4449,20,0,"Grains, rice, wild, dry","Grains céréaliers, riz sauvage, sec",2012-07-31,,20088.0,Zizania spp.
4450,4450,20,0,"Grains, rice, wild, cooked","Grains céréaliers, riz sauvage, cuit",2012-07-30,,20089.0,
4451,4451,20,0,"Grains, rice flour, brown","Grains céréaliers, farine de riz brun",2012-07-30,,20090.0,
4452,4452,20,0,"Pasta, corn, dry","Pâtes, maïs, sèches",2026-01-28,,20091.0,
4453,4453,20,0,"Pasta, corn, cooked","Pâtes, maïs, cuites",2026-01-28,,20092.0,
4454,4454,20,0,"Pasta, made with egg, homemade, cooked","Pâtes, préparées avec des oeufs, faites maison, cuites",2026-01-28,,20097.0,
4455,4455,20,0,"Pasta, made without egg, homemade, cooked","Pâtes, préparées sans oeufs, faites maison, cuites",2026-01-28,,20098.0,
4458,4458,20,1,"Pasta, egg noodles, enriched, cooked","Pâtes, nouilles aux oeufs, enrichies, cuites",2026-01-28,,20110.0,
4459,4459,20,0,"Pasta, Chinese noodles, chow mein","Pâtes, nouilles chinoises, chow mein",2026-01-28,,20113.0,
4460,4460,20,0,"Pasta, Japanese noodles, soba, dry","Pâtes, nouilles japonaises, soba, sèches",2026-01-28,,20114.0,
4461,4461,20,0,"Pasta, Japanese noodles, soba, cooked","Pâtes, nouilles japonaises, soba, cuites",2026-01-28,,20115.0,
4462,4462,20,0,"Pasta, Japanese noodles, somen, dry","Pâtes, nouilles japonaises, somen, sèches",2026-01-28,,20116.0,
4463,4463,20,0,"Pasta, Japanese noodles, somen, cooked","Pâtes, nouilles japonaises, somen, cuites",2026-01-28,,20117.0,
4464,4464,20,1,"Pasta (macaroni, spaghetti), enriched, cooked","Pâtes (macaroni, spaghetti), enrichi, cuit",2026-01-28,,20121.0,
4465,4465,20,0,"Grains, corn flour, masa, yellow, U.S. enriched","Grains céréaliers, farine de maïs, masa, jaune, enrichi selon les normes des É.U.",2012-07-30,,20317.0,
4466,4466,20,1,"Pasta, enriched, cooked, salt added","Pâtes, enrichi, cuit, sel ajouté",2026-01-28,,20321.0,
4467,4467,20,1,"Grains, hominy, canned, yellow","Grains céréaliers, farine de maïs bouillie, conserve, jaune",2012-07-31,,20330.0,
4468,4468,20,0,"Pasta, egg noodles, unenriched, cooked","Pâtes, nouilles aux oeufs, non enrichies, cuites",2026-01-28,,20410.0,
4469,4469,20,0,"Pasta (spaghetti macaroni), unenriched, cooked","Pâtes spaghetti, macaroni), non enrichi, cuit",2026-01-28,,20421.0,
4470,4470,20,1,"Grains, cornmeal (yellow), degermed","Grains céréaliers, semoule de maïs (jaune), dégermée",2012-07-31,,20422.0,
4471,4471,20,0,"Grains, rice, white, long-grain, regular, dry","Grains céréaliers, riz blanc, grain long, ordinaire, sec",2026-01-28,,20444.0,
4472,4472,20,0,"Grains, rice, white, long-grain, parboiled, dry","Grains céréaliers, riz blanc, grain long, étuvé, sec",2026-01-28,,20446.0,
4473,4473,20,0,"Grains, rice, white, long-grain, parboiled, cooked","Grains céréaliers, riz blanc, grain long, étuvé, cuit",2026-01-28,,20447.0,
4474,4474,20,0,"Grains, rice, white, medium-grain, dry","Grains céréaliers, riz blanc, grain moyen, sec",2026-01-28,,20450.0,
4475,4475,20,0,"Grains, rice, white, medium-grain, cooked","Grains céréaliers, riz blanc, grain moyen, cuit",2026-01-28,,20451.0,
4476,4476,20,0,"Grains, rice, white, short-grain, dry","Grains céréaliers, riz blanc, grain court, sec",2026-01-28,,20452.0,
4477,4477,20,0,"Grains, rice, white, short-grain, cooked","Grains céréaliers, riz blanc, grain court, cuit",2026-01-28,,20453.0,
4478,4478,20,0,"Grains, semolina","Grains céréaliers, semoule de blé dur",2012-07-31,,20466.0,
4479,4479,20,0,"Pasta, egg noodles, unenriched, cooked, salt added","Pâtes, nouilles aux oeufs, non enrichies, cuites, sel ajouté",2026-01-28,,20510.0,
4480,4480,20,0,"Pasta, (spaghetti, macaroni), unenriched, cooked, salt added","Pâtes, (spaghetti macaroni), non enrichi, cuit, sel ajouté",2026-01-28,,20521.0,
4481,4481,20,1,"Grains, rice, white, long-grain, pre-cooked or instant, enriched, dry","Grains céréaliers, riz blanc, grain long, précuit ou instantané, enrichi, sec",2026-01-28,,20048.0,
4482,4482,20,1,"Grains, rice, white, long-grain, pre-cooked or instant, enriched, prepared","Grains céréaliers, riz blanc, grain long, précuit ou instantané, enrichi, préparé",2026-01-28,,20049.0,
4483,4483,20,1,"Pasta, egg noodles, enriched, cooked, salt added","Pâtes, nouilles aux oeufs, enrichies, cuites, sel ajouté",2026-01-28,,20310.0,
4484,4484,20,1,"Grains, wheat flour, white, all purpose, enriched, calcium fortified","Grains céréaliers, farine de blé, tout usage, enrichie, calcium ajouté",2012-07-31,,20381.0,
4485,4485,20,3,"Grains, barley, dry","Grains céréaliers, orge, sec",2012-08-01,,20004.0,Hordeum vulgare L.
4486,4486,20,3,"Grains, barley, pearled, cooked","Grains céréaliers, orge, perlé, cuit",2012-07-31,,20006.0,
4487,4487,20,3,"Grains, buckwheat, dry","Grains céréaliers, sarrasin, sec",2018-12-12,,20008.0,Fagopyrum esculentum Moench
4488,4488,20,3,"Grains, buckwheat flour, whole-groat","Grains céréaliers, farine de sarrasin, gruau entier",2012-08-01,,20011.0,
4489,4489,20,3,"Grains, bulgur, cooked","Grains céréaliers, bulgur, cuit",2012-07-30,,20013.0,
4490,4490,20,3,"Grains, couscous, cooked","Grains céréaliers, couscous, cuit",2012-07-31,,20029.0,
4491,4491,20,3,"Grains, millet, dry","Grains céréaliers, millet, sec",2012-07-31,,20031.0,Panicum miliaceum
4492,4492,20,3,"Grains, millet, cooked","Grains céréaliers, millet, cuit",2012-07-30,,20032.0,
4493,4493,20,3,"Grains, oat bran, dry","Grains céréaliers, son d'avoine, sec",2012-07-31,,20033.0,
4494,4494,20,3,"Grains, oat bran, cooked","Grains céréaliers, son d'avoine, cuit",2012-07-31,,20034.0,
4495,4495,20,3,"Grains, quinoa, dry","Grains céréaliers, quinoa, sec",2012-07-31,,20035.0,Chenopodium quinoa Willd.
4496,4496,20,3,"Grains, rice, brown, long-grain, dry","Grains céréaliers, riz brun, grain long, sec",2012-07-31,,20036.0,Oryza sativa L.
4497,4497,20,3,"Grains, rice, brown, long-grain, cooked","Grains céréaliers, riz brun, grain long, cuit",2012-07-30,,20037.0,
4498,4498,20,3,"Grains, rye, dry","Grains céréaliers, seigle, sec",2013-01-10,,20062.0,Secale cereale L.
4499,4499,20,3,"Grains, rye flour, dark","Grains céréaliers, farine de seigle foncée",2012-07-31,,20063.0,
4500,4500,20,37,"Grains, wheat flour, whole wheat","Grains céréaliers, farine de blé entier",2012-07-30,,20080.0,
4501,4501,20,37,"Grains, wheat flour, white, all purpose, bleached","Grains céréaliers, farine de blé, blanche, tout usage, blanchie",2017-08-21,,20081.0,
4502,4502,20,3,"Pasta, fresh-refrigerated, plain, as purchased","Pâtes, fraîches-réfrigérées, nature, telles qu'achetées",2026-01-28,,20093.0,
4503,4503,20,3,"Pasta, fresh-refrigerated, plain, cooked","Pâtes, fraîches-réfrigérées, nature, cuites",2026-01-28,,20094.0,
4504,4504,20,3,"Pasta, fresh-refrigerated, spinach, as purchased","Pâtes, fraîches-réfrigérées, épinards, telles qu'achetées",2026-01-28,,20095.0,
4505,4505,20,3,"Pasta, fresh-refrigerated, spinach, cooked","Pâtes, fraîches-réfrigérées, épinards, cuites",2026-01-28,,20096.0,
4510,4510,20,1,"Pasta, macaroni (spirals), vegetable, enriched, dry","Pâtes, macaroni (spirales), légumes, enrichi, sec",2026-01-28,,20105.0,
4511,4511,20,1,"Pasta, macaroni (spirals), vegetable, enriched, cooked","Pâtes, macaroni (spirales), légumes, enrichi, cuit",2026-01-28,,20106.0,
4512,4512,20,1,"Pasta, egg noodles, enriched, dry","Pâtes, nouilles aux oeufs, enrichies, sèches",2026-01-28,,20109.0,
4513,4513,20,1,"Pasta, egg noodles, spinach, enriched, dry","Pâtes, nouilles aux oeufs, épinards, enrichies, sèches",2026-01-28,,20111.0,
4514,4514,20,1,"Pasta, egg noodles, spinach, enriched, cooked","Pâtes, nouilles aux oeufs, épinards, enrichies, cuites",2026-01-28,,20112.0,
4515,4515,20,1,"Pasta (spaghetti, macaroni), enriched, dry","Pâtes (spaghetti, macaroni), enrichi, sec",2026-01-28,,20120.0,
4516,4516,20,3,"Pasta, (spaghetti, macaroni), whole wheat, dry","Pâtes, (spaghetti, macaroni), blé entier, sec",2026-01-28,,20124.0,
4517,4517,20,3,"Pasta, (spaghetti, macaroni), whole wheat, cooked","Pâtes, (spaghetti macaroni), blé entier, cuit",2026-01-28,,20125.0,
4518,4518,20,1,"Pasta, spaghetti, spinach, enriched, dry","Pâtes, spaghetti, épinards, enrichi, sec",2026-01-28,,20126.0,
4519,4519,20,1,"Pasta, spaghetti, spinach, enriched, cooked","Pâtes, spaghetti, épinards, enrichi, cuit",2026-01-28,,20127.0,
4521,4521,20,3,"Pasta, egg noodles, unenriched, dry","Pâtes, nouilles aux oeufs, non enrichies, sèches",2026-01-28,,20409.0,
4522,4522,20,3,"Pasta (spaghetti, macaroni), unenriched, dry","Pâtes (spaghetti, macaroni), non enrichi, sec",2026-01-28,,20420.0,
4523,4523,20,3,"Grains, rice, white, long-grain, regular, cooked","Grains céréaliers, riz blanc, grain long, ordinaire, cuit",2026-01-28,,20445.0,
4525,4525,20,3,"Grains, rice, white, long-grain, regular, cooked, salt added","Grains céréaliers, riz blanc, grain long, ordinaire, cuit, sel ajouté",2026-01-28,,20545.0,
4528,4528,12,0,"Seeds, flaxseed (linseed), whole and ground","Graines, lin, entières et moulues",2026-01-28,,12220.0,Linum usitatissimum
4529,4529,20,20,"Grains, barley, malt, dry","Grains céréaliers, orge, malt, déshydraté",2012-07-31,,,
4530,4530,20,26,"Grains, wheat flour, white, high gluten","Grains céréaliers, farine de blé, blanche, teneur élevée en gluten",2012-07-31,,,
4532,4532,21,0,"Fast foods, breakfast, biscuit with egg","Aliments prêts à manger, déjeuner, biscuit poudre à pâte avec oeuf",2026-01-28,,21002.0,
4533,4533,21,0,"Fast foods, breakfast, biscuit with egg and bacon","Aliments prêts à manger, déjeuner, biscuit poudre à pâte avec oeuf et bacon",2026-01-28,,21003.0,
4534,4534,21,0,"Fast foods, breakfast, biscuit with egg and ham","Aliments prêts à manger, déjeuner, biscuit poudre à pâte avec oeuf et jambon",2026-01-28,,21004.0,
4535,4535,21,0,"Fast foods, breakfast, biscuit with egg and sausage","Aliments prêts à manger, déjeuner, biscuit poudre à pâte avec oeuf et saucisse",2026-01-28,,21005.0,
4536,4536,21,0,"Fast foods, breakfast, biscuit with egg and steak","Aliments prêts à manger, déjeuner, biscuit poudre à pâte avec oeuf et bifteck",2026-01-28,,21006.0,
4537,4537,21,0,"Fast foods, breakfast, biscuit with egg, cheese and bacon","Aliments prêts à manger, déjeuner, biscuit poudre à pâte avec oeuf, fromage et bacon",2026-01-28,,21007.0,
4538,4538,21,0,"Fast foods, breakfast, biscuit with ham","Aliments prêts à manger, déjeuner, biscuit poudre à pâte avec jambon",2026-01-28,,21008.0,
4539,4539,21,0,"Fast foods, breakfast, biscuit with sausage","Aliments prêts à manger, déjeuner, biscuit poudre à pâte avec saucisse",2026-01-28,,21009.0,
4541,4541,21,0,"Fast foods, breakfast, croissant with egg and cheese","Aliments prêts à manger, déjeuner, croissant avec oeuf et fromage",2026-01-28,,21011.0,
4542,4542,21,0,"Fast foods, breakfast, croissant with egg, cheese and bacon","Aliments prêts à manger, déjeuner, croissant avec oeuf, fromage et bacon",2026-01-28,,21012.0,
4543,4543,21,0,"Fast foods, breakfast, croissant with egg, cheese and ham","Aliments prêts à manger, déjeuner, croissant avec oeuf, fromage et jambon",2026-01-28,,21013.0,
4544,4544,21,0,"Fast foods, breakfast, croissant with egg, cheese and sausage","Aliments prêts à manger, déjeuner, croissant avec oeuf, fromage et saucisse",2026-01-28,,21014.0,
4548,4548,21,0,"Fast foods, egg, scrambled","Aliments prêts à manger, oeuf brouillé",2026-01-28,,21018.0,
4550,4550,21,0,"Fast foods, breakfast, english muffin with cheese and sausage","Aliments prêts à manger, déjeuner, muffin anglais avec fromage et saucisse",2026-01-28,,21020.0,
4551,4551,21,0,"Fast foods, breakfast, english muffin with egg, cheese and bacon","Aliments prêts à manger, déjeuner, muffin anglais avec oeuf, fromage et bacon",2026-01-28,,21021.0,
4552,4552,21,0,"Fast foods, breakfast, english muffin with egg, cheese and sausage","Aliments prêts à manger, déjeuner, muffin anglais avec oeuf, fromage et saucisse",2026-01-28,,21022.0,
4553,4553,21,0,"Fast foods, breakfast, french toast with butter","Aliments prêts à manger, déjeuner, pain doré avec beurre",2012-07-31,,21023.0,
4554,4554,21,0,"Fast foods, breakfast, french toast sticks","Aliments prêts à manger, déjeuner, bâtonnets de pain doré",2012-07-31,,21024.0,
4556,4556,21,0,"Fast foods, breakfast, potatoes, hashed brown","Aliments prêts à manger, déjeuner, pommes de terre rissolées",2026-01-28,,21026.0,
4557,4557,21,0,"Fast foods, dessert, ice cream, light, vanilla, soft serve with cone","Aliments prêts à manger, dessert, crème glacée, légère, vanille, molle avec cornet",2014-10-17,,21028.0,
4561,4561,21,0,"Fast foods, dessert, sundae, caramel","Aliments prêts à manger, dessert, coupe glacée (sundae), caramel",2012-07-24,,21032.0,
4562,4562,21,0,"Fast foods, dessert, sundae, hot fudge","Aliments prêts à manger, dessert, coupe glacée (sundae), chocolat chaud",2012-07-24,,21033.0,
4563,4563,21,0,"Fast foods, dessert, sundae, strawberry","Aliments prêts à manger, dessert, coupe glacée (sundae), fraises",2012-07-24,,21034.0,
4586,4586,21,0,"Fast foods, entree, shrimp, breaded and fried","Aliments prêts à manger, plat principal, crevettes, panées et frites",2012-07-04,,21059.0,
4587,4587,21,0,"Fast foods, mexican, burrito with beans","Aliments prêts à manger, mexicain, burrito avec haricots",2026-01-28,,21060.0,
4588,4588,21,0,"Fast foods, mexican, burrito with beans and cheese","Aliments prêts à manger, mexicain, burrito avec haricots et fromage",2026-01-28,,21061.0,
4590,4590,21,0,"Fast foods, mexican, burrito with beans and beef","Aliments prêts à manger, mexicain, burrito avec haricots et boeuf",2013-02-04,,21063.0,
4591,4591,21,0,"Fast foods, mexican, burrito with beans, cheese and beef","Aliments prêts à manger, mexicain, burrito avec haricots, fromage et boeuf",2012-06-28,,21064.0,
4605,4605,21,0,"Fast foods, mexican, nachos with cheese","Aliments prêts à manger, mexicain, nachos avec fromage",2026-01-28,,21078.0,
4607,4607,21,0,"Fast foods, mexican, nachos with cheese, beans, ground beef and tomatoes","Aliments prêts à manger, mexicain, nachos avec fromage, haricots, boeuf haché et tomates",2014-01-13,,21080.0,
4609,4609,21,0,"Fast foods, mexican, taco with beef, cheese and lettuce, hard shell","Aliments prêts à manger, mexicain, taco avec boeuf, fromage et laitue, coquille dure",2013-02-04,,21082.0,
4610,4610,21,0,"Fast foods, mexican, taco salad","Aliments prêts à manger, mexicain, salade de taco",2012-06-28,,21083.0,
4616,4616,21,0,"Fast foods, sandwiches and burgers, cheeseburger, regular, single patty, plain","Aliments prêts à manger, sandwichs et burgers, hambourgeois au fromage, ordinaire, 1 galette, nature",2026-01-28,,21089.0,
4617,4617,21,0,"Fast foods, sandwiches and burgers, cheeseburger, regular, single patty, with condiments","Aliments prêts à manger, sandwichs et burgers, hambourgeois au fromage, ordinaire, 1 galette, avec condiments",2026-01-28,,21090.0,
4618,4618,21,0,"Fast foods, sandwiches and burgers, cheeseburger, regular, single patty, with condiments and vegetables","Aliments prêts à manger, sandwichs et burgers, hambourgeois au fromage, ordinaire, 1 galette, avec condiments et légumes",2026-01-28,,21091.0,
4619,4619,21,0,"Fast foods, sandwiches and burgers, cheeseburger, regular, double patty, plain","Aliments prêts à manger, sandwichs et burgers, hambourgeois au fromage, ordinaire, 2 galettes, nature",2026-01-28,,21092.0,
4620,4620,21,0,"Fast foods, sandwiches and burgers, cheeseburger, regular, double patty, with condiments and vegetables","Aliments prêts à manger, sandwichs et burgers, hambourgeois au fromage, ordinaire, 2 galettes, avec condiments et légumes",2026-01-28,,21093.0,
4621,4621,21,0,"Fast foods, sandwiches and burgers, cheeseburger, regular, double patty and bun, with condiments","Aliments prêts à manger, sandwichs et burgers, hambourgeois au fromage, ordinaire, 2 galettes et pains, avec condiments",2026-01-28,,21094.0,
4622,4622,21,0,"Fast foods, sandwiches and burgers, cheeseburger, regular, double patty and bun, with condiments and vegetables","Aliments prêts à manger, sandwichs et burgers, hambourgeois au fromage, ordinaire, 2 galettes et pains, avec condiments et légumes",2026-01-28,,21095.0,
4623,4623,21,0,"Fast foods, sandwiches and burgers, cheeseburger, large, single patty, plain","Aliments prêts à manger, sandwichs et burgers, hambourgeois au fromage, gros, 1 galette, nature",2026-01-28,,21096.0,
4624,4624,21,0,"Fast foods, sandwiches and burgers, cheeseburger, large, single patty, with bacon and condiments","Aliments prêts à manger, sandwichs et burgers, hambourgeois au fromage, gros, 1 galette, avec bacon et condiments",2026-01-28,,21097.0,
4626,4626,21,0,"Fast foods, sandwiches and burgers, cheeseburger, large, single patty, with ham, condiments and vegetables","Aliments prêts à manger, sandwichs et burgers, hambourgeois au fromage, gros, 1 galette, avec jambon, condiments et légumes",2026-01-28,,21099.0,
4627,4627,21,0,"Fast foods, sandwiches and burgers, cheeseburger, large, double patty, with condiments and vegetables","Aliments prêts à manger, sandwichs et burgers, hambourgeois au fromage, gros, 2 galettes, avec condiments et légumes",2026-01-28,,21100.0,
4628,4628,21,0,"Fast foods, sandwiches and burgers, cheeseburger, large, triple patty, plain","Aliments prêts à manger, sandwichs et burgers, hambourgeois au fromage, gros, 3 galettes, nature",2026-01-28,,21101.0,
4629,4629,21,0,"Fast foods, sandwiches and burgers, chicken fillet sandwich, plain","Aliments prêts à manger, sandwichs et burgers, sandwich au filet de poulet, nature",2026-01-28,,21102.0,
4632,4632,21,0,"Fast foods, sandwiches and burgers, fish sandwich with tartar sauce","Aliments prêts à manger, sandwichs et burgers, sandwich au poisson avec sauce tartare",2012-06-28,,21105.0,
4633,4633,21,0,"Fast foods, sandwiches and burgers, fish sandwich with tartar sauce and cheese","Aliments prêts à manger, sandwichs et burgers, sandwich au poisson avec sauce tartare et fromage",2012-06-28,,21106.0,
4634,4634,21,0,"Fast foods, sandwiches and burgers, hamburger, regular, single patty, plain","Aliments prêts à manger, sandwichs et burgers, hambourgeois, ordinaire, 1 galette, nature",2026-01-28,,21107.0,
4635,4635,21,0,"Fast foods, sandwiches and burgers, hamburger, regular, single patty, with condiments","Aliments prêts à manger, sandwichs et burgers, hambourgeois, 1 galette, avec condiments",2026-01-28,,21108.0,
4636,4636,21,0,"Fast foods, sandwiches and burgers, hamburger, regular, single patty, with condiments and vegetables","Aliments prêts à manger, sandwichs et burgers, hambourgeois, ordinaire, 1 galette, avec condiments et légumes",2026-01-28,,21109.0,
4637,4637,21,0,"Fast foods, sandwiches and burgers, hamburger, regular, double patty, plain","Aliments prêts à manger, sandwichs et burgers, hambourgeois, ordinaire, 2 galettes, nature",2026-01-28,,21110.0,
4638,4638,21,0,"Fast foods, sandwiches and burgers, hamburger, regular, double patty, with condiments","Aliments prêts à manger, sandwichs et burgers, hambourgeois, ordinaire, 2 galettes, avec condiments",2026-01-28,,21111.0,
4639,4639,21,0,"Fast foods, sandwiches and burgers, hamburger, large, single patty, plain","Aliments prêts à manger, sandwichs et burgers, hambourgeois, gros, 1 galette, nature",2026-01-28,,21112.0,
4641,4641,21,0,"Fast foods, sandwiches and burgers, hamburger, large, triple patty, with condiments","Aliments prêts à manger, sandwichs et burgers, hambourgeois, gros, 3 galettes, avec condiments",2026-01-28,,21115.0,
4644,4644,21,0,"Fast foods, hot dog, plain","Aliments prêts à manger, hot-dog (chien-chaud), nature",2026-01-28,,21118.0,
4645,4645,21,0,"Fast foods, hot dog with chili","Aliments prêts à manger, hot-dog (chien-chaud) avec chili",2026-01-28,,21119.0,
4646,4646,21,0,"Fast foods, corn dog, wiener/sausage with cornflour coating","Aliments prêts à manger, saucisse avec enrobage de farine de maïs (saucisse sur bâtonnet)",2026-01-28,,21120.0,
4647,4647,21,0,"Fast foods, sandwiches and burgers, roast beef sandwich, plain","Aliments prêts à manger, sandwichs et burgers, sandwich au rôti de boeuf, nature",2026-01-28,,21121.0,
4648,4648,21,11,"Fast foods, sandwiches and burgers, roast beef sandwich with cheese","Aliments prêts à manger, sandwichs et burgers, sandwich au rôti de boeuf avec fromage",2026-01-28,,21122.0,
4649,4649,21,11,"Fast foods, sandwiches and burgers, steak sandwich","Aliments prêts à manger, sandwichs et burgers, sandwich au bifteck",2014-04-11,,21123.0,
4650,4650,21,0,"Fast foods, submarine sandwich on white bread, coldcuts with lettuce and tomatoes","Aliments prêts à manger, sandwich sous-marin fait avec pain blanc, viandes froides, laitue et tomates",2026-01-28,,21124.0,
4651,4651,21,0,"Fast foods, submarine sandwich on white bread, roast beef with lettuce and tomatoes","Aliments prêts à manger, sandwich sous-marin fait avec pain blanc, rôti de boeuf, laitue et tomates",2026-01-28,,21125.0,
4652,4652,21,0,"Fast foods, submarine sandwich on white bread, tuna salad with lettuce and tomatoes","Aliments prêts à manger, sandwich sous-marin fait avec pain blanc, salade de thon, laitue et tomates",2026-01-28,,21126.0,
4653,4653,21,0,"Fast foods, side dish, coleslaw","Aliments prêts à manger, plat d'accompagnement, salade de chou",2012-07-04,,21127.0,
4655,4655,21,0,"Fast foods, side dish, hush puppies","Aliments prêts à manger, plat d'accompagnement, galette hush puppies",2026-01-28,,21129.0,
4656,4656,21,0,"Fast foods, side dish, onion rings, breaded and fried","Aliments prêts à manger, plat d'accompagnement, rondelles d'oignon, panées et frites",2012-07-11,,21130.0,
4662,4662,21,11,"Fast foods, side dish, potato, french-fried in beef tallow","Aliments prêts à manger, plat d'accompagnement, pommes de terre, frites dans du suif de boeuf",2026-01-28,,,
4663,4663,21,11,"Fast foods, side dish, potato, french-fried in beef tallow and vegetable oil","Aliments prêts à manger, plat d'accompagnement, pommes de terre, frites dans du suif de boeuf et huile végétale",2026-01-28,,,
4664,4664,21,0,"Fast foods, side dish, potato, french-fried in vegetable oil","Aliments prêts à manger, plat d'accompagnement, pommes de terre, frites dans l'huile végétale",2026-01-28,,21138.0,
4665,4665,21,0,"Fast foods, side dish, potato, mashed","Aliments prêts à manger, plat d'accompagnement, pommes de terre, en purée",2026-01-28,,21139.0,
4666,4666,21,0,"Fast foods, side dish, potato salad","Aliments prêts à manger, plat d'accompagnement, salade de pommes de terre",2026-01-28,,21140.0,
4669,4669,21,3,"Fast foods, sandwiches and burgers, hamburger, large, double patty, with condiments and vegetables","Aliments prêts à manger, sandwichs et burgers, hamburgeois, gros, 2 galettes, avec condiments et légumes",2026-01-28,,21114.0,
4711,4711,1,37,"Milk, fluid, chocolate, partly skimmed, 1% M.F.","Lait, liquide, chocolat, partiellement écrémé, 1% M.G.",2026-01-28,,1104.0,
4721,4721,1,0,"Egg, chicken, white, dried","Oeuf, poule, blanc, déshydraté",2012-08-30,,1173.0,
4722,4722,1,0,"Cheese, cream, fat free","Fromage à la crème, sans gras",2026-01-28,,1186.0,
4723,4723,2,0,"Spices, rosemary, fresh","Épices, romarin, frais",2012-06-29,,2063.0,Rosmarinus officinalis
4724,4724,2,0,"Spices, peppermint, fresh","Épices, menthe poivrée, fraîche",2017-04-25,,2064.0,Mentha X piperita nothossp. peperita
4725,4725,2,0,"Spices, spearmint, fresh","Épices, menthe verte, fraîche",2012-06-29,,2065.0,Mentha spicata
4726,4726,2,0,"Spices, spearmint, dried","Épices, menthe verte, déshydratée",2012-06-29,,2066.0,
4727,4727,6,0,"Sauce, plum, ready-to-serve","Sauce, prunes, prête-à-servir",2026-01-28,,6151.0,
4728,4728,6,0,"Soup, stock, fish, homemade","Soupe, bouillon, poisson, faite maison",2012-07-03,,6174.0,
4729,4729,6,0,"Sauce, hoisin, ready-to-serve","Sauce, hoisin, prête-à-servir",2012-09-07,,6175.0,
4730,4730,6,0,"Sauce, oyster, ready-to-serve","Sauce, huîtres, prête-à-servir",2012-06-29,,6176.0,
4731,4731,6,0,"Sauce, fish, ready-to-serve","Sauce, poisson, prête-à-servir",2012-06-29,,6179.0,
4733,4733,6,0,"Sauce, cheese sauce mix, dry, unprepared","Sauce, fromage, mélange sec, non préparé",2012-06-29,,6720.0,
4734,4734,6,0,"Sauce, cheese, ready-to-serve","Sauce, fromage, prête-à-sevir",2012-07-24,,6930.0,
4735,4735,6,0,"Sauce, pasta, spaghetti or marinara, ready-to-serve","Sauce, pâtes, spaghetti ou marinara, prête-à-servir",2015-01-14,,6931.0,
4736,4736,11,0,"Tomato, red, ripe, canned, crushed","Tomate, rouge, mûre, conserve, broyée",2016-03-22,,11693.0,
4745,4745,13,0,"Beef, brisket, whole, lean and fat, 3mm (1/8) trim, raw","Boeuf, pointe de poitrine, entier, maigre et gras, 3mm (1/8) paré, cru",2026-01-28,,13803.0,
4746,4746,13,0,"Beef, brisket, whole, lean and fat, 3mm (1/8) trim, braised","Boeuf, pointe de poitrine, entier, maigre et gras, 3mm (1/8) paré, braisé",2026-01-28,,13804.0,
4757,4757,13,0,"Beef, hip, rump roast, lean and fat, 3mm (1/8) trim, raw","Boeuf, cuisse, rôti de croupe, maigre et gras, 3mm (1/8) trim, cru",2026-01-28,,13866.0,
4758,4758,13,0,"Beef, hip, rump roast, lean and fat, 3mm (1/8) trim, broiled","Boeuf, cuisse, rôti de croupe, maigre et gras, 3mm (1/8) paré, grillé",2012-06-15,,13867.0,
4776,4776,14,0,"Hot chocolate with marshmallows, powder, mix","Chocolat chaud avec guimauves, mélange sec",2026-01-28,,14195.0,
4777,4777,14,0,"Hot chocolate, rich, mix, powder","Chocolat chaud, onctueux, mélange sec",2026-01-28,,14197.0,
4779,4779,14,0,"Coffee, brewed, espresso, restaurant prepared","Café infusé, espresso, préparation restaurant",2026-01-28,,14210.0,
4780,4780,14,37,"Plant-based beverage, rice beverage, plain, unsweetened, fortified, shelf-stable","Boisson à base de plantes, riz, nature, non sucrée, enrichie, longue conservation",2026-02-11,,14639.0,
4781,4781,17,23,"Lamb, Canadian, composite cuts, lean and fat, 3mm (1/8) trim, raw","Agneau, canadien, coupes diverses, maigre et gras, 3mm (1/8) paré, cru",2012-06-22,,17226.0,
4782,4782,17,23,"Lamb, Canadian, composite cuts, lean and fat, 3mm (1/8), cooked","Agneau, canadien, coupes diverses, maigre et gras, 3mm (1/8), cuit",2012-06-22,,17227.0,
4783,4783,17,23,"Lamb, Canadian, foreshank, lean and fat, 3mm trim (1/8''), raw","Agneau, canadien, jarret, maigre et gras, 3mm paré (1/8''), cru",2014-07-07,,,
4784,4784,17,23,"Lamb, Canadian, foreshank, lean and fat, 3mm (1/8) trim, cooked","Agneau, canadien, jarret, maigre et gras, 3mm (1/8) paré, braisé",2014-07-07,,,
4785,4785,17,23,"Lamb, Canadian, leg, whole, lean and fat, 3mm (1/8) trim, raw","Agneau, canadien, gigot, entier, maigre et gras, 3mm (1/8) paré, cru",2012-06-22,,,
4786,4786,17,23,"Lamb, Canadian, leg, whole, lean and fat, 3mm (1/8) trim, cooked","Agneau, canadien, gigot, entier, maigre et gras, 3mm (1/8) paré, rôti",2012-06-22,,,
4791,4791,17,23,"Lamb, Canadian, loin, lean and fat, 3mm (1/8) trim, raw","Agneau, canadien, longe, maigre et gras, 3mm (1/8) paré, cru",2012-06-22,,,
4792,4792,17,23,"Lamb, Canadian, loin, lean and fat, 3mm (1/8) trim, cooked","Agneau, canadien, longe, maigre et gras, 3mm (1/8) paré, grillé",2012-06-22,,,
4794,4794,17,23,"Lamb, Canadian, rib, lean and fat, 3mm (1/8) trim, raw","Agneau, canadien, côte, maigre et gras, 3mm (1/8) paré, cru",2012-06-22,,,
4795,4795,17,23,"Lamb, Canadian, rib, lean and fat, 3mm (1/8) trim, cooked","Agneau, canadien, côte, maigre et gras, 3mm (1/8) paré, grillé",2012-06-22,,,
4797,4797,17,23,"Lamb, Canadian, shoulder, whole, lean and fat, 3mm (1/8) trim, raw","Agneau, canadien, épaule, entier, maigre et gras, 3mm (1/8) paré, cru",2012-06-22,,,
4800,4800,17,23,"Lamb, Canadian, shoulder, whole, lean and fat, 3mm (1/8) trim, cooked","Agneau, canadien, épaule, entier, maigre et gras, 3mm (1/8) paré, rôti",2026-01-28,,,
4809,4809,17,0,"Lamb, New Zealand, frozen, composite, lean and fat, 3mm (1/8) trim, raw","Agneau, Nouvelle-Zélande, congelés, coupes diverses, maigre et gras, 3mm (1/8) paré, cru",2012-06-22,,17254.0,
4810,4810,17,0,"Lamb, New Zealand, frozen, composite, lean and fat, 3mm (1/8) trim, cooked","Agneau, Nouvelle-Zélande, congelé, coupes diverses, maigre et gras, 3mm (1/8) paré, cuit",2012-06-22,,17255.0,
4811,4811,17,0,"Lamb, New Zealand, frozen, foreshank, separable lean and fat, 3mm (1/8) trim, raw","Agneau, Nouvelle-Zélande, congelé, jarret, maigre et gras, 3mm (1/8) paré, cru",2012-06-22,,17256.0,
4812,4812,17,0,"Lamb, New Zealand, frozen, foreshank, separable lean and fat, 3mm (1/8) trim, braised","Agneau, Nouvelle-Zélande, congelé, jarret, maigre et gras, 3mm (1/8) paré, braisé",2012-06-22,,17257.0,
4813,4813,17,0,"Lamb, New Zealand, frozen, leg, whole, lean and fat, 3mm (1/8) trim, raw","Agneau, Nouvelle-Zélande, congelé, gigot, entier, maigre et gras, 3mm (1/8) paré, cru",2014-10-20,,17258.0,
4814,4814,17,0,"Lamb, New Zealand, frozen, leg, whole, lean and fat, 3mm (1/8) trim, roasted","Agneau, Nouvelle-Zélande, congelé, gigot, entier, maigre et gras, parures de 3mm (1/8), rôti",2014-10-20,,17259.0,
4815,4815,17,0,"Lamb, New Zealand, frozen, loin, separable lean and fat, 3mm (1/8) trim, raw","Agneau, Nouvelle-Zélande, congelé, longe, maigre et gras, parures de 3mm (1/8), cru",2012-06-22,,17260.0,
4816,4816,17,0,"Lamb, New Zealand, frozen, loin, separable lean and fat, 3mm (1/8) trim, broiled","Agneau, Nouvelle-Zélande, congelé, longe, maigre et gras, parures de 3mm (1/8), grillé",2012-06-22,,17261.0,
4817,4817,17,0,"Lamb, New Zealand, frozen, rib, lean and fat, 3mm (1/8) trim, raw","Agneau, Nouvelle-Zélande, congelé, côte, maigre et gras, parures de 3mm (1/8), cru",2012-06-22,,17262.0,
4818,4818,17,0,"Lamb, New Zealand, frozen, rib, lean and fat, 3mm (1/8) trim, roasted","Agneau, Nouvelle-Zélande, congelé, côte, maigre et gras, parures de 3mm (1/8), rôti",2012-06-22,,17263.0,
4819,4819,17,0,"Lamb, New Zealand, frozen, shoulder, whole, separable lean and fat, 3mm (1/8) trim, raw","Agneau, Nouvelle-Zélande, congelé, épaule, entier, maigre et gras, parures de 3mm (1/8), cru",2012-06-22,,17264.0,
4820,4820,17,0,"Lamb, New Zealand, frozen, shoulder, whole, separable lean and fat, 3mm (1/8) trim, braised","Agneau, Nouvelle-Zélande, congelé, épaule, entier, maigre et gras, parures de 3mm (1/8), braisée",2012-07-04,,17265.0,
4821,4821,18,0,"Cake, pound, commercial, fat free","Gâteau quatre-quarts, préparation commerciale, sans gras",2026-01-28,,18451.0,
4823,4823,18,0,"Cake, yellow, light, dry mix, unprepared","Gâteau, jaune, léger, mélange sec, non préparé",2012-08-01,,18453.0,
4828,4828,19,0,"Candies, confectioner's coating, yogourt (yogurt)","Bonbons, enrobés de yogourt",2026-01-28,,19079.0,
4829,4829,19,0,"Candies, halavah (halvah), plain","Bonbons, halavah (halvah), nature",2026-01-28,,19117.0,
4830,4830,19,0,"Sweets, baking chocolate, M&M's Semisweet Chocolate Mini Baking Bits","Confiseries, chocolat à cuisson, M&M's mi-sucré, petites brisures",2026-01-28,,19139.0,
4831,4831,19,0,"Sweets, baking chocolate, milk chocolate, mini bits","Confiseries, chocolat à cuisson, chocolat au lait, petites brisures",2026-01-28,,19146.0,
4832,4832,19,0,"Candies, M&M's, mini milk chocolate","Bonbons, M&M's, petits chocolats au lait",2026-01-28,,19157.0,
4833,4833,19,0,"Dessert, frozen, ices, Italian, restaurant prepared","Dessert, congelé, glacé, italien, préparation restaurant",2026-01-28,,19281.0,
4839,4839,5,0,"Duck, young duckling, domestic, White Pekin, breast, meat and skin, boneless, roasted","Canard, caneton, domestique, canard de Pékin, poitrine, viande et peau, désossé, rôti",2026-01-28,,5315.0,Anas platyrhynchos
4840,4840,5,0,"Duck, duckling, domestic, Pekin, breast, meat only, boneless, cooked without skin, broiled","Canard, caneton, domestique, Pékin, poitrine, viande, sans os, cuit sans peau, grillé",2026-01-28,,5316.0,Anas platyrhynchos
4841,4841,5,0,"Duck, duckling, domestic, Pekin, leg, meat only, bone in, cooked without skin, braised","Canard, caneton, domestique, Pékin, cuisse, viande, non désossé, cuit sans peau, braisé",2026-01-28,,5318.0,Anas platyrhynchos
4843,4843,7,0,"Deli-meat, chicken breast (honey glazed)","Charcuterie, poulet, poitrine (glacé au miel)",2026-01-28,,7209.0,
4845,4845,9,0,"Mangosteen, canned, syrup pack","Mangoustan, conserve, sirop",2026-01-28,,9177.0,Garcinia mangostana
4846,4846,9,0,"Jackfruit, canned, syrup pack","Jaquier, conserve, sirop",2026-01-28,,9420.0,Artocarpus heterophyllus
4847,4847,9,0,"Durian, raw or frozen","Durion, cru ou congelé",2012-07-11,,9422.0,Durio zibethinus
4848,4848,11,0,"Cucumber, peeled, raw","Concombre, pelé, cru",2026-01-28,,11206.0,Cucumis sativus
4849,4849,11,0,"Tomato, yellow, raw","Tomate, jaune, crue",2014-01-09,,11696.0,Solanum lycopersicum
4850,4850,11,0,"Arrowroot, raw","Arrowroot, cru",2026-01-28,,11697.0,Maranta arundinacea
4851,4851,11,0,"Broccoli, chinese, cooked","Brocoli, chinois, cuit",2012-07-11,,11969.0,
4853,4853,11,0,"Lemon grass (citronella), raw","Citronelle (lemon-grass), crue",2012-07-03,,11972.0,Collinsonia canadensis
4854,4854,11,0,"Broadbeans (fava beans), in pod, raw","Gourganes (fèves des marais, fava), cosses, crues",2026-01-28,,11973.0,Vica faba
4855,4855,11,0,"Grape leaves (vine leaves), raw","Raisin, feuilles (feuilles de vigne), crues",2012-07-11,,11974.0,Vitis vinifera
4856,4856,11,0,"Grape leaves (vine leaves), canned","Raisin, feuilles (feuilles de vigne), conserve",2026-01-28,,11975.0,
4857,4857,11,0,"Pepper, banana, raw","Piment, banane, cru",2012-07-11,,11976.0,
4858,4858,11,0,"Pepper, serrano, raw","Piment, serrano, cru",2013-01-16,,11977.0,capsicum anuum
4859,4859,11,0,"Pepper, ancho, dried","Piment, ancho, déshydraté",2012-06-21,,11978.0,
4860,4860,11,0,"Pepper, jalapeno, raw","Piment, jalapeno, cru",2012-07-11,,11979.0,
4861,4861,11,0,"Pepper, chili, green, canned","Piment, chili, vert, conserve",2012-07-11,,11980.0,
4862,4862,11,0,"Pepper, Hungarian, raw","Piment, hongrois, cru",2012-07-11,,11981.0,
4863,4863,11,0,"Pepper, pasilla, dried","Piment, pasilla, déshydraté",2012-06-21,,11982.0,
4864,4864,11,0,"Epazote, raw","Anserine, crue",2026-01-28,,11984.0,Chenopodium ambrosiodes
4865,4865,11,28,"Fireweed, Indigenous, leaves, raw","Épilobe à feuilles étroites, autochtone, feuilles, crues",2026-01-28,,11985.0,Epilobium angustifolium
4866,4866,11,0,"Mushroom, oyster, raw","Champignon, pleurote, cru",2013-02-12,,11987.0,pleurotus ostreatus
4867,4867,11,0,"Mushroom, straw, canned, drained solids","Champignon, paille de riz, conserve, égoutté",2012-07-11,,11989.0,
4868,4868,11,0,"Wasabi, root, (Japanese horseradish), raw","Wasabi, racine, (raifort japonais), crue",2012-07-11,,11990.0,Wasabia japonica
4869,4869,16,0,"Lentils, pink, mature seeds, dry","Lentilles, roses, grains mûrs, secs",2012-06-19,,16144.0,Lens culinaris
4870,4870,16,0,"Hummus, commercial","Hoummos (hommos, hummus), commercial",2026-01-28,,16158.0,
4871,4871,20,0,"Grains, corn flour, degermed, unenriched, yellow","Grains céréaliers, farine de maïs, dégermée, non enrichie, jaune",2012-07-31,,20018.0,
4872,4872,20,0,"Grains, barley flour","Grains céréaliers, farine ou semoule d'orge",2012-07-31,,20130.0,
4873,4873,20,0,"Grains, barley, malt flour","Grains céréaliers, farine d'orge, malt",2012-07-31,,20131.0,
4874,4874,20,0,"Pasta, rice noodles, cooked","Pâtes, nouilles de riz, cuites",2026-01-28,,20134.0,
4875,4875,5,0,"Duck, duckling, domestic, Pekin, leg, meat and skin, bone in, roasted","Canard, caneton, domestique, Pékin, cuisse, viande et peau, non désossé, rôti",2026-01-28,,5317.0,Anas platyrhynchos
4878,4878,9,0,"Rambutan, canned, syrup pack","Ramboutan / litchi chevelu, conserve, sirop",2026-01-28,,9301.0,Nephelium lappaceum
4879,4879,9,0,Prune puree,"Pruneau, purée",2012-07-11,,9423.0,
4880,4880,11,0,"Tomato, orange, raw","Tomate, orange, crue",2012-07-11,,11695.0,Solanum lycopersicum
4881,4881,11,0,"Chrysanthemum leaves, raw","Chrysantheme, feuilles, crues",2012-07-11,,11698.0,Chrysanthemum coronarium
4882,4882,11,0,"Cabbage, napa, cooked","Chou, napa, cuit",2012-07-11,,11970.0,Brassica pekinensis
4883,4883,11,0,"Malabar spinach, cooked","Épinards blancs de Malabar (baselle blanche), cuits",2012-07-11,,11986.0,
4884,4884,11,0,"Mushroom, fungi, Cloud ears, dried","Champignon, Cloud ears, déshydratés",2012-06-21,,11988.0,
4885,4885,11,0,"Yautia (tannier), raw","Yautia (tannier, chou des Caraibes), cru",2012-07-11,,11991.0,Xanthosoma sagittifolium
4886,4886,16,0,Chickpea flour (besan),"Pois chiches, farine (besan)",2026-01-28,,16157.0,
4887,4887,25,0,"Snacks, Rice Krispies squares","Grignotises, carrés aux Rice Krispies",2026-01-28,,19438.0,
4888,4888,20,0,"Pasta, rice noodles, dry","Pâtes, nouilles de riz, sèches",2026-01-28,,20133.0,
4890,4890,2,0,"Capers, canned","Câpres, conserve",2012-07-03,,2054.0,Capparis spinosa
4891,4891,2,0,"Horseradish, prepared","Raifort, préparé",2012-07-03,,2055.0,
4903,4903,6,11,"Soup, Nissin, Oodles of Noodles Top Ramen, ramen noodles, oriental flavour, dry","Soupe, Nissin, Oodles of Noodles Top Ramen, nouilles ramen, saveur orientale, sèches",2020-10-15,,,
4904,4904,6,11,"Soup, Nissin, Cup Noodles, ramen noodle, chicken flavour, dry","Soupe, Nissin, Cup Noodles, nouilles ramen, saveur de poulet, sèches",2020-10-15,,,
4905,4905,6,0,"Sauce, Alfredo, dehydrated","Sauce, Alfredo, déshydratée",2012-08-31,,6960.0,
4906,4906,11,0,"Fiddlehead greens (ferns), raw","Crosses de fougères (têtes de violon), crues",2026-01-28,,11995.0,Matteuccia struthioreris
4909,4909,16,0,"Tofu, regular, soft or firm, prepared with magnesium chloride (nigari)","Tofu, régulier, mou, ou ferme, préparé avec chlorure de magnésium (nigari)",2012-06-19,,16159.0,
4910,4910,16,0,"Tofu, silken, soft, shelf stable","Tofu, soyeux, mou, à longue durée de conservation",2019-10-17,,16161.0,
4911,4911,16,0,"Tofu, silken, firm, shelf stable","Tofu, soyeux, ferme, à longue durée de conservation",2019-10-17,,16162.0,
4912,4912,16,0,"Tofu, silken, extra firm, shelf stable","Tofu, soyeux, extra ferme, à longue durée de conservation",2019-10-17,,16163.0,
4913,4913,16,0,"Tofu, silken, light, firm","Tofu, soyeux, léger, ferme",2012-06-19,,16164.0,
4914,4914,16,0,"Tofu, silken, light, extra firm","Tofu, soyeux, léger, extra ferme",2012-06-19,,16165.0,
4915,4915,18,0,"Cracker, cheese, reduced fat","Craquelin, fromage, teneur réduite en gras",2026-01-28,,18965.0,
4917,4917,19,0,"Dessert, frozen, ice cream, light, with aspartame, vanilla","Dessert, congelé, crème glacée, légère, avec aspartame, vanille",2026-01-28,,19260.0,
4919,4919,22,0,"Macaroni and cheese, canned entree","Macaroni au fromage, conserve",2026-01-28,,22247.0,
4925,4925,22,0,"Pasta with sliced franks in tomato sauce, canned","Pâtes avec saucisses tranchées, sauce aux tomates, conserve",2012-06-28,,22522.0,
4931,4931,22,11,"Chicken breast with broccoli and cheese stuffing, frozen","Poitrine de poulet farcie au brocoli et fromage, congelée",2012-10-01,,,
4933,4933,22,11,"Macaroni and beef in tomato sauce, frozen","Macaroni et boeuf, sauce aux tomates, congelé",2026-01-28,,,
4935,4935,22,11,"Beef pot roast with whipped potatoes, frozen","Boeuf de type pot-au-feu avec pommes de terre fouettées, congelé",2026-01-28,,22578.0,
4936,4936,22,11,"Creamed chipped beef, frozen","Languettes de boeuf, sauce crémeuse, congelées",2012-06-28,,22579.0,
4939,4939,22,37,"Frozen entree, oriental beef with rice and vegetables, heated","Met surgelé, b?uf oriental avec riz et légumes, réchauffé",2026-01-28,,22582.0,
4940,4940,22,11,"Salisbury steak in gravy with macaroni and cheese, frozen","Bifteck Salisbury en sauce avec macaroni et fromage, congelé",2012-06-28,,22583.0,
4941,4941,22,11,"Stuffed cabbage with meat in tomato sauce and whipped potatoes, frozen","Choux farcis à la viande dans une sauce aux tomates et pommes de terre fouettées, congelés",2026-01-28,,22585.0,
4942,4942,22,11,"Breakfast, scrambled eggs & sausage with hashed brown potatoes, frozen","Déjeuner, oeufs brouillés, saucisse et pommes de terre rissolées, congelés",2026-01-28,,22595.0,
4954,4954,22,11,"Chicken nuggets, macaroni in cheese sauce, corn in a seasoned sauce and chocolate pudding, frozen","Croquettes de poulet, macaroni au fromage, maïs en sauce et pouding au chocolat, congelé",2026-01-28,,22690.0,
4962,4962,22,37,"Pizza, cheese and pepperoni, frozen, cooked","Pizza, fromage et pepperoni, congelée, cuite",2026-01-28,,22903.0,
4963,4963,22,0,"Chili con carne with beans, canned","Chili con carne avec haricots, conserve",2026-01-28,,22904.0,
4964,4964,22,0,"Beef stew, canned","Ragoût de boeuf, conserve",2012-06-28,,22905.0,
4965,4965,22,0,"Chicken pot pie, frozen, prepared","Pâté au poulet, congelé, préparé",2012-06-28,,22906.0,
4970,4970,2,0,"Sauce, mustard, yellow, ready-to-serve","Sauce, moutarde, jaune, prête-à-servir",2012-09-07,,2046.0,
4973,4973,11,0,"Mushroom, portabella (portobello), raw","Champignon, portobella (portobello), cru",2026-01-28,,11265.0,
4974,4974,11,0,"Mushroom, brown, Italian (crimini), raw","Champignon, bruns, italien (crimini), cru",2012-07-11,,11266.0,Agaricus bisporus
4975,4975,12,0,"Nuts, macadamia, dry roasted, unsalted","Noix, macadamia, rôties à sec, sans sel",2026-01-28,,12132.0,
4976,4976,12,0,"Nuts, macadamia, dry roasted, salt added","Noix, macadamia, rôties à sec, sel ajouté",2012-06-19,,12632.0,
4979,4979,14,0,"Carbonated drinks, cola with aspartame, decaffeinated","Boissons gazeuses, cola avec aspartame, décaféiné",2026-01-28,,14146.0,
4980,4980,14,0,"Carbonated drinks, cola, decaffeinated","Boissons gazeuses, cola, décaféiné",2026-01-28,,14147.0,
4981,4981,14,0,"Coffee, brewed, prepared with municipal water, decaffeinated","Café infusé, préparé avec eau municipale, décaféiné",2012-06-29,,14201.0,
4983,4983,14,11,"Coffee, instant, French vanilla, with artificial sweetener, fat free, low calorie, powder","Café instantané, vanille française, avec édulcorant artificiel, sans gras, hypocalorique, poudre",2026-01-28,,,
4985,4985,14,0,"Tea, brewed, prepared with tap water, decaffeinated","Thé infusé, préparé avec de l'eau de robinet, décaféiné",2026-01-28,,14352.0,
4986,4986,16,0,"Soybean, fermented products, Tempeh (tempe), cooked","Soya, produits fermentés, tempeh (tempe), cuit",2026-01-28,,16174.0,
4988,4988,17,0,"Game meat, bison, top sirloin, separable lean only, raw","Gibier, viande de, bison, haut de surlonge, maigre, cru",2012-06-22,,17267.0,Bison bison
4989,4989,17,0,"Game meat, bison, rib eye, lean, raw","Gibier, viande de, bison, faux-filet, maigre, cru",2026-01-28,,17268.0,Bison bison
4990,4990,18,0,"Waffle, whole wheat, low fat","Gaufre, blé entier, faible en gras",2026-01-28,,18506.0,
4991,4991,18,0,"Muffin, blueberry flavour (artificial), dry mix, unprepared","Muffin, bleuets, saveur artificielle, mélange sec, non préparé",2012-08-01,,18566.0,
4993,4993,17,0,"Game meat, bison, shoulder, separable lean only, raw","Gibier, viande de, bison, épaule, maigre, cru",2026-01-28,,17269.0,Bison bison
4994,4994,18,0,"Toaster pastry, fruit (strawberry, cherry, apple), low fat","Tartelette grille-pain, fruits (fraises, cerises, pommes) faible en gras",2026-01-28,,18497.0,
4995,4995,13,23,"Beef, ground, medium, crumbled, pan-fried","Boeuf, haché, mi-maigre, émietté, sauté",2026-01-28,,23575.0,
4996,4996,13,1,"Beef, ground, extra lean, raw","Boeuf, haché, extra maigre, cru",2026-01-28,,23562.0,
4997,4997,13,23,"Beef, ground, extra lean, patty, pan-fried","Boeuf, haché, extra maigre, galette de, sauté",2026-01-28,,23564.0,
4998,4998,13,23,"Beef, ground, extra lean, crumbled, pan-fried","Boeuf, haché, extra maigre, émietté, sauté",2026-01-28,,23565.0,
5001,5001,6,11,"Sauce, nacho cheese sauce, ready-to-serve","Sauce, sauce au fromage pour nacho, prête-à-servir",2012-10-01,,,
5002,5002,7,37,"Deli-meat, turkey breast, cooked, fat free, sliced","Charcuterie, poitrine de dinde, cuite, sans gras, tranchée",2026-01-28,,7239.0,
5009,5009,13,23,"Beef, ground, lean, crumbled, pan-fried","Boeuf, haché, maigre, émietté, sauté",2026-01-28,,23570.0,
5010,5010,13,23,"Beef, ground, regular, crumbled, not rinsed, pan-fried","Boeuf, haché, régulier, émietté, non rinsé, sauté",2026-01-28,,23580.0,
5011,5011,13,23,"Beef, ground, regular, crumbled, pan-fried, rinsed","Boeuf, haché, régulier, émietté, sauté, rinsé",2026-01-28,,23580.0,
5067,5067,8,26,"Cereal, ready to eat, Chex: honey nut, General Mills","Céréale, prête-à-manger, Chex: miel et noix, General Mills",2012-09-13,,,
5069,5069,8,37,"Cereal, ready to eat, Nesquik, General Mills","Céréale, prête-à-manger, Nesquik, General Mills",2012-07-31,,,
5081,5081,8,26,"Cereal, hot, oats (oatmeal), instant: dinosaur eggs, dry, Quaker","Céréale, chaude, avoine (gruau), instantanée: dinosoeufs, sèche, Quaker",2016-01-22,,,
5082,5082,8,26,"Cereal, hot, oats (oatmeal), instant: cookies and cream, dry, Quaker","Céréale, chaude, avoine (gruau), instantanée: biscuits et crème, sèche, Quaker",2012-08-01,,,
5084,5084,8,26,"Cereal, hot, oats (oatmeal), instant: golden honey with bran, dry, Quaker","Céréale, chaude, avoine (gruau), instantanée: miel avec son, sèche, Quaker",2012-08-01,,,
5088,5088,8,26,"Cereal, hot, oats (oatmeal), instant: Wild Berry Medley, dry, Quaker","Céréale, chaude, avoine (gruau), instantanée: fruits sauvages, sèche, Quaker",2012-08-01,,,
5112,5112,8,26,"Cereal, ready to eat, Alpen: low fat, unsalted, without sugar, Weetabix","Céréale, prête-à-manger, Alpen: faible en gras, sans sel, sans sucre, Weetabix",2026-01-28,,,
5113,5113,8,26,"Cereal, ready to eat, Grainshop, Weetabix","Céréale, prête-à-manger, Grainshop, Weetabix",2012-07-31,,,
5114,5114,8,37,"Cereal, ready to eat, Kashi: honey puffed, Kashi","Céréale, prête-à-manger, Kashi: soufflée au miel, Kashi",2012-07-30,,,
5124,5124,8,37,"Cereal, ready to eat, Kashi: high fibre flakes and granola, Kashi","Céréale, prête-à-manger, Kashi: élevée en fibre et granola, Kashi",2026-01-28,,,
5132,5132,8,26,"Cereal, ready to eat, Morning Crisp: strawberry, Jordans","Céréale, prête-à-manger, Morning Crisp: fraises, Jordans",2012-07-30,,,
5133,5133,8,26,"Cereal, ready to eat, Morning Crisp: chocolate, Jordans","Céréale, prête-à-manger, Morning Crisp: chocolat, Jordans",2012-07-30,,,
5134,5134,8,26,"Cereal, ready to eat, Morning Crisp: four nut, Jordans","Céréale, prête-à-manger, Morning Crisp: quatre noix, Jordans",2012-07-30,,,
5135,5135,8,26,"Cereal, ready to eat, Muesli: organic, Jordans","Céréale, prête-à-manger, Muesli: biologique, Jordans",2012-07-30,,,
5136,5136,8,26,"Cereal, ready to eat, Muesli: supreme, Jordans","Céréale, prête-à-manger, muesli: suprême, Jordans",2012-07-30,,,
5137,5137,8,26,"Cereal, ready to eat, Shredded Wheat: honey nut, Post","Céréale, prête-à-manger, Shredded Wheat: miel et noix, Post",2012-07-30,,,
5139,5139,8,37,"Cereal, ready to eat, Selects, Cranberry Almond Crunch, Post","Céréale, prête-à-manger, Selects, Cranberry Almond Crunch, Post",2012-07-30,,,
5143,5143,8,26,"Cereal, hot, oats (oatmeal), Quick: Robin Hood, dry, Robin Hood","Céréale, chaude, avoine (gruau), Rapide: Robin Hood, sèche, Robin Hood",2012-08-01,,,
5144,5144,8,26,"Cereal, ready to eat, Apple Cinnamon Hoops, Barbara's Bakery","Céréale, prête-à-manger, 'O' pommes cannelles, Barbara's Bakery",2012-07-31,,,
5145,5145,8,26,"Cereal, ready to eat, Puffins: cinnamon, Barbara's Bakery","Céréale, prête-à-manger, Puffins: cannelle, Barbara's Bakery",2012-07-31,,,
5148,5148,8,26,"Cereal, ready to eat, Hole n' Oats, Honey Nut, Barbara's Bakery","Céréale, prête-à-manger, avoine en O miel et noix, Barbara's Bakery",2012-07-31,,,
5153,5153,8,26,"Cereal, ready to eat, Corn Dunks, President's Choice","Céréale, prête-à-manger, Dribble-O-Maïs, Choix du Président",2012-07-31,,,
5155,5155,8,26,"Cereal, ready to eat, Granola: with raisins and almonds, Blue Menu, President's Choice","Céréale, prête-à-manger, granola: avec raisins secs et amandes, Menu bleu, Choix du Président",2012-07-30,,,
5158,5158,8,26,"Cereal, ready to eat, Granola:with honey and almonds, Organics, President's Choice","Céréale, prête-à-manger, granola: au miel et aux amandes, biologique, Choix du Président",2012-07-30,,,
5161,5161,8,26,"Cereal, ready to eat, Frosted Flakes: lightly toasted, President' Choice","Céréale, prête-à-manger, flocons givrés légèrement grillés, Choix du Président",2012-07-31,,,
5168,5168,8,26,"Cereal, ready to eat, Bran Flakes, too good to be true, President's Choice","Céréale, prête-à-manger, flocons de son, bon au possible, Choix du Président",2012-11-06,,,
5173,5173,5,37,"Turkey, tom, breast, meat only, raw","Dindon, jeune, poitrine, viande seulement, cru",2012-06-28,,5710.0,Meleagris gallopavo
5174,5174,3,37,"Babyfood, cereal, ready-to-eat, 'O' Shaped with whole milk","Aliment pour bébé, céréale, prête-à-manger, en forme de 'O', avec lait entier",2026-01-28,,,
5175,5175,5,37,"Turkey, tom, drumstick, meat only, raw","Dindon, jeune, pilon, viande seulement, cru",2012-06-28,,5716.0,Meleagris gallopavo
5176,5176,5,37,"Turkey, tom, thigh, meat only, raw","Dindon, jeune, haut de cuisse, viande seulement, cru",2012-06-28,,5717.0,Meleagris gallopavo
5178,5178,5,37,"Turkey, tom, leg, meat only, raw","Dindon, jeune, cuisse, viande seulement, cru",2012-06-28,,5187.0,Meleagris gallopavo
5179,5179,5,37,"Turkey, tom, wing, meat only, raw","Dindon, jeune, aile, viande seulement, cru",2012-06-28,,5712.0,Meleagris gallopavo
5180,5180,5,37,"Turkey, tom, breast, meat, roasted","Dindon, jeune, poitrine, viande, rôti",2012-06-19,,5711.0,
5181,5181,5,37,"Turkey, tom, drumstick, meat, roasted","Dindon, jeune, pilon, viande, rôti",2012-06-19,,5723.0,
5182,5182,5,37,"Turkey, tom, thigh, meat, roasted","Dindon, jeune, haut de cuisse, viande, rôti",2012-06-19,,5722.0,
5184,5184,5,37,"Turkey, tom, leg, meat, roasted","Dindon, jeune, cuisse, viande, rôti",2012-06-19,,5188.0,
5185,5185,5,37,"Turkey, tom, wing, meat, roasted","Dindon, jeune, aile, viande, rôti",2012-06-19,,5713.0,
5186,5186,5,37,"Turkey, tom, drumstick, meat and skin, roasted","Dindon, jeune, pilon, viande et peau, rôti",2012-06-19,,5737.0,
5187,5187,5,37,"Turkey, tom, drumstick, meat and skin, raw","Dindon, jeune, pilon, viande et peau, cru",2012-06-19,,5736.0,Meleagris gallopavo
5188,5188,5,37,"Turkey, tom, thigh, meat and skin, raw","Dindon, jeune, haut de cuisse, viande et peau, cru",2012-06-19,,5742.0,Meleagris gallopavo
5189,5189,5,37,"Turkey, tom, thigh, meat and skin, roasted","Dindon, jeune, haut de cuisse, viande et peau, rôti",2012-07-04,,5743.0,
5193,5193,8,24,"Cereal, hot, oats (oatmeal), instant: dinosaur eggs, prepared, Quaker","Céréale, chaude, avoine (gruau), instantanée: dinoseufs, préparée, Quaker",2026-01-28,,,
5195,5195,8,24,"Cereal, hot, oats (oatmeal), instant: cookies and cream, prepared, Quaker","Céréale, chaude, avoine (gruau), instantanée: biscuits et crème, préparée, Quaker",2026-01-28,,,
5196,5196,8,24,"Cereal, hot, oats (oatmeal), instant: golden honey with bran, prepared, Quaker","Céréale, chaude, avoine (gruau), instantanée: miel avec son, préparée, Quaker",2026-01-28,,,
5199,5199,8,24,"Cereal, hot, oats (oatmeal), instant: Wild Berry Medley, prepared, Quaker","Céréale, chaude, avoine (gruau), instantanée: fruits sauvages, préparée, Quaker",2026-01-28,,,
5203,5203,17,23,"Veal, grain-fed, shoulder, blade steak, lean and fat, raw","Veau de grain, épaule, bifteck de palette, maigre et gras, cru",2012-06-22,,,
5204,5204,17,23,"Veal, grain-fed, shoulder, blade steak, lean and fat, braised","Veau de grain, épaule, bifteck de palette, maigre et gras, braisé",2012-06-22,,,
5205,5205,17,23,"Veal, milk-fed, rib chop, lean and fat, broiled","Veau de lait, côtelette, maigre et gras, grillé",2012-06-22,,,
5206,5206,17,23,"Veal, milk-fed, shoulder, blade steak, lean and fat, raw","Veau de lait, épaule, bifteck de palette, maigre et gras, cru",2012-06-22,,,
5207,5207,17,23,"Veal, milk-fed, shoulder, blade steak, lean and fat, braised","Veau de lait, épaule, bifteck de palette, maigre et gras, braisé",2026-01-28,,,
5208,5208,8,26,"Cereal, ready to eat, Honest O's, Barbara's Bakery","Céréale, prête-à-manger, Honest O's, Barbara's Bakery",2014-09-11,,,
5209,5209,5,28,"Goose, wild (Canada goose), Indigenous, meat only, raw","Bernache du Canada (outarde), autochtone, viande seulement, crue",2026-01-28,,,Branta canadensis
5211,5211,17,23,"Veal, milk-fed, rib chop, lean, broiled","Veau de lait, côtelette, maigre, grillé",2012-06-22,,,
5212,5212,5,28,"Goose, wild (Canada goose), Indigenous, meat only, roasted","Bernache du Canada (outarde), autochtone, viande seulement, rôtie",2026-01-28,,,Branta canadensis
5213,5213,5,28,"Goose, wild (Canada goose), Indigenous, meat only, boiled","Bernache du Canada (outarde), autochtone, viande seulement, bouillie",2026-01-28,,,Branda canadensis
5214,5214,17,23,"Veal, milk-fed, shoulder, blade steak, lean, raw","Veau de lait, épaule, bifteck de palette, maigre, cru",2012-06-28,,,
5215,5215,5,28,"Goose, wild (Canada goose), Indigenous, breast, meat and skin, raw","Bernache du Canada (outarde), autochtone, poitrine, viande et peau, crue",2026-01-28,,,Branta canadensis
5216,5216,17,23,"Veal, milk-fed, shoulder, blade steak, lean, braised","Veau de lait, épaule, bifteck de palette, maigre, braisé",2012-06-22,,,
5217,5217,5,28,"Goose, wild (Canada goose), Indigenous, breast, meat and skin, roasted","Bernache du Canada (outarde), autochtone, poitrine, viande et peau, rôtie",2026-01-28,,,Branta canadensis
5218,5218,5,28,"Goose, wild (Canada goose), Indigenous, breast, meat and skin, fire roasted","Bernache du Canada (outarde), autochtone, poitrine, viande et peau, rôtie sur le feu",2026-01-28,,,Branta canadensis
5219,5219,5,28,"Goose, wild (Canada goose), Indigenous, breast, meat and skin, boiled","Bernache du canada (outarde), autochtone, poitrine, viande et peau, bouillie",2026-01-28,,,Branta canadensis
5220,5220,5,28,"Goose, wild (Canada goose), Indigenous, leg, meat and skin, raw","Bernache du canada (outarde), autochtone, cuisse, viande et peau, crue",2026-01-28,,,Branta canadensis
5221,5221,17,23,"Veal, grain-fed, shoulder, blade steak, lean, raw","Veau de grain, épaule, bifteck de palette, cru",2012-06-22,,,
5222,5222,17,23,"Veal, grain-fed, shoulder, blade steak, lean, braised","Veau de grain, épaule, bifteck de palette, maigre, braisé",2012-06-22,,,
5223,5223,5,28,"Goose, wild (Canada goose), Indigenous, leg, meat and skin, roasted","Bernache du canada (outarde), autochtone, cuisse, viande et peau, rôtie",2026-01-28,,,Branta canadensis
5224,5224,5,28,"Goose, wild (Canada goose), Indigenous, leg, meat and skin, fire roasted","Bernache du canada (outarde), autochtone, cuisse, viande et peau, rôtie sur le feu",2026-01-28,,,Branta canadensis
5225,5225,5,28,"Goose, wild (Canada goose), Indigenous, leg, meat and skin, boiled","Bernache du canada (outarde), autochtone, cuisse, viande et peau, bouillie",2026-01-28,,,Branta canadensis
5226,5226,5,28,"Goose, wild (Canada goose), Indigenous, collar, meat and skin, roasted","Bernache du canada (outarde), autochtone, cou, viande et peau, rôti",2026-01-28,,,Branta canadensis
5227,5227,5,28,"Goose, wild (Canada goose), Indigenous, collar, meat and skin, fire roasted","Bernache du canada (outarde), autochtone, cou, viande et peau, rôti sur le feu",2026-01-28,,,Branta canadensis
5228,5228,5,28,"Goose, wild (Canada goose), Indigenous, liver, raw","Bernache du canada (outarde), autochtone, foie, cru",2026-01-28,,,Branta canadensis
5229,5229,5,28,"Goose, wild (Canada goose), Indigenous, liver, roasted","Bernache du canada (outarde), autochtone, foie, rôti",2026-01-28,,,Branta canadensis
5230,5230,5,28,"Goose, wild (Canada goose), Indigenous, lungs, roasted","Bernache du canada (outarde), autochtone, poumons, rôtis",2026-01-28,,,Branta canadensis
5231,5231,8,26,"Cereal, hot, cream of wheat, Red River, dry Robin Hood","Céréale, chaude, crème de blé, Red River, séché, Robin Hood",2026-01-28,,,
5232,5232,8,24,"Cereal, hot, cream of wheat, Red River, prepared, Robin Hood","Céréale, chaude, crème de blé, Red River, préparée, Robin Hood",2026-01-28,,,
5240,5240,18,0,"Cracker, cheese, reduced sodium","Craquelin, fromage, teneur réduite en sodium",2012-07-31,,18434.0,
5241,5241,14,37,"Plant-based beverage, soy beverage, plain, not fortified, refrigerated","Boisson à base de plantes, soya, nature, non-enrichie, réfrigérée",2026-02-11,,16120.0,
5253,5253,6,24,"Soup, Nissin, Oodles of Noodles Top Ramen, ramen noodles, oriental flavour, dry, water added","Soupe, Nissin, Oodles of Noodles Top Ramen, nouilles ramen, saveur orientale, sèches, eau ajoutée",2020-10-15,,,
5254,5254,6,24,"Soup, Nissin, Cup Noodles, ramen noodles, chicken flavour, dry, water added","Soupe, Nissin, Cup Noodles, nouilles ramen, saveur de poulet, sèches, eau ajoutée",2020-10-15,,,
5255,5255,6,1,"Soup, cream, asparagus, canned, condensed, 2% M.F. milk added","Soupe, crème, asperges, conserve, condensée, lait 2% M.G. ajouté",2026-01-28,,,
5256,5256,6,37,"Soup, cream, celery, canned, condensed, 2% M.F. milk added","Soupe, crème, céleri, conserve, condensée, lait 2% M.G. ajouté",2026-02-11,,,
5257,5257,6,37,"Soup, cheddar cheese, canned, condensed, 2% M.F. milk added","Soupe, fromage cheddar, conserve, condensée, lait 2% M.G. ajouté",2026-01-28,,,
5258,5258,6,37,"Soup, cream, chicken, canned, condensed, 2% M.F. milk added","Soupe, crème, poulet, conserve, condensée, lait 2% M.G. ajouté",2026-01-28,,,
5260,5260,6,37,"Soup, cream, mushroom, canned, condensed, 2% M.F. milk added","Soupe, crème, champignons, conserve, condensée, lait 2% M.G. ajouté",2026-01-28,,,
5261,5261,6,1,"Soup, cream, onion, canned, condensed, 2% M.F. milk added","Soupe, crème, oignon, conserve, condensée, lait 2% M.G. ajouté",2026-01-28,,,
5263,5263,6,6,"Soup, cream, potato, canned, condensed, 2% M.F. milk added","Soupe, crème, pommes de terre, conserve, condensée, lait 2% M.G. ajouté",2026-01-28,,,
5266,5266,6,1,"Soup, pea, green, canned, condensed, 2% M.F. milk added","Soupe, pois verts, conserve, condensée, lait 2% M.G. ajouté",2026-01-28,,,
5267,5267,6,37,"Soup, tomato, canned, condensed, 2% M.F. milk added","Soupe, tomates, conserve, condensée, lait 2% M.G. ajouté",2026-01-28,,,
5268,5268,14,24,"Beverage mix, carob flavour, powder, with 2% M.F. milk","Boisson, mélange à saveur, caroube, poudre, avec lait 2% M.G.",2026-01-28,,,
5269,5269,14,35,"Beverage mix, chocolate flavour, powder, with 2% M.F. milk","Boisson, mélange à saveur, chocolat, poudre, avec lait 2% M.G.",2026-02-11,,,
5270,5270,1,24,"Chocolate syrup, thin type, 2% M.F. milk added","Chocolat, sirop, consistance claire, lait 2% M.G. ajouté",2012-07-24,,,
5273,5273,14,24,"Malted milk, natural flavour, powder, with 2% M.F. milk","Lait malté, saveur naturelle, poudre, avec lait 2% M.G.",2026-01-28,,,
5275,5275,14,24,"Malted milk, chocolate flavour, powder, with 2% M.F. milk","Lait malté, saveur de chocolat, poudre, avec lait 2% M.G.",2026-01-28,,,
5276,5276,14,24,"Strawberry flavour mix, powder, with 2% M.F. milk","Fraises, mélange à saveur, poudre, avec lait 2% M.G.",2026-01-28,,,
5277,5277,11,24,"Potato, mashed, homemade, prepared with 2% M.F. milk and margarine","Pomme de terre, purée, faite maison, préparée avec lait 2% M.G. et margarine",2026-01-28,,,
5278,5278,11,24,"Potato, mashed, homemade, prepared with 2% M.F. milk","Pomme de terre, purée, faite maison, préparée avec lait 2% M.G.",2026-01-28,,,
5279,5279,11,24,"Potato, mashed, homemade, prepared with 2% M.F. milk and butter","Pomme de terre, purée, faite maison, préparée avec lait 2% M.G. et beurre",2026-01-28,,,
5282,5282,9,0,"Abiyuch, raw","Abiyuch, cru",2026-01-28,,9427.0,Crateva religiosa
5283,5283,9,0,"Rowal, raw","Rowal, cru",2012-07-11,,9428.0,Pangium edule
5284,5284,11,0,"Potato, Russet, flesh and skin, raw","Pomme de terre, Russet, chair et pelure, crue",2026-01-28,,11353.0,Solanum tuberosum
5285,5285,11,0,"Potato, white, flesh and skin, raw","Pomme de terre, blanche, chair et pelure, crue",2026-01-28,,11354.0,Solanum tuberosum
5286,5286,11,0,"Potato, red, flesh and skin, raw","Pomme de terre, rouge, chair et pelure, crue",2026-01-28,,11355.0,
5287,5287,14,0,"Juice drink, mixed vegetable and fruit","Boisson au jus, légumes et fruits",2026-01-28,,14119.0,
5288,5288,14,0,"Carbonated drinks, cola","Boissons gazeuses, cola",2026-01-28,,14148.0,
5290,5290,14,0,"Tea, instant, unsweetened, powder, decaffeinated","Thé instantané, non sucré, poudre, décaféiné",2026-01-28,,14353.0,
5291,5291,14,0,"Tea, instant, sweetened, lemon flavour, powder, decaffeinated","Thé instantané, sucré, saveur de citron, poudre, décaféiné",2026-01-28,,14357.0,
5292,5292,14,11,"Sports drink, fruit flavour, low calorie, ready-to-drink","Boisson pour sportifs, saveur de fruits, hypocalorique, prête-à-boire",2026-01-28,,14383.0,
5293,5293,14,0,"Carbonated drinks, chocolate","Boissons gazeuses, chocolat",2026-01-28,,14552.0,
5294,5294,14,0,"Non-alcoholic, wine","Non alcoolisé, vin",2026-01-28,,14553.0,
5295,5295,14,4,"Hot chocolate, rich, mix, powder, prepared with water","Chocolat chaud, onctueux, mélange sec, préparé avec eau",2026-01-28,,,
5296,5296,14,4,"Hot chocolate with marshmallows, mix, powder, prepared with water","Chocolat chaud avec guimauves, mélange sec, préparé avec eau",2026-01-28,,,
5299,5299,1,37,"Cream, sour, light","Crème sure, légère",2012-07-24,,1179.0,
5300,5300,1,0,"Cream, sour, fat free","Crème sure, sans gras",2026-01-28,,1180.0,
5305,5305,1,0,"Dessert topping (non dairy), fat free, Reddi Wip","Garniture à dessert (non laitière), sans gras, Reddi Wip",2026-01-28,,1200.0,
5306,5306,4,0,"Salad dressing, French, fat free","Vinaigrette, Française, sans gras",2026-01-28,,4367.0,
5307,5307,1,0,"Butter, light, salted","Beurre, léger, salé",2012-07-04,,4601.0,
5308,5308,1,0,"Butter, light, unsalted","Beurre, léger, sans sel",2026-01-28,,4602.0,
5309,5309,4,0,"Meat drippings (lard, beef tallow, mutton tallow)","Graisse de rôti (gras de porc, gras de boeuf, gras de mouton)",2026-01-28,,4606.0,
5310,5310,4,0,"Animal fat, bacon grease","Gras animal, gras de bacon",2012-06-27,,4609.0,
5316,5316,4,0,"Shortening, household, composite","Shortening, domestique, composite",2012-06-27,,4615.0,
5327,5327,4,0,"Salad dressing, Thousand Island dressing, fat free","Vinaigrette, Mille-Îles, sans gras",2026-01-28,,4635.0,
5328,5328,4,0,"Salad dressing, Italian, fat free","Vinaigrette, Italienne, sans gras",2026-01-28,,4636.0,
5329,5329,4,0,"Salad dressing, ranch dressing, fat free","Vinaigrette, ranch, sans gras",2026-01-28,,4638.0,
5330,5330,4,0,"Salad dressing, ranch dressing, regular","Vinaigrette, ranch, régulière",2017-07-21,,4639.0,
5331,5331,4,0,"Salad dressing, ranch dressing, reduced fat","Vinaigrette, ranch, teneur réduite en gras",2026-01-28,,4640.0,
5332,5332,4,0,"Salad dressing, mayonnaise, reduced fat","Vinaigrette, mayonnaise, teneur réduite en gras",2026-01-28,,4641.0,
5333,5333,5,0,"Chicken, canned, no broth","Poulet, conserve, sans bouillon",2012-06-19,,5311.0,
5334,5334,5,0,"Chicken, feet, boiled","Poulet, pieds, bouillis",2012-06-19,,5335.0,
5335,5335,5,0,"Chicken, liver, all classes, cooked, pan-fried","Poulet, foie, toutes catégories, sauté",2026-01-28,,5661.0,
5336,5336,6,0,"Soup, stock, beef, homemade","Soupe, consommé ou bouillon, boeuf, faite maison",2012-07-30,,6170.0,
5337,5337,6,0,"Soup, stock, chicken, homemade","Soupe, bouillon, poulet, faite maison",2012-07-30,,6172.0,
5338,5338,6,37,"Soup, minestrone, ready-to-serve, reduced sodium","Soupe, minestrone, prête-à-servir, réduite en sodium",2014-11-17,,6177.0,
5339,5339,6,37,"Soup, cream, mushroom, canned, condensed, reduced sodium","Soupe, crème, champignons, conserve, condensée, réduite en sodium",2026-01-28,,6182.0,
5340,5340,6,37,"Soup, broth, chicken, ready to serve, reduced sodium","Soupe, bouillon, poulet, prête à servir, réduite en sodium",2012-07-03,,6183.0,
5341,5341,6,0,"Sauce, teriyaki, ready-to-serve, reduced sodium","Sauce, teriyaki, prête-à-servir, réduite en sodium",2012-09-07,,6189.0,
5347,5347,6,0,"Soup, ramen noodles, any flavour, dry","Soupe, nouilles ramen, toutes saveurs, sèche",2012-07-31,,6583.0,
5348,5348,6,0,"Soup, broccoli cheese, canned, condensed","Soupe, brocoli et fromage, conserve, condensée",2012-07-31,,6584.0,
5350,5350,6,37,"Soup, tomato, canned, condensed, reduced sodium","Soupe, tomates, conserve, condensée, réduite en sodium",2026-01-28,,6956.0,
5351,5351,6,0,"Gravy, brown instant, dry","Sauce, brune, instantanée, sèche",2012-06-29,,6957.0,
5352,5352,6,0,"Gravy, instant beef, dry","Sauce, boeuf, instantanée, déshydratée",2012-06-29,,6958.0,
5353,5353,6,0,"Gravy, instant turkey, dry","Sauce, dinde, instantanée, déshydratée",2012-06-29,,6959.0,
5354,5354,6,0,"Sauce, chili, peppers, hot, chili, mature red, canned","Sauce, chili, piments forts, chili, rouges, conserve",2026-01-28,,6961.0,
5355,5355,6,0,"Sauce, chili, peppers, hot, chili, immature green, canned","Sauce, chili, piments forts, chili, verts, conserve",2026-01-28,,6962.0,
5356,5356,6,0,"Soup, broth, fish","Soupe, bouillon, poisson",2012-07-03,,6963.0,
5357,5357,6,0,"Soup, tomato, low sodium, water added","Soupe, tomates, faible en sodium, eau ajoutée",2012-07-11,,6964.0,
5358,5358,6,0,"Soup, pea, low sodium, water added","Soupe, pois, faible en sodium, eau ajoutée",2012-06-28,,6965.0,
5361,5361,6,37,"Soup, cream, mushroom, ready-to-serve, reduced sodium","Soupe, crème, champignons, prête-à-servir, réduite en sodium",2026-01-28,,6968.0,
5362,5362,6,0,"Soup, potato, instant, dehydrated, unprepared","Soupe, pommes de terre, instantanée, déshydratée, non préparée",2014-11-14,,6969.0,
5363,5363,6,37,"Soup, broth, chicken, ready-to-serve, unsalted","Soupe, bouillon, poulet, prête-à-servir, sans sel ajouté",2026-01-28,,6970.0,
5364,5364,6,0,"Sauce, tomato chili sauce, bottled, salt added","Sauce, tomate, sauce chili, bouteille, sel ajouté",2012-07-03,,6972.0,
5368,5368,6,0,"Sauce, pasta, spaghetti or marinara, ready-to-serve, low sodium","Sauce, pâtes, spaghetti ou marinara, prête-à-servir, faible en sodium",2015-01-14,,6976.0,
5369,5369,6,0,"Gravy, meat or poultry, prepared, low sodium","Sauce, viande ou volaille, préparée, faible en sodium",2012-06-29,,6977.0,
5370,5370,6,0,"Soup, beef and mushroom, ready-to-serve, low sodium","Soupe, boeuf et champignons, prête-à-servir, faible en sodium",2018-01-05,,6978.0,
5371,5371,6,11,"Sauce, adobo fresco","Sauce, adobo fresco",2014-10-30,,6979.0,
5373,5373,6,0,"Soup, bouillon cubes and granules, low sodium, dry","Soupe, bouillon ou consommé, en cube ou en granules, faible en sodium, sèche",2012-07-03,,6981.0,
5376,5376,7,0,"Wiener (frankfurter), beef, pork, and turkey, fat free","Saucisse fumée, boeuf, porc et dinde, sans gras",2026-01-28,,7905.0,
5377,5377,7,0,"Pork/ham/chicken, canned, reduced sodium","Porc/jambon/poulet, en conserve, réduit en sodium",2013-06-14,,7906.0,
5378,5378,7,0,"Pork and ham, canned","Porc et jambon, en conserve",2012-06-19,,7908.0,
5379,5379,7,0,"Pork and chicken, canned","Porc et poulet, en conserve",2012-06-19,,7909.0,
5381,5381,7,37,"Sausage, breakfast links or rounds, pork, pre-cooked","Saucisse à déjeuner, en chapelet ou en galette, porc, pré-cuite",2014-06-13,,7953.0,
5384,5384,7,37,"Sausage, breakfast links or rounds, beef, cooked","Saucisse à déjeuner, en chapelet ou en galette, boeuf, cuite",2014-06-10,,7956.0,
5389,5389,9,0,"Blackberry juice, canned","Mûre sauvage, jus, conserve",2012-07-11,,9043.0,
5390,5390,9,0,"Cranberry, dried, sweetened","Canneberge, séchée, sucrée",2026-01-28,,9079.0,
5391,5391,9,0,"Olive, pickled, canned or bottled, green","Olive, marinée, conserve ou embouteillées, verte",2012-07-03,,9195.0,
5392,5392,19,0,"Candied, maraschino cherries, jar, drained","Confits, cerises au marasquin, bocal, égouttées",2026-01-28,,9328.0,
5393,5393,9,0,"Fruit cocktail (peach, pear, apricot, pineapple, cherry, grape), canned, heavy syrup, drained","Fruits, cocktail (pêches, poires, abricots, ananas, cerises, raisins), conserve, dans du sirop extra épais, égouttés",2012-07-11,,9351.0,
5394,5394,9,0,"Pineapple, canned, juice pack, drained","Ananas, conserve, dans du jus, égouttés",2012-07-11,,9354.0,
5395,5395,9,0,"Apricot, canned, heavy syrup pack, drained","Abricot, conserve, dans du sirop épais, égoutté",2026-01-28,,9357.0,
5396,5396,9,0,"Cherry, sweet, canned, heavy syrup, drained","Cerise sucrée (guigne), conserve, dans du sirop épais, égouttée",2012-07-11,,9367.0,
5397,5397,9,0,"Peach, canned, heavy syrup, drained","Pêche, conserve, dans du sirop épais, égouttée",2012-07-11,,9370.0,
5398,5398,9,0,"Pear, canned, heavy syrup, drained","Poire, conserve, dans du sirop épais, égouttée",2012-07-11,,9374.0,
5399,5399,9,0,"Plum, canned, heavy syrup, drained","Prune, conserve, dans du sirop épais, égouttée",2012-09-06,,9379.0,
5400,5400,9,0,"Tangerine, (mandarin), canned, juice pack, drained","Tangerine (mandarines), conserve, dans du sirop épais, égouttée",2012-07-11,,9383.0,
5401,5401,9,0,"Date, medjool","Datte, variété Medjool",2012-07-11,,9421.0,Phoenix dactylifera
5402,5402,19,0,"Candied foods, fruit","Confits, fruits",2026-01-28,,9426.0,
5403,5403,9,0,"Pineapple, raw, traditional varieties","Ananas, cru, variétés traditionnelles",2012-07-11,,9429.0,Ananus comosus
5404,5404,9,0,"Pineapple, raw, extra sweet variety","Ananas, cru, variété extra sucré",2012-07-11,,9430.0,Ananus comosus
5405,5405,10,0,"Pork, cured, bacon, cooked, baked","Porc, salé, bacon, cuit, au four",2012-06-22,,10860.0,
5406,5406,10,0,"Pork, cured, bacon, cooked, microwaved","Porc, salé, bacon, cuit au four à micro-ondes",2012-06-22,,10861.0,
5407,5407,10,0,"Pork, cured, bacon, cooked, pan-fried","Porc, salé, bacon, cuit, sauté",2012-06-22,,10862.0,
5408,5408,10,0,"Pork, variety meats and by-products, stomach, cooked, simmered","Porc, estomac, cuit, mijoté",2026-01-28,,10863.0,
5409,5409,10,0,"Pork, cured, bacon, rendered fat, cooked","Porc, bacon, gras fondu, cuit",2012-06-28,,10864.0,
5410,5410,11,0,"Broccoli raab (rapini), raw","Rapini (brocoli raab), cru",2026-01-28,,11096.0,Brassica ruvo
5411,5411,11,0,"Broccoli raab (rapini), cooked","Rapini (brocoli raab), cuit",2026-01-28,,11097.0,
5412,5412,11,0,"Lettuce, red leaf","Laitue, feuilles rouges",2026-01-28,,11257.0,
5413,5413,11,0,"Onion, young green, tops only","Oignon, jeune, verts, bout seulement",2026-01-28,,11292.0,
5414,5414,11,0,"Onion, sweet, raw","Oignon, doux, cru",2012-07-11,,11294.0,
5415,5415,11,0,"Pepper, sweet, green, sauteed","Poivron vert, sauté",2026-01-28,,11339.0,
5416,5416,11,0,"Carrot, dehydrated","Carotte, déshydratée",2012-06-18,,11683.0,
5417,5417,11,0,"Pepper, sweet, red, sauteed","Poivron rouge, sauté",2012-07-11,,11921.0,
5419,5419,11,0,"Pickles, chowchow, with cauliflower onion mustard, sweet","Cornichons, chowchow, avec moutarde d'oignons et de chou-fleur, douce",2026-01-28,,11983.0,
5422,5422,14,0,"Coffee, brewed, espresso, restaurant-prepared, decaffeinated","Café infusé, espresso, préparation restaurant, décaféiné",2026-01-28,,14202.0,
5423,5423,14,0,"Coffee, instant, powder, half the caffeine","Café instantané, poudre, mi-caféiné (50% de caféine)",2026-01-28,,14203.0,
5424,5424,14,1,"Drink, breakfast type, orange, ready-to-drink","Boisson, type déjeuner, orange, prête-à-boire",2026-01-28,,14435.0,
5426,5426,14,0,"Hot chocolate, low calorie, with aspartame, mix, powder, with added calcium and phosphorus, without added sodium or vitamin A","Chocolat chaud, hypocalorique, avec aspartame, mélange sec, calcium et phosphore ajoutés, sans sodium ou vitamine A ajoutés",2026-01-28,,14538.0,
5427,5427,15,0,"Mollusks, conch, baked or broiled","Mollusques, conque, au four ou grillée",2012-06-22,,15250.0,
5428,5428,16,0,"Peanut butter, smooth, reduced fat","Beurre d'arachides, crémeux, teneur réduite en gras",2026-01-28,,16150.0,
5429,5429,14,0,"Plant-based beverage, soy beverage, chocolate, not fortified","Boisson à base de plantes, soya, chocolat, non enrichie",2026-01-28,,16166.0,
5430,5430,18,0,"Breakfast tart, low fat","Tartelette de petit déjeuner, faible en gras",2026-01-28,,18459.0,
5431,5431,18,0,"Cracker, cheese, sandwich, with cheese filling","Craquelin, fromage, sandwich, avec fromage",2012-07-31,,18927.0,
5434,5434,19,0,"Candies, bars, Kit Kat Big Kat","Bonbons, tablettes, Kit Kat Grand Kat",2026-01-28,,19250.0,
5435,5435,19,0,"Candies, Reese's, Fast Break, milk chocolate peanut butter and soft nougat","Bonbons, Reese's, Fast Break, chocolat au lait, beurre d'arachide, et nougat mou",2026-01-28,,19252.0,
5437,5437,19,0,"Dessert, frozen, ice cream, chocolate, light, no sugar added","Dessert, congelé, crème glacée, chocolat, léger, sans sucre",2026-01-28,,19265.0,
5438,5438,19,0,"Candies, dark chocolate coated coffee beans","Bonbons, grain de café, enrobé de chocolat noir",2026-01-28,,19268.0,
5439,5439,19,0,"Candies, milk chocolate coated coffee beans","Bonbons, fève de café, enrobé de chocolat au lait",2026-01-28,,19279.0,
5441,5441,25,0,"Snacks, tortilla chips, low fat, baked without fat","Grignotises, croustilles, tortilla, faibles en gras, cuites au four sans gras",2026-01-28,,19433.0,
5442,5442,25,0,"Snacks, corn-based, extruded, puffs or twists, cheese, baked, low fat","Grignotises, base de maïs, extrudé, bouchées, fromage, cuites au four, faible en gras",2026-01-28,,19434.0,
5444,5444,25,0,"Snacks, popcorn, sugar syrup/caramel, fat free","Grignotises, maïs soufflé, sirop de sucre/caramel, sans gras",2026-01-28,,19436.0,
5449,5449,25,0,"Snacks, tortilla chips, unsalted, low fat","Grignotises, croustilles, tortilla, non salées, faible en gras",2026-01-28,,19833.0,
5452,5452,19,0,"Candies, soft fruit and nut squares","Bonbons, carrés avec fruits et noix, mou",2026-01-28,,19866.0,
5453,5453,19,0,"Dessert, frozen, ice cream, vanilla, fat free","Dessert, congelé, crème glacée, vanille, sans gras",2026-01-28,,19867.0,
5454,5454,20,0,"Grains, oat flour, partially debranned","Grains céréaliers, farine d'avoine, partiellement décortiquée",2012-07-31,,20132.0,
5455,5455,22,0,"Pasta, fresh-refrigerated, tortellini with cheese filling, as purchased","Pâtes, fraîches-réfrigérées, tortellinis au fromage, tel qu'acheté",2013-02-12,,22901.0,
5456,5456,19,12,"Sweets, syrup, grenadine","Confiseries, sirop, grenadine",2012-07-03,,42040.0,
5457,5457,14,12,"Drink, fruit flavour, powder, low calorie, vitamin C, with aspartame","Boisson, saveur de fruits, poudre, hypocalorique, vitamine C, avec aspartame",2026-01-28,,42055.0,
5458,5458,4,12,"Salad dressing, creamy, made with sour cream and/or buttermilk and oil, calorie-reduced","Vinaigrette, crémeuse, à base de crème sure et/ou babeurre et/ou huile, réduite en calories",2026-01-28,,42116.0,
5459,5459,1,12,"Cheese, cheddar, imitation, low cholesterol","Fromage cheddar, immitation, faible en cholestérol",2026-01-28,,42117.0,
5462,5462,5,0,"Turkey, bacon, cooked","Bacon, dinde, cuit",2026-01-28,,7973.0,
5463,5463,19,12,"Dessert, frozen, made with skim milk, chocolate","Dessert, congelé, fait avec lait écrémé, chocolat",2012-07-24,,42131.0,
5464,5464,1,12,"Dessert topping (non dairy), frozen, low fat","Garniture à dessert (non laitière), congelée, faible en gras",2026-01-28,,42135.0,
5465,5465,1,12,"Coffee whitener (non dairy), powdered, light","Colorant à café (non laitier), en poudre, léger",2026-01-28,,42136.0,
5466,5466,4,12,"Salad dressing, peppercorn dressing, regular","Vinaigrette, grains de poivre, régulière",2017-07-21,,42137.0,
5467,5467,4,12,"Salad dressing, mayonnaise, reduced fat , cholesterol-free","Vinaigrette, mayonnaise, teneur réduite en gras, sans cholestérol",2026-01-28,,42138.0,
5469,5469,4,12,"Salad dressing, Italian, calorie-reduced","Vinaigrette, Italienne, réduite en calories",2026-01-28,,42140.0,
5470,5470,1,12,"Coffee whitener, liquid, light","Colorant à café, liquide, léger",2026-01-28,,42141.0,
5471,5471,19,12,"Candies, M&M's peanut butter chocolate candies","Bonbons, M&M's bonbons avec beurre d'arachide et chocolat",2026-01-28,,42148.0,
5472,5472,9,11,"Juice, Orange-strawberry-banana","Jus, orange-fraise-banane",2018-08-09,,42149.0,
5473,5473,4,12,"Salad dressing, blue or roquefort cheese dressing, calorie-reduced","Vinaigrette, fromage bleu ou roquefort, réduite en Calories",2013-02-04,,42153.0,
5474,5474,1,12,"Cheese, monterey jack, low fat","Fromage monterey jack, faible en gras",2026-01-28,,42155.0,
5475,5475,4,12,"Salad dressing, creamy, made with sour cream and/or buttermilk and oil, calorie-reduced, fat free","Vinaigrette, crémeuse, crème sure et/ou babeurre et/ou huile, réduite en calories, sans gras",2026-01-28,,42157.0,
5476,5476,4,0,"Salad dressing, creamy, made with sour cream and/or buttermilk and oil, calorie-reduced, cholesterol-free","Vinaigrette, crémeuse, crème sure et/ou babeurre et/ou huile, réduite en calories, sans cholestérol",2026-01-28,,42158.0,
5478,5478,4,12,"Salad dressing, French, calorie-reduced","Vinaigrette, Française, réduite en calories",2026-01-28,,42171.0,
5480,5480,4,12,"Salad dressing, mayonnaise, made with tofu","Vinaigrette, mayonnaise, à base de tofu",2012-06-27,,42178.0,
5485,5485,19,12,"Dessert, frozen yogourt (yogurt), chocolate","Dessert, congelé, yogourt glacé, chocolat",2026-01-28,,42186.0,
5486,5486,7,37,"Wiener (frankfurter), reduced fat","Saucisse fumée, teneur réduite en gras",2026-01-28,,42179.0,
5487,5487,1,0,"Milk, fluid, buttermilk, 2% M.F.","Babeurre, liquide, 2% M.G.",2026-01-28,,42189.0,
5489,5489,4,12,"Salad dressing, blue or roquefort cheese dressing, fat free","Vinaigrette, fromage bleu ou roquefort, sans gras",2026-01-28,,42192.0,
5490,5490,4,12,"Salad dressing, mayonnaise and mayonnaise type, fat free","Vinaigrette, mayonnaise et type mayonnaise, sans gras",2026-01-28,,42193.0,
5491,5491,19,12,"Candies, bars, Milky Way, Dark Bar","Bonbons, tablettes, Milky Way, tablette foncée",2026-01-28,,42196.0,
5492,5492,16,12,"Indian, papad (papadum)","Indien, papad (papadum)",2014-06-02,,42200.0,
5493,5493,25,12,"Snacks, rice cakes, crackers (include mini rice cakes)","Grignotises, galettes de riz, craquelins (mini crousties inclues)",2026-01-28,,42204.0,
5495,5495,19,12,"Candies, M&M's Almond Chocolate Candies","Bonbons, M&M's bonbons avec amandes et chocolat",2026-01-28,,42227.0,
5496,5496,4,12,"Salad dressing, coleslaw dressing, reduced fat","Vinaigrette, salade de chou, teneur réduite en gras",2026-01-28,,42230.0,
5497,5497,4,0,"Vegetable oil, flaxseed (linseed), cold pressed","Huile végétale, graines de lin, pressées à froid",2016-01-22,,42231.0,
5498,5498,1,12,"Cheese, cottage, 1% M.F., lactose reduced","Fromage cottage, 1% M.G., réduit en lactose",2012-07-24,,42235.0,
5499,5499,7,37,"Sausage, smoked, pork, pre-cooked, reduced fat","Saucisse, fumée, porc, pré-cuite, teneur réduite en gras",2026-01-28,,7900.0,
5501,5501,25,12,"Snacks, popcorn, oil-popped, unsalted","Grignotises, maïs soufflé à l'huile, sans sel",2026-01-28,,42259.0,
5507,5507,25,12,"Snacks, potato chips, made from dried potatoes (preformed), baked","Grignotises, croustilles, pommes de terre, faites à partir de pommes de terre séchées (préformées), au four",2026-01-28,,42283.0,
5508,5508,4,12,"Vegetable oil, corn and canola","Huile végétale, maïs et canola (colza)",2012-06-27,,42289.0,
5509,5509,16,12,"Peanut butter, reduced sodium","Beurre d'arachides, réduit en sodium",2026-01-28,,42291.0,
5510,5510,4,11,"Vegetable oil, canola and soybean","Huile végétale, canola (colza) et soya",2012-10-01,,,
5511,5511,1,12,"Cheese, muenster, low fat","Fromage muenster, faible en gras",2026-01-28,,42303.0,
5512,5512,1,12,"Cheese, mozzarella, fat free","Fromage mozzarella, sans gras",2026-01-28,,42304.0,
5515,5515,4,12,"Salad dressing, Caesar dressing, regular","Vinaigrette, César, régulière",2026-01-28,,43015.0,
5516,5516,4,12,"Salad dressing, coleslaw","Vinaigrette, salade de chou",2026-01-28,,43016.0,
5517,5517,4,12,"Salad dressing, green goddess, regular","Vinaigrette, green goddess, régulière",2012-06-27,,43017.0,
5518,5518,4,12,"Salad dressing, buttermilk as main ingredient","Vinaigrette, à base de babeurre",2026-01-28,,43018.0,
5520,5520,4,12,"Salad dressing, blue or roquefort cheese, low calorie","Vinaigrette, fromage bleu ou roquefort, hypocalorique",2026-01-28,,43020.0,
5521,5521,4,12,"Salad dressing, Caesar, low calorie","Vinaigrette, César, hypocalorique",2026-01-28,,43021.0,
5522,5522,19,0,"Sweets, syrup, dietetic","Confiseries, sirop, diététique",2026-01-28,,43026.0,
5523,5523,19,12,"Sweets, jams and preserves, dietetic (with saccharin), any flavour","Confiseries, confitures et conserves, diététique (avec saccharine), toutes saveurs",2026-01-28,,43028.0,
5524,5524,19,12,"Candies, caramel with nuts, chocolate covered","Bonbons, caramel avec noix, enrobé de chocolat",2026-01-28,,43031.0,
5525,5525,19,12,"Candies, nougat, with almonds","Bonbons, nougat, avec amandes",2026-01-28,,43046.0,
5526,5526,19,12,"Candies, gum drops, lower in Calories (sorbitol)","Bonbons, jujubes, moins de Calories (sorbitol)",2026-01-28,,43057.0,
5527,5527,19,0,"Candies, hard, sorbitol sweetened","Bonbons, durs (sucre d'orge), sucré au sorbitol",2026-01-28,,43058.0,
5529,5529,19,12,"Candies, chewing gum, sugarless","Bonbons, gomme à mâcher, sans sucre",2026-01-28,,43060.0,
5530,5530,14,12,"Milkshake, not chocolate, dry mix, unprepared","Lait frappé, non au chocolat, mélange sec, non préparé",2026-01-28,,43078.0,
5531,5531,19,12,"Sweets, pie fillings, cherry, low calorie","Confiseries, garniture à tarte, cerise, hypocalorique",2026-01-28,,43098.0,
5533,5533,25,12,"Snacks, pretzels, soft","Grignotises, bretzels, tendres",2026-01-28,,43109.0,
5534,5534,16,12,"Beans, chili, barbecue, ranch style, cooked","Haricots, chili, barbecue, ranch, cuit",2026-01-28,,43112.0,
5535,5535,16,12,"Pasta, vermicelli, made from soy, dry","Pâtes, vermicelles de soya, sec",2026-01-28,,43114.0,
5536,5536,16,12,"Beans, liquid from stewed kidney beans","Haricots, rouges, liquide seulement",2026-01-28,,43125.0,
5537,5537,16,12,"Meatless, chicken","Viande, simili, poulet",2026-01-28,,43128.0,
5539,5539,16,12,"Wiener (frankfurter), meatless","Saucisse fumée (simili viande), végétarienne",2026-01-28,,43130.0,
5540,5540,16,12,"Meatless, luncheon slices","Viande, simili, viande froide",2026-01-28,,43131.0,
5541,5541,16,12,"Meatless, meatballs","Viande, simili, boulettes de viande",2026-01-28,,43132.0,
5543,5543,16,0,"Meatless, fillets","Filet, végétarien, simili viande",2026-01-28,,43134.0,
5544,5544,16,12,"Meatless, sandwich spread","Viande, simili, tartinade à sandwich",2026-01-28,,43135.0,
5546,5546,16,0,"Meatless, meat loaf or patty","Végétarien, pain de viande ou galette, simili viande",2026-01-28,,43137.0,
5547,5547,11,12,"Radish, hawaiian style, pickled","Radis, à l'hawaïenne, mariné",2012-07-03,,43142.0,
5548,5548,11,12,"Cabbage, japanese style, fresh, pickled","Chou, à la japonaise, frais, mariné",2012-07-03,,43143.0,
5549,5549,11,12,"Cabbage, mustard, with salt","Chou, moutarde, sel ajouté",2012-07-11,,43144.0,
5550,5550,11,12,"Eggplant, pickled","Aubergine, marinée",2012-07-03,,43146.0,
5551,5551,14,12,"Alcohol, wine, cooking","Boisson alcoolisée, vin de cuisine",2026-01-28,,43154.0,
5552,5552,14,12,"Alcohol, table wine, light","Boisson alcoolisée, vin de table, léger",2026-01-28,,43155.0,
5553,5553,14,0,"Instant breakfast, powder, chocolate","Déjeuner instantané, poudre, chocolat",2026-01-28,,43205.0,
5554,5554,16,12,"Meatless, bacon bits","Viande, simili, bacon en miettes",2026-01-28,,43212.0,
5555,5555,4,12,"Butter replacement, without fat, powder","Beurre, succédané, sans gras, poudre",2026-01-28,,43214.0,
5556,5556,4,12,"Salad dressing, buttermilk, light","Vinaigrette, babeurre, légère",2012-06-27,,43215.0,
5557,5557,11,12,"Tomato sauce, unsalted","Tomate, sauce, sans sel",2026-01-28,,43217.0,
5558,5558,14,12,"Instant breakfast, powder, chocolate, sugar free, with artificial sweetener","Déjeuner instantané, poudre, chocolat, sans sucre, avec édulcorant",2026-01-28,,43260.0,
5560,5560,1,12,"Cream, whipping, substitute, dietetic, powder, prepared","Crème, garniture fouettée, succédané, diététique, poudre, préparée",2016-09-01,,43268.0,
5561,5561,19,12,"Dessert, frozen, ice cream, sundae, prepackaged","Dessert, congelé, coupe glacée (sundae), préemballé",2026-01-28,,43269.0,
5562,5562,1,12,"Cheese, cottage, with vegetables","Fromage cottage, avec légumes",2012-07-30,,43273.0,
5563,5563,1,37,"Cheese, cream cheese product, plain, light","Fromage, produit de fromage à la crème, nature, léger",2026-01-28,,43274.0,
5565,5565,1,37,"Cheese, cream cheese product, flavoured, savory","Fromage, produit de fromage à la crème, arômatisé, salé",2026-01-28,,,
5566,5566,1,12,"Cheese, cheddar, imitation","Fromage cheddar, imitation",2012-07-24,,43278.0,
5567,5567,5,12,"Quail, cooked, total edible","Caille, cuite, portion comestible",2012-06-19,,43282.0,
5568,5568,5,12,"Pheasant, total edible, cooked","Faisan, cuit,",2012-06-19,,43283.0,
5569,5569,1,12,"Egg, chicken, scrambled, frozen mixture","Oeuf, poule, brouillé, congelé",2012-06-29,,43285.0,
5570,5570,5,12,"Dove (includes squab), cooked","Pigeonneau (pigeon), cuit",2012-06-19,,43287.0,
5571,5571,10,12,"Pork, oriental style, dehydrated","Porc, style oriental, déshydraté",2012-06-22,,43297.0,
5572,5572,16,12,"Soybean, curd cheese","Fromage en grains, soya",2026-01-28,,43299.0,
5573,5573,11,12,"Potato, canned, drained solids, unsalted","Pomme de terre, conserve, solides égouttés, sans sel",2026-01-28,,43311.0,
5574,5574,11,12,"Vegetables, mixed, canned, unsalted","Légumes, macédoine, conserve, sans sel",2026-01-28,,43312.0,
5575,5575,10,12,"Pork, cured, ham, boneless, mini ham-half, extra lean and regular, cooked, reduced sodium","Porc, salé, jambon, désossé, mini demi-jambon, extra maigre et régulier, cuit, teneur réduite en sodium",2026-02-11,,43325.0,
5577,5577,10,12,"Pork, cured, ham, boneless, mini ham-half, extra lean (approximately 5% fat), cooked, reduced sodium","Porc, salé, jambon, désossé, mini demi-jambon, extra maigre (approximativement 5% de gras), cuit, teneur réduite en sodium",2026-02-11,,43327.0,
5579,5579,4,12,"Salad dressing, bacon and tomato","Vinaigrette, bacon et tomates",2012-06-27,,43331.0,
5580,5580,1,12,"Cheese, parmesan, low sodium","Fromage parmesan, faible en sodium",2012-07-24,,43340.0,
5583,5583,1,12,"Cheese, cottage, 1% M.F., unsalted","Fromage cottage, 1% M.G., sans sel",2026-01-28,,43352.0,
5584,5584,4,12,"Salad dressing, mayonnaise type, low sodium, reduced fat","Vinaigrette, type mayonnaise, faible en sodium, teneur réduite en gras",2026-01-28,,43355.0,
5585,5585,25,12,"Snacks, tortilla chips, unsalted","Grignotises, croustilles, tortilla, sans sel",2026-01-28,,43364.0,
5586,5586,11,12,"Juice, tomato and vegetable, low sodium","Jus, tomates et légumes, conserve, faible en sodium",2012-07-11,,43365.0,
5587,5587,5,12,"Turkey, wing, smoked, cooked, with skin, bone removed","Dindon, aile, fumée, avec peau, désossée",2012-06-19,,43366.0,
5588,5588,5,12,"Turkey, drumstick, smoked, cooked, with skin, bone removed","Dinde, pilon, fumé, cuit, avec peau, désossé",2026-01-28,,43367.0,
5589,5589,14,12,"Drink, chocolate flavour, whey and milk based","Boisson, saveur de chocolat, base de lactosérum et lait",2026-01-28,,43369.0,
5591,5591,10,12,"Pork, cured, bacon, reduced sodium, broiled, pan-fried or roasted","Porc, salé, bacon, réduit en sodium, grillé, sauté ou rôti",2012-06-22,,43378.0,
5592,5592,1,12,"Cheese, processed product, swiss, slices, low fat","Produit de fromage fondu, Suisse, faible en gras",2026-01-28,,43379.0,
5593,5593,9,12,"Cranberry juice, unsweetened","Canneberge, jus, non sucré",2026-01-28,,43382.0,
5595,5595,11,12,"Turnip greens, canned, unsalted","Navet, feuilles, conserve, sans sel",2026-01-28,,43387.0,
5597,5597,5,12,"Turkey, light or dark meat, smoked, cooked, with skin, bone removed","Dindon, viande blanche ou brune, fumée, cuite, avec peau, désossée",2026-01-28,,43390.0,
5598,5598,5,12,"Turkey, light or dark meat, smoked, cooked, skin and bone removed","Dindon, viande blanche ou brune, fumée, cuite, désossée, sans peau",2026-01-28,,43391.0,
5599,5599,11,12,"Hearts of palm, raw","Coeurs de palmier, crus",2026-01-28,,43392.0,
5600,5600,1,12,"Cheese, cottage, low fat, 1% M.F, with vegetables","Fromage cottage, faible en gras, 1% .M.G., avec légumes",2026-01-28,,43396.0,
5601,5601,1,12,"Cheese, processed product, cheddar, slices, low sodium","Produit de fromage fondu, cheddar, faible en sodium",2012-07-24,,43398.0,
5602,5602,14,0,"Coffee, instant, powder, with whitener and artificial sweetener","Café instantané, poudre, avec colorant à café et édulcorant artificiel",2012-07-02,,43401.0,
5603,5603,14,12,"Juice drink, cranberry-apple low calorie, with vitamin C added","Boisson au jus canneberges et pommes, hypocalorique, vitamine C ajoutée",2026-01-28,,43404.0,
5604,5604,1,12,"Cheese, swiss, low sodium","Fromage suisse, faible en sodium",2012-07-24,,43405.0,
5605,5605,11,12,Yeast extract spread,"Extrait de levure, tartinade",2012-07-03,,43406.0,
5606,5606,16,12,"Meatless, chicken, breaded, fried","Viande, simili, poulet, pané et frit",2026-01-28,,43410.0,
5607,5607,18,12,"Roll, pumpernickel","Pain, petit pain, seigle foncé (pumpernickel)",2026-01-28,,43441.0,
5608,5608,25,12,"Snacks, corn-based, extruded, chips, unsalted","Grignotises, base de maïs, extrudé, croustilles, sans sel",2026-01-28,,43447.0,
5609,5609,16,12,"Beans, baked, canned, unsalted","Fèves au lard, conserve, sans sel ajouté",2026-01-28,,43449.0,
5610,5610,16,0,"Yogourt (yogurt), tofu","Yogourt, tofu",2026-01-28,,43476.0,
5611,5611,14,12,"Alcohol, rice (sake)","Boisson alcoolisée, vin de riz (saké)",2026-01-28,,43479.0,
5612,5612,15,0,"Jellyfish, dried, salt added","Méduse, déshydratée, sel ajouté",2012-06-22,,43497.0,
5613,5613,7,37,"Wiener (frankfurter), reduced fat and sodium","Saucisse fumée, teneur réduite en gras et sodium",2026-01-28,,43507.0,
5614,5614,19,12,"Dessert, frozen, pop, with artificial sweetener","Dessert, congelé, pop, avec édulcorant artificiel",2026-01-28,,43514.0,
5615,5615,25,12,"Snacks, tortilla chips, light (baked with less oil)","Grignotises, croustilles, tortilla, léger, cuit au four avec moins d'huile",2026-01-28,,43566.0,
5616,5616,25,12,"Snacks, popcorn, microwave, low fat and sodium","Grignotises, mais soufflé au four à micro-ondes, faible en gras et sodium",2026-01-28,,43572.0,
5617,5617,1,12,"Cheese, swiss, low fat","Fromage suisse, faible en gras",2026-01-28,,43589.0,
5618,5618,18,12,"Breakfast bar, corn flake crust with fruit","Barre de petit déjeuner, croûte de flocons de maïs avec fruits",2026-01-28,,43595.0,
5619,5619,1,12,"Cheese, mozzarella, low sodium","Fromage mozzarella, faible en sodium",2012-07-24,,43597.0,
5620,5620,4,12,"Salad dressing, mayonnaise, no cholesterol","Vinaigrette, mayonnaise, sans cholestérol",2012-06-27,,43598.0,
5622,5622,4,12,"Vegetable oil, corn, peanut and olive","Huile végétale, maïs, arachides et olives",2012-06-27,,44005.0,
5623,5623,1,12,"Cheese food, imitation","Fromage, préparation, imitation",2012-07-24,,44048.0,
5624,5624,11,12,"Celery flakes, dried","Flocons de céleri, déshydratés",2012-06-18,,44055.0,
5625,5625,19,12,"Dessert, pudding, chocolate, dry mix, instant, low calorie, unprepared","Dessert, pouding, chocolat, mélange sec, instantané, hypocalorique, non préparé",2026-01-28,,44061.0,
5626,5626,19,12,"Sweets, jams and preserves, jelly, reduced sugar or no sugar, homemade","Confiseries, confitures et conserves, gelée, réduite en sucre ou sans sucre, faite maison",2026-01-28,,44110.0,
5627,5627,19,12,"Sweets, pie fillings, blueberry, canned","Confiseries, garniture à tarte, bleuets, conserve",2012-06-25,,44158.0,
5628,5628,14,12,"Cocktail mix, non-alcoholic, concentrated, frozen","Préparation pour cocktail non alcoolisé, concentré, congelé",2012-07-03,,44203.0,
5629,5629,19,12,"Dessert, pudding, chocolate, dry mix, regular, low calorie, unprepared","Dessert, pouding, chocolat, mélange sec, régulier, hypocalorique, non préparé",2026-01-28,,44258.0,
5630,5630,19,12,"Dessert, pudding, all flavours except chocolate, dry mix, regular, low calorie, unprepared","Dessert, pouding, toutes saveurs sauf chocolat, mélange sec, régulier, hypocalorique, non préparé",2026-01-28,,44259.0,
5631,5631,19,12,"Dessert, pudding, all flavours except chocolate, dry mix, instant, low calorie, unprepared","Dessert, pouding, toutes saveurs sauf chocolat, mélange sec, instantané, hypocalorique, non préparé",2026-01-28,,44260.0,
5632,5632,14,12,"Drink, fruit flavour, powder, vitamin C, unsweetened","Boisson, saveur de fruits, poudre, vitamine C, non sucrée",2026-01-28,,47011.0,
5633,5633,15,0,"Fish, mackerel, salt added","Poisson, maquereau, sel ajouté",2013-01-31,,83110.0,
5634,5634,15,0,"Mollusks, scallop (bay and sea), cooked, steamed","Mollusques, pétoncle (de baie ou géant), cuit à la vapeur",2026-01-28,,90240.0,
5635,5635,15,12,"Mollusks, snail, raw","Mollusques, escargot, cru",2012-06-22,,90560.0,
5638,5638,5,0,"Emu, ground, raw","Émeu, haché, cru",2026-01-28,,5621.0,Dromaius novaehollandiae
5639,5639,5,0,"Emu, ground, cooked, pan-broiled","Émeu, haché, cuit, grillé au poêlon",2026-01-28,,5622.0,Dromaius novaehollandiae
5640,5640,5,0,"Emu, fan fillet, raw","Émeu, filet de l'éventail, cru",2012-06-19,,5623.0,Dromaius novaehollandiae
5641,5641,5,0,"Emu, fan fillet, cooked, broiled","Émeu, filet de l'éventail, cuit, grillé",2012-06-19,,5624.0,Dromaius novaehollandiae
5642,5642,5,0,"Emu, flat fillet, raw","Émeu, filet plat, cru",2012-06-28,,5625.0,Dromaius novaehollandiae
5643,5643,5,0,"Emu, full rump, raw","Émeu, croupe, cru",2012-06-19,,5626.0,Dromaius novaehollandiae
5644,5644,5,0,"Emu, full rump, cooked, broiled","Émeu, croupe, cuit, grillé",2012-06-19,,5627.0,Dromaius novaehollandiae
5645,5645,5,0,"Emu, inside drum, raw","Émeu, intérieur de pilon, cru",2012-06-19,,5628.0,Dromaius novaehollandiae
5646,5646,5,0,"Emu, inside drum, cooked, broiled","Émeu, intérieur de pilon, cuit, grillé",2012-06-19,,5629.0,Dromaius novaehollandiae
5647,5647,5,0,"Emu, outside drum, raw","Émeu, extérieur de pilon, cru",2012-06-28,,5630.0,Dromaius novaehollandiae
5648,5648,5,0,"Emu, oyster, raw","Émeu, sot-l'y-laisse, cru",2012-06-28,,5631.0,Dromaius novaehollandiae
5649,5649,5,0,"Emu, top loin, cooked, broiled","Émeu, haut de longe, cuit, grillé",2026-01-28,,5632.0,Dromaius novaehollandiae
5650,5650,5,0,"Ostrich, ground, raw","Autruche, hachée, crue",2026-01-28,,5641.0,Struthio camelus
5651,5651,5,0,"Ostrich, ground, cooked, pan-broiled","Autruche, hachée, cuite, grillée au poêlon",2026-01-28,,5642.0,Struthio camelus
5652,5652,5,0,"Ostrich, fan, raw","Autruche, l'éventail, crue",2012-06-28,,5643.0,Struthio camelus
5653,5653,5,0,"Ostrich, inside leg, raw","Autruche, intérieur de pilon, crue",2012-06-19,,5644.0,Struthio camelus
5654,5654,5,0,"Ostrich, inside leg, cooked","Autruche, intérieur de pilon, cuite",2012-06-19,,5645.0,Struthio camelus
5655,5655,5,0,"Ostrich, inside strip, raw","Autruche, intérieur de cuisse, crue",2012-06-19,,5646.0,Struthio camelus
5656,5656,5,0,"Ostrich, inside strip, cooked","Autruche, intérieur de cuisse, cuite",2012-06-19,,5647.0,Struthio camelus
5657,5657,5,0,"Ostrich, outside leg, raw","Autruche, extérieur de pilon, cru",2012-06-28,,5648.0,Struthio camelus
5658,5658,5,0,"Ostrich, outside strip, raw","Autruche, extérieur de cuisse, crue",2012-06-19,,5649.0,Struthio camelus
5659,5659,5,0,"Ostrich, outside strip, cooked","Autruche, extérieur de cuisse, cuite",2012-06-19,,5650.0,Struthio camelus
5660,5660,5,0,"Ostrich, oyster, raw","Autruche, sot-l'y-laisse, crue",2012-06-19,,5651.0,Struthio camelus
5661,5661,5,0,"Ostrich, oyster, cooked","Autruche, sot-l'y-laisse, cuite",2012-06-19,,5652.0,Struthio camelus
5662,5662,5,0,"Ostrich, round, raw","Autruche, ronde, crue",2012-06-28,,5653.0,Struthio camelus
5663,5663,5,0,"Ostrich, tenderloin, raw","Autruche, filet, cru",2012-06-28,,5654.0,Struthio camelus
5664,5664,5,0,"Ostrich, tip trimmed, raw","Autruche, pointe de cuisse, crue",2012-06-19,,5655.0,Struthio camelus
5665,5665,5,0,"Ostrich, tip trimmed, cooked","Autruche, pointe de cuisse, cuite",2012-06-19,,5656.0,Struthio camelus
5666,5666,5,0,"Ostrich, top loin, raw","Autruche, haut de longe, cru",2012-06-19,,5657.0,Struthio camelus
5667,5667,5,0,"Ostrich, top loin, cooked","Autruche, haut de longe, cuit",2012-06-19,,5658.0,Struthio camelus
5669,5669,7,0,Liverwurst spread,"Saucisson de foie, tartinade",2026-01-28,,7911.0,
5674,5674,7,37,"Sausage, Polish, smoked, pre-cooked","Saucisse, saucisson polonais, porc et boeuf, fumé",2012-06-19,,7916.0,
5675,5675,7,37,"Sausage, smoked, with cheddar cheese, pre-cooked","Saucisse, fumée, avec fromage cheddar, pré-cuite",2014-07-14,,7917.0,
5677,5677,7,37,"Sausage, breakfast links or rounds, turkey, raw","Saucisse à déjeuner, en chapelet ou en galette, dinde, crue",2012-06-19,,7919.0,
5678,5678,7,0,"Sausage. Swisswurst, pork and beef, with swiss cheese, smoked","Saucisse, swisswurst, porc et boeuf, avec fromage suisse, fumée",2026-01-28,,7920.0,
5679,5679,7,0,"Meat stick, bacon and beef","Bâtonnet de viande, bacon et boeuf",2026-01-28,,7921.0,
5680,5680,7,0,"Sausage, Bratwurst, beef and pork, smoked","Saucisse, Bratwurst, boeuf et porc, fumée",2026-01-28,,7922.0,
5681,5681,7,0,"Sausage, Bratwurst, chicken, cooked","Saucisse, Bratwurst, poulet, cuite",2026-01-28,,7923.0,
5682,5682,7,0,"Sausage, Bratwurst, pork, beef and turkey, smoked, reduced fat","Saucisse, Bratwurst, porc, boeuf et dinde, fumée, teneur réduite en gras",2026-01-28,,7924.0,
5683,5683,7,0,"Deli-meat, pastrami, beef, extra lean, sliced","Charcuterie, pastrami, boeuf, extrai maigre, tranché",2026-01-28,,7925.0,
5684,5684,7,0,"Deli-meat, salami, Italian, pork","Charcuterie, salami italien, porc",2026-01-28,,7926.0,
5685,5685,7,0,"Sausage, Italian, turkey, smoked","Saucisse, italienne, dinde, fumée",2026-01-28,,7927.0,
5687,5687,7,0,"Sausage, smoked, turkey, hot","Saucisse, fumée, dinde, épicée",2012-06-19,,7929.0,
5689,5689,7,0,"Deli-meat, Beerwurst, (Beer salami, Bierwurst), pork and beef","Charcuterie, saucisson à la bière, porc et boeuf",2026-01-28,,7931.0,
5691,5691,7,37,"Deli-meat, chicken breast, oven-roasted, fat free, sliced","Charcuterie, poitrine de poulet, rôtie au four, sans gras, tranchée",2026-01-28,,7933.0,
5692,5692,7,37,"Sausage, Kielbasa (kolbassa), turkey","Saucisse, kielbasa (kolbassa), dinde",2026-01-28,,7934.0,
5693,5693,7,37,"Deli-meat, chicken breast, oven-roasted, sliced","Charcuterie, poitrine de poulet, rôtie au four, tranchée",2026-01-28,,7935.0,
5694,5694,7,0,"Deli-meat, Bologna (baloney), reduced fat","Charcuterie, saucisson de bologne, teneur réduite en gras",2026-01-28,,7936.0,
5696,5696,7,0,"Deli-meat, honey ham, smoked, extra lean, sliced","Charcuterie, jambon au miel, fumé, extra maigre, tranché",2026-01-28,,7938.0,
5698,5698,7,0,"Deli-meat, macaroni and cheese loaf, chicken/pork/beef","Charcuterie, pain de viande, macaroni au fromage, poulet, porc et boeuf",2026-01-28,,7940.0,
5699,5699,7,0,"Deli-meat, salami, Italian, pork and beef, reduced sodium","Charcuterie, salami italien, porc et boeuf, réduit en sodium",2026-01-28,,7941.0,
5702,5702,7,37,"Deli-meat, turkey breast, oven roasted, sliced","Charcuterie, poitrine de dinde, rôtie au four, tranchée",2026-01-28,,7081.0,
5705,5705,7,37,"Wiener (frankfurter), regular, mixed meats","Saucisse fumée, viandes mélangées",2026-01-28,,7950.0,
5706,5706,11,0,"Potato, Russet, flesh and skin, baked","Pomme de terre, Russet, chair et pelure, cuite au four",2026-01-28,,11356.0,
5707,5707,11,0,"Potato, white, flesh and skin, baked","Pomme de terre, blanche, chair et pelure, cuite au four",2026-01-28,,11357.0,
5708,5708,11,0,"Potato, red, flesh and skin, baked","Pomme de terre, rouge, chair et pelure, cuite au four",2026-01-28,,11358.0,
5709,5709,12,0,"Nuts, cashew nuts, raw","Noix, noix de cajou (acajous, anacardes), crues",2026-01-28,,12087.0,Anacardium occidentale
5710,5710,14,0,"Coffee, instant, mocha, powder, with whitener and artificial sweetener, decaffeinated","Café instantané, moka, poudre, avec colorant à café et édulcorant artificiel, décaféiné",2026-01-28,,14204.0,
5714,5714,14,1,"Drink, orange flavour, vitamin C added, low calorie, powder","Boisson, saveur orange, vitamine C ajoutée, hypocalorique, poudre",2026-01-28,,14409.0,
5715,5715,17,0,"Game meat, bison, ground, raw","Gibier, viande, bison, haché, cru",2012-06-22,,17330.0,Bison bison
5716,5716,17,0,"Game meat, bison, ground, cooked, pan-broiled","Gibier, viande, bison, haché, cuit, grillé au poêlon",2012-06-22,,17331.0,Bison bison
5717,5717,17,0,"Game meat, bison, top sirloin, separable lean only, steak, cooked, broiled","Gibier, viande, bison, haut de surlonge, maigre, bifteck, cuit, grillé",2012-06-22,,17332.0,Bison bison
5718,5718,17,0,"Game meat, bison, chuck, shoulder clod, roast, lean, braised","Gibier, viande, bison, épaule, rôti pointe d'épaule, maigre, cuit, braisé",2012-06-22,,17333.0,Bison bison
5719,5719,17,0,"Game meat, bison, chuck, shoulder clod roast, lean, raw","Gibier, viande, bison, épaule, rôti pointe d'épaule, maigre, cru",2012-06-22,,17334.0,Bison bison
5720,5720,17,0,"Game meat, bison, rib eye, lean, steak, cooked, broiled","Gibier, viande, bison, bifteck de faux-filet, maigre, cuit, grillé",2012-06-22,,17335.0,Bison bison
5721,5721,17,0,"Game meat, bison, top round, lean, steak, cooked, broiled","Gibier, viande, bison, intérieur de ronde, maigre, bifteck, cuit, grillé",2012-06-22,,17336.0,Bison bison
5722,5722,17,0,"Game meat, bison, top round, lean, steak, raw","Gibier, viande, bison, intérieur de ronde, maigre, bifteck, cru",2012-06-22,,17337.0,Bison bison
5723,5723,17,0,"Game meat, elk, ground, raw","Gibier, viande, wapiti (élan) haché, cru",2026-01-28,,17338.0,Cervus elaphus
5724,5724,17,0,"Game meat, elk, ground, cooked, pan-broiled","Gibier, viande, wapiti (élan), haché, cuit, grillé au poêlon",2026-01-28,,17339.0,Cervus elaphus
5725,5725,17,0,"Game meat, elk, loin, separable lean only, cooked, broiled","Gibier, viande, wapiti (élan), longe, maigre, cuit, grillé",2026-01-28,,17340.0,Cervus elaphus
5726,5726,17,0,"Game meat, elk, round, separable lean only, cooked, broiled","Gibier, viande, wapiti (élan), ronde, maigre, cuit, grillé",2026-01-28,,17341.0,Cervus elaphus
5727,5727,17,0,"Game meat, elk, tenderloin, separable lean only, cooked, broiled","Gibier, viande, wapiti (élan), filet, maigre, cuit, grillé",2026-01-28,,17342.0,Cervus elaphus
5728,5728,17,0,"Game meat, deer (venison), ground, raw","Gibier, viande de chevreuil (venaison), haché, cru",2026-01-28,,17343.0,"Cervus elaphus, Dama dama"
5729,5729,17,0,"Game meat, deer (venison), ground, cooked, pan-broiled","Gibier, viande de chevreuil (venaison), haché, cuit, grillé au poêlon",2012-06-22,,17344.0,"Cervus elaphus, Dama dama"
5730,5730,17,0,"Game meat, deer (venison), loin, separable lean only, 1 steak, cooked, broiled","Gibier, viande de chevreuil (venaison), longe, maigre, bifteck 1, cuit, grillé",2012-06-22,,17345.0,"Cervus elaphus, Dama dama"
5731,5731,17,0,"Game meat, deer (venison), shoulder clod roast, lean, braised","Gibier, viande de chevreuil (venaison), rôti de pointe d'épaule, maigre, braisé",2012-06-22,,17346.0,"Cervus elaphus, Dama dama"
5732,5732,17,0,"Game meat, deer (venison), tenderloin, roast, lean, broiled","Gibier, viande de chevreuil (venaison), filet, rôti, maigre, grillé",2012-06-22,,17347.0,"Cervus elaphus, Dama dama"
5733,5733,17,0,"Game meat, deer (venison), top round, separable lean only, 1 steak, cooked, broiled","Gibier, viande de chevreuil (venaison), intérieur de ronde, maigre, bifteck 1, cuit, grillé",2012-06-22,,17348.0,"Cervus elaphus, Dama dama"
5734,5734,19,0,"Candies, licorice, cherry, pieces","Bonbons, réglisse, cerises, morceaux",2026-01-28,,19092.0,
5735,5735,19,0,"Dessert, frozen, ice cream, chocolate, light","Dessert, congelé, crème glacée, chocolat, léger",2012-07-24,,19114.0,
5736,5736,19,0,"Sweets, topping, chocolate flavour hazelnut spread","Confiseries, garniture, tartinade au chocolat et noisettes",2026-01-28,,19125.0,
5737,5737,19,0,"Candies, York Bites","Bonbons, York Bites",2020-10-15,,19181.0,
5738,5738,19,35,"Dessert, pudding, chocolate, dry mix, instant, prepared with whole milk","Dessert, pouding, chocolat, mélange sec, instantané, préparé avec lait entier",2026-01-28,,19185.0,
5739,5739,19,35,"Dessert, pudding, vanilla, dry mix, instant, prepared with whole milk","Dessert, pouding, vanille, mélange sec, instantané, préparé avec lait entier",2026-01-28,,19203.0,
5740,5740,19,0,"Dessert, pudding, vanilla, ready-to-eat, fat free","Dessert, pouding, vanille, prêt-à-manger, sans gras",2026-01-28,,19233.0,
5741,5741,19,0,"Dessert, pudding, tapioca, ready-to-eat, fat free","Dessert, pouding, tapioca, prêt-à-manger, sans gras",2026-01-28,,19234.0,
5742,5742,19,0,"Dessert, pudding, chocolate, ready-to-eat, fat free","Dessert, pouding, chocolat, prêt-à-manger, sans gras",2026-01-28,,19235.0,
5743,5743,19,0,"Candies, milk chocolate with almond bites","Bonbons, chocolat au lait avec amandes, bouchées",2026-01-28,,19236.0,
5745,5745,19,0,"Candies, Reese's Bites","Bonbons, Reese's bouchées",2026-01-28,,19238.0,
5748,5748,19,0,"Candies, sugar-coated almonds","Bonbons, amandes dragées",2026-01-28,,19858.0,
5749,5749,19,0,"Pectin, liquid","Pectine, liquide",2012-07-03,,42063.0,
5750,5750,19,12,"Dessert, frozen, ice cream, vanilla, light, no sugar added, chocolate coated","Dessert, congelé, crème glacée, vanille, légère, sans sucre, enrobée de chocolat",2026-01-28,,42074.0,
5751,5751,19,12,"Dessert, frozen yogourt (yogurt), chocolate, skim milk, with artificial sweetener","Dessert, congelé, yogourt glacé, chocolat, lait écrémé, édulcorant artificiel",2026-01-28,,42185.0,
5752,5752,19,12,"Dessert, frozen, juice, orange","Dessert, congelé, jus, orange",2026-01-28,,43346.0,
5753,5753,19,12,"Dessert, frozen, juice with cream","Dessert, congelé, jus et crème",2026-01-28,,43450.0,
5754,5754,19,12,"Dessert, frozen, ice cream, chocolate, rich","Dessert, congelé, crème glacée, chocolat, riche",2012-07-24,,43541.0,
5755,5755,8,26,"Cereal, hot, oats (oatmeal), Quick: Robin Hood, prepared, Robin Hood","Céréale, chaude, avoine (gruau), Rapide: Robin Hood, préparée, Robin Hood",2026-01-28,,,
5758,5758,14,4,"Coffee substitute, cereal grain beverage, powder, with 2% M.F. milk","Café, succédané, boisson de céréales, poudre, avec lait 2% M.G.",2026-01-28,,,
5759,5759,17,28,"Game meat, Indigenous, bearded seal meat, raw","Gibier, viande, autochtone, phoque barbu, viande, crue",2026-01-28,,,Erignathus barbatus
5760,5760,17,28,"Game meat, Indigenous, bearded seal meat, boiled","Gibier, viande, autochtone, phoque barbu, viande, bouillie",2026-01-28,,,Erignathus barbatus
5761,5761,17,28,"Game meat, Indigenous, bearded seal, intestine, raw","Gibier, viande, autochtone, phoque barbu, intestin, cru",2026-01-28,,,Erignathus barbatus
5762,5762,17,28,"Game meat, Indigenous, bearded seal, intestine, boiled","Gibier, viande, autochtone, phoque barbu, intestin, bouilli",2026-01-28,,,Erignathus barbatus
5763,5763,17,28,"Game meat, Indigenous, bearded seal, blubber, raw","Gibier, viande, autochtone, phoque barbu, lard, cru",2026-01-28,,,Erignathus barbatus
5764,5764,17,28,"Game meat, Indigenous, beluga, blubber, raw","Gibier, viande, autochtone, béluga, lard, cru",2026-01-28,,,Delphinapterus leucas
5765,5765,17,28,"Game meat, Indigenous, beluga, blubber, boiled","Gibier, viande, autochtone, béluga, lard, bouilli",2026-01-28,,,Delphinapterus leucas
5766,5766,17,28,"Game meat, Indigenous, beluga, muktuk, raw","Gibier, viande, autochtone, béluga, muktuk, cru",2026-01-28,,,Delphinapterus leucas
5767,5767,17,28,"Game meat, Indigenous, beluga, muktuk, boiled","Gibier, viande, autochtone, béluga, muktuk, bouilli",2026-01-28,,,Delphinapterus leucas
5768,5768,4,28,"Animal fat, Indigenous, beluga oil","Gras animal, autochtone, huile de béluga",2026-01-28,,35014.0,Delphinapterus leucas
5769,5769,17,28,"Game meat, Indigenous, beluga, meat, dried","Gibier, viande, autochtone, béluga, viande, déshydratée",2026-01-28,,,Delphinapterus leucas
5770,5770,17,28,"Game meat, Indigenous, narwhal, flippers, aged","Gibier, viande, autochtone, narval, nageoires, vieillies",2026-01-28,,,Monodon monoceros
5771,5771,17,28,"Game meat, Indigenous, narwhal, meat, dried","Gibier, viande, autochtone, narval, viande, déshydratée",2026-01-28,,,Monodon monoceros
5772,5772,17,28,"Game meat, Indigenous, narwhal, blubber, raw","Gibier, viande, autochtone, narval, lard, cru",2026-02-11,,,Monodon monoceros
5773,5773,17,28,"Game meat, Indigenous, narwhal, blubber, aged","Gibier, viande, autochtone, narval, lard, vieilli",2026-01-28,,,Monodon monoceros
5774,5774,17,28,"Game meat, Indigenous, narwhal, blubber, boiled","Gibier, viande, autochtone, narval, lard, bouilli",2026-01-28,,,Monodon monoceros
5775,5775,17,28,"Game meat, Indigenous, narwhal, skin (muktuk), raw","Gibier, viande, autochtone, narval, peau (muktuk), crue",2026-01-28,,,Monodon monoceros
5776,5776,17,28,"Game meat, Indigenous, narwhal, skin (muktuk), boiled","Gibier, viande, autochtone, narval, peau (muktuk), bouillie",2026-01-28,,,Monodon monoceros
5777,5777,17,28,"Game meat, Indigenous, narwhal, skin (muktuk), aged","Gibier, viande, autochtone, narval, peau (muktuk), vieillie",2016-10-31,,,Monodon monoceros
5778,5778,17,28,"Game meat, Indigenous, ringed seal, blubber, raw","Gibier, viande, autochtone, phoque annelé, lard, cru",2016-10-31,,,Phoca hispida
5779,5779,17,28,"Game meat, Indigenous, ringed seal, blubber, aged, liquid","Gibier, viande, autochtone, phoque annelé, lard, vieilli, liquide",2016-10-31,,,Phoca hispida
5780,5780,17,28,"Game meat, Indigenous, ringed seal, blubber, aged, solid","Gibier, viande, autochtone, phoque annelé, lard, vieilli, solide",2016-10-31,,,Phoca hispida
5781,5781,17,28,"Game meat, Indigenous, ringed seal, blubber, boiled","Gibier, viande, autochtone, phoque annelé, lard, bouilli",2016-10-31,,,Phoca hispida
5782,5782,17,28,"Game meat, Indigenous, ringed seal, meat, raw","Gibier, viande, autochtone, phoque annelé, viande, crue",2016-10-31,,,Phoca hispida
5783,5783,17,28,"Game meat, Indigenous, ringed seal, meat, boiled","Gibier, viande, autochtone, phoque annelé, viande, bouillie",2016-10-31,,,Phoca hispida
5784,5784,17,28,"Game meat, Indigenous, ringed seal, meat, aged","Gibier, viande, autochtone, phoque annelé, viande, vieillie",2016-10-31,,,Phoca hispida
5785,5785,17,28,"Game meat, Indigenous, ringed seal, heart, raw","Gibier, viande, autochtone, phoque annelé, coeur, cru",2026-01-28,,,Phoca hispida
5786,5786,17,28,"Game meat, Indigenous, ringed seal, brain, raw","Gibier, viande, autochtone, phoque annelé, cervelle, crue",2026-01-28,,,Phoca hispida
5787,5787,17,28,"Game meat, Indigenous, ringed seal, eyes, raw","Gibier, viande, autochtone, phoque annelé, yeux, crus",2026-01-28,,,Phoca hispida
5788,5788,17,28,"Game meat, Indigenous, ringed seal, liver, raw","Gibier, viande, autochtone, phoque annelé, foie, cru",2026-01-28,,,Phoca hispida
5789,5789,17,28,"Game meat, Indigenous, ringed seal, pup, raw","Gibier, viande, autochtone, phoque annelé, bébé phoque, cru",2016-10-31,,,Phoca hispida
5790,5790,17,28,"Game meat, Indigenous, ringed seal, pup, boiled","Gibier, viande, autochtone, phoque annelé, bébé phoque, bouilli",2016-10-31,,,Phoca hispida
5791,5791,17,28,"Game meat, Indigenous, walrus, blubber, raw","Gibier, viande, autochtone, morse, lard, cru",2016-10-31,,,Odobenus rosmarus
5792,5792,17,28,"Game meat, Indigenous, walrus, blubber, boiled","Gibier, viande, autochtone, morse, lard, bouilli",2016-10-31,,,Odobenus rosmarus
5793,5793,17,28,"Game meat, Indigenous, walrus, blubber, aged","Gibier, viande, autochtone, morse, lard, vieilli",2016-10-31,,,Odobenus rosmarus
5794,5794,17,28,"Game meat, Indigenous, walrus, meat, boiled","Gibier, viande, autochtone, morse, viande, bouillie",2016-10-31,,,Odobenus rosmarus
5795,5795,17,28,"Game meat, Indigenous, walrus, meat, aged","Gibier, viande, autochtone, morse, viande, vieillie",2016-10-31,,,Odobenus rosmarus
5796,5796,17,28,"Game meat, Indigenous, walrus, skin (muktuk), raw","Gibier, viande, autochtone, morse, peau (muktuk), crue",2016-10-31,,,Odobenus rosmarus
5797,5797,17,28,"Game meat, Indigenous, walrus, skin (muktuk), aged","Gibier, viande, autochtone, morse, peau (muktuk), vieillie",2016-10-31,,,Odobenus rosmarus
5798,5798,17,28,"Game meat, Indigenous, walrus, flippers, mattak, aged","Gibier, viande, autochtone, morse, nageoires, mattak, vieillies",2026-01-28,,,Odobenus rosmarus
5799,5799,17,28,"Game meat, Indigenous, ringed seal, flippers, mattak, aged","Gibier, viande, autochtone, phoque annelé, nageoires, mattak, vieillies",2026-01-28,,,Phoca hispida
5800,5800,17,28,"Game meat, Indigenous, beaver, meat, dried","Gibier, viande, autochtone, castor, viande, déshydratée",2016-10-31,,,Castor canadensis
5801,5801,17,28,"Game meat, Indigenous, beaver, feet, roasted","Gibier, viande, autochtone, castor, pieds, rôtis",2026-01-28,,,Castor canadensis
5802,5802,17,28,"Game meat, Indigenous, beaver, tail, roasted","Gibier, viande, autochtone, castor, queue, rôtie",2026-01-28,,,Castor canadensis
5803,5803,17,28,"Game meat, Indigenous, beaver, liver, raw","Gibier, viande, autochtone, castor, foie, cru",2026-01-28,,,Castor canadensis
5804,5804,17,28,"Game meat, Indigenous, caribou (reindeer), bone marrow, cooked","Gibier, viande, autochtone, caribou (renne), moelle osseuse, cuite",2016-10-31,,,Rangifer tarandus
5805,5805,17,28,"Game meat, Indigenous, caribou (reindeer), fat, raw","Gibier, viande, autochtone, caribou (renne), gras, cru",2016-10-31,,,Rangifer tarandus
5806,5806,17,28,"Game meat, Indigenous, caribou (reindeer), meat, dried","Gibier, viande, autochtone, caribou, (renne), viande, déshydratée",2016-10-31,,,Rangifer tarandus
5807,5807,17,28,"Game meat, Indigenous, caribou (reindeer), meat, aged","Gibier, viande, autochtone, caribou, (renne), viande, vieillie",2016-10-31,,,Rangifer tarandus
5808,5808,17,28,"Game meat, Indigenous, caribou (reindeer), brain, raw","Gibier, viande, autochtone, caribou, (renne), cervelle, crue",2026-01-28,,,Rangifer tarandus
5809,5809,17,28,"Game meat, Indigenous, caribou (reindeer), brain, boiled","Gibier, viande, autochtone, caribou, (renne), cervelle, bouillie",2026-01-28,,,Rangifer tarandus
5810,5810,17,28,"Game meat, Indigenous, caribou (reindeer), heart, raw","Gibier, viande, autochtone, caribou, (renne), coeur, cru",2026-01-28,,,Rangifer tarandus
5811,5811,17,28,"Game meat, Indigenous, caribou (reindeer), heart, boiled","Gibier, viande, autochtone, caribou, (renne), coeur, bouilli",2026-01-28,,,Rangifer tarandus
5812,5812,17,28,"Game meat, Indigenous, caribou (reindeer), lungs, raw","Gibier, viande, autochtone, caribou, (renne), poumons, crus",2026-01-28,,,Rangifer tarandus
5813,5813,17,28,"Game meat, Indigenous, caribou (reindeer), stomach, raw","Gibier, viande, autochtone, caribou, (renne), estomac, cru",2026-01-28,,,Rangifer tarandus
5814,5814,17,28,"Game meat, Indigenous, caribou (reindeer), stomach, contents","Gibier, viande, autochtone, caribou, (renne), estomac, contenus stomacaux",2026-01-28,,,Rangifer tarandus
5815,5815,17,28,"Game meat, Indigenous, caribou (reindeer), liver, raw","Gibier, viande, autochtone, caribou, (renne), foie, cru",2026-01-28,,,Rangifer tarandus
5816,5816,17,28,"Game meat, Indigenous, caribou (reindeer), liver, baked","Gibier, viande, autochtone, caribou, (renne), foie, cuit au four",2026-01-28,,,Rangifer tarandus
5817,5817,17,28,"Game meat, Indigenous, caribou (reindeer), tongue, raw","Gibier, viande, autochtone, caribou, (renne), langue, crue",2026-01-28,,,Rangifer tarandus
5818,5818,17,28,"Game meat, Indigenous, caribou (reindeer), tongue, cooked","Gibier, viande, autochtone, caribou, (renne), langue, cuite",2026-01-28,,,Rangifer tarandus
5819,5819,17,28,"Game meat, Indigenous, moose, dried","Gibier, viande, autochtone, orignal, déshydratée",2016-10-31,,,Alces alces
5820,5820,17,28,"Game meat, Indigenous, moose, bone marrow, raw","Gibier, viande, autochtone, orignal, moelle osseuse, crue",2016-10-31,,,Alces alces
5821,5821,17,28,"Game meat, Indigenous, moose, bone marrow, cooked","Gibier, viande, autochtone, orignal, moelle osseuse, cuite",2016-10-31,,,Alces alces
5822,5822,17,28,"Game meat, Indigenous, moose, fat, raw","Gibier, viande, autochtone, orignal, gras, cru",2016-10-31,,,Alces alces
5823,5823,17,28,"Game meat, Indigenous, moose, fat, cooked","Gibier, viande, autochtone, orignal, gras, cuit",2016-10-31,,,Alces alces
5824,5824,4,28,"Animal fat, Indigenous, moose, fat, dried","Gras animal, autochtone, orignal, gras, déshydraté",2016-10-31,,,Alces alces
5825,5825,17,28,"Game meat, Indigenous, moose, lung, raw","Gibier, viande, autochtone, orignal, poumons, crus",2026-01-28,,,Alces alces
5826,5826,17,28,"Game meat, Indigenous, moose, lung, roasted","Gibier, viande, autochtone, orignal, poumons, rôtis",2026-01-28,,,Alces alces
5827,5827,17,28,"Game meat, Indigenous, moose, kidney, raw","Gibier, viande, autochtone, orignal, rognon, cru",2026-01-28,,,Alces alces
5828,5828,17,28,"Game meat, Indigenous, moose, liver, raw","Gibier, viande, autochtone, orignal, foie, cru",2026-01-28,,,Alces alces
5829,5829,17,28,"Game meat, Indigenous, moose, liver, roasted","Gibier, viande, autochtone, orignal, foie, rôti",2026-01-28,,,Alces alces
5830,5830,17,28,"Game meat, Indigenous, moose, blood, raw","Gibier, viande, autochtone, orignal, sang, cru",2016-10-31,,,Alces alces
5831,5831,17,28,"Game meat, Indigenous, muskox, raw","Gibier, viande, autochtone, boeuf musqué, cru",2016-10-31,,,Ovibos moschatus
5832,5832,17,28,"Game meat, Indigenous, muskox, fat, raw","Gibier, viande, autochtone, boeuf musqué, gras, cru",2016-10-31,,,Ovibos moschatus
5833,5833,17,28,"Game meat, Indigenous, polar bear, raw","Gibier, viande, autochtone, ours blanc (ours polaire), cru",2016-10-31,,,"Ursus maritimus, Thalarctos maritimus"
5834,5834,17,28,"Game meat, Indigenous, polar bear, meat, boiled","Gibier, viande, autochtone, ours blanc (ours polaire), bouilli",2016-10-31,,,"Ursus maritimus, Thalarctos maritimus"
5835,5835,17,28,"Game meat, Indigenous, polar bear, fat, raw","Gibier, viande, autochtone, ours blanc (ours polaire), gras, cru",2016-10-31,,,"Ursus maritimus, Thalarctos maritimus"
5836,5836,17,28,"Game meat, Indigenous, polar bear, fat, boiled","Gibier, viande, autochtone, ours blanc (ours polaire), gras, bouilli",2016-10-31,,,"Ursus maritimus, Thalarctos maritimus"
5837,5837,17,28,"Game meat, Indigenous, bear, smoked","Gibier, viande, autochtone, ours, fumé",2016-10-31,,,"Ursus maritimus, Thalarctos maritimus"
5838,5838,15,28,"Fish, arctic char, Indigenous, meat, boiled","Poisson, omble chevalier, autochtone, viande, bouilli",2016-10-31,,,Salvelinus alpinus (naresi)
5839,5839,15,28,"Fish, arctic char, Indigenous, meat, dried","Poisson, omble chevalier, autochtone, viande, déshydraté",2026-01-28,,,Salvelinus alpinus (naresi)
5840,5840,15,28,"Fish, arctic char, Indigenous, meat and skin, raw","Poisson, omble chevalier, autochtone, viande et peau, crues",2016-10-31,,,Salvelinus alpinus (naresi)
5841,5841,15,28,"Fish, arctic char, Indigenous, meat and skin, dried","Poisson, omble chevalier, autochtone, viande et peau, déshydratées",2026-01-28,,,Salvelinus alpinus (naresi)
5842,5842,15,28,"Fish, arctic char, Indigenous, skin, raw","Poisson, omble chevalier, autochtone, peau, cru",2016-10-31,,,Salvelinus alpinus (naresi)
5843,5843,15,28,"Fish, grayling, Indigenous, raw","Poisson, ombre, autochtone, cru",2016-10-31,,,Thymallus arcticus
5844,5844,15,28,"Fish, grayling, Indigenous, cooked","Poisson, ombre, autochtone, cuit",2016-10-31,,,Thymallus arcticus
5845,5845,15,28,"Fish, inconnu, Indigenous, raw","Poisson, inconnu, autochtone, cru",2016-10-31,,,Stenodus leucichthys
5846,5846,15,28,"Fish, inconnu, Indigenous, cooked","Poisson, inconnu, autochtone, cuit",2016-10-31,,,Stenodus leucichthys
5847,5847,15,28,"Fish, inconnu, Indigenous, smoked, baked","Poisson, inconnu, autochtone, fumé, au four",2016-10-31,,,Stenodus leucichthys
5848,5848,15,28,"Fish, inconnu, Indigenous, smoked, dried","Poisson, inconnu, autochtone, fumé, déshydraté",2016-10-31,,,Stenodus leucichthys
5849,5849,15,28,"Fish, burbot (loche), Indigenous, eggs, raw","Poisson, lotte (loche), autochtone, oeufs, crus",2026-01-28,,,Lota lota (L)
5850,5850,15,28,"Fish, burbot (loche), Indigenous, liver, raw","Poisson, lotte (loche), autochtone, foie, cru",2026-01-28,,,Lota lota (L)
5851,5851,8,26,"Cereal, ready to eat, Morning Crisp Wild Berries, Jordans","Céréale, prête-à-manger, Morning Crisp: petits fruis sauvages, Jordans",2012-07-30,,,
5852,5852,5,0,"Chicken, wing, frozen, glazed, barbecue flavour","Poulet, aile, congelé, givré, saveur de barbecue",2012-06-19,,5312.0,
5853,5853,5,0,"Chicken, wing, frozen, glazed, barbecue flavour, heated in the microwave","Poulet, aile, congelé, glacé, saveur de barbecue, réchauffé au four à micro-ondes",2012-06-19,,5313.0,
5854,5854,5,0,"Chicken, wing, frozen, glazed, barbecue flavour, heated in conventional oven","Poulet, aile, congelé, glacé, saveur de barbecue, réchauffé au four conventionnel",2012-06-19,,5320.0,
5855,5855,6,0,"Soup, ramen noodles, beef flavour, dry","Soupe, nouilles ramen, saveur de boeuf, sèche",2012-07-31,,6982.0,
5856,5856,6,0,"Soup, ramen noodles, chicken flavour, dry","Soupe, nouilles ramen, saveur de poulet, sèche",2012-07-31,,6983.0,
5857,5857,19,11,"Dessert, frozen, Fudgesicle bar, low fat","Dessert, congelé, barre Fudgesicle, faible en gras",2026-01-28,,19872.0,
5858,5858,19,0,"Dessert, frozen, Popsicle pop (orange, cherry, grape), sugar free","Dessert, congelé, Popsicle pop (orange, cerise, raisin), sans sucre",2026-01-28,,19873.0,
5859,5859,19,0,"Dessert, frozen, ice cream, chocolate, low fat","Dessert, congelé, crème glacée, chocolat, faible en gras",2026-01-28,,19894.0,
5860,5860,22,37,"Pizza, cheese, regular crust, frozen, cooked","Pizza avec fromage, croûte régulière, congelée, cuite",2026-01-28,,21224.0,
5861,5861,22,0,"Pizza, cheese, rising crust, frozen, cooked","Pizza avec fromage, croûte lève-au-four, congelée, cuite",2018-06-06,,21225.0,
5862,5862,22,0,"Pizza, cheese, meat and vegetable, regular crust, frozen, cooked","Pizza avec fromage, viande et légumes, croûte régulière, congelée, cuite",2018-06-06,,21226.0,
5863,5863,22,0,"Pizza, cheese, meat and vegetable, rising crust, frozen, cooked","Pizza avec viande et légumes, croûte lève-au-four, congelée, cuite",2018-06-06,,21227.0,
5864,5864,21,0,"Fast foods, entree, chicken, breaded and fried, boneless, plain","Aliments prêts à manger, plat principal, poulet, pané et frit, désossé, nature",2012-07-04,,21229.0,
5866,5866,22,0,"Chili without beans, canned","Chili sans haricots, conserve",2026-01-28,,22911.0,
5867,5867,22,0,"Spaghetti, with meatballs in tomato sauce, canned","Spaghetti avec boulettes de viande dans une sauce aux tomates, conserve",2026-01-28,,22912.0,
5868,5868,22,0,"Spaghetti, without meat, canned","Spaghetti sans viande, conserve",2026-01-28,,22914.0,
5869,5869,22,37,"Frozen entree, pasta, lasagna with meat in tomato sauce, reduced fat, heated","Met surgelé, pâtes, lasagne à la viande dans une sauce tomate, réduite en gras, réchauffé",2026-01-28,,22915.0,
5870,5870,22,37,"Frozen entree, pasta, lasagna with meat in tomato sauce, heated","Met surgelé, pâtes, lasagne à la viande dans une sauce tomate, réchauffé",2026-01-28,,22916.0,
5871,5871,15,28,"Agutuk, Indigenous, fish/berry with seal oil (Alaskan ice cream)","Agutuk, autochtone, poisson/baie avec huile de phoque (crème glacée alaskienne)",2026-01-28,,35001.0,
5872,5872,15,28,"Agutuk, Indigenous, fish with shortening (Alaskan ice cream)","Agutuk, autochtone, poisson avec shortening (crème glacée alaskienne)",2026-01-28,,35225.0,
5873,5873,17,28,"Game meat, Indigenous, agutuk, meat-caribou (Alaskan ice cream)","Gibier, viande, autochtone, agutuk, viande de caribou (crème glacée alaskienne)",2026-01-28,,35003.0,
5874,5874,15,28,"Ascidians, Indigenous (tunughnak)","Ascidies, autochtone (tunughnak)",2026-01-28,,35004.0,
5875,5875,17,28,"Game meat, Indigenous, beluga, eyes, raw","Gibier, viande, autochtone, béluga, yeux, crus",2026-01-28,,35010.0,Delphinapterus leucas
5876,5876,17,28,"Game meat, Indigenous, beluga, flippers, raw","Gibier, viande, autochtone, béluga, nageoires, crue",2026-01-28,,35012.0,Delphinapterus leucas
5877,5877,17,28,"Game meat, Indigenous, beluga, liver, raw","Gibier, viande, autochtone, béluga, foie, cru",2026-01-28,,35013.0,Delphinapterus leucas
5879,5879,15,28,"Fish, blackfish, Indigenous, whole","Poisson, bar noir (mérou noir), autochtone, entier",2026-01-28,,35016.0,Dallia pectoralis
5881,5881,15,28,"Mollusks, chiton, leathery, gumboots, Indigenous","Mollusques, chiton, leathery, gumboots, autochtone",2026-01-28,,35026.0,Katharina tunicata
5882,5882,15,28,"Fish, devilfish, Indigenous, meat","Poisson, diable de mer (Mante), autochtone, viande",2026-01-28,,35034.0,Myoxocephalus
5883,5883,11,28,"Fireweed, Indigenous, young leaves, raw","Épilobe à feuilles étroites, autochtone, feuilles tendres, crues",2026-01-28,,35038.0,Chamerion angustifolium
5884,5884,15,28,"Fish, herring eggs on giant kelp, Indigenous, Pacific","Poisson, oeufs de hareng, sur algue géante, autochtone, pacifique",2026-01-28,,35039.0,Clupea harengus pallasi Valenciennes & Macrocystis integrifolia
5885,5885,15,28,"Fish, herring eggs, Indigenous, Pacific, dry","Poisson, hareng, autochtone, oeufs, pacifique, déshydratés",2026-01-28,,35040.0,Clupea harengus pallasi Valenciennes
5886,5886,15,28,"Fish, herring eggs, Indigenous, Pacific, raw","Poisson, hareng, autochtone, oeufs, pacifique, crus",2026-01-28,,35041.0,Clupea harengus pallasi Valenciennes
5887,5887,15,28,"Fish, herring, Indigenous, Pacific, air-dried, packed in oil","Poisson, hareng, autochtone, pacifique, déshydraté, dans l`huile",2026-01-28,,35042.0,Clupea harengus pallasi Valenciennes
5888,5888,15,28,"Fish, lingcod, Indigenous, liver","Poisson, morue-lingue, autochtone, foie",2026-01-28,,35047.0,Ophiodon elongatus
5889,5889,11,28,"Mashu roots, (sweetvetch) Indigenous, raw","Sinfoin alpin, racines, autochtone, crues",2026-01-28,,35050.0,Hedysarum alpinum
5890,5890,17,28,"Game meat, Indigenous, bearded seal, (oogruk), air-dried","Gibier, viande, autochtone, phoque barbu, (oogruk), déshydraté",2026-01-28,,35055.0,Erignathus barbatus
5891,5891,4,28,"Animal fat, Indigenous, bearded seal, oil (oogruk oil)","Gras animal, autochtone, phoque barbu, huile (oogruk)",2026-01-28,,35057.0,Erignathus barbatus
5892,5892,15,28,"Fish, oopah (tunicata), Indigenous, whole animal","Poisson, oopah (tunicata), autochtone, entier",2026-01-28,,35058.0,Tunicata
5893,5893,17,28,"Game meat, Indigenous, horned owl, raw","Gibier, viande, autochtone, hibou strié, cru",2026-01-28,,35059.0,Bubo virgimianus
5894,5894,15,28,"Fish, pike, northern, Indigenous, liver","Poisson, grand brochet, autochtone, foie",2026-01-28,,35060.0,Esox lucius
5895,5895,15,28,"Fish, salmon, Indigenous, tipnuk, fermented","Poisson, saumon, autochtone, tipnuk, fermenté",2026-01-28,,35064.0,
5896,5896,15,28,"Fish, salmon, Indigenous, king or chinook, kippered, canned","Poisson, saumon, autochtone, royal ou quinnat, légèrement salé et fumé, conserve",2026-01-28,,35065.0,Oncorhynchus tshawytscha
5897,5897,15,28,"Fish, salmon, Indigenous, king or chinook, smoked, canned","Poisson, saumon, autochtone, royal ou quinnat, fumé, conserve",2026-01-28,,35066.0,Oncorhynchus tshawytscha
5898,5898,15,28,"Fish, salmon, Indigenous, king or chinook, smoked, brined","Poisson, saumon, autochtone, royal ou quinnat, fumé, saumuré",2026-01-28,,35067.0,Oncorhynchus tshawytscha
5899,5899,15,28,"Fish, salmon, Indigenous, king or chinook, liver","Poisson, saumon, autochtone, royal ou quinnat, foie",2026-01-28,,35068.0,Oncorhynchus tshawytscha
5900,5900,11,28,"Sourdock (sorrel), Indigenous, young leaves","Rumex petite-oseille, autochtone, feuilles tendres",2026-01-28,,35074.0,Rumex articus
5901,5901,17,28,"Game meat, Indigenous, walrus, dry","Gibier, viande, autochtone, morse, déshydraté",2026-01-28,,35079.0,Odohenus rosmarus
5902,5902,17,28,"Game meat, Indigenous, deer (venison), sitka, raw","Gibier, viande, autochtone, cerf de Sitka (venaison), cru",2026-01-28,,35080.0,Odocoileus spp
5903,5903,17,28,"Game meat, Indigenous, walrus, liver, raw","Gibier, viande, autochtone, morse, foie, cru",2026-01-28,,35083.0,Odohenus rosmarus
5904,5904,4,28,"Animal fat, Indigenous, walrus, oil","Gras animal, autochtone, morse, huile",2026-01-28,,35084.0,Odohenus rosmarus
5905,5905,17,28,"Game meat, Indigenous, bowhead, blubber","Gibier, viande, autochtone, baleine boréale, lard",2026-01-28,,35085.0,Balaena mysticetus
5906,5906,17,28,"Game meat, Indigenous, bowhead, muktuk","Gibier, viande, autochtone, baleine boréale, muktuk",2026-01-28,,35086.0,Balaena mysticetus
5907,5907,4,28,"Animal fat, Indigenous, bowhead, oil","Gras animal, autochtone, baleine boréale, huile",2026-01-28,,35087.0,Balaena mysticetus
5908,5908,11,28,"Willow, Indigenous, leaves in oil","Feuilles de saule, autochtone, dans l'huile",2026-01-28,,35092.0,Salix pulchra Cham.
5909,5909,11,28,"Willow, Indigenous, young leaves, chopped","Feuilles de saule, autochtone, tendres, hachées",2026-01-28,,35093.0,Salix pulchra Cham.
5910,5910,18,28,"Bread, 'fry bread', made with lard (Navajo)","Pain, frit (fry bread) avec saindoux, (Navajo)",2026-01-28,,35142.0,
5911,5911,22,0,Tamale (Navajo),Tamale (Navajo),2012-06-28,,35147.0,
5912,5912,15,28,"Fish, burbot (loche), Indigenous, liver, baked","Poisson, lotte (loche), autochtone, foie, cuit au four",2026-01-28,,,Lota lota (L)
5913,5913,15,28,"Fish, burbot (loche), Indigenous, skin, raw","Poisson, lotte (loche), autochtone, peau, crue",2026-01-28,,,Lota lota (L)
5914,5914,15,28,"Fish, burbot (loche), Indigenous, skin, baked","Poisson, lotte (loche), autochtone, peau, cuite au four",2026-01-28,,,Lota lota (L)
5915,5915,15,28,"Fish, burbot (loche), Indigenous, head, baked","Poisson, lotte (loche), autochtone, tête, cuite au four",2026-01-28,,,Lota lota (L)
5916,5916,20,3,"Grains, tapioca, pearl, cooked","Grains céréaliers, tapioca, perlé, cuit",2012-07-31,,,
5917,5917,20,3,"Grains, quinoa, cooked","Grains céréaliers, quinoa, cuit",2012-07-30,,20137.0,
5918,5918,16,3,"Lentils, pink, mature seeds, boiled","Lentilles, roses, grains mûrs, bouillis",2012-06-20,,,
5919,5919,15,28,"Fish, sculpin, Indigenous, raw","Poisson, chabot, autochtone, cru",2026-01-28,,,Acanthocottus groenlandicus
5920,5920,16,3,"Pasta, vermicelli, made from soy, cooked","Pâtes, vermicelles de soya, cuits",2026-01-28,,,
5921,5921,15,28,"Fish, cisco (lake herring, tullibee), Indigenous, smoked, dried","Poisson, cisco (hareng de lac), autochtone, fumé, déshydraté",2026-01-28,,,Coregonus autumnalis
5922,5922,15,28,"Fish, cisco (lake herring, tullibee), Indigenous, baked","Poisson, cisco (hareng de lac), autochtone, cuit au four",2026-01-28,,,Coregonus autumnalis
5923,5923,15,28,"Fish, whitefish, Indigenous, smoked, dried","Poisson, corégone de lac, autochtone, fumé, déshydraté",2026-01-28,,,Coregonus clupeaformis
5924,5924,15,28,"Fish, whitefish, Indigenous, smoked, baked","Poisson, corégone de lac, autochtone, fumées, au four",2026-01-28,,,Coregonus clupeaformis
5925,5925,15,28,"Fish, whitefish, Indigenous, eggs, baked","Poisson, corégone de lac, autochtone, oeufs, au four",2026-01-28,,,Coregonus clupeaformis
5926,5926,15,28,"Fish, whitefish, Indigenous, head, baked","Poisson, corégone de lac, autochtone, tête, au four",2026-01-28,,,Coregonus clupeaformis
5927,5927,15,28,"Fish, whitefish, Indigenous, esophagus, raw","Poisson, corégone de lac, autochtone, oesophage, cru",2026-01-28,,,Coregonus clupeaformis
5928,5928,15,28,"Fish, salmon, Indigenous, eggs, raw","Poisson, saumon, autochtone, oeufs, crus",2026-01-28,,,
5929,5929,5,28,"Goose, wild (Canada goose), Indigenous, meat, smoked, dried","Bernache du canada (outarde), autochtone, viande, fumée, déshydratée",2026-01-28,,,Branta canadensis
5930,5930,5,28,"Goose, wild (Canada goose), Indigenous, meat and skin, dried, boiled","Bernache du canada (outarde), autochtone, viande et peau, déshydratée, bouillie",2026-01-28,,,Branta canadensis
5931,5931,5,28,"Duck, wild, Indigenous, cooked","Canard sauvage, autochtone, cuit",2026-01-28,,,
5932,5932,5,28,"Ptarmigan, Indigenous, meat, raw","Lagopède, autochtone, viande, crue",2026-01-28,,,Lagopus sp.
5933,5933,5,28,"Ptarmigan, Indigenous, meat, cooked","Lagopède, autochtone, viande, cuite",2026-01-28,,,Lagopus sp.
5934,5934,5,28,"Spruce grouse, Indigenous, meat, raw","Tétras du Canada, autochtone, viande, crue",2026-01-28,,,Dendragus canadensis
5935,5935,5,28,"Spruce grouse, Indigenous, meat, cooked","Tétras du Canada, autochtone, viande, cuite",2026-01-28,,,Dendragus canadensis
5936,5936,11,28,"Netted willow, Indigenous, leaves, raw","Saule réticulé, autochtone, feuilles, crus",2026-01-28,,,Salix reticulata
5937,5937,11,28,"Mountain sorrel, Indigenous, leaves, raw","Rumex petite-oseille, autochtone, feuilles, crus",2026-01-28,,,Oxyria digyna
5938,5938,9,28,"Black crowberry (curlewberry), Indigenous","Camarine noire, autochtone",2026-01-28,,,Empetrum nigrum
5939,5939,9,28,"Cloudberry (bakeapple), Indigenous","Chicouté, autochtone",2026-01-28,,,Rubus chamaemorus
5940,5940,15,28,"Sea cucumber, Indigenous","Concombre de mer (holothurie), autochtone",2026-01-28,,,Cucumaria frondosa
5943,5943,13,23,"Beef, chuck, cross rib roast, boneless, lean and fat, 0mm (0) trim, raw","Boeuf, épaule, rôti de côtes croisées, désossé, maigre et gras, 0mm (0) paré, cru",2014-12-02,,23513.0,
5944,5944,13,23,"Beef, chuck, cross rib roast, boneless, lean and fat, 3mm (1/8) trim, raw","Boeuf, épaule, rôti de côtes croisées, désossé, maigre et gras, 3mm (1/8) paré, cru",2014-12-02,,23513.0,
5945,5945,13,23,"Beef, chuck, blade roast, boneless, lean and fat, 3mm (1/8'') trim, raw","Boeuf, épaule, rôti de palette, désossé, maigre et gras, 3mm (1/8'') paré, cru",2026-01-28,,13815.0,
5946,5946,13,23,"Beef, chuck, blade roast, boneless, lean, raw","Boeuf, épaule, rôti de palette, désossé, maigre, cru",2014-08-27,,13293.0,
5948,5948,13,23,"Beef, chuck, blade roast, boneless, lean and fat, 3mm (1/8'') trim, cooked, braised","Boeuf, épaule, rôti de palette, désossé, maigre et gras, 3mm (1/8'') paré, cuit, braisé",2014-08-27,,13816.0,
5949,5949,13,23,"Beef, chuck, blade roast, boneless, lean, cooked, braised","Boeuf, épaule, rôti de palette, désossé, maigre, cuit, braisé",2014-08-28,,13382.0,
5950,5950,13,23,"Beef, chuck, blade steak, boneless, lean and fat, 0mm (0) trim, raw","Boeuf, épaule, bifteck de palette, désossé, maigre et gras, 0mm (0) paré, cru",2026-01-28,,23143.0,
5952,5952,13,23,"Beef, chuck, blade steak, boneless, lean, raw","Boeuf, épaule, bifteck de palette, désossé, maigre, cru",2026-01-28,,23080.0,
5955,5955,13,23,"Beef, chuck, blade steak, with bone, lean, cooked, braised","Boeuf, épaule, bifteck de palette, avec os, maigre, cuit, braisé",2026-01-28,,23077.0,
5956,5956,9,0,"Clementine, raw","Clémentine, crue",2012-07-11,,9433.0,Citrus clementina hort. ex Tanaka
5957,5957,11,0,"Mushroom, portabella (portobello), grilled","Champignon, portobella (portobello), grillé",2012-07-11,,11243.0,
5958,5958,11,0,"Mushroom, white, stir-fried, no fat added","Champignon, sauté, sans gras ajouté",2026-01-28,,11263.0,
5959,5959,11,0,"Mushroom, shiitake, stir-fried, no fat added","Champignon, shiitake, sauté, sans gras ajouté",2026-01-28,,11267.0,Lentinus edodes
5960,5960,11,0,"Onion, yellow, sauteed","Oignon, jaune, sauté",2026-01-28,,11286.0,
5961,5961,14,1,"Sports drink, orange flavour, powder","Boisson pour sportifs, saveur orange, poudre",2026-01-28,,14450.0,
5962,5962,14,0,"Sports drink, fruit flavour, ready-to-drink","Boisson pour sportifs, saveur fruits, prête-à-boire",2026-01-28,,14460.0,
5963,5963,14,0,"Sports drink, lemon-lime flavour, ready-to-drink","Boisson pour sportifs, saveur citron et lime, prête-à-boire",2026-01-28,,14461.0,
5965,5965,15,0,"Fish, salmon, pink, canned, drained solids with bone","Poisson, saumon, rose, conserve, chair avec arêtes",2013-01-31,,15260.0,
5966,5966,15,0,"Fish, tilapia, raw","Poisson, tilapia, cru",2013-01-31,,15261.0,
5967,5967,15,0,"Fish, tilapia, baked or broiled","Poisson, tilapia, au four ou grillé",2013-01-31,,15262.0,
5968,5968,16,0,"Meatless, soy burger patty, unprepared","Hambourgeois végétarien / soya, galette, non préparée",2026-01-28,,16147.0,
5969,5969,18,0,"Waffle, buttermilk, frozen, ready-to-heat","Gaufre, babeurre, congelée, prête-à-chauffer",2026-01-28,,18932.0,
5970,5970,18,0,"Waffle, buttermilk, frozen, ready-to-heat, toasted","Gaufre, babeurre, congelée, prête-à-chauffer, grillée",2026-01-28,,18933.0,
5971,5971,18,0,"Waffle, buttermilk, frozen, ready-to-heat, microwaved","Gaufre, babeurre, congelée, prête-à-chauffer, cuite au four à micro-ondes",2026-01-28,,18934.0,
5972,5972,18,0,"Waffle, plain, frozen, ready-to-heat, microwaved","Gaufre, nature, congelée, prête-à-cuire, cuite au four à micro-ondes",2026-01-28,,18935.0,
5973,5973,18,0,"Pancake, plain (includes buttermilk), frozen, ready-to-heat, microwave","Crêpe, nature, (avec babeurre), congelée, prête-à-chauffer, cuite au four à micro-ondes",2012-07-31,,18936.0,
5974,5974,19,0,"Sweetener, aspartame, Equal","Édulcorant, aspartame, Equal",2026-01-28,,19337.0,
5975,5975,19,0,"Sweetener, sucralose, Splenda","Édulcorant, sucralose, Splenda",2026-01-28,,19868.0,
5977,5977,19,0,"Sweetener, saccharin","Édulcorant, saccharine",2026-01-28,,43158.0,
5978,5978,19,0,"Sweets, sugars, fructose, powder","Confiseries, sucre, fructose, poudre",2012-07-03,,43216.0,
5979,5979,19,0,"Dessert, frozen, ice cream, chocolate or caramel coated, with nuts","Dessert, congelé, crème glacée, enrobée de chocolat ou caramel, avec noix",2026-01-28,,43506.0,
5980,5980,19,0,"Sweets, sugars, fructose, liquid","Confiseries, sucre, fructose, liquide",2012-08-01,,44018.0,
5981,5981,13,23,"Beef, chuck, cross rib roast, boneless, lean, raw","Boeuf, épaule, rôti de côtes croisées, désossé, maigre, cru",2014-12-02,,23513.0,
5982,5982,13,23,"Beef, chuck, cross rib roast, boneless, lean and fat, 0mm (0) trim, cooked, braised","Boeuf, épaule, rôti de côtes croisées, désossé, maigre et gras, 0mm (0) paré, cuit, braisé",2014-09-02,,13373.0,
5983,5983,13,23,"Beef, chuck, cross rib roast, boneless, lean and fat, 3mm (1/8) trim, cooked, braised","Boeuf, épaule, rôti de côtes croisées, désossé, maigre et gras, 3mm (1/8) paré, cuit, braisé",2014-09-02,,13810.0,
5984,5984,13,23,"Beef, chuck, cross rib roast, boneless, lean, cooked, braised","Boeuf, épaule, rôti de côtes croisées, désossé, maigre, cuit, braisé",2026-01-28,,23602.0,
5989,5989,13,23,"Beef, chuck, cross rib steak, boneless, lean and fat, 3mm (1/8) trim, cooked, braised","Boeuf, épaule, bifteck de côtes croisées, désossé, maigre et gras, 3mm (1/8) paré, cuit, braisé",2026-01-28,,23513.0,
5990,5990,13,23,"Beef, chuck, cross rib steak, boneless, lean, cooked, braised","Boeuf, épaule, bifteck de côtes croisées, désossé, maigre, cuit, braised",2026-01-28,,23514.0,
5991,5991,13,23,"Beef, hip, eye of round roast, boneless, lean and fat, 0mm (0) trim, raw","Boeuf, cuisse, rôti de noix de ronde, désossé, maigre et gras, 0mm (0) paré, cru",2026-01-28,,23330.0,
5993,5993,13,23,"Beef, hip, eye of round roast, boneless, lean, raw","Boeuf, cuisse, rôti de noix de ronde, désossé, maigre, cru",2026-01-28,,23360.0,
5994,5994,13,23,"Beef, hip, eye of round roast, boneless, lean and fat, 0mm (0) trim, cooked, roasted","Boeuf, cuisse, rôti de noix de ronde, désossé, maigre et gras, 0mm (0) paré, cuit, rôti",2026-01-28,,13415.0,
5996,5996,13,23,"Beef, hip, eye of round roast, boneless, lean, cooked, roasted","Boeuf, cuisse, rôti de noix de ronde, désossé, maigre, cuit, rôti",2026-01-28,,13418.0,
5997,5997,13,23,"Beef, hip, eye of round steak, boneless, lean and fat, 0mm (0) trim, raw","Boeuf, cuisse, bifteck de noix de ronde, désossé, maigre et gras, 0mm (0) paré, cru",2026-01-28,,23333.0,
5999,5999,13,23,"Beef, hip, eye of round steak, boneless, lean, raw","Boeuf, cuisse, bifteck de noix de ronde, désossé, maigre, cru",2026-01-28,,23363.0,
6000,6000,13,23,"Beef, hip, eye of round steak, boneless, lean and fat, 0mm (0) trim, cooked, braised","Boeuf, cuisse, bifteck de noix de ronde, désossé, maigre et gras, 0mm (0) paré, cuit, braisé",2026-01-28,,23351.0,
6002,6002,13,23,"Beef, hip, eye of round steak, boneless, lean, cooked, braised","Boeuf, cuisse, bifteck de noix de ronde, désossé, maigre, cuit, braisé",2026-01-28,,23381.0,
6018,6018,13,23,"Beef, fat, raw","Boeuf, gras, cru",2012-06-19,,13019.0,
6019,6019,13,23,"Beef, fat, cooked","Boeuf, gras, cuit",2012-06-19,,13020.0,
6020,6020,13,23,"Beef, flank, flank steak, boneless, lean and fat, 0mm (0) trim, raw","Boeuf, flanc, bifteck de flanc, désossé, maigre et gras, 0mm (0) paré, cru",2014-09-02,,13970.0,
6022,6022,13,23,"Beef, flank, flank steak, boneless, lean, raw","Boeuf, flanc, bifteck de flanc, désossé, maigre, cru",2014-09-02,,23656.0,
6023,6023,13,23,"Beef, flank, flank steak, boneless, lean and fat, 0mm (0) trim, cooked, braised","Boeuf, flanc, bifteck de flanc, désossé, maigre et gras, 0mm (0) paré, cuit, braisé",2014-09-02,,13948.0,
6025,6025,13,23,"Beef, flank, flank steak, boneless, lean, cooked, braised","Boeuf, flanc, bifteck de flanc, désossé, maigre, cuit, braisé",2014-09-02,,23654.0,
6026,6026,13,23,"Beef, hip, inside (top) round roast, boneless, lean and fat, 0mm (0) trim, raw","Boeuf, cuisse, ronde, rôti d'intérieur, désossé, maigre et gras, 0mm (0) paré, cru",2026-01-28,,23327.0,
6028,6028,13,23,"Beef, hip, inside (top) round roast, boneless, lean, raw","Boeuf, cuisse, ronde, rôti d'intérieur, désossé, maigre, cru",2026-01-28,,23357.0,
6029,6029,13,23,"Beef, hip, inside (top) round roast, boneless, lean and fat, 0mm (0) trim, cooked, roasted","Boeuf, cuisse, ronde, rôti d'intérieur, désossé, maigre et gras, 0mm (0) paré, cuit, rôti",2026-01-28,,23348.0,
6031,6031,13,23,"Beef, hip, inside (top) round roast, boneless, lean, cooked, roasted","Boeuf, cuisse, ronde, rôti d'intérieur, désossé, maigre, cuit, rôti",2026-01-28,,23378.0,
6032,6032,13,23,"Beef, hip, inside (top) round steak, boneless, lean and fat, 0mm (0) trim, raw","Boeuf, cuisse, ronde, bifteck d'intérieur, désossé, maigre et gras, 0mm (0) paré, cru",2026-01-28,,23324.0,
6033,6033,13,23,"Beef, hip, inside (top) round steak, boneless, lean and fat, 3mm (1/8) trim, raw","Boeuf, cuisse, ronde, bifteck d'intérieur, désossé, maigre et gras, 3mm (1/8) paré, cru",2026-01-28,,13891.0,
6034,6034,13,23,"Beef, hip, inside (top) round steak, boneless, lean, raw","Boeuf, cuisse, ronde, bifteck d'intérieur, désossé, maigre, cru",2026-01-28,,23354.0,
6035,6035,13,23,"Beef, hip, inside (top) round steak, boneless, lean and fat, 0mm (0) trim, cooked, braised","Boeuf, cuisse, ronde, bifteck d'intérieur, désossé, maigre et gras, 0mm (0) paré, cuit, braisé",2026-01-28,,13959.0,
6036,6036,13,23,"Beef, hip, inside (top) round steak, boneless, lean and fat, 3mm (1/8) trim, cooked, braised","Boeuf, cuisse, ronde, bifteck d'intérieur, désossé, maigre et gras, 3mm (1/8) paré, cuit, braisé",2026-01-28,,13893.0,
6037,6037,13,23,"Beef, hip, inside (top) round steak, boneless, lean, cooked, braised","Boeuf, cuisse, ronde, bifteck d'intérieur, désossé, maigre, cuit, braisé",2026-01-28,,13491.0,
6038,6038,1,37,"Cheese, cheddar, mild, reduced fat","Fromage cheddar, doux, teneur réduite en gras",2026-01-28,,1182.0,
6039,6039,13,23,"Beef, hip, outside (bottom) round roast, boneless, lean and fat, 0mm (0) trim, raw","Boeuf, cuisse, ronde, rôti d'extérieur, désossé, maigre et gras, 0mm (0) paré, cru",2012-06-15,,,
6040,6040,13,23,"Beef, hip, outside (bottom) round roast, boneless, lean and fat, 3mm (1/8) trim, raw","Boeuf, cuisse, ronde, rôti d'extérieur, désossé, maigre et gras, 3mm (1/8) paré, cru",2014-09-03,,13868.0,
6041,6041,13,23,"Beef, hip, outside (bottom) round roast, boneless, lean, raw","Boeuf, cuisse, ronde, rôti d'extérieur, désossé, maigre, cru",2012-06-15,,,
6042,6042,13,23,"Beef, hip, outside (bottom) round roast, boneless, lean and fat, 0mm (0) trim, cooked, roasted","Boeuf, cuisse, ronde, rôti d'extérieur, désossé, maigre et gras, 0mm (0) paré, cuit, rôti",2012-06-15,,,
6043,6043,13,23,"Beef, hip, outside (bottom) round roast, boneless, lean and fat, 3mm (1/8) trim, cooked, roasted","Boeuf, cuisse, ronde, rôti d'extérieur, désossé, maigre et gras, 3mm (1/8) paré, cuit, rôti",2014-09-03,,13870.0,
6044,6044,13,23,"Beef, hip, outside (bottom) round roast, boneless, lean, cooked, roasted","Boeuf, cuisse, ronde, rôti d'extérieur, désossé, maigre, cuit, rôti",2014-09-03,,13408.0,
6045,6045,13,23,"Beef, hip, outside (bottom) round steak, boneless, lean and fat, 0mm (0) trim, raw","Boeuf, cuisse, ronde, bifteck d'extérieur, désossé, maigre et gras, 0mm (0) paré, cru",2026-01-28,,23063.0,
6046,6046,13,23,"Beef, hip, outside (bottom) round steak, boneless, lean and fat, 3mm (1/8) trim, raw","Boeuf, cuisse, ronde, bifteck d'extérieur, désossé, maigre et gras, 3mm (1/8) paré, cru",2026-01-28,,13868.0,
6048,6048,13,23,"Beef, hip, outside (bottom) round steak, boneless, lean and fat, 0mm (0) trim, cooked, braised","Boeuf, cuisse, ronde, bifteck d'extérieur, désossé, maigre et gras, 0mm (0) paré, cuit, braisé",2026-01-28,,13398.0,
6049,6049,13,23,"Beef, hip, outside (bottom) round steak, boneless, lean and fat, 3mm (1/8) trim, cooked, braised","Boeuf, cuisse, ronde, bifteck d'extérieur, désossé, maigre et gras, 3mm (1/8) paré, cuit, braisé",2026-01-28,,13869.0,
6050,6050,13,23,"Beef, hip, outside (bottom) round steak, boneless, lean, cooked, braised","Boeuf, cuisse, ronde, bifteck d'extérieur, désossé, maigre, cuit, braisé",2026-01-28,,13407.0,
6061,6061,13,23,"Beef, rib, rib eye roast, boneless, lean and fat, 3mm (1/8) trim, raw","Boeuf, côte, rôti de faux-filet, désossé, maigre et gras, 3mm (1/8) paré, cru",2014-09-03,,23153.0,
6062,6062,13,23,"Beef, rib, rib eye roast, boneless, lean, raw","Boeuf, côte, rôti de faux-filet, désossé, maigre, cru",2014-09-03,,23153.0,
6064,6064,13,23,"Beef, rib, rib eye roast, boneless, lean and fat, 3mm (1/8) trim, cooked, roasted","Boeuf, côte, rôti de faux-filet, désossé, maigre et gras, 3mm (1/8) paré, cuit, rôti",2014-09-03,,23198.0,
6065,6065,13,23,"Beef, rib, rib eye roast, boneless, lean, cooked, roasted","Boeuf, côte, rôti de faux-filet, désossé, maigre, cuit, rôti",2014-09-03,,23159.0,
6066,6066,13,23,"Beef, rib, rib eye steak, boneless, lean and fat, 0mm (0) trim, raw","Boeuf, côte, bifteck de faux-filet, désossé, maigre et gras, 0mm (0) paré, cru",2026-01-28,,23230.0,
6068,6068,13,23,"Beef, rib, rib eye steak, boneless, lean, raw","Boeuf, côte, bifteck de faux-filet, désossé, maigre, cru",2026-01-28,,23175.0,
6069,6069,13,23,"Beef, rib, rib eye steak, boneless, lean and fat, 0mm (0) trim, cooked, broiled","Boeuf, côte, bifteck de faux-filet, désossé, maigre et gras, 0mm (0) paré, cuit, grillé",2026-01-28,,23227.0,
6071,6071,13,23,"Beef, rib, rib eye steak, boneless, lean, cooked, broiled","Boeuf, côte, bifteck de faux-filet, désossé, maigre, cuit, grillé",2026-01-28,,23174.0,
6078,6078,13,23,"Beef, rib, rib roast with bone, lean and fat, 3mm (1/8 ) trim, raw","Boeuf, côte, rôti de côte avec os, maigre et gras, 3mm (1/8 ) paré, cru",2012-06-15,,13838.0,
6079,6079,13,23,"Beef, rib, rib roast with bone, lean, raw","Boeuf, côte, rôti de côte avec os, maigre, cru",2012-06-15,,,
6081,6081,13,23,"Beef, rib, rib roast with bone, lean and fat, 3mm (1/8) trim, cooked, roasted","Boeuf, côte, rôti de côte avec os, maigre et gras, 3mm (1/8) paré, cuit, rôti",2014-11-18,,13840.0,
6082,6082,13,23,"Beef, rib, rib roast with bone, lean, cooked, roasted","Boeuf, côte, rôti de côte avec os, maigre, cuit, rôti",2012-06-15,,,
6089,6089,13,23,"Beef, hip, sirloin tip roast, boneless, lean and fat, 0mm (0) trim, raw","Boeuf, cuisse, rôti de pointe de surlonge, désossé, maigre et gras, 0mm (0) paré, cru",2014-09-03,,23651.0,
6090,6090,13,23,"Beef, hip, sirloin tip roast, boneless, lean and fat, 3mm (1/8) trim, raw","Boeuf, cuisse, rôti de pointe de surlonge, désossé, maigre et gras, 3mm (1/8) paré, cru",2014-09-03,,13883.0,
6091,6091,13,23,"Beef, hip, sirloin tip roast, boneless, lean, raw","Boeuf, cuisse, rôti de pointe de surlonge, désossé, maigre, cru",2014-09-03,,13486.0,
6092,6092,13,23,"Beef, hip, sirloin tip roast, boneless, lean and fat, 0mm (0) trim, cooked, roasted","Boeuf, cuisse, rôti de pointe de surlonge, désossé, maigre et gras, 0mm (0) paré, cuit, rôti",2014-09-03,,13421.0,
6093,6093,13,23,"Beef, hip, sirloin tip roast, boneless, lean and fat, 3mm (1/8) trim, cooked, roasted","Boeuf, cuisse, rôti de pointe de surlonge, désossé, maigre et gras, 3mm (1/8) paré, cuit, rôti",2014-09-03,,13884.0,
6094,6094,13,23,"Beef, hip, sirloin tip roast, boneless, lean, cooked, roasted","Boeuf, cuisse, rôti de pointe de surlonge, désossé, maigre, cuit, rôti",2014-09-03,,13424.0,
6095,6095,13,23,"Beef, hip, sirloin tip steak, boneless, lean and fat, 0mm (0) trim, raw","Boeuf, cuisse, bifteck de pointe de surlonge, désossé, maigre et gras, 0mm (0) paré, cru",2026-01-28,,23055.0,
6098,6098,13,23,"Beef, hip, sirloin tip steak, boneless, lean and fat, 0mm (0) trim, cooked, braised","Boeuf, cuisse, bifteck de pointe de surlonge, désossé, maigre et gras, 0mm (0) paré, cuit, braisé",2026-01-28,,23056.0,
6102,6102,13,23,"Beef, loin, strip loin roast, boneless, lean and fat, 3mm (1/8) trim, raw","Boeuf, longe, rôti de contre-filet, désossé, maigre et gras, 3mm (1/8) paré, cru",2015-04-17,,13911.0,
6105,6105,13,23,"Beef, loin, strip loin roast, boneless, lean and fat, 3mm (1/8) trim, cooked, roasted","Boeuf, longe, rôti de contre-filet, désossé, maigre et gras, 3mm (1/8) paré, cuit, rôti",2014-09-04,,13910.0,
6107,6107,13,23,"Beef, loin, strip loin (new york) steak, boneless, lean and fat, 0mm (0) trim, raw","Boeuf, longe, bifteck de contre-filet, désossé, maigre et gras, 0mm (0) paré, cru",2026-01-28,,23339.0,
6108,6108,13,23,"Beef, loin, strip loin (new york) steak, boneless, lean and fat, 3mm (1/8) trim, raw","Boeuf, longe, bifteck de contre-filet, désossé, maigre et gras, 3mm (1/8) paré, cru",2026-01-28,,23388.0,
6109,6109,13,23,"Beef, loin, strip loin (new york) steak, boneless, lean, raw","Boeuf, longe, bifteck de contre-filet, désossé, maigre, cru",2026-01-28,,23369.0,
6110,6110,13,23,"Beef, loin, strip loin (new york) steak, boneless, lean and fat, 0mm (0) trim, cooked, broiled","Boeuf, longe, bifteck de contre-filet, désossé, maigre et gras, 0mm (0) paré, cuit, grillé",2015-04-17,,13445.0,
6111,6111,13,23,"Beef, loin, strip loin (new york) steak, boneless, lean and fat, 3mm (1/8) trim, cooked, broiled","Boeuf, longe, bifteck de contre-filet, désossé, maigre et gras, 3mm (1/8) paré, cuit, grillé",2014-09-11,,23391.0,
6112,6112,13,23,"Beef, loin, strip loin (new york) steak, boneless, lean, cooked, broiled","Boeuf, longe, bifteck de contre-filet, désossé, maigre, cuit, grillé",2015-04-17,,13448.0,
6114,6114,13,23,"Beef, loin, t-bone steak (porterhouse), lean and fat, 3mm (1/8) trim, raw","Boeuf, longe, bifteck d'aloyau (gros filet), maigre et gras, 3mm (1/8) paré, cru",2026-01-28,,23005.0,
6115,6115,13,23,"Beef, loin, t-bone steak (porterhouse), lean, raw","Boeuf, longe, bifteck d'aloyau (gros filet), maigre, cru",2026-01-28,,13478.0,
6117,6117,13,23,"Beef, loin, t-bone steak (porterhouse), lean and fat, 3mm (1/8) trim, cooked, broiled","Boeuf, longe, bifteck d'aloyau (gros filet), maigre et gras, 3mm (1/8) paré, cuit, grillé",2014-09-15,,23006.0,
6118,6118,13,23,"Beef, loin, t-bone steak (porterhouse), lean, cooked, broiled","Boeuf, longe, bifteck d'aloyau (gros filet), maigre, cuit, grillé",2015-04-17,,13479.0,
6119,6119,10,23,"Pork, ground, lean, raw","Porc, haché, maigre, cru",2026-01-28,,10972.0,
6120,6120,10,23,"Pork, ground, lean, pan-fried","Porc, haché, maigre, sauté",2026-01-28,,10978.0,
6121,6121,10,23,"Pork, ground, medium, raw","Porc, haché, mi-maigre, cru",2026-01-28,,10220.0,
6122,6122,10,23,"Pork, ground, medium, pan-fried","Porc, haché, mi-maigre, sauté",2026-01-28,,10977.0,
6123,6123,13,23,"Beef, loin, tenderloin, roast, lean and fat, 0mm (0) trim, raw","Boeuf, longe, filet, rôti, maigre et gras, 0mm (0) paré, cru",2026-01-28,,23336.0,
6125,6125,13,23,"Beef, loin, tenderloin, roast, lean, raw","Boeuf, longe, filet, rôti, maigre, cru",2012-06-15,,23366.0,
6126,6126,13,23,"Beef, loin, tenderloin, roast, lean and fat, 0mm (0) trim, cooked, roasted","Boeuf, longe, filet, rôti, maigre et gras, 0mm (0) paré, cuit, rôti",2015-04-17,,23345.0,
6128,6128,13,23,"Beef, loin, tenderloin, roast, lean, cooked, roasted","Boeuf, longe, filet, rôti, maigre, cuit, rôti",2012-06-15,,23375.0,
6129,6129,13,23,"Beef, loin, tenderloin, steak, lean and fat, 0mm (0) trim, raw","Boeuf, longe, filet, bifteck, maigre et gras, 0mm (0) paré, cru",2012-06-15,,23342.0,
6131,6131,13,23,"Beef, loin, tenderloin, steak, lean, raw","Boeuf, longe, filet, bifteck, maigre, cru",2012-06-15,,23372.0,
6132,6132,13,23,"Beef, loin, tenderloin, steak, lean and fat, 0mm (0) trim, cooked, broiled","Boeuf, longe, filet, bifteck, maigre et gras, 0mm (0) paré, cuit, grillé",2015-04-17,,13439.0,
6134,6134,13,23,"Beef, loin, tenderloin, steak, lean, cooked, broiled","Boeuf, longe, filet, bifteck, maigre, cuit, grillé",2012-06-15,,13443.0,
6137,6137,13,23,"Beef, loin, top sirloin roast, boneless, lean, raw","Boeuf, longe, rôti de haut de surlonge, désossé, maigre, cru",2014-09-11,,23253.0,
6140,6140,13,23,"Beef, loin, top sirloin roast, boneless, lean, cooked, roasted","Boeuf, longe, rôti de haut de surlonge, désossé, maigre, cuit, rôti",2012-06-15,,,
6142,6142,13,23,"Beef, loin, top sirloin steak, boneless, lean and fat, 3mm (1/8) trim, raw","Boeuf, longe, bifteck de haut de surlonge, désossé, maigre et gras, 3mm (1/8) paré, cru",2026-01-28,,13929.0,
6143,6143,13,23,"Beef, loin, top sirloin steak, boneless, lean, raw","Boeuf, longe, bifteck de haut de surlonge, désossé, maigre, cru",2026-01-28,,23611.0,
6144,6144,13,23,"Beef, loin, top sirloin steak, boneless, lean and fat, 0mm (0) trim, cooked, broiled","Boeuf, longe, bifteck de haut de surlonge, désossé, maigre et gras, 0mm (0) paré, cuit, grillé",2026-01-28,,13451.0,
6145,6145,13,23,"Beef, loin, top sirloin steak, boneless, lean and fat, 3mm (1/8) trim, cooked, broiled","Boeuf, longe, bifteck de haut de surlonge, désossé, maigre et gras, 3mm (1/8) paré, cuit, grillé",2026-01-28,,13930.0,
6146,6146,13,23,"Beef, loin, top sirloin steak, boneless, lean, cooked, broiled","Boeuf, longe, bifteck de haut de surlonge, désossé, maigre, cuit, grillé",2026-01-28,,23610.0,
6147,6147,13,23,"Beef, loin, bottom sirloin tri-tip roast, boneless, lean and fat, 0mm (0) trim, raw","Boeuf, longe, rôti de triangle de bas de surlonge, désossé, maigre et gras, 0mm (0) paré, cru",2014-09-15,,13954.0,
6149,6149,13,23,"Beef, loin, bottom sirloin tri-tip roast, boneless, lean, raw","Boeuf, longe, rôti de triangle de bas de surlonge, désossé, maigre, cru",2014-09-15,,23646.0,
6150,6150,13,23,"Beef, loin, bottom sirloin tri-tip roast, boneless, lean and fat, 0mm (0'') trim, cooked, roasted","Boeuf, longe, rôti de triangle de bas de surlonge, désossé, maigre et gras, 0mm (0'') paré, cuit, rôti",2014-09-15,,13957.0,
6152,6152,13,23,"Beef, loin, bottom sirloin tri-tip roast, boneless, lean, cooked, roasted","Boeuf, longe, rôti de triangle de bas de surlonge, désossé, maigre, cuit, rôti",2014-09-15,,23649.0,
6156,6156,13,23,"Beef, loin, bottom sirloin tri-tip steak, boneless, lean and fat, 0mm (0'') trim, cooked, broiled","Boeuf, longe, bifteck de triangle de bas de surlonge, désossé, maigre et gras, 0mm (0'') paré, cuit, grillé",2014-09-15,,23545.0,
6159,6159,10,23,"Pork, loin, rib roast, boneless, lean and fat, raw","Porc, longe, rôti, bout côte, désossée, maigre et gras, cru",2026-01-28,,10194.0,
6160,6160,10,23,"Pork, loin, rib roast, boneless, lean and fat, roasted","Porc, longe, rôti, bout côte, désossé, maigre et gras, rôti",2026-01-28,,10198.0,
6161,6161,10,23,"Pork, loin, rib roast, boneless, lean, raw","Porc, longe, rôti, bout côte, désossée, maigre, cru",2026-01-28,,10199.0,
6162,6162,10,23,"Pork, loin, rib roast, boneless, lean, roasted","Porc, longe, rôti, bout côte, désossé, maigre, rôti",2026-01-28,,10203.0,
6169,6169,13,23,"Beef, composite cuts, steak/roast, lean and fat, raw","Boeuf, coupes diverses, bifteck/rôti, maigre et gras, cru",2026-01-28,,,
6172,6172,13,23,"Beef, composite cuts, steak/roast, lean and fat, cooked","Boeuf, coupes diverses, bifteck/rôti, maigre et gras, cuit",2026-01-28,,,
6175,6175,19,23,"sweets, syrup, maple, prepackaged","Confiseries, sirop d'érable, préemballé",2012-07-03,,,
6176,6176,19,23,"Sweets, sugars, maple, granulated","Confiseries, sucre d'érable, granulé",2022-02-25,,,
6177,6177,19,23,"Sweets, butter, maple","Confiseries, beurre d'érable",2012-07-03,,,
6178,6178,19,23,"Sweets, maple taffy","Confiseries, tire d'érable",2012-07-03,,,
6179,6179,5,26,"Rhea, raw","Nandou (rhea), raw",2012-06-28,,,
6180,6180,20,0,"Grains, amaranth, flour","Grains céréaliers, amarante, farine",2012-08-01,,,
6181,6181,16,3,"Beans, black, flour","Haricots, noirs, farine",2026-01-28,,,
6182,6182,16,3,"Beans, white, flour","Haricots, blancs, farine",2026-01-28,,,
6183,6183,16,3,"Lentils, flour","Lentilles, farine",2026-01-28,,,
6184,6184,11,0,"Cassava (manioc), flour","Manioc, farine",2012-07-12,,,
6185,6185,20,0,"Grains, wheat, kamut khorasan, dry","Grains céréaliers, blé, kamut khorasan, sec",2017-01-17,,20138.0,Triticum turgidum subsp. turanicum (Jakubz.)
6186,6186,20,3,"Grains, millet, flour","Grains céréaliers, millet, farine",2026-01-28,,20647.0,
6187,6187,20,3,"Grains, quinoa, flour","Grains céréaliers, quinoa, farine",2013-01-14,,,
6188,6188,11,0,"Yam, flour","Igname, farine",2026-01-28,,,
6189,6189,11,0,"Sweet potato, flour","Patate douce, farine",2026-01-28,,,
6190,6190,20,0,"Grains, sorghum, flour","Grains céréaliers, sorgho, farine",2012-07-30,,20648.0,
6191,6191,20,0,"Grains, spelt, dry","Grains céréaliers, épeautre, sec",2017-01-17,,20140.0,
6192,6192,20,0,"Grains, rice, white, glutinous, flour","Grains céréaliers, riz blanc, glutineux, farine",2026-01-28,,,
6193,6193,20,0,"Grains, teff, dry","Grains céréaliers, teff, sec",2017-01-17,,20142.0,
6194,6194,18,35,"Cracker, wheat, low fat","Craquelin, blé, réduit en gras",2026-01-28,,,
6195,6195,2,0,"Vinegar, red wine","Vinaigre, vin rouge",2012-06-29,,2068.0,
6196,6196,2,0,"Vinegar, balsamic","Vinaigre, balsamique",2012-06-29,,2069.0,
6197,6197,11,0,"Sauce, pizza, canned, ready-to-serve","Sauce, pizza, en conserve, prête-à-servir",2012-07-11,,6152.0,
6199,6199,6,0,"Sauce, sweet and sour, homemade","Sauce, aigre-douce, faite maison",2026-01-28,,6285.0,
6203,6203,9,0,"Orange juice, chilled, includes from concentrate, fortified with added calcium and vitamin D","Orange, jus, réfrigéré, de concentré inclus, enrichi en calcium et vitamin D",2012-07-11,,9210.0,
6204,6204,9,0,"Guava, nectar, canned","Goyave, nectar, en conserve",2012-07-11,,9435.0,
6205,6205,9,0,"Mango, nectar, canned","Mangue, nectar, en conserve",2020-10-09,,9436.0,
6206,6206,10,0,"Pork, pickled, pork hocks","Porc, mariné, jarrets de porc",2026-01-28,,10898.0,
6207,6207,10,0,"Pork, cured, ham, rump, bone-in, separable lean and fat, heated, roasted","Porc, salé, jambon, croupe, avec os, maigre et gras, chauffé, rôti",2012-06-20,,10929.0,
6208,6208,10,0,"Pork, cured, ham, rump, bone-in, separable lean only, heated, roasted","Porc, salé, jambon, croupe, avec os, maigre, chauffé, rôti",2012-06-20,,10931.0,
6209,6209,10,0,"Pork, cured, ham, rump, bone-in, separable lean only, unheated","Porc, salé, jambon, croupe, avec os, maigre, non chauffé",2012-06-20,,10932.0,
6210,6210,10,0,"Pork, cured, ham, shank, bone-in, separable lean only, heated, roasted","Porc, salé, jambon, flanc, avec os, maigre, chauffé, rôti",2012-06-20,,10933.0,
6211,6211,10,0,"Pork, cured, ham, shank, bone-in, separable lean only, unheated","Porc, salé, jambon, flanc, avec os, maigre, non chauffé",2012-06-20,,10934.0,
6212,6212,10,0,"Pork, cured, ham, shank, bone-in, separable lean and fat, heated, roasted","Porc, salé, jambon, flanc, avec os, maigre et gras, chauffé, rôti",2012-06-20,,10935.0,
6213,6213,10,0,"Pork, cured, ham, shank, bone-in, separable lean and fat, unheated","Porc, salé, jambon, flanc, avec os, maigre et gras, non chauffé",2012-06-20,,10936.0,
6214,6214,10,0,"Pork, cured, ham, slice, bone-in, separable lean and fat, heated, pan-broil","Porc, salé, jambon, tranche, avec os, maigre et gras, chauffé, grillé dans la poêle",2012-06-20,,10937.0,
6215,6215,10,0,"Pork, cured, ham, slice, bone-in, separable lean only, unheated","Porc, salé, jambon, tranche, avec os, maigre, non chauffé",2012-06-28,,10938.0,
6216,6216,10,0,"Pork, cured, ham, slice, bone-in, separable lean and fat, unheated","Porc, salé, jambon, tranche, avec os, maigre et gras, non chauffé",2012-06-28,,10939.0,
6217,6217,11,0,"Soybeans, green (edamame), frozen, unprepared","Fèves, soya frais (edamame), congelée, non préparée",2026-01-28,,11211.0,
6218,6218,11,0,"Soybeans, green (edamame), frozen, prepared","Fèves, soya frais (edamame), congelée, préparée",2026-01-28,,11212.0,
6219,6219,11,0,"Mushroom, Maitake, raw","Champignon, Maitake, cru",2013-02-12,,11993.0,Grifola frondosa
6220,6220,16,0,"Peanut butter, reduced sugar","Beurre d'arachides, réduit en sucre",2026-01-28,,16149.0,
6221,6221,18,0,"Toaster pastry, fruit, frosted (apple, blueberry, cherry, strawberry)","Tartelette grille-pain, fruits, glacée (pommes, bleuets, cerises, fraises)",2026-01-28,,18938.0,
6222,6222,18,0,"Toaster pastry, fruit, toasted (apple, blueberry, cherry, strawberry)","Tartelette grille-pain, fruits, grillée (pommes, bleuets, cerises, fraises)",2026-01-28,,18939.0,
6223,6223,19,0,"Dessert, flan, caramel custard, homemade","Dessert, flan, crème au caramel, fait maison",2026-01-28,,19094.0,
6224,6224,19,0,"Candies, fudge, peanut butter, homemade","Bonbons, fudge, beurre d'arachides, fait maison",2026-01-28,,19102.0,
6225,6225,19,0,"Candies, truffles, homemade","Bonbons, truffes, faites maison",2026-01-28,,19138.0,
6226,6226,19,0,"Dessert, egg custard, baked, homemade","Dessert, flan aux oeufs, cuit au four, fait maison",2012-07-24,,19168.0,
6227,6227,19,0,"Dessert, mousse, chocolate, homemade","Dessert, mousse, chocolat, faite maison",2026-01-28,,19182.0,
6228,6228,19,0,"Dessert, apple crisp, homemade","Dessert, croustade aux pommes, faite maison",2026-01-28,,19186.0,
6229,6229,19,0,"Candies, praline, homemade","Bonbons, praline, fait maison",2026-01-28,,19216.0,
6230,6230,19,0,"Candies, bars, SNICKERS Almond bar","Bonbons, Snickers, avec amandes",2026-01-28,,19302.0,
6231,6231,19,0,"Candies, fudge, chocolate marshmallow, homemade","Bonbons, fudge, chocolat guimauve, fait maison",2026-01-28,,19379.0,
6232,6232,19,0,"Candies, taffy, homemade","Bonbons, tire d'érable, faite maison",2026-01-28,,19382.0,
6233,6233,19,0,"Candies, toffee, homemade","Bonbons, caramel (toffee) , fait maison",2026-01-28,,19383.0,
6234,6234,19,0,"Candies, divinity, homemade","Bonbons, fudge blanc divinity, fait maison",2026-01-28,,19384.0,
6235,6235,21,0,"Fast foods, Miniature cinnamon rolls","Aliments prêts à manger, mini-brioches à la cannelle",2012-07-31,,21388.0,
6236,6236,21,0,"Fast foods, sandwiches and burgers, hamburger, large, double patty, with condiments, vegetables and mayonnaise","Aliments prêts à manger, sandwichs et burgers, hambourgeois, gros, 2 galettes; avec condiments, légumes et mayonnaise",2026-01-28,,21389.0,
6237,6237,21,0,"Fast foods, sandwiches and burgers, hamburger, large, single patty, with condiments, vegetables and mayonnaise","Aliments prêts à manger, sandwichs et burgers, hambourgeois, gros, 1 galette, avec condiments, légumes et mayonnaise",2026-01-28,,21390.0,
6238,6238,21,0,"Fast foods, sandwiches and burgers, hamburger, large, single patty, with condiments","Aliments prêts à manger, sandwichs et burgers, hambourgeois, gros, 1 galette, avec condiments",2026-01-28,,21202.0,
6239,6239,21,11,"Fast foods, sandwiches and burgers, hamburger, large, single patty, with condiments and vegetables","Aliments prêts à manger, sandwichs et burgers, hambourgeois, gros, 1 galette, avec condiments et légumes",2026-01-28,,,
6240,6240,21,0,"Fast foods, sandwiches and burgers, hamburger, regular, single patty, with condiments and special sauce","Aliments prêts à manger, sandwichs et burgers, hambourgeois, régulier, 1 galette, avec condiments et sauce spéciale",2026-01-28,,21393.0,
6242,6242,21,0,"Fast foods, sandwiches and burgers, cheeseburger, regular, double patty, with condiments","Aliments prêts à manger, sandwichs et burgers, hambourgeois au fromage, régulier, 2 galettes, avec condiments",2026-01-28,,21395.0,
6243,6243,21,0,"Fast foods, sandwiches and burgers, cheeseburger, large, double patty, with condiments","Aliments prêts à manger, sandwichs et burgers, hambourgeois au fromage, gros, 2 galettes, avec condiments",2026-01-28,,21396.0,
6244,6244,21,0,"Fast foods, sandwiches and burgers, cheeseburger, large, single patty, with condiments, vegetables and mayonnaise","Aliments prêts à manger, sandwichs et burgers, hambourgeois au fromage, gros, 1 galette, avec condiments, légumes et mayonnaise",2026-01-28,,21397.0,
6245,6245,21,0,"Fast foods, sandwiches and burgers, cheeseburger, large, single patty, with condiments","Aliments prêts à manger, sandwichs et burgers, hambourgeois au fromage, gros, 1 galette, avec condiments",2026-01-28,,21398.0,
6246,6246,21,0,"Fast foods, sandwiches and burgers, cheeseburger, large, double patty, with condiments, vegetables and mayonnaise","Aliments prêts à manger, sandwichs et burgers, hambourgeois au fromage, gros, 2 galettes, avec condiments, légumes et mayonnaise",2026-01-28,,21399.0,
6247,6247,21,0,"Fast foods, sandwiches and burgers, cheeseburger, regular, double patty, with condiments and special sauce","Aliments prêts à manger, sandwichs et burgers, hambourgeois au fromage, régulier, 2 galettes, avec condimets et sauce spéciale",2026-01-28,,21400.0,
6248,6248,21,0,"Fast foods, chicken tenders, breaded","Aliments prêts à manger, filets de poitrine de poulet, panés",2012-12-21,,21401.0,
6249,6249,21,11,"Fast foods, breakfast, bagel, with ham, egg and cheese","Aliments prêts à manger, déjeuner, bagel, avec jambon, oeuf et fromage",2026-01-28,,21409.0,
6250,6250,21,0,"Fast foods, breakfast, bagel, with egg, sausage patty, cheese, and condiments","Aliments prêts à manger, déjeuner, bagel, avec oeuf, saucisse, fromage et condiments",2026-01-28,,21410.0,
6251,6251,21,0,"Fast foods, breakfast, bagel, with breakfast steak, egg, cheese, and condiments","Aliments prêts à manger, déjeuner, bagel, avec bifteck, oeuf, fromage et condiments",2026-01-28,,21411.0,
6252,6252,22,0,"Lasagna, cheese, frozen, prepared","Lasagne au fromage, congelée, préparée",2026-01-28,,22910.0,
6253,6253,22,0,"Burrito, beef and bean, frozen","Burrito, boeuf et haricots, congelé",2026-01-28,,22917.0,
6254,6254,22,0,"Burrito, bean and cheese, frozen","Burrito, haricots et fromage, congelé",2026-01-28,,22918.0,
6255,6255,25,0,"Snacks, popcorn, microwave, lower in fat","Grignotises, maïs soufflé au four micro-ondes, teneur réduite en gras",2026-01-28,,25000.0,
6256,6256,25,11,"Snacks, popcorn, unpopped kernels","Grignotises, maïs, grains non soufflés",2026-01-28,,25002.0,
6257,6257,25,0,"Snacks, sweet potato chips, unsalted","Grignotises, croustilles de patates douces, non salées",2026-01-28,,25012.0,
6258,6258,25,0,"Snacks, multigrain chips, plain","Grignotises, croustilles multigrains, nature",2026-01-28,,25013.0,
6259,6259,9,0,"Salmonberry, raw","Ronce élégante, crue",2026-01-28,,35154.0,Rubus spectabilis
6260,6260,9,0,"Chokecherry, raw, pitted","Cerise de Virginie, crue, dénoyautée (cerise à grappes)",2026-01-28,,35179.0,
6261,6261,15,0,"Fish, steelhead trout, meat, dried","Poisson, truite arc-en-ciel anadrome, viande, séchée",2013-01-31,,35180.0,
6262,6262,15,0,"Fish, steelhead trout, boiled, canned","Poisson, truite arc-en-ciel anadrome, bouillie, en conserve",2013-01-31,,35181.0,
6263,6263,11,0,"Corn, dried, yellow","Maïs, séché, jaune",2026-01-28,,35183.0,
6264,6264,15,0,"Fish, smelt, dried","Poisson, éperlan, séché",2013-01-31,,35184.0,
6265,6265,18,0,"Frybread, made with lard","Pain frit, avec lard",2026-01-28,,35185.0,
6266,6266,11,0,"Agave, raw","Agave, cru",2012-08-27,,35192.0,
6267,6267,11,0,"Agave, cooked","Agave, cuit",2012-08-27,,35193.0,
6268,6268,11,0,"Agave, dried","Agave, séché",2012-07-11,,35194.0,
6275,6275,20,26,"Grains, oat flour, whole grain","Grains céréaliers, farine d'avoine, grains entiers",2026-01-28,,,
6276,6276,8,26,"Cereal, hot, oats (oatmeal), large flakes, whole grain, dry, Cream Hill Estates","Céréale, chaude, avoine (gruau), gros flocons, grain entier, sèche, Cream Hill Estates",2026-01-28,,,
6278,6278,11,0,"Broccoli, flower clusters, raw","Brocoli, fleurettes, crues",2012-07-12,,11740.0,
6279,6279,11,0,"Broccoli, stalks, raw","Brocoli, tiges, crues",2012-07-12,,11741.0,
6280,6280,11,0,"Broccoli, leaves, raw","Brocoli, feuilles, crues",2012-07-12,,11739.0,
6281,6281,19,26,"Sweets, jam type spread, Double Fruit","Confiseries, tartinade de type confiture, Double Fruit",2026-01-28,,,
6282,6282,19,26,"Sweets, jam type spread, Double Fruit, apricot","Confiseries, tartinade de type confiture, Double fruit, abricot",2026-01-28,,,
6283,6283,19,26,"Sweets, jam type spread, Double Fruit, Light","Confiseries, tartinade type confiture, Double Fruit, Légère",2026-01-28,,,
6284,6284,19,26,"Sweets, jam type spread, Double Fruit, light, apricot","Confiseries, tartinade type confiture, Double Fruit, légère, abricot",2026-01-28,,,
6285,6285,13,23,"Beef, composite cuts, stewing beef, 0mm (0) trim, raw","Boeuf, coupes diverses, boeuf à ragout, 0mm (0) paré, cru",2026-01-28,,,
6286,6286,13,23,"Beef, composite cuts, stewing beef, 0mm (0) trim, cooked","Boeuf, coupes diverses, boeuf à ragout, 0mm (0) paré, cuit",2026-01-28,,,
6287,6287,11,0,"Juice, tomato, canned, unsalted","Jus, tomates, en conserve, sans sel ajouté",2026-01-28,,11886.0,
6288,6288,10,26,"Pork, composite cuts, leg, loin and shoulder, lean and fat, cooked","Porc, coupes diverses, cuisse, longe et épaule, maigre et gras, cuit",2012-06-20,,,
6289,6289,16,0,"Peanut butter, natural","Beurre d'arachides, naturel",2026-01-28,,,
6291,6291,1,9,"Kefir, 2-3.9% M.F.","Kéfir, 2-3,9% M.G.",2026-01-28,,,
6292,6292,18,0,"Cookie, chocolate chip, refrigerated dough, baked","Biscuit, grains de chocolat, pâte réfrigérée, cuit",2026-01-28,,18164.0,
6298,6298,11,35,"Artichoke, marinated","Artichaut, mariné",2026-01-28,,,
6303,6303,8,37,"Meal replacement (cereal), ready to eat, Vector, Kellogg's","Substitut de repas (céréale), prête-à-manger, Vector, Kellogg's",2012-07-31,,,
6304,6304,11,24,"Cabbage, napa, raw","Chou, napa, cru",2012-07-11,,,Brassica pekinensis
6306,6306,7,37,"Deli-meat, prosciutto (parma ham) dry-cured","Charcuterie, prosciutto, (jambon de Parme), salé à sec",2026-01-28,,,
6308,6308,1,0,"Cheese, parmesan, dry grated, reduced fat","Fromage parmesan, râpé, teneur réduite en gras",2026-01-28,,1204.0,
6309,6309,1,0,"Cream, substitute, flavoured, liquid","Crème, succédané, aromatisé, liquide",2012-06-19,,1205.0,
6310,6310,1,0,"Cream, substitute, flavoured, powdered","Crème, succédané, aromatisé, en poudre",2012-06-19,,1206.0,
6311,6311,1,0,"Cheese, provolone, reduced fat","Fromage provolone, teneur réduite en gras",2026-01-28,,1208.0,
6312,6312,2,0,"Seasoning mix, taco, dry mix","Assaisonnement, taco, mélange sec",2026-01-28,,2075.0,
6313,6313,4,0,"Salad dressing, honey mustard, calorie-reduced","Vinaigrette, moutarde au miel, réduite en calories",2026-01-28,,4686.0,
6316,6316,5,0,"Chicken patty, frozen, uncooked","Poulet, galette, congelée, non cuite",2026-01-28,,5323.0,
6317,6317,5,0,"Chicken patty, frozen, cooked","Poulet, galette, congelée, cuite",2026-01-28,,5324.0,
6319,6319,5,0,"Chicken breast tenders, breaded, cooked","Poulet, tendres de poitrine, panés, cuits",2018-05-03,,5326.0,
6320,6320,5,0,"Chicken breast tenders, breaded, uncooked","Poulet, tendres de poitrine, panés, non cuits",2014-05-26,,5327.0,
6321,6321,6,0,"Sauce, spaghetti, with mushroom and green pepper, ready-to-serve","Sauce, spaghetti, avec champignons et poivrons verts, prête-à-servir",2012-07-11,,6220.0,
6322,6322,6,0,"Sauce, spaghetti, with onion and garlic, ready-to-serve","Sauce, spaghetti, avec oignons et ail, prête-à-servir",2012-07-11,,6222.0,
6323,6323,6,37,"Soup, black bean and vegetable, ready-to-serve, reduced sodium","Soupe, haricots noirs et légumes, prête-à-servir, réduit en sodium",2026-01-28,,,
6324,6324,6,37,"Soup, butternut squash, ready-to-serve","Soupe, courge musquée, prête-à-servir",2012-07-11,,6509.0,
6325,6325,6,0,"Sauce, spaghetti, with garden vegetables, ready-to-serve","Sauce spaghetti, avec légumes du jardin, prête-à-servir",2012-07-11,,6994.0,
6326,6326,18,0,"Bar, milk and cereal",Barre aux céréales et au lait,2012-07-31,,8510.0,
6327,6327,14,0,"Water, fruit flavour, sweetened with artificial sweetener","Eau, saveur de fruits, édulcorant artificiel",2026-01-28,,14604.0,
6328,6328,14,1,"Drink, breakfast type, orange, reduced sugar","Boisson, type déjeuner, orange, réduit en sucre",2026-01-28,,14606.0,
6329,6329,14,37,"Plant-based beverage, soy beverage, chocolate, fortified, refrigerated and/or shelf-stable","Boisson à base de plantes, soya, chocolat, enrichie, réfrigérée et/ou longue conservation",2026-02-11,,16168.0,
6330,6330,14,37,"Plant-based beverage, soy beverage, plain, unsweetened, fortified, refrigerated and/or shelf-stable","Boisson à base de plantes, soya, nature, non sucrée, enrichie, réfrigérée et/ou longue conservation",2026-02-11,,16222.0,
6331,6331,14,0,"Plant-based beverage, soy beverage, all flavours, low fat, fortified","Boisson à base de plantes, soya, toutes saveurs, teneur réduite en gras, enrichie",2026-01-28,,16229.0,
6332,6332,14,37,"Plant-based beverage, soy beverage, plain, fat free, fortified, refrigerated","Boisson à base de plantes, soya, nature, sans gras, enrichie, réfrigérée",2026-02-11,,16230.0,
6333,6333,18,0,"Muffin, blueberry, commercial, reduced fat","Muffin, bleuets, commercial, teneur réduite en gras",2026-01-28,,18940.0,
6334,6334,19,0,"Dessert, frozen, ice cream, vanilla, reduced sugar","Dessert, congelé, crème glacée, vanille, réduit en sucre",2026-01-28,,19898.0,
6335,6335,19,0,"Dessert, frozen, ice cream, chocolate, reduced sugar","Dessert, congelé, crème glacée, chocolat, réduit en sucre",2026-01-28,,19899.0,
6336,6336,20,0,"Grains, wheat, kamut khorasan, cooked","Grains céréaliers, blé, kamut khorasan, cuit",2014-01-13,,20139.0,Triticum turgidum subsp. turanicum (Jakubz.)
6337,6337,20,0,"Grains, spelt, cooked","Grains céréaliers, épeautre, cuit",2012-07-30,,20141.0,Triticum aestivum L. subsp. spelta
6338,6338,20,0,"Grains, teff, cooked","Grains céréaliers, teff, cuit",2012-07-30,,20143.0,Eragrostis tef (Zuccagni) Trotter
6339,6339,21,0,"Fast foods, sandwiches and burgers, crispy chicken fillet sandwich, with lettuce tomato and mayonnaise","Aliments prêts à manger, sandwichs et burgers, sandwich au poulet croustillant, avec laitue, tomate et mayonnaise",2013-02-04,,21230.0,
6340,6340,19,0,"Dessert, frozen, light ice cream, soft serve, blended with milk chocolate candies","Dessert, congelé, crème glacée légère, molle, mélangée avec bonbons au chocolat au lait",2026-01-28,,21412.0,
6341,6341,19,0,"Dessert, frozen, light ice cream, soft serve, blended with cookie pieces","Dessert, congelé, crème glacée légère, molle, mélangée avec morceaux de biscuits",2026-01-28,,21413.0,
6342,6342,22,0,"Burrito, bean and cheese, microwaved","Burrito, haricots et fromage, cuit au four à micro-ondes",2026-01-28,,22927.0,
6343,6343,22,0,"Burrito, beef and bean, microwaved","Burrito, boeuf et haricots, cuit au four à micro-ondes",2026-01-28,,22928.0,
6344,6344,22,0,"Egg roll, pork, refrigerated, heated","Pâté impérial (egg roll), porc, réfrigéré, réchauffé",2026-01-28,,22953.0,
6345,6345,22,0,"Egg roll, chicken, refrigerated, heated","Pâté impérial (egg roll), poulet, réfrigéré, réchauffé",2026-01-28,,22954.0,
6346,6346,22,0,"Egg roll, vegetable, refrigerated, heated","Pâté impérial (egg roll), légumes, réfrigéré, réchauffé",2026-02-11,,22955.0,
6347,6347,22,37,"Frozen entree, pasta, lasagna with vegetables, tomato-based sauce, heated","Met surgelé, pâtes, lasagne au légumes, sauce à base de tomates, réchauffé",2026-01-28,,172106.0,
6348,6348,25,0,"Snacks, popcorn, microwave, butter flavour","Grignotises, maïs soufflé au four à micro-ondes, saveur de beurre",2026-01-28,,25014.0,
6349,6349,25,0,"Snacks, pretzels, soft, unsalted","Grignotises, bretzels, tendres, non salés",2026-01-28,,25024.0,
6350,6350,25,0,"Snacks, soy chips or crisps, salt added","Grignotises, croustilles de soya, sel ajouté",2026-01-28,,25025.0,
6351,6351,11,28,"Cattail, narrow leaf shoots, Indigenous","Massette, pousses de feuilles étroites, Autochotone",2016-10-31,,35195.0,
6352,6352,9,28,"Rose hips, wild, Indigenous","Églantier, fruits, autochtone",2026-01-28,,35203.0,
6353,6353,1,37,"Milk, fluid, goat, unfortified, whole, 3.25% M.F.","Lait, liquide, chèvre, non enrichi, entier, 3.25% M.G.",2026-01-28,,,
6354,6354,18,0,"Cookie, oatmeal, refrigerated dough, prepared","Biscuit, avoine, pâte réfrigérée, préparée",2012-07-31,,18183.0,
6355,6355,18,0,"Cookie, peanut butter, refrigerated dough, prepared","Biscuit, beurre d'arachides, pâte réfrigérée, preparée",2012-07-31,,18188.0,
6356,6356,8,11,"Cereal, ready-to-eat, amaranth flakes","Céréales, prêtes à manger, flocons d'amarante",2015-06-05,,43584.0,
6357,6357,11,0,"Arrowhead, boiled, drained, with salt","Sagittaire, bouillie, drainée, sel ajouté",2026-01-28,,11701.0,
6358,6358,11,0,"Artichoke (Globe, French), frozen, boiled, drained, with salt","Artichaut, congelé, bouilli, égoutté, sel ajouté",2012-07-12,,11703.0,
6359,6359,11,0,"Asparagus, canned, solids and liquid, unsalted","Asperge, conserve, solides et liquide, non salée",2026-01-28,,11707.0,
6360,6360,11,0,"Asparagus, boiled, drained, with salt","Asperge, bouillie, égouttée, sel ajouté",2012-07-11,,11705.0,
6361,6361,11,0,"Asparagus, frozen, boiled, drained, with salt","Asperge, congelée, bouillie, égouttée, sel ajouté",2012-07-12,,11709.0,
6362,6362,11,0,"Balsam-pear (bitter gourd, bitter melon), leafy tips, boiled, drained, with salt","Margose, feuilles tendres, bouillies, égouttées, sel ajouté",2012-07-11,,11710.0,
6363,6363,11,0,"Balsam-pear (bitter gourd, bitter melon), pods, boiled, drained, with salt","Margose, fruits, bouillies, égouttées, sel ajouté",2012-07-11,,11711.0,
6364,6364,11,0,"Bamboo shoots, boiled, drained, with salt","Bambou, pousses, bouillies, égouttées, sel ajouté",2012-07-11,,11712.0,
6365,6365,16,0,"Beans, kidney, all types, mature seeds, boiled, with salt","Haricots, rouges, tous les types, grains mûrs, bouillis, sel ajouté",2026-01-28,,16328.0,
6366,6366,16,0,"Beans, kidney, all types, mature seeds, boiled","Haricots, rouges, tous les types, grains mûrs, bouillis",2026-01-28,,16028.0,
6367,6367,16,0,"Beans, kidney, all types, mature seeds, dry","Haricots, rouges, tous les types, grains mûrs, secs",2026-01-28,,16027.0,
6368,6368,11,0,"Beans, kidney, sprouted, boiled, drained, with salt","Haricots communs, grains immatures, germés, bouillis, égouttés, sel ajouté",2026-01-28,,11713.0,
6369,6369,11,0,"Beans, navy, mature seeds, sprouted, boiled, drained, with salt","Haricots, petits blancs, grains immatures, germés, bouillis, égouttés, sel ajouté",2026-01-28,,11719.0,
6370,6370,11,0,"Beans, pinto, frozen, boiled, drained, with salt","Haricots, pinto, congelés, bouillis, égouttés, sel ajouté",2026-01-28,,11720.0,
6371,6371,11,0,"Beans, pinto, mature seeds, sprouted, boiled, drained, with salt","Haricots, pinto, grains immatures, germés, bouillis, égouttés, sel ajouté",2026-01-28,,11721.0,
6372,6372,11,0,"Beans, snap (Italian, green or yellow), canned, drained solids, unsalted","Haricots italiens, jaunes ou verts, conserve, solides égouttés, non salés",2026-01-28,,11729.0,
6373,6373,11,0,"Beans, snap (Italian, green or yellow), canned, solids and liquid, unsalted","Haricots italiens, jaunes ou verts, conserve, solides et liquide, non salés",2026-01-28,,11726.0,
6374,6374,22,0,"Beef pot pie, frozen, prepared","Pâté au boeuf, congelé, préparé",2012-06-28,,22529.0,
6375,6375,13,0,"Beef, tripe, simmered","Boeuf, tripe, mijotée",2026-01-28,,23640.0,
6376,6376,11,0,"Beet greens, boiled, drained, with salt","Betterave, feuilles, bouillies, égouttées, sel ajouté",2012-07-11,,11736.0,
6377,6377,11,0,"Beets, boiled, drained, with salt","Betteraves, bouillies, égouttées, sel ajouté",2012-07-11,,11734.0,
6378,6378,18,0,"Biscuit, plain/buttermilk, dry mix, prepared","Biscuit, poudre à pâte, nature/babeurre, mélange sec, préparé",2026-01-28,,18011.0,
6379,6379,9,0,"Blackberry, wild, raw","Mûre sauvage, crue",2026-01-28,,35015.0,rubus spp
6381,6381,9,0,"Blueberry, wild, raw","Bleuet sauvage, cru",2012-07-11,,35155.0,
6382,6382,11,0,"Borage, boiled, drained, with salt","Bourrache, bouillie, égouttée, sel ajouté",2012-07-11,,11737.0,
6383,6383,18,0,"Bread, cornbread (also corn muffin mix), dry mix, prepared","Pain, semoule de maïs (aussi préparation pour muffin), mélange sec, préparé",2026-01-28,,18023.0,
6384,6384,18,0,"Bread, Irish soda, homemade","Pain Irlandais au bicarbonate de soude, fait maison",2026-01-28,,18032.0,
6385,6385,11,0,"Broadbeans (fava beans), fresh, boiled, drained, with salt","Gourganes (fèves des marais, fava), fraîches, bouillies, égouttées, sel ajouté",2026-01-28,,11738.0,vicia faba
6386,6386,11,0,"Broccoli, frozen, chopped, boiled, drained, with salt","Brocoli, congelé, haché, bouilli, égoutté, sel ajouté",2012-07-11,,11743.0,
6387,6387,11,0,"Brussels sprouts, boiled, drained, with salt","Choux de Bruxelles, bouillis, égouttés, sel ajouté",2012-07-11,,11745.0,
6388,6388,11,0,"Brussels sprouts, frozen, boiled, drained, with salt","Choux de Bruxelles, congelés, bouillis, égouttés, sel ajouté",2012-07-11,,11746.0,
6389,6389,11,0,"Burdock root, boiled, drained, with salt","Bardane (glouteron), racine, bouillie, égouttée, sel ajouté",2012-07-12,,11747.0,
6390,6390,11,0,"Butterbur (fuki), boiled, drained, with salt","Pétasite commun, bouilli, égoutté, sel ajouté",2026-01-28,,11748.0,
6391,6391,11,0,"Cabbage, red, boiled, drained, with salt","Chou rouge, bouilli, égoutté, sel ajouté",2012-07-11,,11752.0,
6392,6392,11,0,"Cabbage, savoy, boiled, drained, with salt","Chou de Milan (Savoie), bouilli, égoutté, sel ajouté",2012-07-11,,11753.0,
6393,6393,18,0,"Cake, shortcake, biscuit-type, homemade","Gâteau sablé, fait maison",2026-01-28,,18126.0,
6394,6394,19,0,"Candies, bars, Twix, chocolate fudge cookie","Bonbons, tablettes, Twix, biscuits au chocolat",2026-01-28,,42183.0,
6395,6395,11,0,"Cardoon, boiled, drained, with salt","Cardon, bouilli, égoutté, sel ajouté",2012-08-27,,11756.0,
6396,6396,11,0,"Carrot, boiled, drained, with salt","Carotte, bouillie, égouttée, sel ajouté",2012-07-11,,11757.0,
6397,6397,11,0,"Carrot, frozen, boiled, drained, with salt","Carotte, congelée, bouillie, égouttée, sel ajouté",2012-07-11,,11760.0,
6398,6398,11,0,"Carrot, canned, drained solids, unsalted","Carotte, conserve, solides égouttés, sans sel ajouté",2026-01-28,,11759.0,
6399,6399,11,0,"Carrot, canned, solids and liquid, unsalted","Carotte, conserve, solides et liquide, sans sel ajouté",2026-01-28,,11758.0,
6400,6400,11,0,"Cauliflower, boiled, drained, with salt","Chou-fleur, bouilli, égoutté, sel ajouté",2012-07-11,,11761.0,
6401,6401,11,0,"Cauliflower, frozen, boiled, drained, with salt","Chou-fleur, congelé, bouilli, égoutté, sel ajouté",2012-07-11,,11762.0,
6402,6402,11,0,"Celeriac, boiled, drained, with salt","Céleri-rave, bouilli, égoutté, with salt",2012-07-12,,11763.0,
6403,6403,11,0,"Chrysanthemum, garland, boiled, drained, with salt","Chrysanthème des jardins, bouilli, égoutté, sel ajouté",2026-01-28,,11767.0,
6404,6404,15,0,"Mollusks, cockle, raw","Mollusques, coque, crue",2026-01-28,,35028.0,Clinocardium nuttallii
6405,6405,11,0,"Collards, frozen, boiled, drained, with salt","Chou cavalier (collards), congelé, bouilli, égoutté, sel ajouté",2026-01-28,,11769.0,
6406,6406,11,0,"Corn, sweet, white, on or off the cob, boiled, drained, with salt","Maïs, sucré, blanc, avec ou sans épi, bouilli, égoutté, sel ajouté",2012-07-12,,11902.0,
6407,6407,11,0,"Corn, sweet, white, on or off the cob, boiled, drained","Maïs, sucré, blanc, avec ou sans épi, bouilli, égoutté",2012-07-11,,11901.0,
6408,6408,11,0,"Corn, sweet, white, raw","Maïs, sucré, blanc, cru",2012-07-11,,11900.0,
6409,6409,11,0,"Corn, sweet, canned, cream style, unsalted","Maïs sucré, conserve, en crème, sans sel ajouté",2026-01-28,,11772.0,
6410,6410,11,0,"Corn, sweet, canned, solids and liquid, unsalted","Maïs sucré, conserve, solides et liquide, sans sel ajouté",2026-01-28,,11771.0,
6411,6411,11,0,"Corn, sweet, canned, vacuum pack, niblets, unsalted","Maïs sucré, conserve, emballage sous vide, grains entiers, sans sel ajouté",2026-01-28,,11773.0,
6412,6412,11,0,"Cowpeas (black-eyed peas), immature seeds, frozen, boiled, drained, with salt","Doliques à oeil noir, grains immatures, congelés, bouillis, égouttés, sel ajouté",2013-01-16,,11778.0,
6414,6414,11,0,"Cowpeas, leafy tips, boiled, drained, with salt","Doliques à oeil noir, feuilles, bouillies, égouttées, sel ajouté",2012-07-11,,11780.0,
6415,6415,11,0,"Cowpeas, young pods with seeds, boiled, drained, with salt","Doliques à oeil noir, jeunes cosses et graines, bouillies, égouttées, sel ajouté",2012-07-11,,11779.0,
6416,6416,9,0,"Cranberry (lingonberry), wild, raw","Canneberge (airelle), sauvage, crue",2012-07-11,,35029.0,
6417,6417,11,0,"Cress, garden, boiled, drained, with salt","Cresson alénois, bouilli, égoutté, sel ajouté",2012-07-11,,11781.0,
6418,6418,11,0,"Dandelion greens, boiled, drained, with salt","Pissenlit, feuilles, bouillies, égouttées, sel ajouté",2012-07-11,,11782.0,
6419,6419,11,0,"Dock (sorrel), boiled, drained, with salt","Oseille, bouilli, égoutté, sel ajouté",2012-07-11,,11925.0,
6420,6420,1,0,"Egg, liquid egg product, fat free","Oeuf, produit d'oeuf liquide, sans gras",2026-01-28,,1226.0,
6421,6421,1,0,"Egg substitute, powder","Oeuf, succédané, poudre",2012-08-30,,1144.0,
6422,6422,21,0,"Fast foods, egg, cheese and bacon griddlecake sandwich","Aliments prêts à manger, sandwich de crêpes avec oeuf, fromage et bacon",2012-06-28,,21307.0,
6423,6423,21,0,"Fast foods, egg, cheese and sausage griddlecake sandwich","Aliments prêts à manger, sandwich de crêpes avec oeuf, fromage et saucisse",2012-06-28,,21305.0,
6424,6424,11,0,"Eggplant (aubergine, brinjal), boiled, drained, with salt","Aubergine, bouillie, égouttée, sel ajouté",2012-07-11,,11783.0,
6425,6425,21,0,"Fast foods, pizza, cheese, regular crust","Aliments prêts à manger, pizza avec fromage, croûte régulière",2026-01-28,,21299.0,
6426,6426,21,0,"Fast foods, pizza, cheese, thick crust","Aliments prêts à manger, pizza avec fromage, croûte épaisse",2026-01-28,,21300.0,
6427,6427,21,0,"Fast foods, pizza, cheese, thin crust","Aliments prêts à manger, pizza avec fromage, croûte mince",2026-01-28,,21301.0,
6428,6428,21,0,"Fast foods, pizza, cheese and vegetables, regular crust","Aliments prêts à manger, pizza avec fromage et légumes, croûte régulière",2026-01-28,,21304.0,
6429,6429,21,0,"Fast foods, pizza, cheese and pepperoni, regular crust","Aliments prêts à manger, pizza avec fromage et pepperoni, croûte régulière",2026-01-28,,21302.0,
6430,6430,21,0,"Fast foods, pizza, cheese and pepperoni, thick crust","Aliments prêts à manger, pizza avec fromage et pepperoni, croûte épaisse",2026-01-28,,21303.0,
6432,6432,21,0,"Fast foods, sandwiches and burgers, cheeseburger, large, single patty, with condiments and vegetables","Aliments prêts à manger, sandwichs et burgers, hambourgeois au fromage, gros, 1 galette, avec condiments et légumes",2026-01-28,,21098.0,
6433,6433,21,0,"Fast foods, sandwiches and burgers, hamburger, large, single patty with condiments and vegetables","Aliments prêts à manger, sandwichs et burgers, hambourgeois, gros, 1 galette avec condiments et légumes",2026-01-28,,21113.0,
6434,6434,15,0,"Fish, burbot (loche), raw","Poisson, lotte (loche), crue",2026-01-28,,15006.0,lota lota (L.)
6435,6435,15,0,"Fish, burbot (loche), baked or broiled","Poisson, lotte (loche), cuite au four ou grillée",2026-01-28,,15190.0,
6436,6436,14,0,"Drink, fruit punch, frozen concentrate","Boisson, punch aux fruits, concentré congelé",2012-07-03,,14268.0,
6437,6437,14,0,"Drink, fruit punch, frozen concentrate, water added","Boisson, punch aux fruits, concentré congelé, eau ajoutée",2012-06-29,,14269.0,
6438,6438,11,0,"Gourd, dishcloth (towelgourd), boiled, drained, with salt","Courge torchon (towelgourd), bouillie, égouttée, sel ajouté",2026-01-28,,11785.0,
6439,6439,11,0,"Gourd, white-flowered (calabash gourd), boiled, drained, with salt","Calebasse, bouillie, égouttée, sel ajouté",2026-01-28,,11784.0,
6440,6440,9,0,"Grapefruit juice, pink, raw","Pamplemousse rose, jus, frais",2026-01-28,,9404.0,
6442,6442,11,0,"Drumstick (horseradish-tree, moringa), leaves, boiled, drained, salt added","Cassier (ben oléifère, moringa), feuilles, bouillies, égouttées, sel ajouté",2026-01-28,,11786.0,
6443,6443,11,0,"Drumstick (horseradish-tree, moringa), pods, boiled, drained, salt added","Cassier (ben oléifère, moringa), gousses, bouillies, égouttées, sel ajouté",2026-01-28,,11787.0,
6444,6444,9,0,"Huckleberries, raw","Airelle myrtille, crue",2012-08-27,,35043.0,
6445,6445,11,0,"Beans, hyacinth, immature seeds, boiled, drained, salt added","Doliques d'Égypte, grains immatures, bouillis, égouttés, sel ajouté",2016-01-22,,11788.0,
6446,6446,11,0,"Kale, boiled, drained, with salt","Chou vert frisé, bouilli, égoutté, sel ajouté",2026-01-28,,11790.0,
6447,6447,11,0,"Jute, potherb, boiled, drained, with salt","Jute tossa, bouilli, égoutté, sel ajouté",2012-07-11,,11789.0,
6448,6448,11,0,"Kale, frozen, boiled, drained, with salt","Chou vert frisé, congelé, bouilli, égoutté, sel ajouté",2026-01-28,,11791.0,
6449,6449,11,0,"Kohlrabi, boiled, drained, with salt","Chou-rave, bouilli, égoutté, sel ajouté",2026-01-28,,11793.0,
6450,6450,11,0,"Lambsquarters, boiled, drained, with salt","Chou gras (chenopode blanc), bouilli, égoutté, sel ajouté",2012-07-11,,11794.0,
6451,6451,11,0,"Leeks (bulb and lower-leaf portion), boiled, drained, with salt","Poireaux (bulbe et portion inférieure), bouillis, égouttés, sel ajouté",2012-07-11,,11795.0,
6452,6452,11,0,"Lentils, sprouted, stir-fried, with salt, no fat added","Lentilles, germées, sautées, sel ajouté, sans gras ajouté",2026-01-28,,11926.0,
6453,6453,11,0,"Beans, lima, boiled, drained, with salt","Haricots, lima, bouillis, égouttés, sel ajouté",2026-01-28,,11714.0,
6454,6454,11,0,"Beans, lima, baby, frozen, boiled, drained, with salt","Haricots, lima, petits, congelés, bouillis, égouttés",2026-01-28,,11716.0,
6455,6455,11,0,"Beans, lima (fordhook), frozen, boiled, drained, with salt","Haricots, lima (fordhook), congelés, bouillis, égouttés, sel ajouté",2026-01-28,,11717.0,
6456,6456,11,0,"Lotus root, boiled, drained, with salt","Lotus, racine, bouillie, égouttée, sel ajouté",2026-01-28,,11796.0,
6457,6457,8,0,"Cereal, millet, puffed","Céréale, millet, soufflé",2026-01-28,,43483.0,
6458,6458,11,0,"Beans, mung, mature seeds, sprouted, bean sprouts, boiled, drained, with salt","Haricots, mungo, grains immatures, germés, germes de haricot, bouillis, égouttés, sel ajouté",2026-01-28,,11718.0,
6459,6459,11,0,"Mushroom, boiled, drained, with salt","Champignon, bouilli, égoutté, sel ajouté",2012-07-11,,11797.0,
6460,6460,11,0,"Mushroom, white, microwaved","Champignon, cuit au four à micro-ondes",2012-07-12,,11992.0,
6461,6461,11,0,"Mustard greens, boiled, drained, with salt","Moutarde, feuilles, bouillies, égouttées, sel ajouté",2012-07-11,,11799.0,
6462,6462,11,0,"Mustard greens, frozen, boiled, drained, with salt","Moutarde, feuilles, congelées, bouillies, égouttées, sel ajouté",2012-07-12,,11800.0,
6463,6463,11,0,"Mustard spinach (tendergreen), boiled, drained, with salt","Moutarde joncée, bouillie, égouttée, sel ajouté",2012-07-11,,11801.0,
6464,6464,11,0,"New Zealand spinach, boiled, drained, with salt","Épinards de la Nouvelle-Zélande, bouillis, égouttés, sel ajouté",2012-07-11,,11802.0,
6465,6465,4,0,"Vegetable oil, cooking spray","Huile végétale, enduit à cuisson en vaporisateur",2012-06-27,,4679.0,
6466,6466,11,0,"Okra (gumbo), boiled, drained, with salt","Okra (gombo), bouilli, égoutté, sel ajouté",2026-01-28,,11803.0,
6467,6467,11,0,"Okra (gumbo), frozen, boiled, drained, with salt","Okra (gombo), congelé, bouilli, égoutté, sel ajouté",2026-01-28,,11804.0,
6468,6468,11,0,"Onion, frozen, chopped, boiled, drained, with salt","Oignon, congelé, haché, bouilli, égoutté, sel ajouté",2012-07-11,,11806.0,
6469,6469,11,0,"Onion, frozen, whole, boiled, drained, with salt","Oignon, congelé, entier, bouilli, égoutté, sel ajouté",2012-07-11,,11807.0,
6470,6470,14,1,"Juice drink, orange","Boisson au jus, orange",2026-01-28,,42270.0,
6471,6471,18,0,"Pancake, plain (includes buttermilk), dry mix, complete, prepared with water","Crêpe, nature (incluant babeurre), mélange sec, complet, préparé avec eau",2012-07-31,,18290.0,
6472,6472,18,0,"Pancake, plain (includes buttermilk), dry mix, incomplete, prepared with egg, oil, milk","Crêpe, nature (incluant babeurre), mélange sec, incomplet, préparé avec oeuf, huile et lait",2012-07-31,,18292.0,
6473,6473,18,0,"Pancake, whole wheat, dry mix, incomplete, prepared, (with egg, oil, milk)","Crèpe, blé entier, mélange sec incomplet, préparé (avec oeuf, huile et lait)",2017-01-17,,,
6474,6474,11,0,"Parsnip, boiled, drained, with salt","Panais, bouilli, égoutté, sel ajouté",2012-07-11,,11808.0,
6475,6475,11,0,"Peas and carrots, frozen, boiled, drained, with salt","Pois et carottes, congelés, bouillis, égouttés, sel ajouté",2012-07-11,,11817.0,
6476,6476,11,0,"Peas and onions, frozen, boiled, drained, with salt","Pois et oignons, congelés, bouillis, égouttés, sel ajouté",2012-07-11,,11818.0,
6477,6477,11,0,"Peas, edible-podded (snow peas), boiled, drained, with salt","Pois mange-tout, bouillis, égouttés, sel ajouté",2012-07-11,,11809.0,
6478,6478,11,0,"Peas, edible-podded (snow peas), frozen, boiled, drained, with salt","Pois mange-tout, congelés, bouillis, égouttés, sel ajouté",2012-07-11,,11810.0,
6479,6479,11,0,"Peas, green, canned, drained solids, unsalted","Pois, petits (verts), conserve, solides égouttés, sans sel ajouté",2026-01-28,,11813.0,
6480,6480,11,0,"Peas, green, canned, solids and liquid, unsalted","Pois, petits (verts), conserve, solides et liquide, sans sel ajouté",2026-01-28,,11812.0,
6481,6481,11,0,"Peas, green, boiled, drained, with salt","Pois, petits (verts), bouillis, égouttés, sel ajouté",2012-07-11,,11811.0,
6482,6482,11,0,"Peas, green, frozen, boiled, drained, with salt","Pois, petits (verts), congelés, bouillis, égouttés, sel ajouté",2012-07-11,,11814.0,
6483,6483,11,0,"Pepper, sweet, green, frozen, chopped, boiled, drained, with salt","Poivron vert, congelé, haché, bouilli, égoutté, sel ajouté",2012-07-11,,11825.0,
6484,6484,11,0,"Pepper, sweet, red, canned, solids and liquid","Poivron rouge, conserve, solides et liquide",2012-07-11,,11916.0,
6485,6485,11,0,"Pepper, sweet, red, freeze-dried","Poivron rouge, lyophilisé",2012-06-21,,11931.0,
6486,6486,11,0,"Pepper, sweet, red, frozen, chopped, boiled, drained, with salt","Poivron rouge, congelé, haché, bouilli, égoutté, sel ajouté",2012-07-11,,11919.0,
6487,6487,11,0,"Pepper, sweet, red, frozen, chopped, boiled, drained","Poivron rouge, congelé, haché, bouilli, égoutté",2012-07-11,,11918.0,
6488,6488,11,0,"Pepper, sweet, red, frozen, chopped, unprepared","Poivron rouge, congelé, haché, non préparé",2012-07-11,,11917.0,
6489,6489,18,0,"Pie crust, standard-type, dry mix, prepared, baked","Croûte de tarte, type ordinaire, mélange sec, préparé, cuit",2026-01-28,,18333.0,
6490,6490,11,0,"Peas, pigeon, boiled, drained, with salt","Pois, cajan, bouillis, égouttés, sel ajouté",2012-07-11,,11826.0,
6491,6491,11,0,"Pokeberry shoots, boiled, drained, with salt","Phytolaque d'Amérique, pousses, bouillies, égouttées, sel ajouté",2012-07-11,,11827.0,
6509,6509,11,0,"Potato, au gratin, homemade, with margarine","Pomme de terre, au gratin, faite maison, avec margarine",2026-01-28,,11843.0,
6510,6510,11,0,"Potato, flesh and skin, baked, with salt","Pomme de terre, chair et pelure, cuite au four, sel ajouté",2026-01-28,,11828.0,
6511,6511,11,0,"Potato, flesh, baked, with salt","Pomme de terre, chair, cuite au four, avec sel",2026-01-28,,11829.0,
6512,6512,11,0,"Potato, skin, baked, with salt","Pomme de terre, pelure, cuite au four, sel ajouté",2026-01-28,,11830.0,
6513,6513,11,0,"Potato, boiled with skin, flesh, with salt","Pomme de terre, bouillie avec la pelure, chair, sel ajouté",2026-01-28,,11831.0,
6514,6514,11,0,"Potato, boiled with skin, skin only, with salt","Pomme de terre, bouillie avec la pelure, pelure seulement, sel ajouté",2026-01-28,,11832.0,
6515,6515,11,0,"Potato, boiled without skin, flesh, with salt","Pomme de terre, bouillie sans la pelure, chair, sel ajouté",2026-01-28,,11833.0,
6516,6516,11,0,"Potato, french-fried, frozen, shoestring, unprepared","Pomme de terre, frite, congelée, allumette, non préparée",2026-01-28,,11394.0,
6517,6517,11,0,"Potato, french-fried, frozen, shoestring, heated in oven","Pomme de terre, frite, congelée, allumette, réchauffée au four",2026-01-28,,11395.0,
6518,6518,11,0,"Potato, french-fried, frozen, partially fried, cottage cut, heated in oven, with salt","Pomme de terre, frite, congelée, partiellement frite, coupe cottage, réchauffée au four, sel ajouté",2026-01-28,,11840.0,
6519,6519,11,0,"Potato, whole, frozen, boiled, drained, with salt","Pomme de terre, entière, congelée, bouillie, égouttée, sel ajouté",2026-01-28,,11837.0,
6520,6520,11,0,"Potato, mashed, prepared from flakes without milk, whole milk and margarine added","Pomme de terre, purée, préparée à partir de flocons sans lait, lait entier et margarine ajoutés",2026-01-28,,11930.0,
6521,6521,11,0,"Potato, flesh, cooked in skin, microwaved, with salt","Pomme de terre, chair, cuite au four à micro-ondes avec la pelure, sel ajouté",2026-01-28,,11835.0,
6522,6522,11,0,"Potato, flesh and skin, cooked in skin, microwaved, with salt","Pomme de terre, chair et pelure, cuite au four à micro-ondes avec la pelure, sel ajouté",2026-01-28,,11834.0,
6523,6523,11,0,"Potato, skin, cooked in skin, microwaved, with salt","Pomme de terre, pelure, cuite au four à micro-ondes avec la pelure, sel ajouté",2026-01-28,,11836.0,
6524,6524,11,0,"Potato, scalloped, homemade, with margarine","Pomme de terre, escaloppe (dauphinoise), faite maison, avec margarine",2026-01-28,,11844.0,
6525,6525,11,0,"Pumpkin leaves, boiled, drained, with salt","Citrouille, feuilles, bouillies, égouttées, sel ajouté",2012-07-11,,11848.0,
6526,6526,11,0,"Pumpkin, boiled, drained, with salt","Citrouille, bouillie, égouttée, sel ajouté",2012-07-11,,11845.0,
6527,6527,11,0,"Pumpkin flowers, boiled, drained, with salt","Citrouille, fleurs, bouillies, égouttées, sel ajouté",2012-07-11,,11847.0,
6528,6528,11,0,"Purslane, boiled, drained, with salt","Pourpier, bouilli, égoutté, sel ajouté",2012-07-11,,11849.0,
6529,6529,11,0,"Radish, oriental (daikon), boiled, drained, with salt","Radis, oriental (daikon), bouilli, égoutté, sel ajouté",2012-07-11,,11850.0,
6530,6530,9,0,"Raspberry, wild, raw","Framboise sauvage, crue",2012-07-11,,35202.0,
6531,6531,11,0,"Rutabaga (swede), boiled, drained, with salt","Rutabaga (chou-navet), bouilli, égoutté, sel ajouté",2026-01-28,,11851.0,
6533,6533,4,0,"Salad dressing, mayonnaise, imitation, soybean","Vinaigrette, mayonnaise, imitation, soya",2012-06-27,,4027.0,
6534,6534,4,0,"Salad dressing, sesame seed, regular","Vinaigrette, graines de sésame, régulière",2012-06-27,,4016.0,
6535,6535,4,0,"Salad dressing, sweet and sour","Vinaigrette, aigre-douce",2012-06-27,,43019.0,
6536,6536,11,0,"Salsify (oysterplant, vegetable oyster), boiled, drained, with salt","Salsifis, bouilli, égoutté, sel ajouté",2012-07-11,,11852.0,
6537,6537,21,0,"Fast foods, egg and sausage griddlecake sandwich","Aliments prêts à manger, sandwich de crêpes avec oeuf et saucisse",2012-06-28,,21306.0,
6538,6538,12,0,"Seeds, sesame seed kernels, toasted, shelled, with salt","Graines, sésame, graines, grillées, décortiquées, sel ajouté",2012-06-19,,12529.0,
6539,6539,11,0,"Sesbania flowers, steamed, with salt","Fagotier, fleurs, cuites à la vapeur, sel ajouté",2012-07-11,,11922.0,
6541,6541,6,37,"Soup, broth, chicken, ready-to-serve","Soupe, bouillon, poulet, prête-à-servir",2013-01-15,,6194.0,
6542,6542,11,0,"Soybeans, green (edamame), boiled, drained, with salt","Fèves, soya frais (edamame), bouillies, égouttées, sel ajouté",2026-01-28,,11853.0,
6543,6543,11,0,"Soybeans, mature seeds, sprouted, bean sprouts, stir-fried, with salt, no fat added","Fèves, soya, grains immatures, germées, germes de haricot, sautées, sel ajouté, sans gras ajouté",2026-01-28,,11924.0,
6544,6544,11,0,"Spinach, boiled, drained, with salt","Épinard, bouillis, égoutté, sel ajouté",2012-07-11,,11854.0,
6545,6545,11,0,"Spinach, frozen, boiled, drained, with salt","Épinard, congelé, bouilli, égoutté, sel ajouté",2012-07-11,,11856.0,
6546,6546,11,0,"Squash, summer, all varieties, boiled, drained, with salt","Courge d'été, toutes variétés, bouillies, égouttées, sel ajouté",2012-07-11,,11857.0,
6549,6549,11,0,"Squash, summer, scallop, boiled, drained, with salt","Courge d'été, pâtisson, bouilli, égoutté, sel ajouté",2012-07-11,,11860.0,
6550,6550,11,0,"Squash, summer, zucchini, boiled, drained, with salt","Courge d'été, courgette (zucchini), bouillie, égouttée, sel ajouté",2012-07-11,,11861.0,
6551,6551,3,0,Zwieback,Zwieback,2012-08-01,,3217.0,
6552,6552,11,0,"Squash, summer, zucchini, frozen, boiled, drained, with salt","Courge d'été, courgette (zucchini), congelée, bouillie, égouttée, sel ajouté",2012-07-11,,11862.0,
6553,6553,11,0,"Squash, winter, acorn, boiled, mashed, with salt","Courge d'hiver, courge poivrée (courgeon), bouillie, en purée, sel ajouté",2012-07-11,,11865.0,
6554,6554,11,0,"Squash, winter, all varieties, baked, with salt","Courge d'hiver, toutes variétés, cuites au four, sel ajouté",2012-07-11,,11863.0,
6555,6555,11,0,"Squash, winter, butternut, baked, with salt","Courge d'hiver, courge musquée, cuite au four, sel ajouté",2012-07-11,,11866.0,
6556,6556,11,0,"Squash, winter, butternut, frozen, boiled, with salt","Courge d'hiver, courge musquée, congelée, bouillie, sel ajouté",2012-07-11,,11867.0,
6557,6557,11,0,"Squash, winter, hubbard, baked, with salt","Courge d'hiver, hubbard, cuite au four, sel ajouté",2012-07-11,,11868.0,
6558,6558,11,0,"Squash, winter, hubbard, boiled, mashed, with salt","Courge d'hiver, hubbard, bouillie, en purée, sel ajouté",2012-07-11,,11869.0,
6559,6559,11,0,"Beans, yardlong (asparagus bean or cowpea), boiled, drained, salt added","Haricots, doliques asperge, bouillis, égouttés, sel ajouté",2026-01-28,,11899.0,
6560,6560,11,0,"Squash, winter, spaghetti, baked or boiled, drained, with salt","Courge d'hiver, spaghetti, au four ou bouillie, égouttée, sel ajouté",2012-07-11,,11870.0,
6561,6561,17,0,"Stew, moose","Ragoût, orignal",2012-06-28,,35048.0,
6562,6562,17,0,"Stew or soup, caribou","Ragoût ou soupe, caribou",2012-06-28,,35024.0,
6563,6563,11,0,"Succotash, boiled, drained, with salt","Succotash, bouilli, égoutté, sel ajouté",2012-07-11,,11871.0,
6564,6564,11,0,"Succotash, frozen, boiled, drained, with salt","Succotash, congelé, bouilli, égoutté, sel ajouté",2012-07-11,,11872.0,
6565,6565,11,0,"Swamp cabbage (skunk cabbage, water convulvolus), boiled, drained, with salt","Patate aquatique, bouillie, égouttée, sel ajouté",2012-07-11,,11873.0,
6566,6566,11,0,"Sweet potato leaves, steamed, with salt","Patate douce, feuilles, cuites à la vapeur, sel ajouté",2026-01-28,,11874.0,
6567,6567,11,0,"Sweet potato, baked, skin removed after baking, with salt","Patate douce, cuite au four, pelée après la cuisson, sel ajouté",2026-01-28,,11875.0,
6568,6568,11,0,"Sweet potato, boiled without skin, with salt","Patate douce, bouillie sans la pelure, sel ajouté",2026-01-28,,11876.0,
6569,6569,11,0,"Sweet potato, frozen, baked, with salt","Patate douce, congelée, cuite au four, sel ajouté",2026-01-28,,11877.0,
6570,6570,18,0,"Sweet roll, cinnamon, refrigerated dough,baked, with icing (frosting)","Brioche, cannelle, pâte réfrigérée, cuite, avec glaçage",2012-08-01,,18358.0,
6571,6571,19,0,"Chocolate syrup, thin type, Calorie-reduced","Chocolat, sirop, consistance claire, réduit en Calories",2012-07-03,,19345.0,
6572,6572,11,0,"Taro, cooked, with salt","Taro, cuit, sel ajouté",2012-07-11,,11878.0,
6573,6573,11,0,"Taro leaves, steamed, with salt","Taro, feuilles, cuites à la vapeur, sel ajouté",2012-07-11,,11879.0,
6574,6574,11,0,"Taro shoots, cooked, with salt","Taro, pousses, cuites, sel ajouté",2012-07-11,,11880.0,
6575,6575,11,0,"Taro, tahitian, cooked, with salt","Taro, Tahiti, cuit, sel ajouté",2012-07-11,,11881.0,
6576,6576,14,0,"Tea, tundra, herb and labrador","Thé, toundra, herbes et labrador",2012-07-03,,35078.0,
6577,6577,16,0,"Tofu, fried","Tofu, frit",2012-06-19,,16129.0,
6578,6578,16,0,"Tofu, fried (prepared with calcium sulphate)","Tofu, frit (préparé avec calcium sulfate)",2012-12-06,,16429.0,
6579,6579,11,11,"Tomato products, canned paste","Produits à base de tomates, conserve, pâte",2026-01-28,,11887.0,
6580,6580,11,0,"Tomato products, canned, puree","Produits à base de tomates, conserve, purée",2016-03-22,,11888.0,
6581,6581,22,0,"Turkey pot pie, frozen","Pâté à la dinde, congelé",2012-06-28,,22528.0,
6582,6582,11,0,"Turnip greens, boiled, drained, with salt","Navet, feuilles, bouillies, égouttées, sel ajouté",2012-07-12,,11891.0,
6583,6583,11,0,"Turnip greens, frozen, boiled, drained, with salt","Navet, feuilles, congelées, bouillies, égouttées, sel ajouté",2012-07-11,,11892.0,
6584,6584,11,0,"Turnip, boiled, drained, with salt","Navet, bouilli, égoutté, sel ajouté",2012-07-11,,11889.0,
6585,6585,11,0,"Turnip, frozen, boiled, drained, with salt","Navet, congelé, bouilli, égoutté, sel ajouté",2012-07-11,,11890.0,
6586,6586,17,0,"Veal, leg (round), lean, pan-fried, not breaded","Veau, cuisse (ronde), maigre, sauté, non pané",2012-06-22,,17102.0,
6587,6587,11,0,"Yambean (jicama), tuber, boiled, drained, with salt","Doliques bulbeux (jicama), bouillis, égouttés, sel ajouté",2016-12-07,,11898.0,
6588,6588,11,0,"Yam, boiled, drained or baked, salt added","Igname, bouillie, égouttée ou au four, sel ajouté",2026-01-28,,11897.0,
6589,6589,11,0,"Winged beans (goa bean), green, boiled, drained, with salt","Pois carrés, verts, bouillis, égouttés, sel ajouté",2012-07-11,,11896.0,
6590,6590,11,0,"Waxgourd (Chinese preserving melon), boiled, drained, with salt","Waxgourd (melon d'eau chinois), bouilli, égoutté, sel ajouté",2026-01-28,,11895.0,
6591,6591,20,0,"Wheat, vital wheat gluten","Blé, gluten de blé vital",2026-01-28,,48052.0,
6592,6592,11,0,"Vegetables, mixed, frozen, boiled, drained, with salt","Légumes, macédoine, congelée, bouillie, égouttée, sel ajouté",2026-01-28,,11894.0,
6593,6593,18,37,"Granola bar, All Bran, bars and snack bites, all flavours, Kellogg's","Barre granola, All Bran, barres et bouchées collation, toutes saveurs, Kellogg's",2026-01-28,,,
6594,6594,18,37,"Muffin bar, all flavours","Barres muffin, toutes saveurs",2012-07-31,,,
6595,6595,18,37,"Granola bar, cereal bar, fruit-filled, all flavours","Barre granola/céréales, farcie aux fruits, toutes saveurs",2026-01-28,,,
6596,6596,18,37,"Granola bar, crunchy, plain","Barre granola, croquante, nature",2016-02-03,,,
6597,6597,18,37,"Granola bar, crunchy, fruit and/or nut","Barre granola, croquante, fruits et/ou noix",2016-02-03,,,
6598,6598,18,37,"Granola bar, cereal bar, Oatmeal to go, all flavours, Quaker","Barre granola/céréales, Gruau sur le pouce, toutes saveurs, Quaker",2016-02-03,,,
6599,6599,18,37,"Granola bar, chewy, fruit flavour, yogourt (yogurt) coated","Barre granola, tendre, saveurs de fruits, enrobée de yogourt",2026-01-28,,,
6600,6600,18,37,"Granola bar, chewy, chocolate coated, all flavours","Barre granola, tendre, enrobée de chocolat, toutes saveurs",2016-02-03,,,
6601,6601,18,37,"Granola bar, chewy, chocolate chip","Barre granola, tendre, grains de chocolat",2026-01-28,,,
6602,6602,18,37,"Granola bar, chewy, fruit and/or nut","Barre granola, tendre, fruits et/ou noix",2016-02-03,,,
6603,6603,18,37,"Granola bar, chewy, low fat","Barre granola, tendre, faible en gras",2026-01-28,,,
6604,6604,18,37,"Granola bar, chewy, sweet and salty","Barre granola, tendre, salée et sucrée",2016-02-03,,,
6605,6605,1,35,"Egg, chicken, white, fresh or frozen, cooked","Oeuf, poule, blanc, frais ou congelé, cuit",2012-06-29,,,
6606,6606,18,37,"Indian, bread, naan","Indien, pain naan",2026-01-28,,28307.0,
6607,6607,18,35,"Dumpling, plain","Dumpling, nature",2012-07-31,,,
6608,6608,18,35,"Pancake, buckwheat, dry mix, incomplete, prepared (with egg, oil, milk)","Crêpe, sarrazin, mélange sec imcomplet, préparé (avec oeuf, huile et lait)",2012-07-31,,,
6609,6609,18,35,"Muffin, blueberry, dry mix, prepared","Muffin, bleuets, mélange sec, préparé",2026-01-28,,,
6610,6610,18,35,"Muffin, wheat bran, dry mix, prepared","Muffin, son de blé, mélange sec, préparé",2026-01-28,,,
6611,6611,18,35,"Muffin, wheat bran, with raisins, homemade","Muffin, son de blé, avec raisins secs, fait maison",2026-01-28,,,
6612,6612,11,35,"Vegetables, asian mix, frozen, boiled, drained (broccoli, green beans, mini corn, snow peas, red pepper)","Légumes, mélange asiatique, congelés, bouillis, drainés (brocoli, haricots verts, maïs miniature, pois mange-tout, poivron rouge)",2026-01-28,,,
6613,6613,11,35,"Vegetables, broccoli and cauliflower, frozen, boiled, drained","Légumes, brocoli et chou-fleur, congelé, bouilli, drainé",2026-01-28,,,
6614,6614,11,35,"Potato, scalloped, dry mix, prepared with water, 2% M.F. milk and margarine","Pomme de terre, en escalopes, mélange sec, préparé avec eau, lait 2% M.G. et margarine",2026-01-28,,,
6615,6615,11,35,"Potato, mashed, prepared from flakes without milk, 2% M.F. milk and margarine added","Pomme de terre, purée, préparée à partir de flocons sans lait, lait 2% M.G. et margarine ajoutés",2026-01-28,,,
6616,6616,11,35,"Lettuce, spring mix (mesclun)","Laitue, mélange mesclun",2026-01-28,,,
6617,6617,11,35,"Fiddlehead greens (ferns), frozen, boiled, drained","Crosses de fougères (têtes de violon), congelées, bouillies, drainées",2026-01-28,,,
6618,6618,11,35,"Artichoke, canned","Artichaut, conserve",2026-01-28,,,
6619,6619,18,35,"Bread pudding, with raisins, homemade","Pouding au pain, avec raisins secs, fait maison",2012-06-29,,,
6620,6620,18,35,"Pie, sugar, 1 crust, homemade","Tarte au sucre, 1 croûte, faite maison",2026-01-28,,,
6621,6621,18,35,"Butter tart, with raisins, homemade","Tartelette au beurre, avec raisins secs, faite maison",2026-01-28,,,
6622,6622,18,35,"Cake, yellow (plus streusel), pudding-type, dry mix, prepared, with icing","Gâteau, jaune (avec streusel), type pouding, mélange sec préparé, avec glaçage",2026-01-28,,,
6623,6623,18,35,"Cake, white, pudding-type, dry mix, prepared, with chocolate icing","Gâteau, blanc, type pouding, mélange sec, préparé, avec glaçage au chocolat",2026-01-28,,,
6624,6624,18,35,"Cake, pound, homemade","Gâteau, quatre-quarts, fait maison",2026-01-28,,,
6625,6625,18,35,"Cake, gingerbread, dry mix, prepared, without icing","Gâteau, pain d'épices, mélange sec, préparé, sans glaçage",2026-01-28,,,
6626,6626,18,35,"Cake, chocolate, homemade, with chocolate icing (frosting)","Gâteau, chocolat, fait maison, avec glaçage au chocolat",2026-01-28,,,
6627,6627,18,35,"Cake, chocolate, pudding-type, dry mix, prepared, with chocolate icing (frosting)","Gâteau, chocolat, type pouding, mélange sec, préparé, avec glaçage au chocolat",2026-01-28,,,
6628,6628,18,35,"Cheesecake, plain, with cherry topping, homemade","Gâteau, au fromage, nature, avec garniture aux cerises, fait maison",2026-01-28,,,
6629,6629,18,35,"Cake, carrot, homemade, with cream cheese icing","Gâteau, carottes, fait maison, avec glaçage au fromage à la crème",2026-01-28,,,
6630,6630,18,35,"Cookie, shortbread, plain, homemade","Biscuit, sablé, nature, fait maison",2026-01-28,,,
6631,6631,18,35,"Muffin, carrot, commercial","Muffin, carottes, commercial",2026-01-28,,,
6632,6632,18,35,"Muffin, chocolate chip, commercial","Muffin, grains de chocolat, commercial",2026-01-28,,,
6634,6634,14,35,"Instant breakfast, powder, prepared with 2% M.F. milk","Déjeuner instantané, poudre, préparé avec lait 2% M.G.",2026-01-28,,,
6635,6635,14,35,"Instant breakfast, powder, chocolate, prepared with 2% M.F. milk","Déjeuner instantané, poudre, chocolat, préparé avec lait 2% M.G.",2026-01-28,,,
6636,6636,14,35,"Hot chocolate, mix, powder, prepared with 2% M.F. milk","Chocolat chaud, mélange sec, préparé avec lait 2% M.G.",2026-01-28,,,
6638,6638,9,35,"Fruit salad, tropical (pineapple, red and yellow papaya), canned, juice pack, solids and liquid","Fruits tropicaux, salade (ananas, papaye rouge et jaune), conserve, dans du jus, solides et liquide",2026-01-28,,,
6639,6639,1,35,"Cream, whipping, 35% M.F., sweetened, whipped","Crème à fouetter, 35% M.G. sucrée, fouettée",2026-01-28,,,
6640,6640,1,35,"Dessert topping (non dairy), powdered, prepared with 2% M.F. milk","Garniture à dessert (non laitière), poudre, préparée avec lait 2% M.G.",2026-01-28,,,
6641,6641,19,35,"Dessert, pudding, all flavours except chocolate, instant, dry mix, prepared with 2% M.F. milk","Dessert, pouding, toutes saveurs sauf chocolat, instantané, mélange sec, préparé avec lait 2% M.G.",2026-01-28,,,
6642,6642,20,37,"Grains, wheat flour, white, all purpose, unbleached","Grains céréaliers, farine de blé, blanche, tout usage, non blanchie",2012-07-31,,,
6643,6643,20,0,"Pasta, noodles, crunchy, Chinese restaurant","Restaurant chinois, nouilles, croquantes",2026-01-28,,20118.0,
6645,6645,5,0,"Chicken, broiler, back, meat, cooked, rotisserie, with seasoning","Poulet à griller, dos, viande, cuite, rôtisserie, avec assaisonnement",2013-03-20,,5341.0,
6646,6646,5,0,"Chicken, broiler, breast, meat, cooked, rotisserie, with seasoning","Poulet à griller, poitrine, viande, cuite, rôtisserie, avec assaisonnement",2013-03-20,,5342.0,
6647,6647,5,0,"Chicken, broiler, drumstick, meat, cooked, rotisserie, with seasoning","Poulet à griller, pilon, viande, cuite, rôtisserie, avec assaisonnement",2013-03-20,,5343.0,
6648,6648,5,0,"Chicken, broiler, skin, cooked, rotisserie, with seasoning","Poulet à griller, peau, cuite, rôtisserie, avec assaisonnement",2013-03-20,,5344.0,
6649,6649,5,0,"Chicken, broiler, thigh, meat, cooked, rotisserie, with seasoning","Poulet à griller, cuisse, viande, cuite, rôtisserie, avec assaisonnement",2013-03-20,,5345.0,
6650,6650,5,0,"Chicken, broiler, wing, meat, cooked, rotisserie, with seasoning","Poulet à griller, aile, viande, cuite, rôtisserie, avec assaisonnement",2013-03-20,,5346.0,
6651,6651,5,0,"Chicken, broiler, back, meat and skin, cooked, rotisserie, with seasoning","Poulet à griller, dos, viande et peau, cuites, rôtisserie, avec assaisonnement",2013-03-20,,5347.0,
6652,6652,5,0,"Chicken, broiler, breast, meat and skin, cooked, rotisserie, with seasoning","Poulet à griller, poitrine, viande et peau, cuites, rôtisserie, avec assaisonnement",2013-03-20,,5348.0,
6653,6653,5,0,"Chicken, broiler, drumstick, meat and skin, cooked, rotisserie, with seasoning","Poulet à griller, pilon, viande et peau, cuites, rôtisserie, avec assaisonnement",2013-03-20,,5349.0,
6654,6654,5,0,"Chicken, broiler, thigh, meat and skin, cooked, rotisserie, with seasoning","Poulet à griller, cuisse, viande et peau, cuites, rôtisserie, avec assaisonnement",2013-03-20,,5351.0,
6655,6655,5,0,"Chicken, broiler, wing, meat and skin, cooked, rotisserie, with seasoning","Poulet à griller, aile, viande et peau, cuites, rôtisserie, avec assaisonnement",2013-03-20,,5352.0,
6656,6656,8,0,"Cereal, ready to eat, honey almond flax, Kashi","Céréale, prête-à-manger, miel, amandes et graines de lin, Kashi",2012-07-30,,8560.0,
6659,6659,9,0,"Blueberry, wild, frozen","Bleuet sauvage, congelé",2012-07-11,,9053.0,
6660,6660,9,0,"Grape juice, canned or bottled, unsweetened, with added vitamin C","Raisin, jus, conserve ou bouteille, sans sucre ajouté, vitamine C ajoutée",2026-01-28,,9130.0,
6661,6661,9,0,"Juice, pomegranate",Jus de grenade,2026-01-28,,9442.0,
6662,6662,9,0,"Juice, apple and grape, with added vitamin C","Jus, pommes et raisins, vitamine C ajoutée",2012-08-23,,9443.0,
6663,6663,11,0,"Beans, snap (Italian, green or yellow), frozen, microwaved","Haricots italiens, jaunes ou verts, congelés, cuits au four micro-ondes",2026-01-28,,11062.0,
6664,6664,11,0,"Corn, sweet, yellow, frozen, kernels cut off the cob, microwaved","Maïs sucré, jaune, congelé, en grains, cuit au four micro-ondes",2026-01-28,,11182.0,
6665,6665,16,0,"Refried beans, canned, vegetarian","Haricots, sautés (frigoles refrits), conserve, végétarien",2026-01-28,,16171.0,
6666,6666,14,0,"Plant-based beverage, soy beverage, with Omega-3 fatty acids added, fortified","Boisson à base de plantes, soya, avec acides gras oméga-3 ajoutés, enrichie",2026-01-28,,16241.0,
6667,6667,16,0,"Coffee whitener (non dairy), liquid, soy creamer","Colorant à café (non laitier), liquide, soya",2026-01-28,,16260.0,
6668,6668,18,0,"Pie crust, cookie-type, graham cracker, ready-to-serve","Croûte de tarte, type biscuit, graham, prête à servir",2026-01-28,,18942.0,
6669,6669,18,0,"Pie crust, cookie-type, chocolate, ready-to-serve","Croûte de tarte, type biscuit, chocolat, prête à servir",2026-01-28,,18943.0,
6670,6670,19,0,"Candies, chocolate, dark, 45-59% cocoa solids","Bonbons, chocolat noir, 45-59% solides de cacao",2026-01-28,,19902.0,
6671,6671,19,0,"Candies, chocolate, dark, 60-69% cocoa solids","Bonbons, chocolat noir, 60-69% solides de cacao",2026-01-28,,19903.0,
6672,6672,19,0,"Candies, chocolate, dark, 70-85% cocoa solids","Bonbons, chocolat noir, 70-85% solides de cacao",2026-01-28,,19904.0,
6673,6673,19,0,"Candies, chocolate, dark, not further specified","Bonbons, chocolat noir, non spécifié",2026-01-28,,19905.0,
6674,6674,20,0,"Grains, amaranth, cooked","Grains céréaliers, amarante, cuit",2012-07-30,,20002.0,Amaranthus spp.
6675,6675,20,0,"Grains, rice, white, steamed, Chinese restaurant","Grains céréaliers, riz, blanc, cuit à la vapeur, restaurant chinois",2012-07-31,,20058.0,
6676,6676,20,0,"Grains, corn flour, blue, whole grain","Grains céréaliers, farine de maïs, bleue, grains entiers",2026-01-28,,20315.0,
6677,6677,25,0,"Snacks, Sunchips, French Onion flavour","Grignotises, Sunchips, saveur oignon à la française",2026-01-28,,25022.0,
6678,6678,25,0,"Snacks, Sunchips, Harvest Cheddar flavour","Grignotises, Sunchips, saveur cheddar de campagne",2026-01-28,,25023.0,
6679,6679,25,0,"Snacks, plantain chips","Grignotises, croustilles de plantain",2026-01-28,,25027.0,
6680,6680,25,0,"Snacks, tortilla chips, plain, yellow corn","Grignotises, croustilles, tortilla, nature, maïs jaune",2026-01-28,,25028.0,
6681,6681,6,0,"Chinese dish, soup, egg drop, restaurant prepared","Mets chinois, soupe aux oeufs (potage aux oeufs), préparation restaurant",2012-06-29,,27000.0,
6682,6682,6,0,"Chinese dish, soup, hot and sour, restaurant prepared","Mets chinois, soupe, aigre-piquante, préparation restaurant",2012-06-29,,27001.0,
6683,6683,6,0,"Soup, wonton (won ton), restaurant prepared","Soupe, wonton (won ton), préparation restaurant",2012-06-29,,27002.0,
6685,6685,17,28,"Game meat, Indigenous, sea lion, stellar, liver, raw","Gibier, viande, autochtone, otarie de Steller, foie, cru",2026-01-28,,35226.0,
6686,6686,17,28,"Game meat, Indigenous, sea lion, stellar, kidney, raw","Gibier, viande, autochtone, otarie de Steller, rein, cru",2026-01-28,,35227.0,Eumetopias jubatus
6687,6687,17,28,"Game meat, Indigenous, sea lion, stellar, heart, raw","Gibier, viande, autochtone, otarie de Steller, coeur, cru",2026-01-28,,35228.0,Eumetopias jubatus
6688,6688,17,28,"Game meat, Indigenous, sea lion, stellar, meat, raw","Gibier, viande, autochtone, otarie de Steller, viande, cru",2026-01-28,,35229.0,
6689,6689,17,28,"Game meat, Indigenous, sea lion, stellar, meat with fat, raw","Gibier, viande, autochtone, otarie de Steller, viande et gras, crus",2026-01-28,,35230.0,
6690,6690,17,28,"Game meat, Indigenous, sea lion, stellar, fat","Gibier, viande, autochtone, otarie de Steller, gras",2026-01-28,,35231.0,
6691,6691,8,23,"Cereal, hot, oats (oatmeal), instant: reduced sugar, apples and cinnamon, dry, Quaker","Céréale, chaude, avoine (gruau), instantanée: réduite en sucre, pommes et cannelle, sèche, Quaker",2026-01-28,,,
6692,6692,8,23,"Cereal, hot, oats (oatmeal), instant: reduced sugar, apples and cinnamon, prepared, Quaker","Céréale, chaude, avoine (gruau), instantanée: réduite en sucre, pommes et cannelle, préparée, Quaker",2026-01-28,,,
6693,6693,8,23,"Cereal, hot, oats (oatmeal), instant: reduced sugar, brown sugar cinnamon, dry, Quaker","Céréale, chaude, avoine (gruau), instantanée: réduite en sucre, cassonnade et cannelle, sèche, Quaker",2026-01-28,,,
6694,6694,8,23,"Cereal, hot, oats (oatmeal), instant: reduced sugar, brown sugar cinnamon, prepared, Quaker","Céréale, chaude, avoine (gruau), instantanée: réduite en sucre: cassonnade et cannelle, préparée, Quaker",2026-01-28,,,
6695,6695,8,23,"Cereal, hot, oats (oatmeal), instant: Weight Control, Maple and Brown Sugar, dry, Quaker","Céréale, chaude, avoine (gruau), poids contrôle, érable et cassonade, sèche, Quaker",2012-08-01,,,
6696,6696,8,23,"Cereal, hot, oats (oatmeal), instant: Weight Control, Maple and Brown Sugar, prepared, Quaker","Céréale, chaude, avoine (gruau), poids contrôle, érable et cassonade, préparée, Quaker",2012-07-30,,,
6697,6697,8,23,"Cereal, hot, oats (oatmeal), instant: Weight Control, Cinnamon, dry, Quaker","Céréale, chaude, avoine (gruau), poids contrôle, canelle, sèche, Quaker",2012-08-01,,,
6698,6698,8,23,"Cereal, hot, oats (oatmeal), instant: Weight Control, Cinnamon, prepared, Quaker","Céréale, chaude, avoine (gruau), poids contrôle, canelle, préparée, Quaker",2012-07-30,,,
6699,6699,8,26,"Cereal, ready to eat, Oatmeal Squares, Maple & Brown Sugar, Quaker","Céréale, prête-à-manger, Squares: à l'avoine, érable et cassonnade, Quaker",2012-07-30,,,
6700,6700,8,37,"Cereal, ready to eat, Life, Toasted Cinnamon, Quaker","Céréale, prête-à-manger, Life, cannelle, Quaker",2012-07-30,,,
6703,6703,14,35,"Tea, chai latte, prepared with whole milk","Thé, chaï, préparé avec lait entier",2026-01-28,,,
6704,6704,14,35,"Coffee latte, prepared with whole milk","Café au lait, préparé avec lait entier",2026-01-28,,,
6705,6705,14,35,"Vodka cooler, fruit flavours","Cooler à la vodka, saveurs de fruits",2026-01-28,,,
6706,6706,14,35,"Alcohol, cocktail, margarita","Boisson alcoolisée, cocktail, margarita",2026-01-28,,,
6707,6707,14,35,Sangria,Sangria,2026-01-28,,,
6708,6708,7,37,Cretons,Cretons,2026-01-28,,,
6709,6709,15,35,"Fish, battered and fried","Poisson, en pâte à frire, frit",2026-01-28,,,
6710,6710,15,35,Fish cake or patty,"Poisson, beignet (fricadelle) ou croquette",2026-01-28,,,
6712,6712,15,35,"Mollusks, squid (calamari), mixed species, breaded and fried","Mollusques, calmar, espèces diverses, panées et frites",2026-01-28,,,
6713,6713,15,35,"Fish, cod (scrod), Atlantic, dried and salted, soaked in water","Poisson, morue de l'Atlantique, déshydratée et salée, trempée dans l'eau",2026-01-28,,,
6714,6714,1,35,"Egg, chicken, Western omelet, with peppers, onion and ham","Oeuf, poule, omelette de l'Ouest (''Western''), avec poivrons verts, oignons et jambon",2026-01-28,,,
6715,6715,1,35,"Egg, chicken, Spanish omelet, with onion, peppers, tomatoes and mushrooms","Oeuf, poule, omelette espagnole, avec oignon, poivrons verts, tomates et champignons",2012-06-29,,,
6716,6716,1,35,"Egg, chicken, omelet, with cheese","Oeuf, poule, omelette, avec fromage",2026-01-28,,,
6717,6717,1,35,Egg Benedict,Oeuf à la bénédictine,2012-06-29,,,
6718,6718,1,35,"Egg, chicken, yolk, cooked","Oeuf, poule, jaune, cuit",2012-06-29,,,
6720,6720,14,37,"Plant-based beverage, soy beverage, vanilla, fortified, refrigerated and/or shelf-stable","Boisson à base de plantes, soya, vanille, enrichie, réfrigérée et/ou longue conservation",2026-02-11,,16139.0,
6721,6721,19,35,"Dessert, pudding, rice, with raisins, homemade","Dessert, pouding au riz, avec raisins secs, fait maison",2026-01-28,,,
6723,6723,8,23,"Cereal, ready to eat, Morning Crisp: maple & pecan, Jordans","Céréale, prête-à-manger, Morning Crisp: érable et pacanes, Jordans",2012-07-30,,,
6725,6725,8,23,"Cereal, ready to eat, Organic Crunchy Granola, Jordans","Céréale, prête-à-manger, biologique, granola croquante, Jordans",2012-07-30,,,
6727,6727,18,37,"Granola bar, chewy, fruit flavour, soy protein added, yogourt (yogurt) coated","Barre granola, tendre, saveurs de fruits, protéines de soya ajoutées, enrobée de yogourt",2016-02-03,,,
6730,6730,6,35,"Soup, lentil, homemade","Soupe, lentilles, faite maison",2026-01-28,,,
6731,6731,6,35,"Soup, split pea with ham, homemade","Soupe, pois cassés avec jambon, faite maison",2026-01-28,,,
6732,6732,6,35,"Soup, vegetable, homemade","Soupe, légumes, faite maison",2026-01-28,,,
6734,6734,6,35,"Soup, cream, vegetable, prepared with 2% M.F. milk, homemade","Soupe, crème, aux légumes, préparé avec lait 2% M.G., faite maison",2026-01-28,,,
6735,6735,6,35,"Soup, chicken noodle, homemade","Soupe, poulet et nouilles, faite maison",2026-01-28,,,
6736,6736,6,35,"Soup, French onion, homemade (with bread and cheese)","Soupe, oignon, faite maison (avec pain et fromage)",2026-01-28,,,
6737,6737,22,35,"Salad, garden, with Italian dressing, homemade","Salade jardinière, avec vinaigrette Italienne, faite maison",2026-01-28,,,
6738,6738,22,35,"Salad, Greek, homemade","Salade grecque, faite maison",2026-01-28,,,
6739,6739,22,35,"Salad, Caesar with chicken, homemade","Salade César avec poulet, faite maison",2026-01-28,,,
6740,6740,22,35,"Salad, taco, with salsa, homemade","Salade de taco avec salsa, faite maison",2026-01-28,,,
6741,6741,22,35,"Salad, Caesar, homemade","Salade César, faite maison",2026-01-28,,,
6742,6742,22,35,"Lasagna with meat sauce, homemade","Lasagne avec sauce à la viande, faite maison",2026-01-28,,,
6743,6743,22,35,"Lasagna, vegetarian, homemade","Lasagne végétarienne, faite maison",2026-01-28,,,
6744,6744,22,35,"Pasta salad with vegetables, prepared with Italian dressing, homemade","Salade de pâtes avec légumes, préparée avec vinaigrette italienne, faite maison",2026-01-28,,,
6747,6747,22,35,"Sandwich, egg salad, homemade","Sandwich aux oeufs durs, fait maison",2026-01-28,,,
6748,6748,22,35,"Sandwich, ham, homemade","Sandwich au jambon, fait maison",2026-01-28,,,
6749,6749,22,35,"Sandwich, tuna salad, homemade","Sandwich à la salade de thon, fait maison",2026-01-28,,,
6750,6750,22,35,"Sandwich, salmon salad, homemade","Sandwich à la salade de saumon, fait maison",2026-01-28,,,
6751,6751,22,35,"Indian, samosa, vegetarian","Indien, samosa (samoussa), végétarien",2026-01-28,,,
6752,6752,22,35,"Sandwich, hot chicken",Sandwich chaud au poulet,2026-01-28,,,
6753,6753,22,35,"Club sandwich with grilled chicken, bacon, tomato, cheese, lettuce and mayonnaise","Sandwich club avec poulet grillé, bacon, tomates, fromage, laitue et mayonnaise",2026-01-28,,21461.0,
6754,6754,22,35,"Sandwich, wrap, chicken with vegetables and cheese, ranch dressing","Sandwich roulé au poulet, légumes et fromage, vinaigrette ranch",2026-01-28,,,
6755,6755,22,35,"Sandwich, vegetarian burger (veggie burger) + vegetables + mayonnaise","Sandwich, hambourgeois végétarien avec légumes et mayonnaise",2026-01-28,,,
6756,6756,21,35,"Fast foods, submarine sandwich on white bread, turkey","Aliments prêts à manger, sandwich, sous-marin fait avec pain blanc et dinde",2026-01-28,,,
6757,6757,21,35,"Fast foods, submarine sandwich on white bread and vegetables (vegetarian)","Aliments prêts à manger, sandwich, sous-marin fait avec pain blanc et légumes (végétarien)",2026-01-28,,,
6758,6758,21,35,"Fast foods, sandwiches and burgers, donair or gyro sandwich","Aliments prêts à manger, sandwichs et burgers, donair ou gyro",2012-06-28,,,
6759,6759,21,0,"Fast foods, sandwiches and burgers, grilled chicken sandwich with lettuce, tomato and spread","Aliments prêts à manger, sandwichs et burgers, sandwich au poulet grillé, avec laitue, tomates et tartinade",2026-01-28,,21490.0,
6760,6760,22,35,"Zucchini, battered and fried","Courgettes, en pâte à frire, frites",2026-01-28,,,
6761,6761,18,35,"Bread, garlic, toasted",Pain à l'ail grillé,2026-01-28,,,
6762,6762,22,35,Pad thaï with chicken,Pad thaï au poulet,2012-06-28,,,
6763,6763,22,35,"Sushi with vegetables, without fish","Sushi avec légumes, sans poisson",2026-01-28,,,
6764,6764,22,35,Sushi with fish and vegetables,Sushi avec poisson et légumes,2026-01-28,,,
6765,6765,22,35,"Meatballs, sweet and sour",Boulettes avec sauce aigre-douce,2012-07-04,,,
6766,6766,22,35,Spaghetti with cream sauce,Spaghetti avec sauce à la crème,2026-01-28,,,
6767,6767,22,35,Spaghetti with meat sauce,Spaghetti avec sauce à la viande,2026-01-28,,,
6769,6769,22,35,Stir fry with beef,Sauté au boeuf,2012-06-28,,,
6770,6770,22,35,Stir fry with chicken,Sauté avec poulet,2026-01-28,,,
6771,6771,22,35,Stir fry with tofu,Sauté avec tofu,2026-01-28,,,
6772,6772,22,35,Poutine,Poutine,2012-06-28,,,
6773,6773,22,37,"Frozen entree, shepherd's pie with corn (may include carrots and peas), heated","Met surgelé, pâté chinois avec maïs (peut inclure carottes et pois), réchauffé",2026-01-28,,,
6774,6774,22,35,Fajita with chicken and vegetables,Fajita au poulet et aux légumes,2026-01-28,,,
6775,6775,22,35,Beef stew with potatoes and vegetables,Ragoût de boeuf avec pommes de terre et légumes,2026-01-28,,,
6776,6776,22,35,"Chicken, sautéed with almonds (almond guy ding)","Poulet, sauté aux amandes",2012-06-28,,,
6777,6777,22,35,Stir fry with beef and broccoli,Sauté au boeuf et brocoli,2012-06-28,,,
6778,6778,22,37,"Frozen entree, Asian dish, breaded chicken, asian sauce (includes general tao, sweet & sour, and lemon), heated","Met surgelé, met asiatique, poulet pané, sauce asiatique (comprend général tao, aigre-douce, citron), réchauffé",2026-01-28,,36618.0,
6779,6779,22,37,"Frozen entree, Asian dish, chicken fried rice, heated","Met surgelé, met asiatique, riz frit au poulet, réchauffé",2026-01-28,,,
6780,6780,22,35,Quesadilla with meat and cheese,Quésadilla à la viande et au fromage,2012-06-28,,,
6781,6781,21,35,"Fast foods, pizza, cheese, meat (pepperoni, ground beef and sausage) and vegetables, regular crust","Aliments prêts à manger, pizza avec fromage, viande (pepperoni, boeuf haché et sausisse) et légumes, croûte régulière",2026-01-28,,,
6782,6782,18,35,"Pancake, plain, homemade with butter and maple syrup","Crêpe, nature, faite maison avec beurre et sirop d'érable",2012-07-31,,,
6784,6784,14,0,"Plant-based beverage, soy beverage, all flavours, reduced fat, fortified","Boisson à base de plantes, soya, toutes saveurs, teneur réduite en gras, enrichie",2026-01-28,,16227.0,
6785,6785,18,0,"Bread, potato",Pain de pommes de terre (patates),2026-01-28,,18971.0,
6786,6786,6,35,"Dip, cream cheese base","Trempette, base de fromage à la crème",2026-01-28,,,
6787,6787,6,35,"Dip, spinach, sour cream base","Trempette, aux épinards, à base de crème sure",2026-01-28,,,
6788,6788,6,35,"Dip, dehydrated onion soup, sour cream base","Trempette, soupe à l'oignon déshydratée, à base de crème sure",2026-01-28,,,
6789,6789,19,0,Dulce de leche (caramelized milk),Dulce de leche (lait caramélisé),2013-01-14,,1225.0,
6790,6790,9,0,"Kiwi fruit, golden, raw","Kiwi doré, cru",2016-06-28,,9520.0,Actinidia chinensis `Zesy002¿ (Gold3)
6791,6791,11,0,"Beans, snap (Italian, green or yellow), fresh, microwaved","Haricots (italiens, jaunes ou verts), frais, cuits au four micro-ondes",2026-01-28,,11063.0,
6792,6792,18,0,"Cracker, whole wheat, reduced fat","Craquelin, blé entier, teneur réduite en gras",2026-01-28,,18949.0,
6793,6793,18,0,"Waffle, chocolate chip, frozen, ready-to-heat","Gaufre, grains de chocolat, congelée, prête-à-cuire",2026-01-28,,18951.0,
6794,6794,19,0,"Sweets, sugars, brown, contains sugar and sucralose","Confiseries, sucre, cassonnade, contient sucre et sucralose",2026-01-28,,19906.0,
6795,6795,19,0,"Candies, bars, crispy bar with peanut butter filling","Bonbons, barre croustillante avec garniture au beurre d'arachide",2026-01-28,,19910.0,
6796,6796,22,0,"Club sandwich with fried chicken, bacon, tomato, cheese, lettuce and mayonnaise","Sandwich club avec poulet frit, bacon, tomates, fromage, laitue et mayonnaise",2012-06-28,,21462.0,
6797,6797,21,0,"Fast foods, entree, chicken, breaded and fried, breast, meat only, skin and breading removed","Aliments prêts à manger, plat principal, poulet, pané et frit, poitrine, viande seulement, peau et panure retirés",2012-07-04,,21464.0,
6798,6798,21,0,"Fast foods, entree, chicken, breaded and fried, breast, meat and skin with breading","Aliments prêts à manger, plat principal, poulet, pané et frit, poitrine, viande et peau avec panure",2012-07-04,,21469.0,
6799,6799,21,0,"Fast foods, entree, chicken, breaded and fried, drumstick, meat only, skin and breading removed","Aliments prêts à manger, plat principal, poulet, pané et frit, pilon, viande seulement, peau et panure retirés",2012-07-04,,21465.0,
6801,6801,21,0,"Fast foods, entree, chicken, breaded and fried, drumstick, meat and skin with breading","Aliments prêts à manger, plat principal, poulet, pané et frit, pilon, viande et peau avec panure",2012-07-04,,21470.0,
6802,6802,21,0,"Fast foods, entree, chicken, breaded and fried, thigh, meat only, skin and breading removed","Aliments prêts à manger, plat principal, poulet, pané et frit, haut de cuisse, viande seulement, peau et panure retirées",2015-02-13,,21466.0,
6804,6804,21,0,"Fast foods, entree, chicken, breaded and fried, thigh, meat and skin with breading","Aliments prêts à manger, plat principal, poulet, pané et frit, haut de cuisse, viande et peau avec panure",2012-07-04,,21471.0,
6806,6806,21,0,"Fast foods, entree, chicken, breaded and fried, wing, meat only, skin and breading removed","Aliments prêts à manger, plat principal, poulet, pané et frit, aile, viande seulement, peau et panure retirées",2015-02-13,,21467.0,
6808,6808,21,0,"Fast foods, entree, chicken, breaded and fried, wing, meat and skin with breading","Aliments prêts à manger, plat principal, poulet, pané et frit, aile, viande et peau avec panure",2012-07-04,,21472.0,
6809,6809,21,0,"Fast foods, entree, chicken, breaded and fried, skin and breading from all pieces","Aliments prêts à manger, plat principal, poulet, pané et frit, peau et panure provenant de tous les morceaux",2012-07-04,,21468.0,
6810,6810,25,0,"Snacks, vegetable chips","Grignotises, croustilles aux légumes",2026-01-28,,25040.0,
6811,6811,19,0,"Candies, candy bits, yogourt (yogurt) covered","Bonbons, morceaux de bonbons enrobés de yogourt",2026-01-28,,25043.0,
6812,6812,25,0,"Snacks, bagel chips","Grignotises, croustilles de bagel",2026-01-28,,25046.0,
6813,6813,22,0,"Mozzarella sticks, fried","Bâtonnets de fromage mozzarella, frits",2012-07-24,,36012.0,
6814,6814,22,0,"Egg roll, assorted, restaurant prepared","Pâté imperial (egg roll), assortiment, préparation restaurant",2026-01-28,,36601.0,
6817,6817,19,0,"Sweets, sugars, turbinado","Confiseries, sucre turbiné (turbinado)",2016-01-22,,19908.0,
6818,6818,19,0,"Sweetener, brown sugar substitute, granulated","Édulcorant, substitut de sucre brun, granulé",2026-01-28,,19909.0,
6821,6821,1,0,"Yogourt (yogurt) parfait, with fruit and granola, reduced fat yogourt","Yogourt, parfait au yogourt, avec fruits et granola, yogourt à teneur réduite en gras",2026-01-28,,21463.0,
6822,6822,6,35,"Gravy, beef, dehydrated, prepared with water","Sauce, boeuf, déshydratée, préparée avec de l'eau",2012-06-29,,,
6832,6832,8,37,"Cereal, ready to eat, Special K: with Red Berries, Kellogg's","Céréale, prête-à-manger, Spécial K: avec baies rouges, Kellogg's",2012-07-31,,,
6833,6833,8,26,"Cereal, ready to eat, Oaty Bites, Nature's Path","Céréale, prête-à-manger, Oaty Bites, Nature's Path",2012-07-30,,,
6834,6834,8,26,"Cereal, ready to eat, Crispy Rice, Nature's Path","Céréale, prête-à-manger, riz croquant, Nature's Path",2012-07-30,,,
6836,6836,8,26,"Cereal, ready to eat, Spelt Flakes, Nature's Path","Céréale, prête-à-manger, flocons d'épeautre, Nature's Path",2012-07-31,,,
6837,6837,8,26,"Cereal, ready to eat, Flax Plus: Maple Pecan Crunch, Nature's Path","Céréale, prête-à-manger, Flax plus: pacanes croquantes à l'érable, Nature's Path",2012-07-30,,,
6838,6838,8,26,"Cereal, ready to eat, Mesa Sunrise, Nature's Path","Céréale, prête-à-manger, Mesa Sunrise, Nature's Path",2012-07-30,,,
6839,6839,8,26,"Cereal, ready to eat, Whole O's, Nature's Path","Céréale, prête-à-manger, O entiers, Nature's Path",2012-07-30,,,
6840,6840,8,26,"Cereal, ready to eat, Hemp Plus Granola, Nature's Path","Céréale, prête-à-manger, Granola Hemp Plus, Nature's Path",2012-07-30,,,
6843,6843,8,26,"Cereal, ready to eat, Peanut Butter Granola, Nature's Path","Céréale, prête-à-manger, granola au beurre d'arachide, Nature's Path",2012-07-30,,,
6844,6844,8,26,"Cereal, ready to eat, Acai Plus Granola, Nature's Path","Céréale, prête-à-manger, granola acai plus, Nature's Path",2012-07-31,,,
6845,6845,8,26,"Cereal, ready to eat, Pomegran Plus Cherry Granola, Nature's Path","Céréale, prête-à-manger, Granola: grenade plus avec cerises, Nature's Path",2012-07-30,,,
6846,6846,8,26,"Cereal, ready to eat, Vanilla Almond Granola, Nature's Path","Céréale, prête-à-manger, Granola: Amande et Vanille, Nature's Path",2012-07-30,,,
6847,6847,8,26,"Cereal, ready to eat, Agave Sunflower Seeds Granola, Nature's Path","Céréale, prête-à-manger, granola agave tournesol, Nature's Path",2012-07-30,,,
6848,6848,8,26,"Cereal, ready to eat, Multigrain, Nature's Path","Céréale, prête-à-manger, Multigrain, Nature's Path",2012-07-30,,,
6850,6850,5,37,"Turkey, hen, breast, meat only, roasted","Dinde, jeune, poitrine, viande, rôtie",2026-01-28,,5711.0,
6851,6851,5,37,"Turkey, hen, drumstick, meat only, roasted","Dinde, jeune, pilon, viande, rôtie",2026-01-28,,5723.0,
6852,6852,5,37,"Turkey, hen, thigh, meat only, roasted","Dinde, jeune, haut de cuisse, viande, rôti",2026-01-28,,5722.0,
6853,6853,5,37,"Turkey, hen, leg, meat only, roasted","Dinde, jeune, cuisse, viande, rôtie",2026-01-28,,5188.0,
6854,6854,5,37,"Turkey, hen, wing, meat only, roasted","Dinde, jeune, aile, viande, rôtie",2026-01-28,,5713.0,
6856,6856,5,37,"Turkey, hen, breast, meat only, raw","Dinde, jeune, poitrine, viande, crue",2026-01-28,,5710.0,Meleagris gallopavo
6857,6857,5,37,"Turkey, hen, drumstick, meat only, raw","Dinde, jeune, pilon, viande, crue",2026-01-28,,5716.0,Meleagris gallopavo
6858,6858,5,37,"Turkey, hen, thigh, meat only, raw","Dinde, jeune, haut de cuisse, viande, cru",2026-01-28,,5717.0,Meleagris gallopavo
6859,6859,5,37,"Turkey, hen, leg, meat only, raw","Dinde, jeune, cuisse, viande, crue",2026-01-28,,,Meleagris gallopavo
6862,6862,5,37,"Turkey, hen, wing, meat only, raw","Dinde, jeune, aile, viande, crue",2026-01-28,,5712.0,Meleagris gallopavo
6863,6863,5,37,"Turkey, all classes, drumstick, meat and skin, raw","Dinde, toutes catégories, pilon, viande et peau, cru",2026-01-28,,5736.0,
6864,6864,5,37,"Turkey, all classes, thigh, meat and skin, raw","Dinde, toutes catégories, haut de cuisse, viande et peau, cru",2026-01-28,,5742.0,Meleagris gallopavo
6865,6865,5,37,"Turkey, all classes, breast, meat only, raw","Dinde, toutes catégories, poitrine, viande seulement, crue",2026-01-28,,,Meleagris gallopavo
6866,6866,5,37,"Turkey, all classes, leg, meat only, raw","Dinde, toutes catégories, cuisse, viande seulement, crue",2026-01-28,,5187.0,Meleagris gallopavo
6867,6867,5,37,"Turkey, all classes, drumstick, meat only, raw","Dinde, toutes catégories, pilon, viande seulement, cru",2026-01-28,,5716.0,Meleagris gallopavo
6868,6868,5,37,"Turkey, all classes, thigh, meat only, raw","Dinde, toutes catégories, haut de cuisse, viande seulement, cru",2026-01-28,,5717.0,Meleagris gallopavo
6870,6870,5,37,"Turkey, all classes, drumstick, meat and skin, roasted","Dinde, toutes catégories, pilon, viande et peau, rôti",2026-01-28,,5737.0,
6871,6871,5,37,"Turkey, all classes, thigh, meat and skin, roasted","Dinde, toutes catégories, haut de cuisse, viande et peau, rôti",2026-01-28,,5743.0,
6872,6872,5,37,"Turkey, all classes, breast, meat only, roasted","Dinde, toutes catégories, poitrine, viande seulement, rôtie",2026-01-28,,,
6873,6873,5,37,"Turkey, all classes, leg, meat only, roasted","Dinde, toutes catégories, cuisse, viande seulement, rôtie",2026-01-28,,5188.0,
6874,6874,5,37,"Turkey, all classes, drumstick, meat only, roasted","Dinde, toutes catégories, pilon, viande seulement, rôti",2026-01-28,,5723.0,
6875,6875,5,37,"Turkey, all classes, thigh, meat only, roasted","Dinde, toutes catégories, haut de cuisse, viande seulement, rôti",2026-01-28,,5722.0,
6876,6876,5,37,"Turkey, all classes, wing, meat only, raw","Dinde, toutes catégories, aile, viande seulement, crue",2026-01-28,,5712.0,Meleagris gallopavo
6877,6877,5,37,"Turkey, all classes, wing, meat only, roasted","Dinde, toutes catégories, aile, viande seulement, rôtie",2026-01-28,,5713.0,
6878,6878,5,37,"Turkey, hen, drumstick, meat and skin, roasted","Dinde, jeune, pilon, viande et peau, rôti",2026-01-28,,5737.0,
6879,6879,5,37,"Turkey, hen, thigh, meat and skin, roasted","Dinde, jeune, haut de cuisse, viande et peau, rôti",2026-01-28,,5743.0,
6883,6883,18,23,"Tourtiere, homemade",Tourtière maison,2026-01-28,,,
6889,6889,5,37,"Turkey, hen, drumstick, meat and skin, raw","Dinde, jeune, pilon, viande et peau, crue",2026-01-28,,5736.0,Meleagris gallopavo
6891,6891,5,37,"Turkey, hen, thigh, meat and skin, raw","Dinde, jeune, haut de cuisse, viande et peau, rôtie",2026-01-28,,5742.0,Meleagris gallopavo
6893,6893,5,37,"Turkey, broiler, drumstick, meat and skin, raw","Dinde à griller, pilon, viande et peau, cru",2026-01-28,,5736.0,Meleagris gallopavo
6894,6894,5,37,"Turkey, broiler, drumstick, meat and skin, roasted","Dinde à griller, pilon, viande et peau, rôti",2026-01-28,,5737.0,
6895,6895,5,37,"Turkey, broiler, drumstick, meat only, raw","Dinde à griller, pilon, viande seulement, cru",2026-01-28,,5716.0,Meleagris gallopavo
6896,6896,5,37,"Turkey, broiler, drumstick, meat only, roasted","Dinde à griller, pilon, viande seulement, rôti",2026-01-28,,5723.0,
6897,6897,5,37,"Turkey, broiler, thigh, meat and skin, raw","Dinde à griller, haut de cuisse, viande et peau, cru",2026-01-28,,5742.0,Meleagris gallopavo
6898,6898,5,37,"Turkey, broiler, thigh, meat and skin, roasted","Dinde à griller, haut de cuisse, viande et peau, rôti",2026-01-28,,5743.0,
6899,6899,5,37,"Turkey, broiler, thigh, meat only, raw","Dinde à griller, haut de cuisse, viande seulement, cru",2026-01-28,,5717.0,Meleagris gallopavo
6900,6900,5,37,"Turkey, broiler, thigh, meat only, roasted","Dinde à griller, haut de cuisse, viande seulement, rôti",2026-01-28,,5722.0,
6901,6901,5,37,"Turkey, all classes, back, meat only, roasted","Dinde, toutes catégories, dos, viande seulement, rôtie",2026-01-28,,,
6902,6902,5,37,"Turkey, all classes, back, meat only, raw","Dinde, toutes catégories, dos, viande seulement, crue",2026-01-28,,,Meleagris gallopavo
6903,6903,6,35,"Sauce, Hollandaise (butter sauce)","Sauce, Hollandaise",2026-01-28,,,
6904,6904,11,0,"Mushroom, shiitake, raw","Champignon, shiitake, cru",2012-09-06,,11238.0,
6905,6905,8,37,"Cereal, ready to eat, Cheerios: Oat Clusters Crunch, General Mills","Céréale, prête-à-manger, Cheerios: Pépites d'avoine croquantes, General Mills",2012-07-30,,,
6906,6906,8,37,"Cereal, ready to eat, Fibre 1: Honey Clusters, General Mills","Céréale, prête-à-manger, Fiber 1: grappes au miel, General Mills",2012-07-31,,,
6907,6907,8,37,"Cereal, ready to eat, Fibre 1: Raisin Bran Clusters, General Mills","Céréale, prête-à-manger, Fibre 1: Grappes au son et aux raisins secs, General Mills",2012-11-06,,,
6908,6908,8,37,"Cereal, ready to eat, French Toast Crunch, General Mills","Céréale, prête-a-manger, Croque pain doré, General Mills",2012-07-30,,,
6909,6909,8,37,"Cereal, ready to eat, Kashi: GoLean Crunch, Kashi","Céréale, prête-à-manger, Kashi: GoLean, Kashi",2012-07-30,,,
6910,6910,8,37,"Cereal, ready to eat, All Bran Strawberry Bites, Kellogg's","Céréale, prête-à-manger, All Bran bouchées aux fraises, Kellogg's",2012-07-30,,,
6912,6912,8,37,"Cereal, ready to eat, Special K: Almond Vanilla, Kellogg's","Céréale, prête-à-manger, Spécial K: Vanille et amandes, Kellogg's",2012-07-31,,,
6913,6913,8,37,"Cereal, ready to eat, Special K: Satisfaction, Kellogg's","Céréale, prête-à-manger, Spécial K: Satisfaction, Kellogg's",2012-07-30,,,
6915,6915,8,37,"Cereal, ready to eat, Corn Flakes: Frosted, Compliments","Céréale, prête-à-manger, Flocons de mais: givré, Compliments",2012-07-31,,,
6916,6916,8,37,"Cereal, ready to eat, Crispy Rice, Compliments","Céréale, prête-à-manger, Riz croustillant, Compliments",2012-07-31,,,
6917,6917,8,37,"Cereal, ready to eat, Maximum Raisin Bran Flakes, Compliments","Céréale, prête-à-manger, Flocons de son à l'avalanche de raisins sec, Compliments",2012-11-06,,,
6918,6918,8,37,"Meal replacement (cereal), ready to eat, Force Active, President's Choice","Substitut de repas (céréale, prête-à-manger, Force active, Choix du président",2012-07-31,,,
6919,6919,8,37,"Cereal, ready to eat, On Track, President's Choice","Céréale, prête-à-manger, Victoire, Choix du président",2026-01-28,,,
6920,6920,8,37,"Cereal, ready to eat, Wheat Squares, Organics, President's Choice","Céréale, prête-à-manger, Carrés de blé, Biologique, Choix du Président",2012-07-30,,,
6921,6921,8,37,"Cereal, ready to eat, Puffed Wheat, Safeway","Céréale, prête-à-manger, Blé, Soufflé, Safeway",2012-07-30,,,
6922,6922,8,37,"Cereal, ready to eat, Honey Nut O's, Selection","Céréale, prête-à-manger, Avoine en O: miel et noix, Sélection merite",2012-07-30,,,
6923,6923,8,37,"Cereal, ready to eat, Corn Flakes, Selection","Céréale, prête-à-manger, Flocons de mais, Sélection merite",2012-07-31,,,
6924,6924,8,37,"Cereal, ready to eat, Toasted Oats, Selection","Céréale, prête-à-manger, Avoine grillée, Sélection merite",2012-07-30,,,
6925,6925,8,37,"Cereal, ready to eat, Muslix: Almond Raisin, Kellogg's","Céréale, prête-à-manger, Muesli: Raisins sec et amandes, Kellogg's",2015-04-02,,,
6926,6926,10,26,"Pork, composite cuts, leg, loin and shoulder, lean and fat, raw","Porc, coupes diverses, cuisse, longe et épaule, maigre et gras, crues",2012-07-04,,,
6927,6927,9,0,"Plantain, green, fried","Plantain, vert, frit",2026-01-28,,9446.0,
6928,6928,11,0,"Mushroom, Chanterelle, raw","Champignon, Chanterelle, cru",2026-01-28,,11239.0,Cantharellus californicus / cantharellus cibarius
6929,6929,11,0,"Mushroom, morel, raw","Champignon, morille, cru",2026-01-28,,11240.0,Morchella spp.
6930,6930,22,0,"Chinese dish, beef and vegetable, restaurant prepared","Mets chinois, boeuf et légumes, préparation restaurant",2026-01-28,,36603.0,
6931,6931,22,0,"Lemon chicken, restaurant prepared","Poulet au citron, préparation restaurant",2026-01-28,,36617.0,
6932,6932,15,28,"Fish, salmon, red (sockeye), Indigenous, filets with skin, smoked","Poisson, saumon, rouge (sockeye), autochtone, fillets avec peau, fumés",2026-01-28,,35190.0,
6933,6933,22,0,"Chinese dish, Kung Pao chicken, restaurant prepared","Mets chinois, poulet Kung Pao, préparation restaurant",2026-01-28,,36619.0,
6934,6934,11,28,"Turnip, Prairie, Indigenous, raw","Navet des Prairies, autochtone, cru",2026-01-28,,35200.0,
6935,6935,11,28,"Turnip, Prairie, Indigenous, boiled","Navet des Prairies, autochtone, bouilli",2026-01-28,,35201.0,
6936,6936,11,28,"Stinging Nettles, Indigenous, blanched","Grande Ortie (ortie commune), autochtone, blanchie",2026-01-28,,35205.0,
6937,6937,9,0,"Papaya, canned, heavy syrup pack, drained","Papaye, conserve dans du sirop épais, drainé",2012-09-06,,9228.0,
6938,6938,22,0,"Tamale, corn","Tamale, maïs",2012-06-28,,36411.0,
6939,6939,22,0,"Tamale, pork","Tamale, porc",2012-06-28,,36412.0,
6940,6940,6,0,"Soup, black bean, ready-to-serve","Soupe, haricots noirs, prête-à-servir",2026-01-28,,36413.0,
6943,6943,11,0,"Spinach, canned, solids and liquids, unsalted","Épinard, conserve, solides et liquide, sans sel",2026-01-28,,11855.0,
6944,6944,10,26,"Pork, composite cuts, leg, loin and shoulder, lean, raw","Porc, coupes diverses, cuisse, longe et épaule, maigre, crues",2012-06-28,,,
6945,6945,10,26,"Pork, composite cuts, leg, loin and shoulder, lean, cooked","Porc, coupes diverses, cuisse, longe et épaule, maigre, cuites",2012-06-28,,,
6948,6948,1,37,"Yogourt (yogurt), fat free, 0-0.5% M.F., plain","Yogourt, sans gras, 0-0,5% M.G., nature",2026-01-28,,,
6949,6949,1,37,"Yogourt (yogurt), fat free, 0-0.5% M.F., fruit flavoured","Yogourt, sans gras, 0-0,5% M.G., saveurs de fruits",2026-01-28,,,
6950,6950,1,37,"Yogourt (yogurt), fat free, 0-0.5% M.F., vanilla flavoured","Yogourt, sans gras, 0-0,5% M.G., saveur de vanille",2026-01-28,,,
6951,6951,1,37,"Yogourt (yogurt), fat free, 0-0.5% M.F., fruit flavoured, artificially sweetened, with added Vitamin D","Yogourt, sans gras, 0-0,5% M.G., saveurs de fruits, avec édulcorant artificiel, avec vitamine D ajoutée",2026-01-28,,,
6952,6952,1,37,"Yogourt (yogurt), fat free, 0-0.5% M.F., vanilla flavoured, with artificial sweetener, with added Vitamin D","Yogourt, sans gras, 0-0,5% M.G., saveur de vanille, avec édulcorant artificiel, avec vitamine D ajoutée",2026-01-28,,,
6953,6953,1,37,"Yogourt (yogurt), fat free, 0-0.5% M.F., fruit flavoued, with added fibre and Vitamin D","Yogourt, sans gras, 0-0,5% M.G., saveurs de fruits, fibres et vitamine D ajoutées",2026-01-28,,,
6954,6954,1,37,"Yogourt (yogurt), low fat, 0.5-1.9% M.F., plain","Yogourt, faible en gras, 0,5-1,9% M.G., nature",2026-01-28,,,
6955,6955,1,37,"Yogourt (yogurt), low fat, 0.5-1.9% M.F., fruit flavoured","Yogourt, faible en gras, 0,5-1,9% M.G., saveurs de fruits",2026-01-28,,,
6956,6956,1,37,"Yogourt (yogurt), low fat, 0.5-1.9% M.F., vanilla flavoured","Yogourt, faible en gras, 0,5-1,9% M.G., saveur de vanille",2026-01-28,,,
6958,6958,1,37,"Yogourt (yogurt), low fat, 0.5-1.9% M.F., fruit flavoured, with added omega-3 from flax","Yogourt, faible en gras, 0,5-1,9% M.G., saveurs de fruits, oméga-3 provenant du lin ajouté",2026-01-28,,,
6959,6959,1,37,"Yogourt (yogurt), low fat, 0.5-1.9% M.F., plain, lactose reduced","Yogourt, faible en gras, 0,5-1,9% M.G., nature, teneur réduite en lactose",2026-01-28,,,
6960,6960,1,37,"Yogourt (yogurt), low fat, 0.5-1.9% M.F., fruit flavoured, lactose reduced","Yogourt, faible en gras, 0,5-1,9% M.G., saveurs de fruits, teneur réduite en lactose",2026-01-28,,,
6961,6961,1,37,"Yogourt (yogurt), 2-3.9% M.F., plain","Yogourt, 2-3,9% M.G., nature",2026-01-28,,,
6962,6962,1,37,"Yogourt (yogurt), 2-3.9% M.F., plain, sweetened","Yogourt, 2-3,9% M.G., nature, sucré",2026-01-28,,,
6963,6963,1,37,"Yogourt (yogurt), 2-3.9% M.F., fruit flavoured","Yogourt, 2-3,9% M.G., saveurs de fruits",2026-01-28,,,
6964,6964,1,37,"Yogourt (yogurt), 2-3.9% M.F., vanilla flavoured","Yogourt, 2-3,9% M.G., saveur de vanille",2026-01-28,,,
6965,6965,1,37,"Yogourt (yogurt), 2-3.9% M.F., coffee flavoured","Yogourt, 2-3,9% M.G., saveur de café",2026-01-28,,,
6967,6967,1,37,"Yogourt (yogurt), 2-3.9% M.F., fruit flavoured, with added fibre","Yogourt, 2-3,9% M.G., saveurs de fruits, fibres ajoutées",2026-02-11,,,
6971,6971,1,37,"Yogourt (yogurt), Balkan style, 4-6% M.F., plain","Yogourt, type Balkan, 4-6% M.G., nature",2026-01-28,,,
6972,6972,1,37,"Yogourt (yogurt), Balkan style, 4-6% M.F., fruit flavoured","Yogourt, type Balkan, 4-6% M.G., saveurs de fruits",2026-01-28,,,
6973,6973,1,37,"Yogourt (yogurt), Balkan style, 4-6% M.F., vanilla flavoured","Yogourt, type Balkan, 4-6% M.G., saveur de vanille",2026-01-28,,,
6974,6974,1,37,"Yogourt (yogurt), Balkan style, 4-6% M.F., coffee flavoured","Yogourt, type Balkan, 4-6% M.G., saveur de café",2026-01-28,,,
6975,6975,1,37,"Yogourt (yogurt), rich/Mediterranean style, 6-9% M.F., plain","Yogourt, riche/type méditerranéen, 6-9% M.G., nature",2026-01-28,,,
6976,6976,1,37,"Yogourt (yogurt), rich/Mediterranean style, 6-9% M.F., fruit flavoured","Yogourt, riche/type méditerranéen, 6-9% M.G., saveurs de fruits",2026-01-28,,,
6977,6977,1,37,"Yogourt (yogurt), rich/Mediterranean style, 6-9% M.F., vanilla flavoured","Yogourt, riche/type méditerranéen, 6-9% M.G., saveur de vanille",2026-01-28,,,
6978,6978,1,37,"Yogourt (yogurt), rich/Mediterranean style, 6-9% M.F., coffee flavoured","Yogourt, riche/type méditerranéen, 6-9% M.G., saveur de café",2026-01-28,,,
6979,6979,1,37,"Yogourt (yogurt), Greek style, fat free, 0-0.5% M.F., plain","Yogourt, Grec, sans gras, 0-0,5% M.G., nature",2026-01-28,,,
6980,6980,1,37,"Yogourt (yogurt), Greek style, fat free, 0-0.5% M.F., fruit flavoured","Yogourt, Grec, sans gras, 0-0,5% M.G., saveur de fruits",2026-01-28,,,
6981,6981,1,37,"Yogourt (yogurt), Greek style, fat free, 0-0.5% M.F., vanilla flavoured","Yogourt, Grec, sans gras, 0-0,5% M.G., saveur de vanille",2026-01-28,,,
6982,6982,1,37,"Yogourt (yogurt), Greek style, rich, 8-12% M.F., plain","Yogourt, Grec, riche, 8-12% M.G., nature",2026-01-28,,,
6983,6983,1,37,"Yogourt (yogurt), Greek style, rich, 8-12% M.F., sweetened, made Vitamin D fortified milk","Yogourt, Grec, riche, 8-12% M.G., sucré, fait avec du lait enrichi en vitamine D",2026-01-28,,,
6984,6984,1,37,"Yogourt (yogurt), goat, plain, with added fibre","Yogourt de chèvre, nature, fibres ajoutées",2026-01-28,,,
6985,6985,1,37,"Yogourt (yogurt), goat, fruit flavoured, with added fibre","Yogourt de chèvre, saveurs de fruits, fibres ajoutées",2026-01-28,,,
6986,6986,1,37,"Yogourt (yogurt), goat, vanilla flavoured, with added fibre","Yogourt de chèvre, saveur de vanille, fibres ajoutées",2026-01-28,,,
6987,6987,1,37,"Yogourt (yogurt), soy, plain","Yogourt, soya, nature",2026-01-28,,,
6989,6989,1,37,"Yogourt (yogurt), soy, fruit flavoured","Yogourt, soya, saveurs de fruits",2026-01-28,,,
6990,6990,1,37,"Yogourt (yogurt), soy, fruit flavoured, with added fibre","Yogourt, soya, saveurs de fruits, fibres ajoutées",2026-01-28,,,
6992,6992,1,37,"Yogourt (yogurt), soy, vanilla flavoured, with added fibre","Yogourt, soya, saveur de vanille, avec fibres ajoutées",2026-01-28,,,
6993,6993,1,37,"Yogourt (yogurt) beverage, fruit flavoured","Yogourt à boire, saveurs de fruits",2026-01-28,,,
6994,6994,1,37,"Yogourt (yogurt) beverage, vanilla flavoured","Yogourt à boire, saveur de vanille",2026-01-28,,,
6995,6995,1,37,"Yogourt (yogurt), fresh cheese-type (quark), fat free, plain, unsalted","Yogourt, fromage frais (quark), sans gras, nature, sans sel ajouté",2026-01-28,,,
6996,6996,1,37,"Yogourt (yogurt), fresh cheese-type (quark), fruit flavoured, miniature size, with added Vitamin D","Yogourt, fromage frais (quark), saveurs de fruits, très petit format, vitamine D ajoutée",2026-01-28,,,
6997,6997,1,37,"Yogourt (yogurt), with crunchy granola/cereal topping","Yogourt, garniture granola/céréales",2026-01-28,,,
6998,6998,1,37,"Yogourt (yogurt), tubes, fruit flavoured, made with vitamin D fortified milk","Yogourt, format tube, saveurs de fruits, fait avec du lait enrichi en vitamine D",2026-01-28,,,
6999,6999,1,37,"Kefir, plain, low fat (0.5-1.9% M.F.)","Kéfir, nature, faible en gras (0,5-1,9% M.G.)",2026-01-28,,,
7000,7000,1,37,"Kefir, fruit flavoured, low fat (0.5-1.9% M.F.)","Kéfir, saveurs de fruits, faible en gras (0,5-1,9% M.G.)",2026-01-28,,,
7002,7002,1,37,"Yogourt (yogurt), low fat, 0.5-1.9% M.F., fruit flavoured, made with vitamin D fortified milk","Yogourt, faible en gras, 0,5-1,9% M.G., saveurs de fruits, fait avec du lait enrichi en vitamine D",2026-01-28,,,
7004,7004,3,37,"Babyfood, yogourt (yogurt), fruit flavours, with added Vitamin D and DHA","Aliment pour bébé, yogourt, saveurs de fruits, Vitamine D et DHA ajoutées",2026-01-28,,,
7005,7005,1,37,"Cheese, processed product, cheddar, slices","Produit de fromage fondu, cheddar, tranches",2012-08-09,,1253.0,
7006,7006,1,37,"Cheese, processed product, mozzarella, slices","Produit de fromage fondu, mozzarella, tranches",2012-08-09,,,
7007,7007,1,37,"Cheese, processed product, Swiss, slices","Produit de fromage fondu, suisse, tranches",2012-08-09,,1044.0,
7008,7008,1,37,"Cheese, processed product, cheddar, reduced fat, slices","Produit de fromage fondu, cheddar, teneur réduite en gras, tranches",2026-01-28,,43275.0,
7009,7009,1,37,"Cheese, processed product, cheddar, fat free, slices","Produit de fromage fondu, cheddar, sans gras, tranches",2026-01-28,,42205.0,
7010,7010,1,37,"Cheese, processed product, mozzarella, fat free, slices","Produit de fromage fondu, mozzarella, sans gras, tranches",2026-01-28,,,
7011,7011,1,37,"Cheese, processed product, Swiss, fat free, slices","Produit de fromage fondu, suisse, sans gras, tranches",2026-01-28,,,
7012,7012,1,37,"Cheese, processed product, cheddar, loaf","Produit de fromage fondu, cheddar, pain",2012-08-09,,1191.0,
7013,7013,1,37,"Cheese, processed product, cheddar, spread","Produit de fromage fondu, cheddar, à tartiner",2026-01-28,,,
7014,7014,1,37,"Cheese, processed product, cheddar, reduced fat, spread","Produit de fromage fondu, cheddar, teneur réduite en gras, à tartiner",2026-01-28,,,
7017,7017,9,0,"Melon, horned",Melon à cornes,2012-09-07,,9451.0,
7020,7020,6,0,"Sauce, sweet and sour, ready to serve","Sauce, aigre-douce, prête-à-servir",2026-01-28,,27050.0,
7024,7024,1,37,"Milk, fluid, buttermilk, whole, 3.25% M.F.","Babeurre, liquide, entier, 3.25% M.G.",2026-01-28,,1230.0,
7025,7025,19,0,"Dessert, frozen yogourt (yogurt), flavours not chocolate, skim milk, with artificial sweetener","Dessert, congelé, yogourt glacé, saveurs autres que chocolat, lait écrémé, édulcorant artificiel",2026-01-28,,1235.0,
7028,7028,19,0,"Dessert, frozen, ice cream, soft serve, chocolate","Dessert, congelé, crème glacée molle, chocolat",2026-01-28,,1236.0,
7029,7029,19,0,"Dessert, frozen, ice cream bar or stick, chocolate covered","Dessert, congelé, crème glacée, barre, enrobée de chocolat",2026-01-28,,1237.0,
7030,7030,19,0,"Dessert, frozen, ice cream sandwich","Dessert, congelé, sandwich à la crème glacée",2012-10-02,,1238.0,
7031,7031,19,0,"Dessert, frozen, ice cream cookie sandwich","Dessert, congelé, sandwich à la crème glacée, biscuit",2012-10-04,,1239.0,
7032,7032,19,0,"Dessert, frozen, ice cream cone, chocolate covered, with nuts, flavours other than chocolate","Dessert, congelé, crème glacée, cornet, enrobé de chocolat, avec noix, saveurs autres que chocolat",2026-01-28,,1240.0,
7033,7033,19,0,"Dessert, frozen, ice cream sandwich, made with light ice cream, vanilla","Dessert, congelé, sandwich à la crème glacée, crème glacée légère, vanille",2012-10-04,,1241.0,
7034,7034,5,0,"Chicken nuggets, dark and white meat, pre-cooked, frozen, not heated","Poulet, croquette, viande blanche et brune, précuite, congelée, non réchauffée",2026-01-28,,22974.0,
7035,7035,5,0,"Chicken nuggets, white meat, pre-cooked, frozen, not heated","Poulet, croquette, viande blanche, précuite, congelée, non réchauffée",2012-10-05,,22975.0,
7036,7036,22,0,"Ravioli, cheese and tomato sauce, frozen, not prepared","Ravioli, sauce aux tomates et fromage, congelé, non préparé",2026-01-28,,22976.0,
7037,7037,25,0,"Snacks, Clif bar, all flavours","Grignotises, Clif bar, toutes saveurs",2026-01-28,,25051.0,
7038,7038,19,0,"Dessert, frozen, ice cream, fat free, no sugar added, flavours other than chocolate","Dessert, congelé, crème glacée, sans gras, sans sucre ajouté, saveurs autres que chocolat",2026-01-28,,1243.0,
7039,7039,6,37,"Soup, clam chowder, New England, ready-to-serve","Soupe, chaudrée de palourdes, Nouvelle-Angleterre, prête-à-servir",2026-01-28,,27042.0,
7040,7040,19,0,"Dessert, frozen, ice milk bar, low fat","Dessert, congelé, lait glacé, barre, faible en gras",2026-01-28,,1244.0,
7041,7041,1,37,"Cheese, Tex Mex blend, shredded","Fromage, mélange Tex Mex, rapé",2026-01-28,,1251.0,
7042,7042,6,37,"Soup, chicken noodle, ready-to-serve, reduced sodium","Soupe, poulet et nouilles, prête-à-servir, réduite en sodium",2014-08-29,,27044.0,
7043,7043,6,0,"Sauce, duck, ready-to-serve","Sauce, canard, prête-à-servir",2026-01-28,,27046.0,
7044,7044,6,0,"Sauce, salsa, verde, ready-to-serve","Sauce, salsa verde (verte), prête-à-servir",2012-10-15,,27047.0,
7045,7045,4,0,"Salad dressing, honey mustard, regular","Vinaigrette, moutarde au miel, régulière",2012-10-15,,4703.0,
7046,7046,4,0,"Salad dressing, poppy seed, creamy","Vinaigrette, graines de pavot, crémeuse",2016-01-22,,4704.0,
7047,7047,4,0,"Salad dressing, Caesar, fat free","Vinaigrette, César, sans gras",2026-01-28,,4705.0,
7048,7048,6,0,"Dip, cheese with chili peppers, ready-to-serve","Trempette, fromage avec piments chili forts, prête-à-servir",2026-01-28,,27052.0,
7049,7049,4,0,"Salad dressing, honey mustard, fat free","Vinaigrette, moutarde au miel, sans gras",2026-01-28,,4706.0,
7050,7050,4,0,"Vegetable oil, flaxseed, contains added sliced flaxseed","Huile végétale, graines de lin, contient des morceaux de graines de lin",2012-10-16,,4707.0,
7051,7051,9,0,Orange pineapple juice,"Jus, orange ananas",2012-10-16,,9452.0,
7052,7052,11,0,"Corn, sweet, canned, drained solids, rinsed","Maïs sucré, conserve, solides égouttés, rinsés",2026-01-28,,11177.0,
7053,7053,11,0,"Peas, green, canned, drained solids, rinsed","Pois, petits (verts), conserve, solides égouttés, rinsés",2012-10-16,,11311.0,
7054,7054,22,0,"Chinese dish, shrimp and vegetables, restaurant prepared","Mets chinois, crevettes et légumes, préparation restaurant",2026-01-28,,36620.0,
7056,7056,22,0,"Chinese dish, sweet and sour chicken, restaurant prepared","Mets chinois, poulet avec sauce aigre-douce, préparation restaurant",2026-01-28,,36621.0,
7057,7057,14,0,"Tea, hibiscus","Tisane, hibiscus",2026-01-28,,14649.0,
7059,7059,22,0,"Chinese dish, sweet and sour pork, restaurant prepared","Mets chinois, porc avec sauce aigre-douce, préparation restaurant",2026-01-28,,36622.0,
7060,7060,16,0,"Chickpeas (garbanzo beans, bengal gram), canned, drained solids","Pois chiches (garbanzo), conserve, égouttés",2026-01-28,,16358.0,
7061,7061,16,0,"Chickpeas (garbanzo beans, bengal gram), canned, drained, rinsed","Pois chiches (garbanzo), conserve, égouttés et rinsés",2026-01-28,,16359.0,
7066,7066,18,37,"Cracker, saltine (also oyster, soda, soup), whole wheat or whole grain","Craquelin, salé (aussi huîtres, soda, soupe), blé entier ou grains entiers",2026-01-28,,18966.0,
7067,7067,18,0,"Bagel, whole wheat","Bagel, blé entier",2016-05-12,,18968.0,
7068,7068,18,0,"Cream puff, eclair, custard or cream filled, with icing (frosting)","Chou à la crème, éclair, garni de crème pâtissière ou de crème, avec glaçage",2012-10-24,,18969.0,
7069,7069,25,4,"Snacks, fruit leather, pieces, vitamin C added","Grignotises, pâte de fruits déshydratée, bouchées, vitamine C ajoutée",2026-01-28,,19274.0,
7070,7070,14,0,"Juice drink, fruit",Boisson au jus de fruits,2026-01-28,,14651.0,
7071,7071,18,0,"Bread, cheese",Pain au fromage,2012-10-24,,18972.0,
7073,7073,18,0,"Bread, focaccia, Italian flatbread, plain","Pain, Focaccia, pain plat Italien, nature",2026-01-28,,18973.0,
7074,7074,18,0,"Cracker, honey sesame","Craquelin, sésame et miel",2016-09-07,,18974.0,
7075,7075,14,0,"Drink, fruit flavour, powder, low calorie, vitamin C added","Boisson, saveur de fruits, poudre, hypocalorique, vitamine C ajoutée",2026-01-28,,14652.0,
7076,7076,18,0,"Cracker, 7 grain","Craquelin, 7 grains",2012-10-24,,18975.0,
7077,7077,18,0,"Cracker, cheese, Asiago","Craquelin, fromage asiago",2012-10-24,,18977.0,
7078,7078,15,0,"Fish, salmon, sockeye (red), canned, total can contents","Poisson, saumon, rouge (sockeye), conserve, tout le contenu de la boîte",2026-01-28,,15253.0,
7079,7079,18,0,"Cracker, roasted vegetable","Craquelin, légumes grillés",2026-01-28,,18981.0,
7080,7080,15,0,"Fish, salmon, sockeye (red), canned, drained solids, without skin and bones","Poisson, saumon, rouge (sockeye), conserve, égoutté, sans peau et os",2026-01-28,,15264.0,
7081,7081,16,0,"Beans, kidney, red, canned, drained solids","Haricots, rouges, conserve, égouttés",2026-01-28,,16145.0,
7082,7082,15,0,"Fish, salmon, pink, canned, drained solids, without skin and bones","Poisson, saumon, rose, conserve, égoutté, sans peau et os",2013-01-31,,15265.0,
7083,7083,16,0,"Beans, pinto, canned, drained solids","Haricots, pinto, conserve, égouttés",2026-01-28,,16146.0,
7084,7084,6,0,"Sauce, cocktail, ready-to-serve","Sauce, cocktail, prête-à-servir",2026-01-28,,27051.0,
7085,7085,16,0,"Beans, kidney, red, canned, drained and rinsed","Haricots, rouges, conserve, égouttés et rincés",2026-01-28,,16335.0,
7086,7086,16,0,"Beans, pinto, canned, drained and rinsed","Haricots, pinto, conserve, égouttés et rincés",2026-01-28,,16345.0,
7087,7087,18,0,"Bread, garlic",Pain à l'ail,2026-01-28,,18963.0,
7088,7088,18,0,"Cinnamon bun, with icing (honey bun)","Brioche à la cannelle, avec glaçage (brioche au miel)",2026-01-28,,18964.0,
7090,7090,20,0,"Grains, wheat flour, whole grain, soft wheat","Grains céréaliers, farine de blé à grains entiers, blé tendre",2026-01-28,,20649.0,
7091,7091,22,0,"Corn dog, wiener/sausage with cornflour coating, frozen, prepared","Saucisse avec enrobage de farine de maïs (saucisse sur bâtonnet), congelé, préparé",2026-01-28,,22973.0,
7092,7092,21,0,"Fast foods, pizza, cheese and sausage, regular crust","Aliments prêts à manger, pizza avec fromage et saucisse, croûte régulière",2012-10-26,,21484.0,
7093,7093,22,0,Pulled pork in barbecue sauce,Porc effiloché dans une sauce barbecue,2026-01-28,,22972.0,
7094,7094,21,0,"Fast foods, pizza, cheese and sausage, thin crust","Aliments prêts à manger, pizza avec fromage et saucisse, croûte mince",2012-10-26,,21483.0,
7096,7096,21,0,"Fast foods, pizza, cheese and pepperoni, thin crust","Aliments prêts à manger, pizza avec fromage et pepperoni, croûte mince",2012-10-26,,21485.0,
7097,7097,22,0,Potato salad with egg,"Salade de pommes de terre, avec oeufs",2026-01-28,,22971.0,
7098,7098,21,0,"Fast foods, mexican, taco with beef, cheese and lettuce, soft","Aliments prêts à manger, mexicain, taco avec boeuf, fromage et laitue, souple",2012-10-26,,21486.0,
7099,7099,22,37,"Frozen entree, pasta, macaroni and cheese, heated","Met surgelé, pâtes, macaroni au fromage, réchauffé",2026-01-28,,22970.0,
7100,7100,21,0,"Fast foods, mexican, taco with chicken, cheese and lettuce, soft","Aliments prêts à manger, mexicain, taco avec poulet, fromage et laitue, souple",2012-10-26,,21487.0,
7101,7101,22,0,"Ravioli, meat-filled, with tomato or meat sauce, canned","Ravioli à la viande, avec sauce aux tomates ou à la viande, conserve",2026-01-28,,22900.0,
7102,7102,21,0,"Fast foods, quesadilla, chicken","Aliments prêts à manger, quesadilla au poulet",2026-01-28,,21488.0,
7103,7103,22,0,"Ravioli, cheese-filled, canned","Ravioli au fromage, conserve",2026-01-28,,22899.0,
7104,7104,21,11,"Salad, grape and apple with yogourt (yogurt) and candied walnuts","Salade, raisins et pommes avec yogourt et noix de Grenobles confites",2026-01-28,,21489.0,
7107,7107,1,37,"Yogourt (yogurt), low fat, 0.5-1.9% M.F., vanilla flavoured, made with vitamin D fortified milk","Yogourt, faible en gras, 0,5-1,9% M.G., saveur de vanille, fait avec du lait enrichi en vitamine D",2026-01-28,,,
7110,7110,1,37,"Yogourt (yogurt), fat free, 0-0.5% MF, plain, made with Vitamin D fortified milk","Yogourt, sans gras, 0-0,5% M.G., nature, fait avec du lait enrichi en vitamine D",2026-01-28,,,
7111,7111,1,37,"Yogourt (yogurt), fat free, 0-0.5% M.F., fruit flavoured, made with Vitamin D fortified milk","Yogourt, sans gras, 0-0,5% M.G., saveurs de fruits, fait avec du lait enrichi en vitamine D",2026-01-28,,,
7112,7112,5,0,"Chicken breast tenders, breaded, frozen, cooked","Poulet, tendres de poitrine, panés, congelés, cuits",2018-05-03,,22978.0,
7113,7113,1,37,"Yogourt (yogurt), fat free, 0-0.5% M.F., vanilla flavoured, made with Vitamin D and A fortified milk","Yogourt, sans gras, 0-0,5% M.G., saveur de vanille, fait avec du lait enrichi en vitamine D et A",2026-01-28,,,
7115,7115,1,37,"Yogourt (yogurt), 2-3.9% M.F., fruit flavoured, made with Vitamin D fortified milk","Yogourt, 2-3,9% M.G., saveurs de fruits, fait avec du lait enrichi en vitamine D",2026-01-28,,,
7116,7116,1,37,"Yogourt (yogurt), 2-3.9% M.F., vanilla flavoured, made with Vitamin D fortified milk","Yogourt, 2-3,9% M.G., saveur de vanille, fait avec du lait enrichi en vitamine D",2026-01-28,,,
7118,7118,1,37,"Yogourt (yogurt), soy, vanilla flavoured","Yogourt, soya, saveur de vanille",2026-01-28,,,
7119,7119,1,37,"Yogourt (yogurt) beverage, fruit flavoured, made with Vitamin D fortified milk","Yogourt à boire, saveurs de fruits, fait avec du lait enrichi en vitamine D",2026-01-28,,,
7120,7120,1,37,"Yogourt (yogurt) beverage, vanilla flavoured, made with Vitamin D fortified milk","Yogourt à boire, saveur de vanille, fait avec du lait enrichi en vitamine D",2026-01-28,,,
7121,7121,1,37,"Yogourt (yogurt), goat, plain","Yogourt de chevre, nature",2026-01-28,,,
7122,7122,1,37,"Yogourt (yogurt), goat, fruit flavoured","Yogourt de chèvre, saveurs de fruits",2026-01-28,,,
7123,7123,1,37,"Yogourt (yogurt), goat, vanilla flavoured","Yogourt de chèvre, saveur de vanille",2026-01-28,,,
7125,7125,9,0,"Pear, Bartlett, raw","Poire, Bartlett, crue",2013-03-22,,9412.0,Pyrus communis
7126,7126,9,0,"Apple, Golden Delicious, raw, with skin","Pomme, Golden Delicious, crue, avec pelure",2013-03-25,,9501.0,
7127,7127,12,0,"Nuts, mixed nuts, oil roasted with peanuts, lightly salted","Noix, noix mélangées, rôties dans l'huile avec arachides, légèrement salées",2026-01-28,,12737.0,
7128,7128,12,0,"Nuts, mixed nuts, oil roasted without peanuts, lightly salted","Noix, noix mélangées, rôties dans l'huile sans arachides, légèrement salées",2026-01-28,,12738.0,
7129,7129,19,0,"Sweets, syrup, agave","Confiseries, sirop d'agave",2016-01-26,,19912.0,
7130,7130,22,37,"Pizza, cheese, thin crust, frozen, cooked","Pizza avec fromage, croûte mince, congelée, cuite",2026-01-28,,21505.0,
7131,7131,20,0,"Grains, rice and vermicelli mix, chicken flavour, unprepared","Grains céréaliers, mélange de riz et vermicelles, saveur de poulet, non préparé",2016-09-07,,22998.0,
7132,7132,20,0,"Grains, rice and vermicelli mix, chicken flavour, prepared with margarine","Grains céréaliers, mélange de riz et vermicelles, saveur de poulet, préparé avec margarine",2013-04-03,,22999.0,
7133,7133,6,0,"Sauce, cheese and salsa, medium","Sauces, fromage et salsa, moyenne",2013-04-03,,27053.0,
7134,7134,11,0,"Seaweed, Canadian cultivated Emi-Tsunomata, dried","Algue canadienne Emi-Tsunomata, cultivée, séchée",2026-01-28,,31019.0,
7135,7135,11,0,"Seaweed, Canadian cultivated Emi-Tsunomata, rehydrated","Algue canadienne Emi-Tsunomata, cultivée, réhydratée",2020-10-15,,31020.0,
7136,7136,20,0,"Grains, rice and vermicelli mix, beef flavour, unprepared","Grains céréaliers, mélange de riz et vermicelles, saveur de boeuf, non préparé",2013-04-03,,32000.0,
7137,7137,20,0,"Grains, rice and vermicelli mix, beef flavour, prepared with margarine","Grains céréaliers, mélange de riz et vermicelles, saveur de boeuf, préparé avec margarine",2013-04-03,,32001.0,
7138,7138,20,0,"Grains, rice and vermicelli mix, pilaf flavour, unprepared","Grains céréaliers, mélange de riz et vermicelles, saveur pilaf, non préparé",2013-04-03,,32002.0,
7139,7139,20,0,"Grains, rice and vermicelli mix, pilaf flavour, prepared with margarine","Grains céréaliers, mélange de riz et vermicelles, saveur pilaf, préparé avec margarine",2013-04-03,,32003.0,
7140,7140,22,0,"Macaroni and cheese, box mix with cheese sauce, unprepared","Macaroni au fromage, mélange en boîte avec sauce au fromage, non préparé",2026-01-28,,32004.0,
7141,7141,22,0,"Macaroni and cheese, box mix with cheese sauce, prepared","Macaroni au fromage, mélange en boîte avec sauce au fromage, préparé",2026-01-28,,32005.0,
7142,7142,19,0,"Sweets, syrup, cane","Confiseries, sirop de canne à sucre",2013-04-04,,90480.0,
7143,7143,10,0,"Pork, cured, bacon, reduced sodium, raw","Porc, salé, bacon, réduit en sodium, cru",2013-04-04,,10994.0,
7144,7144,7,37,"Wiener (frankfurter), Bavarian","Saucisse fumée, bavaroise",2026-01-28,,,
7145,7145,7,37,"Wiener (frankfurter), European",Saucisse fumée européenne,2026-01-28,,,
7146,7146,7,37,"Wiener (frankfurter), low fat","Saucisse fumée, faible en gras",2026-01-28,,42280.0,
7147,7147,7,37,"Deli-meat, bologna (baloney), mixed meats","Charcuterie, bologne, viandes mélangées",2026-01-28,,7008.0,
7149,7149,7,37,"Deli-meat, bologna (baloney), low fat","Charcuterie, bologne, faible en gras",2026-01-28,,42129.0,
7150,7150,7,37,"Deli-meat, ham, cooked, fat free, sliced","Charcuterie, jambon cuit, sans gras, tranché",2026-01-28,,7028.0,
7151,7151,7,37,"Deli-meat, black forest ham","Charcuterie, jambon Forêt Noire",2026-01-28,,7028.0,
7152,7152,7,37,"Deli-meat, prosciutto (cotto ham), extra lean","Charcuterie, prosciutto (cotto), extra maigre",2026-01-28,,,
7153,7153,7,37,"Deli-meat, corned beef, shaved","Charcuterie, boeuf salé ''corned beef'', fraisé",2026-01-28,,13347.0,
7154,7154,7,37,"Deli-meat, corned beef, extra lean, sliced","Charcuterie, boeuf salé ''corned beef'', extra maigre, tranché",2026-01-28,,13347.0,
7155,7155,7,37,"Deli-meat, Old fashioned smoked brisket, sliced","Charcuterie, pointe de poitrine fumée à l'ancienne, tranchée",2026-01-28,,,
7156,7156,7,37,"Deli-meat, Montreal smoked meat, extra lean","Charcuterie, viande fumée montréalaise, extra maigre",2026-01-28,,,
7157,7157,7,37,"Deli-meat, capicollo (cappocollo)","Charcuterie, capicollo",2026-01-28,,,
7158,7158,7,37,"Sausage, Kielbasa (kolbassa)","Saucisse, kielbasa (kolbassa)",2026-02-11,,7970.0,
7159,7159,7,37,"Sausage, Kielbasa (kolbassa), extra lean","Saucisse, kielbasa (kolbassa), extra maigre",2026-01-28,,7934.0,
7160,7160,7,37,"Deli-meat, salami (Hungarian), pork and beef, cooked","Charcuterie, salami (Hongrois), porc et boeuf, cuit",2026-01-28,,7069.0,
7161,7161,7,37,"Deli-meat, salami (Genoa), dry cured","Charcuterie, salami (Genoa), salé à sec",2026-01-28,,7071.0,
7162,7162,7,37,"Deli-meat, summer sausage","Charcuterie, saucisson d'été",2026-01-28,,7078.0,
7163,7163,7,37,"Deli-meat, mortadella","Charcuterie, mortadelle",2026-01-28,,7050.0,
7164,7164,7,37,"Deli-meat, pepperoni","Charcuterie, pepperoni",2026-01-28,,7057.0,
7165,7165,7,37,"Deli-meat, pepperoni, turkey, reduced fat","Charcuterie, pepperoni, dinde, teneur réduite en gras",2026-01-28,,7278.0,
7167,7167,7,37,"Pâté, country style cognac, glazed","Pâté de campagne au cognac, givré",2013-06-26,,,
7168,7168,7,37,"Pâté, country style herb, glazed","Pâté de campagne aux fines herbes, givré",2013-06-26,,,
7169,7169,7,37,"Pâté, country style peppercorn, glazed","Pâté de campagne au poivre noir, givré",2013-06-26,,,
7170,7170,7,37,"Pâté, all flavours, reduced fat and sodium","Pâté, toutes saveurs, teneur réduite en gras et en sodium",2026-01-28,,,
7171,7171,7,37,"Cretons, veal",Cretons de veau,2013-06-26,,,
7173,7173,14,37,"Energy drink, coffee flavours","Boisson énergisante, saveur de café",2016-02-03,,,
7174,7174,14,37,"Energy drink, shot, sugar free","Boisson énergisante, dose énergisante (''energy shot''), sans sucre",2026-01-28,,,
7175,7175,14,37,"Energy drink, various flavours","Boisson énergisante, saveurs variées",2016-02-03,,,
7176,7176,14,37,"Energy drink, coffee flavours, light","Boisson énergisante, saveur de café, léger",2016-02-03,,,
7177,7177,14,37,"Energy drink, sugar free/low calorie","Boisson énergisante, sans sucre / hypocalorique",2026-01-28,,,
7178,7178,14,37,"Energy drink, with fruit juice","Boisson énergisante, avec jus de fruits",2016-02-03,,,
7179,7179,14,37,"Energy drink, caffeine free","Boisson énergisante, sans caféine",2016-02-03,,,
7180,7180,14,37,"Energy drink, tea flavoured","Boisson énergisante, saveur de thé",2016-02-03,,,
7182,7182,14,37,"Alcohol, energy drink (7% alcohol by volume)","Boisson alcoolisée, boisson énergisante (7% alcool par volume)",2026-01-28,,,
7184,7184,14,37,"Energy drink, with electrolytes, sugar free/low calorie","Boisson énergisante, avec électrolytes, sans sucre/ hypocalorique",2026-01-28,,,
7185,7185,14,37,"Vitamin water, all flavours, sweetened","Eau vitaminée, toutes les saveurs, sucrée",2026-01-28,,,
7186,7186,14,37,"Vitamin water, all flavours, low calorie","Eau vitaminée, toutes les saveurs, hypocalorique",2026-01-28,,,
7187,7187,14,37,"Vitamin water, lemon/orange flavours, sweetened","Eau vitaminée, saveur de citron/orange, sucrée",2026-01-28,,,
7188,7188,14,37,"Vitamin water, lemon/orange flavours, low calorie","Eau vitaminée, saveur de citron/orange, hypocalorique",2026-01-28,,,
7189,7189,14,37,"Vitamin water, tropical citrus flavour, sweetened, with caffeine","Eau vitaminée, saveur citronée tropicale, sucrée, avec caféine",2026-01-28,,,
7190,7190,7,23,"Ham, flaked, canned","Jambon, flocons, conserve",2026-01-28,,7026.0,
7191,7191,4,0,"Vegetable oil, sunflower, mid-oleic","Huile végétale, tournesol, teneur moyenne en acide oléique",2026-01-28,,4642.0,
7192,7192,22,0,"Chinese dish, fried rice without meat, restaurant prepared","Mets chinois, riz frit sans viande, préparation restaurant",2014-01-14,,36602.0,
7193,7193,18,37,"Bread, 60% whole wheat, commercial","Pain, 60% blé entier, commercial",2026-01-28,,,
7194,7194,18,37,"Bread, white, commercial, with added fibre","Pain, blanc, commercial, avec fibres ajoutées",2026-01-28,,,
7196,7196,18,37,"Bread, whole grain (whole wheat), commercial","Pain, grains entiers (blé entier), commercial",2026-01-28,,18035.0,
7197,7197,18,37,"Bread, whole grain (whole wheat) with seeds (flax, sunflower), commercial","Pain, grains entiers (blé entier) avec graines (lin, tournesol), commercial",2026-01-28,,18035.0,
7198,7198,18,37,"Bread, whole grain (whole wheat) with seeds and bran, commercial","Pain, grains entiers (blé entier) avec graines et son, commercial",2026-01-28,,18035.0,
7199,7199,18,37,"Bread, whole grain (whole wheat), with added fibre, commercial","Pain, grains entiers (blé entier), avec fibres ajoutées, commercial",2026-01-28,,18035.0,
7200,7200,18,37,"Bread, multigrain, commercial, reduced sodium","Pain, multigrains, commercial, réduit en sodium",2026-01-28,,18035.0,
7201,7201,19,0,"Dessert, frozen, ice cream, soft serve, chocolate, light","Dessert, congelé, crème glacée molle, chocolat, légère",2026-01-28,,1263.0,
7202,7202,19,0,"Dessert, frozen, ice cream bar, stick or nugget, with crunch coating","Dessert, congelé, crème glacée, barre ou pépites, enrobage croquant",2026-01-28,,1264.0,
7203,7203,2,0,"Seasoning mix, chili, dry mix","Assaisonnement, chili, mélange sec",2014-02-21,,2076.0,
7204,7204,3,37,"Babyfood, snack, biscuit, rice","Aliments pour bébé, grignotises, biscuit de riz",2015-02-04,,3997.0,
7205,7205,4,0,"Salad dressing, mayonnaise, with olive oil, reduced fat","Vinaigrette, mayonnaise huile d'olive, teneur réduite en gras",2026-01-28,,4708.0,
7206,7206,6,0,"Sauce, peanut (made from coconut, water, sugar, peanuts)","Sauce, arachides (faite à partir de noix de coco, eau, sucre, arachides)",2026-01-28,,6618.0,
7207,7207,8,6,"Cereal, ready-to-eat, Krave, Kellogg's","Céréale, prête-à-manger, Krave, Kellogg's",2014-02-21,,8652.0,
7208,7208,9,0,"Cherries, tart, dried, sweetened","Cerises, sures (acidulées), séchées, sucrées",2026-01-28,,9044.0,
7209,7209,9,0,"Blueberry, dried, sweetened","Bleuet séché, sucré",2026-01-28,,9163.0,
7210,7210,9,0,"Cherry, sour, canned, water pack, drained","Cerise sure, conserve, dans l'eau, drainée",2014-02-21,,9362.0,
7211,7211,9,0,"Pear, red anjou, raw","Poire, anjou rouge, crue",2014-02-21,,9413.0,
7212,7212,9,0,"Pear, bosc, raw","Poire, bosc, crue",2014-02-21,,9414.0,
7213,7213,9,0,"Pear, green anjou, raw","Poire, anjou verte, crue",2014-02-24,,9415.0,
7214,7214,9,0,"Apple, Red Delicious, raw, with skin","Pomme, Red Delicious, crue, avec peau",2014-02-24,,9500.0,
7215,7215,9,0,"Apple, Granny Smith, raw, with skin","Pomme, Granny Smith, crue, avec pelure",2014-02-24,,9502.0,
7216,7216,9,0,"Apple, Gala, raw, with skin","Pomme, Gala, crue avec pelure",2014-02-24,,9503.0,
7218,7218,9,0,"Apple, Fuji, raw, with skin","Pomme, Fuji, crue avec pelure",2014-02-24,,9504.0,
7219,7219,10,0,"Pork, cured, back bacon, pan-fried","Porc, salé, bacon de dos, sauté",2014-02-24,,10998.0,
7220,7220,11,0,"Potato, roasted, frozen, unprepared","Pomme de terre, rôtie, congelée, non préparée",2026-01-28,,11361.0,
7221,7221,12,0,"Nuts, walnuts, glazed","Noix de Grenoble, givrées",2026-01-28,,12156.0,
7223,7223,12,0,"Nuts, almonds, oil roasted, smoke flavour, salt added","Noix, amandes, rôties dans l'huile, saveur de fumée, salées",2014-02-24,,12567.0,
7224,7224,14,0,"Beverage, coconut water, unsweetened, ready-to-drink","Boisson, eau de noix de coco, non sucrée, prête-à-boire",2026-01-28,,14090.0,
7225,7225,14,37,"Plant-based beverage, almond beverage, vanilla flavoured, sweetened, fortified, refrigerated","Boisson à base de plantes, amande, saveur de vanille, sucrée, enrichie, réfrigérée",2026-02-11,,14016.0,
7226,7226,14,37,"Plant-based beverage, almond beverage, chocolate flavoured, sweetened, fortified, refrigerated","Boisson à base de plantes, amande, saveur de chocolat, sucrée, enrichie, réfrigérée",2026-02-11,,14054.0,
7228,7228,14,6,"Beverage, protein drink, ready-to-drink, Muscle MLK, chocolate","Boisson, boisson protéinée, prête-à-boire, Muscle MLK, chocolat",2026-01-28,,14036.0,
7229,7229,14,0,"Beverage, whey protein isolate, powder","Boisson, isolat de protéines de lactosérum, poudre",2014-03-03,,14058.0,
7230,7230,14,0,"Juice drink, orange, Calorie-reduced","Boisson au jus, orange, réduite en Calories",2026-01-28,,14064.0,
7231,7231,14,0,"Beverage, protein powder, whey based, powder","Boisson, poudre protéinée à base de lactosérum",2014-03-04,,14066.0,
7232,7232,14,0,"Plant-based beverage, protein powder, soy based, powder","Boisson à base de plantes, poudre protéinée à base de soya",2026-01-28,,14067.0,
7233,7233,14,0,"Beverage, shake, high protein, powder, unprepared","Boisson, type frappé, élevée en protéine, poudre, non préparée",2026-01-28,,14654.0,
7234,7234,15,0,"Fish, trout, brook, raw","Poisson, truite mouchetée, crue",2014-03-04,,15274.0,
7235,7235,16,0,"Beans, black, mature seeds, canned, solids and liquid, reduced sodium","Haricots, noirs, grains mûrs, conserve, solides et liquide, réduit en sodium",2026-01-28,,16316.0,
7236,7236,16,0,"Beans, great northern, canned, solids and liquid, reduced sodium","Haricots, great northern, conserve, solides et liquide, réduit en sodium",2026-01-28,,16326.0,
7237,7237,14,37,"Vitamin water, flavours not lemon/orange, sweetened","Eau vitaminée, saveurs autres que citron/orange, sucrée",2026-01-28,,,
7238,7238,14,37,"Vitamin water, flavours not lemon/orange, low calorie","Eau vitaminée, saveurs autres que citron/orange, hypocalorique",2026-01-28,,,
7239,7239,18,37,"Bread, spelt, commercial","Pain, épeautre, commercial",2026-01-28,,,
7240,7240,16,0,"Beans, kidney, red, canned, solids and liquid, reduced sodium","Haricots, rouges, conserve, solides et liquide, réduit en sodium",2026-01-28,,16337.0,
7241,7241,16,0,"Beans, pinto, canned, solids and liquid, reduced sodium","Haricots, pinto, conserve, solides et liquide, réduit en sodium",2026-01-28,,16347.0,
7242,7242,16,0,"Chickpeas (garbanzo beans, bengal gram), canned, solids and liquid, reduced sodium","Pois chiches (garbanzo), conserve, solides et liquide, réduit en sodium",2026-01-28,,16360.0,
7243,7243,16,0,"Refried beans, canned, reduced sodium","Haricots, sautés (frigoles refrits), conserve, réduit en sodium",2026-01-28,,16403.0,
7244,7244,6,0,"Soy sauce (made with hydrolyzed vegetable protein), reduced sodium","Soya, sauce (fait avec protéine végétale hydrolysée), réduite en sodium",2017-10-25,,16425.0,
7245,7245,19,0,"Sweetener, herbal extract powder from Stevia leaves","Édulcorant, poudre d'extrait feuilles de Stevia",2026-01-28,,19918.0,
7246,7246,25,0,"Snacks, brown rice chips","Grignotises, croustilles de riz brun",2026-01-28,,25059.0,
7247,7247,25,0,"Snacks, pretzels, hard, chocolate coated","Grignotises, bretzels, durs, enrobés de chocolat",2026-01-28,,25060.0,
7248,7248,25,0,"Snacks, potato chips, lightly salted","Grignotises, croustilles de pommes de terre, légèrement salées",2026-01-28,,25064.0,
7249,7249,6,0,"Sauce, peanut (made from peanut butter, water, soy sauce)","Sauce, arachides (faite à partir de beurre d'arachides, eau et sauce soya)",2026-01-28,,27059.0,
7250,7250,18,37,"Indian, bread, chapati or roti, whole wheat","Indien, pain, chapati ou roti, blé entier",2026-02-11,,28285.0,
7251,7251,18,0,"Bread, Indian, paratha, whole wheat","Pain, Indien, paratha, blé entier",2026-01-28,,28286.0,
7252,7252,18,37,"Indian, bread, naan, whole wheat","Indien, pain, naan, blé entier",2026-02-11,,28287.0,
7253,7253,18,37,"Indian, bread, chapati or roti, plain","Indien, pain, chapati ou roti, nature",2026-01-28,,28306.0,
7254,7254,18,0,"Cookie, peanut butter filling, chocolate coated","Biscuit,garniture au beurre d'arachides, enrobé de chocolat",2026-01-28,,28290.0,
7255,7255,18,37,"Cracker, multigrain","Craquelin, multigrains",2026-01-28,,28292.0,
7256,7256,18,37,"Cookie, butter, with or without filling, chocolate covered, commercial","Biscuit, beurre, avec ou sans garniture, enrobé de chocolat, commercial",2026-01-28,,28293.0,
7257,7257,18,0,"Cookie, chocolate, with icing or coating","Biscuit, chocolat, avec glaçage ou enrobage",2014-03-17,,28294.0,
7258,7258,18,37,"Tortilla, ready-to-bake / fry, whole grain (whole wheat)","Tortilla, prêt-à-cuire /frire, grains entiers (blé entier)",2026-01-28,,28295.0,
7259,7259,18,0,"Cookie, brownie, commercial, reduced fat","Biscuit, carré au chocolat, teneur réduite en gras",2026-01-28,,28298.0,
7260,7260,18,37,"Cookie, chocolate sandwich, vanilla cream filling, reduced fat, commercial","Biscuit, sandwich au chocolat, garniture crème à la vanille, réduit en gras, commercial",2026-01-28,,28299.0,
7261,7261,18,0,"Cookie, oatmeal sandwich, cream filling","Biscuit, sandwich à l'avoine, garniture à la crème",2026-01-28,,28300.0,
7262,7262,18,0,"Cookie, graham cracker, plain or honey, low fat","Biscuit, graham, nature ou miel, faible en gras",2026-01-28,,28302.0,
7263,7263,18,0,"Cracker, cheese, whole grain","Craquelin, fromage, grains entiers",2026-01-28,,28303.0,
7264,7264,11,0,"Sweet potato, french-fried, frozen, unprepared","Patate douce, frite, congelée, non préparée",2026-01-28,,31023.0,
7265,7265,11,0,"Sweet potato, french-fried, cross cut, frozen, unprepared","Patate douce, frite, coupe ondulée, congelée, non préparée",2026-01-28,,31024.0,
7266,7266,11,0,"Sweet potato puff, frozen, unprepared","Patate douce soufflée, congelée, non préparée",2026-01-28,,31025.0,
7267,7267,11,0,"Potato, french-fried, wedge cut, frozen, unprepared","Pomme de terre, frite, quartier, congelée, non préparée",2026-01-28,,31029.0,
7268,7268,11,0,"Potato, french-fried, cross cut, frozen, unprepared","Pomme de terre, frite, coupe ondulée, congelée, non préparée",2026-01-28,,31031.0,
7269,7269,22,0,"Taquito, chicken and cheese, frozen, heated in oven","Taquito, poulet et fromage, congelé, réchauffé au four",2014-03-18,,32006.0,
7270,7270,22,0,"Taquito, beef and cheese, frozen, heated in oven","Taquito, boeuf et fromage, congelé, réchauffé au four",2014-03-18,,32007.0,
7271,7271,22,0,"Pasta mix, classic cheeseburger macaroni, unprepared","Pâtes, mélange, macaroni boeuf et fromage classique, non préparé",2014-03-18,,32008.0,
7272,7272,22,0,"Pasta mix, classic beef, unprepared","Pâtes, boeuf classique, non préparé",2014-03-18,,32009.0,
7273,7273,22,0,"Pizza roll, frozen, unprepared","Pizza roulée, congelée, non préparée",2014-03-18,,32012.0,
7274,7274,22,0,"Potsticker or wonton, pork and vegetable, frozen, unprepared","Ravioli chinois ou wonton (potsticker), porc et légumes, congelé, non préparé",2014-03-18,,32013.0,
7275,7275,22,0,"Turnover, cheese-filled, tomato-based sauce, frozen, unprepared","Chausson au fromage et sauce tomates, congelé, non préparé",2014-03-19,,32015.0,
7276,7276,22,0,"Lasagna, cheese, frozen, unprepared","Lasagne au fromage, congelée, non préparée",2026-01-28,,32019.0,
7277,7277,22,0,"Chinese dish, chow mein, vegetable, without meat or noodles, restaurant prepared","Mets chinois, chow mein aux légumes, sans viande ni nouilles, préparation restaurant",2014-03-19,,36624.0,
7278,7278,22,0,"Chinese dish, lo mein, vegetable, without meat, restaurant prepared","Mets chinois, lo mein aux légumes, sans viande, préparation restaurant",2014-03-19,,36625.0,
7279,7279,22,0,"Chinese dish, chicken and vegetables, restaurant prepared","Mets chinois, poulet et légumes, préparation restaurant",2026-01-28,,36626.0,
7280,7280,22,0,"Chinese dish, orange chicken, restaurant prepared","Mets chinois, poulet à l'orange, préparation restaurant",2014-03-20,,36629.0,
7281,7281,14,0,"Coffee and cocoa (mocha) powder, with whitener and low calorie sweetener","Café et cacao (mocha), poudre, avec colorant à café et édulcorant",2026-01-28,,43343.0,
7282,7282,18,37,"Bread, sprouted wheat, commercial","Pain, blé germé, commercial",2026-01-28,,,
7284,7284,7,37,"Deli-meat, composite","Charcuterie, composite",2026-01-28,,,
7285,7285,7,37,"Deli-meat, ham, sliced, composite","Charcuterie, jambon, tranché, composite",2026-01-28,,,
7287,7287,7,37,"Deli-meat, bologna (baloney), composite","Charcuterie, bologne, composite",2026-01-28,,,
7288,7288,18,37,"Bread, sprouted wheat with added calcium and vitamin D, commercial","Pain, blé germé, calcium et vitamine D ajoutés, commercial",2026-01-28,,,
7289,7289,18,37,"Bread, oat (includes oatmeal and oat bran), commercial","Pain, avoine (inclut gruau et son d'avoine), commercial",2026-01-28,,18039.0,
7291,7291,18,37,"Bread, made with milk, commercial","Pain, préparé avec du lait, commercial",2026-01-28,,,
7293,7293,18,35,"Turnover, fruit (apple, berry, cherry, peach)","Chausson aux fruits, (pommes, petits fruits, cerises, pêches)",2026-01-28,,,
7294,7294,19,0,"Dessert, frozen, Fudgesicle bar, no sugar added, with artificial sweetener","Dessert, congelé, barre Fudgesicle, sans sucre ajouté, avec édulcorant",2026-01-28,,19871.0,
7295,7295,18,0,"Cookie, shortbread, plain, commercial, no sugar added, with artificial sweetener","Biscuit, sablé, nature, commercial, sans sucre ajouté, avec édulcorant",2026-01-28,,28229.0,
7298,7298,18,37,"Bread, 60% whole wheat, commercial, toasted","Pain, 60% blé entier, commercial, grillé",2026-01-28,,,
7299,7299,18,37,"Bread, white, commercial, with added fibre, toasted","Pain, blanc, commercial, avec fibres ajoutées, grillé",2026-01-28,,,
7300,7300,18,37,"Bread, whole grain (whole wheat), commercial, toasted","Pain, grains entiers (blé entier), commercial, grillé",2026-01-28,,,
7303,7303,18,37,"Bread, whole grain (whole wheat) with seeds (flax, sunflower), commercial, toasted","Pain, grains entiers (blé entier) avec graines (lin, tournesol), commercial, grillé",2026-01-28,,,
7304,7304,18,37,"Bread, whole grain (whole wheat) with seeds and bran, commercial, toasted","Pain, grains entiers (blé entier) avec graines et son, commercial, grillé",2026-01-28,,,
7305,7305,18,37,"Bread, whole grain (whole wheat), with added fibre, commercial, toasted","Pain, grains entiers (blé entier), avec fibres ajoutées, commercial, grillé",2026-01-28,,,
7307,7307,18,37,"Bread, multigrain, commercial, reduced sodium, toasted","Pain, multigrains, commercial, réduit en sodium, grillé",2026-01-28,,,
7309,7309,18,37,"Bread, spelt, commercial, toasted","Pain, épeautre, commercial, grillé",2026-01-28,,,
7310,7310,18,37,"Bread, sprouted wheat, commercial, toasted","Pain, blé germé, commercial, grillé",2026-01-28,,,
7311,7311,18,37,"Bread, sprouted wheat with added calcium and vitamin D, commercial, toasted","Pain, blé germé, calcium et vitamine D ajoutés, commercial, grillé",2026-01-28,,,
7312,7312,18,37,"Bread, oat (includes oatmeal and oat bran), commercial, toasted","Pain, avoine (inclut gruau et son d'avoine), commercial, grillé",2026-01-28,,,
7313,7313,18,37,"Bread, made with milk, commercial, toasted","Pain, préparé avec du lait, commercial, grillé",2026-01-28,,,
7314,7314,7,37,"Sausage, breakfast links or rounds, beef, raw","Saucisse à déjeuner, en chapelet ou en galette, boeuf, crue",2014-06-10,,7956.0,
7315,7315,7,37,"Sausage, breakfast links or rounds, pork, pre-cooked, reheated","Saucisse à déjeuner, en chapelet ou en galette, porc, pré-cuite, réchauffée",2014-06-17,,7957.0,
7316,7316,7,37,"Sausage, breakfast links or rounds, turkey, cooked","Saucisse à déjeuner, en chapelet ou en galette, dinde, cuite",2014-06-17,,,
7317,7317,7,37,"Sausage, chorizo, raw","Saucisse, chorizo, crue",2014-06-26,,,
7318,7318,7,37,"Sausage, chorizo, cooked","Saucisse, chorizo, cuite",2014-06-26,,,
7319,7319,7,37,"Sausage, chorizo, semi-dried (Spanish style), cured","Saucisse, chorizo, semi-sec (type espagnol), saumuré",2026-01-28,,,
7321,7321,5,0,"Chicken, broiler, breast, skinless, boneless, meat, braised","Poulet à griller, poitrine, sans la peau, désossée, viande, braisé",2014-09-24,,5746.0,
7322,7322,5,0,"Chicken, broiler, breast, skinless, boneless, meat, grilled","Poulet à griller, poitrine, sans la peau, désossée, viande, grillé",2014-09-24,,5747.0,
7324,7324,7,37,"Sausage, chorizo, dry","Saucisse, chorizo, sèche",2026-01-28,,,
7326,7326,7,37,"Sausage, Oktoberfest, raw","Saucisse, Oktoberfest, crue",2026-01-28,,,
7327,7327,7,37,"Sausage, Oktoberfest, cooked","Saucisse, Oktoberfest, cuite",2026-01-28,,,
7328,7328,5,0,"Chicken, broiler, drumstick, meat, braised","Poulet à griller, pilon, viande, braisé",2014-09-22,,5671.0,
7329,7329,5,0,"Chicken, broiler, thigh, meat, braised","Poulet à griller, haut de cuisse, viande, braisé",2014-09-22,,5672.0,
7330,7330,5,0,"Chicken, broiler, thigh, meat and skin, braised","Poulet à griller, haut de cuisse, viande et peau, braisé",2014-09-22,,5677.0,
7332,7332,7,37,"Sausage, Italian, pork, reduced fat and sodium, raw","Saucisse, italienne, porc, teneur réduite en gras et sodium, crue",2026-01-28,,7036.0,
7333,7333,7,37,"Sausage, Italian, pork, reduced fat and sodium, cooked","Saucisse, italienne, porc, teneur réduite en gras et sodium, cuite",2026-01-28,,7089.0,
7334,7334,7,37,"Sausage, Italian, turkey, raw","Saucisse, italienne, dinde, crue",2026-01-28,,7927.0,
7335,7335,7,37,"Sausage, Italian, turkey, cooked","Saucisse, italienne, dinde, cuite",2026-01-28,,7927.0,
7336,7336,7,37,"Sausage, honey garlic, pork, raw","Saucisse, miel et ail, porc, crue",2014-07-03,,7063.0,
7337,7337,7,37,"Sausage, honey garlic, pork, cooked","Saucisse, miel et ail, porc, cuite",2014-07-04,,7064.0,
7338,7338,7,37,"Sausage, Bratwurst, pork, raw","Saucisse, Bratwurst, porc, crue",2026-01-28,,7013.0,
7339,7339,7,37,"Sausage, blood sausage (blood pudding), cooked","Saucisse, boudin, cuit",2026-01-28,,7005.0,
7341,7341,7,37,"Sausage, Polish, smoked, pre-cooked, reheated","Saucisse, saucisson polonais, fumé, pré-cuit, réchauffé",2014-07-11,,7916.0,
7342,7342,7,37,"Sausage, Merguez, lamb, raw","Saucisse, merguez, agneau, crue",2026-01-28,,,
7343,7343,7,37,"Sausage, Merguez, lamb, cooked","Saucisse, merguez, agneau, cuite",2026-01-28,,,
7344,7344,7,37,"Sausage, Knackwurst (Knockwurst), cooked","Saucisse, knackwurst (knockwurst), cuite",2026-01-28,,7038.0,
7345,7345,7,37,"Meat stick, beef, refrigerated","Bâtonnet de viande, boeuf, réfrigéré",2026-01-28,,19407.0,
7346,7346,7,37,"Meat stick, mixed meats, refrigerated","Bâtonnet de viande, viandes mélangées, réfrigéré",2026-01-28,,19407.0,
7347,7347,7,37,"Meat stick, chicken/turkey, refrigerated","Bâtonnet de viande, poulet/dinde, réfrigéré",2026-01-28,,,
7348,7348,7,37,"Meat stick, pepperoni, refrigerated","Bâtonnet de viande, pepperoni, réfrigéré",2026-01-28,,19407.0,
7349,7349,7,37,"Meat stick, pepperoni, non-refrigerated","Bâtonnet de viande, pepperoni, non-réfrigéré",2026-01-28,,19407.0,
7350,7350,7,37,"Sausage, smoked, pork, pre-cooked, reheated","Saucisse, fumée, porc, pré-cuite, réchauffée",2014-07-14,,,
7351,7351,7,37,"Sausage, smoked, pork, pre-cooked, reheated, reduced fat","Saucisse, fumée, porc, pré-cuite, réchauffée, teneur réduite en gras",2026-01-28,,,
7352,7352,13,0,"Beef, chuck, short ribs, boneless, lean, 0mm trim, braised","Boeuf, épaule, bout-de-côte, désossé, maigre, 0mm paré, braisé",2014-07-15,,13982.0,
7353,7353,7,37,"Sausage, smoked, with cheddar cheese, pre-cooked, reheated","Saucisse, fumée, avec fromage cheddar, pré-cuite, réchauffée",2014-07-15,,,
7354,7354,13,0,"Beef, chuck, short ribs, boneless, lean, 0mm trim, raw","Boeuf, épaule, bout-de-côte, maigre, 0 mm paré, cru",2014-07-15,,23068.0,
7355,7355,7,37,"Sausage, smoked, with cheddar cheese, pre-cooked, reduced fat","Saucisse, fumée, avec fromage cheddar, pré-cuite, teneur réduite en gras",2026-01-28,,,
7356,7356,7,37,"Sausage, smoked, with cheddar cheese, pre-cooked, reheated, reduced fat","Saucisse, fumée, avec fromage cheddar, pré-cuite, réchauffée, teneur réduite en gras",2026-01-28,,,
7357,7357,7,37,"Sausage, smoked, honey garlic, pre-cooked","Saucisse, fumée, miel et ail, pré-cuite",2014-07-15,,,
7358,7358,13,0,"Beef, chuck, short ribs, boneless, lean and fat, 0mm trim, braised","Boeuf, épaule, bout-de-côte, désossé, maigre et gras, 0mm paré, braisé",2014-07-15,,23125.0,
7359,7359,7,37,"Sausage, smoked, honey garlic, pre-cooked, reheated","Saucisse, fumée, miel et ail, pré-cuite, réchauffée",2014-07-15,,,
7360,7360,13,0,"Beef, chuck, short ribs, boneless, lean and fat, 0mm trim, raw","Boeuf, épaule, bout-de-côte, désossé, maigre et gras, 0mm paré, cru",2014-07-15,,23128.0,
7361,7361,7,37,"Sausage, spicy beef and roasted red pepper, raw","Saucisse, épicée au boeuf et poivrons rouges rôtis, crue",2015-06-01,,,
7362,7362,7,37,"Sausage, spicy beef and roasted red pepper, cooked","Saucisse, épicée au boeuf et poivrons rouges rôtis, cuite",2015-06-01,,,
7363,7363,18,37,"Bread, Italian, toasted","Pain Italien, grillé",2026-01-28,,,
7364,7364,1,37,"Yogourt (yogurt), rich/Mediterranean style, 6-9% M.F., plain, made with Vitamin D fortified milk","Yogourt, riche/type méditerranéen, 6-9% M.G., nature, fait avec du lait enrichi en vitamine D",2026-01-28,,,
7365,7365,6,37,"Soup (sauce), stock, cream, ready-to-serve","Soupe (sauce), bouillon, crème, prête-à-servir",2014-08-29,,,
7366,7366,6,37,"Soup, beef barley, ready-to-serve","Soupe, boeuf et orge, prête-à-servir",2014-08-29,,6070.0,
7367,7367,6,37,"Soup, beef barley, ready-to-serve, reduced sodium","Soupe, boeuf et orge, prête-à-servir, réduite en sodium",2014-08-29,,6070.0,
7368,7368,6,0,"Soup, clam chowder, Manhattan, ready-to-serve","Soupe, chaudrée de palourdes, Manhattan, prête-à-servir",2026-01-28,,6027.0,
7369,7369,6,37,"Soup, vegetable beef, ready-to-serve, Calorie-reduced","Soupe, légumes et boeuf, prête-à-servir, réduite en Calories",2015-02-12,,6070.0,
7371,7371,6,37,"Soup, broth, beef, ready-to-serve, reduced sodium","Soupe, bouillon, boeuf, prêt-à-servir, réduit en sodium",2014-11-25,,6008.0,
7372,7372,6,37,"Soup, broth, beef, ready-to-serve, unsalted","Soupe, bouillon, boeuf, prête-à-servir, sans sel ajouté",2026-01-28,,6008.0,
7373,7373,6,37,"Soup, split pea with ham, ready-to-serve, reduced sodium","Soupe, pois cassés avec jambon, prête-à-servir, réduite en sodium",2014-08-29,,,
7374,7374,6,37,"Soup, broth, vegetable, ready-to-serve","Soupe, bouillon, légumes, prête-à-servir",2014-08-29,,,
7375,7375,6,37,"Soup, butternut squash, ready-to-serve, reduced sodium","Soupe, courge musquée, prête-à-servir, réduite en sodium",2014-08-29,,,
7376,7376,6,37,"Soup, chicken noodle, canned, condensed, reduced sodium","Soupe, poulet et nouilles, conserve, condensée, réduite en sodium",2014-09-03,,,
7377,7377,6,37,"Soup, chicken noodle, canned, condensed, water added, reduced sodium","Soupe, poulet et nouilles, conserve, condensée, eau ajoutée, réduite en sodium",2014-09-03,,,
7378,7378,6,37,"Soup, broth, vegetable, ready-to-serve, low sodium","Soupe, bouillon, légumes, prêt-à-servir, faible en sodium",2018-06-08,,,
7379,7379,6,37,"Soup, chicken rice, ready-to-serve, reduced sodium","Soupe, poulet et riz, prête-à-servir, réduite en sodium",2014-11-17,,,
7380,7380,3,37,"Babyfood, mixed fruit with oatmeal cereal, all stages","Aliment pour bébé, fruits mélangés avec céréale à l'avoine, toutes les étapes",2026-01-28,,,
7381,7381,6,37,"Soup, clam chowder, New England, ready-to-serve, reduced sodium","Soupe, chaudrée de palourdes, Nouvelle-Angleterre, prête-à-servir, réduite en sodium",2026-01-28,,,
7383,7383,6,37,"Soup, cream, broccoli, canned, condensed","Soupe, crème, brocoli, conserve, condensée",2026-01-28,,,
7384,7384,6,37,"Soup, cream, broccoli, canned, condensed, water added","Soupe, crème, brocoli, conserve, condensée, eau ajoutée",2026-01-28,,,
7385,7385,6,37,"Soup, cream, broccoli, canned, condensed, 2% M.F. milk added","Soupe, crème, brocoli, conserve, condensée, lait 2% M.G. ajouté",2026-01-28,,,
7386,7386,6,37,"Soup, cream, broccoli, canned, condensed, reduced fat","Soupe, crème, brocoli, conserve, condensée, réduite en gras",2026-01-28,,,
7387,7387,6,37,"Soup, cream, broccoli, canned, condensed, reduced fat, water added","Soupe, crème, brocoli, conserve, condensée, réduite en gras, eau ajoutée",2026-01-28,,,
7389,7389,6,37,"Soup, cream, celery, canned, condensed, reduced fat","Soupe, crème, céleri, conserve, condensée, réduite en gras",2026-01-28,,,
7390,7390,6,37,"Soup, cream, broccoli, canned, condensed, reduced fat, 2% M.F. milk added","Soupe, crème, brocoli, conserve, condensée, réduite en gras, lait 2% M.G. ajouté",2026-01-28,,,
7391,7391,6,37,"Soup, cream, chicken, canned, condensed, reduced fat","Soupe, crème, poulet, conserve, condensée, réduite en gras",2026-01-28,,,
7392,7392,6,37,"Soup, cream, chicken, canned, condensed, reduced fat, water added","Soupe, crème, poulet, conserve, condensée, réduite en gras, eau ajoutée",2026-01-28,,,
7393,7393,6,37,"Soup, cream, chicken, canned, condensed, reduced fat, 2% M.F. milk added","Soupe, crème, poulet, conserve, condensée, réduite en gras, lait 2% M.G. ajouté",2026-01-28,,,
7394,7394,6,37,"Soup, cream, chicken, ready-to-serve","Soupe, crème, poulet, prête-à-servir",2026-01-28,,,
7395,7395,6,37,"Soup, cream, mushroom, canned, condensed, reduced sodium, water added","Soupe, crème, champignons, conserve, condensée, réduite en sodium, eau ajoutée",2026-01-28,,,
7396,7396,6,37,"Soup, cream, mushroom, canned, condensed, reduced fat, 2% M.F. milk added","Soupe, crème, champignons, conserve, condensée, réduite en gras, lait 2% M.G. ajouté",2026-01-28,,,
7397,7397,6,37,"Soup, cream, mushroom, canned, condensed, reduced fat","Soupe, crème, champignons, conserve, condensée, réduite en gras",2026-01-28,,,
7398,7398,6,37,"Soup, cream, mushroom, canned, condensed, reduced sodium, 2% M.F. milk added","Soupe, crème, champignons, conserve, condensée, réduite en sodium, lait 2% M.G. ajouté",2026-01-28,,,
7399,7399,6,37,"Soup, cream, mushroom, ready-to-serve","Soupe, crème, champignons, prête-à-servir",2026-01-28,,,
7400,7400,6,37,"Soup, mushroom barley, ready-to-serve, low sodium","Soupe, champignons et orge, prête-à-servir, faible en sodium",2014-09-09,,,
7401,7401,6,37,"Soup, cream, potato, ready-to-serve","Soupe, crème, pommes de terre, prête-à-servir",2026-01-28,,,
7402,7402,6,37,"Soup, Italian wedding, ready-to-serve","Soupe, noces à l'italienne, prête-à-servir",2014-11-17,,,
7403,7403,6,37,"Soup, lentil, ready-to-serve","Soupe, lentilles, prête-à-manger",2014-11-17,,,
7404,7404,6,37,"Soup, cream, asparagus, ready-to-serve","Soupe, crème, asperges, prête-à-servir",2026-01-28,,,
7406,7406,6,37,"Soup, split pea, ready-to-serve","Soupe, pois cassés, prête-à-servir",2026-01-28,,,
7407,7407,6,37,"Soup, tomato noodle, ready-to-serve","Soupe, tomates et nouilles, prête-à-servir",2014-09-09,,,
7408,7408,6,37,"Soup, tomato, canned, condensed, reduced sodium, water added","Soupe, tomates, conserve, condensée, réduite en sodium, eau ajoutée",2026-01-28,,,
7409,7409,6,37,"Soup, tomato, canned, condensed, reduced sodium, 2% M.F. milk added","Soupe, tomates, conserve, condensée, réduite en sodium, lait 2% M.G. ajouté",2014-09-10,,,
7410,7410,3,37,"Babyfood, juice, apple, all stages","Aliment pour bébé, jus de pommes, toutes les étapes",2026-01-28,,3166.0,
7411,7411,3,37,"Babyfood, juice, apple and prune","Aliment pour bébé, jus de pommes et de pruneaux",2026-01-28,,3171.0,
7412,7412,3,37,"Babyfood, juice, pear, all stages","Aliment pour bébé, jus de poires, toutes les étapes",2026-01-28,,43408.0,
7413,7413,6,37,"Soup, tomato, ready-to-serve","Soupe, tomates, prête-à-servir",2014-11-17,,,
7414,7414,6,37,"Soup, tomato and red pepper, ready-to-serve, low sodium","Soupe, tomates et poivrons rouges, prête-à-servir, faible en sodium",2014-09-10,,,
7415,7415,6,37,"Soup, wonton (won ton), canned, ready-to-serve","Soupe, wonton (won ton), conserve, prête-à-servir",2014-09-10,,27002.0,
7416,7416,3,37,"Babyfood, meat, jarred and frozen, beef, puree","Aliment pour bébé, viande, en pot et congelée, boeuf, purée",2026-01-28,,3002.0,
7417,7417,8,26,"Cereal, hot, cream of wheat, instant: whole grain, dry","Céréale, chaude, crème de blé, instantanée: blé entier, sèche",2014-09-11,,,
7418,7418,8,24,"Cereal, hot, cream of wheat, instant: whole grain, prepared with water","Céréale, chaude, crème de blé, instantanée: blé entier, préparée avec de l'eau",2026-01-28,,,
7419,7419,9,0,"Apple juice, canned or bottled, unsweetened, calcium and Vitamin C and D added","Pomme, jus, conserve ou bouteille, non sucré, calcium et vitamine C et D ajoutés",2026-01-28,,9517.0,
7421,7421,11,6,"Vegetable juice cocktail, canned, low sodium","Légumes, jus, cocktail, conserve, faible en sodium",2014-09-30,,11585.0,
7422,7422,22,0,"Spaghetti and meatballs, restaurant prepared","Spaghetti et boulettes de viande, préparation restaurant",2026-01-28,,36038.0,
7423,7423,5,28,"Goose, wild (Canada goose), Indigenous, breast, skinless, raw","Bernache du Canada (outarde), autochtone, poitrine, viande, crue",2026-01-28,,5111.0,
7424,7424,22,0,"Meatball, Italian style, frozen","Boulettes de viande, à l'italienne, congelées",2014-10-15,,7972.0,
7425,7425,9,0,"Orange juice, frozen concentrate, undiluted, with added calcium and Vitamin D","Orange, jus, concentré, congelé, non dilué, calcium et vitamine D ajoutés",2026-01-28,,9213.0,
7426,7426,9,0,"Raspberry, frozen, unsweetened","Framboise, congelée, non sucrée",2026-01-28,,9518.0,
7428,7428,12,0,"Nuts, almonds, oil roasted, lightly salted","Noix, amandes, rôties dans l'huile, légèrement salées",2014-10-16,,12665.0,
7429,7429,14,0,"Carbonated drinks, lemon-lime soda, with caffeine","Boissons gazeuses, soda au citron et à la lime, avec caféine",2026-01-28,,14079.0,
7430,7430,22,11,"Quinoa burger patty, frozen","Quinoa, galette de hambourgeois, congelée",2026-02-11,,16610.0,
7431,7431,17,0,"Lamb, New Zealand, leg, chop / steak, lean, fast fried","Agneau, Nouvelle-Zélande, gigot, côtelette / steak, maigre, sauté rapidement dans l'huile",2014-10-20,,17400.0,
7432,7432,17,0,"Lamb, New Zealand, tenderloin, lean and fat, fast fried","Agneau, Nouvelle-Zélande, filet, maigre et gras, cuit rapidement dans l'huile",2014-10-20,,17418.0,
7433,7433,17,0,"Lamb, New Zealand, tenderloin, lean and fat, raw","Agneau, Nouvelle-Zélande, filet, maigre et gras, cru",2014-11-05,,17423.0,
7434,7434,17,0,"Lamb, New Zealand, tenderloin, lean, fast fried","Agneau, Nouvelle-Zélande, filet, maigre, cuit rapidement dans l'huile",2014-10-20,,17384.0,
7435,7435,17,0,"Lamb, New Zealand, tenderloin, lean, raw","Agneau, Nouvelle-Zélande, filet, maigre, cru",2014-11-05,,17385.0,
7436,7436,17,0,"Veal, foreshank, osso buco, lean, braised","Veau, jarret, osso buco, maigre, braisé",2014-10-20,,17429.0,
7437,7437,17,0,"Veal, foreshank, osso buco, lean and fat, braised","Veau, jarret, osso buco, maigre et gras, braisé",2014-10-20,,17436.0,
7438,7438,17,0,"Veal, ground, pan-fried","Veau, haché, sauté",2014-10-20,,17424.0,
7439,7439,21,0,"Fast foods, biscuit","Aliments prêts à manger, biscuit poudre à pâte",2026-01-28,,21142.0,
7440,7440,18,0,"Cracker, standard snack-type, with whole wheat","Craquelin, type collation, avec blé entier",2014-10-20,,28308.0,
7441,7441,22,0,"Rice, spanish rice mix, unprepared","Riz espagnol, mélange, non préparé",2014-10-22,,32018.0,
7442,7442,22,0,"Rice, spanish rice mix, prepared","Riz espagnol, mélange, préparé",2026-01-28,,32021.0,
7443,7443,22,37,"Frozen entree, pasta, tomato-based sauce (includes pomodoro, arrabiata, marinara), heated","Met surgelé, pâtes, sauce à base de tomates (comprend pomodoro, arrabiata, marinara), réchauffé",2026-01-28,,172100.0,
7444,7444,22,0,Quesadilla with cheese,Quésadilla au fromage,2026-01-28,,36052.0,
7445,7445,22,37,"Frozen entree, pasta, ravioli with cheese filling, tomato-based sauce, heated","Met surgelé, pâtes, ravioli au fromage, sauce à base de tomates, réchauffé",2026-01-28,,36055.0,
7446,7446,22,0,"Tamale, cheese","Tamale, fromage",2014-10-27,,36056.0,
7447,7447,22,37,"Frozen entree, chicken parmesan (breaded or not breaded) with pasta in tomato-based sauce and vegetables, heated","Met surgelé, poulet parmesan (panné ou non panné) avec pâtes dans une sauce à base de tomates et légumes, réchauffé",2026-01-28,,36059.0,
7448,7448,22,0,"Rice, Spanish rice",Riz espagnol,2014-10-27,,36417.0,
7449,7449,16,0,Refried beans,"Haricots, sautés (frigoles refrits)",2026-01-28,,36418.0,
7450,7450,6,37,"Soup, broth, chicken, canned, condensed, reduced sodium","Soupe, bouillon, poulet, conserve, condensée, réduite en sodium",2014-11-18,,6183.0,
7451,7451,6,37,"Soup, broth, chicken, canned, condensed, water added, reduced sodium","Soupe, bouillon, poulet, conserve, condensée, eau ajoutée, réduite en sodium",2014-11-18,,,
7452,7452,6,37,"Soup, cream, celery, canned, condensed, reduced fat, 2% M.F. milk added","Soupe, crème, céleri, conserve, condensée, réduite en gras, lait 2% M.G. ajouté",2026-01-28,,,
7453,7453,6,37,"Soup, cream, celery, canned, condensed, reduced fat, water added","Soupe, crème, céleri, conserve, condensée, réduite en gras, eau ajoutée",2026-01-28,,,
7454,7454,6,37,"Soup, cream, mushroom, canned, condensed, reduced fat, water added","Soupe, crème, champignons, conserve, condensée, réduite en gras, eau ajoutée",2026-01-28,,,
7455,7455,6,0,"Soup, broccoli cheese, canned, condensed, water added","Soupe, brocoli et fromage, conserve, condensée, eau ajoutée",2014-11-19,,,
7456,7456,3,37,"Babyfood, dinner, lamb with fruit","Aliment pour bébé, dîner, agneau aux fruits",2026-01-28,,,
7457,7457,14,0,"Beverage mix, chocolate flavour, powder, no added sugar","Boisson, mélange à saveur, chocolat, poudre, sans sucre ajouté",2026-01-28,,14063.0,
7458,7458,4,37,"Margarine, stick, canola and/or soybean oil","Margarine, dure, huile de canola et/ou soya",2026-01-28,,4610.0,
7459,7459,4,37,"Margarine, stick, palm and soybean oils","Margarine, dure, huiles de palme et soya",2026-01-28,,4610.0,
7460,7460,4,37,"Margarine, tub, non-hydrogenated, soybean oil","Margarine, molle, non hydrogénée, huile de soya",2026-01-28,,4610.0,
7463,7463,4,37,"Margarine, tub, non-hydrogenated, canola oil (includes some sunflower oil)","Margarine, molle, non hydrogénée, huile de canola (incluant huile de tournesol)",2026-01-28,,4618.0,
7464,7464,4,37,"Margarine, tub, non-hydrogenated, canola oil, with plant sterols","Margarine, molle, non hydrogénée, huile de canola, avec stérols végétaux",2026-01-28,,4611.0,
7465,7465,4,37,"Margarine, tub, non-hydrogenated, canola oil (includes some sunflower oil), unsalted","Margarine, molle, non hydrogénée, huile de canola (incluant de l'huile de tournesol), non salée",2026-01-28,,4611.0,
7466,7466,4,37,"Margarine, tub, non-hydrogenated, canola oil (includes some sunflower oil), lactose free, vegan","Margarine, molle, non hydrogénée, huiles de canola (incluant de l'huile de tournesol), sans lactose, végétalienne",2026-01-28,,4611.0,
7467,7467,4,37,"Margarine, tub, non-hydrogenated, canola and fish oil","Margarine, molle, non hydrogénée, huiles de canola et de poisson",2026-01-28,,4611.0,
7469,7469,1,6,"Yogourt (yogurt), Greek style, 2% M.F., plain","Yogourt, Grec, 2% M.G., nature",2026-01-28,,1287.0,
7470,7470,4,37,"Margarine, tub, non-hydrogenated, canola and olive oil","Margarine, molle, non hydrogénée, huiles de canola et olive",2026-01-28,,4611.0,
7471,7471,1,6,"Yogourt (yogurt), Greek style, 2% M.F., fruit flavoured","Yogourt, Grec, 2% M.G., saveur de fruits",2026-01-28,,1276.0,
7472,7472,4,37,"Margarine, tub, non-hydrogenated, canola oil, with plant sterols, Calorie-reduced","Margarine, molle, non hydrogénée, huile de canola, avec stérols végétaux, réduite en Calories",2026-01-28,,4674.0,
7473,7473,4,37,"Margarine-like spread (including garlic flavoured), tub, non-hydrogenated, mixed vegetable oils, 68% fat","Margarine, tartinade, molle, non hydrogénée, huiles mélangées, 68% de gras",2026-01-28,,4611.0,
7474,7474,4,37,"Margarine-like spread, tub, hydrogenated, canola and soybean oil, 50% fat","Margarine, tartinade, molle, hydrogénée, huiles de canola et soya, 50% de gras",2026-01-28,,4630.0,
7475,7475,4,37,"Margarine, tub, non-hydrogenated, canola oil (includes some sunflower oil), Calorie-reduced","Margarine, molle, non hydrogénée, huile de canola (incluant de l'huile de tournesol), réduite en Calories",2026-01-28,,4674.0,
7476,7476,4,37,"Margarine, tub, non-hydrogenated, mixed vegetable oil, Calorie-reduced","Margarine, molle, non hydrogénée, huiles végétales mélangées, réduite en Calories",2026-01-28,,4674.0,
7477,7477,14,35,"Beverage mix, chocolate flavour, powder, no added sugar, with 2% M.F. milk","Boisson, mélange à saveur, chocolat, poudre, sans sucre ajouté, avec lait 2% M.G.",2026-01-28,,,
7478,7478,14,37,"Plant-based beverage, coconut beverage, plain, sweetened, fortified, refrigerated","Boisson à base de plantes, noix de coco, nature, sucrée, enrichie, réfrigérée",2026-02-11,,,
7479,7479,14,37,"Plant-based beverage, coconut beverage, plain, unsweetened, fortified, refrigerated","Boisson à base de plantes, noix de coco, nature, non sucrée, enrichie, réfrigérée",2026-02-11,,,
7480,7480,14,37,"Plant-based beverage, cashew beverage, sweetened, fortified, refrigerated","Boisson à base de plantes, cajou (acajou, anacarde), sucrée, enrichie, réfrigérée",2026-02-11,,,
7481,7481,3,37,"Babyfood, dessert, jarred, custard (includes vanilla custard)","Aliment pour bébé, dessert, en pot, pouding au lait ou costarde (incluant à la vanille)",2026-01-28,,3245.0,
7482,7482,3,37,"Babyfood, fruit, jarred, apple (applesauce), all stages","Aliment pour bébé, fruits, en pot, pommes (compote), tous les stages",2026-01-28,,,
7483,7483,3,37,"Babyfood, fruit, jarred, banana, all stages","Aliment pour bébé, fruits, en pot, bananes, toutes les étapes",2026-01-28,,,
7484,7484,3,37,"Babyfood, fruit, jarred, apple and berries (blueberries, raspberries or strawberries), all stages","Aliment pour bébé, fruits, en pot, pommes et petits fruits (bleuets, framboises ou fraises), toutes les étapes",2026-01-28,,3164.0,
7485,7485,3,37,"Babyfood, fruit, jarred, apple and other fruit (plum, mango, kiwi, pear, banana, apricot and/or pineapple), all stages","Aliment pour bébé, fruits, en pot, pommes et autres fruits (prune, mangue, kiwi, poire, banane, abricot et/ou ananas), toutes les étapes",2026-01-28,,,
7486,7486,3,37,"Babyfood, fruit, jarred, apricot and other fruit","Aliment pour bébé, en pot, fruits, abricots et autres fruits",2026-01-28,,3142.0,
7487,7487,3,37,"Babyfood, fruit, jarred, banana and other fruit","Aliment pour bébé, fruits, en pot, bananes et autres fruits",2026-01-28,,,
7488,7488,3,37,"Babyfood, fruit, jarred, mixed fruit","Aliment pour bébé, fruits, en pot, fruits mélangés",2026-01-28,,,
7489,7489,3,37,"Babyfood, fruit, jarred, peach, all stages","Aliment pour bébé, fruits, en pot, pêches, toutes les étapes",2026-01-28,,3130.0,
7490,7490,3,37,"Babyfood, fruit, jarred, pear, all stages","Aliment pour bébé, fruits, en pot, poires, toutes les étapes",2026-01-28,,3132.0,
7491,7491,3,37,"Babyfood, fruit, jarred, prunes","Aliment pour bébé, fruits, en pot, pruneaux",2026-01-28,,3139.0,
7492,7492,3,37,"Babyfood, dessert, jarred, strawberry","Aliment pour bébé, dessert, en pot, fraises",2026-01-28,,,
7494,7494,3,37,"Babyfood, dessert, jarred, apricot, all stages","Aliment pour bébé, dessert, en pot, abricots, toutes les étapes",2026-01-28,,3128.0,
7495,7495,3,37,"Babyfood, dessert, jarred, banana with coconut cream","Aliment pour bébé, dessert, en pot, bananes avec crème de coco",2026-01-28,,,
7496,7496,3,37,"Babyfood, dessert, jarred, blueberry, all stages","Aliment pour bébé, dessert, en pot, bleuets, toutes les étapes",2026-01-28,,,
7497,7497,3,37,"Babyfood, dessert, jarred, fruit","Aliment pour bébé, dessert, en pot, fruits",2026-01-28,,3235.0,
7498,7498,3,37,"Babyfood, dessert, jarred, banana graham pie","Aliment pour bébé, dessert, en pot, tarte graham aux bananes",2026-01-28,,,
7499,7499,3,37,"Babyfood, meat, jarred and frozen, chicken, puree","Aliment pour bébé, viande, en pot et congelée, poulet, purée",2026-01-28,,3012.0,
7500,7500,3,37,"Babyfood, meat, lamb, puree","Aliment pour bébé, viande, agneau, purée",2026-01-28,,3010.0,
7501,7501,3,37,"Babyfood, meat, pork, puree","Aliment pour bébé, viande, porc, purée",2026-01-28,,3007.0,
7503,7503,3,37,"Babyfood, meat, turkey, puree","Aliment pour bébé, viande, dinde, purée",2026-01-28,,3015.0,
7504,7504,3,37,"Babyfood, meat, veal, puree","Aliment pour bébé, viande, veau, purée",2026-01-28,,3005.0,
7505,7505,3,37,"Babyfood, dinner, jarred or frozen, beef with vegetables, all stages","Aliment pour bébé, diner, en pot ou congelé, boeuf et légumes, toutes les étapes",2026-01-28,,3055.0,
7506,7506,3,37,"Babyfood, dinner, jarred or frozen, beef with pasta and vegetables, all stages","Aliment pour bébé, diner, en pot ou congelé, boeuf avec pâtes et légumes, toutes les étapes",2026-01-28,,,
7507,7507,3,37,"Babyfood, dinner, jarred or frozen, chicken with vegetables, all stages","Aliment pour bébé, diner, en pot ou congelé, poulet avec légumes, toutes les étapes",2026-01-28,,3073.0,
7508,7508,3,37,"Babyfood, dinner, jarred or frozen, chicken with rice or barley and vegetables, all stages","Aliment pour bébé, diner, en pot ou congelé, poulet avec riz ou orge et légumes, toutes les étapes",2026-01-28,,,
7509,7509,3,37,"Babyfood, dinner, jarred, chicken with pasta and vegetables, all stages","Aliment pour bébé, dîner, en pot, poulet avec pâtes et légumes, toutes les étapes",2026-01-28,,3076.0,
7510,7510,3,37,"Babyfood, dinner, jarred, chicken with cheese pasta and vegetables, all stages","Aliment pour bébé, dîner, en pot, poulet avec pâtes au fromage et légumes, toutes les étapes",2026-01-28,,,
7512,7512,3,37,"Babyfood, dinner, jarred, chicken with vegetables and fruit","Aliment pour bébé, dîner, en pot, poulet avec légumes et fruits",2026-01-28,,,
7513,7513,3,37,"Babyfood, dinner, jarred, pork with vegetables and fruit","Aliment pour bébé, dîner, en pot, porc avec légumes et fruits",2026-01-28,,,
7514,7514,3,37,"Babyfood, dinner, jarred, turkey with vegetables, all stages","Aliment pour bébé, dîner, en pot, dinde avec légumes, toutes les étapes",2026-01-28,,3085.0,
7515,7515,3,37,"Babyfood, dinner, jarred or frozen, turkey with rice or barley and vegetables, all stages","Aliment pour bébé, dîner, en pot ou congelé, dinde avec riz ou orge et légumes, toutes les étapes",2026-01-28,,3296.0,
7516,7516,3,37,"Babyfood, dinner, veal with vegetables and barley","Aliment pour bébé, dîner, veau avec légumes et orge",2026-01-28,,,
7517,7517,3,37,"Babyfood, dinner, jarred, pasta with vegetables","Aliment pour bébé, dîner, en pot, pâtes avec légumes",2026-01-28,,3077.0,
7518,7518,3,37,"Babyfood, dinner, jarred, pasta with cheese and vegetables","Aliment pour bébé, dîner, en pot, pâtes avec fromage et légumes",2026-01-28,,,
7519,7519,3,37,"Babyfood, vegetables, jarred, carrots, all stages","Aliment pour bébé, légumes, en pot, carottes, toutes les étapes",2026-01-28,,,
7520,7520,3,37,"Babyfood, vegetables, jarred, creamed corn","Aliment pour bébé, légumes, en pot, maïs en crème",2026-01-28,,3119.0,
7521,7521,3,37,"Babyfood, vegetables, jarred, green beans, all stages","Aliment pour bébé, légumes, en pot, haricots verts, toutes les étapes",2026-01-28,,3091.0,
7522,7522,3,37,"Babyfood, vegetables, jarred, mixed vegetables, all stages","Aliment pour bébé, légumes, en pot, légumes mélangés, toutes les étapes",2026-01-28,,3286.0,
7523,7523,3,37,"Babyfood, vegetables, jarred, peas and carrots, all stages","Aliment pour bébé, légumes, en pot, pois et carottes, toutes les étapes",2026-01-28,,,
7524,7524,3,37,"Babyfood, vegetables, jarred, peas, all stages","Aliment pour bébé, légumes, en pot, pois, toutes les étapes",2026-01-28,,3121.0,
7525,7525,3,37,"Babyfood, vegetables, jarred, squash, all stages","Aliment pour bébé, légumes, en pot, courge, toutes les étapes",2026-01-28,,3104.0,
7526,7526,3,37,"Babyfood, vegetables, jarred, sweet potato, all stages","Aliment pour bébé, légumes, en pot, patates sucrées, toutes les étapes",2026-01-28,,3108.0,
7527,7527,3,37,"Babyfood, vegetables and fruit, jarred, green beans and apple","Aliment pour bébé, légumes et fruits, en pot, haricots verts et pommes",2026-01-28,,,
7528,7528,3,37,"Babyfood, vegetables and fruit, zucchini and apple","Aliment pour bébé, légumes et fruits, courgettes et pommes",2026-01-28,,,
7529,7529,3,37,"Babyfood, vegetable and grain, jarred, creamed corn with rice","Aliment pour bébé, légumes et produits céréaliers, en pot, maïs en crème avec riz",2026-01-28,,,
7530,7530,3,37,"Babyfood, vegetables, jarred, broccoli and potato with cheese","Aliment pour bébé, légumes, en pot, brocoli et pommes de terre avec fromage",2026-01-28,,,
7531,7531,14,26,"Plant-based beverage, cashew beverage, unsweetened, fortified, refrigerated","Boisson à base de plantes, cajou (acajou, anacarde), non sucrée, enrichie, réfrigérée",2026-01-28,,,
7532,7532,3,37,"Babyfood, snack, biscuit, wheat with milk powder","Aliment pour bébé, grignotises, biscuit, blé avec poudre de lait",2026-01-28,,,
7534,7534,3,37,"Babyfood, cereal, ready to eat, 'O' shaped","Aliment pour bébé, céréale, prête-à-manger, en forme de 'O'",2026-01-28,,,
7535,7535,3,37,"Babyfood, cereal, mixed grain, with milk powder, dry","Aliment pour bébé, céréale, mélange de grains, avec poudre de lait, sèche",2026-01-28,,,
7537,7537,3,37,"Babyfood, cereal, mixed grain, with milk powder, prepared with water","Aliment pour bébé, céréale, mélange de grains, avec poudre de lait, préparée avec eau",2026-01-28,,,
7539,7539,3,37,"Babyfood, cereal, barley, with milk powder, prepared with water","Aliment pour bébé, céréale, orge, avec poudre de lait, préparée avec eau",2026-01-28,,,
7540,7540,3,37,"Babyfood, cereal, mixed grain, with biscuit, milk powder and fruit, dry","Aliment pour bébé, céréale, mélange de grains, avec biscuit, poudre de lait et fruits, sèche",2026-01-28,,,
7541,7541,3,37,"Babyfood, cereal, mixed grain, with biscuit, milk powder and fruit, prepared with water","Aliment pour bébé, céréale, mélange de grains, avec biscuit, poudre de lait et fruits, préparée avec eau",2026-01-28,,,
7542,7542,3,37,"Babyfood, cereal, mixed grain, with milk powder and fruit, prepared with water","Aliment pour bébé, céréale, mélange de grains, avec poudre de lait et fruits, préparée avec eau",2026-01-28,,,
7545,7545,3,37,"Babyfood, cereal, mixed grain, with fruit, dry","Aliment pour bébé, céréale, mélange de grains, avec fruits, sèche",2026-01-28,,,
7546,7546,3,37,"Babyfood, cereal, oat, prepared with formula or breast milk","Aliment pour bébé, céréale, avoine, préparée avec préparation pour nourrissons ou lait maternel",2026-01-28,,,
7547,7547,3,37,"Babyfood, cereal, mixed grain, with fruit, prepared with formula or breast milk","Aliment pour bébé, céréale, mélange de grains, avec fruits, préparée avec préparation pour nourrissons ou lait maternel",2026-01-28,,,
7548,7548,3,37,"Babyfood, cereal, oat, with milk powder, dry","Aliment pour bébé, céréale, avoine, avec poudre de lait, sèche",2026-01-28,,,
7549,7549,3,37,"Babyfood, cereal, oat, with milk powder, prepared with water","Aliment pour bébé, céréale, avoine, avec poudre de lait, préparée avec eau",2026-01-28,,,
7550,7550,3,37,"Babyfood, cereal, rice, with milk powder and fruit, prepared with water","Aliment pour bébé, céréale, riz, avec poudre de lait et fruits, préparée avec eau",2026-01-28,,,
7551,7551,3,37,"Babyfood, cereal, rice, with yogourt (yogurt), with fruit, dry","Aliment pour bébé, céréale, riz avec yogourt et fruits, sèche",2026-01-28,,,
7552,7552,3,37,"Babyfood, cereal, rice, with yogourt (yogurt), with fruit, prepared with water","Aliment pour bébé, céréale, riz avec yogourt et fruits, préparée avec eau",2026-01-28,,,
7553,7553,3,37,"Babyfood, cereal, rice, with milk powder, dry","Aliment pour bébé, céréale, riz avec poudre de lait, sèche",2026-01-28,,,
7554,7554,3,37,"Babyfood, cereal, Rice, with milk powder, prepared with water","Aliment pour bébé, céréale, riz avec poudre de lait, préparée avec eau",2026-01-28,,,
7556,7556,3,37,"Babyfood, cereal, rice, prepared with formula or breast milk","Aliment pour bébé, céréale, riz, préparée avec préparation pour nourrissons ou lait maternel",2026-01-28,,,
7557,7557,3,37,"Babyfood, cereal, wheat, dry","Aliment pour bébé, céréale, blé, sèche",2026-01-28,,,
7558,7558,3,37,"Babyfood, cereal, wheat, prepared with formula or breast milk","Aliment pour bébé, céréale, blé, préparée avec préparation pour nourrissons ou lait maternel",2026-01-28,,,
7559,7559,3,37,"Babyfood, cereal, wheat, with milk powder and fruit, dry","Aliment pour bébé, céréale, blé, avec poudre de lait et fruits, sèche",2026-01-28,,,
7560,7560,3,37,"Babyfood, cereal, wheat, with milk powder and fruit, prepared with water","Aliment pour bébé, céréale, blé, avec poudre de lait et fruits, préparée avec eau",2026-01-28,,,
7561,7561,3,37,"Babyfood, cereal, soya, with fruit, dry","Aliment pour bébé, céréale, soya, avec fruits, sèche",2026-01-28,,,
7562,7562,3,37,"Babyfood, cereal, soya, with fruit, prepared with formula or breast milk","Aliment pour bébé, céréale, soya, avec fruits, préparée avec préparation pour nourrissons ou lait maternel",2026-01-28,,,
7563,7563,3,37,"Babyfood, cereal, oat, with milk powder and fruit, dry","Aliment pour bébé, céréale, avoine, avec poudre de lait et fruits, sèche",2026-01-28,,,
7564,7564,3,37,"Babyfood, cereal, oat, with milk powder and fruit, prepared with water","Aliment pour bébé, céréale, avoine, avec poudre de lait et fruits, préparée avec eau",2026-01-28,,,
7566,7566,3,37,"Babyfood, cereal, wheat, with milk powder, dry","Aliment pour bébé, céréale, blé, avec poudre de lait, sèche",2026-01-28,,,
7567,7567,3,37,"Babyfood, cereal, wheat, with milk powder, prepared with water","Aliment pour bébé, céréale, blé, avec poudre de lait, préparée avec eau",2026-01-28,,,
7568,7568,12,0,"Seeds, hemp seeds, hulled","Graines de chanvre, décortiquées",2016-06-06,,12012.0,Cannabis sativa L.
7569,7569,14,37,"Plant-based beverage, coconut beverage, plain, unsweetened, not fortified, refrigerated and/or shelf-stable","Boisson à base de plantes, noix de coco, nature, non sucrée, non enrichie, réfrigérée et/ou longue conservation",2026-02-11,,,
7570,7570,14,37,"Plant-based beverage, coconut beverage, vanilla, sweetened, not fortified, shelf-stable","Boisson à base de plantes, noix de coco,vanille, sucrée, non enrichie, longue conservation",2026-02-11,,,
7574,7574,4,37,"Margarine, tub, hydrogenated, soybean oil","Margarine, molle, hydrogénée, huile de soya",2026-01-28,,,
7575,7575,4,37,"Margarine, tub, hydrogenated, canola oil","Margarine, molle, hydrogénée, huile de canola",2026-01-28,,,
7577,7577,14,26,"Chocolate syrup, thin type, reduced sugar, with added vitamins and minerals","Chocolat, sirop, consistance claire, réduit en sucre, vitamines et minéraux ajoutés",2026-01-28,,19916.0,
7578,7578,18,1,"Granola bar, chewy, high fibre, oats and chocolate","Barre granola, tendre, élevée en fibres, avoine et chocolat",2026-01-28,,25045.0,
7579,7579,9,9,"Pitahaya (pitaya, dragon fruit, strawberry pear), raw","Pitahaya (pitaya, fruit du dragon), cru",2016-01-25,,,
7580,7580,9,0,"Smoothie, fruit juice, strawberry banana","Frappé (smoothie) au jus de fruits, fraises et bananes",2026-01-28,,9516.0,
7582,7582,22,0,"Mexican, cheese enchilada, restaurant prepared","Mexicain, enchilada au fromage, préparation restaurant",2016-08-11,,36050.0,
7584,7584,22,0,"Chili con carne with beans, restaurant prepared","Chili con carne avec haricots, préparation restaurant",2026-01-28,,36037.0,
7585,7585,1,0,"Milk, evaporated, partly skimmed, canned, undiluted, 2% M.F.","Lait, concentré, partiellemente écrémé, conserve, non dilué, 2% M.G.",2026-01-28,,1291.0,
7586,7586,1,0,"Dessert, frozen yogourt (yogurt), flavours not chocolate, low fat","Dessert, congelé, yogourt glacé, saveurs autres que chocolat, faible en gras",2026-01-28,,1298.0,
7587,7587,1,0,"Dessert, frozen, ice cream bar, chocolate covered, with nuts","Dessert, congelé, crème glacée, barre, enrobée de chocolat et noix",2026-01-28,,1300.0,
7588,7588,1,0,"Dessert, frozen, ice cream, light, Creamsicle","Dessert, congelé, crème glacée, légère, Creamsicle",2026-01-28,,1302.0,
7589,7589,1,0,"Cream, light, 5% M.F.","Crème, légere, 5% M.G.",2026-01-28,,1303.0,
7590,7590,4,0,"Salad dressing, mayonnaise type, reduced fat","Vinaigrette, type mayonnaise, teneur réduite en gras",2026-01-28,,4709.0,
7591,7591,6,0,"Sauce, pesto, ready-to-serve, refrigerated","Sauce, pesto, prête-à-servir, réfrigérée",2026-01-28,,6626.0,
7592,7592,6,0,"Sauce, pesto, ready-to-serve, shelf stable","Sauce, pesto, prête-à-servir, longue conservation",2026-01-28,,6627.0,
7593,7593,6,0,"Sauce, chili, hot, sriracha, ready-to-serve","Sauce, chili, forte, sriracha, prête-à-servir",2026-01-28,,6631.0,
7594,7594,5,0,"Turkey, bacon, low sodium","Dinde, bacon, teneur réduite en sodium",2026-01-28,,7974.0,
7595,7595,8,0,"Cereal, ready-to-eat, Flax Plus: Pumpkin Granola, Nature's Path","Céréale, prête-à-manger, Flax plus: granola à la citrouille et au lin, Nature's Path",2020-10-15,,8571.0,
7596,7596,9,0,"Goji berries, dried","Baies de Goji, séchées",2016-10-05,,9110.0,Lycium barbarum L.
7597,7597,9,0,"Mango, dried, sweetened","Mangue, séchée, sucrée",2026-01-28,,9178.0,
7598,7598,9,0,"Orange juice, frozen concentrate, diluted, with added calcium and Vitamin D","Orange, jus, concentré, congelé, dilué, calcium et vitamine D ajoutés",2026-01-28,,9212.0,
7599,7599,11,0,"Cabbage, kimchi","Chou, kimchi",2026-01-28,,11118.0,
7600,7600,11,0,"Escarole, boiled, drained","Escarole, bouillie, égouttée",2026-01-28,,11214.0,
7601,7601,11,0,"Broccoli, chinese, raw","Brocoli, chinois, cru",2026-01-28,,11994.0,Brassica oleracea var. alboglabra
7602,7602,12,0,"Nuts, walnuts, shelled, dry roasted, with salt added","Noix de Grenoble, écalées, rôties à sec, sel ajouté",2026-01-28,,12157.0,
7603,7603,14,0,"Juice drink, kiwi strawberry","Boisson au jus, kiwi et framboise",2016-10-05,,14161.0,
7604,7604,14,0,"Malted milk, chocolate flavour, powder, with 1% M.F. milk","Lait malté, saveur de chocolat, poudre, avec lait 1% M.G.",2026-01-28,,14164.0,
7605,7605,14,0,"Coffee, ready to drink, vanilla, milk based, reduced sugar","Café, prêt à boire, vanille, préparé avec du lait, réduit en sucre",2026-01-28,,14173.0,
7606,7606,14,0,"Coffee, ready to drink, milk based, sweetened","Café, prêt à boire, préparé avec du lait, sucré",2026-01-28,,14179.0,
7607,7607,14,0,"Coffee, ready to drink, iced, mocha, milk based","Café, prêt à boire, glacé, moka, préparé avec du lait",2026-01-28,,14183.0,
7608,7608,14,0,"Tea, Oolong, brewed","Thé, Oolong, infusé",2026-01-28,,14185.0,
7609,7609,14,0,"Tea, green, ready to drink, ginseng and honey, sweetened","Thé, vert, prêt-à-boire, ginseng et miel, sucré",2026-01-28,,14188.0,
7610,7610,14,0,"Tea, green, ready-to-drink, with artificial sweetener","Thé, vert, prêt-à-boire, avec édulcorant artificiel",2026-01-28,,14190.0,
7611,7611,14,0,"Tea, black, ready-to-drink, lemon, sweetened","Thé, noir, prêt-à-boire, citron, sucré",2026-01-28,,14199.0,
7612,7612,14,0,"Tea, green, ready-to-drink, sweetened","Thé, vert, prêt-à-boire, sucré",2026-01-28,,14206.0,
7613,7613,14,0,"Tea, black, ready-to-drink, lemon, with artificial sweetener","Thé, noir, prêt-à-boire, citron, avec édulcorant artificiel",2016-10-05,,14211.0,
7614,7614,14,0,"Juice drink, aloe vera","Boisson au jus, aloe vera",2026-01-28,,14216.0,
7615,7615,14,0,"Alcohol, hard lemonade (malt beer)","Boisson alcoolisée, limonade (bière maltée)",2026-01-28,,14239.0,
7616,7616,14,0,"Tea, black, ready-to-drink, iced, unsweetened","Thé, noir, prêt à boire, glacé, non sucré",2026-01-28,,14247.0,
7617,7617,14,0,"Alcohol, hard cider","Boisson alcoolisée, cidre",2026-01-28,,14250.0,
7618,7618,14,0,"Alcohol, beer, higher alcohol (9.6%)","Boisson alcoolisée, bière, teneur plus élevée en alcool (9.6%)",2026-01-28,,14251.0,
7619,7619,14,0,"Alcohol, table wine, rose","Boisson alcoolisée, vin de table, rosé",2026-01-28,,14253.0,
7620,7620,14,0,"Tea, green, brewed, decaffeinated","Thé, vert, infusé, décaféiné",2026-01-28,,14260.0,
7621,7621,14,0,"Tea, green, ready to drink, iced, unsweetened","Thé, vert, prêt-à-boire, glacé, non sucré",2026-01-28,,14261.0,
7622,7622,14,0,"Coffee, instant, sweetened, vanilla, decaffeinated, with non dairy creamer, powder","Café instantané, sucré, vanille, décaféiné, avec substitut de lait, poudre",2026-01-28,,14270.0,
7623,7623,14,0,"Fruit drink, tropical punch, ready-to-drink","Boisson, punch tropical, prêt-à-boire",2016-10-05,,14276.0,
7624,7624,14,0,"Tea, green, brewed","Thé, vert, infusé",2026-01-28,,14278.0,
7625,7625,19,0,"Candies, milk chocolate with honey and almond nougat","Bonbons, chocolat au lait avec miel et nougat aux amandes",2026-01-28,,19001.0,
7626,7626,19,0,"Sweets, syrup, fruit","Confiseries, sirop de fruits",2016-10-05,,19018.0,
7627,7627,19,0,"Sweets, syrup, fruit flavoured","Confiseries, sirop à saveur de fruits",2016-10-05,,19030.0,
7628,7628,19,0,"Sweets, jams and preserves, marmalades, sweetened with fruit juice","Confiseries, confitures et conserves, marmelade, sucrée avec jus de fruits",2026-01-28,,19920.0,
7629,7629,20,0,"Pasta, gluten-free, made with brown rice flour, cooked","Pâtes, sans gluten, faites avec farine de riz brun, cuites",2026-01-28,,20654.0,
7630,7630,20,0,"Pasta, gluten-free, made with corn and quinoa flour, cooked","Pâtes, sans gluten, faites avec farines de maïs et de quinoa, cuites",2026-01-28,,20655.0,
7631,7631,20,0,"Pasta, gluten-free, rice flour and rice bran, cooked","Pâtes, sans gluten, faites avec farine de riz brun et son de riz, cuites",2026-01-28,,20656.0,
7632,7632,20,0,"Pasta, gluten-free, made with corn and rice flour, cooked","Pâtes, sans gluten, faites avec farines de riz et de maïs cuites",2026-01-28,,20657.0,
7633,7633,21,0,"Fast foods, submarine sandwich on white bread, sweet onion chicken teriyaki, sweet onion sauce with lettuce, tomato and","Aliments prêts à manger, sandwich, sous-marin fait avec pain blanc, poulet teriyaki, laitue, tomates et sauce aux oignons doux",2026-01-28,,21151.0,
7634,7634,21,0,"Fast foods, submarine sandwich on white bread, turkey, roast beef and ham with lettuce and tomato","Aliments prêts à manger, sandwich, sous-marin fait avec pain blanc, dinde, rôti de porc et jambon, laitue et tomates",2026-01-28,,21153.0,
7635,7635,21,0,"Fast foods, submarine sandwich on white bread, oven roasted chicken with lettuce and tomato","Aliments prêts à manger, sandwich, sous-marin fait avec pain blanc, poulet rôti au four, laitue et tomates",2026-01-28,,21154.0,
7636,7636,21,0,"Fast foods, submarine sandwich on white bread, turkey breast with lettuce and tomato","Aliments prêts à manger, sandwich, sous-marin fait avec pain blanc, poitrine de dinde, laitue et tomates",2026-01-28,,21155.0,
7637,7637,21,0,"Fast foods, submarine sandwich on white bread, ham with lettuce and tomato","Aliments prêts à manger, sandwich, sous-marin fait avec pain blanc, jambon, laitue et tomates",2026-01-28,,21156.0,
7638,7638,21,0,"Fast foods, submarine sandwich on white bread, meatball marinara","Aliments prêts à manger, sandwich sous-marin fait avec pain blanc et boulettes marinara",2026-01-28,,21158.0,
7639,7639,21,0,"Fast foods, submarine sandwich on white bread, steak with cheese, lettuce and tomato","Aliments prêts à manger, sandwich sous-marin fait avec pain blanc, steak, fromage, laitue et tomates",2026-01-28,,21160.0,
7640,7640,21,0,"Fast foods, submarine sandwich on white bread, bacon with lettuce and tomato","Aliments prêts à manger, sandwich sous-marin fait avec pain blanc, bacon, laitue et tomates",2026-01-28,,21162.0,
7641,7641,21,0,"Fast foods, sandwich, breaded chicken in tortilla wrap, with lettuce, cheese, and ranch sauce","Aliments prêts à manger, sandwich roulé, poulet pané dans un tortilla avec laitue, fromage, tomates et sauce ranch",2026-01-28,,21517.0,
7642,7642,21,0,"Fast foods, sandwich, grilled chicken in tortilla wrap, with lettuce, cheese, and ranch sauce","Aliments prêts à manger, sandwich roulé, poulet grillé dans un tortilla avec laitue, fromage, tomates et sauce ranch",2026-01-28,,21518.0,
7643,7643,21,0,"Fast foods, breakfast, burrito, with egg, cheese, and sausage","Aliments prêts à manger, déjeuner, burrito avec oeufs, fromage et saucisse",2026-01-28,,21519.0,
7644,7644,21,0,"Fast foods, bread stick, soft, garlic and parmesan cheese","Aliments prêts à manger, bâtonnets de pain, ail et fromage parmesan",2026-01-28,,21520.0,
7645,7645,21,0,"Fast foods, smoothie, strawberry banana with low-fat yogourt and ice","Aliments prêts à manger, frappé avec yogourt faible en gras et glaçons",2026-01-28,,21521.0,
7646,7646,22,0,"Pizza, cheese, thin crust, whole grain, frozen, cooked","Pizza avec fromage, croûte mince de blé entier, congelée, cuite",2026-01-28,,21600.0,
7647,7647,22,0,"Pizza, cheese, thick crust, whole grain, frozen, cooked","Pizza avec fromage, croûte épaisse à grains entiers, congelée, cuite",2026-01-28,,21601.0,
7648,7648,22,0,"Pizza, cheese and pepperoni, thin crust, whole grain, frozen, cooked","Pizza, fromage et pepperoni, croûte mince à grains entiers, congelée, cuite",2026-01-28,,21602.0,
7649,7649,22,0,"Pizza, cheese and pepperoni, thick crust, whole grain, frozen, cooked","Pizza avec fromage et pepperoni, croûte épaisse à grains entiers, congelée, cuite",2026-01-28,,21603.0,
7650,7650,22,0,"Pizza, cheese and sausage, thin crust, whole grain, frozen, cooked","Pizza, fromage et saucisse, croûte mince à grains entiers, congelée, cuite",2026-01-28,,21604.0,
7651,7651,22,0,"Pizza, cheese and sausage, thick crust, whole grain, frozen, cooked","Pizza, fromage et saucisse, croûte épaisse à grains entiers, congelée, cuite",2026-01-28,,21605.0,
7652,7652,5,0,"Chicken patty, breaded, whole grain breading","Poulet, galette, pané, panure de blé entier",2026-01-28,,21610.0,
7653,7653,5,0,"Chicken nuggets, whole grain breading","Poulet, croquette, panure de blé entier",2026-01-28,,21611.0,
7654,7654,22,37,"Pizza, cheese and meat, thick crust, frozen, cooked","Pizza avec fromage et viande, croûte épaisse, congelée, cuite",2026-01-28,,22902.0,
7655,7655,25,0,"Snacks, pretzels, hard, gluten-free (cornstarch and potato flour)","Grignotises, bretzels, durs, sans gluten (fécule de maïs et farine de pommes de terre)",2026-01-28,,25065.0,
7656,7656,25,0,"Snacks, peas, roasted, wasabi flavour","Grignotises, pois rôtis, saveur de wasabi",2026-01-28,,25066.0,
7657,7657,25,0,"Snacks, shrimp cracker","Grignotises, craquelins aux crevettes",2026-01-28,,25070.0,
7658,7658,18,37,"Cracker, rice, plain","Craquelin, riz, nature",2026-01-28,,25071.0,
7659,7659,6,0,"Sauce, enchilada, red, mild, ready-to-serve","Sauce, enchilada, rouge, douce, prête-à-servir",2026-01-28,,27063.0,
7660,7660,6,0,"Wasabi, ready-to-serve","Wasabi, prête-à-servir",2026-01-28,,27064.0,
7661,7661,6,0,"Dip, bean","Trempette, base de haricots",2026-01-28,,27065.0,
7662,7662,6,0,"Sauce, horseradish, ready-to-serve","Sauce, raifort, prête-à-servir",2026-01-28,,27066.0,
7663,7663,18,0,"Cookie, shortbread, plain, reduced fat","Biscuit, sablé, nature, teneur réduite en gras",2026-01-28,,28310.0,
7664,7664,18,0,"Cookie, sugar wafer, chocolate covered","Biscuit, gaufrette au sucre, enrobée de chocolat",2026-01-28,,28311.0,
7665,7665,18,0,"Roll, hamburger / hot dog, cracked wheat","Pain, petit pain, à hamburger / à hot-dog, blé concassé",2026-01-28,,28312.0,
7666,7666,18,0,"Roll, hamburger / hot dog, whole wheat","Pain, petit pain, à hamburger / à hot-dog, blé entier",2026-01-28,,28313.0,
7667,7667,18,0,"Cracker, wheat, sandwich, with peanut butter filling, reduced fat","Craquelin, blé, sandwich, avec beurre d'arachides, teneur réduite en gras",2026-01-28,,28314.0,
7668,7668,18,0,"Bread, French or Vienna, whole wheat","Pain, Français ou Viennois, blé entier",2026-01-28,,28318.0,
7669,7669,18,0,"Bagel, multigrain","Bagel, multigrain",2026-01-28,,28322.0,
7670,7670,18,0,"Cracker, whole grain, sandwich, with peanut butter filling","Craquelin, grains entiers, sandwich, avec beurre d'arachides",2026-01-28,,28326.0,
7671,7671,18,0,"Cracker, water biscuit","Craquelin, à l'eau",2026-01-28,,28327.0,
7672,7672,18,0,"Cookie, chocolate chip sandwich, creme filling","Biscuit, sandwich aux brisures de chocolat, fourré à la crème",2026-01-28,,28328.0,
7673,7673,18,0,"Cookie, chocolate, with rice cereal","Biscuit, chocolat, avec céréale de riz",2026-01-28,,28329.0,
7674,7674,18,0,"Cookie, marshmallow, with rice cereal and chocolate chips","Biscuit, guimauve, avec céréale de riz et brisures de chocolat",2026-01-28,,28330.0,
7675,7675,18,0,"Cookie, gluten-free, chocolate sandwich, creme filling","Biscuit, sans gluten, sandwich au chocolat, garniture à la crème",2026-01-28,,28332.0,
7676,7676,18,0,"Cookie, gluten-free, chocolate wafer","Biscuit, sans gluten, gaufrette au chocolat",2026-01-28,,28333.0,
7677,7677,18,0,"Cookie, gluten-free, lemon wafer","Biscuit, sans gluten, gaufrette au citron",2016-10-05,,28334.0,
7678,7678,18,0,"Cookie, gluten-free, vanilla sandwich, creme filling","Biscuit, sans gluten, sandwich à la vanille, garniture à la crème",2026-01-28,,28335.0,
7679,7679,18,0,"Bread, gluten-free, white (made with potato and rice ingredients)","Pain, sans gluten, blanc (préparé avec pommes de terre et riz)",2026-01-28,,28336.0,
7680,7680,18,0,"Bread, gluten-free, white (made with rice, corn and/or tapioca)","Pain, sans gluten, blanc (préparé avec riz, maïs et/ou tapioca)",2026-01-28,,28337.0,
7681,7681,18,0,"Bread, gluten-free, white (made with tapioca and brown rice)","Pain, sans gluten, blanc (préparé avec tapioca et riz brun)",2026-01-28,,28338.0,
7682,7682,18,0,"Bread, gluten-free, whole grain (prepared with tapioca and brown rice)","Pain, sans gluten, grain entiers (préparé avec tapioca et riz brun)",2026-01-28,,28339.0,
7683,7683,18,0,"Roll, gluten-free, whole grain (made with tapioca and brown rice)","Pain, petit pain, sans gluten, grains entiers (préparé avec tapioca et riz brun)",2026-01-28,,28343.0,
7684,7684,18,0,"Cracker, gluten-free, multigrain and vegetable (made with corn starch and white rice flour)","Craquelin, sans gluten, multigrains et légumes (préparé avec fécule de maïs et farine de riz blanc)",2026-01-28,,28344.0,
7685,7685,18,37,"Cracker, multigrain and multiseed, gluten-free","Craquelin, multigrains et multigraines, sans gluten",2026-01-28,,28345.0,
7686,7686,18,0,"Waffle, gluten-free, frozen","Gaufre, sans gluten, congelée",2026-01-28,,28346.0,
7687,7687,18,0,"Pancake, gluten-free, frozen","Crêpe (pancake), sans gluten, congelée",2026-01-28,,28347.0,
7688,7688,18,0,"Roll, dinner, sweet","Pain, petit pain, sucré",2026-01-28,,28348.0,
7689,7689,18,0,"Cookie, oatmeal, reduced fat","Biscuit, avoine, teneur réduite en gras",2026-01-28,,28349.0,
7690,7690,18,0,"Cookie, biscuit stick, chocolate covered","Biscuit, bâtonnet, enrobé de chocolat",2026-01-28,,28350.0,
7691,7691,18,0,"Cookie, Marie biscuit","Biscuit, Marie",2026-01-28,,28351.0,
7692,7692,18,0,"Cookie, vanilla sandwich, creme filling, reduced fat","Biscuit, sandwich à la vanille, garniture à la crème, teneur réduite en gras",2026-01-28,,28352.0,
7693,7693,11,0,"Ginger root, pickled, canned, with artificial sweetener","Gingembre, racine, marinée, conserve, avec édulcorant artificiel",2026-01-28,,31033.0,
7694,7694,11,0,"Pepper, hot pickled, canned","Piment, fort, mariné, conserve",2026-01-28,,31034.0,
7695,7695,11,0,"Potato, mashed, ready-to-eat","Pomme de terre, purée, prête-à-manger",2026-01-28,,31036.0,
7696,7696,20,0,"Rice, cheese flavour, dry mix, unprepared","Riz, saveur de fromage, mélange sec, non préparé",2026-01-28,,32024.0,
7697,7697,22,0,"Dumpling, potato- or cheese-filled (pierogi), frozen","Dumpling, farci aux pommes de terre ou fromage (pierogi), congelé",2026-01-28,,32025.0,
7698,7698,22,0,"Turnover, chicken or turkey, with vegetables, reduced fat, frozen","Chausson au poulet ou à la dinde avec légumes, teneur réduite en gras, congelé",2026-01-28,,32026.0,
7699,7699,22,0,"Turnover, meat and cheese with tomato sauce, reduced fat, frozen","Chausson à la viande et fromage avec sauce aux tomates, teneur réduite en gras, congelé",2026-01-28,,32027.0,
7700,7700,22,0,"Turnover, filled with egg, meat and cheese, frozen","Chausson aux oeufs, viande et fromage, congelé",2026-01-28,,32028.0,
7701,7701,20,0,"Rice, white and wild, flavoured, unprepared","Riz, blanc et sausage, arômatisé, non préparé",2026-01-28,,32029.0,
7702,7702,22,0,"Salisbury steak with gravy, frozen","Bifteck Salisbury en sauce, congelé",2026-01-28,,32031.0,
7703,7703,21,0,"Fast foods, breakfast, biscuit with sausage, egg and cheese","Aliments prêts à manger, déjeuner, biscuit poudre à pâte avec saucisse, oeuf et fromage",2026-01-28,,32032.0,
7704,7704,22,0,"Chinese dish, sesame chicken, restaurant prepared","Mets chinois, poulet au sésame, préparation restaurant",2026-01-28,,36633.0,
7705,7705,19,0,"Sweets, jams and preserves, jelly, all flavours, with artificial sweetener","Confiseries, confitures et conserves, gelée, toutes saveurs, sans sucre, avec édulcorant artificiel",2026-01-28,,43027.0,
7706,7706,19,0,"Candies, chocolate coated, reduced sugar","Bonbons, enrobés de chocolat, réduits en sucre",2026-01-28,,43059.0,
7707,7707,19,0,"Sweets, jams and preserves, marmalade, reduced sugar","Confiseries, confitures et conserves, marmelade, réduite en sucre",2026-01-28,,43344.0,
7709,7709,1,37,"Milk, fluid, buttermilk, 0.25% M.F.","Lait, liquide, babeurre (lait de beurre), 0.25% M.G.",2026-01-28,,,
7710,7710,1,37,"Milk, fluid, buttermilk, 1.5%","Lait, liquide, babeurre (lait de beurre), 1.5% M.G.",2026-01-28,,,
7711,7711,1,37,"Milk, fluid, chocolate, reduced sugar, 1% M.F.","Lait, liquide, chocolat, réduit en sucre, 1% M.G.",2026-01-28,,1305.0,
7712,7712,1,37,"Milk, fluid, chocolate, no sugar added, 1% M.F.","Lait, liquide, chocolat, sans sucre ajouté, 1%",2026-01-28,,,
7713,7713,6,35,"Dip, eggplant (Baba ganoush)","Trempette, aubergine (Baba ganoush)",2026-01-28,,,
7714,7714,1,37,"Milk, fluid, chocolate, skim","Lait, liquide, chocolat, écrémé",2026-01-28,,,
7715,7715,6,35,"Sauce, rosé (pink)","Sauce, rosée",2017-10-25,,,
7716,7716,1,37,"Milkshake, chocolate, 2% M.F., ready-to-serve","Lait frappé, chocolat, 2% M.G., prêt-à-servir",2026-01-28,,,
7717,7717,1,37,"Eggnog, 0.2% M.F.","Lait de poule, 0.2% M.G.",2026-01-28,,,
7718,7718,1,37,"Eggnog, 1-2% M.F.","Lait de poule, 1-2% M.G.",2026-01-28,,,
7719,7719,1,37,"Milk, fluid, goat, vitamin A, D and folic acid added, 2% M.F.","Lait, liquide, chèvre, vitamines A, D et acide folique ajoutés, 2% M.G",2026-01-28,,,
7720,7720,1,37,"Milk, fluid, goat, unfortified, 2% M.F.","Lait, liquide, chèvre, non enrichi, 2% M.G.",2026-01-28,,,
7721,7721,1,37,"Milk, fluid, flavours not chocolate or strawberry, 1% M.G.","Lait, liquide, saveurs autres que chocolat et fraise, 1% M.G.",2026-01-28,,,
7722,7722,1,37,"Milkshake, flavours not chocolate, 2% M.F., ready-to-serve","Lait frappé, saveurs autres que chocolat, 2% M.G., prêt-à-servir",2026-01-28,,,
7723,7723,1,37,"Milk, fluid, strawberry, 1% M.F.","Lait, liquide, fraise, 1% M.G.",2026-01-28,,,
7724,7724,1,37,"Milk, fluid, strawberry, reduced sugar, 1% M.F.","Lait, liquide, fraise, réduit en sucre, 1% M.G.",2026-01-28,,,
7730,7730,18,35,"Cottage pudding cake with caramel sauce (poor man's, chômeur)","Gâteau, pouding chômeur",2026-01-28,,,
7731,7731,18,35,"Crêpe, plain, homemade","Crêpe, nature, maison",2026-01-28,,,
7732,7732,1,37,"Cheese, asiago",Fromage asiago,2026-01-28,,,
7733,7733,1,37,"Cheese, Boursin, all flavours","Fromage Boursin, toutes saveurs",2026-01-28,,,
7734,7734,1,37,"Cheese, cheddar, extra old","Fromage cheddar, extra-fort",2026-01-28,,,
7735,7735,1,37,"Cheese, cheddar, old","Fromage cheddar, fort",2026-01-28,,1009.0,
7736,7736,1,37,"Cheese, cheddar, old, light","Fromage cheddar, fort, léger",2026-01-28,,,
7737,7737,1,37,"Cheese, cheddar, medium","Fromage cheddar, mi-fort",2026-01-28,,1009.0,
7738,7738,1,37,"Cheese, cheddar, medium, light","Fromage cheddar, mi-fort, léger",2019-03-28,,6038.0,
7739,7739,1,37,"Cheese, cheddar and mozzarella blend, shredded","Fromage, mélange cheddar et mozzarella, rapé",2026-01-28,,,
7740,7740,1,37,"Cheese, cheddar and mozzarella blend, shredded, light","Fromage, mélange cheddar et mozzarella, rapé, léger",2026-01-28,,,
7741,7741,1,37,"Cheese, cheddar, marble","Fromage cheddar, marbré",2026-01-28,,1009.0,
7742,7742,1,37,"Cheese, cheddar, marble, light","Fromage cheddar, marbré, léger",2026-01-28,,1182.0,
7743,7743,1,37,"Cheese, bocconcini",Fromage bocconcini,2026-01-28,,,
7744,7744,1,37,"Cheese, bocconcini, light","Fromage bocconcini, léger",2026-01-28,,,
7745,7745,1,37,"Cheese, curds",Fromage en grains,2026-01-28,,,
7746,7746,1,37,"Cheese, strings, cheddar","Fromage, effilochable, cheddar",2026-01-28,,,
7747,7747,1,37,"Cheese, strings, cheddar, with added DHA","Fromage, effilochable, cheddar, DHA ajouté",2026-01-28,,,
7749,7749,1,37,"Cheese, strings, mozzarella/marble","Fromage, effilochable, mozzarella/marbré",2026-01-28,,,
7750,7750,1,37,"Cheese, strings, mozzarella/marble, with added DHA","Fromage, effilochable, mozzarella/marbré, DHA ajouté",2026-01-28,,,
7752,7752,1,37,"Cheese, cream cheese product, flavoured, sweet","Fromage, produit de fromage à la crème, arômatisé, sucré",2019-05-01,,,
7753,7753,1,37,"Cheese, edam, mini wheel, light","Fromage edam, mini roue, léger",2026-01-28,,,
7754,7754,1,37,"Cheese, feta, light","Fromage feta, léger",2026-01-28,,,
7755,7755,1,37,"Cheese, friulano",Fromage friulano,2026-01-28,,,
7756,7756,1,37,"Cheese, goat, soft, with cranberries","Fromage de chèvre, pâte molle, aux canneberges",2026-01-28,,,
7757,7757,1,37,"Cheese, havarti",Fromage havarti,2026-01-28,,,
7758,7758,1,37,"Cheese, havarti, light","Fromage havarti, lèger",2026-01-28,,,
7759,7759,1,37,"Cheese, processed product, spreadable, mini triangle","Produit de fromage fondu, à tartiner, mini triangle",2026-01-28,,,
7760,7760,1,37,"Cheese, processed product, spreadable, mini triangle, light","Produit de fromage fondu, à tartiner, mini triangle, lèger",2026-01-28,,,
7761,7761,1,37,"Cheese, processed product, spreadable, mini triangle, flavoured","Produit de fromage fondu, à tartiner, mini triangle, aromatisé",2026-01-28,,,
7762,7762,1,37,"Cheese, oka, with rind","Fromage oka, avec croûte",2026-01-28,,,
7763,7763,1,37,"Cheese, oka, spread","Fromage oka, à tartiner",2019-06-06,,,
7764,7764,1,37,"Cheese, parmesan, refrigerated","Fromage parmesan, réfrigéré",2026-01-28,,,
7765,7765,1,37,"Cheese, parmesan fondue, breaded square, ready-to-serve","Fromage, fondue au parmesan, carré pané, prêt-à-servir",2026-01-28,,,
7766,7766,1,37,"Cheese, swiss, light","Fromage swiss, léger",2026-01-28,,,
7767,7767,1,37,"Cheese, Italian style blend, shredded","Fromage, mélange à l'italienne, rapé",2026-01-28,,,
7768,7768,1,37,"Cheese, Italian style blend, shredded, light","Fromage, mélange à l'italienne, rapé, léger",2026-01-28,,,
7769,7769,1,37,"Cheese, pizza blend, shredded","Fromage, mélange à pizza, rapé",2026-01-28,,,
7770,7770,1,37,"Cheese, Tex Mex blend, light, shredded","Fromage, mélange Tex Mex, léger, rapé",2026-01-28,,,
7771,7771,25,4,"Snacks, sweet potato chips, salted","Grignotises, croustilles de patates douces, salées",2026-01-28,,25012.0,
7772,7772,16,4,"Tofu, silken, refrigerated","Tofu, soyeux, réfrigéré",2026-01-28,,16162.0,
7773,7773,14,37,"Meal replacement, regular","Substitut de repas, regulier",2020-03-12,,,
7775,7775,19,0,"Candies, bars, crunchy peanut butter coated with chocolate","Bonbons, tablettes, beurre d'arachide croquant enrobé de chocolat",2026-02-11,,19098.0,
7776,7776,19,0,"Candies, bars, white chocolate with almonds","Bonbons, tablettes, chocolat blanc avec amandes",2026-01-28,,19066.0,
7777,7777,19,0,"Candies, chocolate covered almond","Bonbons, amandes enrobées de chocolat",2026-01-28,,19084.0,
7778,7778,19,0,"Candies, bars, Symphony","Bonbons, tablettes, Symphony",2026-01-28,,19093.0,
7779,7779,19,0,"Candies, bars, milk chocolate with crisped rice","Bonbons, tablettes, chocolat au lait avec riz croustillant",2026-01-28,,19110.0,
7780,7780,19,0,"Candies, bars, milk chocolate with almonds","Bonbons, tablettes, chocolat au lait avec amandes",2026-01-28,,19130.0,
7781,7781,19,0,"Candies, bars, nougat, caramel and almonds, chocolate coated","Bonbons, tablettes, nougat, caramel et amandes, enrobées de chocolat",2026-01-28,,19115.0,
7782,7782,19,0,"Candies, bars, coconut, chocolate coated","Bonbons, tablettes, noix de coco, enrobées de chocolat",2026-01-28,,19142.0,
7783,7783,19,0,"Candies, bars, peanut, chocolate coated","Bonbons, tablettes, arachides, enrobées de chocolat",2026-01-28,,19143.0,
7784,7784,19,0,"Candies, Reesesticks, crispy wafers, peanut butter, milk chocolate","Bonbons, Reesesticks, gaufrettes, beurre d'arachide, chocolat au lait",2026-01-28,,19249.0,
7785,7785,4,37,"Shortening, household, all-vegetable, soybean oil and hydrogenated palm oil","Shortening, domestique, tout végétal, huile de soya et huile de palme hydrogénée",2026-02-11,,,
7786,7786,9,26,"Haskap berry, raw","Camerise, crue",2026-01-28,,,
7788,7788,1,37,"Eggnog, 2-3.25% M.F.","Lait de poule, 2-3.25% M.G.",2026-01-28,,,
7789,7789,14,37,"Plant-based beverage, almond and coconut beverage, plain, fortified, refrigerated","Boisson à base de plantes, amande et noix de coco, nature, enrichie, réfrigérée",2026-02-11,,,
7790,7790,14,37,"Plant-based beverage, almond and coconut beverage, plain, unsweetened, calcium-fortified, shelf-stable","Boisson à base de plantes, amande et noix de coco, nature, non sucrée, enrichie en calcium, longue conservation",2026-02-11,,,
7797,7797,14,37,"Plant-Based Beverage, Almond and Coconut Beverage, Plain, Unsweetened, Fortified, refrigerated","Boisson à base de plantes, amande et noix de coco, nature, non sucrée, enrichie, réfrigérée",2026-02-11,,,
7799,7799,14,37,"Plant-based beverage, almond and coconut beverage, plain, unsweetened, not fortified, shelf-stable","Boisson à base de plantes, amande et noix de coco, nature, non sucrée, non enrichie, longue conservation",2026-02-11,,,
7800,7800,14,37,"Plant-based beverage, almond beverage, plain, fortified, refrigerated and/or shelf-stable","Boisson à base de plantes, amande, nature, enrichie, réfrigérée et/ou longue conservation",2026-02-11,,,
7801,7801,14,37,"Plant-based beverage, almond beverage, plain, unsweetened, calcium-fortified, shelf-stable","Boisson à base de plantes, amande, nature, non sucrée, enrichie en calcium, longue conservation",2026-02-11,,,
7802,7802,14,37,"Plant-based beverage, almond beverage, plain, unsweetened, fortified, refrigerated and/or shelf-stable","Boisson à base de plantes, amande, nature, non sucrée, enrichie, réfrigérée et/ou longue conservation",2026-02-11,,,
7803,7803,14,37,"Plant-based beverage, almond beverage, vanilla, unsweetened, calcium-fortified, shelf-stable","Boisson à base de plantes, amande, vanille, non sucrée, enrichie en calcium, longue conservation",2026-02-11,,,
7804,7804,14,37,"Plant-based beverage, almond beverage, vanilla, unsweetened, fortified, refrigerated and/or shelf-stable","Boisson à base de plantes, amande, vanille, non sucrée, enrichie, réfrigérée et/ou longue conservation",2026-02-11,,,
7805,7805,14,37,"Plant-based beverage, coconut beverage, chocolate, not fortified, shelf-stable","Boisson à base de plantes, noix de coco, chocolat, non enrichie, longue conservation",2026-02-11,,,
7806,7806,14,37,"Plant-based beverage, coconut beverage, plain, sweetened, not fortified, shelf-stable","Boisson à base de plantes, noix de coco, nature, non enrichie, longue conservation",2026-02-11,,,
7807,7807,14,37,"Plant-based beverage, hemp beverage, plain, unsweetened, calcium-fortified, shelf-stable","Boisson à base de plantes, chanvre, nature, non sucrée, enrichie en calcium, longue conservation",2026-02-11,,,
7808,7808,14,37,"Plant-based beverage, oat and quinoa beverage, unsweetened, fortified, shelf-stable","Boisson à base de plantes, avoine et quinoa, non sucrée, enrichie, longue conservation",2026-02-11,,,
7809,7809,14,37,"Plant-based beverage, rice beverage, chocolate, fortified, shelf-stable","Boisson à base de plantes, riz, chocolat, enrichie, longue conservation",2026-02-11,,,
7810,7810,14,37,"Plant-based beverage, rice beverage, vanilla, unsweetened, fortified, shelf-stable","Boisson à base de plantes, riz, vanille, non sucrée, enrichie, longue conservation",2026-02-11,,,
7811,7811,14,37,"Plant-based beverage, soy beverage, plain, fortified, refrigerated and/or shelf-stable","Boisson à base de plantes, soya, nature, enrichie, réfrigérée et/ou longue conservation",2026-02-11,,,
7812,7812,14,37,"Plant-based beverage, soy beverage, plain, reduced fat, not fortified, shelf-stable","Boisson à base de plantes, soya, nature, réduite en gras, non enrichie, longue conservation",2026-02-11,,,
7813,7813,14,37,"Plant-based beverage, soy beverage, plain, reduced fat, fortified, shelf-stable","Boisson à base de plantes, soya, nature, réduite en gras, enrichie, longue conservation",2026-02-11,,,
7814,7814,14,37,"Plant-based beverage, soy beverage, plain, unsweetened, not fortified, refrigerated","Boisson à base de plantes, soya, nature, non sucrée, non enrichie, réfrigérée",2026-02-11,,,
7815,7815,14,37,"Plant-based beverage, soy beverage, strawberry, fortified, shelf-stable","Boisson à base de plantes, soya, fraise, enrichie, longue conservation",2026-02-11,,,
7816,7816,14,37,"Plant-based beverage, soy beverage, vanilla, reduced fat, fortified, shelf-stable","Boisson à base de plantes, soya, vanille, réduite en gras, enrichie, longue conservation",2026-02-11,,,
7817,7817,14,37,"Dairy and Plant-based beverage, dairy and soy protein beverage, chocolate, not fortified, refrigerated","Boisson à base de produits laitiers et de plantes, produit laitier et protéine de soya, chocolat, non enrichie, réfrigérée",2026-02-11,,,
7818,7818,14,37,"Tea and Plant-based beverage, tea and soy protein beverage, vanilla chai, not fortified, refrigerated","Boisson à base de thé et de plantes, thé et protéine de soya, chai à la vanille, non enrichie, réfrigérée",2026-02-11,,,
7819,7819,1,26,"Cheese, Cream Cheese Product, 95% fat free","Fromage, produit de fromage à la crème, sans gras à 95%",2026-01-28,,,
7820,7820,9,0,Baobab powder,"Baobab, poudre",2026-01-28,,9544.0,
7821,7821,9,0,"Cherry juice, tart","Cerise, jus, sure (acidulé)",2026-01-28,,9546.0,
7822,7822,9,0,"Raspberries, puree, seedless","Framboises, purée, sans pépins",2026-01-28,,9552.0,
7823,7823,9,0,"Raspberries, puree, with seeds","Framboises, purée, avec pépins",2026-01-28,,9553.0,
7824,7824,9,0,"Plantain, green, raw","Plantain, (banane des antilles), vert, cru",2026-01-28,,9542.0,
7825,7825,9,0,"Plantain, green, boiled","Plantain, (banane des antilles), vert, bouilli",2026-01-28,,9543.0,
7826,7826,9,0,Raspberry juice concentrate,"Framboise, jus, concentré",2026-01-28,,9554.0,
7827,7827,1,0,"Yogourt (yogurt), Greek style, 2% M.F., mixed berry blend","Yogourt, Grec, 2% M.G., mélange de petits fruits",2026-01-28,,1249.0,
7828,7828,1,0,"Yogourt (yogurt), Greek style, 2% M.F., coconut blend","Yogourt, Grec, 2% M.G., mélange de noix de coco",2026-01-28,,1065.0,
7829,7829,1,0,"Butter, Clarified butter (ghee)","Beurre, beurre clarifié (ghee)",2026-01-28,,1323.0,
7830,7830,18,37,"Cookie, butter, caramel filling, chocolate covered, commercial","Biscuit, beurre, garniture au caramel, enrobé de chocolat, commercial",2026-01-28,,,
7831,7831,18,37,"Cookie, butter, shortbread, fudge striped, commercial","Biscuit, beurre, sablé, strié de fudge, commercial",2026-01-28,,,
7832,7832,18,37,"Cookie, butter, Danish style, commercial","Biscuit, beurre, style danois, commercial",2026-01-28,,,
7833,7833,18,37,"Cookie, butter, Petit Beurre, commercial","Biscuit, beurre, Petit Beurre, fait avec de l'huile et du beurre, commercial",2026-01-28,,,
7834,7834,18,37,"Cookie, chocolate chip or chunk, made with oils and/or shortening, commercial","Biscuit, grains ou gros morceaux de chocolat, fait avec de l'huile et/ou du shortening, commercial",2026-01-28,,,
7835,7835,18,37,"Cookie, chocolate chip or chunk, made with butter, soft type, commercial","Biscuit, grains ou gros morceaux de chocolat, fait avec du beurre, moelleux, commercial",2026-01-28,,,
7836,7836,18,37,"Cookie, digestive, chocolate covered, commercial","Biscuit, digestif, enrobé de chocolat, commercial",2026-01-28,,,
7837,7837,18,37,"Cookie, digestive, with added fibre, commercial","Biscuit, digestif, fibres ajoutées, commercial",2026-01-28,,,
7838,7838,18,37,"Cookie, ginger, soft type, commercial","Biscuit, gingembre, moelleux, commercial",2026-01-28,,,
7839,7839,18,37,"Cookie, ginger, thin style, commercial","Biscuit, gingembre, mince, commercial",2026-01-28,,,
7840,7840,18,37,"Cookie, graham, animal shaped, with added fibre, commercial","Biscuit, graham, en forme d'animaux, fibres ajoutées, commercial",2026-01-28,,,
7841,7841,18,37,"Cookie, Ladyfingers, chocolate covered, commercial","Biscuit, doigt de dame, enrobé de chocolat, commercial",2026-01-28,,,
7842,7842,18,37,"Cookie, Ladyfingers, plain, commercial","Biscuit, doigt de dame, nature, commercial",2026-01-28,,,
7843,7843,18,37,"Cookie, marshmallow, chocolate covered, with or without filling, commercial","Biscuit, guimauve, enrobé de chocolat, avec ou sans garniture, commercial",2026-01-28,,18176.0,
7844,7844,18,37,"Cookie, marshmallow with coconut, chocolate covered, commercial","Biscuit, guimauve avec noix de coco, enrobé de chocolat, commercial",2026-01-28,,,
7845,7845,18,37,"Cookie, oatmeal, chocolate chip, commercial","Biscuit, avoine, grains de chocolat, commercial",2026-01-28,,,
7846,7846,18,37,"Cookie, oatmeal, chocolate chunk, with added fibre, commercial","Biscuit, avoine, gros morceaux de chocolat, fibres ajoutées, commercial",2026-01-28,,,
7847,7847,18,37,"Cookie, oatmeal, date, soft type, commercial","Biscuit, avoine, dattes, moelleux, commercial",2026-01-28,,,
7848,7848,18,37,"Cookie, oatmeal, raisin, commercial","Biscuit, avoine, raisins, commercial",2026-01-28,,18178.0,
7849,7849,18,37,"Cookie, oatmeal, fruit, with added fibre, commercial","Biscuit, avoine, fruits, fibres ajoutées, commercial",2026-01-28,,,
7850,7850,18,37,"Cookie, Ovaltine, commercial","Biscuit, Ovaltine, commercial",2026-01-28,,,
7851,7851,18,37,"Cookie, peanut butter, chocolate chunk, commercial","Biscuit, beurre d'arachides, gros morceaux de chocolat, commercial",2026-01-28,,,
7852,7852,18,37,"Cookie, ""S"" shaped, commercial","Biscuit, en forme de ""S"", commercial",2026-01-28,,,
7853,7853,18,37,"Cookie, chocolate or sugar cookie sandwich, all flavours filling, made with coconut oil shortening, commercial","Biscuit, sandwich au chocolat ou biscuit au sucre, inclus toute les saveurs de garniture, fait avec du shortening d'huile de noix de coco, commercial",2026-01-28,,,
7854,7854,18,37,"Cookie, vanilla sandwich, cream filling, jelly centre, no added sugar, with sugar substitutes, commercial","Biscuit, sandwich à la vanille, garniture à la crème, centre à la gelée, sans sucre ajouté, avec succédanés de sucre, commercial",2026-01-28,,,
7855,7855,18,37,"Cookie, vanilla sandwich, flavoured filling, with or without jelly, commercial","Biscuit, sandwich à la vanille, garniture aromatisée, avec ou sans gelée, commercial",2026-01-28,,,
7856,7856,18,37,"Cookie, animal shaped, sandwich, fruit and yogourt filling, soft type, with added fibre, commercial","Biscuit, en forme d'animaux, sandwich, garniture de fruits et yogourt, moelleux, fibres ajoutées, commercial",2026-01-28,,,
7857,7857,18,37,"Cookie, shortcake, commercial","Biscuit, sablés, de type ""shortcake"", commercial",2026-01-28,,,
7858,7858,18,37,"Cookie, shortcake, no added sugar, with sugar substitutes, commercial","Biscuit, sablés, de type ""shortcake"", sans sucre ajouté, avec succédané de sucre, commercial",2026-01-28,,,
7859,7859,18,37,"Cookie, sugar, bran, commercial","Biscuit, sucre, son, commercial",2026-01-28,,,
7860,7860,18,37,"Cookie, sugar, vanilla, chocolate drizzle, commercial","Biscuit, sucre, vanille, strié de chocolat, commercial",2026-01-28,,,
7861,7861,18,37,"Cookie, sugar, coconut, commercial","Biscuit, sucre, noix de coco, commercial",2026-01-28,,,
7862,7862,18,37,"Cookie, sugar, with fruit, with added fibre, commercial","Biscuit, sucre, avec fruits, fibres ajoutées, commercial",2026-01-28,,,
7863,7863,18,37,"Cookie, sugar, with fruit and nuts, thin style, commercial","Biscuit, sucre, avec fruits et noix, mince, commercial",2026-01-28,,,
7864,7864,18,37,"Cookie, tea biscuit, commercial","Biscuit, biscuit à thé, commercial",2026-01-28,,,
7865,7865,18,37,"Cookie, tea biscuit, wheat, Indian style (includes Punjabi, Gur/Jaggery), commercial","Biscuit, biscuit à thé, blé, style Indien (incluant Punjabi, Gur/Jaggery), commercial",2026-01-28,,,
7866,7866,18,37,"Cookie, tea biscuit, with added fibre, commercial","Biscuit, biscuit à thé, fibres ajoutées, commercial",2026-01-28,,,
7867,7867,18,37,"Cookie, turnover, fruit filling, commercial","Biscuit, chausson, garniture aux fruits, commercial",2026-01-28,,,
7868,7868,18,37,"Cookie, vanilla wafer, flavoured filling, no added sugar, with sugar substitutes, commercial","Biscuit, gaufrette à la vanille, garniture aromatisée, sans sucre ajouté, avec succédané de sucre, commercial",2026-01-28,,,
7869,7869,18,37,"Cookie, vanilla wafer, flavoured with extra filling, commercial","Biscuit, gaufrette à la vanille, aromatisé avec extra garniture, commercial",2026-01-28,,,
7870,7870,18,37,"Cookie, vanilla or chocolate wafer, flavoured filling, with or without chocolate coating, commercial","Biscuit, gaufrette à la vanille ou au chocolat, garniture aromatisée, avec ou sans enrobage au chocolat, commercial",2026-01-28,,18209.0,
7871,7871,18,37,"Cookie, waffle crips, plain, commercial","Biscuit, gaufrette croustillante, nature, commercial",2026-01-28,,,
7872,7872,18,37,"Cracker, multigrain and multiseed, plain","Craquelin, multigrains et multigraines, nature",2026-01-28,,,
7873,7873,18,37,"Cracker, multiseed, corn based, all flavours, gluten-free","Craquelin, multigraines, à base de maïs, toutes les saveurs, sans gluten",2026-01-28,,,
7874,7874,18,37,"Cracker, assorted mix","Craquelin, assortiment",2026-01-28,,,
7875,7875,18,37,"Cracker, potato based, all flavours","Craquelin, pomme de terre, toutes les saveurs",2026-01-28,,,
7876,7876,18,37,"Cracker, pretzel type, oven-baked, plain","Craquelin, type pretzel, cuit au four, nature",2026-01-28,,,
7877,7877,18,37,"Cracker, rice, cheese flavour","Craquelin, riz, saveur de fromage",2026-01-28,,,
7878,7878,18,37,"Cracker, rice, all flavours except cheese","Craquelin, riz, toutes les saveurs sauf fromage",2026-01-28,,,
7879,7879,18,37,"Cracker, rice and sesame, plain","Craquelin, riz et sésame, nature",2026-01-28,,,
7880,7880,18,37,"Cracker, saltine (also oyster, soda, soup), unsalted top, vegetable flavoured","Craquelin, salé, (aussi huîtres, soda, soupe), non saupoudrés de sel, saveur de légumes",2026-01-28,,,
7881,7881,18,37,"Cracker, baguette type, all flavours","Craquelin, de type baguette, toutes les saveurs",2026-01-28,,,
7882,7882,18,37,"Cracker, whole wheat or whole grain, animal shaped, cheese flavour","Craquelin, blé entier ou grains entiers, en forme d'animaux, saveur de fromage",2026-01-28,,,
7883,7883,18,37,"Cracker, wheat, animal shaped or snack size, cheese flavour","Craquelin, blé, en forme d'animaux ou format collation, saveur de fromage",2026-01-28,,,
7884,7884,18,37,"Cracker, wheat, animal shaped, three cheese flavour","Craquelin, blé, en forme d'animaux, saveur trois fromages",2026-02-11,,,
7885,7885,18,37,"Cracker, cheese, swiss","Craquelin, fromage, suisse",2026-01-28,,,
7886,7886,18,37,"Cracker, wheat, baked chip style, all flavours","Craquelin, blé, genre croustilles cuites, toutes les saveurs",2026-01-28,,,
7887,7887,18,37,"Cracker, wheat, thin, vegetable flavoured, reduced fat","Craquelin, blé, mince, saveur de légumes, réduit en gras",2026-01-28,,,
7888,7888,18,37,"Cracker, wheat, crips, thin, all flavours","Craquelin, blé, croustillant, mince, toutes les saveurs",2026-01-28,,,
7889,7889,18,37,"Cracker, pita style, plain","Craquelin, de style pita, nature",2026-01-28,,,
7890,7890,18,37,"Cracker, wheat, animal shape, plain","Craquelin, blé, en forme d'animaux, nature",2026-01-28,,,
7891,7891,18,37,"Cracker, wheat, standard snack-type, sandwich, chocolate and marshmallow (Smores) filling","Craquelin, blé, type collation, sandwich, garniture chocolat et guimauve (Smores)",2026-01-28,,,
7892,7892,18,37,"Cracker, cheese, snack-size, flavoured","Craquelin, fromage, format collation, aromatisé",2026-01-28,,,
7893,7893,18,37,"Cracker, wheat, vegetable flavoured","Craquelin, blé, saveur de légumes",2026-01-28,,,
7894,7894,18,37,"Cracker, whole grain wheat, woven, sweet flavours","Craquelin, blé à grains entiers, tressé, saveurs sucrées",2026-01-28,,,
7895,7895,18,37,"Cracker, whole grain wheat, woven, savoury flavours ","Craquelin, blé à grains entiers, tressé, saveurs salées",2026-01-28,,,
7896,7896,18,37,"Cracker, whole grain wheat, thin, all flavours","Craquelin, blé à grains entiers, mince, toutes les saveurs",2026-01-28,,,
7897,7897,18,37,"Cracker, whole grain wheat, woven, plain","Craquelin, blé à grains entiers, tressé, nature",2026-01-28,,,
7898,7898,18,37,"Cracker, whole grain wheat, woven, low sodium, plain","Craquelin, blé à grains entiers, tressé, faible en sodium, nature",2026-01-28,,,
7899,7899,18,37,"Cracker, whole grain whole wheat, multigrain, with flax seeds and honey","Craquelin, grains entiers blé entier, multigrain, avec graine de lin et miel",2026-01-28,,,
7900,7900,18,37,"Cracker, wheat and potato (Crispers), all flavours","Craquelin, blé et pomme de terre (Crispers), toutes les saveurs",2026-01-28,,,
7901,7901,18,37,"Cracker, wheat, cracked wheat, plain","Craquelin, blé, blé concassé, nature",2026-01-28,,,
7902,7902,18,37,"Cracker, wheat, cracked wheat, low in sodium, plain","Craquelin, blé, blé concassé, faible en sodium, nature",2026-01-28,,,
7903,7903,18,37,"Cracker, whole grain and/or whole wheat, all flavours","Craquelin, grains entiers et/ou blé entier, toutes les saveurs",2026-01-28,,,
7904,7904,18,37,"Cracker, wheat, plus wheat bran and/or germ, plain","Craquelin, blé, avec son de blé et/ou germe, nature",2026-01-28,,,
7905,7905,18,37,"Cracker, wheat, plus wheat bran, thin, plain","Craquelin, blé, avec son de blé, mince, nature",2026-01-28,,,
7906,7906,18,37,"Cracker, wheat, plus wheat bran, thin, low fat, plain","Craquelin, blé, avec son de blé, mince, faible en gras, nature",2026-01-28,,,
7907,7907,18,37,"Cracker, wheat, plus wheat bran and/or germ, reduced fat and sodium, plain","Craquelin, blé, avec son de blé et/ou germe, réduit en gras et sodium, nature",2026-01-28,,,
7908,7908,18,37,"Cracker, wheat, plus wheat bran and/or germ, reduced sodium, plain","Craquelin, blé, avec son de blé et/ou germe, réduit en sodium, nature",2026-01-28,,,
7909,7909,18,37,"Cracker, wheat, whole seeds and grains, plain","Craquelin, blé, graines et céréales entières, nature",2026-01-28,,,
7910,7910,18,37,"Crumpets, plain","Crumpets, nature",2026-01-28,,,
7911,7911,18,37,"English muffin, whole wheat with whole grain and seeds, with added fibre","Muffin anglais, blé entier avec grains entiers et graines, avec fibres ajoutées",2026-01-28,,,
7912,7912,18,37,"Indian, bread, naan, garlic (includes roasted onion)","Indien, pain naan, ail (inclus oignons rôtis)",2026-01-28,,,
7913,7913,18,37,"Indian, bread, naan, reduced sodium, made with unenriched flour","Indien, pain naan, réduit en sodium, fait avec de la farine non enrichie",2026-01-28,,,
7914,7914,18,37,"Indian, bread, naan, reduced fat,  with whole grains, with added fibre","Indien, pain naan, réduit en gras, avec grains entiers, avec fibres ajoutées",2026-01-28,,,
7915,7915,18,37,"Bread, pita, white, Greek style","Pain, pita, blanc, style Grec",2026-01-28,,,
7916,7916,18,37,"Bread, pita, whole wheat, Greek style","Pain, pita, blé entier, style Grec",2026-01-28,,,
7917,7917,18,37,"Bread, pita, fruit (includes apple cinnamon and cranberry orange), with whole grains","Pain, pita, fruit (inclus pomme cannelle et orange canneberge), avec grains entiers",2026-01-28,,,
7918,7918,18,37,"Bread, pita, fruit (raisins), with multigrains and multiseeds","Pain, pita, fruit (raisins), avec multigrains et multigraines",2026-01-28,,,
7919,7919,18,37,"Tortilla, ready-to-bake / fry, flour, cheese","Tortilla, prêt-à-cuire /frire, farine, fromage",2026-01-28,,,
7920,7920,18,37,"Tortilla, ready-to-bake / fry, flour, cheese flavoured, with added fibre","Tortilla, prêt-à-cuire /frire, farine, saveur de fromage, avec fibres ajoutées",2026-01-28,,,
7921,7921,18,37,"Tortilla, ready-to-bake / fry, flour and corn","Tortilla, prêt-à-cuire /frire, farine,et maïs",2026-01-28,,,
7922,7922,18,37,"Tortilla, ready-to-bake / fry, gluten-free (made with rice flour), with added fibre","Tortilla, prêt-à-cuire /frire, sans gluten (fait avec de la farine de riz), avec fibres ajoutées",2026-01-28,,,
7923,7923,18,37,"Tortilla, ready-to-bake / fry, gluten-free (made with rice flour and tapioca), with added fibre","Tortilla, prêt-à-cuire /frire, sans gluten (fait avec de la farine de riz et tapioca), avec fibres ajoutées",2026-01-28,,,
7924,7924,18,37,"Tortilla, ready-to-bake / fry, gluten-free (made with rice flour,  tapioca and potato flour)","Tortilla, prêt-à-cuire /frire, sans gluten (fait avec de la farine de riz, tapioca et farine de pomme de terre)",2026-01-28,,,
7925,7925,18,37,"Tortilla, ready-to-bake / fry, flour, plain, with added fibre","Tortilla, prêt-à-cuire /frire, farine, nature, avec fibres ajoutées",2026-01-28,,,
7926,7926,18,37,"Tortilla, ready-to-bake / fry, flour, vegetable flavour (includes garden vegetables, spinach, tomato)","Tortilla, prêt-à-cuire /frire, farine, saveur de légumes (inclus légumes du jardin, épinards, tomates)",2026-01-28,,,
7927,7927,18,37,"Tortilla, ready-to-bake / fry, flour, with whole grains, vegetable flavour (includes garden vegetables)","Tortilla, prêt-à-cuire /frire, farine, avec grains entiers, saveur de légumes (inclus légumes du jardin)",2026-01-28,,,
7928,7928,18,37,"Tortilla, ready-to-bake / fry, whole wheat,  multigrains, with added fibre ","Tortilla, prêt-à-cuire /frire, blé entier, multigrains, avec fibres ajoutées",2026-01-28,,,
7929,7929,7,37,"Deli-Meat, chicken breast, roasted, strips, flavoured (italian)","Charcuterie, poitrine de poulet, rôtie, lanières, aromatisées (italienne)",2026-01-28,,,
7930,7930,7,37,"Deli-Meat, chicken breast, roasted, strips, seasoned","Charcuterie, poitrine de poulet, rôtie, lanières, assaisonnées",2026-01-28,,,
7931,7931,7,37,"Deli-Meat, chicken breast, roasted, strips, flavoured (BBQ, Honey Garlic, Buffalo)","Charcuterie, poitrine de poulet, rôtie, lanières, aromatisées (BBQ, Miel et ail, Buffalo)",2026-01-28,,,
7932,7932,22,37,"Frozen entree, pasta, angel hair and chicken, balsamic-based sauce, heated","Met surgelé, pâtes, cheveux d'ange et poulet, sauce à base de balsamique, réchauffé",2026-01-28,,,
7933,7933,22,37,"Frozen entree, pasta, penne,  tomato-based sauce, beef and sausage, heated","Met surgelé, pâtes, penne, sauce à base de tomates, b?uf et saucisse, réchauffé",2026-01-28,,58146323.0,
7934,7934,22,37,"Frozen entree, pasta, beef Stroganoff, heated","Met surgelé, pâtes, b?uf Stroganoff, réchauffé",2026-01-28,,27113100.0,
7935,7935,22,37,"Frozen entree, Indian dish, butter chicken with rice, heated","Met surgelé, met indien, poulet au beurre avec riz, réchauffé",2026-01-28,,,
7936,7936,22,37,"Frozen entree, Indian dish, butter chicken with rice, reduced fat, heated","Met surgelé, met indien, poulet au beurre avec riz, réduit en gras, réchauffé",2026-01-28,,,
7937,7937,22,37,"Frozen entree, pasta, canneloni with cheese filling, tomato-based sauce, heated","Met surgelé, pâtes, canneloni au fromage, sauce à base de tomates, réchauffé",2026-01-28,,22901.0,
7938,7938,22,37,"Frozen entree, pasta, canneloni with cheese and spinach filling, tomato-based sauce, reduced fat, heated","Met surgelé, pâtes, canneloni au fromage et épinards, sauce à base de tomates, réduit en gras, réchauffé",2026-01-28,,,
7939,7939,22,37,"Frozen entree, pasta, chicken, Alfredo sauce, heated","Met surgelé, pâtes, poulet, sauce Alfredo, réchauffé",2026-01-28,,28143080.0,
7940,7940,22,37,"Frozen entree, pasta, chicken and vegetables,  Alfredo sauce, heated","Met surgelé, pâtes, poulet et légumes, sauce Alfredo, réchauffé",2026-01-28,,28143170.0,
7941,7941,22,37,"Frozen entree, pasta, chicken, carbonara sauce, heated","Met surgelé, pâtes, poulet, sauce carbonara, réchauffé",2026-01-28,,28143080.0,
7942,7942,22,37,"Frozen entree, pasta, lasagna, chicken, creamy sauce, heated","Met surgelé, pâtes, lasagne, poulet, sauce crémeuse, réchauffé",2026-01-28,,58130140.0,
7943,7943,22,37,"Frozen entree, pasta, lasagna, chicken, tomato-based sauce, heated","Met surgelé, pâtes, lasagne, poulet, sauce à base de tomates, réchauffé",2026-01-28,,58130140.0,
7944,7944,22,37,"Frozen entree, pasta, penne, whole grain pasta, chicken, marinara sauce, heated","Met surgelé, pâtes, penne, pâte de grains entiers, poulet, sauce marinara, réchauffé",2026-01-28,,58146643.0,
7945,7945,22,37,"Frozen entree, chicken bites (nuggets) with fries, heated","Met surgelé, bouchées de poulet (croquettes) avec frites, réchauffé",2026-01-28,,,
7946,7946,22,37,"Frozen entree, chicken parmesan (unbreaded) with whole grain pasta in tomato-based sauce and vegetables, heated","Met surgelé, poulet parmesan (non panné) avec pâtes de grains entiers dans une sauce à base de tomates et légumes, réchauffé",2026-01-28,,,
7947,7947,22,37,"Frozen entree, pasta, chicken and vegetables, pesto sauce, heated","Met surgelé, pâtes, poulet et légumes, sauce pesto, réchauffé",2026-01-28,,,
7948,7948,22,37,"Frozen entree, chicken, potatoes and vegetables in wine sauce, heated","Met surgelé, poulet, pomme de terre et légumes dans une sauce au vin, réchauffé",2026-01-28,,,
7949,7949,22,37,"Frozen entree, pasta, fettucine, Alfredo sauce, heated","Met surgelé, pâtes, fettucine, sauce Alfredo, réchauffé",2026-01-28,,58146383.0,
7950,7950,22,37,"Frozen entree, pasta with broccoli, Alfredo sauce, heated","Met surgelé, pâtes avec brocoli, sauce Alfredo, réchauffé",2026-01-28,,58146393.0,
7951,7951,22,37,"Frozen entree, fried chicken with mashed potatoes, heated","Met surgelé, poulet frit avec pommes de terre en purée, réchauffé",2026-01-28,,,
7952,7952,22,37,"Frozen entree, Asian dish, chicken (breaded or not breaded), rice and vegetables, asian sauce (general tao [tso]), heated","Met surgelé, met asiatique, poulet (pané ou non pané), riz et légumes, sauce asiatique ( général tao [tso]), réchauffé",2026-01-28,,,
7953,7953,22,37,"Frozen entree, Asian dish, beef, rice and vegetables, ginger sauce, heated","Met surgelé, met asiatique, b?uf, riz et légumes, sauce au gingembre, réchauffé",2026-01-28,,,
7954,7954,22,37,"Frozen entree, potatoes, scalloped,  with ham in a creamy sauce, heated","Met surgelé, gratin de pommes de terre et jambon dans une sauce crémeuse, réchauffé",2026-01-28,,71305080.0,
7955,7955,22,37,"Frozen entree, pasta, lasagna (mini noodles) with meat in tomato sauce, heated","Met surgelé, pâtes, lasagne (minis nouilles) à la viande dans une sauce tomate, réchauffé",2026-01-28,,,
7956,7956,22,37,"Frozen entree, pasta, macaroni and cheese, extra rich, heated","Met surgelé, pâtes, macaroni au fromage, extra riche, réchauffé",2026-01-28,,,
7957,7957,22,37,"Frozen entree, pasta, macaroni and cheese, reduced fat, heated","Met surgelé, pâtes, macaroni au fromage, réduit en gras, réchauffé",2026-01-28,,,
7958,7958,22,37,"Frozen entree, meatloaf with potatoes and gravy, heated","Met surgelé, pain de viande avec pommes de terre et sauce, réchauffé",2026-01-28,,28160310.0,
7959,7959,22,37,"Frozen entree, mixed BBQ meats with mashed potatoes and corn, brownie, heated","Met surgelé, mélange de viande BBQ avec pommes de terre en purée et maïs, brownie, réchauffé",2026-01-28,,28141010.0,
7960,7960,22,37,"Frozen entree, pasta, penne, vegetables, creamy sauce, heated","Met surgelé, pâtes, penne, légumes, sauce crémeuse, réchauffé",2026-01-28,,,
7961,7961,22,37,"Frozen entree, Asian dish, chicken with vegetables and pasta, asian sauce (includes teriyaki, thai peanut, chow mein, pad thai, sesame),heated","Met surgelé, met asiatique, poulet avec légumes et pâtes, sauce asiatique (comprend teriyaki, arachide thai, chow mein, pad thai, sésame), réchauffé",2026-01-28,,,
7962,7962,22,37,"Frozen entree, Asian dish, chicken with vegetables and rice, pineapple sauce, heated","Met surgelé, met asiatique, poulet avec légumes et riz, sauce à l'ananas, réchauffé",2026-01-28,,,
7963,7963,22,37,"Frozen entree, pasta, tomato-based sauce and meat, heated","Met surgelé, pâtes, sauce à base de tomates et de viande, réchauffé",2026-01-28,,58146323.0,
7964,7964,22,37,"Frozen entree, pasta, penne with chicken in a creamy sauce, heated","Met surgelé, pâtes, penne au poulet dans une sauce crémeuse, réchauffé",2026-01-28,,58146403.0,
7965,7965,22,37,"Frozen entree, Asian dish, chicken, vegetables and rice, asian sauce (includes sesame, cashew, terriyaki, ginger, thai), heated","Met surgelé, met asiatique, poulet, légumes et riz, sauce asiatique (comprend sésame, cajou, terriyaki, gingembre, thai), réchauffé",2026-01-28,,28141250.0,
7966,7966,22,37,"Frozen entree, Asian dish, chicken, vegetables and rice, sweet and sour sauce, heated","Met surgelé, met asiatique, poulet, légumes et riz, sauce aigre-douce, réchauffé",2026-01-28,,28141250.0,
7967,7967,22,37,"Frozen entree, turkey with potato and gravy, heated","Met surgelé, dinde avec pommes de terre et sauce, réchauffé",2026-01-28,,27241010.0,
7968,7968,22,37,"Frozen entree, Salisbury steak, mashed potatoes and gravy, heated","Met surgelé, bifteck Salisbury, pommes de terre en purée et sauce, réchauffé",2026-01-28,,28110310.0,
7969,7969,22,37,"Frozen entree, Salisbury steak, mashed potatoes, vegetables and gravy, heated","Met surgelé, bifteck Salisbury, pommes de terre en purée, légumes et sauce, réchauffé",2026-01-28,,28110310.0,
7970,7970,22,37,"Frozen entree, Asian dish, vegetables fried rice, heated","Met surgelé, met asiatique, riz frit au légumes, réchauffé",2026-01-28,,,
7971,7971,22,37,"Frozen entree, pasta, lasagna with vegetables, creamy sauce, heated","Met surgelé, pâtes, lasagne au légumes, sauce crémeuse, réchauffé",2026-01-28,,172106.0,
7972,7972,22,37,"Frozen entree, pasta, lasagna, whole-wheat pasta with vegetables, tomato-based sauce, heated","Met surgelé, pâtes, lasagne, pâtes de blé entier avec légumes, sauce à base de tomates, réchauffé",2026-01-28,,172106.0,
7973,7973,22,37,"Frozen entree, Asian dish, pork, asian sauce (includes honey garlic, and sweet & sour), heated","Met surgelé, met asiatique, porc, sauce asiatique (comprend miel et ail, aigre-douce), réchauffé",2026-01-28,,,
7974,7974,22,37,"Pizza, cheese, gluten-free crust, frozen, cooked","Pizza, fromage, croûte sans gluten, congelée, cuite",2026-01-28,,,
7975,7975,22,37,"Pizza, partially skimmed cheese, gluten-free crust, frozen, cooked","Pizza, fromage partiellement écrémé, croûte sans gluten, congelée, cuite",2026-01-28,,,
7976,7976,22,37,"Pizza, soy and dairy free cheeses, gluten-free crust, frozen, cooked","Pizza, mélange de fromage de soya et sans produits laitiers, croûte sans gluten, congelée, cuite",2026-01-28,,,
7977,7977,22,37,"Pizza, cheese and pepperoni, gluten-free crust, frozen, cooked","Pizza, fromage et pepperoni, croûte sans gluten, congelée, cuite",2026-01-28,,,
7978,7978,22,37,"Pizza, cheese, Canadian, thick/regular crust, frozen, cooked","Pizza, fromage, Canadienne, croûte épaisse/régulière, congelée, cuite",2026-01-28,,,
7979,7979,22,37,"Pizza, partially skimmed cheese, Canadian, thick/regular crust, frozen, cooked","Pizza, fromage partiellement écrémé, Canadienne, croûte épaisse/régulière, congelée, cuite",2026-01-28,,,
7980,7980,22,37,"Pizza, cheese, chicken and vegetables, thick/regular crust, frozen, cooked","Pizza, fromage, poulet et légumes, croûte épaisse/régulière, congelée, cuite",2026-01-28,,,
7981,7981,22,37,"Pizza, partially skimmed cheese, chicken and vegetables, thick/regular crust, frozen, cooked","Pizza, fromage partiellement écrémé, poulet et légumes, croûte épaisse/régulière, congelée, cuite",2026-01-28,,,
7982,7982,22,37,"Pizza, cheese,  Deluxe, thick/regular crust, frozen, cooked","Pizza, fromage, Deluxe, croûte épaisse/régulière, congelée, cuite",2026-01-28,,,
7983,7983,22,37,"Pizza, partially skimmed cheese,  Deluxe, thick/regular crust, frozen, cooked","Pizza, fromage partiellement écrémé, Deluxe, croûte épaisse/régulière, congelée, cuite",2026-01-28,,,
7984,7984,22,37,"Pizza, cheese, Hawaiian, thick/regular crust, frozen, cooked","Pizza, fromage, Hawaïenne, croûte épaisse/régulière, congelée, cuite",2026-01-28,,,
7985,7985,22,37,"Pizza, partially skimmed cheese and meat, thick/regular crust, frozen, cooked","Pizza, fromage partiellement écrémé et viande, croûte épaisse/régulière, congelée, cuite",2026-01-28,,,
7986,7986,22,37,"Pizza, partially skimmed cheese and pepperoni, thick/regular crust, frozen, cooked","Pizza, fromage partiellement écrémé et pepperoni, croûte épaisse/régulière, congelée, cuite",2026-01-28,,,
7987,7987,22,37,"Pizza, cheese, vegetarian, thick/regular crust, frozen, cooked","Pizza, fromage, végétarienne, croûte épaisse/régulière, congelée, cuite",2026-01-28,,,
7988,7988,22,37,"Pizza, partially skimmed cheese, thick/regular crust, frozen, cooked","Pizza, fromage partiellement écrémé, croûte épaisse/régulière, congelée, cuite",2026-01-28,,,
7989,7989,22,37,"Pizza, cheese, Canadian, thin crust, frozen, cooked","Pizza, fromage, Canadienne, croûte mince, congelée, cuite",2026-01-28,,,
7990,7990,22,37,"Pizza, partially skimmed cheese, Canadian, thin crust, frozen, cooked","Pizza, fromage partiellement écrémé, Canadienne, croûte mince, congelée, cuite",2026-01-28,,,
7991,7991,22,37,"Pizza, mini, cheese, thin crust, frozen, cooked","Pizza, mini, fromage, croûte mince, congelée, cuite",2026-01-28,,,
7992,7992,22,37,"Pizza, cheese, chicken and vegetables, thin crust, frozen, cooked","Pizza, fromage, poulet et légumes, croûte mince, congelée, cuite",2026-01-28,,,
7993,7993,22,37,"Pizza, partially skimmed cheese, chicken and vegetables, thin crust, frozen, cooked","Pizza, fromage partiellement écrémé, poulet et légumes, croûte mince, congelée, cuite",2026-01-28,,,
7994,7994,22,37,"Pizza, cheese, Deluxe, thin crust, frozen, cooked","Pizza, fromage, Deluxe, croûte mince, congelée, cuite",2026-01-28,,,
7995,7995,22,37,"Pizza, cheese, Hawaiian, thin crust, frozen, cooked","Pizza, fromage, Hawaïenne, croûte mince, congelée, cuite",2026-01-28,,,
7996,7996,22,37,"Pizza, partially skimmed cheese, Hawaiian, thin crust, frozen, cooked","Pizza, fromage partiellement écrémé, Hawaïenne, croûte mince, congelée, cuite",2026-01-28,,,
7997,7997,22,37,"Pizza, cheese and meat, thin crust, frozen, cooked","Pizza, fromage et viande, croûte mince, congelée, cuite",2026-01-28,,,
7998,7998,22,37,"Pizza, partially skimmed cheese and meat, thin crust, frozen, cooked","Pizza, fromage partiellement écrémé et viande, croûte mince, congelée, cuite",2026-01-28,,,
7999,7999,22,37,"Pizza, cheese and mushrooms, thin crust, frozen, cooked","Pizza, fromage et champignons, croûte mince, congelée, cuite",2026-01-28,,,
8000,8000,22,37,"Pizza, partially skimmed cheese and mushrooms, thin crust, frozen, cooked","Pizza, fromage partiellement écrémé et champignons, croûte mince, congelée, cuite",2026-01-28,,,
8001,8001,22,37,"Pizza, cheese and pepperoni, thin crust, frozen, cooked","Pizza, fromage et pepperoni, croûte mince, congelée, cuite",2026-01-28,,,
8002,8002,22,37,"Pizza, partially skimmed cheese and pepperoni, thin crust, frozen, cooked","Pizza, fromage partiellement écrémé et pepperoni, croûte mince, congelée, cuite",2026-01-28,,,
8003,8003,22,37,"Pizza, cheese and spinach, thin crust, frozen, cooked","Pizza, fromage et épinards, croûte mince, congelée, cuite",2026-01-28,,,
8004,8004,22,37,"Pizza, partially skimmed cheese and spinach, thin crust, frozen, cooked","Pizza, fromage partiellement écrémé et épinards, croûte mince, congelée, cuite",2026-01-28,,,
8005,8005,22,37,"Pizza, cheese and vegetable, thin crust, frozen, cooked","Pizza, fromage et légumes, croûte mince, congelée, cuite",2026-01-28,,,
8006,8006,22,37,"Pizza, partially skimmed cheese, thin crust, frozen, cooked","Pizza, fromage partiellement écrémé, croûte mince, congelée, cuite",2026-01-28,,,
8007,8007,3,37,"Babyfood, snack, cereal bar, with fruit and yogourt filling","Aliments pour bébé, grignotises, barre de céréales avec garniture au fruit et yogourt",2026-01-28,,,
8008,8008,3,37,"Babyfood, snack, crunchy puffs, all flavours including cheese -  not fortified","Aliments pour bébé, grignotises, soufflés croquants, toute les saveurs incluant fromage, non enrichie",2026-01-28,,,
8009,8009,3,37,"Babyfood, snack, puffs, all flavours, fortied with calcium, iron, phosphorus and zinc, no salt added","Aliments pour bébé, grignotises, soufflés, toute les saveurs, enrichie en calcium, fer, phosphore et zinc, sans sel ajouté",2026-01-28,,,
8010,8010,3,37,"Babyfood, snack, puffs, all flavours, fortied with calcium and iron","Aliments pour bébé, grignotises, soufflés, toute les saveurs, enrichie en calcium et fer",2026-01-28,,,
8011,8011,3,37,"Energy bar, snack, Clif Kid Zbar, all flavours","Barre énergisante, grignotises, Clif Kid Zbar, toutes les saveurs",2026-01-28,,3000.0,
