FoodID,RefuseID,RefuseAmount,RefuseDateOfEntry
2,750,0.0,1997-05-01
4,750,0.0,1997-05-01
5,750,0.0,1997-05-01
6,750,0.0,1997-05-01
7,750,0.0,1997-05-01
8,750,0.0,1997-05-01
9,750,0.0,1997-05-01
10,750,0.0,1997-05-01
13,750,0.0,1997-05-01
14,750,0.0,1997-05-01
16,750,0.0,1997-05-01
17,750,0.0,1997-05-01
18,750,0.0,1997-05-01
19,750,0.0,1997-05-01
20,750,0.0,1997-05-01
21,750,0.0,1997-05-01
22,750,0.0,1997-05-01
23,750,0.0,1997-05-01
24,750,0.0,1997-05-01
25,750,0.0,1997-05-01
26,750,0.0,1997-05-01
27,750,0.0,1997-05-01
28,750,0.0,1997-05-01
29,750,0.0,1997-05-01
30,750,0.0,1997-05-01
31,750,0.0,1997-05-01
32,750,0.0,1997-05-01
33,750,0.0,1997-05-01
34,750,0.0,1997-05-01
35,750,0.0,1997-05-01
37,750,0.0,1997-05-01
38,750,0.0,1997-05-01
39,750,0.0,1997-05-01
40,750,0.0,1997-05-01
41,750,0.0,1997-05-01
42,750,0.0,1997-05-01
43,750,0.0,1997-05-01
44,750,0.0,1997-05-01
45,750,0.0,1997-05-01
46,750,0.0,1997-05-01
47,750,0.0,1997-05-01
48,750,0.0,1997-05-01
51,750,0.0,1997-05-01
52,750,0.0,1997-05-01
54,750,0.0,1997-05-01
55,750,0.0,1997-05-01
56,750,0.0,1997-05-01
57,750,0.0,1997-05-01
58,750,0.0,1997-05-01
59,750,0.0,1997-05-01
60,750,0.0,1997-05-01
61,750,0.0,1997-05-01
63,750,0.0,1997-05-01
66,750,0.0,1997-05-01
67,750,0.0,1997-05-01
68,750,0.0,1997-05-01
69,750,0.0,1997-05-01
70,750,0.0,1997-05-01
71,750,0.0,1997-05-01
72,750,0.0,1997-05-01
73,750,0.0,1997-05-01
74,750,0.0,1997-05-01
75,750,0.0,1997-05-01
76,750,0.0,1997-05-01
77,750,0.0,1997-05-01
78,750,0.0,1997-05-01
79,750,0.0,1997-05-01
80,750,0.0,1997-05-01
83,750,0.0,1997-05-01
84,750,0.0,1997-05-01
85,750,0.0,1997-05-01
86,750,0.0,1997-05-01
87,750,0.0,1997-05-01
88,750,12.0,1997-05-01
89,750,13.0,1997-05-01
90,750,8.0,1997-05-01
91,750,12.0,1997-05-01
92,750,0.0,1997-05-01
93,750,0.0,1997-05-01
96,750,0.0,1997-05-01
97,750,0.0,1997-05-01
98,750,0.0,1997-05-01
100,750,0.0,1997-05-01
101,750,0.0,1997-05-01
102,750,0.0,1997-05-01
103,750,0.0,1997-05-01
104,750,0.0,1997-05-01
105,750,0.0,1997-05-01
106,750,0.0,1997-05-01
107,750,0.0,1997-05-01
108,750,0.0,1997-05-01
109,750,0.0,1997-05-01
110,750,0.0,1997-05-01
111,750,0.0,1997-05-01
112,750,0.0,1997-05-01
113,750,0.0,1997-05-01
114,750,0.0,1997-05-01
115,750,0.0,1997-05-01
116,750,0.0,1997-05-01
118,750,0.0,1997-05-01
119,750,0.0,1997-05-01
120,750,0.0,1997-05-01
122,750,0.0,1997-05-01
123,750,0.0,1997-05-01
124,750,0.0,1997-05-01
125,750,12.0,2019-11-27
126,750,0.0,1997-05-01
127,750,0.0,1997-05-01
129,750,0.0,1997-05-01
130,750,12.0,1997-05-01
132,750,0.0,1997-05-01
133,750,0.0,1997-05-01
134,750,0.0,1997-05-01
136,750,0.0,1997-05-01
137,750,0.0,1997-05-01
138,750,0.0,1997-05-01
139,750,0.0,1997-05-01
140,750,0.0,1997-05-01
147,750,0.0,1997-05-01
150,750,0.0,1997-05-01
151,750,0.0,1997-05-01
152,750,0.0,1997-05-01
160,750,0.0,1997-05-01
164,750,0.0,1997-05-01
169,750,0.0,1997-05-01
170,750,0.0,1997-05-01
171,750,0.0,1997-05-01
172,750,0.0,1997-05-01
173,750,0.0,1997-05-01
174,750,0.0,1997-05-01
175,750,0.0,1997-05-01
176,750,0.0,1997-05-01
177,750,0.0,1997-05-01
178,750,0.0,1997-05-01
179,750,0.0,1997-05-01
180,750,0.0,1997-05-01
181,750,0.0,1997-05-01
182,750,0.0,1997-05-01
183,750,0.0,1997-05-01
184,750,0.0,1997-05-01
185,750,0.0,1997-05-01
186,750,0.0,1997-05-01
187,750,0.0,1997-05-01
188,750,0.0,1997-05-01
189,750,0.0,1997-05-01
190,750,0.0,1997-05-01
191,750,0.0,1997-05-01
192,750,0.0,1997-05-01
193,750,0.0,1997-05-01
194,750,0.0,1997-05-01
195,750,0.0,1997-05-01
196,750,0.0,1997-05-01
197,750,0.0,1997-05-01
198,750,0.0,1997-05-01
199,750,0.0,1997-05-01
200,750,0.0,1997-05-01
201,750,0.0,1997-05-01
202,750,0.0,1997-05-01
203,750,0.0,1997-05-01
204,750,0.0,1997-05-01
205,750,0.0,1997-05-01
206,750,0.0,1997-05-01
207,750,0.0,1997-05-01
209,750,0.0,1997-05-01
210,750,0.0,1997-05-01
211,750,0.0,1997-05-01
212,754,36.0,1998-02-19
212,750,36.0,1997-05-01
213,750,41.0,1997-05-01
214,750,0.0,1997-05-01
215,750,32.0,2003-12-01
215,805,32.0,2003-12-01
216,750,0.0,1997-05-01
217,750,0.0,1997-05-01
218,750,0.0,1997-05-01
219,750,0.0,1997-05-01
232,750,0.0,1997-05-01
283,750,0.0,1997-05-01
285,750,0.0,1997-05-01
286,750,0.0,1997-05-01
287,750,0.0,1997-05-01
291,750,0.0,1997-05-01
293,750,0.0,1997-05-01
394,750,0.0,1997-05-01
414,750,0.0,1997-05-01
415,750,0.0,1997-05-01
416,750,0.0,1997-05-01
417,750,0.0,1997-05-01
418,750,0.0,1997-05-01
419,750,0.0,1997-05-01
420,750,0.0,1997-05-01
422,750,0.0,1997-05-01
423,750,0.0,1997-05-01
424,750,0.0,1997-05-01
426,750,0.0,1997-05-01
428,750,0.0,1997-05-01
429,750,0.0,1997-05-01
430,750,0.0,1997-05-01
432,750,0.0,1997-05-01
433,750,0.0,1997-05-01
434,750,0.0,1997-05-01
435,750,0.0,1997-05-01
436,750,0.0,1997-05-01
437,750,0.0,1997-05-01
438,750,0.0,1997-05-01
439,750,0.0,1997-05-01
440,750,0.0,1997-05-01
441,750,0.0,1997-05-01
442,750,0.0,1997-05-01
443,750,0.0,1997-05-01
444,750,0.0,1997-05-01
445,750,0.0,1997-05-01
446,750,0.0,1997-05-01
447,750,0.0,1997-05-01
448,750,0.0,1997-05-01
449,750,0.0,1997-05-01
450,750,0.0,1997-05-01
451,750,0.0,1997-05-01
452,750,0.0,1997-05-01
453,750,0.0,1997-05-01
454,750,0.0,1997-05-01
456,750,0.0,1997-05-01
457,750,0.0,1997-05-01
458,750,0.0,1997-05-01
459,750,0.0,1997-05-01
460,750,0.0,1997-05-01
461,750,0.0,1997-05-01
462,750,0.0,1997-05-01
463,750,0.0,1997-05-01
464,750,0.0,1997-05-01
524,750,0.0,1997-05-01
525,750,0.0,1997-05-01
526,750,0.0,1997-05-01
527,750,0.0,1997-05-01
528,750,0.0,1997-05-01
529,750,0.0,1997-05-01
530,750,0.0,1997-05-01
531,750,0.0,1997-05-01
532,750,0.0,1997-05-01
533,750,0.0,1997-05-01
534,750,0.0,1997-05-01
535,750,0.0,1997-05-01
539,750,0.0,1997-05-01
550,750,0.0,1997-05-01
552,750,0.0,1997-05-01
555,750,31.0,1997-05-01
555,751,31.0,2000-10-12
556,750,21.0,1997-05-01
556,751,21.0,2000-10-12
557,750,28.0,1997-05-01
557,751,28.0,2000-10-12
558,750,31.0,1997-05-01
558,751,31.0,2000-10-12
559,750,33.0,1997-05-01
559,751,33.0,2000-10-12
560,750,32.0,1997-05-01
560,751,32.0,2000-10-12
561,750,22.0,1997-05-01
561,751,22.0,2000-10-12
562,750,29.0,1997-05-01
562,751,29.0,2000-10-12
563,750,33.0,1997-05-01
563,751,33.0,2000-10-12
564,750,34.0,1997-05-01
564,751,34.0,2000-10-12
565,750,52.0,1997-05-01
565,751,32.0,2000-10-12
565,752,12.0,2000-10-12
565,758,8.0,2000-10-12
566,750,42.0,1997-05-01
566,751,29.0,2000-10-13
566,752,13.0,2000-10-13
567,750,46.0,1997-05-01
567,751,33.0,2000-10-13
567,752,13.0,2000-10-13
568,750,48.0,1997-05-01
568,751,34.0,2000-10-13
568,752,14.0,2000-10-13
569,750,0.0,1997-05-01
570,750,0.0,1997-05-01
571,750,0.0,1997-05-01
572,750,0.0,1997-05-01
573,750,0.0,1997-05-01
574,750,0.0,1997-05-01
575,750,0.0,1997-05-01
576,750,0.0,1997-05-01
577,750,0.0,1997-05-01
578,750,0.0,1997-05-01
579,750,0.0,1997-05-01
580,750,28.0,1997-05-01
580,751,28.0,2000-10-13
581,750,21.0,1997-05-01
581,751,21.0,2000-10-13
582,750,28.0,1997-05-01
582,751,28.0,2000-10-13
583,750,29.0,1997-05-01
583,751,29.0,2000-10-13
584,750,29.0,1997-05-01
584,751,29.0,2000-10-13
585,750,35.0,1997-05-01
585,751,35.0,2000-10-13
586,750,23.0,1997-05-01
586,751,23.0,2000-10-13
587,750,30.0,1997-05-01
587,751,30.0,2000-10-13
588,750,36.0,1997-05-01
588,751,36.0,1997-11-25
589,750,38.0,1997-05-01
589,751,38.0,2000-10-13
590,750,45.0,1997-05-01
590,751,28.0,2000-10-13
590,752,13.0,2000-10-13
590,758,4.0,2000-10-13
591,750,41.0,1997-05-01
591,751,28.0,2000-10-13
591,752,13.0,2000-10-13
592,750,42.0,1997-05-01
592,751,29.0,2000-10-12
592,752,13.0,2000-10-12
593,750,44.0,1997-05-01
593,751,29.0,2000-10-13
593,752,15.0,2000-10-13
594,750,56.0,1997-05-01
594,751,35.0,2000-10-13
594,752,11.0,2000-10-13
594,758,10.0,2000-10-13
595,750,42.0,1997-05-01
595,751,30.0,2000-10-13
595,752,12.0,2000-10-13
596,750,48.0,1997-05-01
596,751,36.0,2000-10-13
596,752,12.0,2000-10-13
597,750,52.0,1997-05-01
597,751,38.0,2000-10-13
597,752,14.0,2000-10-13
598,750,23.0,1997-05-01
598,751,23.0,2000-10-13
599,750,33.0,1997-05-01
599,751,33.0,2000-10-13
600,750,46.0,1997-05-01
600,751,33.0,2000-10-13
600,752,13.0,2000-10-13
601,750,12.0,1997-05-01
601,751,12.0,2000-10-13
602,750,17.0,1997-05-01
602,751,17.0,2000-10-13
603,750,27.0,1997-05-01
603,751,17.0,2000-10-13
603,752,10.0,2000-10-13
604,750,26.0,1997-05-01
604,751,26.0,2000-10-13
605,750,34.0,1997-05-01
605,751,34.0,2000-10-13
606,750,44.0,1997-05-01
606,751,34.0,2000-10-13
606,752,10.0,2000-10-13
607,750,27.0,1997-05-01
607,751,27.0,2000-10-13
608,750,22.0,1997-05-01
608,751,22.0,2000-10-13
609,750,28.0,1997-05-01
609,751,28.0,2000-10-13
610,750,29.0,1997-05-01
610,751,29.0,2000-10-13
611,750,30.0,1997-05-01
611,751,30.0,2000-10-13
612,750,43.0,1997-05-01
612,751,27.0,2000-10-13
612,752,11.0,2000-10-13
612,758,5.0,2000-10-13
613,750,40.0,1997-05-01
613,751,28.0,2000-10-13
613,752,12.0,2000-10-13
614,750,41.0,1997-05-01
614,751,29.0,2000-10-13
614,752,12.0,2000-10-13
615,750,43.0,1997-05-01
615,751,30.0,2000-10-13
615,752,13.0,2000-10-13
616,750,36.0,2001-08-15
616,751,36.0,2000-10-13
617,750,25.0,1997-05-01
617,751,25.0,2000-10-13
618,750,29.0,1997-05-01
618,751,29.0,2000-10-13
619,750,32.0,1997-05-01
619,751,32.0,2000-10-13
620,750,75.0,1997-05-01
620,751,36.0,2000-10-13
620,759,39.0,2000-10-13
621,750,56.0,1997-05-01
621,751,29.0,2000-10-13
621,752,27.0,2000-10-13
622,750,67.0,2001-08-15
622,751,32.0,2000-10-13
622,752,35.0,2000-10-13
623,750,19.0,1997-05-01
623,751,19.0,2000-10-13
624,750,23.0,1997-05-01
624,751,23.0,2000-10-13
625,750,36.0,1997-05-01
625,751,23.0,2000-10-13
625,752,13.0,2000-10-13
626,750,46.0,2001-08-15
626,751,46.0,2000-10-13
627,750,38.0,1997-05-01
627,751,38.0,2000-10-13
628,750,47.0,2000-10-13
628,751,47.0,2000-10-13
629,750,48.0,1997-05-01
629,751,48.0,2000-10-13
630,750,48.0,2001-08-15
630,751,48.0,2000-10-13
631,750,68.0,1997-05-01
631,751,46.0,2000-10-13
631,752,21.0,2000-10-13
631,758,1.0,2000-10-13
632,750,66.0,1997-05-01
632,751,47.0,2000-10-13
632,752,19.0,2000-10-13
633,750,68.0,1997-05-01
633,751,48.0,2000-10-13
633,752,20.0,2000-10-13
634,750,68.0,1997-05-01
634,751,48.0,2000-10-13
634,752,20.0,2000-10-13
635,750,27.0,1997-05-01
635,751,27.0,2000-10-13
636,750,29.0,1997-05-01
636,751,29.0,2000-10-13
638,750,30.0,1997-05-01
638,751,30.0,2000-10-13
639,750,49.0,1997-05-01
639,751,28.0,2000-10-13
639,752,14.0,2000-10-13
639,758,7.0,2000-10-13
640,750,43.0,1997-05-01
640,751,30.0,2000-10-13
640,752,12.0,2000-10-13
640,758,1.0,2000-10-13
641,750,0.0,1997-05-01
642,750,0.0,1997-05-01
643,750,43.0,1997-05-01
643,751,26.0,2000-10-13
643,752,13.0,2000-10-13
643,758,4.0,2000-10-13
644,750,40.0,1997-05-01
644,751,24.0,2000-10-13
644,752,16.0,2000-10-13
645,750,32.0,1997-05-01
645,751,27.0,2023-05-26
645,758,5.0,2000-10-13
646,750,31.0,2001-08-15
646,751,29.0,2000-10-13
646,752,2.0,2000-10-13
647,750,30.0,1997-05-01
647,751,30.0,2000-10-13
648,750,32.0,1997-05-01
648,751,32.0,2000-10-13
649,750,50.0,1997-05-01
649,751,30.0,2000-10-13
649,752,12.0,2000-10-13
649,758,8.0,2000-10-13
650,750,0.0,1997-05-01
651,750,0.0,1997-05-01
652,750,44.0,1997-05-01
652,751,26.0,2000-10-13
652,752,14.0,2000-10-13
652,758,4.0,2000-10-13
653,750,42.0,1997-05-01
653,751,26.0,2000-10-13
653,752,16.0,2000-10-13
654,750,54.0,1997-05-01
654,751,33.0,2000-10-13
654,752,11.0,2000-10-13
654,758,10.0,2000-10-13
655,750,51.0,1997-05-01
655,751,36.0,2000-10-13
655,752,15.0,2000-10-13
656,750,27.0,1997-05-01
656,751,27.0,2000-10-13
657,750,28.0,1997-05-01
657,751,28.0,2000-10-13
658,750,28.0,1997-05-01
658,751,28.0,2000-10-13
659,750,29.0,1997-05-01
659,751,29.0,2000-10-13
660,750,0.0,1997-05-01
661,750,0.0,1997-05-01
662,750,28.0,2001-08-15
662,751,28.0,2000-10-13
663,750,35.0,1997-05-01
663,751,35.0,2000-10-13
664,750,66.0,1997-05-01
664,751,28.0,2000-10-13
664,759,38.0,2000-10-13
665,750,62.0,1997-05-01
665,751,35.0,2000-10-13
665,759,27.0,2000-10-13
666,750,0.0,1997-05-01
667,750,40.0,2001-08-15
667,751,38.0,2000-10-13
667,760,2.0,2000-10-13
668,750,46.0,1997-05-01
668,751,15.0,2000-10-13
668,759,31.0,2000-10-13
669,750,19.0,1997-05-01
669,751,19.0,2000-10-13
670,750,28.0,1997-05-01
670,751,28.0,2000-10-13
671,750,53.0,1997-05-01
671,751,19.0,2000-10-13
671,759,34.0,2000-10-13
672,750,45.0,1997-05-01
672,751,28.0,2000-10-13
672,759,17.0,2000-10-13
673,750,0.0,1997-05-01
674,750,17.0,2001-08-15
674,751,17.0,2000-10-13
675,750,36.0,1997-05-01
675,751,17.0,2000-10-13
675,759,19.0,2000-10-13
676,750,14.0,1997-05-01
676,751,14.0,2000-10-13
677,750,24.0,1997-05-01
677,751,14.0,2000-10-13
677,752,10.0,2000-10-13
678,750,0.0,2001-10-09
679,750,0.0,2001-10-09
680,750,10.0,2001-08-15
680,751,10.0,2000-10-13
681,750,24.0,1997-05-01
681,751,10.0,2000-10-13
681,752,14.0,2000-10-13
682,750,0.0,2001-10-09
683,750,23.0,1997-05-01
683,751,23.0,2000-10-13
684,750,35.0,1997-05-01
684,751,23.0,2000-10-13
684,752,12.0,2000-10-13
685,750,0.0,2001-10-09
688,750,36.0,2015-06-05
688,751,36.0,2015-06-05
689,750,32.0,2015-06-05
689,751,32.0,2015-06-05
690,750,43.0,2015-06-05
690,751,37.0,2015-06-05
690,752,6.0,2015-06-05
691,750,38.0,2015-06-05
691,751,32.0,2015-06-05
691,752,6.0,2015-06-05
692,750,0.0,1997-05-01
693,750,0.0,1997-05-01
694,750,0.0,1997-05-01
695,750,0.0,2003-05-21
696,750,0.0,1997-05-01
697,750,0.0,2003-05-21
698,750,0.0,1997-05-01
699,750,0.0,1997-05-01
700,750,0.0,1997-05-01
701,750,0.0,1997-05-01
702,750,42.0,1997-05-01
702,751,42.0,2000-10-13
703,750,41.0,1997-05-01
703,751,41.0,2000-10-13
704,750,31.8,2010-03-18
704,751,31.8,2010-03-18
705,750,27.36,2010-03-23
705,751,27.36,2010-03-23
706,750,42.76,2010-03-19
706,751,42.76,2010-03-19
707,750,37.79,2010-03-23
707,751,37.79,2010-03-23
708,750,38.08,2010-03-18
708,751,31.8,2010-03-18
708,752,6.28,2010-03-18
709,750,33.86,2010-03-23
709,751,27.36,2010-03-23
709,752,6.5,2010-03-23
710,750,48.64,2010-03-19
710,751,42.76,2010-03-19
710,752,5.88,2010-03-19
711,750,43.23,2010-03-23
711,751,37.79,2010-03-23
711,752,5.43,2010-03-23
712,750,70.87,2010-03-19
712,751,70.87,2010-03-19
713,750,62.01,2010-03-23
713,751,62.01,2010-03-23
714,750,26.71,2010-03-19
714,751,26.71,2010-03-19
715,750,21.85,2010-03-23
715,751,21.85,2010-03-23
716,750,31.85,2010-03-19
716,751,31.85,2010-03-19
717,750,28.67,2010-03-23
717,751,28.67,2010-03-23
718,750,48.26,2010-03-19
718,751,48.26,2010-03-19
719,750,45.67,2010-03-23
719,751,45.67,2010-03-23
722,750,35.0,2010-03-05
722,751,35.0,2010-03-05
723,750,32.0,2010-03-23
723,751,32.0,2010-03-23
724,750,42.0,2010-03-05
724,751,35.0,2010-03-05
724,752,7.0,2010-03-05
725,750,38.0,2010-03-23
725,751,32.0,2010-03-23
725,752,6.0,2010-03-23
728,750,31.0,2010-03-23
728,751,31.0,2010-03-23
729,750,27.0,2010-03-23
729,751,27.0,2010-03-23
730,750,41.0,2010-03-23
730,751,41.0,2010-03-23
731,750,38.0,2010-03-23
731,751,38.0,2010-03-23
732,750,38.0,2010-03-23
732,751,31.0,2010-03-23
732,752,7.0,2010-03-23
733,750,34.0,2010-03-23
733,751,27.0,2010-03-23
733,752,6.0,2010-03-23
734,750,47.0,2010-03-23
734,751,41.0,2010-03-23
734,752,6.0,2010-03-23
735,750,44.0,2010-03-23
735,751,38.0,2010-03-23
735,752,6.0,2010-03-23
740,750,24.0,2010-03-23
740,751,24.0,2010-03-23
741,750,21.0,2010-03-23
741,751,21.0,2010-03-23
742,750,29.0,2010-03-23
742,751,24.0,2010-03-23
742,752,5.0,2010-03-23
743,750,26.0,2010-03-23
743,751,21.0,2010-03-23
743,752,5.0,2010-03-23
744,750,31.0,2010-03-23
744,751,31.0,2010-03-23
745,750,30.0,2010-03-23
745,751,30.0,2010-03-23
746,750,37.0,2010-03-23
746,751,31.0,2010-03-23
746,752,6.0,2010-03-23
747,750,36.0,2010-03-23
747,751,30.0,2010-03-23
747,752,6.0,2010-03-23
748,750,49.0,2010-03-23
748,751,49.0,2010-03-23
749,750,47.0,2010-03-23
749,751,47.0,2010-03-23
750,750,62.0,2010-03-23
750,751,49.0,2010-03-23
750,752,13.0,2010-03-23
751,750,58.0,2010-03-23
751,751,47.0,2010-03-23
751,752,11.0,2010-03-23
754,750,34.0,2010-03-04
754,751,34.0,2010-03-04
755,750,31.0,2010-03-17
755,751,31.0,2010-03-17
756,750,41.0,2010-02-03
756,751,34.0,2010-02-03
756,752,7.0,2010-02-03
757,750,36.0,2010-03-22
757,751,31.0,2010-03-17
757,752,5.0,2010-03-17
760,750,28.0,2010-03-04
760,751,28.0,2010-03-04
761,750,27.0,2010-03-17
761,751,27.0,2010-03-17
762,750,42.0,2010-03-04
762,751,42.0,2010-03-04
763,750,37.0,2010-03-15
763,751,37.0,2010-03-15
764,750,35.0,2010-02-03
764,751,28.0,2010-02-03
764,752,7.0,2010-02-03
765,750,33.0,2010-03-17
765,751,27.0,2010-03-17
765,752,6.0,2010-03-17
766,750,49.0,2010-02-03
766,751,42.0,2010-02-03
766,752,7.0,2010-02-03
767,750,42.0,2010-03-17
767,751,37.0,2010-03-17
767,752,5.0,2010-03-17
770,750,23.0,2010-03-04
770,751,23.0,2010-03-04
771,750,22.0,2010-03-17
771,751,22.0,2010-03-17
772,750,31.0,2010-03-04
772,751,31.0,2010-03-04
773,750,27.0,2010-03-17
773,751,27.0,2010-03-17
774,750,44.0,2010-03-04
774,751,44.0,2010-03-04
775,750,45.0,2010-03-17
775,751,45.0,2010-03-17
778,750,39.0,2010-03-23
778,751,39.0,2010-03-23
779,750,32.0,2010-03-23
779,751,32.0,2010-03-23
780,750,44.0,2010-03-23
780,751,39.0,2010-03-23
780,752,5.0,2010-03-23
781,750,38.0,2010-03-23
781,751,32.0,2010-03-23
781,752,6.0,2010-03-23
784,750,34.0,2010-03-23
784,751,34.0,2010-03-23
785,750,28.0,2010-03-23
785,751,28.0,2010-03-23
786,750,44.0,2010-03-23
786,751,44.0,2010-03-23
787,750,38.0,2010-03-23
787,751,38.0,2010-03-23
788,750,40.0,2010-03-23
788,752,6.0,2010-03-23
788,751,34.0,2010-03-23
789,750,35.0,2010-03-23
789,752,7.0,2010-03-23
789,751,28.0,2010-03-23
790,750,49.0,2010-03-23
790,751,44.0,2010-03-23
790,752,5.0,2010-03-23
791,750,44.0,2010-03-23
791,751,38.0,2010-03-23
791,752,6.0,2010-03-23
794,750,29.0,2010-03-23
794,751,29.0,2010-03-23
795,750,22.0,2010-03-23
795,751,22.0,2010-03-23
796,750,33.0,2010-03-23
796,751,33.0,2010-03-23
797,750,29.0,2010-03-23
797,751,29.0,2010-03-23
798,750,51.0,2010-03-23
798,751,51.0,2010-03-23
799,750,46.0,2010-03-23
799,751,46.0,2010-03-23
800,750,0.0,1997-05-01
802,750,0.0,1997-05-01
804,750,0.0,1997-05-01
810,750,0.0,1997-05-01
811,750,0.0,1997-05-01
812,750,0.0,1997-05-01
813,750,0.0,1997-05-01
815,750,0.0,1997-05-01
816,750,0.0,2001-10-09
817,750,39.0,1997-05-01
817,751,39.0,2003-12-15
818,750,37.0,2003-12-15
818,751,37.0,2003-12-15
819,750,57.0,1997-05-01
819,751,39.0,2003-12-15
819,752,13.0,2003-12-15
819,758,5.0,2003-12-15
820,750,46.0,2003-12-15
820,751,37.0,2003-12-15
820,752,9.0,2003-12-15
821,750,48.0,1997-05-01
821,751,32.0,2003-12-15
821,752,16.0,2003-12-15
822,750,0.0,1997-05-01
823,750,0.0,1997-05-01
824,750,0.0,1997-05-01
831,750,0.0,1997-05-01
832,750,44.0,2014-09-25
832,786,44.0,2014-09-25
833,750,47.0,2014-09-25
833,786,47.0,2014-09-25
834,750,48.0,2014-09-25
834,786,48.0,2014-09-25
835,750,71.0,2014-09-26
835,752,10.0,2014-09-26
835,758,17.0,2014-09-26
835,786,44.0,2014-09-26
836,750,60.0,2014-09-26
836,752,13.0,2014-09-26
836,786,47.0,2014-09-26
837,750,64.0,2014-09-26
837,752,16.0,2014-09-26
837,786,48.0,2014-09-26
838,750,20.0,2014-09-22
838,786,20.0,2014-09-22
839,750,19.0,2014-09-22
839,786,19.0,2014-09-22
840,750,18.0,2014-09-24
840,786,18.0,2014-09-24
841,750,0.0,2014-09-22
842,750,28.0,2014-09-22
842,752,9.0,2014-09-22
842,786,19.0,2014-09-22
843,750,30.0,2014-09-22
843,752,12.0,2014-09-22
843,786,18.0,2014-09-22
844,750,66.0,2014-09-22
844,1450,33.0,2014-09-22
844,502433,33.0,2014-09-22
845,750,61.0,2014-09-23
845,502433,33.0,2014-09-23
845,1450,28.0,2014-09-23
846,750,36.0,2014-09-23
846,786,36.0,2014-09-23
847,750,42.0,2014-09-23
847,759,9.0,2014-09-23
847,786,33.0,2014-09-23
848,750,40.0,2014-09-23
848,759,7.0,2014-09-23
848,502433,33.0,2014-09-23
849,750,48.0,2015-06-05
849,752,12.0,2015-06-05
849,786,36.0,2015-06-05
850,750,30.0,2014-09-24
850,502433,15.0,2014-09-24
850,1450,15.0,2014-09-24
851,750,33.0,2014-09-24
851,502433,17.0,2014-09-24
851,1450,16.0,2014-09-24
852,750,24.0,2014-09-24
852,786,24.0,2014-09-24
853,750,40.0,2014-09-24
853,752,25.0,2014-09-24
853,1450,15.0,2014-09-24
854,750,48.0,2014-09-24
854,759,15.0,2014-09-24
854,502433,17.0,2014-09-24
855,750,39.0,2014-09-24
855,752,15.0,2014-09-24
855,786,24.0,2014-09-24
886,750,0.0,1997-05-01
887,750,0.0,1997-05-01
918,750,0.0,2001-10-22
919,750,0.0,2002-10-28
923,750,0.0,1997-05-01
924,750,0.0,1997-05-01
926,750,0.0,1997-05-01
927,750,0.0,1997-05-01
928,750,0.0,1997-05-01
929,750,0.0,1997-05-01
930,750,0.0,1997-05-01
931,750,0.0,1997-05-01
932,750,0.0,1997-05-01
933,750,0.0,1997-05-01
934,750,0.0,1997-05-01
935,750,0.0,1997-05-01
936,750,0.0,1997-05-01
937,750,0.0,1997-05-01
938,750,0.0,1997-05-01
939,750,0.0,1997-05-01
940,750,0.0,1997-05-01
944,750,0.0,1997-05-01
945,750,0.0,1997-05-01
946,750,0.0,1997-05-01
947,750,0.0,1997-05-01
948,750,0.0,1997-05-01
949,750,0.0,1997-05-01
950,750,0.0,1997-05-01
951,750,0.0,1997-05-01
953,750,0.0,1997-05-01
954,750,0.0,1997-05-01
957,750,0.0,1997-05-01
958,750,0.0,1997-05-01
961,750,0.0,1997-05-01
963,750,0.0,1997-05-01
964,750,0.0,1997-05-01
965,750,0.0,1997-05-01
966,750,0.0,1997-05-01
967,750,0.0,1997-05-01
968,750,0.0,1997-05-01
969,750,0.0,1997-05-01
970,750,0.0,1997-05-01
971,750,0.0,1997-05-01
972,750,0.0,1997-05-01
973,750,0.0,1997-05-01
974,750,0.0,1997-05-01
975,750,0.0,1997-05-01
976,750,0.0,1997-05-01
980,750,0.0,1997-05-01
981,750,0.0,1997-05-01
982,750,0.0,1997-05-01
983,750,0.0,1997-05-01
984,750,0.0,1997-05-01
985,750,0.0,1997-05-01
986,750,0.0,1997-05-01
987,750,0.0,1997-05-01
988,750,0.0,1997-05-01
994,750,0.0,1997-05-01
997,750,0.0,1997-05-01
999,750,0.0,1997-05-01
1000,750,0.0,1997-05-01
1001,750,0.0,1997-05-01
1002,750,0.0,1997-05-01
1003,750,0.0,1997-05-01
1004,750,0.0,1997-05-01
1005,750,0.0,1997-05-01
1006,750,0.0,1997-05-01
1007,750,0.0,1997-05-01
1008,750,0.0,1997-05-01
1009,750,0.0,1997-05-01
1010,750,0.0,1997-05-01
1011,750,0.0,1997-05-01
1012,750,0.0,1997-05-01
1017,750,0.0,1997-05-01
1025,750,0.0,1997-05-01
1026,750,0.0,1997-05-01
1027,750,0.0,1997-05-01
1028,750,0.0,1997-05-01
1029,750,0.0,1997-05-01
1030,750,0.0,1997-05-01
1046,750,0.0,1997-05-01
1047,750,0.0,1997-05-01
1049,750,0.0,1997-05-01
1050,750,0.0,1997-05-01
1051,750,0.0,1997-05-01
1052,750,0.0,1997-05-01
1053,750,0.0,1997-05-01
1054,750,0.0,1997-05-01
1055,750,0.0,1997-05-01
1056,750,0.0,1997-05-01
1057,750,0.0,1997-05-01
1060,750,0.0,1997-05-01
1061,750,0.0,1997-05-01
1062,750,0.0,1997-05-01
1063,750,0.0,1997-05-01
1064,750,0.0,1997-05-01
1065,750,0.0,1997-05-01
1067,750,0.0,1997-05-01
1068,750,0.0,1997-05-01
1071,750,0.0,1997-05-01
1075,750,0.0,1997-05-01
1076,750,0.0,1997-05-01
1077,750,0.0,1997-05-01
1078,750,0.0,1997-05-01
1079,750,0.0,1997-05-01
1080,750,0.0,1997-05-01
1081,750,0.0,1997-05-01
1082,750,0.0,1997-05-01
1083,750,0.0,1997-05-01
1084,750,0.0,1997-05-01
1085,750,0.0,1997-05-01
1086,750,0.0,1997-05-01
1087,750,0.0,1997-05-01
1089,750,0.0,1997-05-01
1090,750,0.0,1997-05-01
1091,750,0.0,1997-05-01
1092,750,0.0,1997-05-01
1093,750,0.0,1997-05-01
1094,750,0.0,1997-05-01
1095,750,0.0,1997-05-01
1096,750,0.0,1997-05-01
1097,750,0.0,1997-05-01
1108,750,0.0,1997-05-01
1116,750,0.0,1997-05-01
1117,750,0.0,1997-05-01
1118,750,0.0,1997-05-01
1119,750,0.0,1997-05-01
1120,750,0.0,1997-05-01
1121,750,0.0,1997-05-01
1124,750,0.0,1997-05-01
1125,750,0.0,1997-05-01
1126,750,0.0,1997-05-01
1127,750,0.0,1997-05-01
1128,750,0.0,1997-05-01
1130,750,0.0,1997-05-01
1131,750,0.0,1997-05-01
1133,750,0.0,1997-05-01
1135,750,0.0,1997-05-01
1139,750,0.0,1997-05-01
1140,750,0.0,1997-05-01
1142,750,0.0,1997-05-01
1143,750,0.0,1997-05-01
1144,750,0.0,1997-05-01
1147,750,0.0,1997-05-01
1148,750,0.0,1997-05-01
1151,750,0.0,1997-05-01
1152,750,0.0,1997-05-01
1153,750,0.0,1997-05-01
1154,750,0.0,1997-05-01
1157,750,0.0,1997-05-01
1158,750,0.0,1997-05-01
1159,750,0.0,1997-05-01
1160,750,0.0,1997-05-01
1161,750,0.0,1997-05-01
1164,750,0.0,1997-05-01
1166,750,0.0,1997-05-01
1167,750,0.0,1997-05-01
1171,750,0.0,1997-05-01
1172,750,0.0,1997-05-01
1174,750,0.0,1997-05-01
1175,750,0.0,1997-05-01
1178,750,0.0,1997-05-01
1179,750,0.0,1997-05-01
1182,750,0.0,1997-05-01
1183,750,0.0,1997-05-01
1184,750,0.0,1997-05-01
1185,750,0.0,1997-05-01
1187,750,0.0,1997-05-01
1190,750,0.0,1997-05-01
1192,750,0.0,1997-05-01
1198,750,0.0,1997-05-01
1199,750,0.0,1997-05-01
1200,750,0.0,1997-05-01
1202,750,0.0,1997-05-01
1207,750,0.0,1997-05-01
1212,750,0.0,1997-05-01
1216,750,0.0,1997-05-01
1217,750,0.0,1997-05-01
1220,750,0.0,1997-05-01
1222,750,0.0,1997-05-01
1223,750,0.0,1997-05-01
1224,750,0.0,1997-05-01
1225,750,0.0,1997-05-01
1228,750,0.0,1997-05-01
1229,750,0.0,2001-10-09
1230,750,0.0,1997-05-01
1231,750,0.0,1997-05-01
1232,750,0.0,1997-05-01
1235,750,0.0,1997-05-01
1236,750,0.0,1997-05-01
1238,750,0.0,1997-05-01
1239,750,0.0,1997-05-01
1240,750,0.0,1997-05-01
1242,750,0.0,1997-05-01
1244,750,0.0,1997-05-01
1247,750,0.0,1997-05-01
1248,750,0.0,1997-05-01
1249,750,0.0,1997-05-01
1251,750,0.0,1997-05-01
1253,750,0.0,1997-05-01
1256,750,0.0,1997-05-01
1257,750,0.0,1997-05-01
1258,750,0.0,1997-05-01
1259,750,0.0,1997-05-01
1260,750,0.0,1997-05-01
1262,750,0.0,1997-05-01
1263,750,0.0,1997-05-01
1264,750,0.0,1997-05-01
1265,750,0.0,1997-05-01
1267,750,0.0,1997-05-01
1268,750,0.0,1997-05-01
1269,750,0.0,1997-05-01
1270,750,0.0,1997-05-01
1271,750,0.0,1997-05-01
1275,750,0.0,1997-05-01
1276,750,0.0,1997-05-01
1278,750,0.0,1997-05-01
1279,750,0.0,1997-05-01
1280,750,0.0,1997-05-01
1291,750,0.0,1997-05-01
1292,750,0.0,1997-05-01
1293,750,0.0,1997-05-01
1295,750,0.0,1997-05-01
1300,750,0.0,1997-05-01
1301,750,0.0,1997-05-01
1303,750,0.0,1997-05-01
1305,750,0.0,1997-05-01
1314,750,0.0,1997-05-01
1317,750,0.0,1997-05-01
1325,750,0.0,1997-05-01
1326,750,0.0,1997-05-01
1327,750,0.0,1997-05-01
1328,750,0.0,1997-05-01
1331,750,0.0,1997-05-01
1332,750,0.0,1997-05-01
1333,750,0.0,1997-05-01
1334,750,0.0,1997-05-01
1335,750,0.0,1997-05-01
1336,750,0.0,1997-05-01
1337,750,0.0,1997-05-01
1338,750,0.0,1997-05-01
1339,750,0.0,1997-05-01
1344,750,0.0,1997-05-01
1348,750,0.0,1997-05-01
1350,750,0.0,1997-05-01
1353,750,0.0,1997-05-01
1360,750,0.0,1997-05-01
1367,750,0.0,1997-05-01
1372,750,0.0,1997-05-01
1374,750,0.0,1997-05-01
1375,750,0.0,1997-05-01
1378,750,0.0,1997-05-01
1380,750,0.0,1997-05-01
1381,750,0.0,1997-05-01
1382,750,0.0,1997-05-01
1383,750,0.0,1997-05-01
1386,750,0.0,1997-05-01
1387,750,0.0,1997-05-01
1391,750,0.0,1997-05-01
1393,750,0.0,1997-05-01
1397,750,0.0,1997-05-01
1398,750,0.0,1997-05-01
1399,750,0.0,1997-05-01
1400,750,0.0,1997-05-01
1401,750,0.0,1997-05-01
1402,750,0.0,1997-05-01
1403,750,0.0,1997-05-01
1404,750,0.0,1997-05-01
1413,750,0.0,1997-05-01
1414,750,0.0,1997-05-01
1415,750,0.0,1997-05-01
1416,750,0.0,1997-05-01
1419,750,0.0,1997-05-01
1420,750,0.0,1997-05-01
1421,750,0.0,1997-05-01
1422,750,0.0,1997-05-01
1423,750,0.0,1997-05-01
1424,750,0.0,1997-05-01
1431,750,0.0,1997-05-01
1432,750,0.0,1997-05-01
1435,750,0.0,1997-05-01
1436,750,0.0,1997-05-01
1437,750,0.0,1997-05-01
1438,750,0.0,1997-05-01
1439,750,0.0,1997-05-01
1440,750,0.0,1997-05-01
1443,750,0.0,1997-05-01
1444,750,0.0,1997-05-01
1462,750,0.0,1997-05-01
1463,750,0.0,1997-05-01
1464,750,0.0,1997-05-01
1465,750,0.0,1997-05-01
1466,750,0.0,1997-05-01
1467,750,0.0,1997-05-01
1470,750,0.0,1997-05-01
1471,750,0.0,1997-05-01
1472,750,0.0,1997-05-01
1473,750,0.0,1997-05-01
1474,750,0.0,1997-05-01
1475,750,0.0,1997-05-01
1477,750,0.0,1997-05-01
1478,750,0.0,1997-05-01
1479,750,0.0,1997-05-01
1484,750,20.0,1997-05-01
1484,804,18.0,2000-10-26
1484,805,2.0,2000-10-26
1485,750,0.0,1997-05-01
1486,750,0.0,1997-05-01
1487,750,0.0,1997-05-01
1488,750,0.0,1997-05-01
1489,750,0.0,1997-05-01
1490,750,0.0,1997-05-01
1491,750,0.0,1997-05-01
1492,750,0.0,1997-05-01
1493,750,0.0,1997-05-01
1494,750,0.0,1997-05-01
1495,750,0.0,1997-05-01
1496,750,0.0,1997-05-01
1497,750,0.0,1997-05-01
1498,750,7.0,1997-05-01
1498,806,7.0,2000-10-26
1499,750,0.0,1997-05-01
1500,750,6.0,1997-05-01
1500,806,6.0,2000-10-26
1501,750,0.0,1997-05-01
1502,750,0.0,1997-05-01
1503,750,0.0,1997-05-01
1504,750,0.0,1997-05-01
1505,750,6.0,1997-05-01
1505,806,6.0,2000-10-26
1506,750,6.0,1997-05-01
1506,806,6.0,2000-10-26
1507,750,0.0,1997-05-01
1508,750,0.0,1997-05-01
1509,750,0.0,1997-05-01
1510,750,0.0,1997-05-01
1511,750,26.0,1997-05-01
1511,807,26.0,2000-10-26
1512,750,24.0,1997-05-01
1512,807,24.0,2000-10-26
1513,750,33.0,1997-05-01
1513,807,33.0,2000-10-26
1514,750,0.0,1997-05-01
1515,750,4.0,1997-05-01
1515,831,4.0,2000-10-27
1516,750,0.0,1997-05-01
1517,750,0.0,1997-05-01
1518,750,0.0,1997-05-01
1519,750,0.0,1997-05-01
1520,750,0.0,1997-05-01
1521,750,0.0,1997-05-01
1522,750,22.0,1997-05-01
1522,752,13.0,2000-10-26
1522,809,9.0,2000-10-26
1523,750,5.0,1997-05-01
1523,804,5.0,2000-10-26
1524,750,14.0,1997-05-01
1524,752,7.0,2000-10-26
1524,804,7.0,2000-10-26
1525,750,31.0,2014-01-29
1525,502507,31.0,2014-01-29
1526,750,10.0,1997-05-01
1526,810,10.0,2000-10-26
1527,750,0.0,1997-05-01
1528,750,0.0,1997-05-01
1529,750,0.0,1997-05-01
1530,750,0.0,1997-05-01
1531,750,10.0,1997-05-01
1531,810,10.0,2000-10-26
1532,750,8.0,1997-05-01
1532,806,8.0,2000-10-26
1533,750,8.0,1997-05-01
1533,806,8.0,2000-10-26
1534,750,8.0,1997-05-01
1534,806,8.0,2000-10-26
1535,750,8.0,1997-05-01
1535,806,8.0,2000-10-26
1536,750,0.0,1997-05-01
1537,750,8.0,1997-05-01
1537,808,8.0,2000-10-26
1538,750,5.0,1997-05-01
1538,831,5.0,2000-10-27
1539,750,0.0,1997-05-01
1540,750,0.0,1997-05-01
1541,750,2.0,1997-05-01
1541,805,2.0,2000-10-26
1542,750,0.0,1997-05-01
1543,750,42.0,1997-05-01
1543,807,42.0,2000-10-26
1544,750,0.0,1997-05-01
1545,750,0.0,1997-05-01
1546,750,0.0,1997-05-01
1547,750,0.0,1997-05-01
1548,750,0.0,1997-05-01
1549,750,1.0,1997-05-01
1549,805,1.0,2000-10-26
1550,750,0.0,1997-05-01
1551,750,0.0,1997-05-01
1552,750,0.0,1997-05-01
1553,750,0.0,1997-05-01
1554,750,0.0,1997-05-01
1555,750,0.0,1997-05-01
1556,750,0.0,1997-05-01
1557,750,0.0,1997-05-01
1558,750,0.0,1997-05-01
1559,750,0.0,1997-05-01
1560,750,0.0,1997-05-01
1561,750,0.0,1997-05-01
1562,750,49.0,1997-05-01
1562,811,49.0,2000-10-26
1563,750,49.0,1997-05-01
1563,811,49.0,2000-10-26
1564,750,49.0,1997-05-01
1564,811,49.0,2000-10-26
1565,750,51.0,1997-05-01
1565,811,51.0,2000-10-26
1566,750,51.0,1997-05-01
1566,811,51.0,2000-10-26
1567,750,0.0,1997-05-01
1568,750,0.0,1997-05-01
1569,750,0.0,1997-05-01
1570,750,0.0,1997-05-01
1571,750,0.0,1997-05-01
1572,750,0.0,1997-05-01
1573,750,42.0,1997-05-01
1573,752,34.0,2000-10-26
1573,804,6.0,2000-10-26
1573,805,2.0,2000-10-26
1574,750,0.0,1997-05-01
1575,750,0.0,1997-05-01
1576,750,0.0,1997-05-01
1577,750,6.0,1997-05-01
1577,812,6.0,2000-10-26
1578,750,22.0,2015-01-23
1578,752,22.0,2015-01-23
1579,750,15.0,1997-05-01
1579,813,15.0,2000-10-26
1580,750,0.0,1997-05-01
1581,750,72.0,1997-05-01
1581,807,72.0,2001-12-07
1582,750,19.0,1997-05-01
1582,804,19.0,2000-10-26
1583,750,7.0,1997-05-01
1583,804,7.0,2000-10-26
1584,750,11.0,1997-05-01
1584,804,11.0,2000-10-26
1585,750,24.0,2013-02-13
1585,752,24.0,2013-02-13
1586,750,7.0,1997-05-01
1586,804,7.0,2000-10-26
1587,750,47.0,2000-10-26
1587,804,2.0,2000-10-26
1587,815,45.0,2000-10-26
1589,750,0.0,1997-05-01
1590,750,0.0,1997-05-01
1591,750,0.0,1997-05-01
1592,750,0.0,1997-05-01
1593,750,16.0,1997-05-01
1593,816,16.0,2000-10-26
1594,750,0.0,1997-05-01
1595,750,0.0,1997-05-01
1596,750,40.0,1997-05-01
1596,753,40.0,2000-10-26
1597,750,46.0,1997-05-01
1597,753,46.0,2000-10-26
1598,750,0.0,1997-05-01
1599,750,47.0,1997-05-01
1599,817,47.0,2003-04-30
1600,750,64.0,1997-05-01
1600,817,64.0,2000-10-26
1601,750,35.0,2003-04-30
1601,807,35.0,2003-04-30
1602,750,40.0,1997-05-01
1602,807,40.0,2001-12-07
1603,750,29.0,2013-02-04
1603,807,29.0,2013-02-04
1604,750,40.0,1997-05-01
1604,818,11.0,2000-10-26
1604,819,29.0,2000-10-26
1605,750,54.0,1997-05-01
1605,818,5.0,2000-10-26
1605,819,49.0,2000-10-26
1606,750,0.0,1997-05-01
1610,750,0.0,1997-05-01
1611,750,9.0,1997-05-01
1611,806,9.0,2000-10-26
1612,750,0.0,1997-05-01
1613,750,0.0,1997-05-01
1614,750,0.0,1997-05-01
1615,750,25.0,1997-05-01
1615,816,25.0,2003-05-01
1616,750,32.0,1997-05-01
1616,820,32.0,2000-10-26
1617,750,26.0,1997-05-01
1617,816,26.0,2000-10-26
1618,750,1.0,1997-05-01
1618,804,1.0,2000-10-26
1619,750,0.0,1997-05-01
1620,750,0.0,1997-05-01
1621,750,0.0,1997-05-01
1622,750,0.0,1997-05-01
1623,750,26.0,2015-01-23
1623,816,26.0,2015-01-23
1624,750,0.0,1997-05-01
1625,750,0.0,1997-05-01
1628,750,38.0,2013-02-04
1628,807,38.0,2013-02-04
1629,750,0.0,1997-05-01
1630,750,48.0,1997-05-01
1630,821,48.0,2000-10-26
1631,750,0.0,1997-05-01
1632,750,0.0,1997-05-01
1633,750,0.0,1997-05-01
1634,750,0.0,1997-05-01
1635,750,0.0,1997-05-01
1636,750,0.0,1997-05-01
1637,750,4.0,1997-05-01
1637,806,4.0,2000-10-26
1638,750,0.0,1997-05-01
1639,750,0.0,1997-05-01
1640,750,0.0,1997-05-01
1641,750,0.0,1997-05-01
1642,750,0.0,1997-05-01
1643,750,0.0,1997-05-01
1644,750,0.0,1997-05-01
1645,750,0.0,1997-05-01
1646,750,0.0,1997-05-01
1647,750,0.0,1997-05-01
1648,750,0.0,1997-05-01
1649,750,0.0,1997-05-01
1650,750,0.0,1997-05-01
1651,750,0.0,1997-05-01
1652,750,0.0,1997-05-01
1653,750,16.0,2000-10-26
1653,752,14.0,2000-10-26
1653,822,2.0,2000-10-26
1654,750,8.0,1997-05-01
1654,805,8.0,2000-10-26
1655,750,18.0,1997-05-01
1655,804,16.0,2000-10-26
1655,822,2.0,2000-10-26
1656,750,0.0,1997-05-01
1657,750,0.0,1997-05-01
1658,750,0.0,1997-05-01
1659,750,0.0,1997-05-01
1660,750,12.0,1997-05-01
1660,813,12.0,2000-10-26
1661,750,35.0,1997-05-01
1661,823,35.0,2000-10-27
1662,750,0.0,1997-05-01
1663,750,5.0,1997-05-01
1663,806,5.0,2000-10-27
1664,750,5.0,1997-05-01
1664,806,5.0,2000-10-27
1665,750,5.0,1997-05-01
1665,806,5.0,2000-10-27
1666,750,5.0,1997-05-01
1666,806,5.0,2000-10-27
1667,750,44.0,1997-05-01
1667,502513,44.0,2000-10-27
1668,750,25.0,1997-05-01
1668,824,25.0,2000-10-27
1669,750,12.0,1997-05-01
1669,806,12.0,2000-10-27
1670,750,0.0,1997-05-01
1671,750,0.0,1997-05-01
1672,750,15.0,1997-05-01
1672,806,15.0,2000-10-27
1673,750,0.0,1997-05-01
1674,750,44.0,1997-05-01
1674,825,44.0,2000-10-27
1675,750,39.0,1997-05-01
1675,826,39.0,2000-10-27
1676,750,0.0,1997-05-01
1677,750,0.0,1997-05-01
1678,750,0.0,1997-05-01
1679,750,0.0,1997-05-01
1680,750,39.0,1997-05-01
1680,828,39.0,2000-10-27
1681,750,33.0,1997-05-01
1681,827,33.0,2000-10-27
1682,750,20.0,1997-05-01
1682,807,20.0,2000-10-27
1683,750,31.0,2013-02-04
1683,807,31.0,2013-02-04
1684,750,33.0,1997-05-01
1684,807,33.0,2000-10-27
1685,750,0.0,1997-05-01
1686,750,0.0,1997-05-01
1687,750,0.0,1997-05-01
1688,750,45.0,1997-05-01
1688,807,45.0,2000-10-27
1689,750,66.0,1997-05-01
1689,829,66.0,2000-10-27
1690,750,0.0,1997-05-01
1691,750,40.0,2015-07-20
1691,830,40.0,2015-07-20
1692,750,43.0,2013-02-04
1692,752,43.0,2013-02-04
1693,750,9.0,2000-10-26
1693,808,9.0,2000-10-26
1694,750,0.0,2003-05-08
1696,750,10.0,2014-07-02
1696,808,10.0,2014-07-02
1697,750,15.0,1997-05-01
1697,752,7.0,2003-05-09
1697,808,8.0,2023-05-26
1698,750,0.0,1997-05-01
1699,750,0.0,1997-05-01
1700,750,0.0,1997-05-01
1701,750,0.0,1997-05-01
1702,750,0.0,1997-05-01
1703,750,0.0,1997-05-01
1704,750,36.0,2003-05-09
1704,752,36.0,2023-05-26
1705,750,2.0,1997-05-01
1705,831,2.0,2000-10-27
1706,750,0.0,1997-05-01
1707,750,0.0,1997-05-01
1708,750,8.0,1997-05-01
1708,806,8.0,2000-10-27
1709,750,2.0,1997-05-01
1709,805,2.0,2000-10-27
1710,750,10.0,1997-05-01
1710,806,10.0,2000-10-27
1711,750,1.0,1997-05-01
1711,805,1.0,2000-10-27
1712,750,0.0,1997-05-01
1713,750,0.0,1997-05-01
1714,750,50.0,1997-05-01
1714,811,50.0,2000-10-27
1715,750,51.0,1997-05-01
1715,811,51.0,2000-10-27
1716,750,0.0,1997-05-01
1717,750,0.0,1997-05-01
1718,750,4.0,2017-12-15
1718,805,4.0,2023-05-26
1719,750,0.0,1997-05-01
1720,750,0.0,1997-05-01
1721,750,49.0,1997-05-01
1721,818,9.0,2000-10-27
1721,819,39.0,2000-10-27
1721,832,1.0,2000-10-27
1722,750,27.0,1997-05-01
1722,816,27.0,2000-10-27
1723,750,0.0,1997-05-01
1724,750,0.0,1997-05-01
1725,750,0.0,1997-05-01
1726,750,0.0,1997-05-01
1727,750,0.0,1997-05-01
1728,750,13.0,2003-05-27
1728,833,13.0,2023-05-26
1729,750,0.0,1997-05-01
1730,750,0.0,1997-05-01
1731,750,10.0,2014-01-29
1731,502506,10.0,2014-01-29
1732,750,0.0,1997-05-01
1733,750,0.0,1997-05-01
1734,750,48.0,1997-05-01
1734,809,6.0,2000-10-27
1734,834,10.0,2000-10-27
1734,835,32.0,2000-10-27
1735,750,0.0,1997-05-01
1736,750,0.0,1997-05-01
1737,750,0.0,1997-05-01
1738,750,0.0,1997-05-01
1739,750,0.0,1997-05-01
1740,750,6.0,1997-05-01
1740,806,6.0,2000-10-27
1741,750,5.0,1997-05-01
1741,806,5.0,2000-10-27
1742,750,13.0,1997-05-01
1742,806,13.0,2000-10-27
1743,750,15.0,1997-05-01
1743,806,15.0,2000-10-27
1744,750,0.0,1997-05-01
1745,750,0.0,1997-05-01
1746,750,0.0,1997-05-01
1747,750,4.0,1997-05-01
1747,836,4.0,2000-10-27
1748,750,25.0,1997-05-01
1748,837,19.0,2000-10-27
1748,838,6.0,2000-10-27
1749,750,6.0,1997-05-01
1749,839,6.0,2000-10-27
1750,750,0.0,1997-05-01
1751,750,0.0,2001-10-09
1752,750,0.0,1997-05-01
1753,750,0.0,1997-05-01
1754,750,0.0,1997-05-01
1755,750,18.0,1997-05-01
1755,780,18.0,2000-10-16
1757,750,11.0,1997-05-01
1757,752,11.0,2000-10-16
1758,750,7.0,1997-05-01
1758,752,7.0,2000-10-16
1759,750,0.0,1997-05-01
1760,750,0.0,1997-05-01
1761,750,17.0,1997-05-01
1761,780,17.0,2000-10-16
1762,750,20.0,1997-05-01
1762,780,20.0,2000-10-16
1763,750,35.0,1997-05-01
1763,758,18.0,2000-10-16
1763,780,17.0,2000-10-16
1764,750,32.0,1997-05-01
1764,758,12.0,2000-10-16
1764,780,20.0,2000-10-16
1765,750,17.0,1997-05-01
1765,780,17.0,2000-10-16
1766,750,18.0,1997-05-01
1766,780,18.0,2000-10-16
1767,750,31.0,1997-05-01
1767,758,14.0,2000-10-16
1767,780,17.0,2000-10-16
1768,750,27.0,1997-05-01
1768,758,9.0,2000-10-16
1768,780,18.0,2000-10-16
1769,750,18.0,1997-05-01
1769,780,18.0,2000-10-16
1770,750,22.0,1997-05-01
1770,780,22.0,2000-10-16
1771,750,38.0,1997-05-01
1771,758,20.0,2000-10-16
1771,780,18.0,2000-10-16
1772,750,36.0,1997-05-01
1772,758,14.0,2000-10-16
1772,780,22.0,2000-10-16
1773,750,22.0,1997-05-01
1773,751,22.0,2000-10-16
1774,750,21.0,1997-05-01
1774,751,21.0,2000-10-16
1775,750,21.0,1997-05-01
1775,751,21.0,2000-10-16
1776,750,21.0,1997-05-01
1776,751,21.0,2000-10-16
1777,750,30.0,1997-05-01
1777,751,22.0,2000-10-16
1777,758,8.0,2000-10-16
1778,750,29.0,1997-05-01
1778,751,21.0,2000-10-16
1778,758,7.0,2000-10-16
1779,750,28.0,1997-05-01
1779,751,21.0,2000-10-16
1779,758,7.0,2000-10-16
1780,750,28.0,1997-05-01
1780,751,21.0,2000-10-16
1780,758,7.0,2000-10-16
1781,750,26.0,1997-05-01
1781,751,26.0,2000-10-16
1782,750,24.0,1997-05-01
1782,751,24.0,2000-10-16
1783,750,27.0,1997-05-01
1783,751,27.0,2000-10-16
1784,750,26.0,1997-05-01
1784,751,26.0,2000-10-16
1785,750,35.0,1997-05-01
1785,751,26.0,2000-10-16
1785,758,9.0,2000-10-16
1786,750,32.0,1997-05-01
1786,751,24.0,2000-10-16
1786,758,8.0,2000-10-16
1787,750,34.0,1997-05-01
1787,751,27.0,2000-10-16
1787,758,7.0,2000-10-16
1788,750,32.0,1997-05-01
1788,751,26.0,2000-10-16
1788,758,6.0,2000-10-16
1789,750,35.0,1997-05-01
1789,751,35.0,2000-10-16
1790,750,33.0,1997-05-01
1790,751,33.0,2000-10-16
1791,750,34.0,1997-05-01
1791,751,34.0,2000-10-16
1792,750,36.0,1997-05-01
1792,751,36.0,2000-10-16
1793,750,43.0,1997-05-01
1793,751,35.0,2000-10-16
1793,758,8.0,2000-10-16
1794,750,40.0,1997-05-01
1794,751,33.0,2000-10-16
1794,758,7.0,2000-10-16
1795,750,41.0,1997-05-01
1795,751,34.0,2000-10-16
1795,758,7.0,2000-10-16
1796,750,41.0,1997-05-01
1796,751,36.0,2000-10-16
1796,758,5.0,2000-10-16
1797,750,29.0,1997-05-01
1797,751,29.0,2000-10-16
1798,750,28.0,2000-10-16
1798,751,28.0,2000-10-16
1799,750,28.0,1997-05-01
1799,751,28.0,2000-10-16
1800,750,31.0,1997-05-01
1800,751,31.0,2000-10-16
1801,750,38.0,1997-05-01
1801,751,29.0,2000-10-16
1801,758,9.0,2000-10-16
1802,750,36.0,1997-05-01
1802,751,28.0,2000-10-16
1802,758,8.0,2000-10-16
1803,750,36.0,1997-05-01
1803,751,28.0,2000-10-16
1803,758,8.0,2000-10-16
1804,750,38.0,1997-05-01
1804,751,31.0,2000-10-16
1804,758,7.0,2000-10-16
1808,750,8.0,1997-05-01
1808,781,8.0,2000-10-16
1812,750,15.0,1997-05-01
1812,758,7.0,2000-10-16
1812,781,8.0,2000-10-16
1813,750,25.0,1997-05-01
1813,780,25.0,2000-10-16
1814,750,25.0,1997-05-01
1814,780,25.0,2000-10-16
1815,750,39.0,1997-05-01
1815,758,14.0,2000-10-16
1815,780,25.0,2000-10-16
1816,750,39.0,1997-05-01
1816,758,14.0,2000-10-16
1816,780,25.0,2000-10-16
1817,750,27.0,1997-05-01
1817,751,27.0,2000-10-16
1818,750,25.0,1997-05-01
1818,780,25.0,2000-10-16
1819,750,27.0,1997-05-01
1819,780,27.0,2000-10-16
1820,750,44.0,1997-05-01
1820,751,27.0,2000-10-16
1820,758,17.0,2000-10-16
1821,750,41.0,1997-05-01
1821,758,16.0,2000-10-16
1821,780,25.0,2000-10-16
1822,750,43.0,2000-10-16
1822,758,16.0,2000-10-16
1822,780,27.0,2000-10-16
1823,750,24.0,1997-05-01
1823,751,24.0,2000-10-16
1824,750,22.0,1997-05-01
1824,751,22.0,2000-10-16
1825,750,23.0,1997-05-01
1825,751,23.0,2000-10-16
1826,750,24.0,2003-12-18
1826,751,24.0,2003-12-18
1827,750,34.0,1997-05-01
1827,751,24.0,2000-10-16
1827,758,10.0,2000-10-16
1828,750,32.0,1997-05-01
1828,751,22.0,2000-10-16
1828,758,10.0,2000-10-16
1829,750,33.0,1997-05-01
1829,751,23.0,2000-10-16
1829,758,10.0,2000-10-16
1830,750,31.0,1997-05-01
1830,751,24.0,2000-10-16
1830,758,7.0,2000-10-16
1832,750,2.0,1997-05-01
1832,782,2.0,2000-10-16
1833,750,0.0,1997-05-01
1834,750,35.0,2003-12-18
1834,758,35.0,2003-12-18
1835,750,0.0,1997-05-01
1836,750,5.0,1997-05-01
1836,783,5.0,2000-10-16
1837,750,0.0,1997-05-01
1838,750,29.0,2003-12-18
1838,784,29.0,2003-12-18
1839,750,0.0,1997-05-01
1840,750,0.0,1997-05-01
1841,750,0.0,1997-05-01
1842,750,0.0,1997-05-01
1843,750,0.0,1997-05-01
1844,750,0.0,1997-05-01
1845,750,0.0,1997-05-01
1846,750,13.0,1997-05-01
1846,782,13.0,2003-12-18
1847,750,0.0,1997-05-01
1848,750,0.0,1997-05-01
1849,750,0.0,1997-05-01
1850,750,0.0,1997-05-01
1851,750,0.0,1997-05-01
1852,750,0.0,1997-05-01
1853,750,11.0,1997-05-01
1853,785,11.0,2000-10-16
1854,750,16.0,1997-05-01
1854,778,16.0,2000-10-16
1855,750,24.0,1997-05-01
1855,752,24.0,2003-12-18
1857,750,0.0,1997-05-01
1860,750,66.0,1997-05-01
1860,784,66.0,2000-10-16
1861,750,0.0,1997-05-01
1862,750,0.0,1997-05-01
1865,750,0.0,1997-05-01
1868,750,0.0,1997-05-01
1869,750,0.0,1997-05-01
1870,750,0.0,1997-05-01
1871,750,18.0,1997-05-01
1871,780,18.0,2000-10-16
1873,750,39.0,1997-05-01
1873,758,15.0,2000-10-16
1873,780,24.0,2000-10-16
1874,750,0.0,1997-05-01
1875,750,0.0,1997-05-01
1876,750,0.0,1997-05-01
1877,750,27.0,1997-05-01
1877,780,27.0,2000-10-16
1878,750,46.0,1997-05-01
1878,780,27.0,2003-12-23
1878,758,19.0,2003-12-23
1879,750,60.0,2003-12-23
1879,784,60.0,2003-12-23
1880,750,30.0,1997-05-01
1880,784,30.0,2000-10-16
1881,750,32.0,1997-05-01
1881,784,32.0,2000-10-16
1882,750,38.0,1997-05-01
1882,751,30.0,2000-10-16
1882,758,8.0,2000-10-16
1883,750,46.0,1997-05-01
1883,751,39.0,2000-10-16
1883,758,7.0,2000-10-16
1884,750,30.0,1997-05-01
1884,751,30.0,2000-10-16
1885,750,39.0,1997-05-01
1885,751,39.0,2000-10-16
1887,750,0.0,1997-05-01
1888,750,0.0,1997-05-01
1893,750,39.03,2006-08-29
1893,751,39.03,2006-08-29
1894,750,28.48,2006-08-29
1894,751,28.48,2006-08-29
1895,750,11.0,1997-05-01
1895,781,11.0,2000-10-16
1896,750,5.0,1997-05-01
1896,781,5.0,2000-10-16
1897,750,6.0,1997-05-01
1897,781,6.0,2000-10-16
1898,750,8.0,1997-05-01
1898,781,8.0,2000-10-16
1899,750,8.0,1997-05-01
1899,781,8.0,2000-10-16
1900,750,22.0,1997-05-01
1900,758,11.0,2000-10-16
1900,781,11.0,2000-10-16
1901,750,15.0,1997-05-01
1901,758,10.0,2000-10-16
1901,781,5.0,2000-10-16
1902,750,16.0,1997-05-01
1902,758,10.0,2000-10-16
1902,781,6.0,2000-10-16
1903,750,19.0,1997-05-01
1903,758,11.0,2000-10-16
1903,781,8.0,2000-10-16
1904,750,18.0,1997-05-01
1904,758,10.0,2000-10-16
1904,781,8.0,2000-10-16
1905,750,35.0,2013-02-13
1905,751,21.0,2013-02-13
1905,781,14.0,2013-02-13
1906,750,39.0,2013-02-13
1906,751,24.0,2013-02-13
1906,781,15.0,2013-02-13
1907,750,30.0,1997-05-01
1907,751,30.0,2000-10-16
1908,750,44.0,1997-05-01
1908,751,32.0,2000-10-16
1908,758,12.0,2000-10-16
1909,750,41.0,1997-05-01
1909,751,30.0,2000-10-16
1909,758,11.0,2000-10-16
1910,750,44.0,1997-05-01
1910,751,30.0,2000-10-16
1910,758,14.0,2000-10-16
1911,750,8.0,1997-05-01
1911,781,8.0,2000-10-16
1912,750,3.0,1997-05-01
1912,781,3.0,2000-10-16
1913,750,7.0,1997-05-01
1913,781,7.0,2000-10-16
1914,750,5.0,1997-05-01
1914,781,5.0,2000-10-16
1915,750,11.0,1997-05-01
1915,758,3.0,2000-10-16
1915,781,8.0,2000-10-16
1916,750,6.0,1997-05-01
1916,758,3.0,2000-10-16
1916,781,3.0,2000-10-16
1917,750,10.0,1997-05-01
1917,758,3.0,2000-10-16
1917,781,7.0,2000-10-16
1918,750,7.0,1997-05-01
1918,758,2.0,2000-10-16
1918,781,5.0,2000-10-16
1921,750,16.0,2013-02-13
1921,781,16.0,2013-02-13
1922,750,20.0,1997-05-01
1922,758,9.0,2000-10-16
1922,781,11.0,2000-10-16
1931,750,3.79,2006-07-21
1931,752,1.71,2006-07-21
1931,936,2.08,2006-07-21
1932,750,2.63,2006-07-21
1932,752,1.39,2006-07-21
1932,936,1.24,2006-07-21
1933,750,26.61,2006-08-29
1933,751,26.61,2006-08-29
1934,750,28.33,2006-08-29
1934,751,28.33,2006-08-29
1935,750,7.0,1997-05-01
1936,750,0.0,1997-05-01
1937,750,0.0,1997-05-01
1938,750,0.0,1997-05-01
1939,750,37.0,1997-05-01
1940,750,0.0,1997-05-01
1941,750,0.0,1997-05-01
1942,750,0.0,1997-05-01
1943,750,1.71,2006-07-21
1943,752,1.71,2006-07-21
1944,750,1.39,2006-07-21
1944,752,1.39,2006-07-21
1961,750,3.0,1997-05-01
1962,750,6.0,1997-05-01
1963,750,1.65,2006-06-22
1964,750,1.44,2006-06-28
1964,779,1.44,2006-06-28
1965,750,5.35,2006-06-26
1965,936,2.67,2006-06-26
1965,937,1.03,2006-06-26
1965,779,1.65,2006-06-26
1966,750,4.31,2006-06-28
1966,936,2.75,2006-06-28
1966,937,1.33,2006-06-28
1966,779,1.44,2006-06-28
1967,750,0.0,2006-06-28
1968,750,0.0,2006-06-29
1969,750,10.17,2006-06-30
1969,936,10.17,2006-06-30
1970,750,9.63,2006-06-30
1970,936,9.63,2006-06-30
1971,750,1.98,2006-08-28
1971,752,1.98,2006-08-28
1972,750,3.31,2006-08-28
1972,752,3.31,2006-08-28
1973,750,23.48,2006-08-28
1973,752,1.98,2006-08-28
1973,936,11.72,2006-08-28
1973,937,9.78,2006-08-28
1974,750,21.08,2006-08-28
1974,752,3.31,2006-08-28
1974,936,5.95,2006-08-28
1974,937,11.82,2006-08-28
1977,750,37.0,1997-05-01
1978,750,0.0,1997-05-01
1979,750,0.0,1997-05-01
1981,750,0.0,1997-05-01
1982,750,0.0,1997-05-01
1984,750,6.0,2000-11-02
1984,754,6.0,2000-11-02
1985,750,0.0,2003-06-02
1986,750,25.0,1997-05-01
1986,870,25.0,2000-11-02
1987,750,0.0,1997-05-01
1988,750,0.0,1997-05-01
1989,750,0.0,1997-05-01
1990,750,47.0,1997-05-01
1990,837,47.0,2003-06-02
1991,750,0.0,1997-05-01
1992,750,0.0,1997-05-01
1993,750,0.0,1997-05-01
1994,750,0.0,1997-05-01
1995,750,62.0,1997-05-01
1995,919,62.0,2001-04-11
1996,750,0.0,1997-05-01
1997,750,17.0,1997-05-01
1997,919,17.0,2001-04-11
1998,750,0.0,1997-05-01
1999,750,71.0,1997-05-01
1999,1147,71.0,2003-06-02
2000,750,0.0,1997-05-01
2001,750,0.0,1997-05-01
2002,750,0.0,1997-05-01
2003,750,56.0,1997-05-01
2003,1148,56.0,2003-06-02
2004,750,0.0,1997-05-01
2005,750,0.0,1997-05-01
2006,750,0.0,1997-05-01
2007,750,0.0,1997-05-01
2008,750,0.0,1997-05-01
2009,750,0.0,1997-05-01
2010,750,0.0,1997-05-01
2011,750,0.0,2001-10-09
2012,750,0.0,1997-05-01
2013,750,0.0,1997-05-01
2014,750,0.0,1997-05-01
2015,750,0.0,1997-05-01
2016,750,0.0,1997-05-01
2017,750,0.0,1997-05-01
2018,750,0.0,1997-05-01
2019,750,0.0,1997-05-01
2020,750,0.0,1997-05-01
2021,750,44.0,1997-05-01
2021,1149,44.0,2003-06-02
2022,750,0.0,1997-05-01
2023,750,3.0,2003-06-02
2023,837,3.0,2003-06-02
2024,750,0.0,1997-05-01
2025,750,0.0,1997-05-01
2026,750,0.0,1997-05-01
2027,750,0.0,1997-05-01
2028,750,0.0,1997-05-01
2029,750,25.0,1997-05-01
2029,1150,25.0,2003-06-02
2030,750,0.0,1997-05-01
2031,750,12.0,1997-05-01
2031,1151,12.0,2003-06-02
2032,750,0.0,1997-05-01
2033,750,0.0,1997-05-01
2034,750,20.0,1997-05-01
2034,1105,20.0,2003-06-02
2035,750,0.0,1997-05-01
2036,750,20.0,1997-05-01
2036,1105,20.0,2003-06-02
2037,750,0.0,1997-05-01
2038,750,12.0,1997-05-01
2038,1155,12.0,2003-06-02
2039,750,0.0,1997-05-01
2040,750,7.0,1997-05-01
2040,1156,7.0,2003-06-02
2041,750,0.0,1997-05-01
2042,750,51.0,1997-05-01
2042,919,51.0,2003-06-02
2043,750,0.0,2001-08-21
2044,750,0.0,1997-05-01
2045,750,0.0,2006-12-18
2046,750,0.0,1997-05-01
2047,750,0.0,1997-05-01
2048,750,0.0,1997-05-01
2049,750,14.0,1997-05-01
2049,835,14.0,2003-06-02
2050,750,0.0,2001-08-21
2051,750,25.0,1997-05-01
2051,919,25.0,2003-06-03
2052,750,8.0,1997-05-01
2052,919,8.0,2003-06-03
2053,750,0.0,1997-05-01
2054,750,1.0,1997-05-01
2054,1157,1.0,2003-06-03
2055,750,0.0,1997-05-01
2056,750,11.0,1997-05-01
2056,1158,11.0,2003-06-03
2057,750,18.0,1997-05-01
2057,919,18.0,2003-06-03
2058,750,18.0,1997-05-01
2058,1159,18.0,2003-06-03
2059,750,0.0,1997-05-01
2060,750,4.0,1997-05-01
2060,1160,4.0,2003-06-03
2061,750,0.0,1997-05-01
2062,750,0.0,1997-05-01
2063,750,43.0,1997-05-01
2063,805,43.0,2003-06-03
2064,750,0.0,1997-05-01
2065,750,0.0,1997-05-01
2066,750,0.0,1997-05-01
2067,750,15.0,1997-05-01
2067,956,15.0,2002-10-29
2068,750,45.0,1997-05-01
2068,1162,45.0,2003-06-03
2069,750,0.0,1997-05-01
2070,750,0.0,1997-05-01
2071,750,45.0,1997-05-01
2071,1162,45.0,2003-06-03
2072,750,0.0,1997-05-01
2073,750,0.0,2003-06-03
2074,750,49.0,1997-05-01
2074,920,49.0,2001-04-11
2075,750,0.0,1997-05-01
2076,750,0.0,1997-05-01
2077,750,0.0,1997-05-01
2078,750,9.0,1997-05-01
2078,1163,9.0,2003-06-03
2079,750,0.0,1997-05-01
2080,750,5.0,1997-05-01
2080,837,5.0,2003-06-03
2081,750,0.0,1997-05-01
2082,750,48.0,1997-05-01
2082,919,48.0,2003-06-03
2083,750,0.0,1997-05-01
2084,750,29.0,1997-05-01
2084,1164,29.0,2003-06-03
2085,750,0.0,1997-05-01
2086,750,0.0,1997-05-01
2087,750,0.0,1997-05-01
2088,750,19.0,1997-05-01
2088,1165,19.0,2003-06-03
2089,750,0.0,1997-05-01
2090,750,14.0,1997-05-01
2090,1105,14.0,2003-06-03
2091,750,7.0,1997-05-01
2091,1167,7.0,2003-06-03
2092,750,30.0,1997-05-01
2092,1168,30.0,2003-06-03
2093,750,0.0,1997-05-01
2094,750,27.0,1997-05-01
2094,1169,27.0,2003-06-04
2095,750,0.0,1997-05-01
2096,750,38.0,1997-05-01
2096,805,38.0,2003-06-04
2097,750,0.0,1997-05-01
2098,750,7.0,1997-05-01
2098,1163,7.0,2003-06-04
2099,750,0.0,1997-05-01
2100,750,31.0,1997-05-01
2100,835,31.0,2003-06-04
2101,750,2.0,1997-05-01
2101,1160,2.0,2003-06-04
2102,750,13.0,1997-05-01
2102,1170,13.0,2003-06-04
2103,750,38.0,1997-05-01
2103,919,38.0,2003-06-04
2104,750,0.0,1997-05-01
2105,750,0.0,1997-05-01
2106,750,0.0,1997-05-01
2107,750,0.0,1997-05-01
2108,750,0.0,1997-05-01
2109,750,54.0,1997-05-01
2109,1171,54.0,2003-06-04
2110,750,0.0,1997-05-01
2111,750,0.0,2001-10-09
2112,750,0.0,1997-05-01
2113,750,0.0,1997-05-01
2114,750,0.0,2003-05-16
2115,750,26.0,1997-05-01
2115,1172,26.0,2003-06-04
2116,750,6.0,1997-05-01
2116,809,6.0,2003-06-04
2117,750,36.0,2003-05-21
2117,1105,36.0,2003-05-21
2118,750,21.0,1997-05-01
2118,1180,21.0,2003-06-04
2119,750,0.0,1997-05-01
2123,750,0.0,1997-05-01
2124,750,0.0,1997-05-01
2125,750,0.0,1997-05-01
2126,750,7.0,1997-05-01
2126,1182,7.0,2003-06-04
2127,750,0.0,1997-05-01
2128,750,0.0,1997-05-01
2129,750,0.0,1997-05-01
2130,750,7.0,1997-05-01
2130,1106,7.0,2003-06-04
2131,750,0.0,1997-05-01
2132,750,28.0,1997-05-01
2132,1183,28.0,2003-06-05
2133,750,0.0,1997-05-01
2134,750,14.0,1997-05-01
2134,1184,14.0,2003-06-05
2135,750,0.0,1997-05-01
2136,750,0.0,1997-05-01
2137,750,0.0,1997-05-01
2138,750,0.0,1997-05-01
2139,750,0.0,1997-05-01
2140,750,0.0,1997-05-01
2141,750,0.0,1997-05-01
2142,750,0.0,1997-05-01
2143,750,0.0,1997-05-01
2144,750,4.0,2003-05-21
2144,1185,4.0,2003-06-05
2145,750,35.0,1997-05-01
2145,1188,35.0,2003-06-05
2146,750,0.0,1997-05-01
2147,750,0.0,1997-05-01
2148,750,0.0,1997-05-01
2149,750,0.0,1997-05-01
2150,750,0.0,1997-05-01
2151,750,0.0,1997-05-01
2152,750,0.0,1997-05-01
2153,750,0.0,1997-05-01
2154,750,0.0,1997-05-01
2155,750,0.0,1997-05-01
2156,750,0.0,1997-05-01
2157,750,0.0,1997-05-01
2158,750,0.0,1997-05-01
2159,750,0.0,1997-05-01
2160,750,0.0,1997-05-01
2161,750,0.0,1997-05-01
2162,750,52.0,1997-05-01
2162,920,52.0,2003-06-05
2163,750,0.0,1997-05-01
2164,750,0.0,1997-05-01
2165,750,0.0,1997-05-01
2166,750,0.0,1997-05-01
2167,750,0.0,1997-05-01
2168,750,0.0,1997-05-01
2169,750,0.0,1997-05-01
2170,750,0.0,1997-05-01
2171,750,0.0,1997-05-01
2172,750,0.0,1997-05-01
2173,750,0.0,1997-05-01
2174,750,0.0,1997-05-01
2175,750,0.0,1997-05-01
2176,750,0.0,1997-05-01
2177,750,0.0,1997-05-01
2178,750,0.0,1997-05-01
2179,750,0.0,1997-05-01
2180,750,0.0,1997-05-01
2181,750,0.0,1997-05-01
2182,750,0.0,1997-05-01
2183,750,0.0,1997-05-01
2184,750,0.0,1997-05-01
2185,750,0.0,1997-05-01
2186,750,0.0,1997-05-01
2187,750,0.0,1997-05-01
2188,750,65.0,1997-05-01
2188,1190,65.0,2003-06-05
2189,750,0.0,1997-05-01
2190,919,59.0,2003-06-05
2190,750,59.0,2023-05-26
2191,750,0.0,1997-05-01
2192,750,0.0,1997-05-01
2193,750,0.0,1997-05-01
2194,750,24.0,1997-05-01
2194,919,24.0,2003-06-05
2195,750,0.0,1997-05-01
2196,750,21.0,1997-05-01
2196,1192,21.0,2003-06-05
2197,750,0.0,1997-05-01
2198,750,0.0,1997-05-01
2199,750,13.0,1997-05-01
2199,1193,13.0,2003-06-05
2200,750,0.0,1997-05-01
2201,750,0.0,1997-05-01
2202,750,0.0,1997-05-01
2203,750,0.0,1997-05-01
2204,750,0.0,1997-05-01
2205,750,0.0,1997-05-01
2206,750,15.0,1997-05-01
2206,1198,15.0,2003-06-05
2207,750,0.0,1997-05-01
2208,750,47.0,1997-05-01
2208,920,47.0,2003-06-05
2209,750,0.0,1997-05-01
2210,750,0.0,1997-05-01
2211,750,0.0,1997-05-01
2212,750,0.0,1997-05-01
2213,750,28.0,1997-05-01
2213,1183,28.0,2003-06-06
2214,750,0.0,1997-05-01
2215,750,0.0,1997-05-01
2216,750,0.0,1997-05-01
2217,750,0.0,1997-05-01
2218,750,1.0,1997-05-01
2218,837,1.0,2003-06-06
2219,750,5.0,2013-02-13
2219,837,5.0,2013-02-13
2220,750,0.0,1997-05-01
2221,750,0.0,1997-05-01
2222,750,0.0,1997-05-01
2223,750,2.0,1997-05-01
2223,1160,2.0,2003-06-06
2224,750,0.0,1997-05-01
2225,750,5.0,1997-05-01
2225,837,5.0,2003-06-06
2226,750,0.0,1997-05-01
2227,750,0.0,1997-05-01
2228,750,0.0,1997-05-01
2229,750,0.0,1997-05-01
2230,750,0.0,1997-05-01
2231,750,0.0,1997-05-01
2232,750,0.0,1997-05-01
2233,750,0.0,1997-05-01
2234,750,0.0,1997-05-01
2235,750,0.0,1997-05-01
2236,750,23.0,1997-05-01
2236,919,23.0,2003-06-09
2237,750,0.0,1997-05-01
2238,750,6.0,1997-05-01
2238,1199,6.0,2003-06-09
2239,750,0.0,1997-05-01
2240,750,28.0,1997-05-01
2240,1201,28.0,2003-06-09
2241,750,22.0,1997-05-01
2241,752,22.0,2003-06-09
2242,750,0.0,1997-05-01
2243,750,0.0,1997-05-01
2244,750,0.0,1997-05-01
2245,750,0.0,1997-05-01
2246,750,0.0,1997-05-01
2247,750,14.0,1997-05-01
2247,1181,14.0,2003-06-09
2248,750,0.0,1997-05-01
2249,750,40.0,1997-05-01
2249,1202,40.0,2003-06-09
2250,750,0.0,1997-05-01
2251,750,12.0,1997-05-01
2251,837,12.0,2003-06-09
2252,750,0.0,1997-05-01
2253,750,0.0,2001-10-09
2254,750,0.0,1997-05-01
2255,750,9.0,1997-05-01
2255,808,9.0,2003-06-09
2257,750,0.0,1997-05-01
2258,750,0.0,1997-05-01
2259,750,0.0,1997-05-01
2260,750,0.0,1997-05-01
2261,750,0.0,1997-05-01
2262,750,0.0,1997-05-01
2263,750,30.0,1997-05-01
2263,1203,30.0,2003-06-10
2264,750,0.0,1997-05-01
2265,750,0.0,1997-05-01
2266,750,0.0,1997-05-01
2267,750,0.0,1997-05-01
2268,750,0.0,1997-05-01
2269,750,0.0,1997-05-01
2270,750,0.0,1997-05-01
2271,750,0.0,1997-05-01
2272,750,0.0,1997-05-01
2273,750,0.0,2001-10-09
2274,750,23.0,1997-05-01
2274,752,23.0,2003-07-03
2275,750,0.0,1997-05-01
2276,750,8.0,1997-05-01
2276,1204,8.0,2003-07-03
2277,750,29.0,1997-05-01
2277,1205,29.0,2003-07-03
2278,750,0.0,1997-05-01
2279,750,2.0,1997-05-01
2279,837,2.0,2003-05-16
2280,750,0.0,1997-05-01
2281,750,0.0,2001-10-09
2282,750,0.0,2003-05-16
2283,752,14.0,2003-07-03
2283,750,14.0,2003-07-03
2284,750,0.0,1997-05-01
2285,750,8.0,1997-05-01
2285,1181,8.0,2003-07-03
2286,750,0.0,1997-05-01
2287,750,20.0,1997-05-01
2287,919,20.0,2003-07-03
2288,750,0.0,1997-05-01
2289,750,0.0,1997-05-01
2290,750,30.0,1997-05-01
2290,1206,30.0,2003-07-03
2291,750,0.0,1997-05-01
2293,750,48.0,1997-05-01
2293,1207,48.0,2003-07-03
2294,750,0.0,1997-05-01
2295,750,39.0,1997-05-01
2295,1208,39.0,2003-07-03
2296,750,0.0,1997-05-01
2297,750,0.0,1997-05-01
2298,750,0.0,1997-05-01
2299,750,0.0,1997-05-01
2300,750,0.0,1997-05-01
2301,750,35.0,1997-05-01
2301,835,35.0,2003-07-03
2302,750,0.0,1997-05-01
2303,750,5.0,1997-05-01
2303,837,5.0,2003-07-03
2304,750,0.0,1997-05-01
2305,750,29.0,1997-05-01
2305,1210,29.0,2003-07-03
2306,750,0.0,1997-05-01
2307,750,0.0,1997-05-01
2308,750,0.0,1997-05-01
2309,750,0.0,1997-05-01
2310,750,0.0,1997-05-01
2311,750,0.0,1997-05-01
2312,750,0.0,1997-05-01
2313,750,0.0,1997-05-01
2314,750,0.0,1997-05-01
2315,750,0.0,1997-05-01
2316,750,0.0,1997-05-01
2317,750,0.0,1997-05-01
2318,750,0.0,1997-05-01
2319,750,0.0,1997-05-01
2320,750,0.0,1997-05-01
2321,750,0.0,1997-05-01
2322,750,27.0,1997-05-01
2322,1211,27.0,2003-07-04
2323,750,0.0,1997-05-01
2324,750,0.0,1997-05-01
2325,750,0.0,1997-05-01
2326,750,12.0,1997-05-01
2326,752,12.0,2003-07-04
2327,750,60.0,1997-05-01
2327,1213,60.0,2003-07-04
2328,750,0.0,1997-05-01
2330,750,0.0,1997-05-01
2331,750,0.0,1997-05-01
2332,750,0.0,1997-05-01
2333,750,0.0,1997-05-01
2335,750,0.0,1997-05-01
2336,750,0.0,1997-05-01
2337,750,0.0,1997-05-01
2338,750,0.0,1997-05-01
2339,750,0.0,1997-05-01
2340,750,0.0,1997-05-01
2341,750,0.0,1997-05-01
2342,750,0.0,1997-05-01
2343,750,16.0,1997-05-01
2343,1221,16.0,2003-07-07
2344,750,18.0,1997-05-01
2344,1211,18.0,2003-07-07
2345,750,9.0,1997-05-01
2345,1223,9.0,2003-07-07
2346,750,13.0,1997-05-01
2346,837,13.0,2003-07-07
2347,750,0.0,1997-05-01
2348,750,0.0,1997-05-01
2349,750,0.0,1997-05-01
2350,750,28.0,1997-05-01
2350,1224,28.0,2003-07-07
2351,750,0.0,1997-05-01
2352,750,40.0,1997-05-01
2352,1225,40.0,2003-07-07
2353,750,0.0,1997-05-01
2354,750,0.0,1997-05-01
2355,750,0.0,1997-05-01
2356,750,4.0,1997-05-01
2356,1226,4.0,2003-07-07
2357,750,0.0,1997-05-01
2358,750,39.0,1997-05-01
2358,1227,39.0,2003-07-07
2359,750,0.0,1997-05-01
2360,750,0.0,1997-05-01
2361,750,20.0,1997-05-01
2362,750,0.0,1997-05-01
2363,750,3.0,1997-05-01
2363,837,3.0,2003-05-21
2364,750,60.0,1997-05-01
2364,1213,60.0,2003-07-07
2365,750,60.0,1997-05-01
2365,1213,60.0,2003-07-07
2366,750,0.0,1997-05-01
2367,750,0.0,1997-05-01
2368,750,0.0,1997-05-01
2369,750,0.0,1997-05-01
2370,750,12.0,1997-05-01
2370,1233,12.0,2003-07-07
2371,750,0.0,1997-05-01
2372,750,0.0,1997-05-01
2373,750,0.0,1997-05-01
2374,750,39.0,1997-05-01
2374,1236,39.0,2003-07-07
2375,750,0.0,1997-05-01
2376,750,0.0,1997-05-01
2377,750,0.0,1997-05-01
2378,750,10.0,1997-05-01
2378,1240,10.0,2003-07-08
2379,750,0.0,1997-05-01
2380,750,11.0,1997-05-01
2380,1006,11.0,2003-07-08
2381,750,0.0,1997-05-01
2382,750,0.0,1997-05-01
2383,750,0.0,1997-05-01
2384,750,0.0,1997-05-01
2385,750,61.0,1997-05-01
2385,1227,61.0,2003-07-08
2386,750,11.0,1997-05-01
2386,1249,11.0,2003-07-08
2387,750,0.0,1997-05-01
2388,750,64.0,1997-05-01
2388,1254,35.0,2003-07-08
2388,1162,29.0,2003-07-08
2389,750,0.0,1997-05-01
2390,750,0.0,1997-05-01
2391,750,0.0,1997-05-01
2392,750,0.0,1997-05-01
2393,750,45.0,1997-05-01
2393,1162,45.0,2003-07-08
2394,750,13.0,1997-05-01
2394,1258,13.0,2003-07-08
2395,750,39.0,1997-05-01
2395,1259,39.0,2003-07-08
2396,750,56.0,1997-05-01
2396,1260,56.0,2003-07-08
2397,750,0.0,1997-05-01
2398,750,5.0,1997-05-01
2398,809,5.0,2003-07-08
2399,750,3.0,1997-05-01
2399,1106,3.0,2003-05-21
2400,750,0.0,1997-05-01
2401,750,10.0,1997-05-01
2401,1265,10.0,2003-07-08
2402,750,0.0,1997-05-01
2403,750,0.0,1997-05-01
2404,750,0.0,1997-05-01
2405,750,5.0,1997-05-01
2405,1271,5.0,2003-07-08
2406,750,15.0,1997-05-01
2406,835,15.0,2003-07-08
2407,750,0.0,1997-05-01
2408,750,6.0,1997-05-01
2408,1163,6.0,2003-07-08
2409,750,62.0,1997-05-01
2409,1273,62.0,2003-07-09
2410,750,0.0,1997-05-01
2411,750,0.0,1997-05-01
2412,750,0.0,1997-05-01
2413,750,18.0,1997-05-01
2413,1211,18.0,2003-07-08
2414,750,0.0,1997-05-01
2415,750,0.0,1997-05-01
2416,750,0.0,1997-05-01
2417,750,25.0,1997-05-01
2417,1201,25.0,2003-07-09
2418,750,0.0,1997-05-01
2419,750,23.0,1997-05-01
2419,1277,23.0,2003-07-09
2420,750,0.0,1997-05-01
2421,750,9.0,1997-05-01
2421,1278,9.0,2003-07-09
2422,750,0.0,1997-05-01
2423,750,23.0,1997-05-01
2423,1277,23.0,2003-07-09
2424,750,0.0,1997-05-01
2425,750,0.0,1997-05-01
2426,750,0.0,1997-05-01
2427,750,0.0,1997-05-01
2428,750,0.0,1997-05-01
2429,750,0.0,1997-05-01
2430,750,0.0,1997-05-01
2431,750,0.0,1997-05-01
2432,750,0.0,1997-05-01
2433,750,0.0,1997-05-01
2434,750,0.0,1997-05-01
2435,750,0.0,1997-05-01
2436,750,0.0,1997-05-01
2437,750,0.0,1997-05-01
2438,750,0.0,1997-05-01
2439,750,0.0,1997-05-01
2440,750,0.0,1997-05-01
2441,750,30.0,1997-05-01
2441,1210,30.0,2003-07-09
2442,750,0.0,1997-05-01
2443,750,10.0,1997-05-01
2443,1285,10.0,2003-07-09
2444,750,15.0,1997-05-01
2444,835,15.0,2003-07-09
2445,750,0.0,1997-05-01
2447,750,0.0,1997-05-01
2448,750,24.0,1997-05-01
2448,819,24.0,2003-07-09
2449,750,20.0,1997-05-01
2449,819,20.0,2003-07-09
2450,750,0.0,1997-05-01
2451,750,31.0,2014-12-16
2451,1287,31.0,2014-12-16
2452,750,0.0,1997-05-01
2453,750,0.0,1997-05-01
2454,750,0.0,1997-05-01
2455,750,36.0,1997-05-01
2455,1288,36.0,2003-07-10
2456,750,0.0,1997-05-01
2457,750,0.0,1997-05-01
2458,750,29.0,1997-05-01
2458,1289,29.0,2003-07-10
2459,750,0.0,1997-05-01
2460,750,9.0,1997-05-01
2460,808,9.0,2003-07-10
2461,750,0.0,1997-05-01
2462,750,0.0,1997-05-01
2463,750,0.0,1997-05-01
2464,750,0.0,1997-05-01
2465,750,0.0,1997-05-01
2466,750,0.0,1997-05-01
2467,750,0.0,1997-05-01
2468,750,0.0,1997-05-01
2469,750,0.0,1997-05-01
2470,750,19.0,1997-05-01
2470,835,19.0,2003-07-10
2471,750,0.0,1997-05-01
2472,750,0.0,1997-05-01
2473,750,0.0,1997-05-01
2474,750,0.0,1997-05-01
2475,750,0.0,1997-05-01
2476,750,0.0,1997-05-01
2477,750,0.0,1997-05-01
2478,750,0.0,1997-05-01
2479,750,0.0,1997-05-01
2480,750,0.0,1997-05-01
2481,750,0.0,1997-05-01
2482,750,0.0,1997-05-01
2483,750,0.0,1997-05-01
2484,750,18.0,1997-05-01
2485,750,0.0,1997-05-01
2486,750,0.0,1997-05-01
2487,750,0.0,1997-05-01
2490,750,0.0,1997-05-01
2491,750,0.0,1997-05-01
2492,750,0.0,1997-05-01
2493,750,0.0,1997-05-01
2494,750,0.0,1997-05-01
2495,750,0.0,1997-05-01
2496,750,0.0,1997-05-01
2497,750,0.0,1997-05-01
2498,750,0.0,1997-05-01
2499,750,0.0,1997-05-01
2500,750,33.0,1997-05-01
2500,1305,33.0,2003-07-14
2501,750,0.0,1997-05-01
2502,750,0.0,1997-05-01
2505,750,0.0,2000-11-07
2506,750,0.0,1997-05-01
2507,750,32.0,1997-05-01
2507,821,32.0,2000-10-27
2508,750,64.0,1997-05-01
2508,843,64.0,2000-10-30
2509,750,0.0,1997-05-01
2510,750,0.0,2003-05-16
2511,750,0.0,1997-05-01
2512,750,0.0,1997-05-01
2513,750,0.0,1997-05-01
2514,750,0.0,1997-05-01
2515,750,0.0,1997-05-01
2516,750,26.0,1997-05-01
2516,821,26.0,2000-10-30
2517,750,0.0,1997-05-01
2518,750,49.0,1997-05-01
2518,821,49.0,2000-10-30
2519,750,0.0,1997-05-01
2521,750,0.0,1997-05-01
2522,750,0.0,1997-05-01
2523,750,0.0,1997-05-01
2524,750,0.0,1997-05-01
2525,750,0.0,1997-05-01
2526,750,46.0,1997-05-01
2526,821,46.0,2000-10-30
2527,750,0.0,1997-05-01
2528,750,0.0,1997-05-01
2529,750,0.0,1997-05-01
2530,750,0.0,1997-05-01
2531,750,38.0,1997-05-01
2531,821,38.0,2000-10-30
2532,750,38.0,1997-05-01
2532,821,38.0,2000-10-27
2533,750,0.0,1997-05-01
2534,750,60.0,1997-05-01
2534,821,60.0,2000-10-27
2535,750,0.0,1997-05-01
2536,750,0.0,1997-05-01
2537,750,0.0,1997-05-01
2538,750,0.0,1997-05-01
2539,750,0.0,1997-05-01
2540,750,0.0,1997-05-01
2543,750,39.0,1997-05-01
2543,821,39.0,2000-10-27
2544,750,52.0,1997-05-01
2544,821,52.0,2000-10-27
2545,750,73.0,1997-05-01
2545,821,73.0,2000-10-27
2546,750,0.0,1997-05-01
2547,750,0.0,1997-05-01
2548,750,0.0,1997-05-01
2549,750,16.0,1997-05-01
2549,821,16.0,2000-10-27
2550,750,0.0,1997-05-01
2551,750,0.0,1997-05-01
2552,750,25.0,1997-05-01
2552,821,25.0,2000-10-27
2553,750,26.0,1997-05-01
2553,821,26.0,2000-10-27
2554,750,0.0,1997-05-01
2555,750,20.0,1997-05-01
2555,821,20.0,2000-10-27
2556,750,0.0,1997-05-01
2557,750,0.0,1997-05-01
2558,750,48.0,1997-05-01
2558,841,48.0,2000-10-27
2559,750,0.0,1997-05-01
2560,750,0.0,1997-05-01
2561,750,0.0,1997-05-01
2562,750,0.0,1997-05-01
2563,750,0.0,1997-05-01
2564,750,0.0,1997-05-01
2565,750,0.0,1997-05-01
2566,750,0.0,1997-05-01
2567,750,54.0,1997-05-01
2567,821,54.0,2000-10-27
2568,750,0.0,1997-05-01
2569,750,0.0,1997-05-01
2571,750,24.0,1997-05-01
2571,821,24.0,2000-10-27
2572,750,24.0,1997-05-01
2572,821,24.0,2000-10-27
2573,750,41.0,1997-05-01
2573,842,41.0,2000-10-27
2574,750,68.0,1997-05-01
2574,821,68.0,2000-10-27
2575,750,69.0,1997-05-01
2575,821,69.0,2000-10-27
2576,750,0.0,1997-05-01
2577,750,0.0,1997-05-01
2578,750,0.0,1997-05-01
2579,750,0.0,1997-05-01
2580,750,0.0,1997-05-01
2581,750,0.0,1997-05-01
2582,750,47.0,1997-05-01
2582,821,47.0,2000-10-27
2583,750,0.0,1997-05-01
2584,750,0.0,1997-05-01
2585,750,81.0,1997-05-01
2585,821,81.0,2000-10-27
2586,750,23.0,1997-05-01
2586,821,23.0,2000-10-27
2587,750,43.0,1997-05-01
2587,821,43.0,2000-10-27
2588,750,47.0,2023-05-26
2588,821,47.0,2023-05-26
2589,750,76.0,1997-05-01
2589,821,76.0,2000-10-27
2590,750,55.0,1997-05-01
2590,821,55.0,2000-10-27
2591,750,0.0,1997-05-01
2592,750,0.0,1997-05-01
2593,750,0.0,1997-05-01
2594,750,37.0,1997-05-01
2594,840,37.0,2000-10-27
2596,750,0.0,1997-05-01
2597,750,0.0,1997-05-01
2598,750,0.0,1997-05-01
2599,750,63.0,1997-05-01
2599,857,63.0,2000-10-30
2600,750,34.0,1997-05-01
2600,821,34.0,2000-10-27
2601,750,0.0,1997-05-01
2602,750,0.0,1997-05-01
2603,750,0.0,1997-05-01
2604,750,0.0,1997-05-01
2605,750,0.0,1997-05-01
2607,750,0.0,1997-05-01
2608,750,0.0,1997-05-01
2610,750,0.0,1997-05-01
2611,750,0.0,1997-05-01
2612,750,34.0,1997-05-01
2612,821,34.0,2000-10-27
2613,750,0.0,1997-05-01
2614,750,0.0,1997-05-01
2615,750,47.0,1997-05-01
2615,821,47.0,2000-10-30
2616,750,0.0,1997-05-01
2617,750,0.0,1997-05-01
2618,750,0.0,1997-05-01
2619,750,0.0,1997-05-01
2620,750,0.0,1997-05-01
2621,750,0.0,1997-05-01
2622,750,0.0,1997-05-01
2623,750,0.0,1997-05-01
2624,750,0.0,1997-05-01
2625,750,0.0,1997-05-01
2626,750,0.0,1997-05-01
2627,750,0.0,1997-05-01
2628,750,0.0,1997-05-01
2629,750,0.0,1997-05-01
2632,750,0.0,1997-05-01
2633,750,0.0,1997-05-01
2635,750,0.0,1997-05-01
2636,750,0.0,1997-05-01
2637,821,47.0,2023-05-26
2637,750,47.0,2023-05-26
2638,750,0.0,1997-05-01
2639,750,0.0,1997-05-01
2640,750,0.0,1997-05-01
2641,750,0.0,1997-05-01
2642,750,0.0,1997-05-01
2643,750,0.0,1997-05-01
2644,750,47.0,2023-05-26
2644,821,47.0,2003-08-08
2645,750,0.0,1997-05-01
2650,750,0.0,2004-06-02
2651,750,0.0,1997-05-01
2652,750,0.0,1997-05-01
2653,750,29.0,2004-06-02
2653,1449,29.0,2004-06-02
2654,750,0.0,1997-05-01
2655,750,0.0,1997-05-01
2656,750,0.0,1997-05-01
2657,750,0.0,1997-05-01
2658,750,24.0,1997-05-01
2658,782,24.0,2003-12-23
2659,750,0.0,1997-05-01
2660,750,0.0,1997-05-01
2661,750,0.0,1997-05-01
2662,750,0.0,1997-05-01
2663,750,0.0,1997-05-01
2664,750,0.0,1997-05-01
2665,750,0.0,1997-05-01
2666,750,0.0,1997-05-01
2667,750,0.0,1997-05-01
2668,750,16.0,1997-05-01
2668,778,16.0,2000-10-16
2669,750,16.0,2003-12-23
2669,779,16.0,2003-12-23
2670,750,0.0,1997-05-01
2676,750,30.3,2003-12-23
2676,781,0.3,2003-12-23
2676,758,30.0,2003-12-23
2683,750,0.0,1997-05-01
2685,750,0.0,2002-02-12
2687,750,0.0,1997-05-01
2689,750,0.0,2002-02-12
2690,750,0.0,1997-05-01
2692,750,0.0,1997-05-01
2694,750,0.0,1997-05-01
2696,750,0.0,2002-02-12
2698,750,0.0,1997-05-01
2700,750,0.0,1997-05-01
2702,750,0.0,1997-05-01
2704,750,0.0,1997-05-01
2705,750,0.0,1997-05-01
2706,750,0.0,1997-05-01
2707,750,0.0,1997-05-01
2708,750,0.0,2002-02-12
2712,750,1.0,1997-05-01
2712,781,1.0,2003-12-29
2713,750,17.0,1997-05-01
2713,781,1.0,2003-12-29
2713,758,17.0,2006-09-18
2786,750,0.0,1997-05-01
2787,750,18.0,1997-05-01
2788,750,0.0,1997-05-01
2789,750,1.0,1997-05-01
2789,781,1.0,2003-12-29
2790,750,1.0,1997-05-01
2790,781,1.0,2003-12-29
2791,750,0.0,1997-05-01
2792,750,0.0,1997-05-01
2797,750,0.0,1997-05-01
2835,750,0.0,1997-05-01
2837,750,0.0,1997-05-01
2838,750,0.0,1997-05-01
2841,750,0.0,1997-05-01
2842,750,0.0,1997-05-01
2843,750,0.0,1997-05-01
2844,750,0.0,1997-05-01
2845,750,0.0,1997-05-01
2846,750,0.0,1997-05-01
2847,750,0.0,1997-05-01
2848,750,0.0,1997-05-01
2849,750,0.0,1997-05-01
2850,750,0.0,1997-05-01
2852,750,0.0,1997-05-01
2853,750,0.0,1997-05-01
2854,750,0.0,1997-05-01
2855,750,0.0,1997-05-01
2856,750,0.0,1997-05-01
2857,750,0.0,1997-05-01
2858,750,0.0,1997-05-01
2859,750,0.0,1997-05-01
2860,750,0.0,1997-05-01
2861,750,0.0,1997-05-01
2862,750,0.0,1997-05-01
2863,750,0.0,1997-05-01
2864,750,0.0,1997-05-01
2865,750,0.0,1997-05-01
2866,750,0.0,1997-05-01
2867,750,0.0,1997-05-01
2868,750,0.0,1997-05-01
2869,750,0.0,1997-05-01
2871,750,0.0,1997-05-01
2873,750,0.0,1997-05-01
2874,750,0.0,1997-05-01
2875,750,0.0,1997-05-01
2876,750,0.0,1997-05-01
2877,750,0.0,1997-05-01
2878,750,0.0,1997-05-01
2879,750,0.0,1997-05-01
2880,750,0.0,1997-05-01
2881,750,0.0,1997-05-01
2882,750,0.0,1997-05-01
2883,750,0.0,1997-05-01
2884,750,0.0,1997-05-01
2885,750,0.0,1997-05-01
2888,750,0.0,1997-05-01
2889,750,0.0,1997-05-01
2892,750,0.0,1997-05-01
2893,750,0.0,1997-05-01
2894,750,0.0,1997-05-01
2895,750,0.0,1997-05-01
2896,750,0.0,2008-09-18
2898,750,0.0,1997-05-01
2899,750,0.0,1997-05-01
2900,750,0.0,2008-09-18
2902,750,0.0,1997-05-01
2903,750,0.0,1997-05-01
2904,750,0.0,1997-05-01
2905,750,0.0,1997-05-01
2906,750,0.0,1997-05-01
2907,750,0.0,1997-05-01
2908,750,0.0,1997-05-01
2909,750,0.0,1997-05-01
2910,750,0.0,1997-05-01
2911,750,0.0,1997-05-01
2912,750,0.0,1997-05-01
2914,750,0.0,1997-05-01
2915,750,0.0,1997-05-01
2916,750,0.0,1997-05-01
2918,750,0.0,1997-05-01
2919,750,0.0,1997-05-01
2920,750,0.0,1997-05-01
2921,750,0.0,1997-05-01
2922,750,0.0,1997-05-01
2924,750,0.0,1997-05-01
2925,750,0.0,1997-05-01
2926,750,0.0,1997-05-01
2928,750,0.0,1997-05-01
2929,750,0.0,1997-05-01
2930,750,0.0,1997-05-01
2931,750,0.0,1997-05-01
2932,750,0.0,1997-05-01
2933,750,0.0,1997-05-01
2934,750,0.0,1997-05-01
2935,750,0.0,1997-05-01
2936,750,0.0,1997-05-01
2937,750,0.0,1997-05-01
2938,750,0.0,1997-05-01
2939,750,0.0,1997-05-01
2940,750,0.0,1997-05-01
2941,750,0.0,1997-05-01
2942,750,0.0,1997-05-01
2943,750,0.0,1997-05-01
2948,750,0.0,1997-05-01
2949,750,0.0,1997-05-01
2951,750,0.0,1997-05-01
2952,750,0.0,1997-05-01
2953,750,0.0,1997-05-01
2954,750,0.0,1997-05-01
2955,750,0.0,1997-05-01
2956,750,0.0,1997-05-01
2957,750,0.0,1997-05-01
2958,750,0.0,1997-05-01
2959,750,0.0,1997-05-01
2960,750,0.0,1997-05-01
2961,750,0.0,1997-05-01
2962,750,0.0,1997-05-01
2963,750,0.0,1997-05-01
2964,750,0.0,1997-05-01
2965,750,0.0,2002-02-12
2966,750,0.0,2002-02-12
2967,750,0.0,1997-05-01
2968,750,0.0,1997-05-01
2969,750,0.0,1997-05-01
2970,750,0.0,1997-05-01
2971,750,0.0,2002-02-12
2972,750,0.0,1997-05-01
2973,750,0.0,1997-05-01
2974,750,0.0,1997-05-01
2975,750,0.0,1997-05-01
2976,750,0.0,1997-05-01
2977,750,0.0,1997-05-01
2978,750,0.0,1997-05-01
2979,750,0.0,1997-05-01
2980,750,0.0,1997-05-01
2981,750,0.0,1997-05-01
2982,750,0.0,1997-05-01
2983,750,0.0,1997-05-01
2984,750,0.0,1997-05-01
2985,750,0.0,1997-05-01
2986,750,65.0,2000-10-19
2987,750,65.0,2000-10-19
2988,750,67.0,2000-10-19
2989,750,66.0,2000-10-19
2990,750,74.0,2000-10-19
2991,750,68.0,2000-10-19
2992,750,68.0,2000-10-19
2993,750,65.0,2000-10-19
2994,750,65.0,2000-10-19
2995,750,0.0,1997-05-01
2996,750,65.0,2000-10-19
2997,750,0.0,1997-05-01
2998,750,0.0,1997-05-01
2999,750,0.0,1997-05-01
3000,750,70.0,2000-10-19
3001,750,0.0,1997-05-01
3002,750,70.0,2000-10-19
3003,750,65.0,2000-10-19
3004,750,55.0,2000-10-19
3005,750,55.0,2000-10-19
3006,750,0.0,1997-05-01
3007,750,64.0,2000-10-19
3008,750,0.0,1997-05-01
3009,750,62.0,2000-10-19
3010,750,62.0,2000-10-19
3011,750,0.0,1997-05-01
3012,750,64.0,2000-10-19
3013,750,64.0,2000-10-19
3014,750,46.0,2000-10-19
3015,750,46.0,2000-10-19
3016,750,0.0,1997-05-01
3017,750,0.0,1997-05-01
3018,750,46.0,2000-10-19
3019,750,66.0,2000-10-19
3020,750,66.0,2000-10-19
3021,750,0.0,2004-01-09
3022,750,67.0,2000-10-20
3023,750,0.0,1997-05-01
3024,750,65.0,2000-10-20
3025,750,67.0,2000-10-20
3026,750,67.0,2000-10-20
3027,750,67.0,2000-10-20
3028,750,0.0,2004-01-09
3029,750,65.0,2000-10-20
3030,750,65.0,2000-10-20
3031,750,72.0,2000-10-20
3032,750,72.0,2000-10-20
3033,750,69.0,2000-10-20
3034,750,65.0,2000-10-20
3035,750,65.0,2000-10-20
3036,750,65.0,2000-10-20
3037,750,65.0,2000-10-20
3038,750,66.0,2000-10-20
3039,750,66.0,2000-10-20
3040,750,66.0,2000-10-20
3041,750,67.0,2000-10-20
3042,750,67.0,2000-10-20
3043,750,72.0,2000-10-20
3044,750,72.0,2000-10-20
3045,750,0.0,2008-09-18
3046,750,0.0,2004-01-09
3047,750,66.0,2000-10-20
3048,750,0.0,1997-05-01
3049,750,65.0,2000-10-20
3050,750,0.0,1997-05-01
3051,750,65.0,2000-10-20
3052,750,65.0,2000-10-20
3053,750,65.0,2000-10-20
3054,750,0.0,1997-05-01
3055,750,72.0,2000-10-20
3056,750,62.0,2000-10-20
3057,750,62.0,2000-10-20
3058,750,65.0,2000-10-20
3059,750,46.0,2000-10-20
3060,750,0.0,2004-01-09
3061,750,0.0,1997-05-01
3062,750,65.0,2000-10-20
3063,750,65.0,2000-10-20
3064,750,0.0,2004-06-07
3065,750,0.0,2004-06-07
3066,750,68.0,2000-10-20
3067,750,68.0,2000-10-20
3068,750,72.0,2000-10-20
3069,750,0.0,2004-06-07
3070,750,0.0,2004-06-07
3071,750,0.0,1997-05-01
3072,750,65.0,2004-01-09
3073,750,72.0,2004-01-09
3074,750,0.0,1997-05-01
3075,750,0.0,2004-06-07
3076,750,0.0,2004-06-07
3077,750,66.0,2004-01-09
3078,750,73.0,2004-01-09
3079,750,65.0,2008-09-18
3080,750,65.0,2000-10-20
3081,750,0.0,1997-05-01
3082,750,65.0,2004-01-09
3083,750,0.0,1997-05-01
3084,750,0.0,1997-05-01
3086,750,0.0,1997-05-01
3087,750,64.0,2000-10-20
3089,750,73.0,2000-10-20
3090,750,73.0,2000-10-20
3091,750,73.0,2000-10-20
3092,750,67.0,2000-10-20
3093,750,62.0,2000-10-20
3094,750,62.0,2000-10-20
3095,750,0.0,1997-05-01
3096,750,86.0,2000-10-20
3097,750,86.0,2000-10-20
3098,750,0.0,1997-05-01
3099,750,0.0,1997-05-01
3100,750,76.0,2000-10-20
3101,750,72.0,2008-09-18
3104,750,0.0,1997-05-01
3105,750,0.0,1997-05-01
3106,750,77.0,2000-10-20
3108,750,0.0,1997-05-01
3109,750,85.0,2000-10-20
3110,750,0.0,1997-05-01
3111,750,85.0,2000-10-20
3112,750,0.0,1997-05-01
3113,750,0.0,1997-05-01
3115,750,70.0,2000-10-20
3116,750,70.0,2000-10-20
3117,750,0.0,1997-05-01
3118,750,46.0,2000-10-20
3119,750,0.0,1997-05-01
3120,750,46.0,2000-10-20
3121,750,0.0,1997-05-01
3122,750,46.0,2000-10-20
3123,750,0.0,1997-05-01
3124,750,0.0,1997-05-01
3125,750,0.0,1997-05-01
3126,750,0.0,1997-05-01
3129,750,0.0,1997-05-01
3130,750,0.0,1997-05-01
3131,750,0.0,1997-05-01
3132,750,0.0,1997-05-01
3133,750,0.0,1997-05-01
3134,750,65.0,2000-10-19
3135,750,65.0,2000-10-19
3136,750,67.0,2000-10-19
3137,750,66.0,2000-10-19
3138,750,74.0,2000-10-19
3139,750,66.0,2008-09-18
3140,750,73.0,2008-09-18
3141,750,70.0,2000-10-19
3142,750,65.0,2000-10-19
3143,750,64.0,2000-10-19
3144,750,46.0,2000-10-19
3145,750,66.0,2000-10-19
3146,750,66.0,2000-10-19
3147,750,65.0,2000-10-20
3148,750,67.0,2000-10-20
3149,750,0.0,2008-09-18
3151,750,65.0,2000-10-20
3152,750,66.0,2000-10-20
3153,750,69.0,2000-10-20
3154,750,0.0,2008-09-18
3155,750,66.0,2000-10-20
3156,750,65.0,2000-10-20
3157,750,65.0,2000-10-20
3158,750,65.0,2000-10-20
3159,750,65.0,2000-10-20
3160,750,72.0,2000-10-20
3161,750,65.0,2000-10-20
3162,750,46.0,2000-10-20
3163,750,72.0,2008-09-18
3164,750,65.0,2008-09-18
3165,750,72.0,2000-10-20
3166,750,65.0,2000-10-20
3168,750,64.0,2000-10-20
3169,750,65.0,2000-10-20
3170,750,73.0,2000-10-20
3171,750,67.0,2000-10-20
3172,750,76.0,2000-10-20
3173,750,72.0,2000-10-20
3174,750,77.0,2000-10-20
3176,750,0.0,1997-05-01
3177,750,46.0,2000-10-20
3178,750,66.0,2000-10-20
3179,750,65.0,2000-10-19
3180,750,65.0,2008-09-18
3181,750,65.0,2008-09-18
3182,750,65.0,2000-10-20
3183,750,65.0,2008-09-18
3184,750,65.0,2000-10-20
3185,750,65.0,2008-09-18
3186,750,65.0,2000-10-20
3187,750,65.0,2000-10-20
3190,750,20.0,2008-09-18
3191,750,20.0,2000-10-20
3192,750,20.0,2000-10-20
3193,750,65.0,2000-10-20
3194,750,66.0,2000-10-19
3195,750,66.0,2008-09-18
3196,750,66.0,2000-10-19
3197,750,73.0,2000-10-19
3198,750,66.0,2000-10-19
3199,750,66.0,2000-10-19
3200,750,64.0,2000-10-19
3202,750,65.0,2000-10-20
3203,750,0.0,1997-05-01
3204,750,65.0,2000-10-20
3205,750,65.0,2000-10-20
3206,750,65.0,2000-10-20
3207,750,0.0,1997-05-01
3208,750,65.0,2000-10-20
3209,750,78.0,2000-10-20
3210,750,78.0,2000-10-20
3211,750,13.0,2014-02-24
3211,502531,13.0,2014-02-24
3212,750,13.0,2014-02-24
3212,502531,13.0,2014-02-24
3213,750,0.0,2008-09-18
3214,750,0.0,1997-05-01
3215,750,65.0,2000-10-20
3216,750,64.0,2000-10-19
3217,750,65.0,2000-10-20
3218,750,0.0,1997-05-01
3219,750,65.0,2000-10-20
3220,750,65.0,2000-10-20
3221,750,65.0,2000-10-20
3222,750,0.0,1997-05-01
3223,750,0.0,1997-05-01
3224,750,0.0,1997-05-01
3225,750,0.0,1997-05-01
3226,750,0.0,1997-05-01
3227,750,65.0,2000-10-20
3228,750,65.0,2000-10-20
3231,750,0.0,1997-05-01
3232,750,0.0,1997-05-01
3239,750,0.0,1997-05-01
3240,750,0.0,1997-05-01
3241,750,0.0,2001-07-09
3242,750,0.0,1997-05-01
3243,750,0.0,1997-05-01
3244,750,0.0,1997-05-01
3245,750,0.0,1997-05-01
3246,750,0.0,1997-05-01
3247,750,0.0,1997-05-01
3248,750,0.0,1997-05-01
3249,750,0.0,1997-05-01
3250,750,0.0,1997-05-01
3251,750,0.0,1997-05-01
3252,750,0.0,1997-05-01
3253,750,0.0,1997-05-01
3254,750,0.0,1997-05-01
3255,750,0.0,1997-05-01
3256,750,0.0,1997-05-01
3257,750,0.0,1997-05-01
3258,750,0.0,1997-05-01
3259,750,0.0,1997-05-01
3260,750,0.0,1997-05-01
3261,750,0.0,1997-05-01
3264,750,0.0,1997-05-01
3265,750,0.0,1997-05-01
3266,750,0.0,1997-05-01
3267,750,0.0,1997-05-01
3268,750,0.0,1997-05-01
3269,750,0.0,1997-05-01
3270,750,0.0,1997-05-01
3271,750,0.0,1997-05-01
3272,750,0.0,1997-05-01
3273,750,0.0,1997-05-01
3274,750,0.0,1997-05-01
3275,750,0.0,1997-05-01
3276,750,0.0,1997-05-01
3277,750,0.0,1997-05-01
3278,750,0.0,1997-05-01
3279,750,0.0,1997-05-01
3280,750,0.0,1997-05-01
3281,750,0.0,1997-05-01
3282,750,0.0,1997-05-01
3283,750,0.0,1997-05-01
3284,750,0.0,1997-05-01
3285,750,0.0,1997-05-01
3286,750,0.0,1997-05-01
3287,750,0.0,1997-05-01
3288,750,0.0,1997-05-01
3289,750,0.0,1997-05-01
3290,750,0.0,1997-05-01
3291,750,0.0,1997-05-01
3292,750,0.0,1997-05-01
3293,750,0.0,1997-05-01
3294,750,0.0,1997-05-01
3295,750,0.0,1997-05-01
3296,750,0.0,1997-05-01
3297,750,0.0,1997-05-01
3298,750,0.0,1997-05-01
3299,750,0.0,1997-05-01
3300,750,0.0,1997-05-01
3301,750,0.0,1997-05-01
3302,750,0.0,1997-05-01
3303,750,0.0,1997-05-01
3304,750,0.0,1997-05-01
3305,750,0.0,1997-05-01
3306,750,0.0,1997-05-01
3307,750,0.0,1997-05-01
3308,750,0.0,1997-05-01
3309,750,0.0,1997-05-01
3310,750,0.0,1997-05-01
3311,750,0.0,1997-05-01
3312,750,0.0,1997-05-01
3313,750,0.0,1997-05-01
3314,750,0.0,1997-05-01
3315,750,0.0,2001-10-09
3316,750,0.0,1997-05-01
3317,750,0.0,1997-05-01
3318,750,0.0,1997-05-01
3319,750,0.0,1997-05-01
3320,750,0.0,1997-05-01
3321,750,0.0,1997-05-01
3322,750,0.0,1997-05-01
3323,750,0.0,1997-05-01
3324,750,0.0,1997-05-01
3325,750,0.0,1997-05-01
3326,750,0.0,1997-05-01
3327,750,0.0,1997-05-01
3328,750,0.0,1997-05-01
3329,750,0.0,1997-05-01
3330,750,0.0,1997-05-01
3331,750,0.0,1997-05-01
3332,750,0.0,1997-05-01
3333,750,0.0,1997-05-01
3334,750,0.0,1997-05-01
3335,750,0.0,1997-05-01
3336,750,0.0,1997-05-01
3337,750,0.0,1997-05-01
3338,750,0.0,1997-05-01
3339,750,0.0,1997-05-01
3340,750,0.0,1997-05-01
3341,750,0.0,1997-05-01
3342,750,0.0,1997-05-01
3343,750,0.0,1997-05-01
3344,750,0.0,1997-05-01
3345,750,0.0,1997-05-01
3347,750,0.0,1997-05-01
3348,750,0.0,1997-05-01
3349,750,0.0,1997-05-01
3350,750,0.0,1997-05-01
3351,750,0.0,1997-05-01
3352,750,0.0,1997-05-01
3353,750,0.0,1997-05-01
3354,750,0.0,1997-05-01
3355,750,0.0,1997-05-01
3356,750,0.0,1997-05-01
3357,750,0.0,1997-05-01
3358,750,0.0,1997-05-01
3359,750,0.0,1997-05-01
3360,750,0.0,1997-05-01
3361,750,0.0,1997-05-01
3362,750,0.0,1997-05-01
3363,750,0.0,1997-05-01
3364,750,0.0,1997-05-01
3365,750,0.0,1997-05-01
3366,750,0.0,1997-05-01
3367,750,0.0,1997-05-01
3368,750,0.0,1997-05-01
3369,750,0.0,1997-05-01
3370,750,0.0,1997-05-01
3371,750,0.0,1997-05-01
3372,750,0.0,1997-05-01
3373,750,0.0,1997-05-01
3374,750,0.0,1997-05-01
3375,750,0.0,1997-05-01
3376,750,0.0,1997-05-01
3377,750,0.0,1997-05-01
3378,750,0.0,1997-05-01
3379,750,0.0,1997-05-01
3380,750,0.0,1997-05-01
3381,750,0.0,1997-05-01
3382,750,0.0,1997-05-01
3383,750,0.0,1997-05-01
3384,750,0.0,1997-05-01
3385,750,0.0,1997-05-01
3386,750,0.0,1997-05-01
3387,750,0.0,1997-05-01
3388,750,0.0,1997-05-01
3389,750,0.0,1997-05-01
3390,750,0.0,1997-05-01
3391,750,0.0,1997-05-01
3392,750,0.0,1997-05-01
3393,750,0.0,1997-05-01
3394,750,0.0,1997-05-01
3395,750,0.0,1997-05-01
3396,750,0.0,2023-05-26
3397,750,0.0,1997-05-01
3398,750,0.0,1997-05-01
3399,750,0.0,1997-05-01
3400,750,0.0,1997-05-01
3401,750,0.0,1997-05-01
3403,750,0.0,1997-05-01
3404,750,0.0,1997-05-01
3407,750,0.0,1997-05-01
3408,750,0.0,1997-05-01
3409,750,0.0,1997-05-01
3410,750,0.0,1997-05-01
3411,750,0.0,1997-05-01
3412,750,0.0,1997-05-01
3413,750,0.0,1997-05-01
3414,750,0.0,1997-05-01
3415,750,0.0,1997-05-01
3416,750,0.0,1997-05-01
3418,750,0.0,1997-05-01
3422,750,42.0,1997-05-01
3422,751,23.0,2000-10-24
3422,758,19.0,2000-10-24
3423,750,42.0,1997-05-01
3423,751,25.0,2002-02-12
3423,758,17.0,2000-10-24
3424,750,0.0,1997-05-01
3425,750,0.0,1997-05-01
3428,750,59.0,1997-05-01
3428,751,52.0,2000-10-24
3428,758,7.0,2000-10-24
3429,750,62.0,1997-05-01
3429,751,56.0,2000-10-24
3429,758,6.0,2000-10-24
3432,750,36.0,1997-05-01
3432,751,21.0,2000-10-24
3432,758,15.0,2000-10-24
3433,750,35.0,1997-05-01
3433,751,22.0,2000-10-24
3433,758,13.0,2000-10-24
3445,750,46.0,1997-05-01
3445,751,21.0,2000-10-24
3445,758,25.0,2000-10-24
3446,750,44.0,1997-05-01
3446,751,23.0,2000-10-24
3446,758,21.0,2000-10-24
3451,750,57.0,1997-05-01
3451,751,27.0,2000-10-24
3451,758,30.0,2000-10-24
3452,750,55.0,1997-05-01
3452,751,30.0,2000-10-24
3452,758,25.0,2000-10-24
3458,750,39.0,1997-05-01
3458,751,21.0,2000-10-24
3458,758,18.0,2000-10-24
3460,750,38.0,1997-05-01
3460,751,24.0,2000-10-24
3460,758,14.0,2000-10-24
3478,750,0.0,1997-05-01
3479,750,0.0,1997-05-01
3480,750,0.0,1997-05-01
3481,750,30.0,1997-05-01
3481,751,30.0,2000-10-24
3482,750,31.0,1997-05-01
3482,751,31.0,2002-02-12
3483,750,50.0,1997-05-01
3483,751,30.0,2000-10-24
3483,758,20.0,2002-02-12
3484,750,49.0,1997-05-01
3484,751,31.0,2000-10-24
3484,758,18.0,2000-10-24
3485,750,0.0,1997-05-01
3486,750,0.0,1997-05-01
3487,750,45.0,1997-05-01
3487,751,45.0,2000-10-24
3488,750,50.0,1997-05-01
3488,751,50.0,2000-10-24
3489,750,56.0,1997-05-01
3489,751,45.0,2000-10-24
3489,758,11.0,2000-10-24
3490,750,59.0,1997-05-01
3490,751,50.0,2000-10-24
3490,758,9.0,2000-10-24
3491,750,23.0,1997-05-01
3491,751,23.0,2000-10-24
3492,750,24.0,1997-05-01
3492,751,24.0,2000-10-24
3493,750,37.0,1997-05-01
3493,751,23.0,2000-10-24
3493,758,14.0,2000-10-24
3494,750,36.0,1997-05-01
3494,751,24.0,2000-10-24
3494,758,12.0,2000-10-24
3495,750,24.0,1997-05-01
3495,751,24.0,2000-10-24
3496,750,27.0,1997-05-01
3496,751,27.0,2000-10-24
3497,750,50.0,1997-05-01
3497,751,24.0,2000-10-24
3497,758,26.0,2000-10-24
3498,750,49.0,1997-05-01
3498,751,27.0,2000-10-25
3498,758,22.0,2000-10-25
3499,750,31.0,1997-05-01
3499,751,31.0,2000-10-25
3500,750,32.0,1997-05-01
3500,751,32.0,2000-10-25
3501,750,59.0,1997-05-01
3501,751,31.0,2000-10-25
3501,758,28.0,2000-10-25
3502,750,57.0,1997-05-01
3502,751,32.0,2000-10-25
3502,758,25.0,2000-10-25
3503,750,25.0,1997-05-01
3503,751,25.0,2000-10-25
3504,750,29.0,1997-05-01
3504,751,29.0,2000-10-25
3505,750,45.0,1997-05-01
3505,751,25.0,2000-10-25
3505,758,20.0,2000-10-25
3506,750,46.0,1997-05-01
3506,751,29.0,2000-10-25
3506,758,17.0,2000-10-25
3507,750,31.0,1997-05-01
3507,751,31.0,2000-10-25
3508,750,28.0,1997-05-01
3508,751,28.0,2000-10-25
3509,750,35.0,1997-05-01
3509,751,31.0,2000-10-25
3509,758,4.0,2000-10-25
3510,750,34.0,1997-05-01
3510,751,28.0,2000-10-25
3510,758,6.0,2000-10-25
3511,750,0.0,1997-05-01
3512,750,0.0,1997-05-01
3513,750,0.0,1997-05-01
3514,750,0.0,1997-05-01
3515,750,0.0,1997-05-01
3516,750,0.0,1997-05-01
3517,750,0.0,1997-05-01
3518,750,0.0,1997-05-01
3519,750,2.0,1997-05-01
3519,758,2.0,2000-10-25
3520,750,0.0,1997-05-01
3521,750,0.0,1997-05-01
3522,750,2.0,1997-05-01
3522,758,2.0,2000-10-25
3523,750,36.0,1997-05-01
3523,751,36.0,2000-10-25
3524,750,36.0,1997-05-01
3524,751,36.0,2000-10-25
3525,750,36.0,1997-05-01
3525,751,36.0,2000-10-25
3526,750,42.0,1997-05-01
3526,751,36.0,2000-10-25
3526,758,6.0,2000-10-25
3527,750,45.0,1997-05-01
3527,751,36.0,2000-10-25
3527,758,9.0,2000-10-25
3528,750,42.0,1997-05-01
3528,751,36.0,2000-10-25
3528,758,6.0,2000-10-25
3529,750,19.42,2001-06-12
3529,751,19.42,2001-06-12
3530,750,37.0,1997-05-01
3530,751,37.0,2000-10-25
3531,750,33.0,1997-05-01
3531,751,33.0,2000-10-25
3532,750,37.99,2001-06-28
3532,751,19.42,2001-06-28
3532,936,6.26,2001-06-28
3532,937,12.31,2001-06-28
3533,750,42.0,1997-05-01
3533,751,37.0,2000-10-25
3533,758,5.0,2000-10-25
3534,750,40.0,1997-05-01
3534,751,33.0,2000-10-25
3534,758,7.0,2000-10-25
3535,750,11.52,2001-06-28
3535,751,11.52,2001-06-28
3536,750,31.0,1997-05-01
3536,751,31.0,2000-10-25
3537,750,16.35,2001-06-28
3537,751,16.35,2001-06-28
3538,750,15.11,2001-06-28
3538,751,11.52,2001-06-28
3538,936,1.2,2001-06-28
3538,937,2.39,2001-06-28
3539,750,35.0,1997-05-01
3539,751,31.0,2000-10-25
3539,758,4.0,2000-10-25
3540,750,20.97,2001-06-28
3540,751,16.35,2001-06-28
3540,936,1.71,2001-06-28
3540,937,2.91,2001-06-28
3541,750,21.0,1997-05-01
3541,751,21.0,2000-10-25
3542,750,23.0,1997-05-01
3542,751,23.0,2000-10-25
3543,750,21.0,1997-05-01
3543,751,21.0,2000-10-25
3544,750,25.0,1997-05-01
3544,751,21.0,2000-10-25
3544,758,4.0,2000-10-25
3545,750,29.0,1997-05-01
3545,751,23.0,2000-10-25
3545,758,6.0,2000-10-25
3546,750,24.0,1997-05-01
3546,751,21.0,2000-10-25
3546,758,3.0,2000-10-25
3547,750,32.0,1997-05-01
3547,751,32.0,2000-10-25
3548,750,35.0,1997-05-01
3548,751,35.0,2000-10-25
3549,750,32.0,1997-05-01
3549,751,32.0,2000-10-25
3550,750,34.0,1997-05-01
3550,751,32.0,2000-10-25
3550,758,2.0,2000-10-25
3551,750,39.0,1997-05-01
3551,751,35.0,2000-10-25
3551,758,4.0,2000-10-25
3552,750,34.0,1997-05-01
3552,751,32.0,2000-10-25
3552,758,2.0,2000-10-25
3553,750,25.0,1997-05-01
3553,751,25.0,2000-10-25
3554,750,26.0,1997-05-01
3554,751,26.0,2000-10-25
3555,750,25.0,1997-05-01
3555,751,25.0,2000-10-25
3556,750,31.0,1997-05-01
3556,751,25.0,2000-10-25
3556,758,6.0,2000-10-25
3557,750,34.0,1997-05-01
3557,751,26.0,2000-10-25
3557,758,8.0,2000-10-25
3558,750,30.0,1997-05-01
3558,751,25.0,2000-10-25
3558,758,5.0,2000-10-25
3559,750,0.0,1997-05-01
3560,750,0.0,1997-05-01
3561,750,0.0,1997-05-01
3562,750,0.0,1997-05-01
3563,750,0.0,2001-10-09
3564,750,0.0,2001-10-09
3565,750,0.0,2001-10-09
3566,750,0.0,2001-10-09
3567,750,0.0,2001-10-09
3568,750,0.0,2001-10-09
3569,750,0.0,2001-10-09
3570,750,0.0,2001-10-09
3571,750,0.0,2001-10-09
3572,750,0.0,2001-10-09
3573,750,0.0,2001-10-09
3574,750,0.0,2001-10-09
3575,750,0.0,2001-10-09
3576,750,0.0,2001-10-09
3577,750,0.0,2001-10-09
3578,750,0.0,2001-10-09
3579,750,0.0,2001-10-09
3580,750,0.0,2001-10-09
3581,750,0.0,2001-10-09
3582,750,0.0,2001-10-09
3583,750,0.0,2001-10-09
3584,750,0.0,2001-10-09
3585,750,0.0,2001-10-09
3586,750,0.0,2001-10-09
3587,750,0.0,2001-10-09
3588,750,0.0,2001-10-09
3589,750,0.0,2001-10-09
3590,750,0.0,2001-10-09
3591,750,0.0,2001-10-09
3592,750,0.0,2001-10-09
3593,750,0.0,2001-10-09
3594,750,0.0,2001-10-09
3595,750,0.0,2001-10-09
3596,750,0.0,2001-10-09
3597,750,0.0,2001-10-09
3598,750,0.0,2001-10-09
3599,750,0.0,2001-10-09
3600,750,2.0,1997-05-01
3600,782,2.0,2000-10-25
3601,750,0.0,1997-05-01
3602,750,0.0,1997-05-01
3603,750,3.0,1997-05-01
3603,782,3.0,2000-10-25
3604,750,0.0,1997-05-01
3605,750,0.0,1997-05-01
3606,750,22.0,1997-05-01
3606,777,22.0,2000-10-25
3607,750,0.0,1997-05-01
3608,750,26.0,1997-05-01
3608,777,26.0,2000-10-25
3609,750,0.0,1997-05-01
3610,750,3.0,1997-05-01
3610,802,3.0,2000-10-25
3611,750,0.0,1997-05-01
3612,750,12.0,1997-05-01
3612,802,12.0,2000-10-25
3613,750,0.0,1997-05-01
3614,750,0.0,1997-05-01
3615,750,0.0,1997-05-01
3616,750,0.0,1997-05-01
3617,750,0.0,1997-05-01
3618,750,0.0,1997-05-01
3619,750,0.0,1997-05-01
3620,750,24.0,1997-05-01
3621,750,0.0,1997-05-01
3622,750,24.0,1997-05-01
3623,750,0.0,1997-05-01
3624,750,0.0,1997-05-01
3625,750,0.0,1997-05-01
3626,750,0.0,1997-05-01
3627,750,0.0,1997-05-01
3628,750,0.0,1997-05-01
3629,750,0.0,1997-05-01
3630,750,0.0,1997-05-01
3631,750,0.0,1997-05-01
3632,750,0.0,1997-05-01
3633,750,0.0,1997-05-01
3634,750,0.0,1997-05-01
3635,750,16.0,1997-05-01
3635,803,16.0,2000-10-25
3636,750,0.0,1997-05-01
3637,750,16.0,1997-05-01
3637,803,16.0,2000-10-25
3638,750,0.0,1997-05-01
3639,750,0.0,1997-05-01
3640,750,0.0,1997-05-01
3641,750,0.0,1997-05-01
3642,750,0.0,1997-05-01
3643,750,0.0,1997-05-01
3645,750,0.0,1997-05-01
3647,750,0.0,1997-05-01
3648,750,0.0,1997-05-01
3649,750,0.0,2001-06-11
3650,750,0.0,1997-05-01
3651,750,0.0,1997-05-01
3652,750,36.0,1997-05-01
3653,750,36.0,1997-05-01
3654,750,42.0,1997-05-01
3655,750,45.0,1997-05-01
3656,750,20.0,2015-06-05
3656,751,20.0,2015-06-05
3657,750,30.0,2015-06-05
3657,751,30.0,2015-06-05
3658,750,36.0,2015-06-05
3658,751,20.0,2015-06-05
3658,936,5.0,2015-06-05
3658,937,11.0,2015-06-05
3659,750,43.0,2015-06-05
3659,751,29.0,2015-06-05
3659,936,5.0,2015-06-05
3659,937,8.0,2015-06-05
3660,750,9.0,2015-06-05
3660,751,9.0,2015-06-05
3661,750,9.0,2015-06-05
3661,751,9.0,2015-06-05
3662,750,13.0,2015-06-05
3662,751,9.0,2015-06-05
3662,936,1.0,2015-06-05
3662,937,3.0,2015-06-05
3663,750,14.0,2015-06-05
3663,751,9.0,2015-06-05
3663,936,1.0,2015-06-05
3663,937,3.0,2015-06-05
3664,750,21.0,1997-05-01
3665,750,23.0,1997-05-01
3666,750,25.0,1997-05-01
3667,750,29.0,1997-05-01
3671,750,0.0,1997-05-01
3672,750,0.0,1997-05-01
3673,750,0.0,1997-05-01
3675,750,0.0,1997-05-01
3676,750,0.0,1997-05-01
3677,750,0.0,1997-05-01
3679,750,0.0,1997-05-01
3681,750,0.0,1997-05-01
3682,750,0.0,1997-05-01
3683,750,0.0,1997-05-01
3684,750,0.0,1997-05-01
3685,750,0.0,1997-05-01
3686,750,0.0,1997-05-01
3688,750,0.0,1997-05-01
3690,750,0.0,1997-05-01
3691,750,0.0,1997-05-01
3693,750,0.0,1997-05-01
3695,750,0.0,1997-05-01
3696,750,0.0,1997-05-01
3697,750,0.0,1997-05-01
3700,750,0.0,1997-05-01
3702,750,0.0,2002-02-18
3703,750,0.0,2002-02-18
3708,750,0.0,2002-02-18
3709,750,0.0,2002-02-18
3710,750,0.0,1997-05-01
3711,750,0.0,1997-05-01
3712,750,0.0,1997-05-01
3714,750,0.0,1997-05-01
3715,750,0.0,1997-05-01
3725,750,0.0,1997-05-01
3726,750,0.0,1997-05-01
3731,750,0.0,1997-05-01
3732,750,0.0,2002-02-18
3733,750,0.0,1997-05-01
3735,750,0.3,2001-12-06
3737,750,0.0,1997-05-01
3738,750,0.0,1997-05-01
3739,750,0.0,2002-08-06
3740,750,0.0,1997-05-01
3742,750,0.0,1997-05-01
3743,750,0.0,1997-05-01
3744,750,0.0,1997-05-01
3745,750,0.0,1997-05-01
3746,750,0.0,1997-05-01
3748,750,0.0,1997-05-01
3750,750,0.0,1997-05-01
3753,750,0.0,2003-05-21
3754,750,0.0,1997-05-01
3755,750,0.0,1997-05-01
3757,750,0.0,1997-05-01
3759,750,0.0,1997-05-01
3760,750,0.0,1997-05-01
3761,750,0.0,1997-05-01
3762,750,0.0,2002-02-12
3763,750,0.0,1997-05-01
3764,750,0.0,2002-02-18
3765,750,0.0,1997-05-01
3767,750,0.0,1997-05-01
3769,750,0.0,2002-02-18
3771,750,0.0,1997-05-01
3773,750,0.0,1997-05-01
3774,750,0.0,1997-05-01
3776,750,0.0,1997-05-01
3777,750,0.0,1997-05-01
3778,750,0.0,1997-05-01
3784,750,0.0,1997-05-01
3785,750,0.0,1997-05-01
3786,750,0.0,1997-05-01
3787,750,0.0,1997-05-01
3788,750,0.0,1997-05-01
3790,750,0.0,1997-05-01
3792,750,0.0,1997-05-01
3793,750,0.0,1997-05-01
3794,750,0.0,1997-05-01
3795,750,0.0,1997-05-01
3797,750,0.0,1997-05-01
3799,750,0.0,1997-05-01
3800,750,0.0,1997-05-01
3801,750,0.0,1997-05-01
3803,750,0.0,1997-05-01
3804,750,0.0,1997-05-01
3805,750,0.0,1997-05-01
3807,750,0.0,1997-05-01
3808,750,0.0,1997-05-01
3809,750,0.0,1997-05-01
3810,750,0.0,1997-05-01
3811,750,0.0,1997-05-01
3812,750,0.0,1997-05-01
3813,750,0.0,1997-05-01
3814,750,0.0,1997-05-01
3816,750,0.0,1997-05-01
3818,750,0.0,1997-05-01
3819,750,0.0,1997-05-01
3820,750,0.0,1997-05-01
3821,750,0.0,1997-05-01
3822,750,0.0,1997-05-01
3823,750,0.0,1997-05-01
3824,750,0.0,1997-05-01
3825,750,0.0,1997-05-01
3826,750,0.0,1997-05-01
3827,750,0.0,1997-05-01
3828,750,0.0,1997-05-01
3829,750,0.0,1997-05-01
3830,750,0.0,1997-05-01
3831,750,0.0,1997-05-01
3832,750,0.0,1997-05-01
3833,750,0.0,1997-05-01
3835,750,0.0,1997-05-01
3837,750,0.0,2001-10-09
3838,750,0.0,1997-05-01
3839,750,0.0,1997-05-01
3840,750,0.0,1997-05-01
3842,750,0.0,1997-05-01
3843,750,0.0,1997-05-01
3844,750,0.0,1997-05-01
3845,750,0.0,1997-05-01
3846,750,0.0,1997-05-01
3849,750,0.0,1997-05-01
3850,750,0.0,1997-05-01
3851,750,0.0,1997-05-01
3853,750,0.0,1997-05-01
3854,750,0.0,1997-05-01
3855,750,0.0,1997-05-01
3856,750,0.0,1997-05-01
3857,750,0.0,1997-05-01
3858,750,0.0,1997-05-01
3859,750,0.0,1997-05-01
3860,750,0.0,1997-05-01
3861,750,0.0,1997-05-01
3862,750,0.0,1997-05-01
3863,750,0.0,1997-05-01
3864,750,0.0,1997-05-01
3865,750,0.0,1997-05-01
3866,750,0.0,1997-05-01
3867,750,0.0,1997-05-01
3868,750,0.0,1997-05-01
3869,750,0.0,1997-05-01
3870,750,0.0,1997-05-01
3871,750,0.0,1997-05-01
3872,750,0.0,1997-05-01
3873,750,0.0,1997-05-01
3874,750,0.0,1997-05-01
3875,750,0.0,1997-05-01
3876,750,0.0,1997-05-01
3877,750,0.0,1997-05-01
3878,750,0.0,1997-05-01
3879,750,0.0,1997-05-01
3880,750,0.0,1997-05-01
3882,750,0.0,1997-05-01
3883,750,0.0,1997-05-01
3884,750,0.0,1997-05-01
3885,750,0.0,1997-05-01
3886,750,0.0,1997-05-01
3887,750,0.0,1997-05-01
3888,750,0.0,1997-05-01
3889,750,0.0,1997-05-01
3890,750,0.0,1997-05-01
3891,750,0.0,1997-05-01
3892,750,0.0,1997-05-01
3893,750,0.0,1997-05-01
3895,750,0.0,1997-05-01
3896,750,0.0,1997-05-01
3897,750,0.0,1997-05-01
3898,750,0.0,1997-05-01
3900,750,0.0,1997-05-01
3901,750,0.0,1997-05-01
3902,750,0.0,1997-05-01
3903,750,0.0,1997-05-01
3904,750,0.0,1997-05-01
3905,750,0.0,1997-05-01
3906,750,0.0,1997-05-01
3907,750,0.0,1997-05-01
3908,750,0.0,1997-05-01
3909,750,0.0,1997-05-01
3910,750,0.0,1997-05-01
3911,750,0.0,1997-05-01
3912,750,0.0,1997-05-01
3913,750,0.0,1997-05-01
3914,750,0.0,1997-05-01
3915,750,0.0,1997-05-01
3916,750,0.0,1997-05-01
3917,750,0.0,1997-05-01
3919,750,0.0,1997-05-01
3920,750,0.0,1997-05-01
3921,750,0.0,1997-05-01
3923,750,0.0,1997-05-01
3924,750,0.0,1997-05-01
3925,750,0.0,1997-05-01
3926,750,0.0,1997-05-01
3930,750,0.0,1997-05-01
3931,750,0.0,1997-05-01
3933,750,0.0,1997-05-01
3935,750,0.0,1997-05-01
3936,750,0.0,1997-05-01
3937,750,0.0,1997-05-01
3939,750,0.0,1997-05-01
3941,750,0.0,1997-05-01
3942,750,0.0,1997-05-01
3943,750,0.0,1997-05-01
3944,750,0.0,1997-05-01
3945,750,0.0,1997-05-01
3947,750,0.0,1997-05-01
3948,750,0.0,1997-05-01
3950,750,0.0,1997-05-01
3951,750,0.0,1997-05-01
3952,750,0.0,1997-05-01
3954,750,0.0,1997-05-01
3955,750,0.0,1997-05-01
3957,750,0.0,1997-05-01
3958,750,0.0,1997-05-01
3959,750,0.0,1997-05-01
3960,750,0.0,1997-05-01
3961,750,0.0,1997-05-01
3962,750,0.0,1997-05-01
3963,750,0.0,1997-05-01
3964,750,0.0,1997-05-01
3968,750,0.0,1997-05-01
3970,750,0.0,1997-05-01
3971,750,0.0,1997-05-01
3972,750,0.0,1997-05-01
3973,750,0.0,1997-05-01
3974,750,0.0,1997-05-01
3975,750,0.0,1997-05-01
3979,750,0.0,1997-05-01
3980,750,0.0,1997-05-01
3981,750,0.0,1997-05-01
3982,750,0.0,1997-05-01
3983,750,0.0,1997-05-01
3984,750,0.0,1997-05-01
3985,750,0.0,1997-05-01
3986,750,0.0,1997-05-01
3987,750,0.0,2001-10-09
3988,750,0.0,1997-05-01
3989,750,0.0,1997-05-01
3990,750,0.0,1997-05-01
3991,750,0.0,1997-05-01
3994,750,0.0,1997-05-01
3995,750,0.0,1997-05-01
3996,750,0.0,1997-05-01
3997,750,0.0,1997-05-01
3998,750,0.0,1997-05-01
4000,750,0.0,1997-05-01
4001,750,0.0,1997-05-01
4002,750,0.0,2002-02-18
4003,750,0.0,2002-02-18
4004,750,0.0,2002-02-18
4005,750,0.0,2002-02-18
4006,750,0.0,1997-05-01
4007,750,0.0,1997-05-01
4008,750,0.0,1997-05-01
4009,750,0.0,1997-05-01
4010,750,0.0,1997-05-01
4015,750,0.0,1997-05-01
4016,750,0.0,1997-05-01
4017,750,0.0,1997-05-01
4018,750,0.0,1997-05-01
4020,750,0.0,1997-05-01
4022,750,0.0,1997-05-01
4028,750,0.0,1997-05-01
4031,750,0.0,1997-05-01
4032,750,0.0,1997-05-01
4033,750,0.0,1997-05-01
4034,750,0.0,1997-05-01
4035,750,0.0,1997-05-01
4036,750,0.0,1997-05-01
4037,750,0.0,2002-02-18
4038,750,0.0,2002-02-18
4039,750,0.0,1997-05-01
4040,750,0.0,1997-05-01
4041,750,0.0,1997-05-01
4042,750,0.0,1997-05-01
4043,750,0.0,1997-05-01
4044,750,0.0,1997-05-01
4045,750,0.0,2002-02-18
4046,750,0.0,2002-02-18
4047,750,0.0,1997-05-01
4048,750,0.0,2002-02-18
4049,750,0.0,2002-02-18
4051,750,0.0,1997-05-01
4052,750,0.0,1997-05-01
4053,750,0.0,2002-02-15
4054,750,0.0,1997-05-01
4055,750,0.0,1997-05-01
4056,750,0.0,1997-05-01
4057,750,0.0,1997-05-01
4058,750,0.0,1997-05-01
4059,750,0.0,1997-05-01
4060,750,0.0,1997-05-01
4061,750,0.0,1997-05-01
4063,750,0.0,1997-05-01
4065,750,0.0,1997-05-01
4066,750,0.0,1997-05-01
4067,750,0.0,1997-05-01
4068,750,0.0,1997-05-01
4069,750,0.0,1997-05-01
4070,750,0.0,1997-05-01
4071,750,0.0,1997-05-01
4072,750,0.0,1997-05-01
4073,750,0.0,2002-02-12
4075,750,0.0,1997-05-01
4076,750,0.0,1997-05-01
4077,750,0.0,1997-05-01
4078,750,0.0,1997-05-01
4079,750,0.0,1997-05-01
4080,750,0.0,1997-05-01
4081,750,0.0,1997-05-01
4082,750,0.0,1997-05-01
4083,750,0.0,1997-05-01
4085,750,0.0,1997-05-01
4086,750,0.0,1997-05-01
4087,750,0.0,1997-05-01
4088,750,0.0,1997-05-01
4089,750,0.0,1997-05-01
4091,750,0.0,1997-05-01
4092,750,0.0,1997-05-01
4093,750,0.0,1997-05-01
4094,750,0.0,1997-05-01
4095,750,0.0,1997-05-01
4096,750,0.0,1997-05-01
4097,750,0.0,1997-05-01
4108,750,0.0,1997-05-01
4110,750,0.0,1997-05-01
4111,750,0.0,1997-05-01
4112,750,0.0,1997-05-01
4113,750,0.0,1997-05-01
4114,750,0.0,1997-05-01
4115,750,0.0,1997-05-01
4116,750,0.0,1997-05-01
4117,750,0.0,1997-05-01
4118,750,0.0,1997-05-01
4119,750,0.0,1997-05-01
4120,750,0.0,1997-05-01
4123,750,0.0,1997-05-01
4124,750,0.0,1997-05-01
4125,750,0.0,1997-05-01
4126,750,0.0,1997-05-01
4127,750,0.0,1997-05-01
4128,750,0.0,2001-10-09
4129,750,0.0,1997-05-01
4130,750,0.0,1997-05-01
4132,750,0.0,1997-05-01
4133,750,0.0,1997-05-01
4134,750,0.0,1997-05-01
4137,750,0.0,1997-05-01
4138,750,0.0,1997-05-01
4139,750,0.0,1997-05-01
4140,750,0.0,1997-05-01
4141,750,0.0,1997-05-01
4142,750,0.0,1997-05-01
4143,750,0.0,1997-05-01
4145,750,0.0,1997-05-01
4146,750,0.0,1997-05-01
4147,750,0.0,1997-05-01
4148,750,0.0,1997-05-01
4149,750,0.0,1997-05-01
4151,750,0.0,1997-05-01
4153,750,0.0,1997-05-01
4154,750,0.0,1997-05-01
4155,750,0.0,1997-05-01
4156,750,0.0,1997-05-01
4157,750,0.0,1997-05-01
4158,750,0.0,1997-05-01
4159,750,0.0,1997-05-01
4163,750,0.0,1997-05-01
4164,750,0.0,1997-05-01
4165,750,0.0,1997-05-01
4167,750,0.0,1997-05-01
4168,750,0.0,1997-05-01
4169,750,0.0,1997-05-01
4171,750,0.0,1997-05-01
4172,750,0.0,1997-05-01
4173,750,0.0,1997-05-01
4174,750,0.0,1997-05-01
4175,750,0.0,1997-05-01
4176,750,0.0,1997-05-01
4177,750,0.0,1997-05-01
4179,750,0.0,1997-05-01
4180,750,0.0,1997-05-01
4181,750,0.0,1997-05-01
4183,750,0.0,1997-05-01
4184,750,0.0,1997-05-01
4185,750,0.0,1997-05-01
4186,750,0.0,1997-05-01
4187,750,0.0,1997-05-01
4188,750,0.0,1997-05-01
4189,750,0.0,1997-05-01
4190,750,0.0,1997-05-01
4191,750,0.0,1997-05-01
4192,750,0.0,1997-05-01
4193,750,0.0,1997-05-01
4195,750,0.0,1997-05-01
4196,750,0.0,1997-05-01
4197,750,0.0,1997-05-01
4198,750,0.0,1997-05-01
4199,750,0.0,1997-05-01
4201,750,0.0,1997-05-01
4202,750,0.0,1997-05-01
4205,750,0.0,1997-05-01
4206,750,0.0,1997-05-01
4207,750,0.0,1997-05-01
4208,750,0.0,1997-05-01
4209,750,0.0,1997-05-01
4210,750,0.0,1997-05-01
4211,750,0.0,1997-05-01
4212,750,0.0,1997-05-01
4213,750,0.0,1997-05-01
4214,750,0.0,1997-05-01
4215,750,0.0,1997-05-01
4217,750,0.0,1997-05-01
4218,750,0.0,1997-05-01
4219,750,0.0,1997-05-01
4220,750,0.0,1997-05-01
4221,750,0.0,1997-05-01
4222,750,0.0,1997-05-01
4223,750,0.0,1997-05-01
4224,750,0.0,1997-05-01
4227,750,0.0,1997-05-01
4228,750,0.0,1997-05-01
4229,750,0.0,1997-05-01
4230,750,0.0,1997-05-01
4232,750,0.0,1997-05-01
4233,750,0.0,1997-05-01
4234,750,0.0,1997-05-01
4237,750,0.0,1997-05-01
4238,750,0.0,1997-05-01
4241,750,0.0,1997-05-01
4242,750,0.0,1997-05-01
4243,750,0.0,1997-05-01
4244,750,0.0,1997-05-01
4245,750,0.0,1997-05-01
4247,750,0.0,1997-05-01
4248,750,0.0,1997-05-01
4249,750,0.0,1997-05-01
4251,750,0.0,1997-05-01
4252,750,0.0,1997-05-01
4254,750,0.0,1997-05-01
4255,750,0.0,1997-05-01
4257,750,0.0,1997-05-01
4258,750,0.0,1997-05-01
4259,750,0.0,1997-05-01
4260,750,0.0,1997-05-01
4261,750,0.0,1997-05-01
4262,750,0.0,1997-05-01
4264,750,0.0,1997-05-01
4265,750,0.0,1997-05-01
4266,750,0.0,1997-05-01
4267,750,0.0,1997-05-01
4268,750,0.0,1997-05-01
4270,750,0.0,1997-05-01
4271,750,0.0,1997-05-01
4272,750,0.0,1997-05-01
4273,750,0.0,1997-05-01
4274,750,0.0,1997-05-01
4275,750,0.0,1997-05-01
4276,750,0.0,1997-05-01
4278,750,0.0,1997-05-01
4279,750,0.0,1997-05-01
4280,750,0.0,1997-05-01
4281,750,0.0,1997-05-01
4282,750,0.0,1997-05-01
4283,750,0.0,1997-05-01
4284,750,0.0,1997-05-01
4285,750,0.0,1997-05-01
4286,750,0.0,1997-05-01
4287,750,0.0,1997-05-01
4288,750,0.0,1997-05-01
4289,750,0.0,1997-05-01
4290,750,0.0,1997-05-01
4291,750,0.0,1997-05-01
4292,750,0.0,1997-05-01
4293,750,0.0,1997-05-01
4294,750,0.0,1997-05-01
4295,750,0.0,1997-05-01
4296,750,0.0,1997-05-01
4297,750,0.0,1997-05-01
4298,750,0.0,1997-05-01
4299,750,0.0,1997-05-01
4300,750,0.0,1997-05-01
4301,750,0.0,1997-05-01
4303,750,0.0,1997-05-01
4304,750,0.0,1997-05-01
4305,750,0.0,1997-05-01
4306,750,0.0,1997-05-01
4307,750,0.0,1997-05-01
4308,750,0.0,1997-05-01
4309,750,0.0,1997-05-01
4310,750,0.0,1997-05-01
4311,750,0.0,1997-05-01
4312,750,0.0,1997-05-01
4313,750,0.0,1997-05-01
4314,750,0.0,1997-05-01
4315,750,0.0,1997-05-01
4316,750,0.0,1997-05-01
4317,750,0.0,1997-05-01
4318,750,0.0,1997-05-01
4319,750,0.0,1997-05-01
4320,750,0.0,1997-05-01
4321,750,0.0,1997-05-01
4322,750,0.0,1997-05-01
4323,750,0.0,1997-05-01
4324,750,0.0,2002-02-18
4325,750,0.0,1997-05-01
4326,750,0.0,1997-05-01
4327,750,0.0,1997-05-01
4328,750,0.0,1997-05-01
4329,750,0.0,1997-05-01
4330,750,0.0,1997-05-01
4331,750,0.0,1997-05-01
4332,750,0.0,1997-05-01
4333,750,0.0,1997-05-01
4334,750,0.0,1997-05-01
4335,750,0.0,1997-05-01
4336,750,0.0,1997-05-01
4337,750,0.0,1997-05-01
4340,750,0.0,1997-05-01
4350,750,0.0,1997-05-01
4351,750,0.0,1997-05-01
4352,750,0.0,1997-05-01
4354,750,0.0,1997-05-01
4358,750,0.0,1997-05-01
4359,750,0.0,1997-05-01
4360,750,0.0,1997-05-01
4361,750,0.0,1997-05-01
4362,750,0.0,1997-05-01
4363,750,0.0,1997-05-01
4364,750,0.0,1997-05-01
4365,750,0.0,1997-05-01
4366,750,0.0,1997-05-01
4367,750,0.0,1997-05-01
4369,750,0.0,1997-05-01
4371,750,0.0,1997-05-01
4372,750,0.0,1997-05-01
4373,750,0.0,1997-05-01
4374,750,0.0,1997-05-01
4375,750,0.0,1997-05-01
4376,750,0.0,1997-05-01
4377,750,0.0,1997-05-01
4378,750,0.0,1997-05-01
4379,750,0.0,1997-05-01
4380,750,0.0,1997-05-01
4381,750,0.0,1997-05-01
4382,750,0.0,1997-05-01
4383,750,0.0,1997-05-01
4386,750,0.0,1997-05-01
4387,750,0.0,1997-05-01
4388,750,0.0,1997-05-01
4389,750,0.0,1997-05-01
4390,750,0.0,1997-05-01
4391,750,0.0,1997-05-01
4392,750,0.0,1997-05-01
4393,750,0.0,1997-05-01
4394,750,0.0,1997-05-01
4396,750,0.0,2004-10-26
4397,750,0.0,1997-05-01
4398,750,0.0,1997-05-01
4400,750,0.0,1997-05-01
4401,750,0.0,1997-05-01
4402,750,0.0,1997-05-01
4403,750,0.0,1997-05-01
4405,750,0.0,1997-05-01
4407,750,0.0,1997-05-01
4409,750,0.0,1997-05-01
4410,750,0.0,1997-05-01
4411,750,0.0,1997-05-01
4412,750,0.0,1997-05-01
4413,750,0.0,1997-05-01
4414,750,0.0,1997-05-01
4415,750,0.0,1997-05-01
4416,750,0.0,1997-05-01
4417,750,0.0,1997-05-01
4418,750,0.0,1997-05-01
4419,750,0.0,1997-05-01
4420,750,0.0,1997-05-01
4421,750,0.0,1997-05-01
4422,750,0.0,1997-05-01
4423,750,0.0,1997-05-01
4424,750,0.0,1997-05-01
4425,750,0.0,1997-05-01
4426,750,0.0,1997-05-01
4427,750,0.0,1997-05-01
4428,750,0.0,1997-05-01
4429,750,0.0,1997-05-01
4430,750,0.0,1997-05-01
4431,750,0.0,1997-05-01
4432,750,0.0,1997-05-01
4433,750,0.0,1997-05-01
4434,750,0.0,1997-05-01
4435,750,0.0,1997-05-01
4436,750,0.0,1997-05-01
4437,750,0.0,1997-05-01
4438,750,0.0,1997-05-01
4439,750,0.0,1997-05-01
4440,750,0.0,1997-05-01
4441,750,0.0,1997-05-01
4442,750,0.0,1997-05-01
4443,750,0.0,1997-05-01
4444,750,0.0,1997-05-01
4445,750,0.0,1997-05-01
4446,750,0.0,1997-05-01
4447,750,0.0,1997-05-01
4448,750,0.0,1997-05-01
4449,750,0.0,1997-05-01
4450,750,0.0,1997-05-01
4451,750,0.0,1997-05-01
4452,750,0.0,1997-05-01
4453,750,0.0,1997-05-01
4454,750,0.0,1997-05-01
4455,750,0.0,1997-05-01
4458,750,0.0,1997-05-01
4459,750,0.0,1997-05-01
4460,750,0.0,1997-05-01
4461,750,0.0,1997-05-01
4462,750,0.0,1997-05-01
4463,750,0.0,1997-05-01
4464,750,0.0,1997-05-01
4465,750,0.0,1997-05-01
4466,750,0.0,1997-05-01
4467,750,0.0,1997-05-01
4468,750,0.0,1997-05-01
4469,750,0.0,1997-05-01
4470,750,0.0,1997-05-01
4471,750,0.0,1997-05-01
4472,750,0.0,1997-05-01
4473,750,0.0,1997-05-01
4474,750,0.0,1997-05-01
4475,750,0.0,1997-05-01
4476,750,0.0,1997-05-01
4477,750,0.0,1997-05-01
4478,750,0.0,1997-05-01
4479,750,0.0,1997-05-01
4480,750,0.0,1997-05-01
4481,750,0.0,1997-05-01
4482,750,0.0,1997-05-01
4483,750,0.0,1997-05-01
4484,750,0.0,1997-05-01
4485,750,0.0,1997-05-01
4486,750,0.0,1997-05-01
4487,750,0.0,1997-05-01
4488,750,0.0,1997-05-01
4489,750,0.0,1997-05-01
4490,750,0.0,1997-05-01
4491,750,0.0,1997-05-01
4492,750,0.0,1997-05-01
4493,750,0.0,1997-05-01
4494,750,0.0,1997-05-01
4495,750,0.0,1997-05-01
4496,750,0.0,1997-05-01
4497,750,0.0,1997-05-01
4498,750,0.0,1997-05-01
4499,750,0.0,1997-05-01
4500,750,0.0,1997-05-01
4501,750,0.0,1997-05-01
4502,750,0.0,1997-05-01
4503,750,0.0,1997-05-01
4504,750,0.0,1997-05-01
4505,750,0.0,1997-05-01
4510,750,0.0,1997-05-01
4511,750,0.0,1997-05-01
4512,750,0.0,1997-05-01
4513,750,0.0,1997-05-01
4514,750,0.0,1997-05-01
4515,750,0.0,1997-05-01
4516,750,0.0,1997-05-01
4517,750,0.0,1997-05-01
4518,750,0.0,1997-05-01
4519,750,0.0,1997-05-01
4521,750,0.0,1997-05-01
4522,750,0.0,1997-05-01
4523,750,0.0,1997-05-01
4525,750,0.0,1997-05-01
4528,750,0.0,1997-05-01
4529,750,0.0,1997-05-01
4530,750,0.0,1997-05-01
4532,750,0.0,1997-05-01
4533,750,0.0,1997-05-01
4534,750,0.0,1997-05-01
4535,750,0.0,1997-05-01
4536,750,0.0,1997-05-01
4537,750,0.0,1997-05-01
4538,750,0.0,1997-05-01
4539,750,0.0,1997-05-01
4541,750,0.0,1997-05-01
4542,750,0.0,1997-05-01
4543,750,0.0,1997-05-01
4544,750,0.0,1997-05-01
4548,750,0.0,1997-05-01
4550,750,0.0,1997-05-01
4551,750,0.0,1997-05-01
4552,750,0.0,1997-05-01
4553,750,0.0,1997-05-01
4554,750,0.0,2001-10-09
4556,750,0.0,1997-05-01
4557,750,0.0,1997-05-01
4561,750,0.0,1997-05-01
4562,750,0.0,1997-05-01
4563,750,0.0,1997-05-01
4586,750,0.0,1997-05-01
4587,750,0.0,1997-05-01
4588,750,0.0,1997-05-01
4590,750,0.0,1997-05-01
4591,750,0.0,1997-05-01
4605,750,0.0,1997-05-01
4607,750,0.0,1997-05-01
4609,750,0.0,1997-05-01
4610,750,0.0,1997-05-01
4616,750,0.0,1997-05-01
4617,750,0.0,1997-05-01
4618,750,0.0,1997-05-01
4619,750,0.0,1997-05-01
4620,750,0.0,1997-05-01
4621,750,0.0,1997-05-01
4622,750,0.0,1997-05-01
4623,750,0.0,1997-05-01
4624,750,0.0,1997-05-01
4626,750,0.0,1997-05-01
4627,750,0.0,1997-05-01
4628,750,0.0,1997-05-01
4629,750,0.0,1997-05-01
4632,750,0.0,2002-12-23
4633,750,0.0,2002-12-23
4634,750,0.0,2002-12-23
4635,750,0.0,2002-12-23
4636,750,0.0,2002-12-23
4637,750,0.0,2002-12-23
4638,750,0.0,2002-12-23
4639,750,0.0,2002-12-23
4641,750,0.0,2002-12-23
4644,750,0.0,2002-12-23
4645,750,0.0,2002-12-23
4646,750,0.0,2002-12-23
4647,750,0.0,2002-12-23
4648,750,0.0,2002-12-23
4649,750,0.0,2002-12-23
4650,750,0.0,2002-12-23
4651,750,0.0,2002-12-23
4652,750,0.0,2002-12-23
4653,750,0.0,2002-12-23
4655,750,0.0,2003-08-11
4656,750,0.0,2002-12-23
4662,750,0.0,2002-12-23
4663,750,0.0,2002-12-23
4664,750,0.0,2002-12-23
4665,750,0.0,2002-08-07
4666,750,0.0,2003-08-11
4669,750,0.0,2003-08-11
4711,750,0.0,2000-10-31
4721,750,0.0,2001-07-04
4722,750,0.0,2002-12-11
4723,805,35.0,2002-08-23
4723,750,35.0,2002-12-11
4724,750,39.0,2003-12-01
4724,805,39.0,2003-12-01
4725,750,59.0,2003-03-21
4725,805,59.0,2003-03-21
4726,750,0.0,2003-12-01
4727,750,0.0,2002-12-12
4728,750,0.0,2002-12-12
4729,750,0.0,2002-12-12
4730,750,0.0,2002-12-12
4731,750,0.0,2002-12-12
4733,750,0.0,2001-10-10
4734,750,0.0,2001-12-06
4735,750,0.0,2002-12-12
4736,750,0.0,2002-02-18
4745,750,1.0,2003-12-29
4745,781,1.0,2003-12-29
4746,750,1.0,2003-12-29
4746,781,1.0,2003-12-29
4757,750,6.0,2003-12-29
4757,751,6.0,2003-12-29
4758,750,8.0,2003-12-29
4758,751,8.0,2003-12-29
4776,750,0.0,2002-12-20
4777,750,0.0,2002-12-20
4779,750,0.0,2002-12-20
4780,750,0.0,2002-12-20
4781,750,24.0,2003-10-20
4781,751,24.0,2003-10-20
4782,751,24.0,2003-10-20
4782,750,24.0,2003-10-20
4783,750,52.0,2003-10-20
4783,751,52.0,2003-10-20
4784,751,56.0,2003-10-20
4784,750,56.0,2003-10-20
4785,750,22.0,2003-10-20
4785,751,22.0,2003-10-20
4786,750,23.0,2003-10-20
4786,751,23.0,2003-10-20
4791,750,22.0,2003-10-20
4791,751,22.0,2003-10-20
4792,750,24.0,2003-10-20
4792,751,24.0,2003-10-20
4794,750,29.0,2003-10-20
4794,751,29.0,2003-10-20
4795,750,32.0,2003-10-20
4795,751,32.0,2003-10-20
4797,750,22.0,2003-10-20
4797,751,22.0,2003-10-20
4800,750,24.0,2003-10-20
4800,751,24.0,2003-10-20
4809,750,27.0,2003-10-20
4809,751,27.0,2003-10-20
4810,750,27.0,2003-10-20
4810,751,27.0,2003-10-20
4811,750,45.0,2003-10-20
4811,751,45.0,2003-10-20
4812,750,50.0,2003-10-20
4812,751,50.0,2003-10-20
4813,750,24.0,2003-10-20
4813,751,24.0,2003-10-20
4814,750,25.0,2003-10-20
4814,751,25.0,2003-10-20
4815,751,26.0,2003-10-20
4815,750,26.0,2003-10-20
4816,750,28.0,2003-10-20
4816,751,28.0,2003-10-20
4817,750,33.0,2003-10-20
4817,751,33.0,2003-10-20
4818,750,34.0,2003-10-20
4818,751,34.0,2003-10-20
4819,750,26.0,2003-10-20
4819,751,26.0,2003-10-20
4820,750,20.0,2003-10-20
4820,751,20.0,2003-10-20
4821,750,0.0,2002-12-20
4823,750,0.0,2002-12-20
4828,750,0.0,2002-12-23
4829,750,0.0,2002-12-23
4830,750,0.0,2002-12-23
4831,750,0.0,2002-12-23
4832,750,0.0,2002-12-23
4833,750,0.0,2002-12-23
4839,750,0.0,2003-12-15
4840,750,0.0,2003-12-16
4841,750,34.0,2003-12-16
4841,751,34.0,2003-12-16
4843,750,0.0,2002-08-06
4845,750,0.0,2003-05-30
4846,750,0.0,2003-05-29
4847,750,68.0,2003-05-29
4847,817,68.0,2003-05-29
4848,750,27.0,2004-09-15
4848,1192,27.0,2004-09-15
4849,750,9.0,2003-07-14
4849,808,9.0,2003-07-14
4850,750,15.0,2003-07-14
4850,815,15.0,2003-07-14
4851,750,0.0,2003-07-14
4853,750,35.0,2003-07-14
4853,1271,35.0,2003-07-14
4854,750,3.0,2003-06-02
4854,837,3.0,2003-06-02
4855,750,5.0,2003-07-14
4855,1271,5.0,2003-07-14
4856,750,0.0,2003-07-14
4857,750,18.0,2003-07-14
4857,1211,18.0,2003-07-14
4858,750,3.0,2003-07-14
4858,805,3.0,2003-07-14
4859,750,0.0,2003-05-22
4860,750,8.0,2004-09-15
4860,1618,8.0,2004-09-15
4861,750,0.0,2003-07-14
4862,750,12.0,2003-07-14
4862,805,12.0,2003-07-14
4863,750,6.0,2003-07-14
4863,805,6.0,2003-07-14
4864,750,0.0,2003-07-14
4865,750,65.0,2003-07-14
4865,1306,65.0,2003-07-14
4866,750,11.0,2003-07-14
4866,805,11.0,2003-07-14
4867,750,0.0,2003-07-14
4868,750,23.0,2003-07-14
4868,815,23.0,2003-07-14
4869,750,0.0,2003-09-17
4870,750,0.0,2002-12-20
4871,750,0.0,2002-12-23
4872,750,0.0,2002-12-23
4873,750,0.0,2002-12-23
4874,750,0.0,2002-12-23
4875,750,31.0,2003-12-16
4875,751,31.0,2003-12-16
4878,750,0.0,2003-05-29
4879,750,0.0,2002-11-12
4880,750,9.0,2003-07-14
4880,808,9.0,2003-07-14
4881,750,0.0,2003-07-14
4882,750,0.0,2003-07-14
4883,750,30.0,2003-07-14
4883,805,30.0,2003-07-14
4884,750,0.0,2003-07-14
4885,750,14.0,2003-07-14
4885,815,14.0,2003-07-14
4886,750,0.0,2002-12-20
4887,750,0.0,2002-02-13
4888,750,0.0,2002-12-23
4890,750,0.0,2002-12-11
4891,750,0.0,2003-03-24
4903,750,0.0,2001-07-18
4904,750,0.0,2001-07-18
4905,750,0.0,2001-07-18
4906,750,0.0,2003-07-14
4909,750,0.0,2002-12-20
4910,750,0.0,2003-09-17
4911,750,0.0,2002-12-20
4912,750,0.0,2002-12-20
4913,750,0.0,2002-12-20
4914,750,0.0,2002-12-20
4915,750,0.0,2002-02-20
4917,750,0.0,2002-02-28
4919,750,0.0,2002-12-23
4925,750,0.0,2002-12-23
4931,750,0.0,2002-12-23
4933,750,0.0,2002-12-23
4935,750,0.0,2002-12-23
4936,750,0.0,2002-12-23
4939,750,0.0,2002-12-23
4940,750,0.0,2002-12-23
4941,750,0.0,2002-12-23
4942,750,0.0,2001-07-04
4954,750,0.0,2002-12-23
4962,750,0.0,2002-12-23
4963,750,0.0,2002-12-23
4964,750,0.0,2002-12-23
4965,750,0.0,2002-12-23
4970,750,0.0,2003-03-24
4973,750,3.0,2003-07-14
4973,1106,3.0,2003-07-14
4974,750,3.0,2003-07-14
4974,1106,3.0,2003-07-14
4975,750,0.0,2003-08-08
4976,750,0.0,2003-08-08
4979,750,0.0,2002-12-20
4980,750,0.0,2002-12-20
4981,750,0.0,2002-12-20
4983,750,0.0,2002-03-08
4985,750,0.0,2002-12-20
4986,750,0.0,2002-08-07
4988,750,0.0,2003-10-20
4989,750,0.0,2003-10-20
4990,750,0.0,2002-12-20
4991,750,0.0,2002-12-23
4993,750,0.0,2003-10-20
4994,750,0.0,2002-12-23
4995,750,0.0,2001-02-28
4996,750,0.0,2001-03-07
4997,750,0.0,2001-03-07
4998,750,0.0,2001-03-07
5001,750,0.0,2001-07-18
5002,750,0.0,2023-05-26
5009,750,0.0,2001-03-19
5010,750,0.0,2003-12-29
5011,750,0.0,2003-12-29
5067,750,0.0,2001-05-10
5069,750,0.0,2001-05-10
5081,750,0.0,2001-07-03
5082,750,0.0,2001-07-03
5084,750,0.0,2001-07-03
5088,750,0.0,2001-07-03
5112,750,0.0,2001-05-11
5113,750,0.0,2001-05-11
5114,750,0.0,2001-05-11
5124,750,0.0,2001-05-11
5132,750,0.0,2001-05-11
5133,750,0.0,2001-05-11
5134,750,0.0,2001-05-11
5135,750,0.0,2001-05-11
5136,750,0.0,2001-05-11
5137,750,0.0,2001-05-11
5139,750,0.0,2001-05-11
5143,750,0.0,2001-07-03
5144,750,0.0,2001-05-14
5145,750,0.0,2001-05-14
5148,750,0.0,2001-05-14
5153,750,0.0,2003-11-27
5155,750,0.0,2002-12-18
5158,750,0.0,2002-12-18
5161,750,0.0,2002-12-18
5168,750,0.0,2001-05-11
5173,750,34.0,2010-03-23
5173,751,29.0,2010-03-23
5173,752,5.0,2010-03-23
5174,750,0.0,2001-05-14
5175,750,46.0,2010-03-23
5175,752,5.0,2010-03-23
5175,751,41.0,2010-03-23
5176,750,32.0,2010-03-23
5176,752,6.0,2010-03-23
5176,751,26.0,2010-03-23
5178,750,38.0,2010-03-23
5178,752,5.0,2010-03-23
5178,751,33.0,2010-03-23
5179,750,60.0,2010-03-23
5179,751,51.0,2010-03-23
5179,752,9.0,2010-03-16
5180,750,27.0,2010-03-23
5180,751,22.0,2010-03-23
5180,752,5.0,2010-03-23
5181,750,42.0,2010-03-23
5181,752,5.0,2010-03-23
5181,751,37.0,2010-03-23
5182,750,30.0,2010-03-23
5182,752,7.0,2010-03-23
5182,751,23.0,2010-03-23
5184,750,35.0,2010-03-23
5184,752,6.0,2010-03-23
5184,751,29.0,2010-03-23
5185,750,58.0,2010-03-23
5185,751,46.0,2010-03-23
5185,752,12.0,2010-03-23
5186,750,37.0,2010-03-23
5186,751,37.0,2010-03-23
5187,750,41.0,2010-03-23
5187,751,41.0,2010-03-23
5188,750,26.0,2010-03-23
5188,751,26.0,2010-03-23
5189,750,23.0,2010-03-23
5189,751,23.0,2010-03-23
5193,750,0.0,2001-05-31
5195,750,0.0,2001-05-31
5196,750,0.0,2001-05-31
5199,750,0.0,2001-05-31
5203,750,31.0,2015-06-05
5203,751,31.0,2015-06-05
5204,750,39.0,2015-06-05
5204,751,39.0,2015-06-05
5205,750,23.0,2015-06-05
5205,751,23.0,2015-06-05
5206,750,26.0,2015-06-05
5206,751,26.0,2015-06-05
5207,750,32.0,2015-06-05
5207,751,32.0,2015-06-05
5208,750,0.0,2001-06-15
5209,750,33.0,2001-06-19
5211,750,42.0,2015-06-05
5211,751,24.0,2015-06-05
5211,936,7.0,2015-06-05
5211,937,11.0,2015-06-05
5212,750,0.0,2004-05-12
5213,750,0.0,2004-05-12
5214,750,36.0,2015-06-05
5214,751,26.0,2015-06-05
5214,936,3.0,2015-06-05
5214,937,7.0,2015-06-05
5215,750,9.0,2015-06-05
5216,750,41.0,2015-06-05
5216,751,32.0,2015-06-05
5216,936,3.0,2015-06-05
5216,937,6.0,2015-06-05
5217,750,13.0,2015-06-05
5218,750,9.0,2015-06-05
5219,750,17.0,2015-06-05
5220,750,15.0,2001-06-25
5221,750,39.0,2015-06-05
5221,751,31.0,2015-06-05
5221,936,4.0,2015-06-05
5221,937,4.0,2015-06-05
5222,750,48.0,2015-06-05
5222,751,38.0,2015-06-05
5222,936,5.0,2015-06-05
5222,937,5.0,2001-06-28
5223,750,15.0,2015-06-05
5224,750,14.0,2015-06-05
5225,750,20.0,2015-06-05
5226,750,19.0,2015-06-05
5228,750,0.0,2001-06-28
5229,750,0.0,2001-06-28
5230,750,0.0,2001-06-28
5231,750,0.0,2001-06-29
5232,750,0.0,2001-06-29
5240,750,0.0,2002-02-18
5241,750,0.0,2001-07-18
5253,750,0.0,2001-07-20
5254,750,0.0,2001-07-20
5255,750,0.0,2002-08-07
5256,750,0.0,2002-08-07
5257,750,0.0,2002-08-07
5258,750,0.0,2002-08-07
5260,750,0.0,2002-08-07
5261,750,0.0,2002-08-07
5263,750,0.0,2002-08-07
5266,750,0.0,2002-08-06
5267,750,0.0,2002-08-06
5268,750,0.0,2002-12-20
5269,750,0.0,2002-08-06
5270,750,0.0,2002-12-20
5273,750,0.0,2002-12-20
5275,750,0.0,2002-12-20
5276,750,0.0,2002-12-20
5277,750,0.0,2002-11-14
5278,750,0.0,2002-11-14
5279,750,0.0,2002-11-14
5284,750,0.0,2003-07-14
5285,750,0.0,2003-07-14
5286,750,0.0,2003-07-14
5287,750,0.0,2002-10-28
5288,750,0.0,2002-10-28
5290,750,0.0,2002-10-28
5291,750,0.0,2002-10-28
5292,750,0.0,2002-10-28
5293,750,0.0,2002-10-28
5294,750,0.0,2002-10-29
5295,750,0.0,2003-09-05
5296,750,0.0,2003-09-05
5299,750,0.0,2004-04-30
5300,750,0.0,2004-04-30
5305,750,0.0,2004-04-30
5306,750,0.0,2004-03-29
5307,750,0.0,2004-05-05
5308,750,0.0,2004-05-05
5309,750,0.0,2004-05-10
5310,750,0.0,2004-03-29
5316,750,0.0,2004-03-30
5327,750,0.0,2004-03-31
5328,750,0.0,2004-03-31
5329,750,0.0,2004-05-05
5330,750,0.0,2004-05-05
5331,750,0.0,2004-05-10
5332,750,0.0,2004-05-10
5333,750,0.0,2004-03-31
5334,750,0.0,2004-09-15
5335,750,0.0,2004-05-12
5336,750,0.0,2004-03-31
5337,750,0.0,2004-03-31
5338,750,0.0,2004-05-14
5339,750,0.0,2004-03-31
5340,750,0.0,2004-03-31
5341,750,0.0,2004-05-14
5347,750,0.0,2004-05-14
5348,750,0.0,2004-03-31
5350,750,0.0,2004-03-31
5351,750,0.0,2004-05-14
5352,750,0.0,2004-05-14
5353,750,0.0,2004-05-14
5354,750,0.0,2004-03-31
5355,750,0.0,2004-03-31
5356,750,0.0,2004-03-31
5357,750,0.0,2004-03-31
5358,750,0.0,2004-03-31
5361,750,0.0,2004-03-31
5362,750,0.0,2004-05-14
5363,750,0.0,2004-03-31
5364,750,0.0,2004-03-31
5368,750,0.0,2004-03-31
5369,750,0.0,2004-03-31
5370,750,0.0,2004-04-01
5371,750,0.0,2004-04-01
5373,750,0.0,2004-04-01
5376,750,0.0,2004-05-18
5377,750,0.0,2004-05-18
5378,750,0.0,2004-05-18
5379,750,0.0,2004-05-18
5381,750,0.0,2004-05-19
5384,750,0.0,2004-05-19
5389,750,0.0,2004-05-26
5390,750,0.0,2004-04-01
5391,750,0.0,2004-05-21
5392,750,0.0,2004-05-21
5393,750,0.0,2004-05-21
5394,750,0.0,2004-05-21
5395,750,0.0,2004-05-21
5396,750,0.0,2004-05-21
5397,750,0.0,2004-05-21
5398,750,0.0,2004-05-21
5399,750,0.0,2004-05-21
5400,750,0.0,2004-05-21
5401,750,8.0,2014-01-09
5401,806,8.0,2014-01-09
5402,750,0.0,2004-05-21
5403,750,42.0,2014-07-02
5403,834,13.0,2014-07-02
5403,809,8.0,2014-07-02
5403,835,22.0,2014-07-02
5404,750,49.0,2014-07-02
5404,809,8.0,2014-07-02
5404,834,16.0,2014-07-02
5404,835,26.0,2014-07-02
5405,750,0.0,2004-05-27
5406,750,0.0,2004-05-27
5407,750,0.0,2004-05-27
5408,750,0.0,2004-05-27
5409,750,0.0,2004-05-27
5410,750,0.0,2004-06-01
5411,750,0.0,2004-05-28
5412,1566,20.0,2004-06-01
5412,750,20.0,2004-06-01
5413,750,0.0,2004-05-28
5414,750,0.0,2004-05-28
5415,750,0.0,2004-05-28
5416,750,0.0,2004-05-28
5417,750,0.0,2004-05-28
5419,750,0.0,2004-05-28
5422,750,0.0,2004-06-04
5423,750,0.0,2004-06-04
5424,750,0.0,2004-06-04
5426,750,0.0,2004-06-04
5427,750,0.0,2004-06-07
5428,750,0.0,2004-06-07
5429,750,0.0,2004-06-07
5430,750,0.0,2004-06-09
5431,750,0.0,2004-06-09
5434,750,0.0,2004-06-30
5435,750,0.0,2004-06-30
5437,750,0.0,2004-06-30
5438,750,0.0,2004-06-04
5439,750,0.0,2004-06-04
5441,750,0.0,2004-06-28
5442,750,0.0,2004-06-28
5444,750,0.0,2004-06-28
5449,750,0.0,2004-06-28
5452,750,0.0,2004-06-30
5453,750,0.0,2004-06-30
5454,750,0.0,2004-06-09
5455,750,0.0,2004-06-10
5456,750,0.0,2004-06-30
5457,750,0.0,2004-06-04
5458,750,0.0,2004-05-10
5459,750,0.0,2004-05-03
5462,750,0.0,2004-05-13
5463,750,0.0,2004-06-30
5464,750,0.0,2004-05-03
5465,750,0.0,2004-05-03
5466,750,0.0,2004-05-10
5467,750,0.0,2004-05-10
5469,750,0.0,2004-05-10
5470,750,0.0,2004-05-03
5471,750,0.0,2004-06-30
5472,750,0.0,2004-05-21
5473,750,0.0,2004-05-10
5474,750,0.0,2004-05-03
5475,750,0.0,2004-05-10
5476,750,0.0,2004-05-10
5478,750,0.0,2004-05-10
5480,750,0.0,2004-05-10
5485,750,0.0,2004-06-30
5486,750,0.0,2004-05-19
5487,750,0.0,2004-05-03
5489,750,0.0,2004-05-10
5490,750,0.0,2004-05-10
5491,750,0.0,2004-06-30
5492,750,0.0,2004-10-07
5493,750,0.0,2004-06-28
5495,750,0.0,2004-06-30
5496,750,0.0,2004-05-10
5497,750,0.0,2004-05-10
5498,750,0.0,2004-05-03
5499,750,0.0,2004-05-19
5501,750,0.0,2004-06-28
5507,750,0.0,2004-06-28
5508,750,0.0,2004-05-10
5509,750,0.0,2004-06-07
5510,750,0.0,2004-05-10
5511,750,0.0,2004-05-03
5512,750,0.0,2004-05-03
5515,750,0.0,2004-05-10
5516,750,0.0,2004-05-10
5517,750,0.0,2004-05-10
5518,750,0.0,2004-05-10
5520,750,0.0,2004-05-10
5521,750,0.0,2004-05-10
5522,750,0.0,2004-06-30
5523,750,0.0,2004-06-30
5524,750,0.0,2004-06-30
5525,750,0.0,2004-06-30
5526,750,0.0,2004-06-30
5527,750,0.0,2004-06-30
5529,750,0.0,2004-06-30
5530,750,0.0,2004-05-03
5531,750,0.0,2004-06-30
5533,750,0.0,2005-02-11
5534,750,0.0,2004-06-07
5535,750,0.0,2004-06-07
5536,750,0.0,2004-06-07
5537,750,0.0,2004-06-07
5539,750,0.0,2004-06-07
5540,750,0.0,2004-06-07
5541,750,0.0,2004-06-07
5543,750,0.0,2004-06-07
5544,750,0.0,2004-06-07
5546,750,0.0,2004-06-07
5547,750,0.0,2004-05-28
5548,750,0.0,2004-05-28
5549,750,0.0,2004-05-28
5550,750,0.0,2004-05-28
5551,750,0.0,2004-06-04
5552,750,0.0,2004-06-04
5553,750,0.0,2004-05-03
5554,750,0.0,2004-06-07
5555,750,0.0,2004-05-10
5556,750,0.0,2004-05-10
5557,750,0.0,2004-05-28
5558,750,0.0,2004-05-03
5560,750,0.0,2004-05-03
5561,750,0.0,2004-06-30
5562,750,0.0,2004-05-03
5563,750,0.0,2004-05-03
5565,750,0.0,2004-05-03
5566,750,0.0,2004-05-03
5567,750,0.0,2004-05-12
5568,750,0.0,2004-05-12
5569,750,0.0,2004-05-03
5570,750,0.0,2004-05-12
5571,750,0.0,2004-05-27
5572,750,0.0,2004-06-08
5573,750,0.0,2004-05-28
5574,750,0.0,2004-05-28
5575,750,0.0,2004-05-27
5577,750,0.0,2004-05-27
5579,750,0.0,2004-05-10
5580,750,0.0,2004-05-03
5583,750,0.0,2004-05-03
5584,750,0.0,2004-05-10
5585,750,0.0,2004-06-28
5586,750,0.0,2004-05-28
5587,750,0.0,2004-05-12
5588,750,0.0,2004-05-12
5589,750,0.0,2004-06-04
5591,750,0.0,2004-05-27
5592,750,0.0,2004-05-03
5593,750,0.0,2004-05-21
5595,750,0.0,2004-05-28
5597,750,0.0,2004-05-12
5598,750,0.0,2004-05-12
5599,750,0.0,2006-12-18
5600,750,0.0,2004-05-03
5601,750,0.0,2004-05-03
5602,750,0.0,2004-06-04
5603,750,0.0,2004-06-04
5604,750,0.0,2004-05-03
5605,750,0.0,2004-05-28
5606,750,0.0,2004-06-08
5607,750,0.0,2004-06-09
5608,750,0.0,2004-06-28
5609,750,0.0,2004-06-08
5610,750,0.0,2004-06-08
5611,750,0.0,2004-06-04
5612,750,0.0,2004-10-21
5613,750,0.0,2004-05-19
5614,750,0.0,2004-06-30
5615,750,0.0,2004-06-28
5616,750,0.0,2005-02-11
5617,750,0.0,2004-05-03
5618,750,0.0,2004-06-28
5619,750,0.0,2004-05-03
5620,750,0.0,2004-05-10
5622,750,0.0,2004-05-10
5623,750,0.0,2004-05-03
5624,750,0.0,2004-06-01
5625,750,0.0,2004-06-30
5626,750,0.0,2004-06-30
5627,750,0.0,2004-06-30
5628,750,0.0,2004-06-04
5629,750,0.0,2004-06-30
5630,750,0.0,2004-06-30
5631,750,0.0,2004-06-30
5632,750,0.0,2004-06-04
5633,750,0.0,2004-10-21
5634,750,0.0,2004-06-07
5635,750,0.0,2004-10-07
5638,750,0.0,2004-05-13
5639,750,0.0,2004-05-13
5640,750,0.0,2004-05-13
5641,750,0.0,2004-05-13
5642,750,0.0,2004-05-13
5643,750,0.0,2004-05-13
5644,750,0.0,2004-05-13
5645,750,0.0,2004-05-13
5646,750,0.0,2004-05-13
5647,750,0.0,2004-05-13
5648,750,0.0,2004-05-13
5649,750,0.0,2004-05-13
5650,750,0.0,2004-05-13
5651,750,0.0,2004-05-13
5652,750,0.0,2004-05-13
5653,750,0.0,2004-05-13
5654,750,0.0,2004-05-13
5655,750,0.0,2004-05-13
5656,750,0.0,2004-05-13
5657,750,0.0,2004-05-13
5658,750,0.0,2004-05-13
5659,750,0.0,2004-05-13
5660,750,0.0,2004-05-13
5661,750,0.0,2004-05-13
5662,750,0.0,2004-05-13
5663,750,0.0,2004-05-13
5664,750,0.0,2004-05-13
5665,750,0.0,2004-05-13
5666,750,0.0,2004-05-13
5667,750,0.0,2004-05-13
5669,750,0.0,2004-05-19
5674,750,0.0,2004-05-19
5675,750,0.0,2004-05-19
5677,750,0.0,2004-05-19
5678,750,0.0,2004-05-19
5679,750,0.0,2004-05-19
5680,750,0.0,2004-05-19
5681,750,0.0,2004-05-19
5682,750,0.0,2004-05-19
5683,750,0.0,2004-05-19
5684,750,0.0,2004-05-19
5685,750,0.0,2004-05-19
5687,750,0.0,2004-05-19
5689,750,0.0,2004-05-19
5691,750,0.0,2004-05-19
5692,750,0.0,2004-05-19
5693,750,0.0,2004-05-19
5694,750,0.0,2004-05-19
5696,750,0.0,2004-05-19
5698,750,0.0,2004-05-19
5699,750,0.0,2004-05-19
5702,750,0.0,2004-05-19
5705,750,0.0,2004-05-19
5706,750,0.0,2004-05-28
5707,750,0.0,2004-05-28
5708,750,0.0,2004-05-28
5709,750,0.0,2005-03-22
5710,750,0.0,2004-06-04
5714,750,0.0,2004-06-04
5715,750,0.0,2004-06-09
5716,750,0.0,2004-06-09
5717,750,8.0,2004-06-09
5717,781,4.0,2004-06-09
5717,758,4.0,2004-06-09
5718,750,11.0,2004-06-09
5718,781,8.0,2004-06-09
5718,758,3.0,2004-06-09
5719,750,12.0,2004-06-09
5719,781,8.0,2004-06-09
5719,758,4.0,2004-06-09
5720,750,14.0,2004-06-09
5720,781,9.0,2004-06-09
5720,758,5.0,2004-06-09
5721,750,4.0,2004-06-09
5721,781,3.5,2004-06-09
5721,758,0.72,2004-06-09
5722,750,5.0,2004-06-09
5722,781,3.0,2004-06-09
5722,758,2.0,2004-06-09
5723,750,0.0,2004-06-09
5724,750,0.0,2004-06-09
5725,750,6.0,2004-06-09
5725,781,2.0,2004-06-09
5725,758,4.0,2004-06-09
5726,750,5.0,2004-06-09
5726,781,4.0,2004-06-09
5726,758,1.0,2004-06-09
5727,750,4.0,2004-06-09
5727,781,3.0,2004-06-09
5727,758,1.0,2004-06-09
5728,750,0.0,2004-06-09
5729,750,0.0,2004-06-09
5730,750,0.0,2004-06-09
5731,750,0.0,2004-06-09
5732,750,0.0,2004-06-09
5733,750,0.0,2004-06-09
5734,750,0.0,2004-06-30
5735,750,0.0,2004-06-30
5736,750,0.0,2004-07-05
5737,750,0.0,2004-06-30
5738,750,0.0,2004-06-30
5739,750,0.0,2004-06-30
5740,750,0.0,2004-06-30
5741,750,0.0,2004-06-30
5742,750,0.0,2004-06-30
5743,750,0.0,2004-06-30
5745,750,0.0,2004-06-30
5748,750,0.0,2004-06-30
5749,750,0.0,2004-06-30
5750,750,0.0,2004-06-30
5751,750,0.0,2004-06-30
5752,750,0.0,2004-06-30
5753,750,0.0,2004-06-30
5754,750,0.0,2004-06-30
5755,750,0.0,2004-10-28
5758,750,0.0,2004-11-19
5759,750,0.0,2005-01-31
5760,750,0.0,2005-01-31
5761,750,0.0,2005-01-31
5762,750,0.0,2005-01-31
5763,750,0.0,2005-01-07
5764,750,0.0,2005-01-06
5765,750,0.0,2005-01-06
5768,750,0.0,2005-01-06
5769,750,0.0,2005-01-06
5771,750,0.0,2005-01-07
5772,750,0.0,2005-01-06
5773,750,0.0,2005-01-06
5774,750,0.0,2005-01-06
5775,750,0.0,2006-11-30
5776,750,0.0,2005-01-06
5777,750,0.0,2005-01-06
5778,750,0.0,2005-01-06
5779,750,0.0,2005-01-06
5780,750,0.0,2005-01-06
5781,750,0.0,2005-01-06
5782,750,0.0,2005-01-06
5783,750,0.0,2005-01-06
5784,750,0.0,2005-01-06
5785,750,0.0,2005-01-06
5786,750,0.0,2005-01-06
5787,750,0.0,2005-01-06
5788,750,0.0,2005-01-06
5791,750,0.0,2005-01-06
5792,750,0.0,2005-01-06
5793,750,0.0,2005-01-06
5794,750,0.0,2005-01-06
5795,750,0.0,2005-01-06
5796,750,0.0,2005-01-06
5797,750,0.0,2005-01-06
5800,750,0.0,2005-02-11
5803,750,0.0,2005-02-11
5804,750,0.0,2005-01-06
5805,750,0.0,2005-01-06
5806,750,0.0,2005-01-06
5807,750,0.0,2005-01-06
5808,750,0.0,2005-01-06
5809,750,0.0,2005-01-07
5810,750,0.0,2005-01-07
5811,750,0.0,2005-01-07
5812,750,0.0,2005-01-31
5813,750,0.0,2005-01-31
5815,750,0.0,2005-01-07
5816,750,0.0,2005-01-07
5817,750,0.0,2005-01-07
5818,750,0.0,2005-01-07
5819,750,0.0,2005-01-31
5820,750,0.0,2005-01-31
5821,750,0.0,2005-01-31
5822,750,0.0,2005-01-31
5823,750,0.0,2005-01-31
5824,750,0.0,2005-01-31
5825,750,0.0,2005-01-31
5826,750,0.0,2005-01-31
5827,750,0.0,2005-01-31
5828,750,0.0,2005-01-31
5829,750,0.0,2005-01-31
5830,750,0.0,2005-01-31
5831,750,0.0,2005-01-31
5832,750,0.0,2005-01-31
5833,750,0.0,2005-01-31
5834,750,0.0,2005-01-31
5835,750,0.0,2005-01-31
5836,750,0.0,2005-01-31
5837,750,0.0,2005-01-31
5849,750,0.0,2005-03-02
5850,750,0.0,2005-03-02
5851,750,0.0,2005-02-16
5852,750,48.0,2005-03-16
5852,751,48.0,2005-03-16
5853,750,48.0,2005-03-16
5853,751,48.0,2005-03-16
5854,750,48.0,2005-03-16
5854,751,48.0,2005-03-16
5855,750,0.0,2005-03-07
5856,750,0.0,2005-03-07
5857,750,0.0,2005-03-16
5858,750,0.0,2005-03-16
5859,750,0.0,2005-03-22
5860,750,0.0,2005-03-16
5861,750,0.0,2005-03-16
5862,750,0.0,2005-03-16
5863,750,0.0,2005-03-16
5864,750,0.0,2005-03-16
5866,750,0.0,2005-03-16
5867,750,0.0,2005-03-16
5868,750,0.0,2005-03-16
5869,750,0.0,2005-03-16
5870,750,0.0,2005-03-16
5871,750,0.0,2005-03-16
5872,750,0.0,2005-03-16
5873,750,0.0,2005-03-17
5874,750,0.0,2005-03-16
5875,750,0.0,2005-03-17
5876,750,0.0,2005-03-17
5877,750,0.0,2005-03-17
5879,750,0.0,2005-03-16
5881,750,0.0,2005-03-16
5882,750,0.0,2005-03-17
5883,750,0.0,2005-03-17
5884,750,0.0,2005-03-17
5885,750,0.0,2005-03-17
5886,750,0.0,2005-03-17
5887,750,0.0,2005-03-17
5888,750,0.0,2005-03-17
5889,750,0.0,2005-03-17
5890,750,0.0,2005-03-17
5891,750,0.0,2005-03-17
5892,750,0.0,2005-03-17
5893,750,0.0,2005-03-17
5894,750,0.0,2005-03-17
5895,750,0.0,2005-03-17
5896,750,0.0,2005-03-17
5897,750,0.0,2005-03-17
5898,750,0.0,2005-03-17
5899,750,0.0,2005-03-17
5900,750,0.0,2005-03-17
5901,750,0.0,2005-03-17
5902,750,0.0,2005-03-17
5903,750,0.0,2005-03-17
5904,750,0.0,2005-03-17
5905,750,0.0,2005-03-17
5906,750,0.0,2005-03-17
5907,750,0.0,2005-03-18
5908,750,0.0,2005-03-17
5909,750,0.0,2005-03-17
5910,750,0.0,2005-03-22
5911,750,0.0,2005-03-22
5912,750,0.0,2005-04-19
5913,750,0.0,2005-04-19
5914,750,0.0,2005-04-19
5916,750,0.0,2005-04-21
5917,750,0.0,2005-04-21
5918,750,0.0,2005-04-21
5919,750,0.0,2005-04-21
5920,750,0.0,2005-04-22
5921,750,0.0,2005-05-11
5922,750,0.0,2005-06-23
5923,750,0.0,2005-06-23
5924,750,0.0,2005-06-23
5925,750,0.0,2005-06-23
5927,750,0.0,2005-06-28
5928,750,0.0,2005-06-29
5929,750,0.0,2005-06-29
5930,750,0.0,2005-06-29
5931,750,0.0,2005-06-29
5932,750,0.0,2005-06-29
5933,750,0.0,2005-06-29
5934,750,0.0,2005-06-29
5935,750,0.0,2005-06-29
5936,750,0.0,2005-06-29
5937,750,0.0,2005-06-29
5938,750,0.0,2005-06-29
5939,750,0.0,2005-06-29
5940,750,0.0,2005-06-29
5943,750,6.0,2015-06-05
5944,750,6.0,2015-06-05
5945,750,9.0,2015-06-05
5946,750,9.0,2015-06-05
5948,750,8.0,2015-06-05
5949,750,8.0,2015-06-05
5950,750,15.0,2015-06-05
5952,750,16.0,2015-06-05
5955,750,22.0,2015-06-05
5956,750,23.0,2006-03-15
5956,816,23.0,2006-03-15
5957,750,0.0,2006-03-15
5958,750,0.0,2006-03-15
5959,750,0.0,2006-03-15
5960,750,0.0,2006-03-15
5961,750,0.0,2006-03-22
5962,750,0.0,2006-03-23
5963,750,0.0,2006-03-29
5965,750,0.0,2006-03-29
5966,750,0.0,2006-03-29
5967,750,0.0,2006-03-29
5968,750,0.0,2006-03-29
5969,750,0.0,2006-04-06
5970,750,0.0,2006-04-06
5971,750,0.0,2006-04-06
5972,750,0.0,2006-04-06
5973,750,0.0,2006-03-30
5974,750,0.0,2006-03-30
5975,750,0.0,2006-03-30
5977,750,0.0,2006-03-30
5978,750,0.0,2006-03-30
5979,750,0.0,2006-04-06
5980,750,0.0,2006-03-30
5981,750,6.4,2006-06-22
5982,750,6.6,2006-06-22
5983,750,6.6,2006-06-22
5984,750,6.6,2006-06-22
5989,750,9.4,2006-06-22
5990,750,9.4,2006-06-22
5991,750,8.6,2006-06-22
5993,750,8.6,2006-06-22
5994,750,7.2,2006-06-22
5996,750,7.2,2006-06-22
5997,750,8.2,2006-06-22
5999,750,8.2,2006-06-22
6000,750,10.8,2006-06-22
6002,750,10.8,2006-06-22
6018,750,0.0,2006-06-22
6019,750,0.0,2006-06-22
6020,750,6.0,2006-06-22
6022,750,6.0,2006-06-22
6023,750,6.8,2006-06-22
6025,750,6.8,2006-06-22
6026,750,4.8,2006-06-22
6028,750,4.8,2006-06-22
6029,750,6.7,2006-06-22
6031,750,6.7,2006-06-22
6032,750,3.5,2006-06-22
6033,750,3.5,2006-06-22
6034,750,3.5,2006-06-22
6035,750,3.0,2006-06-22
6036,750,3.0,2006-06-22
6037,750,3.0,2006-06-22
6038,750,0.0,2006-03-28
6039,750,4.4,2006-06-22
6040,750,4.4,2006-06-22
6041,750,4.4,2006-06-22
6042,750,6.6,2006-06-22
6043,750,6.6,2006-06-22
6044,750,6.6,2006-06-22
6045,750,8.0,2006-06-22
6046,750,8.0,2006-06-22
6048,750,7.2,2006-06-22
6049,750,7.2,2006-06-22
6050,750,7.2,2006-06-22
6061,750,10.8,2006-06-22
6062,750,10.8,2006-06-22
6064,750,9.9,2006-06-22
6065,750,9.9,2006-06-22
6066,750,10.4,2006-06-22
6068,750,10.4,2006-06-22
6069,750,9.4,2006-06-22
6071,750,9.4,2006-06-22
6078,750,19.4,2006-06-22
6079,750,19.4,2006-06-22
6081,750,23.9,2006-06-22
6082,750,23.9,2006-06-22
6089,750,9.1,2006-06-22
6090,750,9.1,2006-06-22
6091,750,9.1,2006-06-22
6092,750,12.5,2006-06-22
6093,750,12.5,2006-06-22
6094,750,12.5,2006-06-22
6095,750,7.3,2006-06-22
6098,750,9.9,2006-06-22
6102,750,9.3,2006-06-22
6105,750,14.5,2006-06-22
6107,750,9.7,2006-06-22
6108,750,9.7,2006-06-22
6109,750,9.7,2006-06-22
6110,750,13.8,2006-06-22
6111,750,13.8,2006-06-22
6112,750,13.8,2006-06-22
6114,750,25.4,2006-06-22
6115,750,25.4,2006-06-22
6117,750,28.8,2006-06-22
6118,750,28.8,2006-06-22
6119,750,0.0,2006-06-21
6120,750,0.0,2006-06-21
6121,750,0.0,2006-06-21
6122,750,0.0,2006-06-21
6123,750,7.2,2006-06-23
6125,750,7.2,2006-06-23
6126,750,8.5,2006-06-23
6128,750,8.5,2006-06-23
6129,750,5.0,2006-06-23
6131,750,5.0,2006-06-23
6132,750,7.0,2006-06-23
6134,750,7.0,2006-06-23
6137,750,8.3,2006-06-23
6140,750,9.5,2006-06-23
6142,750,7.2,2006-06-23
6143,750,7.2,2006-06-23
6144,750,7.7,2006-06-23
6145,750,7.7,2006-06-23
6146,750,7.7,2006-06-23
6147,750,4.4,2006-06-23
6149,750,4.4,2006-06-23
6150,750,6.3,2006-06-23
6152,750,6.3,2006-06-23
6156,750,4.7,2006-06-23
6159,750,3.01,2006-07-12
6159,752,3.01,2006-07-12
6160,750,4.04,2006-07-12
6160,752,4.04,2006-07-12
6161,750,15.32,2006-07-12
6161,936,3.08,2006-07-12
6161,937,9.23,2006-07-12
6161,752,3.01,2006-07-12
6162,750,15.43,2006-07-12
6162,936,2.8,2006-07-12
6162,937,8.59,2006-07-12
6162,752,4.04,2006-07-12
6169,750,0.0,2006-09-19
6172,750,0.0,2006-09-19
6175,750,0.0,2006-12-18
6176,750,0.0,2006-12-18
6177,750,0.0,2006-12-18
6178,750,0.0,2006-12-18
6179,750,0.0,2006-11-15
6180,750,0.0,2006-11-16
6181,750,0.0,2006-11-16
6182,750,0.0,2006-11-16
6183,750,0.0,2006-11-16
6184,750,0.0,2006-11-16
6185,750,0.0,2006-11-17
6186,750,0.0,2006-11-17
6187,750,0.0,2006-11-17
6188,750,0.0,2006-11-17
6189,750,0.0,2006-11-17
6190,750,0.0,2006-11-17
6191,750,0.0,2006-11-17
6192,750,0.0,2006-11-20
6193,750,0.0,2006-11-20
6194,750,0.0,2006-11-23
6195,750,0.0,2006-12-13
6196,750,0.0,2006-12-13
6197,750,0.0,2006-12-13
6199,750,0.0,2006-12-13
6203,750,0.0,2006-12-13
6204,750,0.0,2006-12-13
6205,750,0.0,2006-12-13
6206,750,0.0,2006-12-13
6207,750,13.0,2006-12-13
6207,751,13.0,2006-12-13
6208,750,23.0,2006-12-13
6208,751,13.0,2006-12-13
6208,758,10.0,2006-12-13
6209,750,26.0,2006-12-13
6209,751,13.0,2006-12-13
6209,758,13.0,2006-12-13
6210,750,22.0,2006-12-13
6210,751,12.0,2006-12-13
6210,758,10.0,2006-12-13
6211,750,23.0,2006-12-13
6211,751,11.0,2006-12-13
6211,758,12.0,2006-12-13
6212,750,22.0,2014-01-09
6212,751,22.0,2014-01-09
6213,751,11.0,2006-12-13
6213,750,11.0,2006-12-13
6214,750,5.0,2006-12-13
6214,751,5.0,2006-12-13
6215,750,15.0,2006-12-13
6215,751,5.0,2006-12-13
6215,758,10.0,2006-12-13
6216,750,5.0,2006-12-13
6216,751,5.0,2006-12-13
6217,750,0.0,2006-12-13
6218,750,0.0,2006-12-13
6219,750,0.0,2006-12-14
6220,750,0.0,2006-12-14
6221,750,0.0,2006-12-14
6222,750,0.0,2006-12-14
6223,750,0.0,2006-12-14
6224,750,0.0,2006-12-14
6225,750,0.0,2006-12-14
6226,750,0.0,2006-12-14
6227,750,0.0,2006-12-14
6228,750,0.0,2006-12-14
6229,750,0.0,2006-12-14
6230,750,0.0,2006-12-14
6231,750,0.0,2006-12-14
6232,750,0.0,2006-12-14
6233,750,0.0,2006-12-14
6234,750,0.0,2006-12-14
6235,750,0.0,2006-12-15
6236,750,0.0,2006-12-15
6237,750,0.0,2006-12-15
6238,750,0.0,2006-12-15
6239,750,0.0,2006-12-15
6240,750,0.0,2006-12-15
6242,750,0.0,2006-12-15
6243,750,0.0,2006-12-15
6244,750,0.0,2006-12-15
6245,750,0.0,2006-12-15
6246,750,0.0,2006-12-15
6247,750,0.0,2006-12-15
6248,750,0.0,2006-12-15
6249,750,0.0,2006-12-15
6250,750,0.0,2006-12-15
6251,750,0.0,2006-12-15
6252,750,0.0,2006-12-15
6253,750,0.0,2006-12-15
6254,750,0.0,2006-12-15
6255,750,0.0,2006-12-15
6256,750,0.0,2006-12-15
6257,750,0.0,2006-12-15
6258,750,0.0,2006-12-15
6259,750,0.0,2006-12-14
6260,750,0.0,2006-12-14
6261,750,0.0,2006-12-15
6262,750,0.0,2006-12-15
6263,750,0.0,2006-12-14
6264,750,0.0,2006-12-15
6265,750,0.0,2006-12-15
6266,750,0.0,2006-12-14
6267,750,0.0,2006-12-14
6268,750,0.0,2006-12-14
6275,750,0.0,2006-12-18
6276,750,0.0,2006-12-18
6278,750,0.0,2007-05-23
6279,750,0.0,2007-05-23
6280,750,0.0,2007-05-24
6281,750,0.0,2007-06-21
6282,750,0.0,2007-06-21
6283,750,0.0,2007-07-27
6284,750,0.0,2007-06-21
6285,750,0.0,2007-06-22
6286,750,0.0,2007-06-21
6287,750,0.0,2007-06-25
6288,750,0.0,2010-03-26
6289,750,0.0,2007-06-26
6291,750,0.0,2007-06-28
6292,750,0.0,2007-06-28
6298,750,0.0,2007-06-29
6303,750,0.0,2007-07-23
6304,750,0.0,2007-09-14
6306,750,0.0,2008-04-16
6308,750,0.0,2008-06-23
6309,750,0.0,2008-06-23
6310,750,0.0,2008-06-23
6311,750,0.0,2008-06-23
6312,750,0.0,2008-06-24
6313,750,0.0,2008-06-24
6316,750,0.0,2008-06-24
6317,750,0.0,2008-06-24
6319,750,0.0,2008-06-24
6320,750,0.0,2008-06-24
6321,750,0.0,2008-06-24
6322,750,0.0,2008-06-24
6323,750,0.0,2008-06-24
6324,750,0.0,2008-06-24
6325,750,0.0,2008-06-24
6326,750,0.0,2008-06-24
6327,750,0.0,2008-06-24
6328,750,0.0,2008-06-24
6329,750,0.0,2008-06-24
6330,750,0.0,2008-06-24
6331,750,0.0,2008-06-24
6332,750,0.0,2008-06-24
6333,750,0.0,2008-06-24
6334,750,0.0,2008-06-24
6335,750,0.0,2008-06-24
6336,750,0.0,2008-06-24
6337,750,0.0,2008-06-24
6338,750,0.0,2008-06-24
6339,750,0.0,2008-06-24
6340,750,0.0,2008-06-26
6341,750,0.0,2008-06-26
6342,750,0.0,2008-06-24
6343,750,0.0,2008-06-24
6344,750,0.0,2008-06-24
6345,750,0.0,2008-06-24
6346,750,0.0,2008-06-24
6347,750,0.0,2008-06-24
6348,750,0.0,2008-06-24
6349,750,0.0,2008-06-24
6350,750,0.0,2008-06-24
6351,750,0.0,2008-06-24
6352,750,0.0,2008-06-24
6353,750,0.0,2008-10-23
6354,750,0.0,2008-12-02
6355,750,0.0,2008-12-02
6356,750,0.0,2009-03-25
6357,750,0.0,2009-03-25
6358,750,0.0,2009-03-25
6359,750,0.0,2009-03-25
6360,750,0.0,2009-03-26
6361,750,0.0,2009-03-26
6362,750,0.0,2009-03-26
6363,750,0.0,2009-03-26
6364,750,0.0,2009-03-26
6365,750,0.0,2009-03-26
6366,750,0.0,2009-03-26
6367,750,0.0,2009-03-26
6368,750,0.0,2009-03-26
6369,750,0.0,2009-03-26
6370,750,0.0,2009-03-26
6371,750,0.0,2009-03-26
6372,750,0.0,2009-03-26
6373,750,0.0,2009-04-22
6374,750,0.0,2009-03-26
6375,750,0.0,2009-03-26
6376,750,0.0,2009-03-26
6377,750,0.0,2009-03-26
6378,750,0.0,2009-03-26
6379,750,0.0,2009-03-27
6381,750,0.0,2009-03-27
6382,750,0.0,2009-03-27
6383,750,0.0,2009-03-27
6384,750,0.0,2009-03-27
6385,750,0.0,2009-03-27
6386,750,0.0,2009-03-27
6387,750,0.0,2009-03-27
6388,750,0.0,2009-03-27
6389,750,0.0,2009-03-27
6390,750,0.0,2009-03-27
6391,750,0.0,2009-03-27
6392,750,0.0,2009-03-27
6393,750,0.0,2009-03-27
6394,750,0.0,2009-03-27
6395,750,0.0,2009-03-27
6396,750,0.0,2009-03-27
6397,750,0.0,2009-03-27
6398,750,0.0,2009-03-27
6399,750,0.0,2009-03-27
6400,750,0.0,2009-03-27
6401,750,0.0,2009-03-27
6402,750,0.0,2009-03-27
6403,750,0.0,2009-03-27
6404,750,0.0,2009-03-27
6405,750,0.0,2009-03-27
6406,750,45.0,2009-03-27
6406,1162,45.0,2009-03-27
6407,750,45.0,2009-03-27
6407,1162,45.0,2009-03-27
6408,750,64.0,2009-03-27
6408,1254,35.0,2009-03-27
6408,1162,29.0,2009-03-27
6409,750,0.0,2009-03-27
6410,750,0.0,2009-03-27
6411,750,0.0,2009-03-27
6412,750,0.0,2009-03-27
6414,750,0.0,2009-03-30
6415,750,0.0,2009-04-22
6416,750,0.0,2009-03-30
6417,750,0.0,2009-03-30
6418,750,0.0,2009-03-30
6419,750,0.0,2009-03-30
6420,750,0.0,2009-03-30
6421,750,0.0,2009-03-30
6422,750,0.0,2009-03-30
6423,750,0.0,2009-03-30
6424,750,0.0,2009-03-30
6425,750,0.0,2009-03-30
6426,750,0.0,2009-03-30
6427,750,0.0,2009-03-30
6428,750,0.0,2009-03-30
6429,750,0.0,2009-03-30
6430,750,0.0,2009-03-30
6432,750,0.0,2009-03-30
6433,750,0.0,2009-03-30
6434,750,0.0,2009-03-30
6435,750,0.0,2009-04-22
6436,750,0.0,2009-03-30
6437,750,0.0,2009-03-30
6438,750,0.0,2009-03-31
6439,750,0.0,2009-04-08
6440,750,0.0,2009-04-08
6442,750,0.0,2009-04-08
6443,750,0.0,2009-04-22
6444,750,0.0,2010-01-26
6445,750,0.0,2009-04-22
6446,750,0.0,2009-04-22
6447,750,0.0,2009-04-22
6448,750,0.0,2009-04-22
6449,750,0.0,2009-04-22
6450,750,0.0,2009-04-22
6451,750,0.0,2009-04-22
6452,750,0.0,2009-04-22
6453,750,0.0,2009-04-09
6454,750,0.0,2009-04-09
6455,750,0.0,2009-04-09
6456,750,0.0,2009-04-09
6457,750,0.0,2009-04-09
6458,750,0.0,2009-04-09
6459,750,0.0,2009-04-09
6460,750,0.0,2009-04-09
6461,750,0.0,2009-04-09
6462,750,0.0,2009-04-09
6463,750,0.0,2009-04-09
6464,750,0.0,2009-04-09
6465,750,0.0,2009-04-09
6466,750,0.0,2009-04-09
6467,750,0.0,2009-04-09
6468,750,0.0,2009-04-14
6469,750,0.0,2009-04-14
6470,750,0.0,2009-04-14
6471,750,0.0,2009-04-14
6472,750,0.0,2009-04-14
6473,750,0.0,2009-04-14
6474,750,0.0,2009-04-14
6475,750,0.0,2009-04-14
6476,750,0.0,2009-04-14
6477,750,0.0,2009-04-14
6478,750,0.0,2009-04-14
6479,750,0.0,2009-04-14
6480,750,0.0,2009-04-14
6481,750,0.0,2009-04-14
6482,750,0.0,2009-04-14
6483,750,0.0,2009-04-14
6484,750,0.0,2009-04-15
6485,750,0.0,2009-04-15
6486,750,0.0,2009-04-15
6487,750,0.0,2009-04-15
6488,750,0.0,2009-04-15
6489,750,0.0,2009-04-15
6490,750,0.0,2009-04-15
6491,750,0.0,2009-04-15
6509,750,0.0,2009-04-15
6510,750,0.0,2009-04-15
6511,750,23.0,2009-04-15
6511,1277,23.0,2009-04-15
6512,750,0.0,2009-04-15
6513,750,9.0,2009-04-15
6513,1278,9.0,2009-04-15
6514,750,0.0,2009-04-16
6515,750,0.0,2009-04-16
6516,750,0.0,2009-04-16
6517,750,0.0,2009-04-16
6518,750,0.0,2009-04-16
6519,750,0.0,2009-04-16
6520,750,0.0,2009-04-16
6521,750,23.0,2009-04-15
6521,1277,23.0,2009-04-15
6522,750,0.0,2009-04-15
6523,750,0.0,2009-04-15
6524,750,0.0,2009-04-16
6525,750,0.0,2009-04-16
6526,750,0.0,2009-04-16
6527,750,0.0,2009-04-16
6528,750,0.0,2009-04-16
6529,750,0.0,2009-04-16
6530,750,0.0,2009-04-16
6531,750,0.0,2009-04-16
6533,750,0.0,2009-04-16
6534,750,0.0,2009-04-16
6535,750,0.0,2009-04-16
6536,750,0.0,2009-04-16
6537,750,0.0,2009-03-30
6538,750,0.0,2009-04-22
6539,750,0.0,2009-04-16
6541,750,0.0,2009-04-16
6542,750,0.0,2009-04-16
6543,750,0.0,2009-04-16
6544,750,0.0,2009-04-16
6545,750,0.0,2009-04-16
6546,750,0.0,2009-04-16
6549,750,0.0,2009-04-16
6550,750,0.0,2009-04-16
6551,750,0.0,2009-04-22
6552,750,0.0,2009-04-16
6553,750,0.0,2009-04-16
6554,750,0.0,2009-04-16
6555,750,0.0,2009-04-16
6556,750,0.0,2009-04-16
6557,750,0.0,2009-04-16
6558,750,0.0,2009-04-16
6559,750,0.0,2009-04-21
6560,750,0.0,2009-04-16
6561,750,0.0,2009-04-16
6562,750,0.0,2009-04-16
6563,750,0.0,2009-04-16
6564,750,0.0,2009-04-16
6565,750,0.0,2009-04-16
6566,750,0.0,2009-04-16
6567,750,22.0,2009-04-22
6567,752,22.0,2009-04-22
6568,750,0.0,2009-04-16
6569,750,0.0,2009-04-16
6570,750,0.0,2009-04-22
6571,750,0.0,2009-04-22
6572,750,0.0,2009-04-20
6573,750,0.0,2009-04-20
6574,750,0.0,2009-04-20
6575,750,0.0,2009-04-20
6576,750,0.0,2009-04-20
6577,750,0.0,2009-04-20
6578,750,0.0,2009-04-20
6579,750,0.0,2009-04-20
6580,750,0.0,2009-04-20
6581,750,0.0,2009-03-26
6582,750,0.0,2009-04-20
6583,750,0.0,2009-04-20
6584,750,0.0,2009-04-21
6585,750,0.0,2009-04-21
6586,750,5.0,2009-04-21
6586,758,5.0,2009-04-21
6587,750,0.0,2009-04-21
6588,750,0.0,2009-04-21
6589,750,0.0,2009-04-21
6590,750,0.0,2009-04-21
6591,750,0.0,2009-04-21
6592,750,0.0,2009-04-21
6593,750,0.0,2009-04-30
6594,750,0.0,2009-04-30
6595,750,0.0,2009-04-30
6596,750,0.0,2009-04-30
6597,750,0.0,2009-04-30
6598,750,0.0,2009-04-30
6599,750,0.0,2009-04-30
6600,750,0.0,2009-04-30
6601,750,0.0,2009-04-30
6602,750,0.0,2009-04-30
6603,750,0.0,2009-05-01
6604,750,0.0,2009-05-01
6605,750,0.0,2009-05-05
6606,750,0.0,2009-05-05
6607,750,0.0,2009-05-05
6608,750,0.0,2009-05-05
6609,750,0.0,2009-05-06
6610,750,0.0,2009-05-06
6611,750,0.0,2009-05-06
6612,750,0.0,2009-05-08
6613,750,0.0,2009-05-08
6614,750,0.0,2009-05-08
6615,750,0.0,2009-05-08
6616,750,0.0,2009-05-08
6617,750,0.0,2009-05-08
6618,750,0.0,2009-05-08
6619,750,0.0,2009-05-08
6620,750,0.0,2009-05-08
6621,750,0.0,2009-05-08
6622,750,0.0,2009-05-08
6623,750,0.0,2009-05-08
6624,750,0.0,2009-11-09
6625,750,0.0,2009-05-11
6626,750,0.0,2009-05-11
6627,750,0.0,2009-05-12
6628,750,0.0,2009-05-12
6629,750,0.0,2009-05-12
6630,750,0.0,2009-05-13
6631,750,0.0,2009-05-13
6632,750,0.0,2009-05-13
6634,750,0.0,2009-05-13
6635,750,0.0,2009-05-13
6636,750,0.0,2009-05-13
6638,750,0.0,2009-05-13
6639,750,0.0,2009-05-13
6640,750,0.0,2009-05-13
6641,750,0.0,2009-05-13
6642,750,0.0,2009-05-14
6643,750,0.0,2009-05-19
6645,750,56.0,2009-05-19
6645,502433,40.14,2009-05-19
6645,759,16.08,2009-05-19
6646,750,36.0,2016-08-18
6646,1450,26.0,2016-08-18
6646,752,10.0,2016-08-18
6647,750,41.0,2009-05-19
6647,502433,29.34,2009-05-19
6647,759,11.75,2009-05-19
6648,750,0.0,2009-05-19
6649,750,29.0,2009-05-21
6649,502433,14.24,2009-05-21
6649,759,14.88,2009-05-21
6650,750,57.0,2009-05-21
6650,502433,32.51,2009-05-21
6650,759,24.1,2009-05-21
6651,750,0.0,2009-05-21
6652,750,0.0,2009-05-21
6653,750,0.0,2009-05-21
6654,750,0.0,2009-05-21
6655,750,0.0,2009-05-21
6656,750,0.0,2009-05-21
6659,750,0.0,2009-05-22
6660,750,0.0,2009-05-19
6661,750,0.0,2009-05-22
6662,750,0.0,2009-05-19
6663,750,0.0,2009-05-22
6664,750,0.0,2009-05-22
6665,750,0.0,2009-05-22
6666,750,0.0,2009-05-22
6667,750,0.0,2009-05-22
6668,750,0.0,2009-05-22
6669,750,0.0,2009-05-22
6670,750,0.0,2009-05-22
6671,750,0.0,2009-05-22
6672,750,0.0,2009-05-22
6673,750,0.0,2009-05-22
6674,750,0.0,2009-05-22
6675,750,0.0,2009-05-22
6676,750,0.0,2009-05-22
6677,750,0.0,2009-05-22
6678,750,0.0,2009-05-22
6679,750,0.0,2009-05-22
6680,750,0.0,2009-05-22
6681,750,0.0,2009-05-22
6682,750,0.0,2009-05-22
6683,750,0.0,2009-05-22
6685,750,0.0,2009-05-22
6686,750,0.0,2009-05-22
6687,750,0.0,2009-05-22
6688,750,0.0,2009-05-22
6689,750,0.0,2009-05-22
6690,750,0.0,2009-05-22
6691,750,0.0,2009-05-22
6692,750,0.0,2009-05-22
6693,750,0.0,2009-05-22
6694,750,0.0,2009-05-22
6695,750,0.0,2009-05-22
6696,750,0.0,2009-05-22
6697,750,0.0,2009-05-22
6698,750,0.0,2009-05-22
6699,750,0.0,2009-05-22
6700,750,0.0,2009-05-22
6703,750,0.0,2009-05-19
6704,750,0.0,2009-05-19
6705,750,0.0,2009-05-20
6706,750,0.0,2009-05-20
6707,750,0.0,2009-05-20
6708,750,0.0,2009-05-27
6709,750,0.0,2009-05-27
6710,750,0.0,2009-05-27
6712,750,0.0,2009-05-28
6713,750,0.0,2009-05-28
6714,750,0.0,2009-05-28
6715,750,0.0,2009-05-29
6716,750,0.0,2009-05-29
6717,750,0.0,2009-05-29
6718,750,0.0,2009-05-29
6720,750,0.0,2009-05-29
6721,750,0.0,2009-06-02
6723,750,0.0,2009-06-16
6725,750,0.0,2009-06-17
6727,750,0.0,2009-06-17
6730,750,0.0,2009-06-18
6731,750,0.0,2009-06-18
6732,750,0.0,2009-06-18
6734,750,0.0,2009-06-19
6735,750,0.0,2009-06-19
6736,750,0.0,2009-06-19
6737,750,0.0,2009-06-19
6738,750,0.0,2009-06-22
6739,750,0.0,2009-06-22
6740,750,0.0,2009-06-29
6741,750,0.0,2009-06-29
6742,750,0.0,2009-06-29
6743,750,0.0,2009-06-30
6744,750,0.0,2009-06-30
6747,750,0.0,2009-07-02
6748,750,0.0,2009-07-07
6749,750,0.0,2009-07-07
6750,750,0.0,2009-07-08
6751,750,0.0,2009-07-08
6752,750,0.0,2009-07-08
6753,750,0.0,2009-07-13
6754,750,0.0,2009-07-13
6755,750,0.0,2009-07-13
6756,750,0.0,2009-07-14
6757,750,0.0,2009-07-14
6758,750,0.0,2009-07-14
6759,750,0.0,2009-07-14
6760,750,0.0,2009-07-15
6761,750,0.0,2009-07-15
6762,750,0.0,2009-07-16
6763,750,0.0,2009-07-16
6764,750,0.0,2009-07-17
6765,750,0.0,2009-07-17
6766,750,0.0,2009-07-17
6767,750,0.0,2009-07-17
6769,750,0.0,2009-07-17
6770,750,0.0,2009-07-17
6771,750,0.0,2009-07-17
6772,750,0.0,2009-07-20
6773,750,0.0,2009-07-20
6774,750,0.0,2009-07-20
6775,750,0.0,2009-07-20
6776,750,0.0,2009-07-21
6777,750,0.0,2009-08-21
6778,750,0.0,2009-08-21
6779,750,0.0,2009-08-27
6780,750,0.0,2009-08-28
6781,750,0.0,2009-08-28
6782,750,0.0,2009-09-01
6784,750,0.0,2009-11-10
6785,750,0.0,2009-09-25
6786,750,0.0,2009-09-28
6787,750,0.0,2009-09-28
6788,750,0.0,2009-09-29
6789,750,0.0,2009-11-06
6790,750,28.0,2016-06-28
6790,752,28.0,2016-06-28
6791,750,0.0,2009-11-06
6792,750,0.0,2009-11-10
6793,750,0.0,2009-11-10
6794,750,0.0,2010-01-27
6795,750,0.0,2009-11-10
6796,750,0.0,2009-11-10
6797,750,41.0,2014-01-13
6797,502450,31.5,2014-01-13
6797,502433,9.5,2014-01-13
6798,750,10.0,2009-11-10
6798,502433,10.0,2009-11-10
6799,750,46.5,2014-01-13
6799,502450,24.5,2009-11-10
6799,502433,22.0,2014-01-13
6801,750,22.0,2009-11-10
6801,502433,22.0,2009-11-10
6802,750,52.0,2009-11-10
6802,502450,37.0,2009-11-10
6802,502433,15.0,2009-11-10
6804,750,14.0,2009-11-10
6804,502433,14.0,2009-11-10
6806,750,59.0,2009-11-10
6806,502450,35.0,2009-11-10
6806,502433,24.0,2009-11-10
6808,750,23.0,2009-11-10
6808,502433,23.0,2009-11-10
6809,750,0.0,2009-11-10
6810,750,0.0,2009-11-10
6811,750,0.0,2009-11-10
6812,750,0.0,2009-11-10
6813,750,0.0,2009-11-10
6814,750,0.0,2009-11-10
6817,750,0.0,2010-01-27
6818,750,0.0,2010-01-27
6821,750,0.0,2009-11-10
6822,750,0.0,2009-11-17
6832,750,0.0,2009-11-25
6833,750,0.0,2009-11-27
6834,750,0.0,2009-11-27
6836,750,0.0,2009-12-01
6837,750,0.0,2009-12-02
6838,750,0.0,2009-12-02
6839,750,0.0,2009-12-03
6840,750,0.0,2009-12-03
6843,750,0.0,2009-12-03
6844,750,0.0,2009-12-03
6845,750,0.0,2009-12-04
6846,750,0.0,2009-12-04
6847,750,0.0,2009-12-04
6848,750,0.0,2009-12-07
6850,750,26.0,2010-03-05
6850,751,22.0,2010-03-05
6850,752,4.0,2010-03-05
6851,750,40.0,2010-03-22
6851,752,5.0,2010-03-22
6851,751,35.0,2010-03-22
6852,750,28.0,2010-03-22
6852,752,7.0,2010-03-22
6852,751,21.0,2010-03-22
6853,750,33.0,2010-03-22
6853,752,6.0,2010-03-22
6853,751,27.0,2010-03-22
6854,750,56.0,2010-03-22
6854,752,11.0,2010-03-22
6854,751,45.0,2010-03-22
6856,750,28.0,2010-03-04
6856,751,23.0,2010-03-23
6856,752,5.0,2010-03-23
6857,750,45.0,2010-03-04
6857,751,39.0,2010-03-04
6857,752,6.0,2010-03-04
6858,750,35.0,2010-03-04
6858,751,24.0,2010-03-04
6858,752,11.0,2010-03-04
6859,750,39.0,2010-03-04
6859,751,31.0,2010-03-04
6859,752,8.0,2010-03-04
6862,750,57.0,2010-03-04
6862,751,44.0,2010-03-04
6862,752,13.0,2010-03-04
6863,750,39.49,2010-03-22
6863,751,39.49,2010-03-22
6864,750,25.94,2010-03-22
6864,751,25.94,2010-03-22
6865,750,31.53,2010-03-22
6865,751,26.71,2010-03-22
6865,752,4.82,2010-03-22
6866,750,38.35,2010-03-22
6866,751,31.85,2010-03-22
6866,752,6.49,2010-03-22
6867,750,44.87,2010-03-22
6867,751,39.49,2010-03-22
6867,752,5.38,2010-03-22
6868,750,33.28,2010-03-22
6868,751,25.94,2010-03-22
6868,752,7.35,2010-03-22
6870,750,36.62,2010-03-23
6870,751,36.62,2010-03-23
6871,750,23.0,2010-03-24
6871,751,23.0,2010-03-24
6872,750,26.86,2010-03-24
6872,751,21.85,2010-03-24
6872,752,5.01,2010-03-24
6873,750,34.72,2010-03-24
6873,751,28.67,2010-03-24
6873,752,6.05,2010-03-24
6874,750,41.55,2010-03-24
6874,751,36.62,2010-03-24
6874,752,4.92,2010-03-24
6875,750,29.85,2010-03-24
6875,751,23.0,2010-03-24
6875,752,6.85,2010-03-24
6876,750,59.25,2010-03-22
6876,751,48.26,2010-03-22
6876,752,10.99,2010-03-22
6877,750,57.25,2010-03-24
6877,751,45.76,2010-03-24
6877,752,11.49,2010-03-24
6878,750,35.0,2010-03-22
6878,751,35.0,2010-03-22
6879,750,21.0,2010-03-19
6879,751,21.0,2010-03-19
6883,750,0.0,2010-01-26
6889,750,39.0,2010-03-05
6889,751,39.0,2010-03-05
6891,750,25.0,2010-03-05
6891,751,25.0,2010-03-05
6893,750,37.0,2010-03-23
6893,751,37.0,2010-03-23
6894,750,37.0,2010-03-23
6894,751,37.0,2010-03-23
6895,750,43.0,2010-03-23
6895,751,37.0,2010-03-23
6895,752,6.0,2010-03-23
6896,750,43.0,2010-03-23
6896,751,37.0,2010-03-23
6896,752,6.0,2010-03-23
6897,750,23.0,2010-03-23
6897,751,23.0,2010-03-23
6898,750,25.0,2010-03-23
6898,751,25.0,2010-03-23
6899,750,33.0,2010-03-23
6899,751,26.0,2010-03-23
6899,752,7.0,2010-03-23
6900,750,31.0,2010-03-23
6900,751,25.0,2010-03-23
6900,752,6.0,2010-03-23
6901,750,65.82,2010-03-24
6901,751,62.01,2010-03-24
6901,752,3.81,2010-03-24
6902,750,75.18,2010-03-22
6902,751,70.87,2010-03-22
6902,752,4.3,2010-03-22
6903,750,0.0,2010-05-27
6904,750,0.0,2011-05-05
6905,750,0.0,2011-04-13
6906,750,0.0,2011-04-13
6907,750,0.0,2011-04-13
6908,750,0.0,2011-04-27
6909,750,0.0,2011-04-15
6910,750,0.0,2011-04-13
6912,750,0.0,2011-04-15
6913,750,0.0,2011-04-15
6915,750,0.0,2011-04-13
6916,750,0.0,2011-04-13
6917,750,0.0,2011-04-15
6918,750,0.0,2011-04-15
6919,750,0.0,2011-04-13
6920,750,0.0,2011-04-15
6921,750,0.0,2011-04-15
6922,750,0.0,2011-04-27
6923,750,0.0,2011-04-13
6924,750,0.0,2011-04-15
6925,750,0.0,2011-05-05
6926,750,0.0,2011-11-22
6927,750,0.0,2011-07-25
6928,750,0.0,2011-07-28
6929,750,0.0,2011-07-28
6930,750,0.0,2011-07-29
6931,750,0.0,2011-07-29
6932,750,0.0,2011-08-31
6933,750,0.0,2011-07-29
6934,750,0.0,2011-07-29
6935,750,0.0,2011-08-31
6936,750,0.0,2011-07-29
6937,750,0.0,2011-08-23
6938,750,0.0,2011-08-31
6939,750,0.0,2011-10-28
6940,750,0.0,2011-10-03
6943,750,0.0,2011-10-07
6944,750,0.0,2011-11-22
6945,750,0.0,2011-11-22
6948,750,0.0,2013-04-12
6949,750,0.0,2013-04-16
6950,750,0.0,2013-04-19
6951,750,0.0,2013-04-16
6952,750,0.0,2013-04-19
6953,750,0.0,2013-04-16
6954,750,0.0,2013-04-12
6955,750,0.0,2013-04-25
6956,750,0.0,2013-04-19
6958,750,0.0,2013-04-25
6959,750,0.0,2013-04-12
6960,750,0.0,2013-04-25
6961,750,0.0,2013-04-12
6962,750,0.0,2013-04-12
6963,750,0.0,2013-04-16
6964,750,0.0,2013-04-19
6965,750,0.0,2013-04-16
6967,750,0.0,2013-04-25
6971,750,0.0,2013-04-11
6972,750,0.0,2013-04-11
6973,750,0.0,2013-04-11
6974,750,0.0,2013-04-12
6975,750,0.0,2013-04-23
6976,750,0.0,2013-04-25
6977,750,0.0,2013-04-19
6978,750,0.0,2013-04-16
6979,750,0.0,2013-04-12
6980,750,0.0,2013-04-18
6981,750,0.0,2013-04-19
6982,750,0.0,2013-04-19
6983,750,0.0,2013-04-18
6984,750,0.0,2013-04-12
6985,750,0.0,2013-04-25
6986,750,0.0,2013-04-25
6987,750,0.0,2013-04-23
6989,750,0.0,2013-04-23
6990,750,0.0,2013-04-23
6992,750,0.0,2013-04-23
6993,750,0.0,2013-04-12
6994,750,0.0,2013-04-12
6995,750,0.0,2013-04-16
6996,750,0.0,2013-04-16
6997,750,0.0,2015-04-20
6998,750,0.0,2013-04-16
6999,750,0.0,2015-04-20
7000,750,0.0,2015-04-20
7002,750,0.0,2013-04-25
7004,750,0.0,2015-03-26
7005,750,0.0,2013-02-05
7006,750,0.0,2013-02-05
7007,750,0.0,2013-02-05
7008,750,0.0,2013-02-06
7009,750,0.0,2013-02-06
7010,750,0.0,2013-02-06
7011,750,0.0,2013-02-06
7012,750,0.0,2013-02-06
7013,750,0.0,2013-02-07
7014,750,0.0,2013-02-07
7017,750,36.0,2012-12-28
7017,819,36.0,2012-12-28
7020,750,0.0,2012-09-17
7024,750,0.0,2012-10-02
7025,750,0.0,2012-10-02
7028,750,0.0,2012-10-02
7029,750,0.0,2012-10-02
7030,750,0.0,2012-10-02
7031,750,0.0,2012-10-04
7032,750,0.0,2012-10-04
7033,750,0.0,2012-10-04
7034,750,0.0,2015-06-08
7035,750,0.0,2012-10-24
7036,750,0.0,2012-10-24
7037,750,0.0,2012-10-24
7038,750,0.0,2012-10-15
7039,750,0.0,2012-10-24
7040,750,0.0,2012-10-15
7041,750,0.0,2012-10-15
7042,750,0.0,2012-10-24
7043,750,0.0,2012-10-24
7044,750,0.0,2012-10-24
7045,750,0.0,2012-12-28
7046,750,0.0,2012-10-16
7047,750,0.0,2012-10-16
7048,750,0.0,2012-10-24
7049,750,0.0,2012-10-16
7050,750,0.0,2012-10-16
7051,750,0.0,2012-10-16
7052,750,0.0,2012-10-16
7053,750,0.0,2012-12-28
7054,750,0.0,2012-10-22
7056,750,0.0,2012-10-22
7057,750,0.0,2012-10-22
7059,750,0.0,2012-10-22
7060,750,0.0,2012-10-23
7061,750,0.0,2012-10-23
7066,750,0.0,2012-10-23
7067,750,0.0,2012-10-24
7068,750,0.0,2012-10-24
7069,750,0.0,2012-10-24
7070,750,0.0,2012-10-24
7071,750,0.0,2012-10-24
7073,750,0.0,2012-10-24
7074,750,0.0,2012-10-24
7075,750,0.0,2012-10-24
7076,750,0.0,2012-10-24
7077,750,0.0,2012-10-24
7078,750,0.0,2012-10-24
7079,750,0.0,2012-10-24
7080,750,0.0,2012-12-28
7081,750,0.0,2012-10-25
7082,750,0.0,2012-12-28
7083,750,0.0,2012-10-25
7084,750,0.0,2012-10-25
7085,750,0.0,2012-10-25
7086,750,0.0,2012-10-26
7087,750,0.0,2012-10-25
7088,750,0.0,2012-10-25
7090,750,0.0,2012-10-26
7091,750,0.0,2012-10-26
7092,750,0.0,2012-10-26
7093,750,0.0,2012-10-26
7094,750,0.0,2012-10-26
7096,750,0.0,2012-10-26
7097,750,0.0,2012-10-26
7098,750,0.0,2012-10-26
7099,750,0.0,2012-10-26
7100,750,0.0,2012-10-26
7101,750,0.0,2012-10-26
7102,750,0.0,2012-10-26
7103,750,0.0,2012-10-26
7104,750,0.0,2012-10-26
7107,750,0.0,2013-04-19
7110,750,0.0,2013-04-12
7111,750,0.0,2013-04-17
7112,750,0.0,2013-03-27
7113,750,0.0,2013-04-19
7115,750,0.0,2013-04-16
7116,750,0.0,2013-04-19
7118,750,0.0,2013-04-23
7119,750,0.0,2013-04-12
7120,750,0.0,2013-04-12
7121,750,0.0,2013-04-12
7122,750,0.0,2013-04-25
7123,750,0.0,2013-04-25
7125,750,10.0,2013-03-26
7125,502506,10.0,2013-03-26
7126,750,10.0,2013-03-26
7126,808,10.0,2013-03-26
7127,750,0.0,2013-03-26
7128,750,0.0,2013-03-26
7129,750,0.0,2013-03-26
7130,750,0.0,2013-03-27
7131,750,0.0,2013-04-03
7132,750,0.0,2013-04-03
7133,750,0.0,2013-04-03
7134,750,0.0,2013-04-03
7135,750,0.0,2013-04-03
7136,750,0.0,2013-04-03
7137,750,0.0,2013-04-03
7138,750,0.0,2013-04-03
7139,750,0.0,2013-04-03
7140,750,0.0,2013-04-04
7141,750,0.0,2013-04-04
7142,750,0.0,2013-04-04
7143,750,0.0,2013-04-04
7144,750,0.0,2013-05-21
7145,750,0.0,2013-05-21
7146,750,0.0,2013-05-22
7147,750,0.0,2013-12-12
7149,750,0.0,2014-07-08
7150,750,0.0,2013-12-12
7151,750,0.0,2013-12-12
7152,750,0.0,2013-12-12
7153,750,0.0,2013-12-12
7154,750,0.0,2013-12-12
7155,750,0.0,2013-12-12
7156,750,0.0,2013-12-12
7157,750,0.0,2013-12-12
7158,750,0.0,2013-12-17
7159,750,0.0,2014-07-08
7160,750,0.0,2014-07-08
7161,750,0.0,2013-12-12
7162,750,0.0,2013-12-12
7163,750,0.0,2013-12-12
7164,750,0.0,2013-12-12
7165,750,0.0,2013-12-12
7167,750,0.0,2013-12-12
7168,750,0.0,2013-12-12
7169,750,0.0,2014-01-03
7170,750,0.0,2014-01-03
7171,750,0.0,2013-12-12
7173,750,0.0,2013-10-11
7174,750,0.0,2013-10-11
7175,750,0.0,2013-10-11
7176,750,0.0,2013-10-11
7177,750,0.0,2013-10-11
7178,750,0.0,2013-10-11
7179,750,0.0,2013-10-24
7180,750,0.0,2013-10-24
7182,750,0.0,2013-10-24
7184,750,0.0,2013-10-24
7185,750,0.0,2015-04-22
7186,750,0.0,2015-04-24
7187,750,0.0,2015-04-24
7188,750,0.0,2015-04-24
7189,750,0.0,2015-04-24
7191,750,0.0,2014-01-07
7192,750,0.0,2014-02-20
7193,750,0.0,2014-04-22
7194,750,0.0,2014-04-22
7196,750,0.0,2014-04-22
7197,750,0.0,2014-04-22
7198,750,0.0,2014-04-22
7199,750,0.0,2014-04-22
7200,750,0.0,2014-05-14
7201,750,0.0,2014-02-20
7202,750,0.0,2014-02-20
7203,750,0.0,2014-02-21
7204,750,0.0,2014-02-21
7205,750,0.0,2014-02-21
7206,750,0.0,2014-02-21
7207,750,0.0,2014-02-21
7208,750,0.0,2014-02-21
7209,750,0.0,2014-02-21
7210,750,0.0,2014-02-21
7211,750,11.0,2014-02-21
7211,502506,11.0,2014-02-21
7212,750,10.0,2014-02-21
7212,502506,10.0,2014-02-21
7213,502506,10.0,2014-02-24
7213,750,10.0,2014-02-24
7214,750,11.0,2014-02-24
7214,808,11.0,2014-02-24
7215,750,11.0,2014-02-24
7215,808,11.0,2014-02-24
7216,750,9.0,2014-02-24
7216,808,9.0,2014-02-24
7218,750,11.0,2014-02-24
7218,808,11.0,2014-02-24
7219,750,0.0,2014-02-24
7220,750,0.0,2014-02-24
7221,750,0.0,2014-02-24
7223,750,0.0,2014-02-24
7224,750,0.0,2014-02-24
7225,750,0.0,2014-02-24
7226,750,0.0,2014-02-25
7228,750,0.0,2015-04-14
7229,750,0.0,2014-03-03
7230,750,0.0,2014-03-03
7231,750,0.0,2014-03-04
7232,750,0.0,2014-03-04
7233,750,0.0,2014-03-04
7234,750,53.0,2014-03-04
7234,502532,53.0,2014-03-04
7235,750,0.0,2014-03-04
7236,750,0.0,2015-04-22
7237,750,0.0,2015-04-24
7238,750,0.0,2015-04-24
7239,750,0.0,2014-04-23
7240,750,0.0,2014-03-13
7241,750,0.0,2014-03-13
7242,750,0.0,2014-03-13
7243,750,0.0,2014-03-13
7244,750,0.0,2014-03-14
7245,750,0.0,2014-03-14
7246,750,0.0,2014-03-14
7247,750,0.0,2014-03-14
7248,750,0.0,2014-03-14
7249,750,0.0,2014-03-14
7250,750,0.0,2014-03-14
7251,750,0.0,2014-03-14
7252,750,0.0,2014-03-14
7253,750,0.0,2014-03-14
7254,750,0.0,2014-03-14
7255,750,0.0,2014-03-17
7256,750,0.0,2014-03-17
7257,750,0.0,2014-03-17
7258,750,0.0,2014-03-17
7259,750,0.0,2014-03-17
7260,750,0.0,2014-03-17
7261,750,0.0,2014-03-17
7262,750,0.0,2014-03-17
7263,750,0.0,2014-03-18
7264,750,0.0,2014-03-18
7265,750,0.0,2014-03-18
7266,750,0.0,2014-03-18
7267,750,0.0,2014-03-18
7268,750,0.0,2014-03-18
7269,750,0.0,2014-03-18
7270,750,0.0,2014-03-18
7271,750,0.0,2014-03-18
7272,750,0.0,2015-04-22
7273,750,0.0,2014-03-18
7274,750,0.0,2014-03-19
7275,750,0.0,2014-03-19
7276,750,0.0,2014-03-19
7277,750,0.0,2014-03-19
7278,750,0.0,2014-03-19
7279,750,0.0,2014-03-20
7280,750,0.0,2014-03-20
7281,750,0.0,2014-03-20
7282,750,0.0,2014-04-23
7284,750,0.0,2014-07-08
7285,750,0.0,2014-07-09
7287,750,0.0,2014-07-08
7288,750,0.0,2014-04-23
7289,750,0.0,2014-04-23
7291,750,0.0,2014-04-23
7293,750,0.0,2014-04-14
7294,750,0.0,2014-04-16
7295,750,0.0,2014-04-16
7298,750,0.0,2015-03-04
7299,750,0.0,2015-03-04
7300,750,0.0,2015-03-04
7303,750,0.0,2015-03-04
7304,750,0.0,2015-03-04
7305,750,0.0,2015-03-04
7307,750,0.0,2015-03-04
7309,750,0.0,2015-03-04
7310,750,0.0,2015-03-04
7311,750,0.0,2015-03-04
7312,750,0.0,2015-03-04
7313,750,0.0,2015-03-04
7314,750,0.0,2014-07-21
7315,750,0.0,2014-07-22
7316,750,0.0,2014-07-22
7317,750,0.0,2014-07-22
7318,750,0.0,2014-07-22
7319,750,0.0,2014-07-23
7321,750,0.0,2014-07-02
7322,750,0.0,2014-07-02
7324,750,0.0,2014-07-24
7326,750,0.0,2014-07-24
7327,750,0.0,2014-07-24
7328,750,41.0,2015-04-20
7328,502433,32.0,2015-04-20
7328,759,9.0,2015-04-20
7329,750,32.0,2014-07-03
7329,502433,16.0,2014-07-03
7329,759,16.0,2014-07-03
7330,750,16.0,2014-07-03
7330,502433,16.0,2014-07-03
7332,750,0.0,2014-11-03
7333,750,0.0,2014-11-03
7334,750,0.0,2014-07-25
7335,750,0.0,2014-07-25
7336,750,0.0,2014-11-03
7337,750,0.0,2014-11-03
7338,750,0.0,2014-11-03
7339,750,0.0,2014-11-03
7341,750,0.0,2014-11-03
7342,750,0.0,2014-11-03
7343,750,0.0,2014-11-03
7344,750,0.0,2014-11-03
7345,750,0.0,2014-11-03
7346,750,0.0,2014-11-04
7347,750,0.0,2014-11-04
7348,750,0.0,2014-11-04
7349,750,0.0,2014-11-04
7350,750,0.0,2014-11-03
7351,750,0.0,2014-11-03
7352,750,26.0,2014-07-15
7352,781,6.0,2014-07-15
7352,937,20.0,2014-07-15
7353,750,0.0,2014-11-03
7354,750,26.0,2014-07-15
7354,781,7.0,2014-07-15
7354,937,19.0,2014-07-15
7355,750,0.0,2014-11-03
7356,750,0.0,2014-11-03
7357,750,0.0,2014-11-03
7358,750,6.0,2014-07-15
7358,781,6.0,2014-07-15
7359,750,0.0,2014-11-03
7360,750,7.0,2014-07-15
7360,781,7.0,2014-07-15
7361,750,0.0,2014-11-03
7362,750,0.0,2014-11-03
7363,750,0.0,2014-07-28
7364,750,0.0,2014-08-28
7365,750,0.0,2014-08-29
7366,750,0.0,2014-08-29
7367,750,0.0,2014-08-29
7368,750,0.0,2014-08-29
7369,750,0.0,2014-08-29
7371,750,0.0,2014-08-29
7372,750,0.0,2014-08-29
7373,750,0.0,2014-08-29
7374,750,0.0,2014-08-29
7375,750,0.0,2014-08-29
7376,750,0.0,2014-09-03
7377,750,0.0,2014-09-04
7378,750,0.0,2014-09-04
7379,750,0.0,2014-09-04
7380,750,0.0,2014-09-04
7381,750,0.0,2014-09-04
7383,750,0.0,2014-09-05
7384,750,0.0,2014-09-05
7385,750,0.0,2014-09-05
7386,750,0.0,2014-09-05
7387,750,0.0,2014-09-05
7389,750,0.0,2014-09-08
7390,750,0.0,2014-09-08
7391,750,0.0,2014-09-08
7392,750,0.0,2014-09-08
7393,750,0.0,2014-09-08
7394,750,0.0,2014-09-08
7395,750,0.0,2014-09-08
7396,750,0.0,2014-09-08
7397,750,0.0,2014-09-09
7398,750,0.0,2014-09-09
7399,750,0.0,2014-09-09
7400,750,0.0,2014-09-09
7401,750,0.0,2014-09-09
7402,750,0.0,2014-09-09
7403,750,0.0,2014-09-09
7404,750,0.0,2014-09-09
7406,750,0.0,2014-09-09
7407,750,0.0,2014-09-09
7408,750,0.0,2014-09-10
7409,750,0.0,2014-09-10
7410,750,0.0,2014-09-10
7411,750,0.0,2014-09-10
7412,750,0.0,2014-09-10
7413,750,0.0,2014-09-10
7414,750,0.0,2014-09-10
7415,750,0.0,2014-09-10
7416,750,0.0,2014-09-10
7417,750,0.0,2014-09-12
7418,750,0.0,2014-09-12
7419,750,0.0,2015-04-20
7421,750,0.0,2014-10-01
7422,750,0.0,2014-10-03
7423,750,0.0,2014-10-15
7424,750,0.0,2014-10-15
7425,750,0.0,2014-10-15
7426,750,0.0,2014-10-16
7428,750,0.0,2014-10-16
7429,750,0.0,2014-10-20
7430,750,0.0,2014-11-05
7431,750,21.0,2014-10-20
7431,1450,12.0,2014-10-20
7431,758,9.0,2014-10-20
7432,750,0.0,2014-10-20
7433,750,0.0,2014-10-20
7434,750,0.0,2014-10-20
7435,750,0.0,2014-10-20
7436,750,51.0,2014-10-20
7436,1450,47.0,2014-10-20
7436,758,4.0,2014-10-20
7437,750,47.0,2014-10-20
7437,1450,47.0,2014-10-20
7438,750,0.0,2014-10-20
7439,750,0.0,2014-10-20
7440,750,0.0,2014-10-20
7441,750,0.0,2014-10-22
7442,750,0.0,2014-10-22
7443,750,0.0,2014-10-24
7444,750,0.0,2014-10-27
7445,750,0.0,2014-10-27
7446,750,0.0,2014-10-27
7447,750,0.0,2014-10-27
7448,750,0.0,2014-10-27
7449,750,0.0,2014-10-27
7450,750,0.0,2014-12-01
7451,750,0.0,2015-03-17
7452,750,0.0,2015-03-20
7453,750,0.0,2015-03-18
7454,750,0.0,2015-03-18
7455,750,0.0,2015-03-17
7456,750,0.0,2015-01-12
7457,750,0.0,2014-12-16
7458,750,0.0,2014-12-17
7459,750,0.0,2014-12-17
7460,750,0.0,2014-12-17
7463,750,0.0,2014-12-17
7464,750,0.0,2014-12-17
7465,750,0.0,2014-12-17
7466,750,0.0,2014-12-17
7467,750,0.0,2014-12-17
7469,750,0.0,2014-12-17
7470,750,0.0,2014-12-17
7471,750,0.0,2014-12-17
7472,750,0.0,2014-12-17
7473,750,0.0,2014-12-17
7474,750,0.0,2014-12-17
7475,750,0.0,2014-12-17
7476,750,0.0,2014-12-17
7477,750,0.0,2014-12-17
7478,750,0.0,2014-12-23
7479,750,0.0,2014-12-23
7480,750,0.0,2014-12-23
7481,750,0.0,2015-01-06
7482,750,0.0,2015-01-06
7483,750,0.0,2015-01-08
7484,750,0.0,2015-01-08
7485,750,0.0,2015-01-08
7486,750,0.0,2015-01-08
7487,750,0.0,2015-01-08
7488,750,0.0,2015-03-12
7489,750,0.0,2015-01-08
7490,750,0.0,2015-01-08
7491,750,0.0,2015-01-08
7492,750,0.0,2015-01-08
7494,750,0.0,2015-01-08
7495,750,0.0,2015-01-08
7496,750,0.0,2015-01-08
7497,750,0.0,2015-01-09
7498,750,0.0,2015-01-09
7499,750,0.0,2015-01-09
7500,750,0.0,2015-03-12
7501,750,0.0,2015-01-09
7503,750,0.0,2015-03-12
7504,750,0.0,2015-01-09
7505,750,0.0,2015-01-12
7506,750,0.0,2015-01-12
7507,750,0.0,2015-01-12
7508,750,0.0,2015-01-12
7509,750,0.0,2015-01-12
7510,750,0.0,2015-01-12
7512,750,0.0,2015-01-12
7513,750,0.0,2015-01-12
7514,750,0.0,2015-01-12
7515,750,0.0,2015-01-12
7516,750,0.0,2015-01-12
7517,750,0.0,2015-01-12
7518,750,0.0,2015-01-12
7519,750,0.0,2015-01-12
7520,750,0.0,2015-01-12
7521,750,0.0,2015-01-12
7522,750,0.0,2015-01-12
7523,750,0.0,2015-01-12
7524,750,0.0,2015-01-12
7525,750,0.0,2015-01-12
7526,750,0.0,2015-01-12
7527,750,0.0,2015-01-12
7528,750,0.0,2015-01-12
7529,750,0.0,2015-01-12
7530,750,0.0,2015-01-12
7531,750,0.0,2015-01-14
7532,750,0.0,2015-03-11
7534,750,0.0,2015-03-11
7535,750,0.0,2015-03-11
7537,750,0.0,2015-03-11
7539,750,0.0,2015-03-11
7540,750,0.0,2015-03-11
7541,750,0.0,2015-03-11
7542,750,0.0,2015-03-11
7545,750,0.0,2015-03-11
7546,750,0.0,2015-03-11
7547,750,0.0,2015-03-11
7548,750,0.0,2015-03-11
7549,750,0.0,2015-03-11
7550,750,0.0,2015-03-11
7551,750,0.0,2015-03-11
7552,750,0.0,2015-03-12
7553,750,0.0,2015-03-12
7554,750,0.0,2015-03-12
7556,750,0.0,2015-03-11
7557,750,0.0,2015-03-12
7558,750,0.0,2015-03-12
7559,750,0.0,2015-03-12
7560,750,0.0,2015-03-12
7561,750,0.0,2015-03-12
7562,750,0.0,2015-03-12
7563,750,0.0,2015-03-12
7564,750,0.0,2015-03-12
7566,750,0.0,2015-03-12
7567,750,0.0,2015-03-12
7568,750,0.0,2015-04-21
7569,750,0.0,2015-02-18
7570,750,0.0,2015-02-18
7574,750,0.0,2015-03-02
7575,750,0.0,2015-03-02
7577,750,0.0,2015-05-26
7578,750,0.0,2015-05-29
7579,750,40.0,2016-11-03
7582,750,0.0,2016-08-11
7584,750,0.0,2016-08-12
7585,750,0.0,2017-03-13
7586,750,0.0,2017-03-13
7587,750,0.0,2017-03-13
7588,750,0.0,2017-03-14
7589,750,0.0,2017-03-14
7590,750,0.0,2017-03-15
7591,750,0.0,2017-03-15
7592,750,0.0,2017-03-15
7593,750,0.0,2017-03-15
7594,750,0.0,2017-03-17
7595,750,0.0,2017-03-17
7596,750,0.0,2017-03-17
7597,750,0.0,2017-01-24
7598,750,0.0,2017-03-17
7599,750,0.0,2017-03-17
7600,750,0.0,2017-03-17
7601,750,12.0,2017-03-20
7601,1155,12.0,2017-03-20
7602,750,0.0,2017-03-20
7603,750,0.0,2017-03-21
7604,750,0.0,2017-03-21
7605,750,0.0,2017-04-04
7606,750,0.0,2017-04-04
7607,750,0.0,2017-04-04
7608,750,0.0,2017-04-04
7609,750,0.0,2017-04-04
7610,750,0.0,2017-04-04
7611,750,0.0,2017-04-04
7612,750,0.0,2017-04-04
7613,750,0.0,2017-04-04
7614,750,0.0,2017-04-04
7615,750,0.0,2017-04-04
7616,750,0.0,2017-04-04
7617,750,0.0,2017-04-04
7618,750,0.0,2017-04-04
7619,750,0.0,2017-04-04
7620,750,0.0,2017-04-04
7621,750,0.0,2017-04-04
7622,750,0.0,2017-04-05
7623,750,0.0,2017-04-05
7624,750,0.0,2017-04-05
7625,750,0.0,2017-04-05
7626,750,0.0,2017-04-05
7627,750,0.0,2017-04-05
7628,750,0.0,2017-04-05
7629,750,0.0,2017-04-05
7630,750,0.0,2017-04-05
7631,750,0.0,2017-04-05
7632,750,0.0,2017-04-05
7633,750,0.0,2017-04-05
7634,750,0.0,2017-04-05
7635,750,0.0,2017-04-05
7636,750,0.0,2017-04-05
7637,750,0.0,2017-04-05
7638,750,0.0,2017-04-05
7639,750,0.0,2017-04-05
7640,750,0.0,2017-04-05
7641,750,0.0,2017-04-12
7642,750,0.0,2017-04-12
7643,750,0.0,2017-04-12
7644,750,0.0,2017-04-12
7645,750,0.0,2017-04-12
7646,750,0.0,2017-04-12
7647,750,0.0,2017-04-12
7648,750,0.0,2017-04-12
7649,750,0.0,2017-04-12
7650,750,0.0,2017-04-12
7651,750,0.0,2017-04-12
7652,750,0.0,2017-04-12
7653,750,0.0,2017-04-12
7654,750,0.0,2017-04-12
7655,750,0.0,2017-04-12
7656,750,0.0,2017-04-12
7657,750,0.0,2017-04-12
7658,750,0.0,2017-04-12
7659,750,0.0,2017-04-12
7660,750,0.0,2017-04-12
7661,750,0.0,2017-04-12
7662,750,0.0,2017-04-13
7663,750,0.0,2026-01-28
7664,750,0.0,2017-04-13
7665,750,0.0,2017-04-18
7666,750,0.0,2017-04-18
7667,750,0.0,2017-04-18
7668,750,0.0,2017-04-18
7669,750,0.0,2017-04-18
7670,750,0.0,2017-04-18
7671,750,0.0,2017-04-18
7672,750,0.0,2017-04-18
7673,750,0.0,2017-04-18
7674,750,0.0,2017-04-18
7675,750,0.0,2017-04-18
7676,750,0.0,2017-04-18
7677,750,0.0,2017-04-18
7678,750,0.0,2017-04-18
7679,750,0.0,2017-04-18
7680,750,0.0,2017-04-18
7681,750,0.0,2017-04-18
7682,750,0.0,2017-04-18
7683,750,0.0,2017-04-18
7684,750,0.0,2017-04-18
7685,750,0.0,2017-04-18
7686,750,0.0,2017-04-18
7687,750,0.0,2017-04-18
7688,750,0.0,2017-04-18
7689,750,0.0,2017-04-18
7690,750,0.0,2017-04-18
7691,750,0.0,2017-04-18
7692,750,0.0,2017-04-18
7693,750,0.0,2017-04-20
7694,750,0.0,2017-04-20
7695,750,0.0,2017-04-20
7696,750,0.0,2017-04-20
7697,750,0.0,2017-04-24
7698,750,0.0,2017-04-20
7699,750,0.0,2017-04-20
7700,750,0.0,2017-04-20
7701,750,0.0,2017-04-20
7702,750,0.0,2017-04-20
7703,750,0.0,2017-04-20
7704,750,0.0,2017-04-20
7705,750,0.0,2017-04-20
7706,750,0.0,2017-04-24
7707,750,0.0,2017-04-20
7709,750,0.0,2020-02-24
7710,750,0.0,2020-02-24
7711,750,0.0,2020-02-24
7712,750,0.0,2020-02-24
7713,750,0.0,2017-10-24
7714,750,0.0,2020-02-24
7715,750,0.0,2017-10-25
7716,750,0.0,2022-05-27
7717,750,0.0,2022-06-07
7718,750,0.0,2022-06-07
7719,750,0.0,2020-02-24
7720,750,0.0,2020-02-24
7721,750,0.0,2022-05-27
7722,750,0.0,2022-05-27
7723,750,0.0,2022-05-27
7724,750,0.0,2022-05-27
7730,750,0.0,2018-05-03
7731,750,0.0,2018-05-04
7732,750,0.0,2019-07-19
7733,750,0.0,2019-07-22
7734,750,0.0,2019-10-18
7735,750,0.0,2019-07-22
7736,750,0.0,2019-07-22
7737,750,0.0,2019-07-22
7738,750,0.0,2019-07-22
7739,750,0.0,2019-07-23
7740,750,0.0,2019-07-23
7741,750,0.0,2019-07-22
7742,750,0.0,2019-07-22
7744,750,0.0,2026-01-28
7745,750,0.0,2019-07-22
7746,750,0.0,2019-07-22
7747,750,0.0,2019-07-22
7749,750,0.0,2019-07-22
7750,750,0.0,2019-07-22
7752,750,0.0,2019-07-22
7753,750,0.0,2019-07-22
7754,750,0.0,2019-07-23
7755,750,0.0,2019-07-23
7756,750,0.0,2026-01-28
7757,750,0.0,2019-07-23
7758,750,0.0,2019-07-23
7759,750,0.0,2019-10-22
7760,750,0.0,2019-10-22
7761,750,0.0,2019-10-22
7762,750,0.0,2019-07-23
7763,750,0.0,2019-10-21
7764,750,0.0,2019-07-23
7765,750,0.0,2019-10-22
7766,750,0.0,2019-10-22
7767,750,0.0,2019-07-23
7768,750,0.0,2019-07-23
7769,750,0.0,2019-07-23
7770,750,0.0,2019-07-23
7771,750,0.0,2026-01-28
7772,750,0.0,2026-01-28
7775,750,0.0,2021-09-02
7776,750,0.0,2021-09-08
7777,750,0.0,2021-09-08
7778,750,0.0,2021-09-08
7779,750,0.0,2021-09-08
7780,750,0.0,2021-09-08
7781,750,0.0,2021-09-09
7782,750,0.0,2021-09-09
7783,750,0.0,2021-09-09
7784,750,0.0,2021-09-10
7785,750,0.0,2022-02-01
7786,750,0.0,2026-01-28
7788,750,0.0,2022-06-07
7789,750,0.0,2022-09-16
7790,750,0.0,2022-09-16
7797,750,0.0,2022-09-16
7799,750,0.0,2022-09-16
7800,750,0.0,2022-09-16
7801,750,0.0,2022-09-16
7802,750,0.0,2022-09-16
7803,750,0.0,2022-09-16
7804,750,0.0,2022-09-16
7805,750,0.0,2022-09-16
7806,750,0.0,2022-09-16
7807,750,0.0,2022-09-16
7808,750,0.0,2022-09-16
7809,750,0.0,2022-09-16
7810,750,0.0,2022-09-16
7811,750,0.0,2022-09-16
7812,750,0.0,2022-09-16
7813,750,0.0,2022-09-16
7814,750,0.0,2022-09-16
7815,750,0.0,2022-09-16
7816,750,0.0,2022-09-16
7817,750,0.0,2022-09-16
7818,750,0.0,2022-09-16
7819,750,0.0,2022-11-03
7820,750,0.0,2026-01-28
7821,750,0.0,2026-01-28
7822,750,0.0,2026-01-28
7823,750,0.0,2026-01-28
7826,750,0.0,2026-01-28
7827,750,0.0,2026-01-28
7828,750,0.0,2026-01-28
7829,750,0.0,2026-01-28
7830,750,0.0,2026-01-28
7831,750,0.0,2026-01-28
7832,750,0.0,2026-01-28
7833,750,0.0,2026-01-28
7834,750,0.0,2026-01-28
7835,750,0.0,2026-01-28
7836,750,0.0,2026-01-28
7837,750,0.0,2026-01-28
7838,750,0.0,2026-01-28
7839,750,0.0,2026-01-28
7840,750,0.0,2026-01-28
7841,750,0.0,2026-01-28
7842,750,0.0,2026-01-28
7843,750,0.0,2026-01-28
7844,750,0.0,2026-01-28
7845,750,0.0,2026-01-28
7846,750,0.0,2026-01-28
7847,750,0.0,2026-01-28
7848,750,0.0,2026-01-28
7849,750,0.0,2026-01-28
7850,750,0.0,2026-01-28
7851,750,0.0,2026-01-28
7852,750,0.0,2026-01-28
7853,750,0.0,2026-01-28
7854,750,0.0,2026-01-28
7855,750,0.0,2026-01-28
7856,750,0.0,2026-01-28
7857,750,0.0,2026-01-28
7858,750,0.0,2026-01-28
7859,750,0.0,2026-01-28
7860,750,0.0,2026-01-28
7861,750,0.0,2026-01-28
7862,750,0.0,2026-01-28
7863,750,0.0,2026-01-28
7864,750,0.0,2026-01-28
7865,750,0.0,2026-01-28
7866,750,0.0,2026-01-28
7867,750,0.0,2026-01-28
7868,750,0.0,2026-01-28
7869,750,0.0,2026-01-28
7870,750,0.0,2026-01-28
7871,750,0.0,2026-01-28
7872,750,0.0,2026-01-28
7873,750,0.0,2026-01-28
7874,750,0.0,2026-01-28
7875,750,0.0,2026-01-28
7876,750,0.0,2026-01-28
7877,750,0.0,2026-01-28
7878,750,0.0,2026-01-28
7879,750,0.0,2026-01-28
7880,750,0.0,2026-01-28
7881,750,0.0,2026-01-28
7882,750,0.0,2026-01-28
7883,750,0.0,2026-01-28
7884,750,0.0,2026-01-28
7885,750,0.0,2026-01-28
7886,750,0.0,2026-01-28
7887,750,0.0,2026-01-28
7888,750,0.0,2026-01-28
7889,750,0.0,2026-01-28
7890,750,0.0,2026-01-28
7891,750,0.0,2026-01-28
7892,750,0.0,2026-01-28
7893,750,0.0,2026-01-28
7894,750,0.0,2026-01-28
7895,750,0.0,2026-01-28
7896,750,0.0,2026-01-28
7897,750,0.0,2026-01-28
7898,750,0.0,2026-01-28
7899,750,0.0,2026-01-28
7900,750,0.0,2026-01-28
7901,750,0.0,2026-01-28
7902,750,0.0,2026-01-28
7903,750,0.0,2026-01-28
7904,750,0.0,2026-01-28
7905,750,0.0,2026-01-28
7906,750,0.0,2026-01-28
7907,750,0.0,2026-01-28
7908,750,0.0,2026-01-28
7909,750,0.0,2026-01-28
7910,750,0.0,2026-01-28
7911,750,0.0,2026-01-28
7912,750,0.0,2026-01-28
7913,750,0.0,2026-01-28
7914,750,0.0,2026-01-28
7915,750,0.0,2026-01-28
7916,750,0.0,2026-01-28
7917,750,0.0,2026-01-28
7918,750,0.0,2026-01-28
7919,750,0.0,2026-01-28
7920,750,0.0,2026-01-28
7921,750,0.0,2026-01-28
7922,750,0.0,2026-01-28
7923,750,0.0,2026-01-28
7924,750,0.0,2026-01-28
7925,750,0.0,2026-01-28
7926,750,0.0,2026-01-28
7927,750,0.0,2026-01-28
7928,750,0.0,2026-01-28
7929,750,0.0,2026-01-28
7930,750,0.0,2026-01-28
7931,750,0.0,2026-01-28
7932,750,0.0,2026-01-28
7933,750,0.0,2026-01-28
7934,750,0.0,2026-01-28
7935,750,0.0,2026-01-28
7936,750,0.0,2026-01-28
7937,750,0.0,2026-01-28
7938,750,0.0,2026-01-28
7939,750,0.0,2026-01-28
7940,750,0.0,2026-01-28
7941,750,0.0,2026-01-28
7942,750,0.0,2026-01-28
7943,750,0.0,2026-01-28
7944,750,0.0,2026-01-28
7945,750,0.0,2026-01-28
7946,750,0.0,2026-01-28
7947,750,0.0,2026-01-28
7948,750,0.0,2026-01-28
7949,750,0.0,2026-01-28
7950,750,0.0,2026-01-28
7951,750,0.0,2026-01-28
7952,750,0.0,2026-01-28
7953,750,0.0,2026-01-28
7954,750,0.0,2026-01-28
7955,750,0.0,2026-01-28
7956,750,0.0,2026-01-28
7957,750,0.0,2026-01-28
7958,750,0.0,2026-01-28
7959,750,0.0,2026-01-28
7960,750,0.0,2026-01-28
7961,750,0.0,2026-01-28
7962,750,0.0,2026-01-28
7963,750,0.0,2026-01-28
7964,750,0.0,2026-01-28
7965,750,0.0,2026-01-28
7966,750,0.0,2026-01-28
7967,750,0.0,2026-01-28
7968,750,0.0,2026-01-28
7969,750,0.0,2026-01-28
7970,750,0.0,2026-01-28
7971,750,0.0,2026-01-28
7972,750,0.0,2026-01-28
7973,750,0.0,2026-01-28
7974,750,0.0,2026-01-28
7975,750,0.0,2026-01-28
7976,750,0.0,2026-01-28
7977,750,0.0,2026-01-28
7978,750,0.0,2026-01-28
7979,750,0.0,2026-01-28
7980,750,0.0,2026-01-28
7981,750,0.0,2026-01-28
7982,750,0.0,2026-01-28
7983,750,0.0,2026-01-28
7984,750,0.0,2026-01-28
7985,750,0.0,2026-01-28
7986,750,0.0,2026-01-28
7987,750,0.0,2026-01-28
7988,750,0.0,2026-01-28
7989,750,0.0,2026-01-28
7990,750,0.0,2026-01-28
7991,750,0.0,2026-01-28
7992,750,0.0,2026-01-28
7993,750,0.0,2026-01-28
7994,750,0.0,2026-01-28
7995,750,0.0,2026-01-28
7996,750,0.0,2026-01-28
7997,750,0.0,2026-01-28
7998,750,0.0,2026-01-28
7999,750,0.0,2026-01-28
8000,750,0.0,2026-01-28
8001,750,0.0,2026-01-28
8002,750,0.0,2026-01-28
8003,750,0.0,2026-01-28
8004,750,0.0,2026-01-28
8005,750,0.0,2026-01-28
8006,750,0.0,2026-01-28
8007,750,0.0,2026-01-28
8008,750,0.0,2026-01-28
8009,750,0.0,2026-01-28
8010,750,0.0,2026-01-28
8011,750,0.0,2026-01-28
